x,u,a1_archive,a1_selected,a2_archive,a2_selected,a5_archive,a5_selected,P,R
0.01,100.0,0.0003314054112187,0.0003314054112187,0.0132703951157557,0.013270488239114244,-10.36161032077158,14.89926787042549,99.74387839195299,-0.019883457098496097
0.0100231573785787,99.76896123941752,0.0003329406750544,0.00033294222461797203,0.0134048295328671,0.013404250557132956,-7.902932889218994,-10.250974036871586,99.43045455200273,-0.01992962427996116
0.0100463683835757,99.53845626792358,0.0003344854172358,0.00033448637504832567,0.0134168499487064,0.013418319582976342,-5.110325129123165,-4.722716323074277,99.35328876615307,-0.01997575352138801
0.0100696331391757,99.3084838522588,0.0003360364622176,0.000336037866673513,0.0134321492111254,0.013430381493797395,-4.24126478941843,-4.09775655186024,99.03000442814155,-0.020022002482568392
0.010092951769851,99.0790427620128,0.0003375940914245,0.00033759502084638516,0.0134272680995867,0.013427606338719028,-5.53233410406031,-5.740552173720782,98.77965110087759,-0.020068384812629403
0.0101163244003622,98.85013176961748,0.0003391585410111,0.0003391600187630309,0.0135350304604497,0.013537348587960608,-6.03533440336578,-6.035452417499035,98.59712894859787,-0.020114858347312775
0.0101397511557587,98.62174965034195,0.0003407335950821,0.00034073462575859705,0.0136163078425875,0.013612001578336573,-4.864696400548968,-4.832193344577316,98.38846045132058,-0.020161429581026517
0.0101632321613795,98.39389518228478,0.0003423138709523,0.0003423149769942497,0.0135139688738001,0.013518321692078429,-4.451033614336735,-4.462063160085816,98.09840572672846,-0.020208107981768638
0.010186767542854,98.16656714636608,0.0003438995679588,0.00034390095465418904,0.0136015251211936,0.013598496342099002,-6.137521678472416,-6.128097067504812,97.86732411526543,-0.020254926149987373
0.0102103574261023,97.93976432632483,0.0003454957133952,0.00034549683013504674,0.0136993404175435,0.013701400442780638,-5.274423605425204,-5.299271434259937,97.70307637408075,-0.0203018179353685
0.0102340019373364,97.71348550870702,0.0003470984288192,0.0003470995470549865,0.013635375071646,0.013633147594586423,-4.44356781914767,-4.425227465464657,97.41382391308612,-0.02034882174550354
0.0102577012030602,97.48772948286582,0.0003487062523068,0.0003487075484906306,0.0136535659026383,0.013655789570277478,-5.690709187511122,-5.673509960668484,97.18331574202911,-0.020395965642240166
0.0102814553500709,97.26249504094808,0.0003503231103394,0.0003503243246403568,0.0137580772242415,0.01375753361180355,-5.502953279672809,-5.549583250308915,96.98578819932948,-0.02044318685061238
0.0103052645054592,97.03778097789254,0.0003519478901232,0.00035194905835267014,0.0137322779481825,0.013730193300030811,-4.984547972658328,-4.9424224320613295,96.75714907787247,-0.020490526921307557
0.0103291287966099,96.81358609142409,0.0003535781088323,0.0003535791820924046,0.0137190166331878,0.013722352649341274,-4.891103198287823,-4.912112603309243,96.5052828814888,-0.020537975605646918
0.010353048351203,96.5899091820432,0.0003552173024809,0.00035521891995441335,0.0139450247549145,0.013943214518285158,-5.799789289490051,-5.785392959762388,96.27988570295808,-0.02058555035595133
0.0103770232972143,96.36674905302073,0.0003568680349835,0.00035686879108444127,0.0139165888705108,0.013914923635772415,-5.232316865059038,-5.245546672972874,96.09395551156739,-0.0206332082881659
0.0104010537629158,96.14410451039366,0.000358521206929,0.00035852263456046576,0.0138002608142928,0.013804979239540003,-4.986181359389747,-4.994477802853569,95.83450842092802,-0.020680987249006477
0.0104251398768763,95.92197436295996,0.0003601827831411,0.00036018413181314963,0.0139653887523599,0.013960240446991326,-5.4442142169513215,-5.411227758014422,95.62609260283315,-0.020728882072648766
0.0104492817679629,95.70035742226436,0.0003618541176571,0.0003618550320625623,0.0139622202441876,0.013964623483310321,-4.650293299937691,-4.684635043084441,95.38351650760629,-0.020776872797826324
0.0104734795653405,95.47925250260316,0.0003635305012475,0.0003635320286886004,0.0139598380932787,0.013961693033318151,-5.60303817030674,-5.57765149327176,95.13900537944014,-0.0208250054379983
0.0104977333984737,95.2586584210067,0.0003652160487876,0.000365217083739,0.0140307898078186,0.014026037794799336,-5.60120730982835,-5.616857713882851,94.96346001463466,-0.020873230880524504
0.0105220433971264,95.03857399724303,0.0003669094439883,0.0003669107911701332,0.0140700846968713,0.014074931833071971,-4.887776806707397,-4.890143160139936,94.72565280252964,-0.020921556113812297
0.0105464096913633,94.81899805380436,0.000368611141913,0.00036861228597620337,0.0141112761329608,0.014107825414787407,-5.378853164753634,-5.358976151433482,94.4983142533464,-0.02097000782837989
0.0105708324115503,94.5999294159032,0.0003703205414997,0.00037032188884939703,0.0141511252127565,0.014153703316212036,-5.2414210107042845,-5.270866006981622,94.28550723781447,-0.02101856544923415
0.010595311688355,94.38136691146812,0.0003720381806557,0.0003720393129857001,0.0141623937358596,0.014159662910838523,-4.977252771962171,-4.947721918128382,94.053396466802,-0.02106723515781983
0.0106198476527477,94.16330937113467,0.0003737624531801,0.0003737637318471246,0.0141766949215527,0.014179806003826755,-5.037253683165471,-5.050313288762899,93.81543582073834,-0.021116028464401446
0.010644440436002,93.94575562823997,0.0003754954792907,0.00037549682033920337,0.0142686853105025,0.014265922522700253,-5.824370875220414,-5.830259026275911,93.60249305738846,-0.021164936551738227
0.0106690901696956,93.72870451881568,0.0003772372709268,0.00037723832543014996,0.014254147753648,0.014255387611906247,-5.268667781282447,-5.2609195195848875,93.4232223679822,-0.021213940436476383
0.0106937969857106,93.51215488158532,0.0003789858817302,0.00037898735453085824,0.0143126791782066,0.014313875042337314,-4.612066815593708,-4.617297764227807,93.16505040605705,-0.02126305714688143
0.0107185610162349,93.29610555795196,0.000380744009427,0.0003807451125557883,0.0143623292185039,0.014358476968580232,-5.761876019819818,-5.745285229754035,92.94285947883404,-0.021312312324825278
0.0107433823937621,93.080555391999,0.0003825089206411,0.0003825101880237907,0.0143224970331144,0.014328596697511057,-5.337336175525151,-5.369224044290133,92.76188266391443,-0.021361655815315753
0.010768261251093,92.86550323047724,0.0003842819204712,0.00038428334219754885,0.0144180453507934,0.01441048287781847,-4.706909820150267,-4.681589507041062,92.51666743563167,-0.021411117666496466
0.0107931977213356,92.6509479228048,0.0003860644250223,0.00038606534962420556,0.0144613359460135,0.014469302346379111,-5.19957264175932,-5.195918921014807,92.28178467994427,-0.02146070871512449
0.0108181919379064,92.4368883210558,0.0003878549695399,0.00038785683675984084,0.014559766786155,0.014552741061251073,-5.698312040380451,-5.719474042967653,92.07768128471145,-0.02151041621252736
0.0108432440345308,92.22332327995709,0.000389655044723,0.00038965544988451244,0.0144283280433389,0.014433012673815995,-5.334523285871096,-5.316183517083324,91.8901913971208,-0.021560220933661358
0.0108683541452438,92.01025165688212,0.0003914576188096,0.00039145984957316993,0.0144720195792067,0.014470437114660239,-4.845958078142413,-4.867367223118332,91.65596226862789,-0.021610137135593177
0.0108935224043907,91.79767231184506,0.0003932740061738,0.0003932743744248209,0.0146093838576042,0.014608310080028292,-5.507042543674631,-5.482309602374007,91.43496537445279,-0.02166018877908388
0.0109187489466282,91.5855841074914,0.0003950968874771,0.00039509907627688703,0.0146592609781378,0.014661828238423196,-4.895080733612337,-4.899723287598758,91.23273279462036,-0.021710343627592266
0.0109440339069245,91.37398590909709,0.0003969310922667,0.000396931417005086,0.0146396076489558,0.014636359958217762,-5.202099610267875,-5.223349686952655,90.98190939151881,-0.02176062162034997
0.0109693774205606,91.16287658455772,0.00039876861789,0.00039877081030075174,0.0146446432554508,0.014648368792240317,-6.0147213211011445,-5.984649996858712,90.8122706799301,-0.021811022458015798
0.0109947796231308,90.95225500438424,0.0004006196108996,0.0004006201634922612,0.0147687526608689,0.014764632899766667,-4.370784702202098,-4.407735231432934,90.60162478695828,-0.02186150998034677
0.011020240650543,90.74212004170045,0.0004024767107526,0.00040247855159348845,0.0147749228802184,0.014779251479914523,-5.157637774722508,-5.112853234759996,90.32853238534491,-0.02191214734928927
0.0110457606390204,90.53247057222902,0.0004043439980203,0.00040434488716189,0.014809144823982,0.01480473237788857,-5.91353967491568,-5.929581664620146,90.16494542343833,-0.021962900895742807
0.0110713397251012,90.32330547429385,0.0004062184256129,0.00040621999727577263,0.0148280629954809,0.014832558573118241,-5.21532220994605,-5.264070089833952,89.96032915504748,-0.022013747736065417
0.01109697804564,90.11462362880852,0.000408103008786,0.00040810419067619885,0.0148953990716744,0.014890817397448883,-5.10403589135503,-5.022061016453966,89.75316164578804,-0.022064725954365257
0.0111226757378083,89.90642391927248,0.000409995253599,0.000409996514249741,0.0148708692775894,0.014875440233658145,-4.375029324631396,-4.429811011159777,89.50641559975858,-0.022115809877509378
0.0111484329390952,89.698705231765,0.0004118952467789,0.000411896686476482,0.0149343944338883,0.014930031756557873,-6.223859808920254,-6.207716261436709,89.2799048662634,-0.022167046620187588
0.0111742497873083,89.4914664549381,0.0004138054636151,0.00041380660401430853,0.0149739145232751,0.014977822974714007,-5.412075817255883,-5.408415817652118,89.15500214002473,-0.02221837338983535
0.0112001264205741,89.28470648001326,0.000415724953613,0.00041572650980607555,0.0150762203909351,0.015072963989969448,-4.026937755186154,-4.053093951567929,88.87083794475751,-0.02226980327340898
0.0112260629773392,89.07842420077176,0.0004176538162216,0.0004176547876996677,0.0150377884865929,0.015040379315450337,-6.261411504223425,-6.203648015507579,88.66194190103162,-0.022321407114890203
0.0112520595963707,88.87261851355154,0.000419588661799,0.00041959036031076187,0.0150255213867926,0.015023418458593502,-5.13951160430552,-5.208204260852542,88.51077982839053,-0.022373082161752968
0.0112781164167571,88.66728831724005,0.0004215344816918,0.0004215353805261515,0.0151458400107468,0.015147533910347056,-4.735087835347881,-4.6967966367630405,88.25121060436229,-0.022424889740935802
0.0113042335779089,88.4624325132694,0.0004234897910056,0.0004234917196876066,0.0152375294074443,0.015236620840546724,-5.600424937169088,-5.58680305838698,88.0590891080052,-0.022476826385769384
0.0113304112195596,88.25805000560861,0.000425455056078,0.0004254555315432316,0.0151155013941209,0.015114888814654052,-5.27817622014166,-5.320172250940569,87.8570241396608,-0.022528874953570092
0.011356649481766,88.05413970076114,0.0004274240753367,0.0004274262971011319,0.0152040363860383,0.015206614729521348,-5.402064807186944,-5.372132735405133,87.66241107828077,-0.02258104602892718
0.0113829485049095,87.85070050775482,0.0004294093669994,0.00042941011120904384,0.0153728038513347,0.015368697022333006,-4.822956465027778,-4.8360658048794996,87.45062575208328,-0.022633320474301537
0.0114093084296966,87.64773133813794,0.0004313996815875,0.00043140117024081833,0.015185597047853,0.01519001995651409,-5.038708708806609,-5.023948409409547,87.21678905840832,-0.02268574476897289
0.0114357293971594,87.44523110597537,0.0004333966224341,0.0004333980508480496,0.0152624301713433,0.015259011834193103,-5.519866558885257,-5.529734365781664,87.02261777692186,-0.022738285386456378
0.0114622115486568,87.24319872783931,0.0004354059347397,0.0004354071506030797,0.0154081617485198,0.015409704533182465,-5.394866111246568,-5.403849553559393,86.83141961846034,-0.022790944799712005
0.011488755025875,87.04163312280554,0.0004374262781572,0.0004374278076186111,0.0154878482632645,0.015488464174651441,-5.113296591066937,-5.097326336773021,86.63103096437757,-0.022843714922316308
0.0115153599708283,86.8405332124472,0.0004394558918961,0.0004394570185729574,0.0154217800789173,0.015419314569221715,-5.089388190274631,-5.096598347983007,86.41380953285025,-0.02289661554864329
0.0115420265258598,86.63989792082954,0.000441491140743,0.0004414924950772808,0.0154140509064781,0.015417349756661095,-5.506766529296318,-5.506353296736919,86.21663916350629,-0.022949640074292326
0.0115687548336424,86.43972617450238,0.0004435390692486,0.00044354090038800496,0.0156638484355068,0.015661368828522277,-5.181864864235879,-5.1819846569157,86.02703325719736,-0.023002779914897718
0.0115955450371791,86.24001690249779,0.000445598844544,0.00044559932480371515,0.0155047669308696,0.01550482016083114,-4.991330401240131,-4.991339557507177,85.80805068503709,-0.023056046889707613
0.0116223972798044,86.04076903631965,0.0004476605697868,0.0004476627667818592,0.0155551204426858,0.015558002805519819,-5.449503395538335,-5.450323840784324,85.6078587225445,-0.02310944052055608
0.0116493117051845,85.8419815099421,0.0004497401363001,0.0004497412223446053,0.0158116814678867,0.01580697819280901,-5.121588746542356,-5.1192668937985655,85.4160688951637,-0.023162951798923095
0.0116762884573184,85.64365325980154,0.0004518261741403,0.00045182709648414795,0.015522994219467,0.015527397275535136,-4.943332761896754,-4.940032174637921,85.19509965543837,-0.023216594525962808
0.0117033276805385,85.44578322479197,0.0004539162490403,0.00045391843638658896,0.0157003250526971,0.015697980405499593,-5.718819965839707,-5.7291034281900295,85.00075022483912,-0.023270365873241987
0.0117304295195114,85.24837034625926,0.0004560250716356,0.00045602580737587556,0.0158674410759671,0.0158673715993645,-5.38758332964783,-5.378966280218185,84.83201398439283,-0.02332425226304082
0.0117575941192389,85.05141356799385,0.0004581389104428,0.0004581404811220361,0.015677067908958,0.01567856092554938,-4.593268266423695,-4.600854990456158,84.61052876984486,-0.023378248195227314
0.0117848216250583,84.85491183622841,0.0004602608025589,0.00046026227533738887,0.0158155900433416,0.01581406497596691,-5.571577088089531,-5.561126094068771,84.39420593475818,-0.023432396862452024
0.0118121121826438,84.65886409962785,0.0004623959878747,0.0004623972897182671,0.0158938934870462,0.01589462592929962,-5.367864141429409,-5.371564372715225,84.23063172606,-0.023486660194404367
0.0118394659380066,84.46326930928855,0.0004645398144807,0.00046454109402631187,0.0158685286959791,0.015868537489456255,-4.721701792914692,-4.733226487489706,84.0056785702561,-0.02354103700791004
0.0118668830374963,84.26812641872824,0.0004666934566389,0.0004666951342410439,0.0160049091583606,0.016004731695558466,-5.706744789766335,-5.68743903781023,83.80807397118654,-0.02359556982429073
0.0118943636278012,84.07343438388395,0.0004688600722041,0.0004688611629287771,0.0160274309371994,0.01602722872140871,-5.151142945821507,-5.1673700238086555,83.63649731421324,-0.023650199553426073
0.0119219078559494,83.87919216310408,0.0004710335338996,0.0004710351015505607,0.0159763053240245,0.015977119624914847,-4.823475674647291,-4.8118117587359635,83.40998652628947,-0.023704966201002858
0.0119495158693095,83.68539871714357,0.0004732166838372,0.00047321802056516363,0.0160406769222581,0.016039288561456075,-5.730413900880311,-5.7372126504431185,83.22075197073674,-0.02375987408175521
0.0119771878155914,83.49205300915813,0.000475410811203,0.0004754122276475242,0.0161047739499868,0.016106591957129626,-5.313762902125532,-5.3178262748728615,83.05170514098913,-0.023814887135256313
0.0120049238428468,83.29915400470078,0.0004776160495609,0.0004776175456118099,0.0161683591260234,0.016166295767868502,-4.578228237535982,-4.564978438333034,82.83382596909367,-0.023870025849579642
0.0120327240994706,83.10670067171213,0.0004798307703613,0.0004798318927866678,0.0161439993795214,0.016146037843363083,-5.533010945897797,-5.543255811841984,82.61865043482614,-0.023925316330962138
0.0120605887342011,82.91469198051885,0.0004820544198547,0.00048205633629645723,0.0162174837242194,0.01621587151385784,-5.745401339489851,-5.740294914070466,82.46654027049394,-0.023980724845685943
0.0120885178961212,82.72312690382553,0.0004842907589899,0.00048429149249366795,0.0162264830115043,0.01622718350360678,-4.537020379377241,-4.545783794190135,82.2632150308363,-0.02403624118518399
0.0121165117346588,82.53200441671176,0.0004865348708258,0.00048653706406697345,0.0163418093949899,0.01634243105100858,-5.44457399461544,-5.432983417169297,82.04074019160572,-0.0240919122317196
0.0121445703995882,82.34132349662266,0.0004887939110444,0.0004887946621271256,0.016353245836934,0.016351177305350795,-5.641594232498512,-5.646944752486544,81.88797301679988,-0.024147701923430315
0.0121726940410301,82.1510831233688,0.0004910579027913,0.0004910596652283016,0.0162673954732451,0.016270626764733728,-4.508324609552803,-4.513500160536411,81.67769026996403,-0.024203608480882353
0.0122008828094533,81.96128227911471,0.0004933341099408,0.0004933356000133568,0.0164575053006757,0.016453729469621724,-5.455029988688738,-5.439851441995619,81.46165753629462,-0.024259670075709616
0.0122291368556746,81.77191994837943,0.0004956227378588,0.0004956237790552026,0.0164378817244041,0.016441471983673767,-5.733235055267771,-5.750170077660071,81.30729008622093,-0.02431584977945527
0.0122574563308605,81.58299511802525,0.0004979203676777,0.0004979224763457789,0.0165324221431719,0.016529648888894227,-4.681679149936896,-4.678911132016973,81.11201694328872,-0.024372147435882986
0.0122858413865271,81.39450677725824,0.0005002310176128,0.0005002315345660943,0.0164967107652361,0.016498246934045554,-5.094112608299085,-5.080266824742436,80.89111053627123,-0.024428591549424894
0.0123142921745417,81.20645391761764,0.0005025473921703,0.0005025498671019083,0.0165613576996749,0.016561215081495374,-5.69120631526646,-5.701693261567616,80.71958447467034,-0.024485170389644057
0.0123428088471232,81.01883553297311,0.0005048802228585,0.0005048807199117064,0.0166240160859301,0.016622909358278936,-5.079242610660165,-5.086925810945809,80.54159523221625,-0.02454186435713997
0.012371391556843,80.83165061951895,0.0005072188933385,0.0005072210284275605,0.016604610765293,0.016606528107065577,-5.046675932638387,-5.030623826222215,80.33515717467242,-0.02459869841677687
0.0124000404566258,80.64489817576869,0.0005095722176788,0.0005095733359679475,0.0167624853303268,0.01676038938350407,-5.428280755514162,-5.435047201839325,80.15082607109379,-0.02465566217268866
0.0124287556997504,80.45857720254993,0.0005119357213397,0.0005119372021479079,0.0167089878323797,0.01671062242360552,-5.261703413977045,-5.268800223528325,79.97036606597425,-0.024712757004620774
0.0124575374398506,80.2726867029984,0.0005143089410556,0.0005143105360433916,0.0167854311982999,0.016784738105686745,-5.044029216571148,-5.033382982802055,79.77784610284021,-0.02476998179677622
0.012486385830916,80.08722568255286,0.0005166948572322,0.0005166961940586814,0.0168315299611448,0.016830968960714485,-5.18720898135969,-5.190840183324955,79.58100142356854,-0.024827344538108725
0.0125153010272927,79.9021931489505,0.0005190896529555,0.000519091092518207,0.0167810003175369,0.016783037204377977,-5.435212476632475,-5.435503480577676,79.40108432822193,-0.02488484312241254
0.0125442831836843,79.71758811222057,0.0005214949955128,0.0005214966343468423,0.0168827866930863,0.016879386521635207,-5.186650516707934,-5.188737106906364,79.22203833745301,-0.024942465183216626
0.0125733324551526,79.53340958467986,0.000523914085268,0.0005239153259084164,0.0169648073347396,0.01696872758035394,-5.132637343607829,-5.135061074377376,79.0278559546196,-0.025000222254252896
0.0126024489971187,79.34965658092567,0.0005263439533438,0.0005263456791792404,0.0170145661871164,0.01701129500038289,-5.272727032922577,-5.2580547947779115,78.84325915962881,-0.02505811821780432
0.0126316329653633,79.16632811783404,0.0005287861504114,0.0005287874164236933,0.0170450566943639,0.01704716918883279,-5.102271182031198,-5.119744829804272,78.65575611158371,-0.025116142884874616
0.0126608845160279,78.983423214552,0.0005312372783264,0.0005312389023888552,0.0169877135161172,0.01698647379489012,-5.461365765262183,-5.456390662856825,78.46970728807077,-0.025174309925390635
0.0126902038056159,78.80094089249077,0.0005336980105811,0.0005336992733090784,0.017004545437117,0.017005254648927944,-5.111103316757424,-5.102241011711844,78.29997747176529,-0.025232604827521852
0.0127195909909927,78.61888017532512,0.0005361717784807,0.000536173725085692,0.0172088272328635,0.017208674000781375,-4.882705644538408,-4.897894912857603,78.09134033266109,-0.025291029366276252
0.0127490462293872,78.437240088984,0.0005386603617025,0.0005386612625599365,0.0171699454838893,0.01716931702809175,-5.735325335269556,-5.716058843999532,77.91487787251484,-0.02534961507857131
0.0127785696783924,78.25601966164686,0.0005411550122717,0.0005411569408029068,0.0171409204689783,0.017142549928433812,-5.099388941130817,-5.1192014479769545,77.75319553753451,-0.025408307473983816
0.0128081614959662,78.07521792373869,0.0005436655127684,0.0005436669137248108,0.0173849344378005,0.017382117244818193,-5.053156525672678,-5.042123238222448,77.54688668366786,-0.02546714108507195
0.0128378218404322,77.89483390792513,0.0005461894307019,0.0005461908299284158,0.0173336064223891,0.017337557575102525,-5.527800706976395,-5.528763316821077,77.3783195519467,-0.02552612032121296
0.0128675508704807,77.71486664910636,0.0005487206305013,0.0005487221946965369,0.0172607020709686,0.017256281109016565,-4.95551377719204,-4.960605114805206,77.19661665461935,-0.02558522533324271
0.0128973487451696,77.53531518441156,0.000551263469588,0.0005512649736695797,0.0174011588793266,0.0174050367995597,-5.024734991664138,-5.011016026755221,76.99809513317805,-0.025644476768565926
0.012927215623925,77.35617855319543,0.0005538212178956,0.0005538229041916572,0.0175004114856837,0.01749765230908718,-5.621935553052188,-5.642451412582955,76.82200160358067,-0.025703868128989015
0.0129571516665423,77.17745579703139,0.0005563895309763,0.0005563905482562487,0.0173852027828878,0.017386869944377395,-5.297986205226885,-5.281299076613585,76.66327621986744,-0.025763390820903016
0.0129871570331867,76.99914595970868,0.0005589667941997,0.0005589690758229823,0.0175343438205191,0.017533591764627352,-4.623107986938197,-4.633084323217101,76.46303965890428,-0.025823037121289753
0.0130172318843946,76.821248087224,0.0005615613938001,0.0005615621070196898,0.0175865017496053,0.0175864900357675,-5.64952900498194,-5.642670395434285,76.26960352207911,-0.025882855942270046
0.0130473763810741,76.6437612277785,0.000564163093871,0.0005641652722700616,0.0175515830993949,0.017552082005539267,-5.40328691140375,-5.40164609036982,76.12686914092343,-0.02594278983291055
0.0130775906845057,76.46668443177364,0.0005667805215556,0.0005667816776085518,0.0177051518348863,0.017704606591596905,-4.672463289518611,-4.6890289701832994,75.92221796334759,-0.026002855160920182
0.0131078749563436,76.29001675180359,0.0005694088407088,0.0005694104698526236,0.0176597208937873,0.01765986531235019,-5.792489960632681,-5.768676132557603,75.74394024319821,-0.026063087066447565
0.0131382293586163,76.11375724265166,0.0005720487359836,0.0005720503018806798,0.0177574854814992,0.01775797607487442,-5.117161292241851,-5.132654471520212,75.5940631299522,-0.026123428712701575
0.0131686540537275,75.93790496128504,0.000574703768234,0.0005747054805652372,0.0178473428978033,0.017846336917696513,-4.741838553197004,-4.746518516419751,75.38250623464344,-0.026183916102924233
0.013199149204457,75.76245896684968,0.0005773679404645,0.0005773687940388433,0.0176793288054042,0.01768041788204276,-5.7296168556773495,-5.705166207379125,75.21233085647404,-0.02624456496442973
0.0132297149739615,75.58741832066549,0.0005800416422776,0.0005800444093395188,0.017924014458726,0.017923360825156793,-4.963482885531216,-4.99086049660371,75.05128343224033,-0.026305333882503258
0.0132603515257756,75.41278208622073,0.0005827366661777,0.0005827368289297386,0.0179413810660097,0.017941271313404443,-5.118281803938224,-5.109070865770794,74.84854246371759,-0.02636625113485093
0.0132910590238125,75.23854932916798,0.0005854342651988,0.0005854369639618995,0.0178325302039483,0.017833398414530494,-5.617920862452674,-5.598986988723217,74.69383423694671,-0.02642731646305323
0.0133218376323652,75.06471911731722,0.0005881496326349,0.0005881504688645474,0.0180175143764138,0.018016160857497916,-4.90349118553668,-4.941216472965671,74.51747898421914,-0.02648850409877572
0.013352687516107,74.89129052063309,0.0005908760463031,0.0005908779267502828,0.0180047486119499,0.01800622436079349,-5.464194169354388,-5.433482079723031,74.33302606222897,-0.026549850183053426
0.0133836088400924,74.71826261122976,0.0005936163356828,0.0005936179503987614,0.0181135099364863,0.018112214885866132,-5.04429640981894,-5.051129726651905,74.17532844392,-0.026611324165295786
0.0134146017697584,74.5456344633636,0.0005963697707843,0.0005963709909470093,0.0180959493891134,0.018096883734121327,-4.9269880924202205,-4.938476646056515,73.97071763745292,-0.026672947014800594
0.0134456664709249,74.37340515343098,0.0005991334160688,0.0005991355001058975,0.0181682042821065,0.01816768569004456,-5.817534149013588,-5.794473660797223,73.81444177819004,-0.026734732191169005
0.013476803109796,74.20157375996102,0.0006019134545225,0.000601914542985371,0.0182230251140647,0.01822317561454738,-4.976209139826037,-5.007868530152169,73.65486564669551,-0.026796624207494228
0.0135080118529605,74.03013936361285,0.0006047033198154,0.0006047052520095849,0.0182151975790622,0.018215299045879523,-5.073183812544769,-5.049346218151557,73.45934406868727,-0.026858679575434048
0.013539292867393,73.85910104716943,0.0006075069518123,0.0006075083245964935,0.0182808428022508,0.01828063618070237,-5.328386901878548,-5.328195114790743,73.29626797090276,-0.026920881508509277
0.0135706463204549,73.68845789553221,0.0006103232374041,0.0006103249257123438,0.0183300598575504,0.018330223094112415,-5.086736262987172,-5.103185651979447,73.11706218243468,-0.026983220868420355
0.013602072379895,73.51820899571771,0.0006131536878241,0.0006131552942897971,0.0184145675077468,0.018414574345860975,-5.440645357859434,-5.42608440342264,72.94912259231907,-0.027045712166082543
0.0136335712138507,73.34835343685108,0.0006159973541856,0.0006159988847568361,0.0183970662851964,0.01839681957022053,-5.135507647045403,-5.139532508005153,72.78468600840804,-0.027108336780886425
0.0136651429908487,73.17889031016229,0.0006188517442425,0.0006188532698931819,0.0184107782175996,0.01841123679569082,-5.094351002882631,-5.101746254872742,72.60270942057676,-0.027171112911856792
0.0136967878798059,73.00981870898121,0.0006217207282654,0.0006217226987164387,0.0185548816296184,0.01855434417430338,-5.432376694999384,-5.4205168255099165,72.4371212089436,-0.02723403791842837
0.0137285060500304,72.84113772873238,0.0006246046418363,0.0006246055819747631,0.018507492972147,0.018507927241644694,-4.927757423004375,-4.931290392094106,72.26883042465681,-0.02729709813490335
0.0137602976712225,72.67284646692947,0.0006274982953524,0.0006275006918508234,0.0186346197079831,0.01863442860379131,-5.270201542305399,-5.279234152241174,72.08199304015163,-0.027360313259857213
0.0137921629134754,72.5049440231718,0.0006304121098048,0.0006304130566994497,0.0187609474095794,0.018760857142289682,-5.684313862451011,-5.6671661719787005,71.93596293426376,-0.027423685192677287
0.0138241019472761,72.33742949913936,0.0006333366046969,0.0006333387221235485,0.0187186635503496,0.018718981150137374,-4.718963777658464,-4.739546514464232,71.7663104536513,-0.027487170299612066
0.0138561149435066,72.1703019985866,0.0006362742314054,0.0006362754295595184,0.0187270443900226,0.01872659315640403,-5.318366665955842,-5.305628276198963,71.57426936083147,-0.027550831299379627
0.0138882020734443,72.0035606273403,0.0006392224547274,0.0006392244138812515,0.0187284885087303,0.018728984723632942,-5.448376430639905,-5.440202803793606,71.43138832958978,-0.027614635772488644
0.0139203635087636,71.83720449329124,0.0006421862570943,0.0006421876910207963,0.0188401275878887,0.018839655413404627,-4.73119469989409,-4.755338644141805,71.24708515115339,-0.02767857245570657
0.0139525994215363,71.6712327063921,0.0006451638318628,0.0006451655318028018,0.0188739547869696,0.01887434616820322,-5.7138182371111,-5.690933756759569,71.07621471272424,-0.027742680843897468
0.0139849099842325,71.5056443786528,0.0006481550773517,0.0006481567913310768,0.0188913811300232,0.018891129344124197,-5.194839883105416,-5.206076835626252,70.93666873989551,-0.027806916425463644
0.0140172953697219,71.3404386241338,0.0006511589184161,0.0006511602714598951,0.0188799983174148,0.018880047206982956,-4.677343768522112,-4.683881054228513,70.74053575984915,-0.02787130327266752
0.0140497557512746,71.17561455894203,0.0006541757178049,0.0006541777670897921,0.0190335907175344,0.019033786551595457,-5.677933974922553,-5.650850824443304,70.5756114277494,-0.02793586105774138
0.0140822913025618,71.01117130122735,0.000657212288937,0.0006572137128310572,0.0191506109586985,0.019150191785666237,-5.150961841465685,-5.18322226130884,70.42811893381774,-0.028000545762484917
0.0141149021976567,70.84710797117786,0.000660260497864,0.0006602619869246483,0.0190742974357917,0.019074839178099497,-5.143595665354555,-5.13040447155037,70.24644685505564,-0.02806538648027157
0.014147588611036,70.68342369101245,0.0006633210971411,0.0006633232977566278,0.0191780103206953,0.019177491309751032,-5.345338555004385,-5.335598759881536,70.09339263936411,-0.028130380422683975
0.0141803507175803,70.5201175849787,0.0006663981766406,0.0006663990066708858,0.0191492384022853,0.01914961174342705,-4.909877386675839,-4.928734480755642,69.91839705145748,-0.02819551258253693
0.0142131886925749,70.35718877934895,0.0006694848468883,0.0006694874302716978,0.0192438017922603,0.01924362009511377,-5.4219026613669055,-5.40265837481248,69.75020441130393,-0.028260819290975365
0.0142461027117114,70.19463640241219,0.0006725925819983,0.000672593483393605,0.0193676149588929,0.01936764069045207,-5.292202212486504,-5.307496119608492,69.5993424729583,-0.028326261260211285
0.0142790929510881,70.03245958447225,0.0006757110390154,0.0006757132543070959,0.0193085977832406,0.01930866471899038,-5.105550803171766,-5.099361950192661,69.42906455872193,-0.028391854898948667
0.0143121595872111,69.87065745784227,0.0006788438721412,0.0006788450478844645,0.0193661808785735,0.019366033157578188,-5.262926619554121,-5.263057511027741,69.26728368616111,-0.028457600948869503
0.0143453027969951,69.70922915684075,0.0006819914627934,0.0006819938142932373,0.0194890366870308,0.01948934844104563,-5.175926958287761,-5.174487209286214,69.10359158586394,-0.028523499034025346
0.0143785227577648,69.54817381778474,0.0006851553094238,0.0006851561502192336,0.0193948023324461,0.019394167660400047,-5.130606627664328,-5.131625846048609,68.93859205016062,-0.02858955328195564
0.0144118196472553,69.38749057898791,0.0006883264986891,0.0006883288356928307,0.0194286155047258,0.019429779592139713,-5.381987409228918,-5.386229915220564,68.77607080512755,-0.028655762568239415
0.0144451936436133,69.22717858075465,0.0006915201352516,0.0006915217807300141,0.019701549872983,0.019699644947301538,-5.212523279775935,-5.205254104130893,68.6246303209548,-0.02872211618383213
0.0144786449253982,69.06723696537489,0.0006947286019122,0.000694729700774292,0.0195370665746128,0.01953967921126028,-4.901825938285219,-4.912456489653949,68.44997823937693,-0.028788623759683465
0.0145121736715827,68.90766487712105,0.0006979454540568,0.0006979479830093574,0.0196597928054934,0.019657039684282854,-5.443557913791392,-5.423665549757147,68.28625158255912,-0.028855302113767158
0.014545780061554,68.74846146224247,0.000701186219123,0.0007011873651963407,0.0198468184299856,0.019848922388330498,-5.265012435464677,-5.285385152573563,68.13854499983086,-0.028922119771866775
0.0145794642751149,68.58962586896006,0.0007044383265627,0.0007044401023989661,0.0197050722913427,0.019703914450527105,-5.278853989655788,-5.278513600739329,67.97334561195851,-0.028989096671900687
0.0146132264924843,68.431157247464,0.0007077028777545,0.0007077048359877883,0.019808805444724,0.019809326778083627,-5.165824500314824,-5.145824561053315,67.82275979179303,-0.029056219467295273
0.0146470668942986,68.27305474990709,0.0007109860695786,0.0007109875050114921,0.0198867829296334,0.01988648688080982,-4.829174035930922,-4.851037567991526,67.64540458745428,-0.029123498691198898
0.0146809856616126,68.11531753040056,0.0007142818261846,0.0007142836267221718,0.0198782877906823,0.019878541670424407,-5.6692663822835305,-5.653864981177407,67.48661523017805,-0.029190960860092287
0.0147149829759001,67.95794474501123,0.000717594024385,0.0007175959940177336,0.0199862676104104,0.01998606822643285,-5.147250115501105,-5.159035949337873,67.34920501376055,-0.029258547219875437
0.0147490590190554,67.80093555175459,0.0007209219925823,0.0007209231018604715,0.0199457496960192,0.019945810382633915,-4.805656143817969,-4.8012045207981835,67.16625242219085,-0.02932629808149977
0.0147832139733939,67.64428911059197,0.0007242623175949,0.0007242648363049853,0.0201093186535637,0.020109454438952,-5.604377346982534,-5.592687077594695,67.01236663951364,-0.029394226710641718
0.0148174480216531,67.48800458342593,0.0007276262343162,0.0007276274589531883,0.0202186720184644,0.02021836807309121,-5.272566115743118,-5.295272210873611,66.86932939633678,-0.029462286170082865
0.014851761346994,67.33208113409393,0.0007309992405752,0.0007310008720923148,0.0200105143216213,0.020010872686481322,-5.062250994125599,-5.046971260044665,66.70511057168711,-0.02953050996751752
0.0148861541330013,67.17651792836725,0.0007343846453909,0.0007343869788604783,0.0201853180613514,0.02018504713229942,-5.202574048723745,-5.203934411206035,66.54673065809172,-0.029598891368405884
0.0149206265636853,67.02131413394254,0.0007377920433529,0.0007377930589960146,0.0202608474563519,0.020260931219736347,-5.192046256088128,-5.195332952907188,66.38858128108012,-0.02966743657703015
0.014955178823482,66.86646892044122,0.0007412111280122,0.0007412135113565753,0.0202744212802614,0.020274546034252668,-5.177349650926084,-5.176216623868785,66.23221996951452,-0.029736138765667205
0.0149898110972549,66.71198145940151,0.0007446492255246,0.0007446505865856742,0.0203572978088423,0.02035701327630534,-5.239485408237995,-5.238134148873505,66.07468301086504,-0.029805000324498742
0.0150245235702952,66.5578509242774,0.0007481000984261,0.0007481018673099561,0.0203097258892459,0.020310084880195464,-5.25756237620872,-5.256994940713154,65.92295501595474,-0.02987402235277495
0.0150593164283235,66.40407649043114,0.0007515677762775,0.0007515699124191168,0.0204976178943178,0.02049726929751803,-5.239382023556101,-5.2485111356833345,65.76823698718752,-0.02994320157397932
0.0150941898574902,66.25065733513146,0.0007550559763026,0.000755057165094475,0.0205357119194485,0.020535990790514234,-5.185285705888931,-5.172082978212561,65.61525366845125,-0.030012537607377793
0.0151291440443772,66.09759263754604,0.0007585565201082,0.0007585589381968671,0.020545336823498,0.02054515803954236,-4.980682733057979,-4.9841911835838095,65.45395682882844,-0.030082035567767784
0.015164179175998,65.9448815787411,0.0007620746167172,0.0007620756299321831,0.0205722122364352,0.020572276984009843,-5.467081590641848,-5.4730571781390545,65.29637892489963,-0.03015170913244589
0.0151992954397995,65.79252334167349,0.0007656067566394,0.0007656094438800871,0.0206751340408324,0.02067518857270354,-5.404028487590778,-5.4036245544277,65.16183464084608,-0.03022152535925647
0.0152344930236624,65.64051711118891,0.0007691598088608,0.0007691606932675709,0.0206805661577487,0.020680405468870944,-4.675686562446643,-4.66845208180638,64.99693519698572,-0.03029149920789907
0.0152697721159029,65.48886207401466,0.0007727219730229,0.0007727243179199768,0.0206507889720318,0.020651012188938066,-5.276808218773326,-5.277083887529502,64.82689633631935,-0.03036165862510763
0.0153051329052728,65.33755741875905,0.0007763054843881,0.0007763072161705035,0.0208922387834201,0.02089201620923587,-5.776387696912463,-5.784125039638167,64.69643149122095,-0.030431976083999
0.0153405755809613,65.18660233590376,0.0007799086416318,0.0007799102375092001,0.0208620187355036,0.020862192857720972,-4.862703708393109,-4.861150422702924,64.55224439844068,-0.030502432456342553
0.0153761003325958,65.03599601780041,0.0007835231990934,0.0007835250735384861,0.0208292629945779,0.020829142287750943,-4.923092110587055,-4.921257650410162,64.3754422962023,-0.030573062914833384
0.0154117073502425,64.88573765866799,0.0007871554388683,0.0007871573880914636,0.0209880882920137,0.020988183853190432,-5.583166880292472,-5.573823149445623,64.23213931898037,-0.030643876653335338
0.0154473968244079,64.73582645458647,0.0007908076982513,0.0007908093639716923,0.0210218785276811,0.021021786510002107,-4.943168165299536,-4.958994204654382,64.08681207964143,-0.030714829080004964
0.0154831689460398,64.58626160349264,0.0007944733778193,0.0007944750194560278,0.0209915304385798,0.020991601332020195,-5.278372551840239,-5.270127650667668,63.92117695303808,-0.030785965554624824
0.015519023906528,64.43704230517713,0.000798156767109,0.0007981591711355888,0.0211756571846556,0.021175658425406738,-5.582291646970762,-5.579485681308753,63.79145038447042,-0.030857261619500823
0.0155549618977057,64.28816776127856,0.0008018613016163,0.0008018623589610682,0.0211210353927292,0.02112091700713199,-4.808475261134394,-4.821643262832906,63.63783553927971,-0.030928700259770556
0.01559098311185,64.13963717528148,0.0008055741532099,0.0008055764197746477,0.0210714746443031,0.021071710081164124,-5.187192935105389,-5.170553550479636,63.473399178591436,-0.031000328233918188
0.0156270877416836,63.99144975250929,0.000809308912973,0.0008093109169461883,0.0213248211205512,0.021324521346735698,-5.369977126224378,-5.375112030682198,63.334079571820446,-0.031072121655771306
0.0156632759803753,63.84360470012223,0.0008130639048985,0.0008130650015189042,0.021280768940196,0.021281053738420753,-5.06641898926858,-5.0752046042687615,63.182215255440056,-0.031144071901992084
0.0156995480215415,63.69610122711116,0.0008168319063553,0.0008168348373072938,0.021392232962879,0.021392032807944814,-5.37468142401362,-5.365272637124343,63.03311037383812,-0.03121619650347304
0.0157359040592465,63.5489385442964,0.0008206229856707,0.0008206235865205372,0.021395287739623,0.021395366436797195,-5.155365308174311,-5.157564078491146,62.891972496554466,-0.031288479730225534
0.0157723442880044,63.40211586431996,0.0008244241907536,0.0008244271793595496,0.0214169061834697,0.021416949839332976,-4.98949779546572,-4.992854314483262,62.733038326787224,-0.0313609312457993
0.0158088689027795,63.25563240164392,0.0008282490608412,0.0008282500107481724,0.0215498545022904,0.021549712052014416,-5.422826261934784,-5.416125972736954,62.5861739352098,-0.03143356507027846
0.0158454780989879,63.10948737254404,0.0008320884962711,0.0008320909929226363,0.0215443027522024,0.021544512165437343,-5.159844357907579,-5.16689586026317,62.44676214909727,-0.031506351396630564
0.0158821720724978,62.963679995108464,0.0008359475575043,0.000835949001425712,0.0216155601008209,0.02161531198322649,-5.084454930815637,-5.080078605591565,62.290730688171884,-0.031579311336594966
0.0159189510196314,62.8182094892302,0.0008398220189079,0.0008398240082042696,0.021615562610448,0.021615828187856317,-5.411652375694295,-5.412621738395064,62.14841841201546,-0.031652446337716106
0.0159558151371652,62.67307507660593,0.0008437156595217,0.0008437177394754994,0.0217415813137632,0.021741315038573964,-5.167322089766307,-5.171335503737988,62.00773265606413,-0.03172573914226777
0.0159927646223316,62.52827598072966,0.0008476287660732,0.0008476300904328686,0.0217498961298893,0.021750146837540923,-5.000136023429027,-4.990699495465895,61.85401576971397,-0.03179920322092364
0.0160297996728197,62.38381142688955,0.0008515576387483,0.0008515603584779625,0.0218518848367553,0.021851668587482807,-5.34484099887925,-5.35386171969912,61.705612639252344,-0.03187284630852937
0.0160669204867762,62.23968064216445,0.0008555083538372,0.0008555090918612006,0.0218588469995315,0.021859006517594506,-5.371129948790985,-5.369510567255983,61.57086695382895,-0.03194665766671275
0.0161041272628069,62.09588285541796,0.000859473500639,0.0008594768176231369,0.021996298342144,0.02199621743022149,-4.865954780380674,-4.861419639319301,61.422141787822994,-0.03202062638169251
0.0161414201999774,61.952417297295824,0.0008634636346297,0.000863463933425919,0.0219891172016612,0.021989104997819076,-5.225082786595019,-5.229642186627798,61.264177663455136,-0.03209478321822877
0.0161787994978143,61.80928320022116,0.0008674623275197,0.0008674656740263381,0.0219696803065367,0.021969790908658946,-5.572937405094567,-5.568578813558686,61.135067878914064,-0.032169115301967824
0.0162162653563064,61.66647979838998,0.0008714871078052,0.0008714878611039047,0.0221371313592902,0.022136913203296055,-4.882032816878063,-4.888002104164867,60.99304202871218,-0.03224359596368981
0.0162538179759054,61.52400632776843,0.0008755276061898,0.000875530356510263,0.0221694446657147,0.02216981651834432,-5.220319690516491,-5.217344966184985,60.834623766492,-0.032318265476175674
0.0162914575575272,61.3818620260878,0.000879589643598,0.0008795909612542237,0.0222186995871339,0.022218029605509892,-5.500453727135299,-5.497145799782616,60.706663368810474,-0.03239311189203769
0.0163291843025531,61.240046132840085,0.000883666635974,0.0008836688478117098,0.0221893870049865,0.022190712265771406,-4.758339741971537,-4.765757046328055,60.55920312551899,-0.032468112652737656
0.0163669984128307,61.09855788927448,0.0008877627884644,0.0008877646199433308,0.0223080362807116,0.022305484192409082,-5.286331544406265,-5.27517137834509,60.40156695639541,-0.03254331160781656
0.0164049000906751,60.95739653839292,0.0008918792660481,0.0008918811414661636,0.0223519849971444,0.022356007621651932,-5.607045603243731,-5.617767835980793,60.278497282210225,-0.03261867475652672
0.0164428895388698,60.81656132494671,0.0008960148050317,0.000896016851404264,0.0224293086781411,0.02242461758178057,-4.887668604669356,-4.889303810071853,60.13729828695457,-0.032694196725382506
0.0164809669606678,60.67605149543244,0.0009001709241118,0.0009001727088752984,0.0225046425416412,0.022508569051802634,-5.007278207786657,-4.99304325338092,59.98008222716234,-0.03276991016670838
0.016519132559793,60.53586629808672,0.0009043449307602,0.0009043469754230734,0.0225054863301119,0.022503083987660717,-5.444032713318656,-5.454271279064567,59.84204875640415,-0.03284580449676392
0.016557386540441,60.396004982883326,0.0009085369341295,0.0009085387020791266,0.0225329977919053,0.02253415738442674,-5.246999930317976,-5.248503113918038,59.709756687593526,-0.03292186592290743
0.0165957291072801,60.25646680152949,0.0009127491182185,0.0009127513249989002,0.0226720430714337,0.02267153845078027,-5.035395275902261,-5.031977504462575,59.56436756410353,-0.032998098050921444
0.0166341604654529,60.11725100746002,0.000916984133535,0.000916985836702791,0.0227437594869663,0.02274397884663658,-5.300381875986033,-5.297746028459263,59.42138669308781,-0.033074516769714214
0.0166726808205767,59.97835685583589,0.0009212359741164,0.0009212380710409233,0.022693861507691,0.02269376394806088,-5.253689877392176,-5.257480088521415,59.28790069403796,-0.03315110843894044
0.0167112903787452,59.839783603538045,0.0009255050385716,0.0009255067709948241,0.0227212619365079,0.022721304101708733,-5.088189654675988,-5.093141076875103,59.144881949937876,-0.033227870978634846
0.0167499893465292,59.70153050916489,0.0009297948885654,0.0009297972566689204,0.0228843020356281,0.022884295934125817,-5.207183414511947,-5.193914290975558,59.00391651988288,-0.033304820854886015
0.016788777930978,59.5635968330273,0.0009341085731402,0.0009341100801369165,0.0229273925395476,0.022927357311734807,-5.112022399731135,-5.119079201019509,58.8638971466602,-0.03338194716861581
0.0168276563396202,59.42598183714572,0.0009384380219118,0.0009384402828400517,0.0229084866143051,0.022908589629090148,-5.394442774933308,-5.402971310657862,58.724359443299015,-0.033459253725140345
0.0168666247804652,59.2886847852448,0.0009427887019727,0.0009427905238857773,0.0230303465347728,0.02303010667170125,-5.284436670028383,-5.268415207954757,58.59801020424338,-0.03353673208283113
0.0169056834620039,59.151704942751,0.0009471621612302,0.0009471643322904787,0.0231506717860552,0.023151217422044637,-4.746780047360373,-4.760253355993389,58.44878113089422,-0.033614383958371984
0.0169448325932101,59.01504157678762,0.0009515561716192,0.0009515578538758577,0.0231414115746748,0.023140176788160976,-5.529861859232122,-5.520395946619088,58.30310461143502,-0.03369223855346326
0.0169840723835416,58.878693956170906,0.0009559665210516,0.000955968766816654,0.0231278548884178,0.0231303741972638,-5.3238413975540055,-5.325521401447085,58.18727781805395,-0.03377025780962407
0.017023403042941,58.742661351407314,0.0009603984454285,0.000960400296971267,0.0232449548153285,0.023240902454830518,-4.758876849271611,-4.773944401527172,58.03428154235961,-0.0338484490438955
0.0170628247818374,58.606943034687575,0.0009648514597017,0.0009648534689739231,0.0232975195816085,0.0233022733587097,-5.539405277261594,-5.5093425536725675,57.89616476547743,-0.0339268499511294
0.017102337811147,58.47153827988463,0.0009693252696894,0.0009693273318506214,0.0233690828017091,0.023365107167548284,-5.070189782127065,-5.096912634391721,57.77151841637731,-0.034005404259110306
0.0171419423422745,58.33644636254877,0.0009738211076091,0.0009738230829895089,0.0234464240133088,0.023448838397396917,-5.179225020740586,-5.171822849587241,57.621517156821625,-0.03408415360643374
0.017181638587114,58.20166655990464,0.0009783365126159,0.0009783383876403849,0.0234365507288309,0.02343540445298047,-5.434070403067418,-5.422409146870772,57.499992233833645,-0.034163087859812355
0.0172214267580505,58.06719815084602,0.0009828721213568,0.00098287443783479,0.0235500119020342,0.023550501665838636,-4.859319990897837,-4.882093465516458,57.358103849299575,-0.03424218294207448
0.0172613070679608,57.93304041593283,0.0009874312060279,0.0009874328556832533,0.0235949746659559,0.02359475847201582,-5.324455528736052,-5.300810469735291,57.216403090377106,-0.03432149251006518
0.0173012797302144,57.799192637388096,0.0009920082295224,0.0009920105257392366,0.0236118019691039,0.023611906960499494,-5.177124769406236,-5.190144132467058,57.089808703228684,-0.03440096837251705
0.0173413449586754,57.66565409909151,0.0009966085190281,0.00099661045871232,0.0237368746169429,0.02373682069026388,-5.129767065097831,-5.12875655538716,56.94709204376286,-0.0344806323753831
0.0173815029677027,57.53242408657882,0.0010012300461468,0.0010012320169305016,0.0237277624997205,0.023727784773751658,-5.440324503135323,-5.435735401487874,56.820537036208094,-0.03456048620616362
0.0174217539721517,57.39950188703609,0.0010058705943739,0.001005872648794755,0.0237718585894088,0.023771859024723906,-5.077912542045308,-5.087800434253582,56.6896328642274,-0.03464050753267639
0.0174620981873756,57.26688678929546,0.0010105348037917,0.001010537020758004,0.0239194711898886,0.023919458344636404,-5.023392695519652,-5.0103871642705915,56.547987667170595,-0.034720724113931824
0.0175025358292261,57.13457808383281,0.0010152222104656,0.001015223896953703,0.0239386501769103,0.02393866287998807,-5.253446891957747,-5.258682243013736,56.41247820007049,-0.034801134893201024
0.0175430671140546,57.00257506276377,0.0010199286176714,0.0010199310985403215,0.0239877965775855,0.023987796313375106,-5.36067915439594,-5.36498909785648,56.28483571655094,-0.03488172604663469
0.0175836922587139,56.87087701983825,0.0010246588876614,0.0010246605023885287,0.0240460916939047,0.024046067802642755,-5.145145856900456,-5.141676082731506,56.155910143868596,-0.0349624963724632
0.0176244114805586,56.73948325043903,0.0010294091726207,0.0010294116405948099,0.0241081796093875,0.024108242043250926,-5.054251778180691,-5.054175325685855,56.01748378905991,-0.0350434578564602
0.0176652249974469,56.608393051576016,0.0010341832679601,0.0010341850029021134,0.0241633797955832,0.02416325517264286,-5.274790662244424,-5.272810096716553,55.88451789784902,-0.03512461211644173
0.0177061330277414,56.47760572188361,0.0010389773875202,0.0010389795658465846,0.0242145690089421,0.02421480269560523,-5.199280673215606,-5.202338978904653,55.75619569208973,-0.03520594951882893
0.0177471357903103,56.34712056161686,0.0010437967485311,0.0010437991642895392,0.0243611887475049,0.024360743507848042,-5.164465390666462,-5.164670420288575,55.622376057761095,-0.03528747640591132
0.0177882335045288,56.21693687264701,0.0010486378969137,0.0010486390356401587,0.0242607902808583,0.024261607444725466,-5.255679424969013,-5.25467262021833,55.492886869779575,-0.03536919477835835
0.01782942639028,56.08705395845859,0.0010534959437028,0.001053499436409438,0.0244208129754626,0.024419565770369626,-5.098647767602469,-5.097291825846394,55.36223120373366,-0.03545109559375851
0.0178707146679561,55.95747112414568,0.0010583852907201,0.0010583857959528481,0.024471277502965,0.02447269770392525,-5.130688712614097,-5.131534532784087,55.22661268500415,-0.03553319283759974
0.01791209855846,55.82818767640677,0.0010632885748161,0.0010632921142731068,0.0244882074685032,0.024487055512906714,-5.377608963008838,-5.379048678575431,55.09949885305994,-0.035615482059711795
0.0179535782832058,55.6992029235433,0.0010682217912468,0.001068222822363431,0.0245999155540064,0.024600573427407225,-5.160416506277698,-5.158751273655945,54.975022903220086,-0.03569795313503915
0.0179951540641206,55.57051617545397,0.0010731719116605,0.0010731744832317594,0.0245644540840984,0.024564190221431238,-5.032662258054647,-5.035142516869874,54.8386668644745,-0.03578061520940389
0.0180368261236452,55.44212674363256,0.0010781483608168,0.001078150660480676,0.024787562156518,0.024787629031262106,-5.359017570282118,-5.353598685542351,54.70981304122488,-0.035863478904669524
0.0180785946847356,55.31403394116333,0.0010831509370902,0.0010831523850943214,0.0247513545219009,0.024751356248153205,-5.124589334241079,-5.131144802561856,54.58582991003096,-0.03594652446105156
0.0181204599708642,55.18623708271728,0.0010881704718667,0.0010881734380744502,0.0247919542216645,0.024791945477412848,-5.075722582967268,-5.073350817466251,54.44943811493579,-0.03602976784761604
0.0181624222060209,55.0587354845488,0.0010932168262987,0.001093218006060828,0.0248587109076776,0.024858694124327972,-5.310085923743781,-5.304884104264156,54.32356087953159,-0.036113206957126436
0.0182044816147141,54.93152846449261,0.0010982839580053,0.001098287094470371,0.024974621190468,0.02497469196999413,-5.156575766884675,-5.164774361067444,54.19711673200735,-0.03619683147688833
0.0182466384219723,54.80461534195891,0.0011033806774338,0.0011033818774587303,0.0250443266128539,0.025044153094392074,-5.247238678436285,-5.243381566756717,54.068225164036384,-0.03628065679422723
0.018288892853345,54.67799543793063,0.0011084949491214,0.0011084977463490658,0.025014567835787,0.025014951655021038,-5.217695446891648,-5.21745527972578,53.944482099814046,-0.03636466783050141
0.0183312451349041,54.551668074959245,0.0011136352327638,0.0011136369937619227,0.0251475349263228,0.025146752608460266,-5.05057499233548,-5.050901132334053,53.813919673429204,-0.0364488757916298
0.018373695493245,54.42563257716147,0.0011187994165446,0.0011188017711192396,0.0251921907896925,0.02519355525345528,-5.235639415631868,-5.23606698508457,53.684209495949275,-0.036533282137456546
0.0184162441554878,54.29988827021568,0.0011239873019822,0.0011239892843513445,0.0252457955092382,0.025243767366488316,-5.263845316055765,-5.262012782847567,53.5618973307705,-0.03661788524405415
0.0184588913492785,54.17443448135832,0.0011291993469409,0.00112920169912142,0.0253300346281468,0.02533244452426036,-5.049659604878179,-5.054397100056804,53.4338321514744,-0.036702678185506266
0.0185016373027904,54.04927053937982,0.0011344362299833,0.0011344381663999836,0.0253690793805674,0.025367688801306982,-5.244978651934665,-5.240131396513634,53.30420165518111,-0.0367876744316469
0.0185444822447252,53.92439577462134,0.0011396953091496,0.0011396977054052514,0.0254119432985104,0.025410637084255117,-5.214920328006213,-5.21327517513172,53.18341042259141,-0.036872865473230876
0.018587426404314,53.79980951897179,0.0011449798728112,0.0011449817404870955,0.025487391537336,0.025489890748141567,-5.122591006059672,-5.13055928149709,53.054274830923305,-0.03695825060234523
0.0186304700113189,53.67551110586326,0.0011502883317975,0.0011502908993147167,0.0255563084442856,0.025557087940588495,-5.370977701001603,-5.365446219678194,52.93235523842327,-0.037043839804911154
0.0186736132960341,53.55149987026774,0.0011556224931449,0.0011556243341244213,0.0255963797286637,0.025590849476929953,-5.0130681210841255,-5.013913770205041,52.810343158427365,-0.03712961233171572
0.0187168564892871,53.42777514869371,0.0011609789522412,0.0011609812658667608,0.0256430553514695,0.025649889095768583,-5.009853752083101,-5.007592764863433,52.67434862410845,-0.037215597946565815
0.0187601998224398,53.30433627918299,0.0011663618706568,0.0011663641090589236,0.0257778177465134,0.025773049913165907,-5.505804281090004,-5.508179097065748,52.55455573225843,-0.037301789335428014
0.0188036435273899,53.18118260130664,0.0011717722756894,0.0011717745079735465,0.0258346373184238,0.025837033413589883,-5.205670462134643,-5.208768327613562,52.43992812037968,-0.037388163024511326
0.0188471878365723,53.05831345616111,0.0011772050977096,0.0011772069588013934,0.025799450720155,0.025798340344062462,-4.924092943200779,-4.919381059839352,52.308475191892725,-0.03747473722595364
0.0188908329829599,52.93572818636584,0.0011826604693537,0.0011826632631019175,0.0259238338009382,0.025924492308470118,-5.329317196216076,-5.33013469096042,52.18193466925237,-0.03756152205368146
0.0189345792000653,52.81342613605858,0.0011881463544201,0.0011881478758266465,0.0260295575702865,0.02602883397328126,-5.240878720554836,-5.240865014347087,52.066488285585834,-0.037648504547745855
0.0189784267219419,52.69140665089221,0.0011936566426172,0.0011936596937059632,0.0261225278945515,0.026123862169386256,-4.9515771257102905,-4.955376705768413,51.93744023203219,-0.03773568260271972
0.0190223757831848,52.56966907803228,0.0011991943200134,0.0011991955207105195,0.0261023722174288,0.026099742278685015,-5.365920365670887,-5.360063405663961,51.812407872317884,-0.037823076765146874
0.0190664266189326,52.44821276615194,0.0012047506284858,0.00120475390578017,0.0261256876155864,0.026129906597640324,-5.218331314724485,-5.219393679883922,51.69895994749174,-0.03791066211530325
0.0191105794648685,52.32703706542898,0.0012103374228146,0.0012103386555650116,0.0262431748069904,0.026238209308242576,-5.008573801916368,-5.016108338694403,51.570014705005,-0.037998446130546586
0.0191548345572212,52.20614132754329,0.0012159484912063,0.0012159516999669879,0.0263639971718438,0.026368184369499358,-5.429255309134708,-5.418223514276074,51.450240225899144,-0.03808645048591962
0.0191991921327667,52.0855249056719,0.0012215911969799,0.001221592633665284,0.0264072862544696,0.02640468371096713,-5.034591804651968,-5.041736623325782,51.334505597395136,-0.038174636416650365
0.0192436524288292,51.9651871544866,0.0012272525775191,0.0012272552077178982,0.0263567404548356,0.02635807710704392,-5.035531948473977,-5.034585112844912,51.20163315791957,-0.03826303717449036
0.0192882156832824,51.84512743015032,0.0012329413436251,0.0012329436421453263,0.026515548880872,0.026514793546850702,-5.4627899633867205,-5.458622540489559,51.08712221388692,-0.0383516548761141
0.0193328821345511,51.725345090312864,0.0012386593719061,0.0012386613444970642,0.026565491010011,0.026566195307744813,-5.008708276092088,-5.016320345679325,50.96975550939995,-0.03844045591204655
0.0193776520216119,51.60583949410898,0.0012444020374087,0.0012444046417600533,0.0266506585512985,0.02664971910950747,-5.076647631830481,-5.068148646119058,50.840028766650185,-0.03852947926788324
0.0194225255839951,51.48661000215328,0.0012501739943818,0.0012501759472797517,0.0267364662151923,0.02673717264021464,-5.446417137962606,-5.451168661484722,50.72525758157455,-0.038618706507497894
0.0194675030617855,51.36765597653811,0.0012559712692769,0.0012559738350840903,0.0267572956144497,0.026758536478203965,-5.14150432665351,-5.142483137739034,50.61113568054812,-0.03870813136255465
0.0195125846956239,51.24897678082958,0.0012617945989005,0.0012617965570308467,0.0268009796799763,0.026796230118510983,-4.997913922980144,-4.997057787908163,50.48509419021211,-0.03879776333910181
0.0195577707267086,51.13057178006356,0.0012676437575859,0.0012676462987784311,0.0268911157239597,0.026898378978639472,-5.314965184552492,-5.311543880519963,50.364869741968555,-0.03888761335388862
0.0196030613967961,51.01244034074386,0.0012735227079598,0.001273524941093064,0.0269857600300679,0.026979008208575985,-5.119579235067109,-5.122211325777036,50.25037614727037,-0.0389776635586676
0.0196484569482029,50.894581830837495,0.0012794278956387,0.0012794300141585056,0.0270063722915924,0.0270106656278158,-5.110348258593022,-5.111997376534257,50.12515054077899,-0.039067925894806184
0.0196939576238067,50.77699561977159,0.00128535914168,0.0012853617332574169,0.0270905276657518,0.02708843639993877,-5.414379669155631,-5.410803810894887,50.012168266877524,-0.03915840314871409
0.0197395636670475,50.65968107843048,0.0012913201472584,0.0012913221579276867,0.0271658479380669,0.02716675617431219,-5.0460617262494445,-5.051356108609248,49.89729749774787,-0.03924906992529703
0.0197852753219293,50.54263757915137,0.0012973073232371,0.0012973098909038435,0.0272163788747143,0.027215987255623197,-5.033516952723537,-5.026860913572298,49.77101013303063,-0.039339960568852785
0.0198310928330207,50.425864495722735,0.0013033222442415,0.0013033242412009347,0.0272755908086053,0.027275760476279286,-5.350826310185289,-5.3541093790625744,49.65543144950048,-0.039431069592601994
0.0198770164454572,50.30936120337846,0.0013093651441138,0.0013093679362225384,0.0273859147457022,0.02738584148543598,-5.178646281600621,-5.180459314052589,49.5426014968488,-0.03952237760055842
0.0199230464049416,50.19312707879683,0.0013154384022252,0.001315440121598065,0.027422500627772,0.027422530232270023,-5.040699382840302,-5.0386753666942035,49.4215142510979,-0.039613895353225265
0.0199691829577457,50.07716150009619,0.0013215360398406,0.0013215389718225954,0.0274898513332115,0.027489843086458528,-5.290993749237382,-5.2888453462105804,49.303679921826934,-0.039705637575390605
0.0200154263507118,49.9614638468312,0.0013276655109568,0.0013276674030294436,0.0275742051487889,0.027574202347478163,-5.217801697367915,-5.22180326371717,49.192392480547326,-0.03979758254801199
0.0200617768312536,49.84603349999049,0.0013338204908443,0.0013338229946087278,0.0275923459383571,0.027592353819383433,-5.083557809165144,-5.08373349170482,49.07314070457831,-0.03988973650396131
0.020108234647358,49.730869841992266,0.0013400050185795,0.0013400074917747278,0.0277257071113348,0.02772569850536919,-5.213299141222979,-5.207527846734571,48.95683244351748,-0.03998211218020621
0.0201548000475859,49.61597225668224,0.0013462201156759,0.0013462221523109974,0.0277704265588402,0.027770432206558008,-5.137832911013257,-5.145418274766664,48.84153438057667,-0.040074697221986304
0.020201473281074,49.5013401293292,0.0013524615585928,0.0013524643096021385,0.0278277079582137,0.027827709332865987,-5.179455004721987,-5.17359277759726,48.724499510543325,-0.04016750406309763
0.0202482545975359,49.38697284662227,0.0013587332189822,0.0013587351119695532,0.0278900109040982,0.027889995786027088,-5.1795074962701655,-5.180658388963202,48.610665559542575,-0.04026051931995935
0.0202951442472633,49.27286979666799,0.0013650328503411,0.001365035763972769,0.0279975745067506,0.02799761735862163,-5.220580772774227,-5.224942777611457,48.49523378825,-0.04035375226932882
0.0203421424811277,49.15903036898615,0.0013713649406721,0.0013713668032264853,0.0280471571185378,0.028047055432334444,-5.216907081768443,-5.211477583275295,48.38377828530198,-0.0404471992482015
0.0203892495505816,49.04545395450688,0.0013777218812903,0.0013777245578131961,0.0280582780691891,0.028058507121744878,-5.019236324153267,-5.022179953381585,48.266811978825345,-0.040540857127885445
0.0204364657076595,48.93213994556819,0.0013841097525248,0.0013841121015671165,0.0281944996544685,0.028194049691728586,-5.236619700407603,-5.234740008231623,48.14954885305415,-0.0406347449348127
0.0204837912049799,48.8190877359112,0.0013905283196578,0.0013905305914280936,0.0282246252332754,0.028225258949226083,-5.276245210148357,-5.277151126037387,48.04111907557897,-0.04072884362706682
0.0205312262957461,48.70629672067818,0.0013969742422258,0.0013969767440876195,0.0282731597456713,0.028272730486193384,-5.056065308523877,-5.058066370014538,47.92624414118365,-0.04082315530933645
0.0205787712337477,48.593766296408994,0.0014034512877287,0.0014034536464140452,0.028391797450549,0.028391300026731747,-5.213161123992976,-5.210681930360914,47.81066207741966,-0.04091769211547946
0.0206264262733623,48.48149586103704,0.0014099598514619,0.0014099622951974213,0.0284651249591455,0.02846726044298027,-5.205336868787612,-5.203763340207389,47.70069382135094,-0.04101244491844682
0.0206741916695562,48.3694848138876,0.0014164978465184,0.001416500207566362,0.0285050083538561,0.028501135670678558,-5.060685999167097,-5.065336795394987,47.58543903201972,-0.04110741587862244
0.0207220676778863,48.25773255567334,0.001423064634252,0.0014230670005164303,0.0285578469787816,0.028562477788514114,-5.289813145786533,-5.2876209809635935,47.472188352397346,-0.04120261212141394
0.0207700545545015,48.1462384884911,0.0014296623712246,0.0014296649943290262,0.028662476950029,0.028658587804684346,-5.135632897162664,-5.133121709652793,47.364332965450984,-0.04129802395617757
0.0208181525561435,48.03500201581994,0.0014362925550203,0.0014362947077984887,0.0287420326191858,0.028744412916543567,-5.003882472235703,-5.008521243758804,47.245708737692716,-0.041393655253312726
0.0208663619401488,47.92402254251653,0.0014429520972621,0.0014429547953700049,0.0287988667134103,0.028797716846880667,-5.416568059713798,-5.4103113784369725,47.13549868874284,-0.041489522101155814
0.0209146829644497,47.81329947481285,0.0014496432677195,0.0014496454483429477,0.0288637120632494,0.02886421713457148,-5.159846039253948,-5.168593032061057,47.03139194397024,-0.04158559445658223
0.0209631158875759,47.70283222031248,0.0014563652413816,0.001456367959034061,0.0289679536184318,0.028967719838426196,-4.996656882242662,-4.990846210452206,46.913213166309966,-0.04168189038836443
0.0210116609686558,47.59262018798764,0.0014631200150375,0.001463122231239378,0.0290269112079339,0.029027052635622864,-5.255767850958198,-5.252876724757303,46.80217563042912,-0.04177841851890626
0.0210603184674178,47.48266278817624,0.0014699034985878,0.0014699060281525103,0.0290578509158507,0.029057692168119247,-5.205141106576525,-5.211854646458448,46.69372584170157,-0.041875164340927966
0.0211090886441917,47.37295943257865,0.0014767191392826,0.0014767217520488425,0.029170178923647,0.02917047744462709,-5.167391019320231,-5.164080831091993,46.58365698177317,-0.04197213600413225
0.0211579717599103,47.263509534254126,0.0014835670181994,0.0014835691504973185,0.029193340636005,0.029192677376225107,-5.172140662555557,-5.17463297827843,46.47338135987651,-0.04206932783891361
0.0212069680761106,47.15431250761811,0.00149044347827,0.0014904463123025747,0.0292619897480122,0.029263496195768124,-5.110544113734719,-5.104733155951388,46.36307568163712,-0.04216674767208067
0.0212560778549352,47.04536776843907,0.0014973548611305,0.0014973570850871456,0.0293908121465127,0.0293877245937822,-5.102326428703197,-5.10780192918741,46.2505046441554,-0.042264392766409704
0.0213053013591338,46.93667473383519,0.0015042984463862,0.0015043010551271077,0.0294475848543872,0.0294525669469465,-5.343870457531713,-5.341935408778863,46.14242080724451,-0.04236227453029385
0.0213546388520646,46.82823282227123,0.0015112739754262,0.0015112764721183192,0.0295058546290872,0.02949999564113243,-5.132312978565033,-5.132628649481941,46.038439831000815,-0.042460367064802544
0.0214040905976956,46.720041453555694,0.0015182810703369,0.001518283406976442,0.0295617260436021,0.029566637593419574,-5.020153242508649,-5.021792958812144,45.923100813402115,-0.04255868887807685
0.021453656860606,46.61210004883769,0.0015253199880533,0.001525322726811699,0.0296553071182511,0.029652325783427882,-5.31536261450119,-5.3092979956328525,45.81573905831805,-0.04265724945840575
0.021503337905988,46.50440803060308,0.0015323935943196,0.0015323959074907635,0.0297396195399008,0.029740990866707583,-5.117649551254375,-5.125861975658039,45.71025489977067,-0.042756027308629575
0.0215531339996476,46.39696482267267,0.0015394989139338,0.0015395015194669046,0.0297889674230277,0.029788528658243763,-5.121109147290552,-5.11647076635771,45.5982476188217,-0.04285503936509566
0.0216030454080064,46.28976985019832,0.0015466368445093,0.0015466392882466963,0.0298744996117044,0.02987432963745908,-5.246758617805658,-5.245148850905783,45.49252687007496,-0.04295428278265812
0.0216530723981031,46.18282253965974,0.0015538094069626,0.0015538121146092018,0.0299838652265596,0.029984755304186605,-5.130177530451581,-5.134713228731053,45.38522994007861,-0.04305374800825039
0.0217032152375947,46.07612231886186,0.0015610157064845,0.0015610179296854643,0.0300161422676881,0.030014112226780007,-5.1929379080674725,-5.190862886880611,45.27709169982763,-0.0431534486424508
0.0217534741947581,45.96966861693147,0.001568252393986,0.0015682552357706683,0.0300676255843724,0.030071056626710023,-5.164476232704742,-5.1636972601923095,45.17142495154571,-0.043253378802227446
0.0218038495384912,45.86346086431482,0.0015755239068918,0.0015755262299995195,0.0301608973767785,0.030156564555126095,-5.056766691898248,-5.057584879045235,45.0621540722175,-0.04335353826884005
0.0218543415383149,45.75749849277344,0.0015828284712871,0.001582831125143452,0.0302295339275392,0.030233665284402057,-5.229633806516263,-5.22885118216352,44.953977744427775,-0.043453936654257334
0.0219049504643741,45.65178093538197,0.0015901676742516,0.0015901701952158547,0.0303180858209343,0.03031505236000573,-5.243780291729967,-5.243204922945753,44.85156862327313,-0.043554567690482056
0.0219556765874393,45.54630762652487,0.0015975417487612,0.0015975443026070887,0.0304127936832999,0.030414409134054823,-5.09637562595841,-5.102316154611178,44.7447484671561,-0.043655421022415666
0.0220065201789081,45.44107800189322,0.0016049509309523,0.0016049535534722343,0.0304943442457812,0.030494189263718243,-5.196460862806614,-5.187267287559509,44.637824393015634,-0.04375651426856553
0.0220574815108065,45.33609149848207,0.0016123935572997,0.0016123960053847253,0.0305270477124102,0.03052566275917408,-5.0790695324745,-5.084086978959683,44.53274264653015,-0.04385784089904057
0.0221085608557905,45.23134755458711,0.0016198687069904,0.0016198713549206128,0.0305950721545497,0.030597896589273074,-5.196261376213915,-5.197888857210196,44.42395302013803,-0.043959406215889014
0.0221597584871474,45.12684560980199,0.0016273795211638,0.0016273821815514275,0.0306950643967286,0.030691569982001312,-5.254117828498685,-5.249152048184197,44.323702061025806,-0.0440612049235643
0.0222110746787974,45.02258510501501,0.0016349257991277,0.0016349281898705844,0.030750211067659,0.03075321674144749,-4.990999388938521,-4.997183956960852,44.216161772491326,-0.04416323140957939
0.0222625097052952,44.91856548240593,0.0016425053924532,0.0016425081468066957,0.0308340772553017,0.03083214180352761,-5.255604044519226,-5.2468584861987715,44.10892426272449,-0.04426551017166492
0.0223140638418311,44.81478618544365,0.0016501222105816,0.0016501248620220843,0.03093045090819,0.030931601125595114,-5.264032638226911,-5.274072725002707,44.01013779093673,-0.04436801247234801
0.0223657373642327,44.71124665888282,0.0016577733479393,0.001657775560649436,0.0309464139210922,0.03094546866598178,-5.077393732022021,-5.0728189781678665,43.90476024728206,-0.044470754355925166
0.0224175305489663,44.60794634876103,0.0016654584050639,0.0016654617023898544,0.0310957166354352,0.031096801229280876,-5.072113440009344,-5.068615738546004,43.79860507077157,-0.044573733147095035
0.0224694436731386,44.50488470239535,0.0016731843346144,0.0016731861875989296,0.0311690010954806,0.031167822359598356,-5.220369736052592,-5.226087323433332,43.69302664198655,-0.04467695534870134
0.0225214770144979,44.40206116838,0.0016809407894646,0.001680944041584807,0.0311904977263943,0.03119152771180707,-5.249056092874711,-5.244612496937471,43.593920252209166,-0.044780418060378135
0.0225736308514356,44.299475196583344,0.0016887357952472,0.0016887379792615883,0.0313082678937094,0.03130746200825595,-5.043223939360381,-5.048743601129338,43.48937099150609,-0.04488410853368528
0.022625905462988,44.19712623814433,0.001696566008261,0.0016965689480112965,0.0313750703933546,0.03137590500362067,-5.216874004575013,-5.210491168455103,43.38441681230281,-0.044988052855040914
0.0226783011288374,44.09501374547031,0.0017044331389789,0.0017044355927009452,0.0314421340105634,0.03144072882825979,-5.151501139126299,-5.1555136504357115,43.28459603831897,-0.04509222986575369
0.0227308181293137,43.99313717223396,0.0017123351129575,0.0017123377645718925,0.0314992479258218,0.03150193870764719,-5.078745361761998,-5.078710342969648,43.17864457519607,-0.04519665147231142
0.0227834567453962,43.8914959733697,0.0017202742274162,0.0017202771193680756,0.0316189768823382,0.031614694656658414,-5.246489793920071,-5.241334723913131,43.07737469315188,-0.04530131726529633
0.0228362172587148,43.79008960507144,0.0017282517015899,0.001728253887119433,0.03165828911126,0.03166331058317914,-5.18264330388921,-5.19180936416168,42.977274450700996,-0.045406219756997955
0.0228890999515515,43.68891752478964,0.0017362634898222,0.0017362666899499108,0.0317679418281457,0.03176372963910863,-5.163203109518454,-5.156073354975537,42.8756056981878,-0.045511365962889204
0.022942105106842,43.58797919122823,0.0017443173509403,0.0017443197512116186,0.0318800675235289,0.03188264286728814,-5.062284223563654,-5.064079852126547,42.77326210363706,-0.045616753478385605
0.0229952330081773,43.48727406434158,0.0017524045064285,0.0017524068974471025,0.0318495036793754,0.0318482682039716,-5.160745076201001,-5.162459594776651,42.66887380930379,-0.04572239041855029
0.0230484839398049,43.386801605332174,0.0017605274947362,0.0017605310147131461,0.0320240125834186,0.03202453794136623,-5.231921511542934,-5.226313963610032,42.57087347783969,-0.04582827448488879
0.023101858186631,43.28656127664649,0.001768694405071,0.0017686959785897737,0.0320685159374421,0.03206830931255399,-5.07834877832257,-5.088676883391668,42.469100617653105,-0.0459343962746075
0.023155356034221,43.186552541974,0.0017768915324256,0.001776895291638666,0.0321120987148617,0.032112146327275236,-5.262839011966797,-5.251879313672974,42.36819186003003,-0.046040772036179366
0.0232089777688021,43.08677486624236,0.0017851322313165,0.0017851340784095818,0.0322461178370439,0.03224619007636729,-5.076753802497931,-5.083336573491621,42.27069872031229,-0.04614738269018295
0.0232627236772639,42.9872277156162,0.0017934088369234,0.0017934122236524758,0.0323111683890575,0.03231095230881579,-5.124446945634249,-5.124848879162424,42.165268321819596,-0.046254247427283623
0.0233165940471606,42.8879105574931,0.0018017254288148,0.001801727525310352,0.0323783400241195,0.03237870956840182,-5.270019775456305,-5.2614975077017085,42.069721324811226,-0.046361365846858654
0.0233705891667123,42.78882286050116,0.0018100784309176,0.0018100817610896796,0.0324701980905519,0.03246976026944457,-5.031621251326506,-5.045389441212572,41.968584090309804,-0.046468713358794066
0.0234247093248065,42.68996409449621,0.0018184731885117,0.001818475272444373,0.0325654816528802,0.03256584200036691,-5.279725757597625,-5.2676006003357285,41.86820249645658,-0.0465763320498585
0.0234789548109997,42.59133373055891,0.0018269054010038,0.001826908865332363,0.0326596966510829,0.03265949905021688,-5.089377058126109,-5.095857210707077,41.77279790231464,-0.04668418124241026
0.0235333259155189,42.49293124099201,0.0018353790769839,0.0018353810292042543,0.0327004873332641,0.03270052533833699,-5.047529111401691,-5.046412013309833,41.667572549720056,-0.04679228741838713
0.0235878229292632,42.394756099317405,0.0018438858851981,0.0018438892216339974,0.032750178256562,0.032750295782115704,-5.301096369869115,-5.296779758856415,41.57165162758179,-0.04690065278817384
0.0236424461438053,42.296807780273454,0.0018524369528435,0.0018524395905821101,0.0329046391418429,0.03290428197986266,-5.111394353323288,-5.119714479460537,41.47461564312266,-0.047009256584433966
0.0236971958513933,42.1990857598117,0.0018610261095338,0.0018610283602819412,0.0328870305218874,0.03288787907244695,-5.129095842628978,-5.121943734842812,41.37445130462783,-0.04711811743157346
0.0237520723449519,42.1015895150948,0.0018696522391183,0.0018696560404563801,0.0330558271838302,0.03305407727260897,-5.175415343313458,-5.178142720051004,41.27708509022619,-0.04722722917939174
0.0238070759180841,42.00431852449337,0.0018783256018774,0.0018783270251182527,0.0331202342385151,0.03312306010222168,-5.137244983026696,-5.137612237862857,41.17902725891718,-0.047336593506616315
0.0238622068650729,41.90727226758308,0.0018870321949069,0.0018870364447353244,0.0331965320314236,0.033193207308360534,-5.150748965895661,-5.148916553722767,41.081211155484574,-0.04744621057358565
0.0239174654808828,41.8104502251419,0.0018957853286166,0.0018957866254169589,0.0332706186870594,0.033273410436809335,-5.178258838956772,-5.180488781657733,40.98403821574066,-0.04755608344181669
0.0239728520611613,41.71385187914757,0.001904572211776,0.0019045763079307615,0.0333496776678021,0.033347969481185694,-5.158779091515829,-5.158466477767836,40.88777359477197,-0.04766620870526135
0.0240283669022406,41.61747671277451,0.0019134076039659,0.001913409543979338,0.0334934791495613,0.03349430065865802,-5.084120549332723,-5.082443429125281,40.78980248139409,-0.0477765863709421
0.024084010301139,41.52132421039146,0.0019222782813856,0.001922281319758373,0.0334539876953431,0.033453633599880725,-5.137488697212792,-5.137390018085953,40.6913736397421,-0.047887226106835434
0.0241397825555628,41.42539385755813,0.001931189166126,0.001931192182390662,0.0336174658938066,0.033617616655800334,-5.241630386329485,-5.244726254680022,40.596408346740816,-0.04799812228006752
0.0241956839639076,41.329685141022985,0.0019401464966221,0.0019401490439312974,0.0337108542704598,0.03371079028162903,-5.137776701565092,-5.135178463422939,40.501929300392895,-0.048109268095823055
0.02425171482526,41.23419754872032,0.001949141249359,0.0019491441258740957,0.0337126676160778,0.033712694588321566,-5.049085974915099,-5.048929881773285,40.40346868327802,-0.048220674375171364
0.0243078754393992,41.13893056976748,0.0019581766656968,0.001958179537320932,0.0338494611916497,0.03384945015102496,-5.245616206959451,-5.246768426467215,40.307081842076485,-0.04833234345553169
0.0243641661067988,41.04388369446188,0.001967258407771,0.001967261421859279,0.0339808777342654,0.03398088190872152,-5.187909466406377,-5.187683010284822,40.215180872485334,-0.048444264162067215
0.0244205871286279,40.94905641427902,0.0019763812136645,0.001976383461238082,0.0339757772031113,0.03397577575757029,-4.996072860519456,-4.997284391954549,40.117000141228345,-0.04855644121907636
0.0244771388067532,40.85444822186904,0.0019855422714098,0.0019855459822820535,0.034114447263847,0.034114448017705065,-5.210082391647214,-5.205031258891823,40.01984316800617,-0.0486688918727086
0.0245338214437404,40.76005861105432,0.0019947521888826,0.00199475418336569,0.0342037956572396,0.034203794631016055,-5.210087981822417,-5.21608925003218,39.92834664003734,-0.048781594116811725
0.024590635342856,40.66588707682647,0.0020039995920978,0.0020040030473765257,0.0342518277550979,0.034251829356185,-5.101152316908006,-5.100653165136899,39.83276355914709,-0.04889455491727521
0.0246475808080687,40.57193311534401,0.0020132935520951,0.002013296250941956,0.0343946846367876,0.034394682499321184,-5.126723171585156,-5.120894316517411,39.73777971859595,-0.04900778187880143
0.024704658144051,40.47819622392973,0.0020226289334341,0.0020226314925188955,0.0343940376709909,0.03439404039554363,-5.129795819061166,-5.136891239742249,39.64251447172496,-0.04912126869900876
0.024761867656181,40.38467590106768,0.0020320048694332,0.0020320083686868615,0.0345370674998273,0.03453706339542944,-5.232253302821698,-5.227187862782045,39.54956764488814,-0.0492350240191993
0.0248192096505441,40.291371646400414,0.0020414300849097,0.00204143239005055,0.034624525878231,0.03462453398000097,-5.094132893567065,-5.096109916286687,39.45714181940205,-0.04934903321498205
0.0248766844339345,40.19828296072653,0.002050893377931,0.0020508964496279572,0.0346429216286967,0.0346429030128707,-5.142874156121467,-5.145683737630574,39.36095675360168,-0.04946330935277708
0.0249342923138565,40.10540934599854,0.0020604026703296,0.0020604059329300587,0.0348231738270778,0.03482321790132457,-5.202206707983377,-5.19657971119699,39.2701601840439,-0.04957785429916528
0.0249920335985271,40.01275030531868,0.0020699588240157,0.0020699609743534578,0.0348384513990246,0.03483834799132272,-4.957363588572759,-4.961007310188798,39.174603730845,-0.04969265635331932
0.0250499085968765,39.9203053429381,0.0020795526083336,0.002079556278617308,0.0349295792390577,0.03492981934747685,-5.239209929315024,-5.2372880649443765,39.07851052862121,-0.04980774043391415
0.0251079176185506,39.82807396425283,0.0020891976715026,0.0020892001653192225,0.0350871191778375,0.03508656524566545,-5.316287931694046,-5.318040637972457,38.99229319613188,-0.04992308123497194
0.0251660609739123,39.73605567580172,0.0020988855719217,0.0020988885358036095,0.0350901968741861,0.035091451070308234,-4.966584753670491,-4.967553913262611,38.89880222642913,-0.050038678257598744
0.0252243389740431,39.64424998526391,0.002108615536952,0.002108618586058178,0.0351970200841851,0.0351946923082733,-5.143785424626382,-5.140502850176032,38.80251255582716,-0.05015455731223069
0.0252827519307452,39.55265640145548,0.0021183937225543,0.0021183965427048735,0.0353261532494502,0.03532886249104636,-5.246643865986572,-5.247559831334736,38.71368854310343,-0.05027070120250327
0.0253413001565425,39.4612744343279,0.0021282181193791,0.002128221216350157,0.0354094748896032,0.035408437695350625,-4.997571681204528,-5.000505259011528,38.6209592503659,-0.05038710926516108
0.0253999839646828,39.37010359496454,0.0021380871128985,0.0021380898532062194,0.0354716633339262,0.03546986146889319,-5.176410537033692,-5.172692234864412,38.52604995744398,-0.05050379488730019
0.0254588036691392,39.27914339557855,0.0021480001623368,0.0021480032998804836,0.0355477929916283,0.035551024281623336,-5.245273219137502,-5.244824062966133,38.43863883256592,-0.0506207508581051
0.0255177595846121,39.188393349509695,0.0021579600533695,0.0021579629286513783,0.0356365707754979,0.03563398484483156,-5.046085516410267,-5.052905681658507,38.3465646880107,-0.05073796849951621
0.0255768520265303,39.09785297122266,0.0021679648275354,0.0021679677263899905,0.0357109715367365,0.03571233845159876,-5.20511995605074,-5.196429328423308,38.254496695569976,-0.050855465921703175
0.0256360813110534,39.0075217763034,0.00217801694243,0.002178020220873901,0.0358401812219475,0.03583955840807223,-5.092774128528193,-5.097738761403638,38.16564186951748,-0.05097322660784977
0.025695447755073,38.91739928145724,0.0021881172107282,0.002188119704061588,0.0358955776739674,0.03589590696220096,-5.091151795193953,-5.090449508640402,38.07147062186191,-0.05109126701824888
0.0257549516762145,38.82748500450619,0.0021982606352462,0.002198264088494579,0.0359899517482512,0.035989667027927004,-5.243887081390879,-5.241286806185524,37.9833638374723,-0.05120958578651181
0.0258145933928389,38.73777846438616,0.0022084560358538,0.0022084588640539637,0.0361369040794026,0.03613735793334004,-5.090552535183068,-5.096653040870942,37.89370681834287,-0.05132816452917943
0.0258743732240443,38.64827918114473,0.0022186969766667,0.0022186997821371074,0.036143304811693,0.036142351435915265,-5.106755524003246,-5.099524208734045,37.8020641132391,-0.051447028471990675
0.025934291489668,38.55898667593797,0.0022289816229829,0.0022289849927949277,0.0362417716767038,0.03624374709612873,-5.146280753888876,-5.149989105843895,37.71235004007804,-0.051566165919741905
0.0259943485102878,38.46990047102852,0.0022393177343251,0.0022393204452571995,0.0363778453149894,0.03637435680518412,-5.192958260934972,-5.1931668354241225,37.62325437988314,-0.051685580553714715
0.0260545446072239,38.3810200897827,0.0022497018812022,0.0022497051251033568,0.0364583931243407,0.03646338701310274,-5.136082460331618,-5.136183722487573,37.535411848524426,-0.05180526421385369
0.0261148801025405,38.29234505666822,0.0022601343127092,0.0022601372206585745,0.0365393300525009,0.03653369299583568,-5.068262258872284,-5.066783213020658,37.44449255705328,-0.05192522833890443
0.0261753553190479,38.20387489725102,0.0022706132638389,0.002270616280342364,0.0366035213720106,0.03660816729677133,-5.145901260024227,-5.145636339405823,37.354867541401795,-0.05204547459848695
0.0262359705803035,38.11560913819381,0.0022811405769686,0.0022811437331898545,0.0367114888707398,0.03670926324548523,-5.183355569226798,-5.185895983940642,37.26693679206205,-0.052165997787757296
0.0262967262106144,38.02754730725228,0.0022917184254672,0.002291721419545256,0.0368239318575285,0.03682381315425593,-5.124186290341228,-5.121938328271473,37.17924897836348,-0.05228679787964849
0.0263576225350385,37.93968893327349,0.0023023455635248,0.0023023486200704876,0.0368999836874555,0.03690106870996952,-5.092443878218493,-5.093117875629678,37.08960833808665,-0.0524078760698729
0.0264186598793865,37.85203354619296,0.0023130203862925,0.002313023383634684,0.0369720102760604,0.03697111397282527,-5.183723540012521,-5.1844455263627385,37.00157026314959,-0.052529241586138496
0.0264798385702235,37.76458067703241,0.0023237451035938,0.002323748408969445,0.0370953240475958,0.037095785887768115,-5.119245387721513,-5.118365665984443,36.914756969370124,-0.052650881691281605
0.026541158934871,37.677329857896815,0.0023345211476783,0.0023345238916555734,0.0371694105088113,0.03716920900233581,-5.0624140057376845,-5.060878302264032,36.82511975141838,-0.052772803348250866
0.0266026213014084,37.59028062197231,0.0023453441512147,0.0023453475333151484,0.0372454512060016,0.03724553878642546,-5.237255824024412,-5.240799314963632,36.73773988586493,-0.052895014862335867
0.0266642259986748,37.50343250352362,0.0023562195607848,0.0023562224379716666,0.0373745618368527,0.037374521544459825,-5.194180959535995,-5.192529219689439,36.653851169154294,-0.05301750278079029
0.0267259733562709,37.41678503789136,0.002367146888575,0.002367150282184893,0.0374875026570792,0.03748752642359707,-4.94314055666384,-4.943394606207255,36.564594849559214,-0.05314026703422738
0.0267878637045605,37.33033776148992,0.0023781242566046,0.00237812690664288,0.0375229292958581,0.037522904027291935,-5.162215475066904,-5.159666048372937,36.47391259973967,-0.05326333067547649
0.0268498973746728,37.244090211804256,0.0023891478122757,0.002389151410324265,0.0375962155009638,0.03759626114984876,-5.264287681411352,-5.2662368485564395,36.39148175314853,-0.053386678477883164
0.0269120746985034,37.15804192738848,0.0024002259008816,0.0024002286588733195,0.037729123699407,0.03772902386228957,-5.050949176554166,-5.054672446484169,36.304890319949344,-0.053510299750552465
0.0269743960087167,37.07219244786252,0.0024113550710345,0.002411358402887014,0.0378280503611527,0.03782827824298829,-5.143610671426848,-5.137184018788995,36.21714011906235,-0.053634215605434375
0.0270368616387474,36.98654131391003,0.0024225376834449,0.0024225408415737984,0.0379445089604161,0.037943984767286464,-5.123624463492718,-5.127521628830155,36.13201392424502,-0.05375841270971422
0.0270994719228024,36.90108806727583,0.002433771294559,0.0024337741754677494,0.0379854660293451,0.03798666216046693,-5.08734030783198,-5.08559681696971,36.04457767919675,-0.0538829044480739
0.0271622271958624,36.815832250763634,0.0024450537727914,0.002445057307650109,0.0380846959610499,0.038082243101726615,-5.179054927011626,-5.17991757857316,35.95926368073046,-0.054007682639269354
0.0272251277936841,36.73077340823311,0.0024563915831252,0.0024563943204286955,0.0381968341426053,0.038200793209959,-5.169627581517437,-5.170333256915503,35.875024379335606,-0.0541327473493581
0.0272881740528014,36.64591108459821,0.0024677809022751,0.0024677845701315828,0.0382947200810182,0.03829006085978521,-5.066190051285084,-5.0646141484043445,35.789666025929364,-0.05425810033095315
0.0273513663105278,36.56124482582395,0.0024792246280948,0.00247922715016286,0.0383845050379273,0.03838842034489156,-5.116761187727336,-5.118135469731157,35.70263137209262,-0.05438374626940328
0.0274147049049577,36.47677417892465,0.0024907194006214,0.0024907234032640188,0.0384919338505893,0.03848953224326118,-5.181098015066661,-5.180079452004687,35.6191218884472,-0.054509686900668174
0.0274781901749686,36.39249869196098,0.0025022698528523,0.002502272057479342,0.0385504565626491,0.03855162346442176,-5.053890559793049,-5.053680930646282,35.53400685493225,-0.054635910673259416
0.0275418224602227,36.308417914037854,0.0025138691626703,0.0025138733509017957,0.0386754797081532,0.03867495213729571,-5.153693656499233,-5.1544862192638705,35.44803286241835,-0.054762434919589015
0.0276056021011687,36.22453139530199,0.0025255296314189,0.002525532025513063,0.0388230701057077,0.03882334821623239,-5.241918020586367,-5.242785934237667,35.366363494735936,-0.05488925031038017
0.0276695294390438,36.1408386869393,0.0025372413035239,0.0025372451500002193,0.0388705982461785,0.03887035902517766,-5.006395000588332,-5.00531231341593,35.28255655632986,-0.05501635189944132
0.0277336048158754,36.05733934117267,0.0025490063577767,0.0025490089447131803,0.0389311258065036,0.038931503159481795,-5.050512713264337,-5.049597599491974,35.194505624246354,-0.055143751365100184
0.0277978285744829,35.974032911259584,0.0025608218774175,0.0025608257019412834,0.0390210345042861,0.039020299373028554,-5.282835754649519,-5.2818644425020995,35.11264658111111,-0.05527145884298991
0.0278622010584795,35.890918951489766,0.0025726959009777,0.002572698628600021,0.0391458845115775,0.039147204384217434,-5.110006853447352,-5.1159931119433955,35.03173734819649,-0.055399444537225825
0.0279267226122744,35.80799701718233,0.0025846242099839,0.002584627894929803,0.0392483287872712,0.03924621647500318,-5.064013614907952,-5.058723352060896,34.94608398152248,-0.055527730282304816
0.027991393581074,35.72526666468426,0.002596609363178,0.002596612102690036,0.0393474988367467,0.039350682425472565,-5.120214046699621,-5.1193483459641325,34.862932638435865,-0.05565631827399319
0.0280562143108844,35.64272745136717,0.0026086493510532,0.002608653311802765,0.0394756484327485,0.039471306227805675,-5.116438860177833,-5.120045486722409,34.779179792904216,-0.05578520180711616
0.0281211851485128,35.56037893562553,0.0026207472664009,0.0026207495489187146,0.0395171092781169,0.039521880787469356,-5.183732757117156,-5.18199990861795,34.69739412769922,-0.05591438653790857
0.0281863064415695,35.47822067687407,0.0026328956130844,0.002632899948193109,0.0396355327587648,0.03963162018081596,-5.097336152044546,-5.098124119039984,34.615507902012446,-0.056043863649367046
0.0282515785384699,35.39625223554534,0.0026451076057089,0.002645110050248185,0.0397769089837657,0.03977928618300151,-5.075369359713923,-5.073734831496628,34.531635092419975,-0.05617364538871084
0.0283170017884362,35.314473173087464,0.0026573713325955,0.0026573749700107975,0.0398080576302667,0.03980691460563988,-5.166207730054158,-5.167919453604588,34.44941949265804,-0.05630372887619548
0.0283825765414992,35.23288305196195,0.0026696928885094,0.0026696963588145437,0.0399534350774733,0.03995392951062247,-5.1421353513464325,-5.140944198306344,34.36864747380588,-0.05643411061757487
0.0284483031485004,35.151481435641024,0.0026820721801985,0.0026820747758472805,0.0399935625167354,0.03999335077479456,-5.061647274675822,-5.062760813189457,34.28607667163948,-0.05656479424551159
0.0285141819610937,35.07026788860555,0.0026945057050709,0.002694510037774412,0.0401712413548976,0.04017133199564722,-5.172706021729588,-5.171759469672479,34.20383536037885,-0.05669578297586305
0.0285802133317473,34.98924197634263,0.0027070058870137,0.002707008279667014,0.0402838971208023,0.04028385823198367,-5.129943193157112,-5.130386397498208,34.124196429071674,-0.05682707236251288
0.0286463976137458,34.908403265343075,0.0027195558418701,0.0027195595994839845,0.0402776949685765,0.04027771172443309,-5.036615745775912,-5.037341347597589,34.0411032230396,-0.056958663525680554
0.0287127351611917,34.82775132309951,0.0027321643472635,0.002732167665981019,0.0404498164278233,0.04044980921358673,-5.1747439062906855,-5.171412695765806,33.95970379447897,-0.057090569330726565
0.0287792263290076,34.74728571810371,0.0027448348857095,0.0027448381037841257,0.0405485527140469,0.040548555683174115,-5.147369287941617,-5.152580100060657,33.880431778495215,-0.05722277182626205
0.0288458714729381,34.667006019844294,0.0027575612630077,0.002757564627751378,0.0405978579450142,0.04059785711511851,-5.090961038868819,-5.087638969600141,33.7992790286984,-0.057355280533169094
0.0289126709495513,34.58691179880491,0.0027703454679075,0.0027703487958236576,0.0407235210947575,0.04072352029395115,-5.079270971095978,-5.0792471432182325,33.71822520800164,-0.05748809795686141
0.0289796251162415,34.50700262646098,0.0027831920935898,0.0027831957115878403,0.0408729216996358,0.04087292486669391,-5.137439036595622,-5.138351738161549,33.63710832438017,-0.057621225768627424
0.0290467343312302,34.42727807527847,0.0027960983292985,0.002796101088116291,0.0409055322875706,0.040905524225280425,-5.1521081850539385,-5.151296856800922,33.5583286457856,-0.0577546621298437
0.0291139989535687,34.34773771871086,0.0028090600846517,0.0028090642718658575,0.0410306126974577,0.0410306318193526,-5.095391248553592,-5.097129232149038,33.47811830518361,-0.05788840124227921
0.0291814193431396,34.268381131197266,0.0028220874610376,0.0028220899504832497,0.0411590401364251,0.04115899562790696,-5.137750425283035,-5.135870588320639,33.398378685052826,-0.05802245396201839
0.0292489958606591,34.18920788815982,0.0028351730531316,0.0028351773910119155,0.0412794861471007,0.04127958904049216,-5.095101790070961,-5.096238441362772,33.31904201445142,-0.05815681367833798
0.0293167288676784,34.11021756600194,0.0028483233461998,0.0028483258014324097,0.0413628787523173,0.04136264367192182,-5.086149217034167,-5.084851482217518,33.23860449545177,-0.05829148882959909
0.0293846187265864,34.031409742105225,0.0028615276817964,0.002861531874701334,0.0414061755019555,0.04140665768008666,-5.152274697290041,-5.153271774678903,33.15958002140226,-0.05842647560466582
0.0294526658006108,33.952783994828124,0.0028747948756226,0.0028747975731028435,0.0415291591715802,0.04152838103174985,-5.138207739015015,-5.139066359182687,33.08153269430742,-0.05856177386342016
0.0295208704538206,33.87433990350307,0.002888123798458,0.0028881280166184226,0.0416822119588465,0.04168312707862092,-5.062853122366617,-5.061397558144772,33.00235083319786,-0.05869738152291749
0.0295892330511279,33.79607704843439,0.0029015185943568,0.002901521186093359,0.0417584561190183,0.04175768905382141,-5.093944331361322,-5.093652411521237,32.92236674552757,-0.05883331026073439
0.0296577539582899,33.717995010896004,0.0029149687394755,0.002914972800958189,0.041818354797188,0.0418188200796527,-5.167474173725963,-5.168575703125454,32.84458781308442,-0.05896955214566458
0.0297264335419107,33.640093373129346,0.0029284848039073,0.002928487931869728,0.04197736534578,0.04197715233086646,-5.109843418605581,-5.110062486842168,32.7671472306766,-0.059106106930304554
0.0297952721694433,33.56237171834112,0.002942063840018,0.002942067351452847,0.0420643423717789,0.04206440786656827,-5.07090563177127,-5.070319818112935,32.68815882800658,-0.059242977220597605
0.0298642702091918,33.48482963070077,0.0029557056405624,0.0029557091161185245,0.0421960841740286,0.042196118003534774,-5.134785624246575,-5.133424797396209,32.60991710353241,-0.0593801687558474
0.029933428030313,33.40746669533872,0.0029694134488412,0.0029694170442235326,0.0423239332618535,0.04232377582408148,-5.1263831358622,-5.1292397067907105,32.53290891214351,-0.05951767563431396
0.0300027460028188,33.33028249834361,0.0029831832653467,0.002983186340935344,0.0423545285507687,0.04235492557846503,-5.109237995698085,-5.107469597556658,32.455180889884794,-0.05965549881878685
0.0300722244975777,33.253276626760666,0.0029970121824784,0.002997016151514555,0.0424629690749489,0.04246204817371704,-5.087206594049982,-5.0867293776280285,32.37780334366887,-0.059793642319253056
0.0301418638863173,33.17644866858892,0.0030109095252314,0.003010912597357212,0.0426131348857734,0.042615028473326,-5.114136724048428,-5.115905646108477,32.299864690519975,-0.05993210772281294
0.0302116645416258,33.09979821277952,0.0030248707725652,0.00302487468160544,0.0427066046311369,0.0427035501608936,-5.139673421135925,-5.137793394727072,32.22371422045339,-0.06007089366190789
0.0302816268369542,33.02332484923331,0.0030388966008731,0.0030388995381309737,0.0427808696162548,0.04278445068618693,-5.058719568060427,-5.060171453014627,32.14649639302816,-0.060209995506271784
0.0303517511466186,32.94702816879833,0.0030529849014047,0.0030529891099772264,0.0429158156057579,0.04291284837700343,-5.124551543944257,-5.123870546791929,32.068994116271476,-0.06034942748203848
0.0304220378458017,32.870907763268136,0.0030671430162074,0.003067145879007524,0.0430300379141116,0.04303174558913936,-5.139471822263072,-5.139277150647994,31.993633456429816,-0.06048917863660934
0.0304924873105549,32.79496322537953,0.0030813634256851,0.003081367407413112,0.0431177447782336,0.04311719368675417,-5.056814367862723,-5.057050082703784,31.916819607243216,-0.060629252817480925
0.0305630999178007,32.71919414881,0.0030956524658636,0.003095655791286318,0.0432707180125413,0.04327032050560555,-5.1429756943516765,-5.143590735186509,31.8400999217269,-0.0607696521264195
0.0306338760453344,32.64360012817581,0.0031100082505063,0.003110011835524142,0.0433540787121405,0.043355522417045274,-5.14679281238397,-5.145619528810075,31.7656560965431,-0.06091037722994601
0.030704816071826,32.56818075903004,0.0031244288284231,0.0031244324336272295,0.043444488213398,0.04344196110749712,-5.012723121930652,-5.014309116897512,31.68905267134865,-0.06105142250036604
0.0307759203768227,32.492935637859865,0.0031389150836067,0.003138918451220395,0.0435318726165946,0.043534899562125334,-5.134274623489897,-5.132138288373866,31.611922162946076,-0.06119280322037446
0.0308471893407502,32.41786436208519,0.0031534671365933,0.0031534709835322164,0.0436484359537227,0.04364588069430355,-5.155253485001878,-5.156219091580472,31.53851072475855,-0.061334508790534294
0.0309186233449157,32.34296653005546,0.0031680897234127,0.0031680930167624567,0.0437971679976531,0.043798735300303746,-5.051491116495594,-5.053358711954676,31.462532777158422,-0.06147653654592921
0.0309902227715089,32.268241741048655,0.0031827811240612,0.0031827850771992813,0.0439128387835784,0.043912083078846774,-5.136261879410977,-5.133132946906622,31.38712889389057,-0.06161890079010531
0.0310619880036048,32.19368959526828,0.0031975396294896,0.0031975426411106197,0.0439591192529392,0.04395944651339154,-5.092163987900008,-5.094316126271456,31.312906629703278,-0.06176158965392261
0.0311339194251657,32.119309693841345,0.0032123627435906,0.0032123669748245335,0.0441081744146406,0.04410803387076623,-5.06307728769886,-5.062258047031922,31.237063266730726,-0.06190461023132237
0.0312060174210425,32.04510163881697,0.0032272615970357,0.003227264890600049,0.0442666884714479,0.04426674937062717,-5.145016489931538,-5.144294944644896,31.16257091811397,-0.06204796613798313
0.031278282376978,31.971065033163004,0.0032422256666778,0.003242229076990355,0.04427328269798,0.04427325485953006,-5.121247242142453,-5.123045153307115,31.089114969497086,-0.06219165123419389
0.0313507146796077,31.89719948076518,0.0032572555272066,0.0032572596834998264,0.0444286970469203,0.044428713132901906,-5.079764692687735,-5.079281863265133,31.014679203559318,-0.06233566477783036
0.0314233147164627,31.82350458642414,0.0032723611840098,0.0032723643036496274,0.0445674905829059,0.044567474049264644,-5.090096675023898,-5.088270950098625,30.94020422885223,-0.06248001465092291
0.0314960828759715,31.74997995585364,0.0032875335766013,0.0032875374877009604,0.0446440849120286,0.044644113676913816,-5.094988035479014,-5.097095549496957,30.866129786332465,-0.06262470005935086
0.0315690195474622,31.67662519567824,0.0033027777025485,0.0033027813902707158,0.044789158524886,0.04478910956773676,-5.126064001843163,-5.125393832839919,30.79253244032535,-0.0627697223122046
0.0316421251211642,31.60343991343169,0.0033180924808895,0.0033180958352123343,0.0448538022727318,0.04485383840135645,-5.08064417419831,-5.080300868230363,30.719401456672678,-0.0629150759158152
0.0317153999882109,31.5304237175541,0.0033334749407437,0.0033334789554805597,0.0449797006663367,0.044979812673837785,-5.0783679724017645,-5.078892894477456,30.64506934507412,-0.06306076835314259
0.0317888445406413,31.45757621739045,0.0033489333247482,0.0033489368201594597,0.0451440886212772,0.04514360912839162,-5.147552422212791,-5.146441153235939,30.57240764340373,-0.0632068013565334
0.0318624591714022,31.38489702318831,0.003364463478415,0.0033644671820252364,0.045219269145632,0.045220216471434566,-5.091218269695446,-5.092923291747287,30.49997832147756,-0.06335316620665023
0.0319362442743504,31.312385746095703,0.0033800627068752,0.0033800663497586558,0.0453060143369547,0.04530482611509295,-5.082400341727421,-5.082175542790901,30.426521739781236,-0.06349987232564175
0.0320102002442549,31.24004199815892,0.0033957343667085,0.0033957381645613118,0.0454514932539597,0.04545251161552778,-5.095316157866215,-5.093397322270603,30.353882457003127,-0.06364691833450696
0.0320843274767987,31.167865392320756,0.0034114816288451,0.003411485324134389,0.0455872225470416,0.04558659637452877,-5.06084693357024,-5.06213713749631,30.280799311042628,-0.06379430534911434
0.0321586263685812,31.095855542418143,0.0034273009127673,0.0034273044572194025,0.0456657423835803,0.04566604079414397,-5.149350384417506,-5.149941327804374,30.2082770272334,-0.06394203676459441
0.0322330973171201,31.024012063180344,0.0034431915050508,0.003443195534538473,0.045774661330215,0.04577454136065542,-5.128570894424283,-5.1279021470944945,30.137737741158396,-0.06409010675772756
0.032307740720854,30.952334570226384,0.0034591569053213,0.0034591602006410448,0.0458887589879963,0.045888789017340705,-5.005715607259058,-5.0063458946007415,30.06470820112909,-0.06423851388871289
0.0323825569791437,30.880822680063822,0.0034751954087214,0.0034751997377196024,0.0460299930710963,0.046030029639307975,-5.11743253322718,-5.115480074639294,29.9916450685518,-0.06438727645636876
0.0324575464922751,30.80947601008598,0.0034913107354576,0.003491313782450809,0.0461145180642547,0.04611438827663927,-5.141208810783893,-5.14333158207912,29.92144564042068,-0.06453637773565941
0.032532709661461,30.738294178570168,0.0035074963862466,0.0035075007817311817,0.0462319748851248,0.046232293630278955,-5.053890143417876,-5.05335221475179,29.84964600865677,-0.06468582165851285
0.0326080468888433,30.667276804675648,0.00352376198629,0.0035237653702592277,0.0463889586757545,0.04638822275356644,-5.100443699412877,-5.100462391211789,29.777775757683106,-0.06483561663828026
0.0326835585774952,30.59642350844153,0.0035401009950876,0.0035401047891117066,0.0464579829362247,0.04645949262274687,-5.116079266440969,-5.11501262044902,29.707119573488825,-0.0649857553848394
0.0327592451314232,30.525733910784894,0.0035565151159849,0.0035565192140355173,0.0466094700126027,0.04660704951529274,-5.042715473883353,-5.043862262894611,29.635870692322232,-0.0651362406766718
0.0328351069555694,30.4552076334986,0.0035730076990299,0.0035730109427943506,0.0467024182177533,0.04670520201408221,-5.125231750520699,-5.126195258928609,29.56419080613751,-0.06528707916592975
0.0329111444558138,30.38484429924917,0.003589572411728,0.0035895767655014,0.0468070762658549,0.04680493139428634,-5.115072435540833,-5.111329491998353,29.495049039156303,-0.06543826424781438
0.0329873580389761,30.314643531575136,0.0036062178799509,0.003606221337733605,0.0469649793360925,0.0469657839244257,-4.998486954808132,-5.003561531480643,29.423151543867082,-0.06558979427996821
0.0330637481128183,30.24460495488458,0.0036229392360518,0.003622943073561797,0.0470511165982011,0.04705182012796207,-5.193235825826152,-5.188650808468261,29.352426570026076,-0.06574169045350452
0.0331403150860464,30.17472819445359,0.0036397378831667,0.0036397420167976957,0.0471939209748352,0.047191931453176565,-5.08149053102126,-5.084285325584082,29.284688733475715,-0.06589392116445052
0.0332170593683131,30.105012876423807,0.0036566166477168,0.003656619927746631,0.0472945176224176,0.04729709293785241,-4.997586763304273,-4.998233202262995,29.211988195515357,-0.06604650751922149
0.0332939813702196,30.03545862780076,0.0036735693329151,0.00367357375332544,0.0474034618957423,0.04740124323342157,-5.175049306895334,-5.170192108515611,29.142705755538117,-0.06619946025380276
0.033371081503318,29.966065076451677,0.0036906042119362,0.003690607657918948,0.0475439058645957,0.047545275431109986,-5.055981444391113,-5.062762112124562,29.073857502593462,-0.0663527519615924
0.0334483601801134,29.89683185110361,0.0037077162412701,0.0037077201977360153,0.0476430806803244,0.0476424186673034,-5.07789323157464,-5.072902746205905,29.003074479913632,-0.06650640738800088
0.0335258178140664,29.82775858134118,0.0037249084691603,0.0037249125950419596,0.0477932046691042,0.047793492842810814,-5.114978199269216,-5.116069673017883,28.934517115272186,-0.06666041628670112
0.0336034548195946,29.75884489760521,0.0037421812964175,0.003742184594021921,0.0478683564954375,0.04786822936303702,-5.081154502090186,-5.083383168703688,28.865057400294425,-0.06681477957826515
0.0336812716120758,29.69009043118991,0.0037595300338828,0.003759534588727655,0.048007780317453,0.04800784314889793,-5.095110873224966,-5.092054336199414,28.796302285898886,-0.06696950240931136
0.0337592686078492,29.62149481424177,0.0037769655041666,0.0037769689244977855,0.0481719644537441,0.04817191818884983,-5.05045315744256,-5.05233490418531,28.726957764398843,-0.06712458118012382
0.0338374462242186,29.55305767975676,0.0037944790475727,0.0037944831097368554,0.0482395079704519,0.048239571760124104,-5.098895860818698,-5.098407555140343,28.657760304171422,-0.06728002318103259
0.0339158048794539,29.48477866157902,0.0038120721740498,0.003812076108840376,0.0483659621712138,0.04836584989551248,-5.091968697207859,-5.091839224793708,28.589755539452042,-0.06743582297209536
0.0339943449927935,29.41665739439872,0.0038297480647015,0.0038297519019805638,0.0484958539584338,0.04849601214903705,-5.040439444958103,-5.040593237664254,28.52068672861393,-0.06759198301666938
0.034073066984447,29.348693513749737,0.0038475055273171,0.003847509546251647,0.0486159990260327,0.048615882266346985,-5.117188231893662,-5.1165202259895,28.452085906717645,-0.06774850895216687
0.0341519712755968,29.28088665600827,0.0038653453851909,0.0038653492481648564,0.0487245133824806,0.04872441075712059,-5.125515584047481,-5.126513933701124,28.385156183240888,-0.06790539591867203
0.0342310582884008,29.213236458390487,0.0038832665673958,0.0038832704808668623,0.0488334076170069,0.048833922155055144,-5.051725515215763,-5.052207406415808,28.317162200700302,-0.06806263903077954
0.0343103284459944,29.14574255895082,0.0039012715044849,0.003901275607998131,0.0489924425229086,0.04899149188651104,-5.07042550083545,-5.068568885538809,28.24874066816536,-0.06822025031515794
0.0343897821724929,29.07840459657993,0.0039193629699168,0.003919366767448607,0.0491312302170416,0.049132290713148286,-5.077315599729494,-5.07851849055047,28.181089157008916,-0.06837822752572723
0.0344694198929938,29.0112222110027,0.0039375373305091,0.003937541434009986,0.0492345323361645,0.04923389316394254,-5.078800561553743,-5.078292606410476,28.11334041117067,-0.06853657168106887
0.034549242033579,28.944195042776418,0.0039557948294369,0.003955798651161127,0.0493446233366339,0.049344570700085966,-5.094244577226091,-5.094896637227746,28.04622216393534,-0.06869528207363731
0.0346292490213171,28.87732273328882,0.0039741364991345,0.003974140700238114,0.0494777053771176,0.04947823064631837,-5.085301946914635,-5.08541648008365,27.979191965158353,-0.06885435856366337
0.0347094412842655,28.810604924756323,0.0039925639174179,0.003992567704780366,0.0495833225047561,0.049582748503634394,-5.051465530637252,-5.049771884922589,27.912031014869232,-0.06901380365850264
0.0347898192514732,28.74404126022167,0.0040110742817714,0.0040110782916512305,0.0497092586787628,0.04970964087453732,-5.07675606787846,-5.0790205643667194,27.84453482300949,-0.06917361902475207
0.0348703833529825,28.67763138355257,0.0040296744598964,0.004029678905012934,0.0499090814592758,0.0499088814164692,-5.133722405423683,-5.131834221167524,27.778563583072817,-0.0693338063747405
0.0349511340198316,28.611374939439465,0.0040483635394589,0.0040483668056793196,0.0499684742134009,0.04996859087697994,-5.030475447468644,-5.032230744576823,27.7123195381483,-0.06949435763983354
0.035032071684057,28.54527157339362,0.0040671310277354,0.004067135746035266,0.0500719223189804,0.05007180302473472,-5.066848200122712,-5.065760198260339,27.644611448888792,-0.0696552855835319
0.0351131967786956,28.479320931745377,0.0040859907595103,0.004085994474183646,0.050254757129469,0.05025496803268212,-5.116394085012246,-5.1150477746540925,27.579306279826046,-0.06981658920091881
0.035194509737787,28.413522661642254,0.0041049376210539,0.004104941677037621,0.0503461970880676,0.050345742636905985,-5.040441631079904,-5.044172936055167,27.512945697303305,-0.06997826006924514
0.0352760109963762,28.347876411046787,0.0041239703637906,0.0041239745877511644,0.0504715543865568,0.050472476344994924,-5.105360982163745,-5.102343637989515,27.44677699917812,-0.07014030982977514
0.0353577009905153,28.28238182873513,0.0041430920862189,0.0041430959217372805,0.0505939143580321,0.05059242940734302,-5.049089393714348,-5.0489647479120485,27.381531005176583,-0.07030273030239326
0.0354395801572665,28.217038564294644,0.0041623019984613,0.0041623063036569305,0.0507457249066036,0.05074747138627403,-5.04937032342928,-5.051034178630643,27.314654938689586,-0.07046553173889938
0.0355216489347039,28.15184626812245,0.0041816040262397,0.0041816080349243116,0.0508867276365064,0.05088526097658691,-5.167365503444534,-5.1666930022555295,27.25015957156727,-0.07062871157772661
0.0356039077619161,28.08680459142339,0.0042009938974398,0.004200997874187826,0.0509713091508191,0.05097220668489618,-5.019288050988013,-5.019969080001344,27.185701219266676,-0.07079225976847607
0.0356863570790087,28.02191318620797,0.0042204714796229,0.0042204758345047895,0.0511091872545851,0.05110875627744321,-4.985248431115451,-4.983299715107411,27.118228956161364,-0.07095619182264963
0.0357689973271062,27.95717170529092,0.0042400404509265,0.004240044227197753,0.0512346235228882,0.05123480633504773,-5.169553126487902,-5.169882953113783,27.05343658386254,-0.07112051366617546
0.0358518289483548,27.892579802288967,0.0042596996738507,0.004259704201406634,0.0513843414493249,0.05138427177967389,-5.1086402576469965,-5.111881166261726,26.990495322113592,-0.07128520307090536
0.0359348523859246,27.828137131619112,0.0042794537849118,0.004279457648537714,0.0515199484321597,0.051519958226694564,-4.99352068786656,-4.990398819795822,26.924887750748596,-0.07145027336245635
0.0360180680840119,27.763843348496835,0.0042992953097533,0.004299299340918791,0.0515979002693947,0.051597942322730385,-5.065301090683793,-5.064897159495143,26.859294597058785,-0.07161573229049287
0.0361014764878415,27.69969810893432,0.0043192288176641,0.004319233473864155,0.0517937006587558,0.051793575895910424,-5.125446989449786,-5.127194662961532,26.795562431342315,-0.07178157474643045
0.0361850780436696,27.6357010697382,0.0043392604331485,0.004339264069757801,0.0519046088857416,0.0519049084869007,-5.049141604288345,-5.049482777176807,26.731806861268186,-0.07194779535273771
0.0362688731987855,27.57185188850824,0.0043593773944018,0.00435938162546447,0.0519726696961796,0.05197198043471554,-5.031803434089442,-5.030056533678698,26.66669672569051,-0.07211440298367316
0.0363528624015144,27.50815022363526,0.0043795897194373,0.00437959451013893,0.0521921519417158,0.05219356977827504,-5.087267120921394,-5.087590394916681,26.602693922581782,-0.07228140119406518
0.0364370461012197,27.44459573429927,0.0043999001957031,0.004399903312106671,0.0522662933790449,0.052263990469121425,-5.0847186870485945,-5.08601641363426,26.539179605600566,-0.07244878175626229
0.0365214247483055,27.381188080467684,0.0044202965419204,0.004420301832513374,0.0523943898797903,0.052397151780205646,-5.066690830372282,-5.065332854081074,26.475701473277436,-0.07261655165612564
0.0366059987942187,27.317926922893665,0.0044407956055854,0.00444079905210521,0.0525862586099831,0.052583783365584426,-5.056546906002886,-5.058027760485125,26.41193930357245,-0.0727847068726048
0.0366907686914518,27.254811923114048,0.0044613867797665,0.004461391406223225,0.0526704196485102,0.05267234862695027,-5.07013823438815,-5.068304845841274,26.348480000037814,-0.07295325371973206
0.0367757348935451,27.19184274344768,0.004482073079166,0.004482077040235416,0.052821907117496,0.052819964194296624,-5.035962143786463,-5.036833548490418,26.28509162413726,-0.07312219006260538
0.0368608978550893,27.129019046993516,0.0045028572179507,0.0045028617870696555,0.0529875128983175,0.052990432226705735,-5.088651256697401,-5.0891837754481255,26.221516571620334,-0.0732915212700203
0.0369462580317276,27.06634049762901,0.0045237390378549,0.004523742947023529,0.0530899341467777,0.053085560062165395,-5.095048500064473,-5.09408764520046,26.15958029493399,-0.07346124147769695
0.0370318158801585,27.00380676000812,0.0045447129685023,0.004544717370768159,0.0531815837072655,0.05318663933337005,-5.004894069509796,-5.0062537570643,26.096247731682105,-0.07363135149036666
0.037117571858138,26.9414174995596,0.0045657832367596,0.004565787544187249,0.0533257765755469,0.053321551528582,-5.077605047808021,-5.07552004376322,26.032900774294525,-0.07380186192407699
0.0372035264244823,26.879172382485123,0.0045869520548728,0.004586956172271,0.0534703984107047,0.05347298100613575,-5.092081305897569,-5.093317338587725,25.971209263777144,-0.07397276541339123
0.03728968003907,26.817071075757607,0.004608221174263,0.004608225745802962,0.0536470148270287,0.053645772758650505,-5.044699171265004,-5.04580299483594,25.908704075580815,-0.07414406067461542
0.0373760331628445,26.75511324711954,0.0046295916072768,0.00462959558941433,0.0537721230887928,0.053772651282863605,-5.0691942491322814,-5.067475299332634,25.846356049318366,-0.07431575515315754
0.0374625862578169,26.693298565080813,0.0046510573336259,0.004651061831088197,0.0538708646466571,0.05387076477499269,-5.034509094621004,-5.034528508667876,25.78423652994559,-0.07448784616664976
0.037549339787068,26.63162669891736,0.0046726222166259,0.004672626429612976,0.0540233467086977,0.05402276288578857,-5.05377104106817,-5.054547263398435,25.721646995392728,-0.0746603386167869
0.0376362942147512,26.57009731866904,0.0046942882418646,0.004694292658974999,0.0541658956552837,0.054167634104097404,-5.115809724115207,-5.115836845187772,25.660494242750424,-0.07483323186942484
0.0377234500060944,26.50871009513831,0.0047160547751714,0.004716059044288779,0.0542907692787444,0.05428803785210203,-5.026344038670709,-5.026603262644257,25.599298344198267,-0.07500651686203569
0.0378108076274032,26.447464699887945,0.004737921337178,0.004737925608777776,0.0544334722031704,0.0544362700677454,-5.008722663730698,-5.007262566282207,25.536517311626557,-0.07518020842319406
0.0378983675460628,26.386360805239708,0.0047598907851175,0.004759895415878964,0.054601108612022,0.05459886953146052,-5.112423192880131,-5.112693279427219,25.475267088752826,-0.07535430880911101
0.0379861302305409,26.325398084272315,0.004781963573276,0.004781967497781811,0.0547118840902891,0.05471385263233619,-5.086742377179833,-5.0894937303813865,25.415083376935282,-0.07552880227229265
0.0380740961503899,26.2645762108199,0.0048041352175767,0.004804140117746069,0.0548401640954823,0.0548379651350641,-5.009478410435399,-5.006417285613993,25.353694828433,-0.07570370048347762
0.0381622657762498,26.20389485947,0.0048264108541657,0.004826414590434244,0.0549714197469361,0.054973762593701576,-5.020753247937258,-5.0210924680102025,25.29179719598587,-0.07587900759179943
0.0382506395798501,26.143353705562244,0.0048487876030855,0.004848792728193878,0.0551342783714585,0.0551322956603261,-5.114222784151393,-5.115206108011823,25.23112229950992,-0.07605472355996494
0.0383392180340132,26.08295242518601,0.0048712731502648,0.0048712769206481115,0.0552781160323376,0.055279527642632366,-5.067545754800929,-5.067339166392014,25.171589040198544,-0.0762308410102171
0.0384280016126559,26.022690695179406,0.0048938591122417,0.0048938638461457976,0.0553975926021593,0.05539639325874767,-4.996994145460701,-4.997880522105026,25.110200570467455,-0.07640736393712128
0.0385169907907928,25.96256819312693,0.0049165520805881,0.004916556608457887,0.0555733430397569,0.055575079967756465,-5.078449086310166,-5.075441216189183,25.049480282056884,-0.0765843036624696
0.0386061860445384,25.902584597358057,0.0049393500192126,0.004939353918241522,0.0556672362068403,0.05566405483808116,-5.045311812007701,-5.048268232098145,24.989701594470546,-0.07676164684809957
0.0386955878511099,25.842739586945367,0.0049622505519597,0.004962255747128603,0.0558397834735219,0.055844792404115454,-5.059990416041788,-5.059625897475578,24.929129703028128,-0.0769394044712218
0.0387851966888295,25.78303284170296,0.0049852627414836,0.004985266556173189,0.0559826124638684,0.05597677705137465,-5.06697197138127,-5.065100291625242,24.86980837948574,-0.07711757262908038
0.038875013037127,25.723464042184755,0.005008376605015,0.005008381326214374,0.0560924925289686,0.056097307034784306,-5.009807455841097,-5.012205092139107,24.809430410621392,-0.07729614995335742
0.0389650373765424,25.66403286968272,0.0050315998249192,0.0050316045034260294,0.0562724781112023,0.05626974370070829,-5.086912381713272,-5.0849625123460624,24.74959064598695,-0.07747514727132107
0.0390552701887288,25.604739006224985,0.0050549304810168,0.005054934324553085,0.0563605422444049,0.056361338307951855,-5.049154622255616,-5.050394472320421,24.690748990830077,-0.07765455266051054
0.0391457119564544,25.545582134574477,0.0050783653797504,0.0050783707729747125,0.0565334116875294,0.05653413850939719,-5.012326778742898,-5.012025599898276,24.63058482843665,-0.0778343760174366
0.0392363631636055,25.486561938227,0.0051019150694672,0.0051019186148152035,0.0566932988482532,0.056691367747698715,-5.080629944420213,-5.0796197796505025,24.57132665060432,-0.07801461746272978
0.0393272242951887,25.42767810140977,0.005125570742618,0.0051255761579354206,0.0568365603132615,0.0568390732040327,-5.052738625427508,-5.054819374336396,24.512678961590602,-0.07819527381159977
0.0394182958373343,25.368930309079182,0.0051493401493698,0.005149343876082338,0.0569831264841994,0.05698085375107273,-5.01982291031851,-5.018343213156335,24.453282966042973,-0.07837634896608431
0.0395095782772977,25.310318246919948,0.0051732151522802,0.005173220312365171,0.0571054855622866,0.05710719093206727,-5.040517081950208,-5.039855357042008,24.394084743264994,-0.07855784448968181
0.0396010721034632,25.251841601342605,0.0051972030553847,0.00519720712760231,0.0572627691043759,0.05726119029503828,-5.070375116749279,-5.0721248470997375,24.33547226120146,-0.07873976192333763
0.0396927778053456,25.1935000594825,0.0052213006157752,0.005221305491200085,0.0573962883570679,0.057398737966617056,-5.066255994457874,-5.065261262089736,24.27738696477535,-0.07892209882839847
0.0397846958735937,25.13529330919757,0.0052455113237053,0.005245515745761475,0.0575589620877662,0.05755442338616161,-5.010719917456018,-5.011460784734926,24.218797741454463,-0.0791048534731132
0.0398768267999922,25.07722103906712,0.0052698339435548,0.005269838393241537,0.0576848147238127,0.05769170745816286,-5.040703669379375,-5.0393249184822055,24.159859387603426,-0.07928803621193171
0.0399691710774649,25.019282938389782,0.0052942674577041,0.005294272469610592,0.0578326921624412,0.057825709638624496,-5.053463228222696,-5.054269637402511,24.102010459334352,-0.07947164298425738
0.0400617292000768,24.961478697182223,0.0053188157603512,0.005318819666077408,0.0579760573711645,0.057979187176136995,-5.042189714842256,-5.0431463019926035,24.043793160613156,-0.07965567328543932
0.0401545016630374,24.90380800617704,0.0053434764101184,0.005343481744316547,0.0581358403981304,0.05813855167580628,-5.045288470819256,-5.043247924678465,23.98606290252775,-0.07984013314342406
0.0402474889627026,24.8462705568216,0.0053682548248119,0.005368258916765468,0.0582955044599532,0.05828901795088396,-5.019292700338894,-5.021375189396032,23.92795927360005,-0.08002501505197603
0.040340691596578,24.788866041275988,0.0053931460307336,0.0053931508742073395,0.0584301208458465,0.05843650042078813,-5.066754897762988,-5.064761457389851,23.870234967081807,-0.08021033135929698
0.0404341100633211,24.73159415241162,0.0054181536524269,0.005418158291080703,0.0585838723147518,0.0585797834399658,-5.033178805054471,-5.034874152935005,23.813149998261252,-0.08039606990174916
0.0405277448627442,24.674454583809485,0.0054432760589199,0.00544328052510814,0.0587114695385686,0.05871346298242145,-5.032623783693724,-5.032244082092727,23.755236518569465,-0.08058224288981601
0.0406215964958171,24.61744702975848,0.0054685138818613,0.005468518797792061,0.0588746921240963,0.05887382827979958,-5.046364662423234,-5.044974916947677,23.698306877928708,-0.08076884667669341
0.0407156654646698,24.560571185253742,0.0054938714256347,0.005493875890738588,0.0590370138781922,0.05903738425595989,-5.017777082705765,-5.019752271654877,23.640813158044296,-0.08095587988033723
0.040809952272595,24.503826745995177,0.0055193451776178,0.005519349887096039,0.0591693298048646,0.059169170935865885,-5.0689667481890375,-5.067843112089741,23.58390988067163,-0.08114335156169987
0.0409044574240507,24.44721340838584,0.0055449372611773,0.005544942073550466,0.0593375398539898,0.059337608545839755,-5.027324514313069,-5.027488111875657,23.527451699123457,-0.08133125103300112
0.0409991814246634,24.390730869530035,0.0055706493578497,0.0055706538944174195,0.0594772353966335,0.059477204418591126,-5.005339504754682,-5.005480047485806,23.470049846314833,-0.08151958791161167
0.0410941247812304,24.334378827231927,0.0055964772048082,0.005596481891056637,0.0595990746456825,0.0595990915346724,-5.0778727259818,-5.077513191790057,23.413565168226953,-0.08170836517557574
0.0411892880017225,24.278156979993945,0.0056224251837977,0.00562243019016517,0.0597779626674106,0.059777947063941926,-5.033024544456972,-5.033721585480439,23.35772264324588,-0.08189757403289609
0.0412846715952871,24.22206502701492,0.0056484961891735,0.00564850036850515,0.0599352449209432,0.05993527093209187,-4.99426178091568,-4.994148879422874,23.300691419984734,-0.0820872188924772
0.0413802760722502,24.166102668188927,0.0056746877966211,0.005674693358620853,0.0601275860043158,0.060127530234660435,-5.05944874488895,-5.058097082314399,23.24435480775505,-0.08227731162068504
0.04147610194412,24.110269604103152,0.0057010049943124,0.005701008831300143,0.0602392821240572,0.06023940904899047,-5.03589940052105,-5.037405617271418,23.18869940713469,-0.08246783816627493
0.0415721497235892,24.05456553603655,0.005727434962399,0.0057274403028061555,0.0603499194778379,0.06034962750407952,-5.028013098165825,-5.028224697547179,23.132481494122,-0.08265880743993416
0.0416684199245373,23.998990165958503,0.0057539920695732,0.005753996852182034,0.0605707535194224,0.06057141994936207,-5.041266063111412,-5.040249088316827,23.07688215498605,-0.08285021899612098
0.0417649130620344,23.943543196526637,0.0057806737134148,0.005780677987394951,0.0606822494585513,0.060680882193350966,-4.991548717777965,-4.991105019190643,23.020879156328316,-0.0830420719193424
0.041861629652343,23.88822433108573,0.0058074745076124,0.005807480009689925,0.0608495110045986,0.0608517208951166,-5.045185550426571,-5.046913821683257,22.96484698020133,-0.0832343738858715
0.0419585702129213,23.83303327366589,0.0058344044520281,0.005834408612392934,0.0610119403871033,0.061009328572048875,-5.087389087219439,-5.086203639476789,22.910292804648797,-0.08342712059694157
0.0420557352624257,23.777969728981063,0.0058614557604085,0.005861461012048043,0.061148712171866,0.06115094015439792,-4.960590786520161,-4.96066037429792,22.855038795381624,-0.08362030577133835
0.0421531253207137,23.72303340242742,0.0058886348621152,0.00588863943734444,0.0613357993593507,0.06133434429921879,-5.025678834867524,-5.026379350753325,22.79855916456751,-0.08381394554308812
0.0422507409088466,23.66822400008178,0.005915940136884,0.00591594508967428,0.0614848073800324,0.06148573365197765,-5.108749630177741,-5.107010305125941,22.74477933342602,-0.08400803581698289
0.0423485825490925,23.61354122869997,0.0059433727441326,0.005943377657144945,0.0616422312600448,0.06164130376070071,-4.943800783793124,-4.946890810619987,22.689836829155222,-0.08420256386980683
0.0424466507649288,23.55898479571542,0.0059709307057198,0.005970935165836085,0.0617693904987309,0.06177084477351184,-5.030309567914484,-5.027160874581176,22.633671897068986,-0.08439755514330412
0.0425449460810452,23.50455440923744,0.005998614415368,0.005998620042439964,0.0619519103072921,0.06194968742855382,-5.079624600364227,-5.080259893595344,22.580243939296864,-0.08459299469369956
0.0426434690233463,23.4502497780498,0.0060264310429579,0.006026434924014107,0.0620951239064347,0.062097764485909486,-4.973480165294152,-4.976398038690352,22.525344024875245,-0.08478888000735335
0.0427422201189548,23.39607061160897,0.0060543708417256,0.006054376729202542,0.0622527844771136,0.06225038666318452,-5.047128884754888,-5.04246460876969,22.47056311521054,-0.08498522831601221
0.0428411998962139,23.342016620042784,0.0060824461105293,0.006082450217079909,0.0624382916879508,0.062440260586043045,-5.0240981460053336,-5.02772276929298,22.416785366426026,-0.08518202476851727
0.0429404088846904,23.28808751414874,0.0061106487133357,0.0061106541881476885,0.0625760463680761,0.06257387027559327,-5.015734310250023,-5.0148769049895545,22.362176750819742,-0.08537927869875078
0.0430398476151773,23.234283005392573,0.0061389826307311,0.00613898706952137,0.0627309971720837,0.06273435453092713,-5.0220376195491365,-5.020328873387424,22.308380963348704,-0.08557699107738871
0.043139516619697,23.18060280590654,0.0061674465833944,0.00616745209607604,0.0629053431606929,0.06290087076491716,-5.003993965457244,-5.006479145248027,22.254029867586265,-0.08577515907500274
0.0432394164315036,23.12704662848814,0.0061960452939325,0.00619604945532327,0.063063311211075,0.06306661240138549,-5.06426717374988,-5.062314177979386,22.200504692910016,-0.08597379022411654
0.0433395475850865,23.07361418659821,0.0062247743143942,0.006224780199088301,0.0632275478987162,0.06322819965202119,-5.000478688080847,-5.00206401910207,22.147250226843358,-0.08617287409134741
0.0434399106161724,23.020305194359825,0.0062536392811659,0.006253643376052666,0.0633831333082104,0.06337872950179933,-4.99629082207847,-4.994950076795528,22.092942195368057,-0.08637242284186938
0.043540506061729,22.967119366556343,0.0062826340072048,0.006282639651610419,0.0635394350011334,0.06354452787925684,-5.045368947802089,-5.046033195052296,22.03978033448401,-0.08657243556296786
0.0436413344599672,22.914056418630228,0.0063117666326233,0.006311771219343576,0.0637073212743016,0.06370391401959845,-5.006360630507447,-5.006718931678682,21.98657417584965,-0.08677290809580158
0.0437423963503444,22.8611160666813,0.0063410305874211,0.006341035651256182,0.0638426406670864,0.0638441948042738,-4.995197257188407,-4.993514895239925,21.933049783882932,-0.08697384642614707
0.0438436922735671,22.808298027465387,0.0063704317541401,0.006370437058565416,0.0640509551354403,0.0640505930842936,-5.049955511305057,-5.052248562216043,21.879953676026574,-0.08717525315009733
0.043945222771594,22.75560201839267,0.0063999724723657,0.006399976967683359,0.0641994695295233,0.06419891009084586,-5.045549464200146,-5.044410882953208,21.827789497555298,-0.08737712243627736
0.0440469883876389,22.7030277575262,0.0064296469186111,0.006429652575615048,0.0643611971413815,0.06436289598312271,-4.942385692300801,-4.9424566305736715,21.77458446972266,-0.08757945332377391
0.0441489896661736,22.650574963580365,0.0064594610862467,0.006459465496428099,0.0645276653987298,0.06452456324838951,-5.023001827127289,-5.022115692160714,21.720915041024877,-0.0877822642200279
0.0442512271529305,22.598243355919585,0.0064894104010208,0.006489416000073089,0.0646793166613619,0.06468371345956504,-5.079788161889883,-5.081002147501339,21.669438574767884,-0.0879855421771038
0.044353701394906,22.546032654556527,0.0065195012105997,0.0065195059346729815,0.0648587724961612,0.06485395453346998,-4.97108026913291,-4.972147909229129,21.61709768300156,-0.0881892832606046
0.044456412940363,22.49394258015084,0.006549730352818,0.006549735541048795,0.065019385244946,0.06502219324416213,-4.982224463952135,-4.979400467298021,21.56394929039311,-0.08839350174250168
0.0445593623388344,22.441972854007368,0.0065800997777236,0.006580104815662576,0.0651811944562385,0.06518278182632666,-5.029453119478051,-5.030373534786752,21.5117589670397,-0.08859819506796576
0.0446625501411252,22.39012319807511,0.0066106090561614,0.006610614418042665,0.0653491033255462,0.06534509051013362,-5.034366083264571,-5.03609552669024,21.459980213983037,-0.08880336158351215
0.0447659768993163,22.338393334945245,0.0066412612181044,0.006641265861063856,0.0655190733425788,0.06552059389808056,-5.020527529867127,-5.018893776619122,21.40833667650428,-0.08900899990191884
0.0448696431667668,22.286782987850035,0.0066720553923307,0.006672060960560728,0.0657031133662004,0.06570521795191989,-4.972636174462123,-4.972998584470004,21.35627410213484,-0.08921511313030642
0.0449735494981174,22.2352918806611,0.0067029944738599,0.0067029993491072555,0.0658674072951671,0.06586456995094304,-5.011050326334477,-5.011423218603781,21.30403252514386,-0.08942170673308815
0.0450776964492932,22.18391973788802,0.0067340732926988,0.006734078448199146,0.0660014495752664,0.06600313914888802,-5.0282709820329,-5.026608794244339,21.252876923250085,-0.08962878222606803
0.0451820845775067,22.13266628467684,0.0067652965475597,0.006765301882373521,0.0662072279226455,0.06620648423116937,-4.978408371969014,-4.9815183230232245,21.201192484583174,-0.08983633068769252
0.0452867144412605,22.081531246808776,0.0067966682625681,0.006796673296225063,0.0663823509979598,0.0663826703531334,-5.045805420328583,-5.0429997505672155,21.14972331897895,-0.09004436547986966
0.0453915866003509,22.030514350698407,0.0068281825078687,0.0068281875503474875,0.0665152418294527,0.06651510481264433,-4.981122829394954,-4.982147065484524,21.099054339535385,-0.09025287629947003
0.0454967016158704,21.979615323392476,0.0068598425319103,0.0068598481791530405,0.0667260629838936,0.06672612225685406,-4.9784849255112,-4.979230581259429,21.046881323686502,-0.09046187210521822
0.0456020600502107,21.9288338925684,0.0068916524237668,0.006891656988287065,0.0668704708411755,0.06687044404439532,-5.065724400392251,-5.063434156124361,20.996527428052776,-0.09067135855483803
0.0457076624670661,21.87816978653269,0.0069236045272521,0.006923610318160169,0.0670317525007524,0.06703176725708845,-4.96872185620358,-4.972027048543892,20.945872136334494,-0.09088131701864069
0.0458135094314361,21.82762273421963,0.0069557091566897,0.006955714072463054,0.067237879819442,0.06723786591791278,-4.999156154643024,-4.996501130378006,20.894435121833048,-0.09109177106196684
0.0459196015096286,21.777192465189756,0.0069879610947861,0.006987966314461113,0.0673768236195339,0.06737684708274931,-5.017988844911492,-5.018873793340104,20.84421393474421,-0.09130270984541501
0.046025939269263,21.7268787096284,0.0070203619353558,0.0070203674282346635,0.0675809774396974,0.06758092696000183,-4.974224031515313,-4.974371310843418,20.793373177274322,-0.09151413691382881
0.0461325232792731,21.6766811983443,0.007052916961297,0.0070529220143113365,0.0677616815500022,0.06776179651433716,-5.013981894848307,-5.013632603767209,20.74281024958996,-0.09172605491469268
0.0462393541099102,21.62659966276813,0.0070856194271918,0.007085624699308824,0.0678903377443938,0.0678900732796657,-5.02356856072986,-5.02405503735972,20.692849716795546,-0.09193846378049202
0.0463464323327462,21.57663383495103,0.0071184712161134,0.007118476661962214,0.0680655493268011,0.06806615232989108,-4.969020086193604,-4.968854950293326,20.64268153255931,-0.09215136048394136
0.0464537585206766,21.526783447563226,0.0071514766760471,0.007151481695515102,0.0682551345849371,0.06825391255437925,-4.988991521344517,-4.988469021449326,20.59202480532558,-0.09236475406505226
0.0465613332479235,21.4770482338926,0.0071846364532418,0.007184642177035005,0.0684569221639774,0.06845880364096146,-5.029197392366338,-5.029400677657735,20.542430922815257,-0.09257864378300726
0.0466691570900389,21.427427927843176,0.0072179528333646,0.007217957729692168,0.0686185827846767,0.06861670420201758,-4.987885243559652,-4.989122700262576,20.49272043845766,-0.0927930228378903
0.0467772306239074,21.37792226393389,0.0072514191017751,0.00725142466654718,0.0687717582511572,0.06877249779187883,-4.985103931873795,-4.983013114459739,20.442750437932123,-0.09300790175542659
0.0468855544277498,21.32853097729687,0.0072850420522433,0.007285047341606799,0.0689750242003505,0.06897599626269911,-4.9942783936010215,-4.995787996947055,20.393064106697278,-0.09322327712865837
0.0469941290811256,21.279253803676365,0.0073188222594983,0.007318827689121306,0.0691511576156,0.06914908469151208,-5.011915886282156,-5.011460310287117,20.34361749761888,-0.09343915352354988
0.0471029551649366,21.23009047942705,0.0073527579413241,0.0073527630650429875,0.0693097250478639,0.06931175646442465,-4.980624601521297,-4.980445451238388,20.294411848365783,-0.09365552657735784
0.0472120332614299,21.181040741512717,0.0073868500783873,0.0073868558636497415,0.0695060668338052,0.06950469043479396,-4.9817009755719,-4.9822973253919205,20.2446940627022,-0.0938724022397434
0.0473213639542006,21.132104327504965,0.0074211022265706,0.007421107157225093,0.0696694649111182,0.06967033727196581,-5.016944543618876,-5.01585028493255,20.195783066602736,-0.09408978231053196
0.0474309478281957,21.08328097558156,0.0074555096541236,0.007455515392762909,0.0698430935886393,0.06984224161696817,-4.971333965840886,-4.9726480682676995,20.146783797301826,-0.09430766098659138
0.0475407854697163,21.03457042452537,0.0074900803499461,0.007490085665838507,0.0700640572574554,0.07006537143304152,-4.995694446821303,-4.994710922250171,20.097532566740018,-0.09452604779567546
0.0476508774664217,20.985972413722564,0.0075248126822428,0.007524818102649359,0.0702292517935873,0.07022726706504145,-5.007791779776057,-5.007974982619837,20.049068176190055,-0.09474493990602899
0.0477612244073316,20.93748668316164,0.0075597035123646,0.007559708854309885,0.0703880204811022,0.07039031637570899,-4.970396208018694,-4.971296722256352,20.000247659155452,-0.09496433561149069
0.0478718268828302,20.8891129734316,0.007594754965197,0.007594760671299983,0.0705735006059598,0.07057158946223915,-4.986631540328496,-4.985278913615902,19.951453901868152,-0.09518424299745012
0.0479826854846684,20.84085102572101,0.0076299694478986,0.007629974496146131,0.0707485350114248,0.07074968020332344,-4.984374892841151,-4.9849022285982105,19.90299097946955,-0.09540465916283762
0.0480938008059678,20.79270058181622,0.0076653467312602,0.007665352778420499,0.070955004760376,0.07095451164896731,-4.992914734618386,-4.993145183119791,19.854532374470512,-0.09562558610362415
0.0482051734412233,20.74466138410025,0.0077008915033024,0.007700896350759847,0.0711276550360418,0.07112772955787898,-5.004469645936677,-5.004492650754479,19.806519579944567,-0.09584702321138103
0.0483168039863066,20.69673317555128,0.0077365969578078,0.007736602989514428,0.0713016585915516,0.07130194784422993,-4.968031154360592,-4.968083561285222,19.758392818969774,-0.09606897121786762
0.0484286930384692,20.648915699741323,0.0077724712610328,0.007772476484590099,0.0715097580807503,0.07150890037350958,-4.963549073185412,-4.962837174899352,19.709956780858533,-0.09629143557309694
0.0485408411963458,20.60120870083481,0.007808510525031,0.00780851603376269,0.0716693249800705,0.07167120321159859,-4.999752430078457,-5.000156532397052,19.661979703251262,-0.09651441788644158
0.0486532490599573,20.55361192358728,0.0078447161682488,0.007844721997130601,0.0718740892863918,0.07187076029748894,-5.001174522264171,-5.001471813180655,19.614482077104746,-0.0967379137722256
0.048765917230714,20.506125113344016,0.0078810925067668,0.007881097570632116,0.0720496604895415,0.07205432011457193,-4.971976915142763,-4.972258041330403,19.566804505184596,-0.09696192410411991
0.0488788463114192,20.45874801603853,0.0079176335440242,0.00791763970815045,0.0722220590986187,0.07221726037933761,-4.9724593999846665,-4.971436912896878,19.518999225319494,-0.0971864564678413
0.0489920369062718,20.411480378191484,0.0079543455176879,0.007954350336546177,0.0724126377387009,0.07241531705610092,-4.976316944471619,-4.97652683936694,19.471451093597302,-0.09741150909149814
0.0491054896208701,20.364321946909055,0.0079912269149708,0.007991233364431,0.072617983391841,0.07261921897003523,-4.992281606345847,-4.9933382188677085,19.424047975463917,-0.0976370819563619
0.0492192050622147,20.317272469881765,0.0080282827748752,0.00802828761217252,0.0727959353133786,0.072791560709871,-4.989931213418645,-4.988748980144743,19.37705081271066,-0.09786317811719593
0.0493331838387118,20.27033169538308,0.008065506027692,0.008065512104129863,0.0729705543068814,0.07297528666996347,-4.945172308101308,-4.945912211412249,19.329694853427103,-0.09808979412338827
0.0494474265601766,20.22349937226801,0.0081029044511105,0.008102909891651203,0.0731791701092539,0.07317602257164899,-4.987168174724078,-4.986550769019631,19.282294626888834,-0.09831693980228083
0.0495619338378365,20.17677524997181,0.0081404753421737,0.008140480919217041,0.073352917884391,0.07335446682744023,-4.993861281849891,-4.994270713102761,19.235782931513015,-0.0985446104710414
0.0496767062843343,20.13015907850865,0.0081782211164228,0.008178227048851622,0.0735660593922345,0.07356538766405628,-4.952649084688888,-4.9528805250743675,19.18875647078828,-0.0987728054122657
0.0497917445137315,20.083650608470272,0.0082161438184186,0.00821614899308692,0.0737478511196192,0.07374813905943743,-4.987322467835044,-4.986182688394196,19.141897162835495,-0.09900153274344117
0.0499070491415116,20.03724959102464,0.0082542398338994,0.008254246176500639,0.0739348345850583,0.07393471128568545,-4.991019145421066,-4.992810598391937,19.095577312646327,-0.09923078681429746
0.0500226207845834,19.99095577791463,0.008292513464293,0.008292518241117371,0.0740991562122474,0.0740992090393425,-4.958098492732409,-4.956972506726067,19.04905327348541,-0.09946057026149376
0.0501384600612844,19.94476892145664,0.0083309602114724,0.008330966967783461,0.0743150012869959,0.07431497857318278,-4.944214051075995,-4.943758049597196,19.00229930784339,-0.09969088730045336
0.0502545675913839,19.89868877453935,0.0083695921782292,0.008369596918720409,0.0745163018164715,0.07451631176854548,-4.99482132585414,-4.995711218203998,18.955834983868712,-0.09992174226319918
0.0503709439960864,19.852715090622397,0.0084083971770125,0.008408403533728301,0.074674499277863,0.07467449448962828,-4.9988958912425865,-4.998588318728222,18.910220190111026,-0.10015312794195826
0.0504875898980351,19.806847623734928,0.0084473857588624,0.008447391226780482,0.0749163800983125,0.07491638336728046,-4.934814473174639,-4.935357309574317,18.864001795541125,-0.1003850449341033
0.0506045059213148,19.761086128474503,0.0084865572811608,0.008486563185741538,0.0751024242354734,0.07510242002066102,-4.968965749250867,-4.96808991375948,18.817605665078553,-0.10061750545811096
0.0507216926914559,19.715430360005527,0.0085259068262644,0.008525912212792386,0.0752551009138888,0.07525510921923073,-4.97760994123882,-4.977489475373631,18.77199157941278,-0.1008505034531766
0.050839150835437,19.66988007405817,0.0085654370004846,0.008565443414370499,0.0754815404074885,0.07548152184075557,-4.950530824742852,-4.95157101931952,18.726039251051805,-0.10108403823599695
0.0509568809816889,19.62443502692688,0.0086051552294166,0.008605160272022676,0.0756706741650713,0.07567071677554985,-4.998156009368225,-4.99748243212754,18.680423319566458,-0.10131811851607077
0.0510748837600974,19.579094975469268,0.0086450527476804,0.008645059146500178,0.0758542153311483,0.07585411705291652,-4.963324279001281,-4.963437340715398,18.63528050231008,-0.10155273492271515
0.0511931598020073,19.53385967710455,0.008685139709432,0.00868514525028426,0.0760850190043633,0.07608524586430539,-4.927157922187986,-4.927447059843712,18.589317785365708,-0.10178789406080554
0.051311709740225,19.48872888981257,0.008725411077472,0.008725416806408759,0.0762479787887292,0.0762474555531293,-4.9923201058201245,-4.991117148652489,18.54388314765436,-0.10202360542477543
0.0514305342090228,19.443702372132144,0.0087658666846253,0.008765872810433858,0.0764514780835256,0.07645267281156215,-4.968558577891803,-4.970351452627737,18.499065862762627,-0.10225985771372327
0.0515496338441414,19.398779883160117,0.0088065131896057,0.008806518760642784,0.076669329677437,0.07666688146377112,-4.942981933098592,-4.942211906316299,18.45362672436414,-0.1024966547415605
0.0516690092827938,19.35396118254987,0.0088473474162635,0.008847353438937862,0.0768558416810441,0.07685977929316871,-4.961860596060983,-4.960896989495928,18.408535529999178,-0.10273400442541211
0.0517886611636689,19.30924603050998,0.0088883701267457,0.0088883759977082,0.0770489489150626,0.07704436824395128,-4.960557369154373,-4.962079170879612,18.36354742325026,-0.10297190336318222
0.0519085901269343,19.26463418780316,0.0089295821436719,0.008929587815554089,0.0772433870859088,0.0772470765463992,-4.977923690390007,-4.976834140413046,18.318847106946123,-0.10321035298680031
0.0520287968142402,19.2201254157448,0.0089709862095022,0.008970992556190457,0.0774677383870942,0.0774659008289198,-4.952205688894612,-4.953010013975033,18.274263587909196,-0.10344935131179535
0.0521492818687226,19.17571947620177,0.0090125845296288,0.009012589904541303,0.0776546025288956,0.07765445328306728,-4.954323228705359,-4.953987526666202,18.22942101977266,-0.10368890621097455
0.052270045935007,19.131416131591084,0.00905437116844,0.009054377458346365,0.0778381498852093,0.07784033524841315,-4.957927638933851,-4.957374505512011,18.18500421528289,-0.10392901377152243
0.0523910896592116,19.087215144878677,0.009096354299662,0.009096360242885146,0.0780806897911198,0.07807657713704295,-4.94469687703358,-4.945616858035777,18.14040699522987,-0.10416967809793566
0.0525124136889508,19.04311627957812,0.009138534276638,0.009138539882986251,0.078266927576904,0.07827188599939267,-4.973942747857219,-4.973434831799747,18.096129774172645,-0.10441090232533612
0.0526340186733387,18.99911929974941,0.0091809064094024,0.009180912879498048,0.0784639342698452,0.07845985850932914,-4.94909946425152,-4.949031136868898,18.052102790047662,-0.10465268186962633
0.0527559052629926,18.955223969997604,0.0092234770006916,0.009223482539835322,0.0786694377928087,0.07867160161285756,-4.937068005153671,-4.937700692329142,18.007694236705248,-0.10489502218648
0.0528780741100366,18.911430055471584,0.0092662418883364,0.009266248020423397,0.0788555299712961,0.07885531902418384,-4.9751713970276,-4.973964212813635,17.963745905051496,-0.10513792503731435
0.0530005258681048,18.86773732186288,0.0093092068355253,0.009309213121359159,0.0790984675643385,0.07909685076402849,-4.941455325707713,-4.942683485958822,17.92002628337927,-0.10538138753498918
0.0531232611923448,18.824145535404416,0.009352374282647,0.00935237961759771,0.0792893541552199,0.07929261392372723,-4.94904167365272,-4.9487752658228334,17.87591528429483,-0.10562541635110206
0.0532462807394218,18.78065446286904,0.0093957376929258,0.009395744727593048,0.0795022747833904,0.07949826270818777,-4.961594715327769,-4.960612299021909,17.832453980349566,-0.10587001054617173
0.0533695851675211,18.737263871568665,0.0094393064464157,0.009439311341108076,0.0796935746207274,0.07969698707158081,-4.9266641123833015,-4.928280186420363,17.788663616600722,-0.10611516623438162
0.0534931751363526,18.69397352935264,0.0094830696918269,0.00948307672464424,0.0798835506596838,0.07988145089527753,-4.968233498855506,-4.9664575315548305,17.745073033517475,-0.10636089776267542
0.0536170513071538,18.650783204606704,0.0095270412657237,0.009527046743415975,0.0801266210760558,0.08012763898732027,-4.951520908681519,-4.95315231752257,17.701993069055224,-0.10660719113372491
0.0537412143426934,18.607692666251765,0.0095712162281312,0.009571222577320815,0.0803217020589596,0.08032124964698391,-4.935170654397563,-4.934438425625603,17.658451747523635,-0.10685405691186485
0.053865664907275,18.56470168374255,0.009615595540788,0.009615601555960793,0.0805321872159615,0.08053240827582984,-4.942873778251986,-4.942380247028832,17.615261811174502,-0.10710149581963643
0.0539904036667404,18.521810027066497,0.0096601804444328,0.00966018654616778,0.0807368103337565,0.08073665301969446,-4.942251799320695,-4.943260057114717,17.572004466279267,-0.10734950585613941
0.0541154312884734,18.479017466742437,0.0097049713924063,0.00970497750107817,0.0809501791017202,0.0809503892597492,-4.955665915170128,-4.95469826166931,17.529128548244955,-0.10759809286220683
0.0542407484414034,18.436323773819343,0.0097499719872229,0.009749978316946835,0.0811808682513918,0.08118049235660771,-4.935695816852725,-4.936640834876851,17.486221832645306,-0.10784725280201544
0.0543663557960087,18.393728719875224,0.0097951818483897,0.009795187584493131,0.0813713697732754,0.08137196326296971,-4.947595350538386,-4.946779134761295,17.44333661908567,-0.10809699143389899
0.0544922540243202,18.351232077015837,0.0098405981071244,0.009840604803379276,0.0815875652572249,0.08158685570315735,-4.941376251499329,-4.941820582778231,17.400738316784665,-0.10834730629419458
0.0546184437999253,18.308833617873372,0.0098862284541037,0.009886234128358852,0.081808962890531,0.08180960541880623,-4.9342617670456566,-4.934389643895827,17.35799293832297,-0.10859820238224423
0.054744925797971,18.26653311560544,0.009932067866602,0.009932074445444795,0.0820116581799946,0.08201113800356803,-4.941936507320477,-4.941223783814395,17.315495970004743,-0.10884967910670679
0.0548717006951679,18.22433034389368,0.00997812135523,0.00997812729289675,0.0822371145890472,0.08223768010929401,-4.935643191772511,-4.936386545268335,17.273040412203656,-0.10910173778464653
0.0549987691697937,18.18222507694259,0.0100243881251049,0.010024394586680311,0.0824476899531861,0.0824467147353672,-4.949267370935634,-4.9490001960872485,17.230752004696786,-0.1093543811873034
0.0551261319016968,18.140217089478387,0.0100708687402762,0.010070874639136983,0.0826433947984645,0.0826451302105217,-4.932588928338146,-4.932697227570778,17.188644811440213,-0.10960760714037027
0.0552537895722998,18.098306156747785,0.0101175625276197,0.010117569239504624,0.082867414653483,0.08286528234603509,-4.917780316726924,-4.917707457333968,17.14629267130281,-0.10986142059863496
0.0553817428646034,18.05649205451673,0.0101644757870713,0.010164481493044813,0.0830936681712075,0.08309486999436363,-4.942318070074321,-4.941748359395913,17.104184852787338,-0.11011582549642802
0.0555099924631901,18.0147745590692,0.0102116055186159,0.010211612378104149,0.0833120306529584,0.08331263564178584,-4.944348097516889,-4.94530831458371,17.0624041918478,-0.11037081591550318
0.0556385390542275,17.973153447206098,0.0102589552916511,0.01025896103985756,0.0835193041201477,0.0835176508468841,-4.938959081475131,-4.9386254376890335,17.020634957448845,-0.11062639688650595
0.0557673833254722,17.931628496244002,0.0103065215566271,0.010306528275437127,0.0837378449432341,0.08373925885877323,-4.92373396769604,-4.92347026391109,16.97891925236064,-0.11088256891223783
0.0558965259662736,17.890199484013944,0.0103543118547339,0.010354317968192136,0.0839760228196963,0.08397526966183659,-4.921576863880528,-4.921906846720681,16.937077929966012,-0.11113933375021467
0.0560259676675775,17.84886618886022,0.0104023224699844,0.010402328742575854,0.0841775310607354,0.08417785728172104,-4.937683220822799,-4.937275398133448,16.895546227385186,-0.11139669665179752
0.0561557091219294,17.80762838963936,0.0104505549679691,0.010450561652061523,0.0844053161924609,0.08440518212857216,-4.9246885401475256,-4.924994042740369,16.85412430332645,-0.11165465254933155
0.0562857510234789,17.766485865718703,0.0104990116633557,0.010499017355054869,0.0846090462085385,0.08460909248511443,-4.933052399353039,-4.933015530593637,16.812696780994536,-0.11191320757697876
0.0564160940679829,17.7254383969754,0.0105476909661886,0.010547698317180687,0.084857416480249,0.08485740984753973,-4.939743729263628,-4.939933281227106,16.77160232758018,-0.11217236068497169
0.0565467389528095,17.684485763795145,0.0105966017539566,0.010596607041239707,0.0850675291512093,0.08506753142913369,-4.910317859767575,-4.9099453851668144,16.730405273613812,-0.1124321111851163
0.0566776863769419,17.643627747070997,0.0106457318188524,0.01064573916626556,0.0852741236854101,0.08527408481462039,-4.915025515344663,-4.915128742731748,16.689085681249832,-0.1126924655008273
0.0568089370409818,17.602864128202274,0.0106950945931803,0.010695100331337743,0.0855237829899706,0.08552391664521986,-4.9469480155750025,-4.946992586709426,16.648196640410706,-0.11295342514833424
0.0569404916471533,17.562194689093353,0.0107446854067829,0.010744692272052091,0.0857485001187393,0.0857481608132209,-4.919846877113829,-4.919820078246758,16.607514370877777,-0.11321498632845946
0.0570723508993066,17.52161921215251,0.0107945089656135,0.01079451530510327,0.0859814790396844,0.08598227020618165,-4.910619888005187,-4.911125293890718,16.566482849584492,-0.11347715148863138
0.0572045155029221,17.481137480290666,0.0108445597295603,0.010844565821696182,0.0861576660044218,0.08615601528674897,-4.938246140249404,-4.9371769397361955,16.52586691378156,-0.1137399270645833
0.0573369861651136,17.4407492769204,0.0108948392797905,0.010894846411713694,0.0864095365395954,0.08641233979149907,-4.901683927846774,-4.902535573301137,16.485312348977136,-0.11400330831668044
0.0574697635946326,17.40045438595462,0.0109453584856403,0.010945364395734977,0.0866544307211096,0.08665063271949948,-4.9228673607868725,-4.922711541457993,16.444516271633194,-0.11426730188909406
0.0576028485018718,17.36025259180551,0.0109961078841583,0.010996114619736047,0.0868472258855065,0.08685150742581729,-4.943062462852158,-4.942631022584553,16.404441557803782,-0.1145319074112027
0.0577362415988691,17.320143679383303,0.0110470928876271,0.011047099496401605,0.0870986319307113,0.08709474987978157,-4.890829195040993,-4.891789755448485,16.364058091959883,-0.11479712084595207
0.057869943599311,17.28012743409527,0.0110983170197719,0.011098323282892583,0.0873374232208878,0.08733955909075285,-4.920681250373808,-4.919452616726504,16.323554405341838,-0.11506295281428568
0.0580039552185371,17.240203641844353,0.0111497777657025,0.011149784596585699,0.0875531260508795,0.087553397580275,-4.930666480705832,-4.931343167746982,16.28367687724354,-0.11532939960567745
0.0581382771735432,17.20037208902824,0.0112014757153923,0.011201481983995487,0.0877674629997085,0.08776584951090934,-4.903035796844741,-4.903479356832213,16.24356368262984,-0.11559646201333096
0.0582729101829856,17.160632562538087,0.0112534123615443,0.011253419139893422,0.0880209703849549,0.0880223434332974,-4.916616322315326,-4.915481239332528,16.203548296831066,-0.11586414390519144
0.0584078549671849,17.1209848497574,0.0113055953645803,0.011305602093732233,0.0882793525911147,0.088278837181914,-4.912512713880849,-4.913435136409511,16.163717263762933,-0.11613244437917085
0.0585431122481297,17.081428738560913,0.0113580183008899,0.011358024256044092,0.0884575501280296,0.08845729620510114,-4.914759504268266,-4.914469116575704,16.123912450000567,-0.11640136808843139
0.0586786827494805,17.041964017313482,0.0114106783727684,0.011410685906394798,0.0887024330577933,0.08870329156074544,-4.90904238055436,-4.908907615673149,16.084290676561785,-0.11667091234107695
0.0588145671965737,17.002590474868885,0.0114635890680928,0.011463594798154028,0.0889500560506473,0.08894882089545682,-4.902660759343773,-4.903040490940181,16.044583835819083,-0.11694108180377744
0.0589507663164254,16.96330790056873,0.011516741080501,0.011516748452830093,0.0891730190548013,0.08917441696533068,-4.915419179648647,-4.914787519769417,16.005094148277934,-0.11721187890488896
0.0590872808377351,16.924116084241376,0.0115701428202196,0.011570148946885675,0.0894209264089379,0.08941917734119498,-4.90658467871074,-4.9070489146825,15.965730167234703,-0.11748330026909073
0.0592241114908899,16.885014816200734,0.0116237904329617,0.011623797428738303,0.0896460133893451,0.08964902262618997,-4.915258352508521,-4.915342495450572,15.926394292725531,-0.11775535150297693
0.0593612590079684,16.846003887245118,0.011677687942572,0.011677694579949514,0.0898952339057817,0.08988977490973361,-4.910539349885436,-4.91040256150135,15.88731686254134,-0.1180280313802118
0.0594987241227443,16.80708308865626,0.0117318355098953,0.011731841840696691,0.090112301841802,0.09011970392099009,-4.883614269336782,-4.883538557889704,15.84803530443483,-0.11830134098835596
0.0596365075706906,16.768252212198078,0.0117862308048235,0.011786238324297168,0.090352580728454,0.09034666464568795,-4.9042777239799324,-4.903996804390883,15.808806163068448,-0.11857528803470858
0.0597746100889835,16.729511050115587,0.0118408807541551,0.011840886475803699,0.090586638756421,0.09058779134118196,-4.925317610306544,-4.92569266491576,15.770030449581181,-0.11884986924468106
0.0599130324165063,16.6908593951338,0.0118957818897941,0.011895789530138397,0.0908353063133928,0.09083823854103334,-4.899334154403727,-4.899784486121201,15.731314449980257,-0.11912508228248413
0.0600517752938534,16.652297040456602,0.0119509424340552,0.011950948567572001,0.0910883560860388,0.09108467348763817,-4.887232960782374,-4.886547782043193,15.692367070365169,-0.1194009324398956
0.060190839463334,16.61382377976573,0.0120063560277974,0.012006363261077619,0.0913175972023577,0.09131975537249118,-4.895918705613882,-4.895596372537088,15.653588844013624,-0.11967742461692142
0.0603302256689765,16.575439407219523,0.0120620273628989,0.012062033679794526,0.0915531429663869,0.09155263106069056,-4.905865059793957,-4.906734944866921,15.61497464116667,-0.11995455733812978
0.0604699346565323,16.5371437174519,0.0121179548245375,0.012117962168839778,0.0918007702245186,0.0918005322502895,-4.914520279398704,-4.914047297264192,15.576627290669634,-0.12023233079577016
0.0606099671734797,16.498936505571262,0.012174144775823,0.012174151121602517,0.0920400772569784,0.09204032267649971,-4.884150107916928,-4.884680532808131,15.53825996527904,-0.1205107435995572
0.0607503239690279,16.460817567159413,0.0122305913568711,0.012230598344649062,0.0922711271163762,0.09227113408368852,-4.884786759889002,-4.883865363915606,15.499684918826404,-0.12078980572322157
0.0608910057941211,16.422786698270436,0.0122873024391694,0.012287309597142963,0.0925514532136684,0.09255110647419448,-4.899486334333818,-4.899919178392272,15.461463087436561,-0.12106951390461415
0.0610320134014427,16.384843695429545,0.0123442789421066,0.012344285031346852,0.0927734661054707,0.09277440112875047,-4.903450601854406,-4.90383635112528,15.423331350103894,-0.12134986867365885
0.0611733475454188,16.346988355632153,0.0124015150549982,0.012401523128026747,0.0930236303929021,0.0930216637942593,-4.894443913415109,-4.893948450209386,15.385393731868568,-0.12163087264040347
0.0613150089822226,16.309220476342677,0.0124590197873943,0.01245902497303383,0.0932368799432175,0.09324003965978488,-4.880545781633101,-4.88093918982619,15.34728165671446,-0.12191252580143985
0.0614569984697788,16.27153985549336,0.0125167834439235,0.012516792473766645,0.0935190778390789,0.09351547332294294,-4.898445880972719,-4.8976657618498445,15.309373712058095,-0.1221948341177493
0.0615993167677666,16.233946291483466,0.0125748285517124,0.012574833343420888,0.0937806162528363,0.09378329167072354,-4.891473835144748,-4.8926329947205645,15.271641454807655,-0.12247779278278674
0.061741964637625,16.196439583177906,0.0126331316871314,0.012633140442417725,0.0939858051875155,0.09398509519119795,-4.887874838146588,-4.887142928059474,15.233884889967253,-0.12276140932157799
0.0618849428425559,16.159019529906367,0.0126917093689695,0.012691714822782302,0.0942467697716744,0.09424513502361387,-4.87522677258165,-4.875153399680513,15.19622076148635,-0.12304568010891394
0.0620282521475289,16.121685931462093,0.0127505545649021,0.012750562764229324,0.094495999191652,0.09449967611526898,-4.888774104635468,-4.888925441037837,15.158510137422654,-0.12333061320660058
0.0621718933192848,16.084438588100948,0.0128096774202516,0.012809683434281936,0.0947547025441886,0.0947503307294043,-4.907476526813671,-4.907508761643513,15.121270639332327,-0.1236162041908871
0.06231586712634,16.04727730054028,0.0128690720412197,0.012869079822859498,0.0950118140190036,0.09501508020276704,-4.878427231947675,-4.8790164263439495,15.083975171964301,-0.12390245359010285
0.0624601743389908,16.01020186995779,0.0129287465038388,0.012928752856987864,0.0952676182053354,0.09526616741357068,-4.867631846711646,-4.866625186717643,15.046524182741127,-0.12418936708111751
0.062604815729317,15.973212097990622,0.0129886925516034,0.012988700150036564,0.0954919236558276,0.0954922051990042,-4.878033465333521,-4.87822046602486,15.009186582633513,-0.12447694593875497
0.0627497920711867,15.936307786734128,0.0130489161650549,0.013048922491795905,0.0957466839051324,0.09574673497164767,-4.896534953447037,-4.896989405258047,14.97212742525923,-0.12476519369978381
0.0628951041402598,15.899488738740953,0.0131094205495785,0.013109428760166719,0.0960414414479685,0.09604139748094304,-4.888569841143319,-4.888580800755794,14.935269548218367,-0.12505410482314774
0.0630407527139924,15.86275475701993,0.0131702109888912,0.013170216473676158,0.0962660486395516,0.09626604524216294,-4.86394645546586,-4.86364782682608,14.898251570155416,-0.1253436840826198
0.0631867385716412,15.826105645034977,0.0132312742522082,0.013231283107235729,0.0965310642801909,0.09653112017934551,-4.875151356767378,-4.874948526281704,14.86123665336383,-0.12563393626851369
0.0633330624942672,15.789541206704133,0.0132926301339965,0.013292635598285314,0.0967938340917891,0.09679368432746564,-4.890086661477699,-4.890498707015561,14.82454286551163,-0.12592486173157882
0.0634797252647403,15.753061246398437,0.0133542616933796,0.013354270080803867,0.0970246006189095,0.09702495488971838,-4.873649843069083,-4.8738090175692,14.787924421429288,-0.12621645779005514
0.0636267276677434,15.716665568940869,0.0134161847724441,0.013416191131366972,0.0973126147196739,0.0973118025204366,-4.863058058676776,-4.862567108148335,14.75119904430362,-0.12650873002432939
0.0637740704897763,15.680353979605412,0.0134783921179967,0.013478399608583519,0.0975401896813265,0.09754184435467551,-4.874898324316337,-4.874801156956124,14.714593684276474,-0.12680168055425664
0.0639217545191603,15.644126284115902,0.0135408864503021,0.013540893530203062,0.0978082738026601,0.09780567871176474,-4.886234832006882,-4.886749400406917,14.678243438253462,-0.1270953093372094
0.0640697805460421,15.607982288645047,0.0136036734554037,0.013603680624443566,0.0980862078872605,0.09808903633526518,-4.877082605386349,-4.877184072883448,14.64200688926551,-0.12738961599245113
0.0642181493623984,15.571921799813326,0.0136667530989173,0.013666760417158771,0.0983474358947952,0.09834545944641045,-4.855268447853712,-4.854672061588057,14.60566748642149,-0.12768460328583375
0.0643668617620396,15.535944624688083,0.0137301238720225,0.013730130834993012,0.0985952714269249,0.09859604874111685,-4.861959961755732,-4.8621359217617215,14.569292158029079,-0.12798027564620204
0.0645159185406145,15.500050570782358,0.0137937872445404,0.013793794761780906,0.0988682020661056,0.09886803537413406,-4.887347693735508,-4.887339691075706,14.53326025801128,-0.1282766349430351
0.0646653204956146,15.464239446053885,0.0138577489369561,0.013857756040851973,0.099135137512117,0.09913544333341216,-4.867478722778681,-4.8680836937667795,14.497392521526915,-0.12857367626224428
0.064815068426378,15.428511058904116,0.0139220047126926,0.01392201184828541,0.0993767368022292,0.09937574218434604,-4.853298996207748,-4.852646477832755,14.461304702788324,-0.1288714056391067
0.0649651631340937,15.39286521817722,0.0139865569487734,0.01398656452853478,0.0996525473851841,0.09965475184275452,-4.862576634430116,-4.862269193150538,14.425381552915736,-0.1291698272864997
0.0651156054218064,15.357301733158923,0.0140514114257418,0.014051418446081222,0.0999281013425057,0.09992450535835282,-4.872586910445788,-4.873439698299213,14.38960151201697,-0.1294689392939595
0.0652663960944201,15.32182041357565,0.0141165662648541,0.014116573668633947,0.1001915465499207,0.10019573149372085,-4.874879841353794,-4.874492736864832,14.354055620155327,-0.12976874391283794
0.065417535958703,15.286421069593375,0.0141820239598307,0.014182031467027609,0.1004577265218991,0.10045439111320245,-4.844727093655463,-4.844805286441154,14.318416691295393,-0.13006923885616853
0.0655690258232915,15.251103511816687,0.0142477829003542,0.014247789695085698,0.1007021965559008,0.10070375114234646,-4.855380817607113,-4.855034417854202,14.28267764918425,-0.1303704336486789
0.0657208664986945,15.215867551287753,0.0143138451335372,0.014313853296261907,0.1009970956579716,0.10099754532901548,-4.874104800288691,-4.8743920624304975,14.247339973834277,-0.1306723269465609
0.0658730587972979,15.180712999485303,0.0143802203503949,0.014380226962684765,0.1012778962955475,0.10127523804561508,-4.856083081220411,-4.8562478619975185,14.21202526132197,-0.13097491625234145
0.0660256035333689,15.145639668323616,0.0144468992401513,0.014446907080533245,0.1015218187667887,0.10152668644261328,-4.853071581333327,-4.852826299618547,14.176671529345123,-0.13127820628890077
0.0661785015230602,15.110647370151552,0.0145138869422066,0.01451389424656639,0.1018001201288151,0.10179414090501178,-4.860325236021404,-4.860360226094157,14.141463850847277,-0.13158220022249895
0.0663317535844146,15.075735917751487,0.0145811859750311,0.014581193207843814,0.1020749902298948,0.10208030118731157,-4.851579945910232,-4.851524392090946,14.106357932622027,-0.131886897535208
0.0664853605373693,15.04090512433834,0.0146487981380644,0.01464880600936695,0.102361361141025,0.10235769076006189,-4.851776403950583,-4.851910621497482,14.071236680307177,-0.1321922996751657
0.0666393232037601,15.006154803558616,0.0147167247457863,0.01471673155069199,0.1026175400678094,0.10261970092967182,-4.864079966335158,-4.864056335082667,14.036330654454575,-0.13249841059593345
0.0667936424073262,14.971484769489315,0.0147849632546822,0.014784971459964474,0.1029009986407664,0.10290000522858925,-4.845050380291059,-4.845084199604642,14.001500845596349,-0.13280522795397995
0.0669483189737143,14.936894836637,0.0148535229766456,0.014853529841123907,0.1031863045757076,0.10318617569468465,-4.841065983091946,-4.8407885010257985,13.966540633947572,-0.13311275631357566
0.0671033537304828,14.902384819936854,0.0149223967570264,0.01492240460582141,0.1034370045936727,0.10343860372515165,-4.862413782179672,-4.862705977989039,13.931845794774157,-0.13342099972855082
0.0672587475071069,14.867954534751556,0.0149915900415781,0.01499159747488968,0.103729602474934,0.10372587739604337,-4.85128999069928,-4.851324098445788,13.897319249802456,-0.13372995356636194
0.0674145011349824,14.833603796870417,0.0150611065931459,0.015061113947158753,0.1040104780020799,0.10401610190568367,-4.831751305497139,-4.831599708921994,13.862656027117515,-0.1340396220255305
0.0675706154474305,14.799332422508323,0.0151309443376492,0.015130952407446352,0.1042880182670115,0.10428302055308467,-4.8506091099995,-4.850563268744051,13.828066035265747,-0.13435001120899492
0.067727091279702,14.765140228304812,0.0152011062741257,0.015201113043902493,0.1045558926117533,0.10455707287974678,-4.854589002239763,-4.85447626664751,13.793793722843228,-0.13466111828570057
0.0678839294689822,14.73102703132299,0.0152715919346398,0.015271600261174117,0.104850135738814,0.10485298760654703,-4.8349508494140565,-4.835596393390711,13.759438981896901,-0.13497294296188192
0.0680411308543948,14.696992649048685,0.0153424090359587,0.015342416219993254,0.1051409326741006,0.10513684844474032,-4.849221919061988,-4.848547056811494,13.725141510572344,-0.1352854925059342
0.068198696277007,14.663036899389338,0.0154135516831763,0.015413559375742547,0.1054032261064528,0.10540624342677388,-4.83517306585998,-4.8353479004325015,13.691040811372318,-0.13559876374410773
0.0683566265798334,14.629159600673162,0.015485024302558,0.015485032068085878,0.1056983751866235,0.10569661432460273,-4.832050441104238,-4.832074804883748,13.656775749013548,-0.1359127615324331
0.068514922607841,14.595360571648047,0.0155568291585451,0.015556836510739516,0.1059743413684942,0.10597550400984063,-4.859672773023917,-4.859536971860894,13.622859551921394,-0.1362274879370153
0.0686735852079534,14.561639631480686,0.0156289661780985,0.01562897425016925,0.1062687112107666,0.10626779167624523,-4.837717647553461,-4.838479842608736,13.589064456421589,-0.13654293901172923
0.0688326152290554,14.527996599755566,0.0157014410878023,0.0157014483646876,0.1065598898464482,0.10656058660266107,-4.818657566837772,-4.817576859554322,13.55505932610144,-0.1368591217722716
0.0689920135219979,14.494431296473946,0.0157742493738539,0.01577425739091305,0.1068318865965506,0.10683144453061591,-4.832339558539836,-4.832742338474127,13.521149225189415,-0.13717603855512964
0.0691517809396018,14.460943542053023,0.0158473947948539,0.015847402178381115,0.107116040761996,0.10711621654621266,-4.852758672951192,-4.853036876297071,13.487522903937224,-0.13749369087390967
0.0693119183366632,14.427533157324842,0.0159208796099091,0.0159208877646326,0.1074167850099904,0.107416884602164,-4.829323093802908,-4.829053416975755,13.454034393466108,-0.1378120748419283
0.0694724265699573,14.394199963535472,0.0159947083562968,0.015994715640032627,0.1077100250679841,0.1077098609990584,-4.820474004693149,-4.820595813938316,13.420303644831495,-0.13813119645127706
0.0696333064982439,14.36094378234386,0.0160688775334939,0.01606888572533756,0.107997850245493,0.10799749780393995,-4.849663521908728,-4.849416024662273,13.38689453427896,-0.13845105992165502
0.0697945589822709,14.327764435821113,0.0161433928129369,0.016143400125469463,0.1082894472028496,0.1082904738318735,-4.823793773275636,-4.824307541305487,13.353614808581565,-0.13877165936422575
0.0699561848847798,14.29466174644935,0.0162182525257082,0.0162182609045664,0.1085898210614232,0.10858944412293929,-4.813738708955931,-4.813172884307164,13.320103032533982,-0.13909300343701045
0.07011818507051,14.26163553712082,0.0162934623294184,0.016293469575906137,0.108886653904311,0.10888461072146782,-4.839659749650505,-4.839843029627195,13.286861312148288,-0.13941509298776839
0.0702805604062033,14.228685631136988,0.0163690188333505,0.01636902698097109,0.1091672128392953,0.10917146649760644,-4.830296902102438,-4.830532544144354,13.253808857020369,-0.1397379273234335
0.0704433117606087,14.195811852207544,0.0164449260391864,0.016444933874307323,0.1094658530799822,0.10946150690033807,-4.811695144256773,-4.811465510751351,13.220644986524283,-0.1400615083802914
0.0706064400044868,14.163014024449517,0.0165211851448765,0.016521192817849674,0.1097603695064367,0.10976327389049906,-4.829508826943181,-4.82955223628645,13.187548507571845,-0.14038584020555436
0.070769946010615,14.13029197238623,0.0165977983404461,0.01659780658242831,0.1100613072154593,0.110059742898682,-4.828549240733964,-4.828441531353389,13.154731378379424,-0.14071092293483362
0.0709338306537916,14.097645520946465,0.0166747672186476,0.016674774541549434,0.1103451301510595,0.11034603702547674,-4.809395402314527,-4.809669540668734,13.121792187825054,-0.14103675684314756
0.0710980948108407,14.06507449546348,0.0167520911089911,0.016752099759687923,0.1106622993311715,0.11066192535401344,-4.830949860683793,-4.83071844013782,13.088968894283328,-0.14136334781601329
0.0712627393606169,14.0325787216741,0.0168297801005057,0.016829787303259878,0.1109774784696767,0.11097636806465125,-4.822569354734002,-4.822603057619794,13.056390885814372,-0.1416906919023346
0.0714277651840102,14.000158025717704,0.0169078277074653,0.016907836200085048,0.1112699104994215,0.1112733981484519,-4.802205464320185,-4.8023936184446105,13.023633043168477,-0.14201879413939417
0.0715931731639503,13.967812234135412,0.016986238263692,0.016986246078192536,0.111573405686467,0.11156996163754954,-4.827497210886055,-4.827142455161996,12.99101977402526,-0.14234765940846333
0.0717589641854114,13.935541173869115,0.0170650116016265,0.01706501953702915,0.1118721907383347,0.11187080020725647,-4.819201979881299,-4.81946820447296,12.958669708896961,-0.14267728293864762
0.0719251391354175,13.903344672260472,0.0171441509648242,0.017144158561371088,0.1121689905150884,0.11217466553296099,-4.800499707687482,-4.800634752168841,12.926145761504305,-0.14300766976117674
0.0720916989030464,13.871222557050084,0.0172236558053976,0.017223664827530242,0.1124843863028487,0.11248146760568158,-4.821170145824178,-4.82062966612091,12.893766053716304,-0.1433388245099832
0.0722586443794347,13.839174656376567,0.0173035336647018,0.01730354078380941,0.1127942095872278,0.1127905061370724,-4.814685911662437,-4.815196119088134,12.86159624980402,-0.1436707431541695
0.0724259764577829,13.80720079877556,0.0173837796366806,0.017383788049324514,0.1130915772792323,0.11309843526917586,-4.805241582382414,-4.805227452224363,12.829344368331205,-0.14400343145677139
0.0725936960333597,13.775300813178877,0.0174643992823584,0.017464407472879653,0.1134072556680861,0.11340211867598841,-4.811013287318686,-4.8106387101593,12.797220543802707,-0.14433689040365752
0.0727618040035073,13.743474528913517,0.0175453929681662,0.01754540070569342,0.1137110724010588,0.1137128062825566,-4.805216136288792,-4.805452848175252,12.765162745181685,-0.14467112106409777
0.0729303012676455,13.711721775700877,0.0176267632757489,0.017626771778740637,0.1140399884601593,0.1140406225068388,-4.810431248552444,-4.810463642191749,12.733173080546306,-0.14500612561909285
0.0730991887272773,13.680042383655694,0.017708514850527,0.01770852273401855,0.1143514582428371,0.11435018125489788,-4.812113795803411,-4.812042459040227,12.70133558292473,-0.14534190597119978
0.073268467285993,13.648436183285272,0.0177906428634826,0.017790650967972662,0.1146434014481618,0.11464432882335318,-4.796901149625028,-4.79702968534286,12.669504340253672,-0.14567846230171377
0.0734381378494756,13.616903005488458,0.0178731520832463,0.017873160467835644,0.1149778028006455,0.1149773375214449,-4.799225708996008,-4.799072831933744,12.637658713325555,-0.14601579910697343
0.0736082013255055,13.585442681554786,0.0179560481556809,0.01795605616076319,0.1152949095718016,0.11529511195904686,-4.804071663465352,-4.8039689033465995,12.605989955019,-0.14635391867302658
0.0737786586239651,13.554055043163602,0.0180393261741923,0.018039334248265326,0.1155893396305279,0.11558925220774802,-4.798485677963111,-4.7987378355190025,12.574364176758236,-0.1466928205326268
0.0739495106568439,13.522739922383137,0.0181229908276831,0.018122999443188546,0.1159305506316037,0.11593058957965999,-4.806931864551693,-4.806804275395701,12.542839413847839,-0.14703250685710637
0.0741207583382433,13.491497151669597,0.0182070489216363,0.018207056672653602,0.1162492541456992,0.1162492339676326,-4.800947431662171,-4.80103845303292,12.511446815980925,-0.14737297843161817
0.0742924025843816,13.460326563866284,0.0182914940243487,0.018291502615489792,0.1165576439501945,0.11655766068041988,-4.789579939458946,-4.789459210228628,12.480004542400344,-0.1477142381384769
0.0744644443135988,13.429227992202696,0.0183763332421108,0.01837634134529852,0.116891245633335,0.11689121978585279,-4.797588914153453,-4.797626867060959,12.448643695210299,-0.14805628927629555
0.0746368844463614,13.398201270293653,0.0184615668682355,0.018461575175848823,0.1172060239183622,0.11720607812858864,-4.797977795675203,-4.7980485131960435,12.417433850138734,-0.14839913255105644
0.0748097239052677,13.367246232138353,0.0185471962348351,0.01854720450675704,0.1175364383467518,0.11753631553870691,-4.786106719616189,-4.786006659682652,12.3862326377005,-0.14874276825218383
0.0749829636150523,13.336362712119543,0.0186332260131034,0.01863323455970713,0.1178730645992615,0.11787334658993932,-4.794008359010254,-4.793956470684617,12.35506482518448,-0.14908720138951634
0.0751566045025914,13.3055505450026,0.0187196551087338,0.018719662872711866,0.1181743514164093,0.11817371410080818,-4.800995190538355,-4.801127850256808,12.32411169369548,-0.1494324324221054
0.0753306474969074,13.274809565934683,0.0188064830337429,0.018806492193585933,0.1185163327353007,0.11851749512902555,-4.784491799193938,-4.784803598416635,12.293172671339297,-0.14977846021655558
0.0755050935291743,13.244139610443783,0.0188937204012929,0.018893727970104208,0.1188507856953217,0.11884942675004177,-4.779777179978393,-4.7789334150473035,12.262185341372863,-0.150125289944115
0.0756799435327222,13.213540514437936,0.0189813592810907,0.01898136835026487,0.1191714942516315,0.11917257765583404,-4.787563441369754,-4.78817372315974,12.231320818278846,-0.15047292453129768
0.0758551984430428,13.183012114204242,0.01906940881622,0.019069416556247745,0.1195127051678774,0.11951097968479654,-4.80019974988549,-4.800325658951755,12.200625288765146,-0.15082136502918808
0.076030859197794,13.152554246408076,0.0191578673863344,0.019157876427008117,0.119847349473012,0.11985120229278699,-4.778111420649156,-4.77752945976154,12.170032303227464,-0.1511706088411852
0.0762069267368051,13.12216674809217,0.0192467398830995,0.01924674803974903,0.1201844702707791,0.12017989741048711,-4.771251480493872,-4.771977553046721,12.13924247016192,-0.15152066140382817
0.0763834020020818,13.091849456675751,0.0193360232771744,0.01933603167527648,0.1205064284990048,0.1205083119621947,-4.805409942495704,-4.80457349049328,12.108771498193603,-0.15187152950089003
0.0765602859378113,13.061602209953657,0.0194257228086468,0.019425731318871035,0.1208497663314116,0.12085065267551993,-4.767432908134821,-4.76821275233115,12.078419719092068,-0.15222320342528942
0.0767375794903673,13.031424846095488,0.0195158413443012,0.019515849966195074,0.1211993812671276,0.12119912294724906,-4.771739730751895,-4.771462493588084,12.047770241618963,-0.1525756947584211
0.0769152836083149,13.001317203644756,0.0196063805978785,0.019606389146582765,0.1215404214420934,0.12153865569126383,-4.799138294657999,-4.798526824937931,12.017595522673899,-0.15292900473672721
0.0770933992424159,12.971279121517988,0.0196973412702649,0.019697349469562864,0.1218682232183701,0.1218698025430832,-4.762414814364599,-4.763782699402872,11.987339406596233,-0.1532831274030876
0.0772719273456338,12.941310439003878,0.0197887229095756,0.01978873178277992,0.1222091103857678,0.12220975313631628,-4.77833757433861,-4.776916853538703,11.95702186799845,-0.15363807455932407
0.0774508688731391,12.9114109957624,0.0198805325717598,0.019880541125974573,0.1225704995456594,0.1225682924915596,-4.778574713990217,-4.779280500619337,11.92699837133504,-0.15399384201400443
0.0776302247823139,12.881580631824022,0.0199727722826422,0.019972780673960244,0.1229168145574284,0.12291855633985088,-4.771345982267741,-4.7715686536674005,11.896875223958087,-0.15435043266901757
0.0778099960327577,12.85181918758875,0.0200654401273983,0.020065448909000153,0.1232515312987411,0.12325121285049585,-4.775468112125337,-4.774740996475097,11.8669365028517,-0.15470784970735085
0.0779901835862919,12.822126503825377,0.0201585391447023,0.02015854768637473,0.1236015486897735,0.12360151443066514,-4.763183218829855,-4.763942089334452,11.836960933816624,-0.15506609351994258
0.0781707884069653,12.792502421670552,0.0202520734263787,0.020252082207098118,0.1239659565376075,0.12396483310407912,-4.778627269830131,-4.77787156642924,11.807098352983791,-0.15542516941330511
0.0783518114610593,12.762946782627967,0.0203460462602867,0.020346054573190865,0.1243156652818486,0.1243170120502657,-4.7708915897199695,-4.771549959000305,11.777398963192354,-0.15578507339654354
0.0785332537170927,12.733459428567528,0.020440455664431,0.0204404647321198,0.1246644186088209,0.12466508744109828,-4.7658060530018975,-4.765742038556807,11.747637778372985,-0.15614581162354432
0.0787151161458276,12.704040201724409,0.020535306202901,0.020535314819315406,0.1250209272279164,0.1250199566987799,-4.762297579107855,-4.761785474742911,11.718000541126885,-0.15650738430811212
0.0788973997202735,12.674688944698383,0.0206305992507515,0.020630607975587544,0.1253842786807939,0.12538186633462658,-4.755836643913949,-4.756239681130282,11.688318718788327,-0.15686979588100236
0.0790801054156936,12.64540550045281,0.0207263386723024,0.020726346843582565,0.1257432337452433,0.12574561702025222,-4.777385623867082,-4.777173759089976,11.658819145341951,-0.15723304898195864
0.0792632342096095,12.616189712313869,0.0208225242843352,0.020822533760818652,0.1261024813122362,0.12610671282004685,-4.7666158901024325,-4.767174625599615,11.629494955002183,-0.15759713951880197
0.0794467870818064,12.587041423969726,0.0209191608544702,0.020919169853554482,0.1264708828396539,0.12646547079658818,-4.750704344079745,-4.7501494951511445,11.600043732943417,-0.1579620729264236
0.0796307650143383,12.557960479469717,0.0210162482055447,0.021016256478729147,0.1268287793246372,0.12682551250131827,-4.76719495528668,-4.765321439834969,11.5706966879481,-0.1583278529511153
0.0798151689915335,12.528946723223456,0.0211137883840588,0.021113796559107077,0.1271856404614045,0.12718997612917202,-4.764906004479392,-4.7697647155498455,11.5415423136612,-0.15869447825795635
0.08,12.5,0.0212117836226294,0.021211792948397205,0.1275564839525206,0.1275590256607145,-4.752324307468771,-4.749909940583499,11.512366757843429,-0.15906195251516198
0.0805537518567008,12.414071063740476,0.0215067668222047,0.021506771629571618,0.1286795265131745,0.12867403335724972,-4.754620786851109,-4.755354719981716,11.425592870494535,-0.16016290597043273
0.0811075037134017,12.329315466711453,0.0218038210377851,0.02180382736002094,0.1297914212185043,0.12979620008849924,-4.751731381064952,-4.754878220549587,11.340240576417457,-0.16126385644940566
0.0816612555701025,12.245709339376312,0.0221029576242672,0.022102964357713695,0.1309297420257837,0.13092727160242448,-4.747487243857981,-4.746243789963003,11.255913797092317,-0.1623648069701102
0.0822150074268034,12.163229455282927,0.0224041803112047,0.022404186128245143,0.1320679066490935,0.1320687960498827,-4.744437576275447,-4.744634617340548,11.172756045186198,-0.16346575524439325
0.0827687592835042,12.081853209551491,0.0227074910033977,0.022707498023111936,0.1332213049503018,0.13322180548260176,-4.740417265741106,-4.740432739188721,11.090675112459202,-0.1645667027528816
0.0833225111402051,12.001558598219876,0.0230128990946065,0.023012905438274278,0.1343878889450113,0.13438721672018122,-4.738283135879293,-4.73823780554109,11.009692185050996,-0.16566765035475245
0.083876262996906,11.922324198407454,0.0233204077309514,0.023320414766166135,0.1355641018375991,0.1355659528279449,-4.7348862982546365,-4.734949295243987,10.929780502361565,-0.16676859627244583
0.0844300148536068,11.8441291492593,0.0236300254842118,0.02363003265194038,0.1367616171580042,0.13675895453240644,-4.731721911308633,-4.7316627741971224,10.85089817412843,-0.16786954139943333
0.0849837667103077,11.76695313363546,0.0239417612183573,0.023941766272628142,0.1379696216626507,0.13796718740356523,-4.728814118288911,-4.728792218273592,10.773037406333373,-0.16897048526688518
0.0855375185670085,11.69077636051154,0.024255618000277,0.024255623457519342,0.1391887922520075,0.13919164903720052,-4.726434034999604,-4.726479270388278,10.69617725529789,-0.17007142864335312
0.0860912704237094,11.615579548058356,0.0245716056999655,0.02457161274269143,0.1404320819501488,0.1404333762371688,-4.723729929740166,-4.723719199281657,10.620310884300542,-0.1711723710906018
0.0866450222804102,11.541343907370576,0.0248897359045832,0.024889743146663045,0.1416921346447524,0.14169345219769766,-4.720660864568616,-4.720706022147158,10.545390377886807,-0.1722733117903483
0.0871987741371111,11.468051126815189,0.0252100165869565,0.02521002426082876,0.142976640317025,0.14297301368568294,-4.719318302079936,-4.719247974210575,10.471420511451363,-0.17337425283057073
0.0877525259938119,11.39568335697274,0.0255324617842656,0.02553246668788031,0.1442733000358343,0.1442732582229826,-4.716436373941862,-4.716449840399699,10.398389137293217,-0.17447519147947274
0.0883062778505128,11.324223196144972,0.0258570737325192,0.025857081422463967,0.145591688236957,0.14559545126871426,-4.714396639363143,-4.714452549727179,10.32624335646809,-0.17557613003403533
0.0888600297072136,11.253653676404529,0.0261838728423608,0.02618388037325328,0.1469424025556299,0.14694093340154868,-4.713292788851975,-4.713242453546528,10.255014205521256,-0.17667706773049197
0.0894137815639145,11.183958250162846,0.0265128690896793,0.02651287639276501,0.1483114730367257,0.14831112750200734,-4.7102553347528655,-4.710281739300755,10.184645980926721,-0.1777780030042172
0.0899675334206153,11.115120777234274,0.0268440760678208,0.02684408277372149,0.1497094978184468,0.1497075457815871,-4.709783168812853,-4.709743845201901,10.115126324756906,-0.1788789393825596
0.0905212852773162,11.04712551237483,0.0271775081348349,0.02717751424736672,0.1511307210378824,0.15113179282949152,-4.708897237272417,-4.7089176729419915,10.046481723299253,-0.17997987415006
0.0910750371340171,10.979957093275711,0.0275131792789004,0.027513186401072254,0.1525858348081671,0.1525855585501981,-4.706475947047373,-4.706483911948633,9.97864294797092,-0.18108080668242194
0.0916287889907179,10.913600528992053,0.0278511089765074,0.027851115415588573,0.1540692225451176,0.15407060711863133,-4.7063117841581565,-4.706290595487179,9.911610027200336,-0.18218173985092345
0.0921825408474188,10.848041188788743,0.0281913108963187,0.02819131901341824,0.1555891333108861,0.15558876578216574,-4.7063288569348565,-4.706351558717269,9.845395658965874,-0.18328267185186045
0.0927362927041196,10.783264791386008,0.0285338101520578,0.02853381602922805,0.1571452476214712,0.15714191366262747,-4.705537765101825,-4.705520935991506,9.779962878080712,-0.1843836018001772
0.0932900445608205,10.719257394587794,0.0288786197509118,0.02887862614417687,0.158727995701142,0.15873197125919805,-4.704945406234702,-4.704944173591464,9.715290940546039,-0.18548453092331682
0.0938437964175213,10.65600538527758,0.029225761333485,0.0292257701842435,0.1603577329152329,0.16036090817469167,-4.705164346015508,-4.705213076640977,9.651369747084235,-0.186585459625552
0.0943975482742222,10.593495469766104,0.0295752618979403,0.029575270332762294,0.162036873117645,0.16203079710117788,-4.706795834127469,-4.706749058498413,9.588202083806623,-0.18768638794788015
0.0949513001309231,10.531714664477004,0.0299271450840857,0.02992715028180296,0.163743135341833,0.1637438845552641,-4.706840830705795,-4.706828431301213,9.525776004069066,-0.18878731404862611
0.0955050519876239,10.4706502869564,0.0302814265952709,0.030281434694345393,0.1655015101004111,0.16550262399772575,-4.707128034606341,-4.707156852458906,9.464039560046652,-0.18988823878544392
0.0960588038443248,10.410289947193428,0.0306381437495201,0.030638149725545932,0.1673110980836945,0.16730961168803662,-4.7102750602053565,-4.710234656167357,9.403021455817774,-0.19098916466368837
0.0966125557010256,10.35062153923938,0.0309973153927406,0.030997323653202236,0.1691623058599658,0.16916748573103216,-4.711258637957191,-4.711336348407351,9.342712759541648,-0.19209008743651554
0.0971663075577265,10.291633233113238,0.0313589771905171,0.03135898576773393,0.1710841908747601,0.17107886287577428,-4.712874384623284,-4.71282244546955,9.283055871324343,-0.19319100974802575
0.0977200594144273,10.233313466982612,0.031723161255216,0.031723166929417644,0.1730448928167345,0.17304637488788005,-4.716366710239702,-4.7163388734500575,9.22408202400737,-0.19429193183125393
0.0982738112711282,10.175650939608865,0.0320898912081539,0.03208989997827553,0.1750726002104024,0.17507274414776772,-4.718970069853384,-4.719021630741342,9.16576847916674,-0.19539285202892315
0.098827563127829,10.118634603046369,0.0324592133569916,0.03245921916174044,0.1771625646362767,0.17716085947835267,-4.722910883596423,-4.722878832197864,9.108099283923545,-0.1964937719690572
0.0993813149845299,10.0622536555857,0.0328311521059468,0.03283116066695339,0.1793088119641653,0.17931381871270338,-4.726149926902311,-4.72618064871534,9.051073957806675,-0.19759468974409444
0.0999350668412308,10.006497534931594,0.0332057538935475,0.03320576233478958,0.1815391646511535,0.18153488683234184,-4.729990812471035,-4.729978340018111,8.994653090799662,-0.19869560673041992
0.1004888186979316,9.951355911606347,0.0335830574374343,0.03358306401723967,0.1838265959133254,0.1838274217180148,-4.736100703127472,-4.736072269072643,8.938860291553699,-0.19979652426092753
0.1010425705546325,9.896818682570157,0.0339630997257531,0.03396310800602559,0.1861951659695855,0.18619482130656698,-4.740697523186615,-4.740724231850251,8.883681672865084,-0.20089743921748107
0.1015963224113333,9.842875965050164,0.0343459316493243,0.034345938197859166,0.1886403343167288,0.18864052833366127,-4.746584791453465,-4.7465854608943,8.829081032302978,-0.20199835367090782
0.1021500742680342,9.7895180905701,0.0347315922233439,0.03473160072017011,0.1911679368046765,0.1911680577618405,-4.753465238777679,-4.753444353241161,8.775082421269541,-0.20309926718937196
0.102703826124735,9.736735599173183,0.0351201369539879,0.03512014392884676,0.1937796845483232,0.19378102508109518,-4.759257375020726,-4.759296713027561,8.72164770130165,-0.20420017848423938
0.1032575779814359,9.684519233830803,0.0355116087148995,0.03551161804301621,0.1964845098282257,0.19648317460943848,-4.767552062343482,-4.767511636233737,8.668774379308864,-0.2053010904852031
0.1038113298381367,9.632859935030275,0.035906069443923,0.03590607599126147,0.1992772936103112,0.19927840742974642,-4.776006615808858,-4.776032527320735,8.616474866577798,-0.20640200073353826
0.1043650816948376,9.581748835534755,0.0363035630918039,0.03630357303291007,0.2021708538571467,0.20217079986970965,-4.784228495136826,-4.784235370429578,8.5647160676034,-0.2075029096864031
0.1049188335515385,9.531177255309244,0.0367041609666794,0.036704166696380054,0.205170421199035,0.20516459797580797,-4.793858974855612,-4.7937913288558125,8.513496378031613,-0.20860381783484888
0.1054725854082393,9.481136696606304,0.0371079102400431,0.0371079172586342,0.2082570225091815,0.20826420253039357,-4.803799909103134,-4.8038680717014195,8.462809190698636,-0.20970472477259886
0.1060263372649402,9.43161883920582,0.0375148774220703,0.037514887653142585,0.2114730183038959,0.21147415361625063,-4.814633944959989,-4.814649632002049,8.412644340191294,-0.21080563078894196
0.106580089121641,9.382615535803216,0.0379251353018631,0.0379251435779622,0.214804500151173,0.21479911287245262,-4.826257567717821,-4.8262023657079585,8.362995234090546,-0.21190653569716794
0.1071338409783419,9.334118807540554,0.0383387469783476,0.038338753569269954,0.2182435766263368,0.21824383988968654,-4.838191691307293,-4.83820019786048,8.313851933233705,-0.21300743934161723
0.1076875928350427,9.286120839675686,0.0387557810235268,0.03875578898200628,0.2218108498068718,0.22181316673121595,-4.851487752495603,-4.851502877110349,8.2652052955643,-0.2141083424056873
0.1082413446917436,9.238613977384167,0.0391763155808027,0.03917632422946653,0.2255108369147867,0.22551198365803957,-4.865448195286581,-4.865453987491729,8.217057128845138,-0.21520924457917912
0.1087950965484444,9.191590721689549,0.0396004273786756,0.03960043665929976,0.2293453373075489,0.22934525352084062,-4.87983407217596,-4.879853663302169,8.169388201241835,-0.21631014483492214
0.1093488484051453,9.14504372551715,0.0400281985711078,0.04002820655326694,0.2333229388920574,0.23331803744492846,-4.895515552879343,-4.895444809157183,8.122196677760043,-0.21741104470898168
0.1099026002618462,9.098965789867304,0.0404597114341383,0.04045971736540993,0.2374343609161978,0.23743552094951556,-4.9114673973654375,-4.911499888095598,8.075473072074741,-0.21851194287175868
0.110456352118547,9.053349860103587,0.0408950466828968,0.040895055642298166,0.241697729049527,0.24170304006700216,-4.929281391729296,-4.929313871265753,8.02921010170283,-0.2196128408528774
0.1110101039752479,9.00818902235216,0.0413343014517004,0.041334311411351035,0.2461272475413723,0.24612610705375368,-4.947336562348863,-4.947325880322852,7.983411971912582,-0.22071373719855356
0.1115638558319487,8.963476500008426,0.0417775696376413,0.041777577912950566,0.2507151535709516,0.2507104254797084,-4.966057771680266,-4.966034578550254,7.938050225774384,-0.22181463195564988
0.1121176076886496,8.919205650347074,0.0422249448303945,0.04222495182809775,0.2554583833117306,0.2554618783565831,-4.986715965331916,-4.98671866832415,7.893136575837401,-0.2229155266273061
0.1126713595453504,8.875369961232236,0.0426765237019065,0.042676533670404034,0.2603869281161797,0.2603865056449033,-5.007342571974766,-5.007368937548604,7.8486583479150225,-0.22401641934219618
0.1132251114020513,8.83196304792404,0.043132420072093,0.04313242740464909,0.2654908289944977,0.2654904813525399,-5.029590587608512,-5.029556442544756,7.804603271139483,-0.2251173116113735
0.1137788632587521,8.78897864997854,0.0435927313901223,0.04359274088691493,0.2707812954115972,0.27078009063323344,-5.053083439834021,-5.053088907157473,7.760976948858224,-0.22621820301443363
0.114332615115453,8.746410628237626,0.0440575796363982,0.04405758587499989,0.2762627824100627,0.2762617068851308,-5.077582936561006,-5.077592088622527,7.717767218616295,-0.22731909281005488
0.1148863669721539,8.704252961906084,0.0445270681759444,0.04452707796867271,0.2819351186856222,0.28194176939841226,-5.102389483173351,-5.1024099212861,7.674969944344026,-0.22841998101736338
0.1154401188288547,8.66249974571272,0.0450013265213246,0.04500133649387519,0.2878323487755736,0.2878267752796163,-5.128537577912782,-5.128508975230025,7.632564372277614,-0.22952086864614493
0.1159938706855556,8.621145187152784,0.0454804778108242,0.04548048480126463,0.2939233178976196,0.2939233076167842,-5.157641855799648,-5.157641772086911,7.59056576340198,-0.23062175621004466
0.1165476225422564,8.580183603809099,0.0459646414123172,0.04596465071297914,0.300236577498494,0.3002380775136911,-5.186057482373311,-5.186066459861621,7.54897069753518,-0.2317226413745576
0.1171013743989573,8.539609420749072,0.0464539573752154,0.04645396572868503,0.3067767673461067,0.3067779560758156,-5.215271684055274,-5.21528521910524,7.5077459898174075,-0.232823525287048
0.1176551262556581,8.499417167995341,0.0469485549045289,0.046948565473053795,0.3135498177781536,0.3135499794952445,-5.2481446216786125,-5.248136369986327,7.466908694927188,-0.2339244090938839
0.118208878112359,8.45960147806739,0.0474485824040911,0.04744859045094235,0.3205654207735763,0.32056134347927295,-5.28034389087369,-5.280324952049524,7.426459188846174,-0.23502529104252487
0.1187626299690598,8.420157083592047,0.0479541775223884,0.04795418512563113,0.327819476211893,0.3278193957388481,-5.313298120854126,-5.313296008918565,7.3863627804206535,-0.2361261713909597
0.1193163818257607,8.38107881498044,0.0484654908131242,0.048465498358979925,0.3353303575924548,0.3353316245867334,-5.350047671143047,-5.350029593014363,7.346637581226129,-0.2372270523184221
0.1198701336824615,8.342361598169408,0.0489826746716575,0.04898268417507664,0.3431007648138748,0.3431056460031052,-5.386729346932555,-5.386809340449142,7.30728516638105,-0.2383279310064332
0.1204238855391624,8.304000452425157,0.0495058900865758,0.04950590096388785,0.3511522006496325,0.35114919064223077,-5.424248144382499,-5.4242036909894145,7.268279148950517,-0.2394288081585016
0.1209776373958633,8.265990488207319,0.0500353032047631,0.050035311651264965,0.3594691941159376,0.35947009083912285,-5.463726557185447,-5.4637238492605515,7.229622431698255,-0.24052968462731247
0.1215313892525641,8.228326905091325,0.0505710733060748,0.05057108412669979,0.3680774709563235,0.3680762676162086,-5.505279543471836,-5.505288298208686,7.191311730142548,-0.24163056039676417
0.122085141109265,8.19100498974736,0.0511133845384718,0.05111339129103902,0.3769815117794652,0.3769757181416737,-5.547970845949635,-5.5479081161551616,7.153350056969518,-0.24273143505708653
0.1226388929659658,8.154020113974084,0.0516624035420132,0.05166241085108885,0.3861713655123778,0.38617651493128635,-5.591557943046297,-5.591621934219968,7.115719344417027,-0.2438323078907808
0.1231926448226667,8.117367732785343,0.0522183151088973,0.05221832537184956,0.3956829833565053,0.39568683486066136,-5.637908609998345,-5.637917330826326,7.078424003780661,-0.24493318038633408
0.1237463966793675,8.081043382548303,0.0527813119743917,0.05278132268912409,0.4055176081561586,0.40551499924189044,-5.684357934596996,-5.684343399383736,7.041458940783308,-0.2460340505366235
0.1243001485360684,8.045042679171281,0.0533515864946662,0.05335159543801831,0.4156703096831835,0.4156694966950737,-5.732985620158292,-5.732979203028046,7.004805438429434,-0.24713492039798066
0.1248539003927693,8.009361316339888,0.0539293318194153,0.053929341645650455,0.4261584533692349,0.42615896119872937,-5.784610424296098,-5.784608295585004,6.968481645343296,-0.24823578954468775
0.1254076522494701,7.973995063799829,0.0545147562415155,0.05451476496767701,0.4369949149808548,0.4369921328837964,-5.836072219149031,-5.836069857086121,6.932475166033037,-0.24933665665571703
0.125961404106171,7.93893976568501,0.0551080663680416,0.055108074001181985,0.448179351966008,0.4481778285581906,-5.88948266333076,-5.889459978265373,6.896770036242175,-0.2504375229292314
0.1265151559628718,7.904191338889614,0.0557094748006513,0.05570948281647528,0.4597202952259311,0.4597249386558657,-5.945729708371086,-5.945753498803473,6.86137516019689,-0.2515383882414439
0.1270689078195727,7.869745771482643,0.056319200194365,0.056319211237168695,0.4716413863448892,0.4716424345955628,-6.002948031768334,-6.002961636631565,6.826287020544896,-0.25263925243918345
0.1276226596762735,7.835599121163836,0.0569374745359889,0.056937484432851695,0.4839383620272217,0.483939376539902,-6.061947028146111,-6.061977373222589,6.791493685880313,-0.25374011506585353
0.1281764115329744,7.801747513759519,0.0575645216530388,0.05756453315199914,0.496628051698792,0.4966249211545034,-6.1230398277818345,-6.122982595102307,6.756997400153168,-0.25484097667349753
0.1287301633896752,7.768187141757369,0.0582005860710542,0.05820059383103559,0.5097088250433994,0.5097083293670778,-6.184913972720622,-6.1849193548499635,6.722787967583848,-0.25594183719341207
0.1292839152463761,7.734914262878734,0.0588458979403832,0.05884590844084718,0.5231994695395008,0.5231989739710868,-6.250825594050884,-6.2508389925013,6.688863244173127,-0.25704269704223237
0.1298376671030769,7.7019251986876,0.0595007182533514,0.05950072524994907,0.537108654840199,0.5371063431872672,-6.317827767185211,-6.317785457895216,6.655239019561437,-0.2581435556281197
0.1303914189597778,7.669216333234879,0.0601652886322256,0.06016529816914984,0.551435620751797,0.5514400339645079,-6.384288476789354,-6.384360780114026,6.6218806568842385,-0.25924441152988337
0.1309451708164787,7.636784111737215,0.0608398765546066,0.06083988650221192,0.5662093999500063,0.566209741238585,-6.456097359970759,-6.456056600942128,6.5887939279604915,-0.2603452680047112
0.1314989226731795,7.604625039289084,0.0615247453962216,0.06152475628206518,0.5814244118358389,0.5814252470354645,-6.5283411871765935,-6.528347101785204,6.555994171970159,-0.26144612257157823
0.1320526745298804,7.572735679607335,0.0622201691249283,0.06222017927521235,0.5970990708244397,0.5970964095746,-6.6021283735305545,-6.602149684699113,6.523449730288235,-0.26254697602877003
0.1326064263865812,7.541112653807196,0.0629264243793522,0.06292643325028265,0.6132348488135696,0.6132331525220038,-6.680353275840133,-6.680302682457202,6.491182089783184,-0.26364782909451695
0.1331601782432821,7.509752639208784,0.0636437936473631,0.06364380261552915,0.6298428357669897,0.6298454581379802,-6.757275758029067,-6.757315587163734,6.459179846928205,-0.26474867945297514
0.1337139300999829,7.478652368173329,0.0643725666798347,0.06437257721734639,0.6469431854937042,0.6469433703111861,-6.8376477916216345,-6.837646264872198,6.42742005018416,-0.26584952949063195
0.1342676819566838,7.4478086269681105,0.0651130435259467,0.06511305341760747,0.6645360112952965,0.6645370014873658,-6.922181573103813,-6.922160091165929,6.395930467213911,-0.26695037896365414
0.1348214338133846,7.417218254659471,0.0658655233460401,0.06586553432304176,0.6826386774323516,0.6826365397478286,-7.0057630431837055,-7.005795369665179,6.36469533082524,-0.26805122596312614
0.1353751856700855,7.3868781420328995,0.0666303206625506,0.06663032867176984,0.7012550872450847,0.7012522558879779,-7.092958961816869,-7.092911176036196,6.333698942382367,-0.2691520724039528
0.1359289375267864,7.356785230539584,0.0674077426461815,0.06740775186662479,0.7203911366960163,0.7203945104957945,-7.18288631947491,-7.182902201858404,6.302959529484645,-0.2702529181369892
0.1364826893834872,7.326936511268572,0.0681981155950105,0.06819812591078948,0.7400721094689938,0.7400737606859565,-7.273591419154648,-7.273633124541072,6.272459473685141,-0.2713537616434883
0.1370364412401881,7.297329023943845,0.0690017674521356,0.0690017789681572,0.7602985090362643,0.7603005578797415,-7.367772258548079,-7.367742305743794,6.242199027942243,-0.2724546048363426
0.1375901930968889,7.267959855945658,0.0698190349908022,0.06981904601423626,0.7810920084036035,0.7810855228549648,-7.463927872876113,-7.463925593772235,6.212180131188251,-0.2735554465099127
0.1381439449535898,7.238826141355347,0.0706502614154199,0.07065026857151166,0.8024393578514996,0.8024393123015358,-7.562230948400639,-7.562217152987308,6.18239490761194,-0.2746562869512985
0.1386976968102906,7.209925060023099,0.0714957840590335,0.0714957947206699,0.8243682963220502,0.8243725969870354,-7.66240331419867,-7.6624035338885745,6.1528422827541505,-0.2757571259906454
0.1392514486669915,7.181253836657877,0.0723559686953259,0.07235597907687351,0.8468959452892659,0.8468960702683201,-7.765881851505632,-7.765930082635966,6.1235153078270175,-0.276857964063849
0.1398052005236923,7.152809739939062,0.0732311718255941,0.07323118314823596,0.8700222498232576,0.8700204683491684,-7.872019648070996,-7.871980837152828,6.094424616378813,-0.27795880101205744
0.1403589523803932,7.124590081649045,0.0741217661002219,0.07412177513067707,0.8937572883129314,0.8937565855802838,-7.977520568145792,-7.977516991119718,6.065551336160912,-0.27905963575655585
0.1409127042370941,7.096592215826331,0.0750281187328483,0.07502812928443119,0.918114957622237,0.9181152760071604,-8.088614821860062,-8.088618163652411,6.036887991365671,-0.2801604703711611
0.1414664560937949,7.068813537938501,0.0759506179106324,0.07595062738592367,0.9431063354787808,0.9431074495004821,-8.20310733784136,-8.203108651012773,6.008463423745194,-0.2812613047468666
0.1420202079504958,7.041251484074516,0.0768896467200754,0.07688965824186712,0.9687438121510104,0.9687440676781708,-8.31581456060259,-8.3158375331714,5.980250197186179,-0.2823621358027146
0.1425739598071966,7.013903530155889,0.0778456071496172,0.077845616502456,0.9950391229124886,0.9950361398273851,-8.433905567295483,-8.433860248536286,5.952238758819363,-0.28346296698852674
0.1431277116638975,6.986767191166096,0.0788188939727081,0.07881890434052326,1.02198993653354,1.0219947188265903,-8.55547232119224,-8.555517330880361,5.924453639260567,-0.28456379666288767
0.1436814635205983,6.959840020397893,0.0798099190960065,0.0798099310808893,1.04963306659781,1.049630897067542,-8.67602411967794,-8.67601063836652,5.896873739649415,-0.2856646241318732
0.1442352153772992,6.933119608717882,0.0808191029951031,0.08081911212167367,1.0779588474590658,1.0779558023773677,-8.801045818801946,-8.801025533025491,5.869488332570834,-0.28676545116237095
0.1447889672340001,6.90660358384803,0.0818468604435268,0.0818468702721155,1.1069784519488337,1.1069805939405546,-8.930613955988974,-8.930604533166806,5.84231806881967,-0.2878662777197491
0.1453427190907009,6.880289609663567,0.0828936252262805,0.0828936357845244,1.1367146448794878,1.1367164582209979,-9.059176751035784,-9.059233786318805,5.81535225440414,-0.28896710181891694
0.1458964709474018,6.854175385506873,0.0839598337125744,0.08395984508463165,1.1671756853134072,1.1671746048840443,-9.191995352965684,-9.191954568771846,5.788572820626542,-0.2900679248655184
0.1464502228041026,6.828258645516969,0.0850459315956865,0.0850459419417279,1.1983656439987056,1.1983662627184912,-9.328415979126332,-9.328407698930544,5.762001810134184,-0.29116874766050727
0.1470039746608035,6.802537157974108,0.086152366236909,0.08615237741903134,1.2303052192142143,1.2303026755838848,-9.46558949248741,-9.465628739243453,5.735621433943292,-0.29226956787054625
0.1475577265175043,6.777008724659181,0.0872796005249234,0.08727960918620357,1.262995122107351,1.262995099013766,-9.60663374594597,-9.60656497995025,5.70943349719756,-0.2933703879661297
0.1481114783742052,6.751671180227433,0.0884280907310272,0.0884281021942125,1.2964509848487649,1.2964547984842818,-9.74960923988072,-9.749690664839303,5.683436565216115,-0.2944712059585531
0.148665230230906,6.726522391596244,0.0895983170868753,0.08959832834899864,1.3306944706705723,1.330693048338722,-9.896164248516447,-9.896115912532645,5.657626804689457,-0.29557202346259026
0.1492189820876069,6.701560257346462,0.0907907557572755,0.09079076676125825,1.365722310974634,1.3657211307373993,-10.044102300047122,-10.044120230843196,5.632006199901156,-0.29667283887108703
0.1497727339443078,6.6767827071371,0.0920058931140034,0.09200590336040958,1.401549745856411,1.4015503346074187,-10.195792105721353,-10.195777784866388,5.6065624429821455,-0.2977736538333873
0.1503264858010086,6.652187701132907,0.0932442199515478,0.09324423139758785,1.438191413705443,1.4381919545925193,-10.350654536117403,-10.350635838464235,5.581310354925767,-0.29887446764919234
0.1508802376577095,6.62777322944456,0.0945062406760209,0.09450625131683434,1.475658019862482,1.4756572900029141,-10.507022331310552,-10.507117560714185,5.556234371870266,-0.29997527914523403
0.1514339895144103,6.603537311581169,0.0957924593560679,0.09579247038321598,1.5139580967194917,1.513957643765069,-10.666456490031166,-10.666329308376387,5.531337949504683,-0.30107608997759205
0.1519877413711112,6.579477995914696,0.0971033927485674,0.09710340293008046,1.553104560394332,1.5531043213715712,-10.826839216517229,-10.826891714505061,5.506609707430561,-0.3021768989288218
0.152541493227812,6.555593359156103,0.0984395596181113,0.09843957012442847,1.5931100602546902,1.5931086298308985,-10.995529401842674,-10.995544913518106,5.482055751831231,-0.30327770845963153
0.1530952450845129,6.531881505842796,0.0998014924159425,0.09980150150889512,1.6339828494874686,1.6339818766173009,-11.163159448160629,-11.16309393649773,5.457696709373909,-0.3043785155735062
0.1536489969412137,6.508340567837233,0.1011897219463952,0.10118973276429535,1.6757280037584938,1.67573536857499,-11.329405650236495,-11.329544579479057,5.433481778465741,-0.3054793195886977
0.1542027487979146,6.484968703836256,0.1026047915629747,0.10260480581256452,1.718381426439434,1.7183804096377668,-11.507660908676373,-11.507530425655654,5.409438046231438,-0.3065801257619355
0.1547565006546155,6.4617640988910265,0.1040472605066926,0.10404727170088458,1.7619306231280862,1.7619282955412392,-11.682474342407415,-11.682533154513553,5.38558166141807,-0.30768092851186113
0.1553102525113163,6.438724963937184,0.1055176751084724,0.10551768727549517,1.8063906646682328,1.8063903073504248,-11.859556094993565,-11.859595198677255,5.361864461095321,-0.3087817298329069
0.1558640043680172,6.415849535335028,0.1070166057303797,0.1070166163268828,1.8517781882099724,1.8517777049417812,-12.045116058930065,-12.04498897693405,5.33832571525337,-0.309882531857785
0.156417756224718,6.3931360744195,0.1085446193091641,0.1085446309565972,1.8981025504572515,1.8981017204851727,-12.22683301529176,-12.226961680145195,5.314949249210737,-0.31098332978716275
0.1569715080814189,6.370582867059633,0.1101022996139443,0.11010230894333045,1.945376544024548,1.945373551925938,-12.415195866220714,-12.415096561849785,5.291718881967125,-0.312084128631659
0.1575252599381197,6.34818822322736,0.1116902258829885,0.1116902358810273,1.993601417974337,1.9936043565802057,-12.607145568592712,-12.607162997180573,5.268662197395451,-0.3131849259663648
0.1580790117948206,6.325950476575314,0.113308993964387,0.11330900466060809,2.042806485108704,2.042805247677677,-12.798758536511556,-12.79881982331173,5.245754984665407,-0.3142857208094093
0.1586327636515214,6.3038679840235465,0.1149592042315514,0.11495921444465652,2.092984582172821,2.0929872983859865,-12.995665507826205,-12.995595059087407,5.223001969240885,-0.3153865153181315
0.1591865155082223,6.281939125354798,0.1166414595986995,0.11664147188221029,2.1441629616816327,2.144161548782553,-13.194260366959467,-13.19431358103694,5.200403656956354,-0.3164873078693183
0.1597402673649232,6.260162302818246,0.1183563803859576,0.11835639041045337,2.196337329780061,2.196339012939659,-13.396282168121104,-13.396258052050072,5.177954070383715,-0.31758809955324313
0.160294019221624,6.2385359407414365,0.1201045762895163,0.12010459052847372,2.2495259339820293,2.249530686009617,-13.601032512021732,-13.601062296492266,5.155657186292633,-0.31868889012300333
0.1608477710783249,6.21705848515022,0.1218866863485595,0.12188669969700912,2.3037504605541037,2.303747551123222,-13.80882846677052,-13.8088326113129,5.133506343573374,-0.3197896790777085
0.1614015229350257,6.1957284033965605,0.1237033395522985,0.12370335236629487,2.359002006364328,2.359000581433795,-14.019478923338838,-14.019437147851013,5.111505553197674,-0.3208904668947394
0.1619552747917266,6.17454418379391,0.1255551786858185,0.12555518991263345,2.4153038690208644,2.415300729838831,-14.232072438072509,-14.232109789633387,5.08964653087072,-0.32199125300493997
0.1625090266484274,6.153504335260118,0.1274428503137351,0.12744286046807674,2.472659712784563,2.4726589138471384,-14.449177614544638,-14.449100623463874,5.067931626633173,-0.32309203860560815
0.1630627785051283,6.13260738696753,0.1293670094804397,0.129367019421521,2.5310870743916367,2.5310860002594704,-14.66787472604092,-14.667916948392842,5.046361569349295,-0.32419282250527653
0.1636165303618291,6.1118518880002775,0.1313283192963653,0.1313283288145273,2.590591171116676,2.590592789848962,-14.89089228624762,-14.890911725923779,5.024930051530227,-0.3252936051752455
0.16417028221853,6.091236407018428,0.1333274463302329,0.13332745782241337,2.6511876998857256,2.651190002041739,-15.11527115036995,-15.115249905830343,5.003644325098254,-0.32639438633832485
0.1647240340752309,6.070759531928967,0.1353650702854329,0.13536508201260472,2.712887079568095,2.712888260031581,-15.341019655842544,-15.341052694805848,4.982485629105962,-0.3274951654126824
0.1652777859319317,6.050419869563365,0.137441870918506,0.13744188339601707,2.7757002325839086,2.775698087183758,-15.574364465974952,-15.574286910894813,4.961466239120022,-0.3285959449262883
0.1658315377886325,6.030216045361599,0.1395585407613146,0.13955855175952306,2.8396270569455595,2.839629932095754,-15.80808099522642,-15.808206931904,4.9405911074615885,-0.3296967221797572
0.1663852896453334,6.010146703062502,0.1417157682708026,0.14171578301121682,2.9046914053915143,2.904694204947055,-16.042877367421966,-16.042821474208978,4.919843378580648,-0.33079749766193056
0.1669390415020343,5.990210504400278,0.1439142663598827,0.1439142791661699,2.970906159631555,2.9709013142831027,-16.281432478690363,-16.281388531680914,4.899224914451305,-0.3318982719921873
0.1674927933587351,5.970406128807022,0.1461547379289547,0.14615474916527296,3.038264226997603,3.0382617037992956,-16.525936159784123,-16.525963829518684,4.878737967275242,-0.33299904584193596
0.168046545215436,5.950732273121105,0.1484378994892928,0.14843790939613652,3.106787447986835,3.106785886853321,-16.771355331303226,-16.77133791132376,4.858392209450312,-0.3340998181339145
0.1686002970721368,5.931187651301368,0.1507644718433686,0.15076448244869245,3.1764789671021454,3.1764844219125274,-17.015958258947876,-17.01602941251307,4.83816449416847,-0.3352005875818348
0.1691540489288377,5.911770994146852,0.1531351833235426,0.15313519675878604,3.24736924228573,3.247367738067834,-17.268272003177884,-17.26814355078856,4.818061040095614,-0.33630135761007646
0.1697078007855386,5.892481049022076,0.1555507778740212,0.15555078841173012,3.3194463073395486,3.3194459014826747,-17.52277129880366,-17.522871192143807,4.798091247335818,-0.33740212590255736
0.1702615526422394,5.873316579587649,0.1580119861160057,0.15801199978370897,3.392724092449419,3.392728395240169,-17.779593254127832,-17.77960962161411,4.778245823831953,-0.33850289265479677
0.1708153044989402,5.854276365536113,0.1605195665646059,0.1605195789953618,3.467231557126772,3.4672243066062047,-18.0373620601965,-18.03729105428108,4.758525443964929,-0.3396036574645021
0.1713690563556411,5.835359202332926,0.1630742700678578,0.16307427973045072,3.5429403401510844,3.5429435027914296,-18.29855957664344,-18.298591140597008,4.738918321160106,-0.3407044211985499
0.171922808212342,5.816563900962455,0.1656768484825146,0.16567686262153872,3.6198938331778416,3.6198970608141607,-18.56600311125649,-18.565984704735413,4.719439080547441,-0.3418051845548238
0.1724765600690428,5.797889287678845,0.168328084204263,0.16832809601147325,3.698100460278172,3.6980956103752733,-18.832699340207853,-18.83275463484415,4.700082587139863,-0.34290594532085955
0.1730303119257437,5.779334203761662,0.1710287426434679,0.17102875390306382,3.777548441695471,3.7775488090398497,-19.10218918911704,-19.102125505487408,4.680839481742551,-0.3440067052843388
0.1735840637824445,5.760897505276262,0.173779604663906,0.17377961624148588,3.85826401498315,3.8582656859567086,-19.37590108719772,-19.375903636366832,4.661714410184448,-0.34510746396651537
0.1741378156391454,5.742578062838664,0.1765814560527422,0.17658146914562803,3.940252355915217,3.9402550207415143,-19.65307612004304,-19.653129845413225,4.642707735574727,-0.3462082214786275
0.1746915674958463,5.724374761384961,0.1794350911797664,0.17943510464306295,4.023528345993373,4.023525722359711,-19.931690798902537,-19.931665368669364,4.623819700573816,-0.3473089773590583
0.1752453193525471,5.706286499945058,0.1823413094529224,0.18234132028304273,4.108091812772644,4.108087198280089,-20.21154017248253,-20.211510165198575,4.6050411194994565,-0.34840973147944465
0.1757990712092479,5.688312191420697,0.1853009085698557,0.18530091951298341,4.193942320367482,4.193949470661788,-20.497001387232416,-20.49701651212098,4.5863746388452045,-0.34951048486230873
0.1763528230659488,5.670450762367669,0.1883146979032757,0.18831471293330504,4.281124402566455,4.281122655972156,-20.785095832666546,-20.785132214787048,4.567825675589984,-0.3506112369366309
0.1769065749226497,5.652701152782129,0.1913835068118893,0.19138351742628876,4.369618612697857,4.369616336633659,-21.073290114738118,-21.07325473591283,4.549386207598798,-0.35171198723323244
0.1774603267793505,5.635062315890885,0.1945081420740479,0.19450815515111072,4.459439285419082,4.459439298152668,-21.36541754086264,-21.365392483982934,4.531052880092771,-0.3528127361882711
0.1780140786360514,5.617533217945606,0.197689443146336,0.1976894540678581,4.550596081908128,4.550599597022858,-21.662703297421217,-21.662759793035296,4.512831840711914,-0.3539134842159659
0.1785678304927522,5.600112838020891,0.200928232745757,0.20092824793243044,4.643108248581649,4.643105105798085,-21.95976009478872,-21.959751235022757,4.494722657869651,-0.3550142307777039
0.1791215823494531,5.582800167816032,0.2042253660336789,0.20422537505241456,4.736965574365764,4.736964231762803,-22.25758983197531,-22.257555570784156,4.476713148137687,-0.35611497513739127
0.1796753342061539,5.565594211460495,0.2075816642707904,0.20758167904236596,4.83218027926098,4.832186326025622,-22.56306184390897,-22.56304277731868,4.458808800680102,-0.35721571933793855
0.1802290860628548,5.5484939853229385,0.2109979982997459,0.21099801092341794,4.928785236625049,4.92878128862645,-22.87088164905103,-22.870962529516145,4.441018411691297,-0.3583164619801626
0.1807828379195556,5.531498517823788,0.2144752152678587,0.2144752279338408,5.026760763502643,5.026758856921368,-23.176900206485755,-23.176884174126567,4.423330458971767,-0.3594172024050277
0.1813365897762565,5.514606849251204,0.2180141813490481,0.21801419214054282,5.126126597891631,5.12612788178615,-23.485471941541107,-23.4853718480348,4.405738562789627,-0.36051794135331405
0.1818903416329574,5.497818031580443,0.22161575746794,0.22161577089743928,5.226894887433257,5.226895603819555,-23.80155903880646,-23.801654056401404,4.3882478740873365,-0.361618680020947
0.1824440934896582,5.481131128296487,0.2252808247768546,0.2252808370567384,5.329063848702987,5.329067017141376,-24.12019582949179,-24.120198515807292,4.370868334269544,-0.3627194174008562
0.1829978453463591,5.4645452142199,0.2290102515056621,0.22901026652352718,5.4326514087336815,5.43264651065051,-24.43376641872604,-24.433709029256324,4.353585350506968,-0.36382015204934476
0.1835515972030599,5.448059375335849,0.2328049288957106,0.23280493807920044,5.53764469236222,5.537644993394729,-24.75646686624381,-24.756515568306565,4.336392337839153,-0.36492088632178915
0.1841053490597608,5.431672708626183,0.2366657261582214,0.2366657415331059,5.644077339225457,5.644081571948113,-25.084897166259932,-25.08484899152521,4.3193122179505234,-0.36602161974676156
0.1846591009164616,5.41538432190457,0.2405935658013968,0.2405935772808389,5.751972234395224,5.751966300226364,-25.40405455728461,-25.404130679557078,4.302325937755268,-0.367122349919776
0.1852128527731625,5.399193333654547,0.2445893308792106,0.2445893437207649,5.861284058945822,5.861290689651101,-25.73439783566872,-25.73434010249397,4.285423501119454,-0.3682230799995231
0.1857666046298633,5.383098872870517,0.2486539239882914,0.2486539382659291,5.97206167114792,5.972056023172153,-26.069823387505124,-26.069761519250555,4.268632998433115,-0.3693238092728091
0.1863203564865642,5.36710007890153,0.2527882576787474,0.25278826788495745,6.084285721019718,6.084286779609653,-26.39798241427343,-26.398165183670685,4.251932007284202,-0.37042453543971515
0.1868741083432651,5.351196101297892,0.2569932340746577,0.2569932489509601,6.197988430284762,6.197992454107002,-26.73606495011813,-26.735879745831042,4.23532018040432,-0.3715252616611494
0.1874278601999659,5.335386099660449,0.2612697875486909,0.2612698002796183,6.313172121142229,6.313168009114976,-27.074397643447867,-27.074498009063205,4.21880899450394,-0.37262598576472156
0.1879816120566668,5.319669243492557,0.2656188279510091,0.2656188403218946,6.4298197840817055,6.429819965474621,-27.41367343189461,-27.41366015732415,4.202384218299609,-0.3737267087421568
0.1885353639133676,5.304044712054669,0.2700412847602975,0.2700412976071212,6.547971579849482,6.547973972279234,-27.75761354926715,-27.75754814741766,4.186054349604782,-0.37482743043049566
0.1890891157700685,5.288511694221445,0.2745380985152825,0.2745381126304282,6.6676367022863055,6.667634653466911,-28.102907922740656,-28.103024286217593,4.169814040258437,-0.3759281503908415
0.1896428676267693,5.273069388341414,0.279110206724424,0.279110218296414,6.788775717026516,6.788776428691313,-28.450884526981586,-28.45077197685447,4.1536662934558235,-0.3770288696050533
0.1901966194834702,5.257717002099025,0.2837585319122124,0.2837585459534843,6.9114302473738265,6.911430818677966,-28.797803629101423,-28.797904227780936,4.1376046547404535,-0.3781295863016166
0.1907503713401711,5.24245375237917,0.2884840415730708,0.288484054845245,7.035633439114561,7.035631452692656,-29.15210508836799,-29.151997653399654,4.121629295866403,-0.3792303024696348
0.1913041231968719,5.227278865134003,0.293287678250277,0.2932876898226918,7.161310198911613,7.161313429899662,-29.50634666690135,-29.50640459892976,4.105747757538027,-0.38033101716945533
0.1918578750535728,5.212191575252088,0.2981703790582548,0.29817039478046337,7.288548899723477,7.2885459649671365,-29.86186490830957,-29.861910779933623,4.089948449994058,-0.38143173034677236
0.1924116269102736,5.197191126429824,0.3031331347309431,0.3031331452695977,7.417333389418884,7.41733369188951,-30.2212117621101,-30.221123778184396,4.074238401102108,-0.3825324419686491
0.1929653787669745,5.182276771045041,0.3081768835600142,0.3081768986285166,7.547634230620568,7.547636975511475,-30.578998670545616,-30.579055838369328,4.058610217428669,-0.38363315165420364
0.1935191306236753,5.167447770032815,0.313302600442399,0.31330261282794314,7.679497962519392,7.67949467394072,-30.943956307207287,-30.943914966598733,4.043065459776969,-0.3847338612105936
0.1940728824803762,5.152703392763363,0.3185112539736899,0.3185112678312869,7.812922012402182,7.8129238142899915,-31.3105198691936,-31.310539903094938,4.027610506571496,-0.38583456910099656
0.194626634337077,5.138042916922069,0.3238038281857597,0.32380384092584386,7.947905542100967,7.947904240959789,-31.67441409774372,-31.67444816377074,4.012236495353846,-0.3869352747323586
0.1951803861937779,5.1234656283915,0.3291812881523859,0.3291813014110302,8.084436765804439,8.084438978780371,-32.04381151184998,-32.043763956232986,3.9969417035864807,-0.3880359791235888
0.1957341380504788,5.10897082113548,0.3346446205516126,0.3346446347289333,8.222573281290474,8.2225707911808,-32.415367352597286,-32.41536656594093,3.9817318830739405,-0.38913668272638363
0.1962878899071796,5.0945577970850815,0.3401948276713544,0.34019484044757076,8.362285024492305,8.36228654280902,-32.786721664359334,-32.78678367665311,3.966600919798348,-0.3902373841811225
0.1968416417638805,5.080225866026562,0.3458328799257011,0.3458328931072281,8.50354429116103,8.503544052077094,-33.16248319641818,-33.16236878251955,3.95155022508244,-0.39133808502112066
0.1973953936205813,5.065974345491189,0.3515597686766475,0.3515597830684353,8.646424784068358,8.646424064754664,-33.53930620697355,-33.53941653946032,3.936580870081485,-0.39243878401280824
0.1979491454772822,5.0518025606469,0.3573765103587027,0.35737652273355225,8.790899891932565,8.79090105863648,-33.91883260736273,-33.918792734060155,3.9216903969621217,-0.3935394818023027
0.198502897333983,5.037709844191799,0.3632840891104863,0.3632841038212617,8.93695832024511,8.93695728840524,-34.29694035432374,-34.296923444309094,3.9068791521145494,-0.394640177543278
0.1990566491906839,5.023695536249393,0.3692835139165598,0.3692835259607813,9.084626421102811,9.084626867703959,-34.678905068505514,-34.67893213377289,3.892140516363204,-0.39574087224555843
0.1996104010473847,5.009758984265625,0.3753757902173237,0.37537580551866895,9.23392448160149,9.233924926789268,-35.06579897028939,-35.065767072372125,3.877483899616805,-0.3968415658921398
0.2001641529040856,4.995899542907559,0.3815619471281539,0.3815619593619315,9.384837293777489,9.384835666332277,-35.448757326754674,-35.448787783014055,3.862902786565335,-0.3979422573988517
0.2007179047607865,4.982116573963791,0.3878429780437886,0.38784299238989844,9.537340043539055,9.53734286121362,-35.83642343231605,-35.83639913816974,3.848394298471771,-0.39904294791504363
0.2012716566174873,4.968409446246471,0.3942198992366938,0.39421991267832207,9.691475160527377,9.691471846911954,-36.227832341636486,-36.22788738833839,3.833964227237448,-0.40014363712645035
0.2018254084741882,4.954777535494951,0.400693735370819,0.4006937487503331,9.84725401718692,9.847256778214732,-36.61554168566727,-36.61544653320806,3.819608302179775,-0.4012443244602248
0.202379160330889,4.941220224281021,0.407265519385287,0.407265534263637,10.004678218475467,10.00467652859744,-37.007030903469854,-37.007096554709825,3.8053212435307846,-0.4023450103694693
0.2029329121875899,4.927736901915675,0.4139362706222517,0.41393628216528383,10.163700537395968,10.163701370684127,-37.40765685137672,-37.40764859465519,3.7911122738105334,-0.40344569602063296
0.2034866640442907,4.914326964357434,0.4207070052375384,0.4207070218931549,10.324398495140072,10.32439809044668,-37.798432593810105,-37.798422780382325,3.776980306845098,-0.4045463789357466
0.2040404159009916,4.900989814122116,0.4275787835741388,0.42757879466332294,10.486729049156668,10.486729321409726,-38.19168514059408,-38.19175415850932,3.762908551654187,-0.40564706016467955
0.2045941677576924,4.8877248601941226,0.4345526019807783,0.4345526173898095,10.650694190749569,10.650693846319955,-38.59870804082078,-38.59847461344268,3.74891484227639,-0.4067477415279422
0.2051479196143933,4.874531517939115,0.4416295325076816,0.44162954668336163,10.81636415600886,10.816364831217259,-38.994422993554224,-38.99474988277002,3.7349960940995155,-0.4078484200389613
0.2057016714710942,4.861409209018134,0.4488106052109012,0.4488106170591629,10.983635035902036,10.9836335389525,-39.39533216777903,-39.39517257947563,3.7211394398129367,-0.4089490972855218
0.206255423327795,4.84835736130309,0.4560968425631911,0.45609685946153944,11.152595913134096,11.152598952985175,-39.79852728582762,-39.798397281873214,3.7073576034183557,-0.4100497736281113
0.2068091751844958,4.835375408793607,0.4634893196968263,0.46348933089990346,11.323219829811045,11.323215078615332,-40.20167054760822,-40.2019258445468,3.693639473033878,-0.411150448161727
0.2073629270411967,4.8224627915352025,0.4709890523830108,0.47098906787164785,11.495493226777745,11.495498189666641,-40.61370364572792,-40.61348855510995,3.6799962888297277,-0.41225112198757474
0.2079166788978976,4.809618955538789,0.478597113996962,0.4785971279117884,11.669468836491829,11.669466299890198,-41.01303456852958,-41.013209030677885,3.6664210663013663,-0.41335179282570855
0.2084704307545984,4.796843352701434,0.4863145466577757,0.4863145604551002,11.845098058576635,11.84509679174197,-41.42206196046397,-41.42194113964014,3.652904355975812,-0.4144524634554466
0.2090241826112993,4.784135440728391,0.4941423995901773,0.49414241297302697,12.02239945352378,12.022403265913415,-41.8365594215411,-41.836557129348556,3.6394636171384076,-0.4155531326880217
0.2095779344680001,4.771494683056376,0.5020817337479747,0.5020817497691369,12.201420147014831,12.201416230904824,-42.24219614305645,-42.24229429792341,3.626086276983571,-0.41665379991826496
0.210131686324701,4.758920548778035,0.5101336226600852,0.5101336348441311,12.382095393645226,12.382098046761236,-42.65628393070648,-42.65614876969684,3.6127728993880663,-0.4177544660703631
0.2106854381814019,4.74641251256763,0.5182990909172843,0.5182991057643876,12.564436275316083,12.564434691950938,-43.07156102500375,-43.071710722183866,3.5995288704886934,-0.41885513046172884
0.2112391900381027,4.733970054607873,0.5265792253527056,0.5265792408207852,12.74852230549002,12.748523657922961,-43.48139308093255,-43.48132392244117,3.5863483694379212,-0.41995579316799025
0.2117929418948035,4.721592660517908,0.534975089479276,0.5349751009159186,12.93424095516866,12.934239015084689,-43.89384584182267,-43.893769572985725,3.573227088887225,-0.42105645440778405
0.2123466937515044,4.709279821282433,0.5434877175309747,0.5434877349001449,13.121681147147694,13.121684168635458,-44.31649290862799,-44.316589425650115,3.560171862707636,-0.422157115101784
0.2129004456082053,4.697031033181921,0.552118220428276,0.5521182325527472,13.310838339982691,13.310834293947991,-44.73368467102023,-44.73366467015041,3.5471857205426365,-0.42325777404798487
0.2134541974649061,4.684845797723933,0.5608676361101038,0.5608676513901089,13.501652593960664,13.50165734493138,-45.14431364054536,-45.144349931583065,3.5342561182690764,-0.4243584306762423
0.214007949321607,4.672723621575474,0.5697370399663066,0.5697370542768504,13.694194795624554,13.694189678248668,-45.56825363540298,-45.56815739467822,3.5213868225599394,-0.42545908672049737
0.2145617011783078,4.660664016496435,0.578727506747057,0.5787275202941059,13.888430401088064,13.888434957620886,-45.99009144386838,-45.99010852427556,3.5085858977825297,-0.4265597414420977
0.2151154530350087,4.648666499274026,0.5878401067852553,0.587840122786576,14.084380303845442,14.084377621338257,-46.40619179328297,-46.40631509994376,3.4958423359781294,-0.4276603940632108
0.2156692048917096,4.636730591658245,0.5970759169962566,0.5970759294478795,14.282021371824268,14.2820224057768,-46.83227861996238,-46.832135139872435,3.4831597039385787,-0.4287610458697246
0.2162229567484104,4.62485582029833,0.6064360032787881,0.6064360198090945,14.481393189879538,14.481391811390035,-47.251987515038365,-47.252035041394755,3.4705405590523895,-0.4298616954258029
0.2167767086051112,4.613041716680174,0.615921464395426,0.6159214764203292,14.68247196790722,14.682474233048362,-47.6720634366954,-47.67215123694124,3.4579754428771,-0.43096234357888014
0.2173304604618121,4.601287817064712,0.6255333509698768,0.6255333686459812,14.885242891299642,14.885241872749734,-48.100479411760375,-48.10032882470886,3.445472573950892,-0.4320629908864031
0.217884212318513,4.589593662427247,0.635272749965586,0.6352727610167528,15.08970822973244,15.089706681578436,-48.52094340753462,-48.520971277719056,3.4330292851939657,-0.43316363634494837
0.2184379641752138,4.577958798397693,0.6451407204652022,0.64514073777618,15.29591980109528,15.295922482216438,-48.94828216271475,-48.948409928628294,3.420641482738161,-0.43426428064417705
0.2189917160319147,4.5663827752017125,0.6551383841690229,0.6551383975580024,15.503859318714982,15.503857295608478,-49.37868738702633,-49.378545863585316,3.40831759625797,-0.4353649235623775
0.2195454678886155,4.554865147602779,0.6652667882787721,0.6652668022149213,15.713466348841944,15.713467378155975,-49.79373582908636,-49.793884561778256,3.396048148267647,-0.4364655640718008
0.2200992197453164,4.543405474845076,0.675527024167259,0.6755270414591011,15.924855025905847,15.924854575886632,-50.2238807021979,-50.223704998129996,3.3838290235096347,-0.43756620346717423
0.2206529716020173,4.532003320597282,0.6859201881459455,0.6859201985144958,16.137899099307397,16.137899293376762,-50.65793623483256,-50.657905766881235,3.3716759265837877,-0.4386668426633191
0.2212067234587181,4.520658252897188,0.696447326832651,0.6964473463788659,16.35271160167074,16.35271151807725,-51.07981470134269,-51.080202581289825,3.359576793067151,-0.43976747879705347
0.2217604753154189,4.509369844097148,0.707109585590896,0.7071095964829224,16.569251976110085,16.569252012148894,-51.50885824292163,-51.50837418664659,3.347531795202432,-0.44086811438973167
0.2223142271721198,4.498137670810341,0.7179079843980208,0.7179080017401839,16.78742783818866,16.78742782256682,-51.93242834908028,-51.93272037421471,3.3355418617266777,-0.44196874750488535
0.2228679790288207,4.4869613138578455,0.7288436172967823,0.7288436292942923,17.007367808368375,17.00736781533721,-52.36806696255985,-52.367903000655005,3.323604847161762,-0.4430693804533303
0.2234217308855215,4.475840358216487,0.7399175866128482,0.7399176055079093,17.229092656144577,17.229092652581063,-52.79684393900078,-52.796989446083984,3.3117302176130967,-0.4441700114784144
0.2239754827422224,4.464774392967461,0.7511310047282407,0.7511310154623411,17.452471237204588,17.45247124004221,-53.21943132930949,-53.219457899696415,3.2999017267705195,-0.44527064011944917
0.2245292345989232,4.453763011245734,0.7624848798337883,0.7624848967889163,17.677529500071685,17.677529495918332,-53.65178525871778,-53.65146027627841,3.288129072555593,-0.44637126864227145
0.2250829864556241,4.44280581019016,0.7739803504354729,0.7739803656327848,17.904418510045755,17.904418516433005,-54.08271378610431,-54.08312858047792,3.2764093339901663,-0.44747189476049076
0.225636738312325,4.431902390894368,0.7856185085279329,0.7856185218451189,18.132959521257145,18.132959519366768,-54.515952856350566,-54.5157111625288,3.2647458825007547,-0.44857252053170504
0.2261904901690258,4.421052358358338,0.797400401782458,0.7974004184486814,18.36321732002597,18.3632172911456,-54.93630957633724,-54.93642240200648,3.2531327922318787,-0.4496731429561796
0.2267442420257266,4.410255321440705,0.8093271384841197,0.8093271520134748,18.595215971257097,18.595216089052656,-55.37002437796201,-55.3698410652612,3.241567035007634,-0.4507737654278915
0.2272979938824275,4.399510892811757,0.8213997896030337,0.8213998054426,18.82892381858878,18.828923499364443,-55.80672884561392,-55.80696858608154,3.2300607136492046,-0.4518743862648174
0.2278517457391284,4.38881868890712,0.8336194566333642,0.8336194716654224,19.064375882005223,19.064376564167745,-56.22925812215493,-56.22916799426854,3.2186035379824354,-0.4529750049317596
0.2284054975958293,4.378178329882109,0.8459872159222321,0.8459872302502541,19.30151676089032,19.301515672092023,-56.65454478875648,-56.654428307873395,3.207193325933001,-0.45407562200828294
0.2289592494525301,4.367589439566752,0.8585041417500856,0.8585041574987194,19.54039517110686,19.540396355162027,-57.09438509624698,-57.09452250005255,3.195834391542999,-0.4551762389775453
0.2295130013092309,4.35705164542145,0.8711713360785713,0.8711713514165278,19.780992636390085,19.780991905348667,-57.52308755505527,-57.52306905025489,3.1845326501531654,-0.45627685339863294
0.2300667531659318,4.346564578493298,0.8839898635056401,0.883989877335892,20.02326833307556,20.023268322751566,-57.94082756023221,-57.94081612703597,3.173272621131883,-0.45737746578654725
0.2306205050226327,4.336127873373019,0.8969608000926929,0.8969608167290425,20.26730439229568,20.26730491600003,-58.38063677746402,-58.38054756989443,3.1620624704819655,-0.458478078404766
0.2311742568793335,4.3257411681525255,0.9100852621732978,0.910085276742437,20.513071759237004,20.51307117185535,-58.81261043745258,-58.81271129733973,3.1509079851712536,-0.45957868841230576
0.2317280087360343,4.315404104383077,0.92336431004473,0.9233643252156567,20.760499873603703,20.760500262808726,-59.23033733767869,-59.230375278621835,3.1397980335043156,-0.4606792968263581
0.2322817605927352,4.305116327034056,0.93679900726549,0.9367990219900035,21.00964692386257,21.00964673454029,-59.664017621091546,-59.663966081352434,3.1287335454463303,-0.4617799040532315
0.2328355124494361,4.294877484452316,0.9503904488111296,0.9503904657590874,21.26053770684845,21.260537782391808,-60.09417746546052,-60.093996838235036,3.1177225015046517,-0.46288050976440936
0.2333892643061369,4.284687228322119,0.964139717170374,0.9641397296615362,21.51309495662689,21.51309494040805,-60.51353433713962,-60.513923792706464,3.1067548590794525,-0.46398111334812786
0.2339430161628378,4.274545213625623,0.9780478648808392,0.9780478830188087,21.76739871399746,21.76739868300059,-60.95175556653368,-60.95137013974328,3.0958352125799506,-0.46508171720425
0.2344967680195386,4.264451098603963,0.9921160170175336,0.9921160312018094,22.023424856898604,22.02342495845668,-61.37125845466909,-61.37152594503958,3.0849671481152257,-0.4661823176826062
0.2350505198762395,4.2544045447188426,1.0063452066493914,1.006345221098499,22.281077297862485,22.281077049292737,-61.79383551505509,-61.793748034957645,3.0741372783508907,-0.46728291734229127
0.2356042717329404,4.244405216614702,1.0207365036220777,1.0207365206433527,22.54050169439326,22.540502276511422,-62.22971856972941,-62.22947748533911,3.063360093853366,-0.4683835166092003
0.2361580235896412,4.234452782081395,1.0352910267631146,1.0352910418025731,22.801636841988536,22.801635503006835,-62.65025662973591,-62.650796079089886,3.052628478766307,-0.4694841129283275
0.2367117754463421,4.224546912017397,1.0500098067537058,1.050009819653556,23.06438576080441,23.06438851578614,-63.07402298609151,-63.07353360889191,3.041941498156607,-0.47058470802732144
0.2372655273030429,4.214687280393536,1.0648939128125088,1.064893934075491,23.328939880817632,23.328935459035726,-63.4918167838718,-63.49204420850245,3.0312983708094197,-0.47168530141781523
0.2378192791597438,4.204873564217212,1.0799444624664358,1.0799444700035503,23.59510591772415,23.59511095795237,-63.9219030219225,-63.921846825604675,3.0206987984542106,-0.47278589446781005
0.2383730310164446,4.195105443497143,1.0951624353026763,1.0951624589050992,23.862976123803247,23.862972446717357,-64.34475358185881,-64.34465598039267,3.0101492768236455,-0.4738864852099656
0.2389267828731455,4.185382601208566,1.1105489954538466,1.1105490043020811,24.13261056353926,24.132611295012428,-64.7602162483364,-64.7604911789099,2.999639306814069,-0.4749870743479823
0.2394805347298463,4.175704723258957,1.1261051494553769,1.1261051703016949,24.40385479249092,24.403857659490953,-65.18938883296892,-65.18909909463038,2.9891755873168564,-0.4760876624849448
0.2400342865865472,4.166071498454193,1.1418319776608286,1.1418319889877495,24.676796452669645,24.676790702663844,-65.60142309566004,-65.60155401242048,2.9787565676928183,-0.4771882487015423
0.240588038443248,4.15648261846521,1.1577305242208658,1.1577305427991442,24.95145021901659,24.951455873813874,-66.01983663254111,-66.01989044851899,2.968376313245711,-0.4782888334879593
0.2411417902999489,4.146937777795092,1.173801887190712,1.173801901332368,25.22778573926233,25.227783777996187,-66.4465768781235,-66.44639998256909,2.9580435579458753,-0.47938941705507865
0.2416955421566498,4.137436673746641,1.1900470856858656,1.1900471026218244,25.50574684696414,25.505744612293764,-66.8541776353614,-66.85436271326155,2.9477530718855025,-0.4804899989365097
0.2422492940133506,4.127979006390372,1.2064671795035056,1.2064671924223842,25.78540080687666,25.785404499851044,-67.27314347953967,-67.2730073716565,2.937501648103406,-0.481590579362516
0.2428030458700515,4.118564478532948,1.2230632330436313,1.2230632533137906,26.06679351144912,26.066790765253316,-67.69411415511638,-67.6942344386264,2.9272970614471157,-0.48269115833145
0.2433567977267523,4.1091927956860586,1.2398363345966663,1.239836345623424,26.34980419616561,26.34980567130641,-68.0980035715653,-68.097975713513,2.9171322264860198,-0.4837917352765522
0.2439105495834532,4.099863666035705,1.2567874703697672,1.2567874892296649,26.63447444194896,26.634473589055975,-68.51042754803677,-68.51025043872637,2.907005908570887,-0.4848923114144522
0.244464301440154,4.090576800411919,1.2739177442427287,1.2739177603970877,26.92085218581075,26.9208530374349,-68.93379649921349,-68.93402015794437,2.8969240139533023,-0.4859928863339583
0.2450180532968549,4.081331912258876,1.291228154546156,1.2912281653670783,27.20874420595715,27.20874274720162,-69.34019947181332,-69.34008303720621,2.8868862641636834,-0.4870934593136115
0.2455718051535557,4.072128717605433,1.3087197272179043,1.3087197510724302,27.498459515835577,27.49846193636269,-69.7384249078516,-69.73865270645419,2.876883939576607,-0.4881940300548635
0.2461255570102566,4.062966935036038,1.3263936109512084,1.3263936188872347,27.78981052985366,27.789808188789447,-70.15693147884042,-70.15645048396671,2.866921998113253,-0.48929460045037476
0.2466793088669575,4.053846285662061,1.344250742738584,1.3442507657371432,28.082739151823173,28.0827394904971,-70.56008799339077,-70.56045447681801,2.857003997310056,-0.49039516884152407
0.2472330607236583,4.044766493093485,1.3622922134053608,1.3622922216743172,28.377339291148736,28.37734063013218,-70.96650659108343,-70.96666706608539,2.8471220013840424,-0.4914957357362092
0.2477868125803592,4.035727283410985,1.3805190109552687,1.3805190356611872,28.673600340125372,28.673599990515832,-71.37143566538464,-71.37084018293197,2.837283686461312,-0.4925963013599471
0.24834056443706,4.026728385138394,1.398932232283123,1.3989322394507506,28.97148583489692,28.971484072889783,-71.76323217614504,-71.76385651377744,2.8274797373813216,-0.493696864965015
0.2488943162937609,4.01776952921551,1.417532833639344,1.4175328572440136,29.27101505876026,29.271017901393257,-72.18416721177266,-72.1837056438537,2.8177171015882605,-0.49479742852127795
0.2494480681504617,4.008850448971293,1.43632192673497,1.43632193767299,29.572200961430948,29.572197466359714,-72.57262424994201,-72.57290701359919,2.8079983393226056,-0.4958979889263521
0.2500018200071626,3.999970880097392,1.4553004582180489,1.4553004763329158,29.874917902159563,29.874922450508738,-72.96107980902457,-72.96121193009328,2.798308663493886,-0.49699854792479775
0.2505555718638634,3.991130560622052,1.474469472083075,1.4744694882727998,30.17935412397556,30.1793489749247,-73.37312051130391,-73.3724017227177,2.7886623627661415,-0.49809910671952984
0.2511093237205643,3.982329230884333,1.493830021845287,1.4938300378850515,30.48540848769316,30.48541298717067,-73.75828143210185,-73.75917754551647,2.7790542224126504,-0.49919966277531935
0.2516630755772652,3.973566633508703,1.5133830975288485,1.5133831124278854,30.79302186813377,30.793018725541874,-74.16049675395902,-74.1600039697203,2.769482059629261,-0.5003002183511029
0.252216827433966,3.9648425133799385,1.5331297066047056,1.5331297248745575,31.10229797914025,31.10229993526979,-74.5455071411809,-74.54543805290537,2.7599512746019332,-0.501400771682339
0.2527705792906669,3.956156617618368,1.553070895274091,1.5530709100017854,31.41317404237147,31.41317288905906,-74.93025303121146,-74.93071083026351,2.750451099568224,-0.5025013232228183
0.2533243311473677,3.947508695555441,1.573207624559296,1.5732076403716935,31.72559102238143,31.725591635267435,-75.33406677934363,-75.33348785352736,2.740993181886178,-0.5036018744756645
0.2538780830040686,3.9388984987096114,1.5935409188980725,1.5935409380501808,32.03968641801826,32.039686131572644,-75.70153303153529,-75.7020377103415,2.73157113142086,-0.5047024227376847
0.2544318348607695,3.930325780762542,1.6140718003163723,1.614071811237086,32.355332699979975,32.355332828383276,-76.09318490988358,-76.09279074234344,2.7221803568097904,-0.5058029707496972
0.2549855867174703,3.9217902975356105,1.6348012333673303,1.6348012570957597,32.67260138456001,32.672601319543865,-76.48850219980136,-76.48862589505063,2.7128333930722293,-0.5069035174232948
0.2555393385741711,3.913291806966726,1.6557302609328604,1.6557302679854542,32.99139332165432,32.991393372155756,-76.85488490955504,-76.85531397332926,2.7035197428890703,-0.5080040613856518
0.256093090430872,3.9048300690874487,1.6768597988368503,1.676859824982812,33.31182265094563,33.31182257693329,-77.23262317409058,-77.23181088717038,2.6942392905754837,-0.5091046046234012
0.2566468422875729,3.896404846000402,1.6981909432376268,1.6981909510980016,33.633836322794856,33.63383647603675,-77.61420944926863,-77.61475486904332,2.684995052286201,-0.5102051462675212
0.2572005941442737,3.888015901856982,1.7197245814032904,1.7197246033884612,33.95735982918389,33.95735948168835,-77.99998483337254,-78.00003250290548,2.675788585046371,-0.5113056865891408
0.2577543460009746,3.879663002835339,1.7414617737463172,1.7414617877232217,34.28254327737274,34.28254407211265,-78.35749634507249,-78.35708969713048,2.666617993023001,-0.5124062248058597
0.2583080978576754,3.871345917118664,1.7634034665587195,1.7634034826007225,34.609206515554675,34.609204876746524,-78.72235386975069,-78.72293169122864,2.657475087382676,-0.5135067614911965
0.2588618497143763,3.863064414873736,1.7855506286230305,1.7855506468666822,34.93746857569288,34.93747123939885,-79.11546877435217,-79.11486042217632,2.648372334454569,-0.5146072980045542
0.2594156015710772,3.854818268229756,1.807904257409823,1.8079042724296868,35.26724999603999,35.267246829974965,-79.45784192073609,-79.45803283324955,2.639305069714815,-0.515707831698738
0.259969353427778,3.846607251257444,1.830465281095307,1.830465296735206,35.59855989319745,35.59856260883902,-79.83203300538878,-79.83242266508765,2.6302643427244066,-0.5168083645885122
0.2605231052844788,3.838431139948404,1.853234697496776,1.8532347171293684,35.93148907599246,35.931487294363684,-80.21867112940299,-80.21807282250296,2.6212689307014405,-0.5179088966664064
0.2610768571411797,3.830289712194754,1.87621349513237,1.8762135073402602,36.26590531652885,36.265906448788655,-80.53198769838207,-80.53264904386396,2.6123014839185483,-0.5190094246528074
0.2616306089978806,3.822182747769015,1.8994025830857284,1.8994026039575074,36.601870445279175,36.60186939809898,-80.90831883995611,-80.90763912135574,2.6033589320757375,-0.5201099532963049
0.2621843608545814,3.814110028304253,1.9228029616908229,1.922802974120477,36.93935428992427,36.93935557904549,-81.2897864129626,-81.28993107588018,2.5944630986461177,-0.5212104809715548
0.2627381127112823,3.806071337274468,1.946415550967424,1.9464155722934096,37.278353999472735,37.2783525851453,-81.61204956427684,-81.612711696389,2.5855955878230112,-0.5223110052682308
0.2632918645679831,3.798066459975241,1.9702413149775464,1.9702413259931666,37.61881962042517,37.61882079022863,-81.97127270989199,-81.97049297132436,2.5767569158246713,-0.5234115292728748
0.263845616424684,3.790095183504611,1.9942811495127768,1.994281170752097,37.96084157376448,37.96084085469806,-82.32465652851738,-82.32494500796679,2.5679551976286015,-0.5245120513777384
0.2643993682813849,3.782157296744212,2.0185360936007184,2.0185361091329543,38.304470819400485,38.30447117635499,-82.6603153344048,-82.66029454998812,2.5591831227594732,-0.5256125721154562
0.2649531201380857,3.7742525903406223,2.043007040952703,2.0430070553105297,38.64944363346133,38.64944345652097,-83.01526834833999,-83.0153003049594,2.5504433837733274,-0.5267130918424269
0.2655068719947865,3.766380856686963,2.067694886017888,2.067694905814347,38.99597292445744,38.99597305082507,-83.36022391534812,-83.36028693432056,2.5417388229737505,-0.5278136094093314
0.2660606238514874,3.758541889904727,2.092600625138635,2.0926006405270354,39.34401699341652,39.34401682417287,-83.6806461445833,-83.68048731706398,2.5330633708489594,-0.5289141252449164
0.2666143757081883,3.7507354858258224,2.117725127971093,2.117725142840116,39.693444859662,39.69344516322958,-84.0258598834007,-84.02591186829962,2.524416603682361,-0.5300146404616546
0.2671681275648891,3.742961441974858,2.1430693246046717,2.143069345840657,40.0444693610242,40.04446888253436,-84.37382188860374,-84.3737904669423,2.515806832404413,-0.5311151539646618
0.26772187942159,3.735219557551622,2.1686341962080484,2.1686342083163406,40.39692707962824,40.39692764205638,-84.68209239560554,-84.68245608315647,2.5072261943689256,-0.5322156649509157
0.2682756312782908,3.72750963341381,2.1944205744143344,2.1944205946617936,40.75078613838495,40.75078566411175,-85.01144234888238,-85.010958474928,2.498671944542285,-0.5333161753105388
0.2688293831349917,3.719831472059933,2.220429399832992,2.220429413928785,41.106147728631,41.106148020589956,-85.34854122222805,-85.34840822067112,2.490152231297371,-0.5344166846268037
0.2693831349916926,3.712184877612471,2.246661574943061,2.24666159437847,41.462972160843066,41.46297201934158,-85.67069766422867,-85.67141555067153,2.4816631026317046,-0.5355171920654822
0.2699368868483934,3.7045696558011993,2.2731180212483,2.273118035409228,41.82123612326186,41.82123618486945,-85.99559161348452,-85.99503150493463,2.4732053012673925,-0.5366176982643251
0.2704906387050942,3.696985613946745,2.299799618463912,2.299799638021331,42.18096151732322,42.18096149076719,-86.29530522401308,-86.2955371622985,2.4647763873359674,-0.5377182020613883
0.2710443905617951,3.689432560944335,2.326707287682275,2.3267073029045617,42.54211437575385,42.54211438718949,-86.61602271721517,-86.61590277639975,2.4563737853686054,-0.5388187050377882
0.271598142418496,3.68191030724774,2.353841871675793,2.35384188818646,42.904626911817445,42.90462690689351,-86.93901524009516,-86.93879702746578,2.4480058879427666,-0.5399192069067438
0.2721518942751968,3.674418664853428,2.381204271151129,2.381204290772873,43.268643766722384,43.26864376884254,-87.23588320208762,-87.2366565735331,2.439665624790933,-0.5410197063710224
0.2727056461318977,3.6669574472848896,2.408795388030921,2.40879540022728,43.63402636736643,43.63402636645357,-87.54861879223472,-87.547635799369,2.431354264247811,-0.5421202053547459
0.2732593979885985,3.659526469577175,2.4366160629332985,2.4366160860565844,44.0008664815287,44.000866481921776,-87.84361969067015,-87.8442957679549,2.4230728104523274,-0.5432207020270644
0.2738131498452994,3.652125548261601,2.464667232227338,2.4646672424222404,44.3691232851037,44.36912328493448,-88.15442137610319,-88.15430734197354,2.4148185414631396,-0.5443211976096243
0.2743669017020003,3.644754501350661,2.4929497124049096,2.492949738068282,44.7387567432343,44.7387567433072,-88.44778996378966,-88.4472729427801,2.4065969904092834,-0.5454216919718434
0.2749206535587011,3.637413148323103,2.521464393510404,2.5214643995938997,45.1096960602226,45.10969606019122,-88.73115005981526,-88.73216601078242,2.398398891971248,-0.5465221841009579
0.2754744054154019,3.630101310109188,2.550212051179483,2.5502120799098904,45.48211084183145,45.482110841844964,-89.04540526835706,-89.04439940772019,2.39023273836819,-0.547622675622214
0.2760281572721028,3.622818809076137,2.5791936860783284,2.5791936939657667,45.85594572655778,45.855945726551994,-89.30421142037756,-89.30472199163513,2.382094882382752,-0.5487231642987125
0.2765819091288037,3.615565469013744,2.608410027227818,2.6084100508235384,46.231037246361,46.23103724636352,-89.60112437683199,-89.60104403453903,2.3739792157398596,-0.5498236528705309
0.2771356609855045,3.608341115120168,2.637861965417041,2.6378619777637455,46.60754460015344,46.6075446001524,-89.90734905480338,-89.90715552739721,2.3659003125409397,-0.5509241403300268
0.2776894128422054,3.601145573987876,2.6675503317444567,2.667550353330186,46.98545016707172,46.9854501670722,-90.1479675190941,-90.14868042492371,2.3578452175510254,-0.5520246244614473
0.2782431646989062,3.5939786735897887,2.6974760015945884,2.697476016447889,47.3646909985601,47.364690998559944,-90.4318690984718,-90.4306597957794,2.349813233642967,-0.5531251081553991
0.2787969165556071,3.586840243265553,2.727639735075427,2.72763975126409,47.74517460454659,47.74517460454668,-90.72315823728093,-90.72404842324826,2.34181386124845,-0.5542255909294017
0.2793506684123079,3.579730113708012,2.758042386941314,2.758042408374054,48.1271451247575,48.12714512475747,-90.98602506776037,-90.98614876332795,2.3338419607883827,-0.555326071727481
0.2799044202690088,3.572648116949801,2.7886848317699537,2.788684844009833,48.51038437323915,48.51038437323917,-91.23204495431868,-91.2312413394085,2.3258949224234247,-0.5564265504245332
0.2804581721257096,3.5655940863501403,2.8195678059548728,2.8195678272796303,48.89492954174673,48.894929541746734,-91.50440240666796,-91.50519181395158,2.317971759949508,-0.5575270286027664
0.2810119239824105,3.5585678565817496,2.8506921798526683,2.850692195752515,49.28083290762345,49.28083290762348,-91.78837793333662,-91.78765899802997,2.3100813115608996,-0.5586275056993553
0.2815656758391114,3.5515692636179383,2.8820587264017257,2.882058742772114,49.66797763272988,49.66797763272991,-92.00873003663436,-92.0094749214874,2.302215991716818,-0.5597279796803826
0.2821194276958122,3.544598144719844,2.9136682560278904,2.9136682762381616,50.0565335533893,50.05653355338931,-92.27593466150164,-92.27570386709806,2.294371908757491,-0.560828453391122
0.2826731795525131,3.537654338423808,2.9455216080115694,2.9455216225853085,50.44633988159072,50.44633988159073,-92.53468566596392,-92.53382966620622,2.286561084395275,-0.561928925323939
0.2832269314092139,3.530737684528923,2.977619521802941,2.9776195417471616,50.83739957622896,50.837399576228975,-92.7509412013552,-92.75244882595966,2.2787706847197637,-0.5630293952701154
0.2837806832659148,3.5238480240847,3.009962802451215,3.0099628162011864,51.22978362938608,51.229783629386084,-93.03083593539692,-93.02989307134287,2.271007568276377,-0.5641298648623887
0.2843344351226156,3.516985199378903,3.042552247852714,3.0425522737977477,51.62347856517166,51.62347856517166,-93.23893769740891,-93.23879523321625,2.263274097827727,-0.5652303318421971
0.2848881869793165,3.510149053925504,3.0753885495461164,3.075388569086495,52.01785180094661,52.01785180094662,-93.46118759726356,-93.46170705606069,2.2555563907228238,-0.566330798156524
0.2854419388360174,3.5033394324528,3.108471492324538,3.1084715715076277,52.41007851849801,52.41007851849804,-93.7489850438136,-93.7484910993025,2.247873166525115,-0.5674312638270663
0.2859956906927182,3.4965561808916488,3.1417974158125057,3.1417975612121345,52.78837219164363,52.78837219164365,-93.88517346689594,-93.8861033613247,2.240217862663605,-0.5685317260056577
0.2865494425494191,3.4897991463638505,3.17535079910125,3.175351105507878,53.11994015508338,53.1199401550834,-93.93217918055312,-93.93121021591332,2.2325755637598372,-0.5696321870323598
0.2871031944061199,3.483068177170668,3.20908875062313,3.2090892007798497,53.33561401887712,53.33561401887712,-93.79876575798588,-93.79869579556281,2.224963847500914,-0.5707326484381573
0.2876569462628208,3.476363122781466,3.242916911031644,3.2429175405260895,53.31821455028029,53.31821455028031,-93.08463116842417,-93.08573085141681,2.2173818044331006,-0.5718331072517712
0.2882106981195216,3.4696838338224967,3.2766618837745054,3.276662600764228,52.89991984401728,52.89991984401725,-91.46416992597028,-91.46354263961113,2.209819132399616,-0.5729335638868185
0.2887644499762225,3.463030162065802,3.310044761335143,3.310045514388962,51.87186366767899,51.87186366767906,-88.55686592890424,-88.55677652835264,2.2022793585069707,-0.5740340198100524
0.2893182018329233,3.456401960418253,3.342664170012656,3.3426648481139685,50.00591072364502,50.00591072364488,-83.8342767335289,-83.83433501647019,2.1947676265692513,-0.575134474762967
0.2898719536896242,3.449799082910705,3.37399247681468,3.373993014585858,47.08113816166144,47.08113816166183,-76.8100340319179,-76.81041072491148,2.1872794136468694,-0.576234927462934
0.2904257055463251,3.443221384687288,3.403387629110787,3.4033879180111857,42.91229383163584,42.912293831635,-67.1571748444785,-67.15720315398086,2.1798141539460545,-0.5773353788406741
0.2909794574030259,3.4366687219948093,3.430119949238149,3.4301200264976837,37.37487643895616,37.37487643895819,-54.60073823467428,-54.60037794195866,2.172374255579204,-0.5784358287233218
0.2915332092597267,3.4301409521722817,3.4534110585951723,3.4534107340659896,30.42272411153687,30.4227241115322,-39.086064559996885,-39.08614924012072,2.164953965126243,-0.5795362771246442
0.2920869611164276,3.423637933640571,3.472480428580325,3.472480076594743,22.09918980354264,22.09918980355352,-20.80525172751732,-20.805146545950937,2.157558813643718,-0.5806367251270296
0.2926407129731285,3.417159525892162,3.486595338627727,3.4865942458436465,12.53384039623095,12.5338403962057,0.0095075585886661,0.009447563017262794,2.1501919521662374,-0.5817371709691136
0.2931944648298293,3.4107055894810365,3.495118441803648,3.4951180731567697,1.949504764773543,1.949504764832203,22.84846810743329,22.84809459297783,2.142844623847234,-0.5828376146084827
0.2937482166865302,3.404275986012667,3.497552420672148,3.497550732479715,-9.39184018163682,-9.391840181773047,47.0576421196638,47.05839570343429,2.1355193208841956,-0.5839380575475489
0.294301968543231,3.3978705781341274,3.4935545614154724,3.4935540224266037,-21.15914028136924,-21.159140281052867,71.97229435652116,71.97224175250929,2.128218642392516,-0.5850384985387169
0.2948557203999319,3.3914892295243084,3.482985134995963,3.482983830234738,-32.99787616838586,-32.997876169120644,96.80210905536296,96.80165965175817,2.120938133478581,-0.5861389383986166
0.2954094722566328,3.385131804884253,3.4658836300273346,3.46588287706114,-44.58553694313736,-44.58553694143087,120.85758646066095,120.8583822116609,2.1136836115496433,-0.5872393776722612
0.2959632241133336,3.378798169927588,3.442473157738698,3.4424723519703355,-55.60237954016737,-55.60237954413071,143.52627711991954,143.5255757342462,2.106450907120315,-0.5883398142423412
0.2965169759700344,3.372488191371069,3.413138603520278,3.4131380886660425,-65.78224002649073,-65.78224001728609,164.19857355294153,164.1991516150308,2.0992389052749263,-0.5894402499519229
0.2970707278267353,3.3662017369252344,3.3783988437893493,3.3783984697469993,-74.91276517132383,-74.91276519270122,182.49695063055515,182.49688832904312,2.0920523800902675,-0.5905406842917278
0.2976244796834362,3.359938675285161,3.3388737144096368,3.338873558703386,-82.84390526899931,-82.84390521935647,198.13273669653427,198.13193284198087,2.0848850766911116,-0.5916411167836584
0.298178231540137,3.353698876121319,3.2952498985807512,3.295249895527993,-89.48741102666055,-89.4874111418264,210.93918189457145,210.9407687553357,2.077741093883936,-0.5927415478541938
0.2987319833968379,3.347482210070531,3.248247379765648,3.2482475206773422,-94.81288683677091,-94.81288657227906,220.90465668286743,220.90331308578922,2.0706166844665614,-0.593841977474549
0.2992857352535387,3.3412885487270354,3.198589795142995,3.1985900483528367,-98.83933284827276,-98.83933339345357,228.05138764550705,228.05166492355025,2.0635166066449404,-0.5949424070160058
0.2998394871102396,3.335117764633642,3.146979460313546,3.1469797815928287,-101.62623386849572,-101.626232986274,232.64381540022717,232.64434559482697,2.0564411320145366,-0.5960428332833145
0.3003932389669405,3.3289697312729936,3.094077768459994,3.0940781484093223,-103.26279270352975,-103.26279373688243,234.81043472987017,234.80937984970078,2.049378397303043,-0.59714325839993
0.3009469908236413,3.3228443230589155,3.0404914808360584,3.0404918755155217,-103.8586193487422,-103.85861850825572,234.77721553341672,234.77858413178402,2.042344124925595,-0.5982436834915805
0.3015007426803421,3.316741415327864,2.986763667636591,2.9867640676700624,-103.53479808060148,-103.53479851088478,232.93882711627816,232.9375220998619,2.035330626141145,-0.5993441055615188
0.302054494537043,3.3106608843304706,2.9333696424574915,2.933370033544703,-102.41614219655324,-102.41614220660603,229.4507298470039,229.45117100398895,2.02833397858279,-0.6004445272418997
0.3026082463937439,3.3046026072231784,2.8807162244490256,2.8807165843386304,-100.62620884043872,-100.62620831556464,224.64361142034795,224.64425493546386,2.0213641382494054,-0.6015449469926937
0.3031619982504447,3.298566462059969,2.829143727864992,2.829144066396549,-98.28228129475922,-98.28228271180689,218.7746236621906,218.77311243506563,2.0144097713865565,-0.6026453649001713
0.3037157501071456,3.2925523277841786,2.7789302368098365,2.778930536960179,-95.4930310946346,-95.49302820142628,212.02445641204395,212.0259257337235,2.0074792869891125,-0.6037457823116003
0.3042695019638464,3.286560084220406,2.730296596606657,2.730296863977243,-92.35698537964252,-92.35698942337115,204.68015384551563,204.67954706251174,2.0005685022662916,-0.604846197378537
0.3048232538205473,3.280589612066508,2.6834124730948985,2.683412704017126,-88.96117647349075,-88.96117371721098,196.83078125356408,196.8304864377886,1.9936753925759105,-0.6059466124014299
0.3053770056772482,3.274640792885684,2.638402610722326,2.6384028161997994,-85.3814056019882,-85.38140421221043,188.6977445810253,188.69824904359362,1.9868105412480284,-0.6070470251254894
0.305930757533949,3.268713509098641,2.5953528729787565,2.5953530400396243,-81.68277993101384,-81.68278519103896,180.43828322436275,180.43772228638412,1.9799590536806568,-0.6081474355672382
0.3064845093906498,3.2628076439758487,2.5543159417791035,2.554316088647223,-77.92014240278048,-77.92013654178778,172.0667469871778,172.0674470788261,1.9731270995059496,-0.609247845809694
0.3070382612473507,3.256923081629875,2.5153168368211465,2.515316957934435,-74.13906134156998,-74.13906530620314,163.74620427835907,163.74561438605446,1.9663198555942853,-0.610348254567982
0.3075920131040516,3.2510597070078084,2.478357569375125,2.478357668160657,-70.37702552050591,-70.3770235264538,155.55155360589015,155.55165647326032,1.9595302340155876,-0.6114486618255941
0.3081457649607524,3.2452174058837606,2.44342147441505,2.443421559837572,-66.66405524131767,-66.66405617748222,147.50972612029364,147.51001990016675,1.9527594911100081,-0.612549066826612
0.3086995168174533,3.239396064851443,2.410476977194653,2.4104770441801135,-63.02408625273504,-63.02408569529351,139.6733925267572,139.67301864325924,1.9460091257763092,-0.6136494716113513
0.3092532686741541,3.233595571316835,2.3794806533927173,2.379480708048475,-59.47572226330365,-59.47572285064575,132.09086765807206,132.09101099586104,1.9392795228764894,-0.6147498744442329
0.309807020530855,3.22781581349092,2.3503800775606285,2.3503801253895555,-56.032819980734,-56.03281915475564,124.78274848044566,124.78295642930979,1.932567258597049,-0.6158502756620192
0.3103607723875559,3.2220566803825097,2.3231160894281757,2.323116122747952,-52.7057233260722,-52.70572444709978,117.74304834359282,117.74273583996946,1.9258746300211194,-0.6169506760108797
0.3109145242442567,3.2163180617911333,2.2976245926590053,2.2976246250905605,-49.50152789533001,-49.50152567132596,111.00524213864536,111.00529325476792,1.9192039874100524,-0.6180510749692348
0.3114682761009575,3.2105998483000104,2.273838278291203,2.273838299781618,-46.424703848222165,-46.42470857891403,104.59359878848682,104.59374237427221,1.912550536659834,-0.6191514715913277
0.3120220279576584,3.2049019312690987,2.2516877888656355,2.251687808675405,-43.47774448264165,-43.47773859716641,98.45916012825546,98.45903136295455,1.9059127601096844,-0.6202518674611546
0.3125757798143593,3.1992242028282107,2.231102824980655,2.2311028420605292,-40.6613976557329,-40.66140007433005,92.61981500605545,92.62018999441307,1.899299040508856,-0.6213522625089146
0.3131295316710601,3.193566555870212,2.21201294248274,2.2120129544730927,-37.97512158497056,-37.97512463466962,87.10526928880427,87.10442168344349,1.8927027222393056,-0.6224526548093834
0.313683283527761,3.187928884044278,2.1943482097441724,2.1943482201189384,-35.41730756860971,-35.4173022537193,81.8628383577443,81.86353319174538,1.8861232857253354,-0.6235530467577147
0.3142370353844618,3.182311081749237,2.1780397339951847,2.178039745254387,-32.9855402689233,-32.98554426738348,76.91727293732583,76.91748167898612,1.8795633829822747,-0.6246534366740699
0.3147907872411627,3.176713044126972,2.1630200423920662,2.1630200466769662,-30.676833266787817,-30.67683123055464,72.22302479966129,72.22228910421066,1.8730191065023936,-0.6257538260998019
0.3153445390978636,3.1711346670559,2.1492233721454808,2.1492233853840097,-28.487658630794957,-28.487659529548317,67.79185119502836,67.79232939766425,1.8665008801818082,-0.626854214139322
0.3158982909545644,3.165575847144516,2.136585928972445,2.136585928928622,-26.41434928978982,-26.41434888225041,63.66516463634616,63.664793809393814,1.8599959127209047,-0.6279545986344656
0.3164520428112652,3.160036481725001,2.12504588715307,2.1250458998639243,-24.45282244791898,-24.45282266982493,59.73496278080165,59.735647128917904,1.8535039355470877,-0.6290549839205696
0.3170057946679661,3.154516468846907,2.114543754207037,2.114543756285145,-22.59894224146268,-22.598942038155208,56.03033798549768,56.029825176853464,1.8470375939995742,-0.6301553677490874
0.317559546524667,3.149015707270898,2.105022137014868,2.105022145307167,-20.84861865521536,-20.84861899268905,52.57960919157131,52.57935337398422,1.8405885459211866,-0.6312557496886297
0.3181132983813678,3.1435340964625667,2.096425976893259,2.09642598379067,-19.1975192386089,-19.197518520571688,49.34229692956342,49.34298837341481,1.8341547280918449,-0.6323561296697591
0.3186670502380687,3.1380715365863003,2.088702445766381,2.0887024508857825,-17.64157810229067,-17.641579562083784,46.289029002668485,46.28855859229274,1.8277366161276705,-0.6334565087617566
0.3192208020947695,3.132627928499229,2.081800933974044,2.0818009427590254,-16.176610387764196,-16.176608024607738,43.423497064626645,43.4236412335323,1.821340825034771,-0.6345568874912949
0.3197745539514704,3.127203173745219,2.0756730908668617,2.0756730974927056,-14.798552338030714,-14.798555133151973,40.771344081906136,40.77135360200878,1.8149611899660008,-0.6356572633253629
0.3203283058081713,3.1217971745489463,2.070272672965035,2.0702726802377587,-13.503523902051064,-13.5035215408831,38.27076642525572,38.27064078165699,1.8085955225398027,-0.6367576385091187
0.3208820576648721,3.116409833810016,2.065555552359326,2.0655555607148726,-12.287624715700348,-12.28762617001901,35.92753677513792,35.92772493016189,1.8022518511786576,-0.6378580125810905
0.3214358095215729,3.111041055097148,2.061479679617049,2.0614796885492273,-11.147101679107838,-11.147100974153533,33.77138929682246,33.77141403987045,1.7959239215841907,-0.6389583843845201
0.3219895613782738,3.105690742642426,2.058004970486441,2.0580049772853117,-10.078389068634994,-10.078389375565228,31.736236333546454,31.73587089525997,1.7896100169007083,-0.6400587553718011
0.3225433132349747,3.1003588013356027,2.055093263927976,2.055093275846172,-9.077922625929713,-9.07792249362684,29.83959932283301,29.8400170760291,1.7833188012758654,-0.6411591254657176
0.3230970650916755,3.095045136718466,2.0527083105760147,2.0527083162379958,-8.142319953194413,-8.142320010167074,28.11634267815043,28.115997665382533,1.777040602242492,-0.6422594924811023
0.3236508169483764,3.089749654979255,2.050815616322347,2.050815630710012,-7.26829473337127,-7.268294708839978,26.46952374402781,26.470001751883157,1.7707748465159934,-0.6433598600041998
0.3242045688050772,3.0844722629471457,2.049382486060835,2.0493824888554313,-6.452695362864687,-6.45269537342727,24.942888843903347,24.94270356138347,1.7645353629011793,-0.6444602263450177
0.3247583206617781,3.07921286808678,2.0483778789867384,2.0483779026685163,-5.692389963074501,-5.692389958526514,23.56118528753018,23.56034863915309,1.7583088655162231,-0.6455605896491932
0.325312072518479,3.0739713784928657,2.047772401295951,2.0477723887083212,-4.984713487112879,-4.984713489071132,22.270999121674777,22.272382246273473,1.7520972303701008,-0.6466609522000905
0.3258658243751798,3.068747702884816,2.047538155437262,2.0475381957385563,-4.326061608991727,-4.326061608148555,21.08019678988376,21.07941776657444,1.7458997414703508,-0.6477613134052089
0.3264195762318806,3.0635417506014533,2.04764925741578,2.047649242869013,-3.7141718017294503,-3.7141718020925008,19.947282221259684,19.947360368483924,1.7397211433548545,-0.6488616748616989
0.3269733280885815,3.0583534315957617,2.0480805273824734,2.048080555183373,-3.1467038441965034,-3.146703844040185,18.94361523672194,18.943664816362467,1.7335647000643069,-0.6499620330070379
0.3275270799452824,3.0531826564297,2.048808789368754,2.0488087916083018,-2.620318733586511,-2.6203187336538205,18.0258884399243,18.02571358565547,1.7274144923938017,-0.651062389617931
0.3280808318019832,3.04802933626906,2.049812085572194,2.049812102536655,-2.13288244805998,-2.1328824480310007,17.139651694714985,17.14021853656987,1.7212845399584884,-0.6521627466172506
0.3286345836586841,3.0428933828783764,2.051069881038206,2.0510698904812386,-1.681783949439948,-1.6817839494524274,16.357164310084386,16.35649477152349,1.7151730439688322,-0.6532631009150706
0.3291883355153849,3.0377747086158955,2.05256292281642,2.0525629363665323,-1.2647054432400309,-1.264705443234659,15.638602601788762,15.638906566412775,1.709073985418396,-0.6543634540701166
0.3297420873720858,3.032673226428585,2.0542732600924847,2.0542732709879865,-0.8792607741145377,-0.8792607741168519,14.970340161487684,14.970107613447105,1.7029915180906914,-0.6554638059467388
0.3302958392287867,3.027588849847206,2.05618421865369,2.056184233993461,-0.5231529959080307,-0.5231529959070351,14.365447942117155,14.366764177522555,1.696924674822521,-0.6565641569089031
0.3308495910854875,3.02252149298142,2.05828034998744,2.058280357074775,-0.1942051066244037,-0.19420510662483276,13.809725013487764,13.805298623423612,1.6908728121960028,-0.6576645061250352
0.3314033429421884,3.0174710705149552,2.060547379365688,2.060547403137669,0.1097560193289987,0.10975601932918332,13.275276462663214,13.288812667949578,1.6848392821162859,-0.6587648545464448
0.3319570947988892,3.0124374977008213,2.062972239643491,2.0629722287674284,0.3909085342654348,0.3909085342653556,12.88927517874879,12.846646389198854,1.6788198490952344,-0.6598652002886415
0.3325108466555901,3.007420690356563,2.0655430078319963,2.0655430752126427,0.6512910656336598,0.6512910656336943,12.263788651023615,12.397354834697033,1.6728110360276611,-0.660965545924966
0.333064598512291,3.002420564859574,2.0682488665785512,2.0682487554067435,0.8929105831489108,0.8929105831488964,12.476510033000636,12.064999157065033,1.666825436741699,-0.6620658906987422
0.3336183503689918,2.997437038142448,2.071080139766783,2.0710804350154075,1.1179300453402614,1.1179300453402674,10.212388687714167,11.454745559703255,1.6608431040024254,-0.6631662326799974
0.3341721022256926,2.9924700276883724,2.074028227724096,2.074027613574207,1.3278827589044175,1.327882758904416,15.712933211954692,12.069778328873248,1.654916501319543,-0.6642665756094439
0.3347258540823935,2.987519451526585,2.077085597240794,2.07708697646904,1.5260472668777103,1.5260472668777114,-2.0122951281588257,8.241704348226744,1.6488565207603605,-0.6653669095086329
0.3352796059390944,2.9825852282278578,2.0802457604079287,2.0802429003715863,1.7098159481401043,1.709815948140106,48.339602916925,21.166475796522732,1.643352656920377,-0.6664672678210392
0.3358333577957952,2.977667276900033,2.083503300366803,2.0835090342980163,1.8960731510558493,1.8960731510558486,-93.64521162517454,-28.498392339035725,1.6358393319872129,-0.6675675339924745
0.3363871096524961,2.9727655171836034,2.086853808064021,2.086843482721067,2.037903837327826,2.0379038373278298,282.9090738338004,153.543068841301,1.6359088852707664,-0.668668138768595
0.3369408615091969,2.967879869247336,2.0902938954931423,2.0903092321953487,2.291949069983388,2.2919490699833855,-647.7219870614088,-482.0860953046113,1.6077746872467864,-0.6697674688874696
0.3374946133658978,2.963010253783936,2.0938211795995816,2.0938093947695418,2.1838038610559147,2.183803861055921,1390.6252625943212,1450.5297439632675,1.684860748933967,-0.6708715519835833
0.3380483652225987,2.958156592005757,2.097434272599888,2.097404612360312,3.113298544423067,3.113298544423058,-2145.697239299232,-2808.166989858614,1.367566943984843,-0.6719576179870442
0.3386021170792995,2.9533188056405546,2.101132785943828,2.1012344679997628,1.281889426709213,1.281889426709237,632.9653212355506,1227.1824402188674,2.3429991748960415,-0.6730878241890947
0.3391558689360003,2.948496816927272,2.104917297679662,2.10486346018326,5.575769539158617,5.575769539158562,11270.31944578716,11751.198091580545,0.24314615568541448,-0.6741811185674005
0.3397096207927012,2.943690548611879,2.1087893592094766,2.1087504719163364,2.646024825623253,2.6460248256233907,-40039.10448503514,-40400.62367422128,1.7407360706644814,-0.67525535983071
0.3402633726494021,2.9388999239432456,2.1127516111473628,2.1128150486708512,-35.33086941393864,-35.33086941393896,-74494.75258115491,-74983.72559165549,19.82343642072625,-0.6763524800047179
0.3408171245061029,2.934124866669056,2.116807447954657,2.1167058720325276,-62.60512070872207,-62.60512070872136,-17319.202422049573,-17641.922691485954,32.82968558021729,-0.6774541702557217
0.3413708763628038,2.929365301031759,2.120961402910516,2.120989494143087,-59.35387716313377,-59.35387716313544,11703.580507507197,12601.33355995654,31.275932067493237,-0.6785864377693296
0.3419246282195046,2.9246211517645704,2.1252189514719952,2.1252771514690303,-56.64483101241306,-56.644831012409256,766.666813185821,793.0389742687767,29.932206366348407,-0.67966470779482
0.3424783800762055,2.919892344087496,2.1295865301170087,2.1295512152877265,-55.84636307800014,-55.846363078009055,2077.4673858081737,1580.4788189221422,29.66553698721163,-0.6807527839985155
0.3430321319329063,2.9151788037034096,2.134071570127248,2.1340786907868603,-54.06213807245681,-54.062138072436206,2615.416685220736,2823.4899183836196,28.869102839944198,-0.6818566063135325
0.3435858837896072,2.910480456794157,2.138682506391843,2.1386830382261683,-52.71913029892658,-52.71913029897452,1937.998777026369,1934.689759569764,28.27498122416263,-0.6829523018743129
0.344139635646308,2.905797230016705,2.1434287483008343,2.1434268481589016,-51.25865002447704,-51.25865002436579,2171.508383894437,2139.9402157022755,27.655899867962347,-0.6840502691339538
0.3446933875030089,2.901129050499325,2.148320731200689,2.148321850369313,-49.86982629685472,-49.869826297113136,1959.0175110846208,1980.017759843334,27.070281022977113,-0.6851477541157717
0.3452471393597098,2.896475845837811,2.153369900507041,2.153369036867941,-48.48540803627861,-48.4854080356785,1939.370235015948,1929.687286718231,26.50129596110412,-0.6862454793740757
0.3458008912164106,2.8918375440917408,2.1585887384709097,2.158588947927872,-47.12167140061561,-47.12167140200947,1850.24492003234,1854.0762824587057,25.952074501782093,-0.6873432479836837
0.3463546430731115,2.887214073780762,2.163990784558206,2.163990457069596,-45.76885505480394,-45.768855051566774,1790.362688509916,1788.9653831514097,25.420561314812808,-0.6884411064638422
0.3469083949298123,2.8826053638809275,2.169590627063048,2.169590550268694,-44.42527469127343,-44.425274698791725,1724.1087523847573,1724.5931566087056,24.906154434888546,-0.6895390377081738
0.3474621467865132,2.8780113438210506,2.175403976706993,2.1754037808430287,-43.086930757117614,-43.08693073965662,1663.423127905388,1663.260874854816,24.40794056440674,-0.6906370414443828
0.348015898643214,2.873431943479112,2.181447625527194,2.181447480351424,-41.750647634239975,-41.7506476747926,1604.0588639844673,1604.1120537410352,23.925161592552264,-0.6917351140299556
0.3485696504999149,2.868867093178682,2.187739520126309,2.187739348729298,-40.41303440134119,-40.41303430716117,1547.1766309189056,1547.1596626212631,23.457075403582866,-0.6928332510476038
0.3491234023566157,2.8643167236853966,2.1942987642125087,2.1942986010138963,-39.07084383730224,-39.07084405597874,1492.1410880265826,1492.146201177774,23.002996702951364,-0.6939314520414895
0.3496771542133166,2.859780766203449,2.2011456657610933,2.201145496109738,-37.72082885794964,-37.720828351336465,1438.9703735880794,1438.9691051123698,22.562286023865795,-0.6950297119152781
0.3502309060700174,2.855259152372127,2.2083017611867137,2.2083015902320997,-36.35976898851275,-36.359770135935804,1387.4906920825645,1387.4909750483432,22.13432709334054,-0.6961280286017731
0.3507846579267183,2.8507518142623782,2.21578984147896,2.2157896674165447,-34.98446227822565,-34.984460290287714,1337.5143908780783,1337.5144586564647,21.718554672671498,-0.6972264015306089
0.3513384097834192,2.846258684373408,2.2236340169038127,2.223633842620712,-33.59167234542284,-33.59167404214871,1288.981824413577,1288.9816457248603,21.31443739080552,-0.6983248260996326
0.35189216164012,2.841779695629309,2.23185974737006,2.23185956690243,-32.17819374798884,-32.17819434189294,1241.7828794353395,1241.782729880268,20.921456971192768,-0.6994232993056515
0.3524459134968209,2.8373147813757247,2.240493855476424,2.240493676278049,-30.740770174153635,-30.74076777328858,1195.752440725287,1195.7530026504155,20.53913967075857,-0.7005218222625187
0.3529996653535217,2.8328638753765425,2.24956463844635,2.2495644549217846,-29.276111177048712,-29.276112221465837,1150.8271612516733,1150.8267265038635,20.16703826753207,-0.701620390861723
0.3535534172102226,2.828426911810616,2.2591018615669007,2.259101676732037,-27.780905593244075,-27.780907143527067,1106.9126636092972,1106.9126968696098,19.804723278334077,-0.7027190041321045
0.3541071690669234,2.824003825268525,2.2691368463349098,2.2691366571665954,-26.25178517283341,-26.251783687742716,1063.9186399085722,1063.918735752547,19.45179251252493,-0.7038176594779058
0.3546609209236243,2.819594550749358,2.279702498659737,2.27970231007316,-24.6853189729421,-24.6853165926934,1021.7609217058578,1021.7608048308343,19.107862381546397,-0.7049163557852858
0.3552146727803251,2.815199023657529,2.29083339970066,2.2908332069830997,-23.07801144732988,-23.078016787610082,980.3548396874788,980.3550108506694,18.77257374599247,-0.7060150913884299
0.355768424637026,2.8108171797996224,2.3025658363705306,2.3025656396443406,-21.426325120443558,-21.426324063817095,939.6389905947304,939.6388333588167,18.445583352773518,-0.7071138648220844
0.3563221764937269,2.8064489553812693,2.314937877937775,2.314937681282009,-19.72660654943363,-19.726600893754323,899.540990030644,899.5408566528981,18.12656576079737,-0.7082126746676761
0.3568759283504277,2.8020942870040497,2.327989450139461,2.327989251950643,-17.975123467592084,-17.975129163072722,859.9937110482324,859.9939276445616,17.81521207777422,-0.7093115191021738
0.3574296802071286,2.797753111662426,2.341762388195745,2.3417621843792293,-16.168111753840254,-16.168108064470086,820.934450604349,820.9344419900752,17.511229917270448,-0.7104103978868732
0.3579834320638294,2.793425366740708,2.3563004919447272,2.356300289737372,-14.30164733943046,-14.30165240390715,782.3009977904981,782.3007759838756,17.214341529840283,-0.7115093092135246
0.3585371839205303,2.7891109900100344,2.371649633755024,2.371649422979495,-12.371794774581678,-12.371791841583308,744.0536132238544,744.0536581480495,16.92428288675934,-0.7126082514517537
0.3590909357772311,2.784809919625398,2.3878577480395555,2.3878575430936078,-10.374474921063184,-10.374470675124455,706.1457447736743,706.145813856617,16.640798092531792,-0.7137072235776817
0.359644687633932,2.7805220941226865,2.4049749878418765,2.4049747746678767,-8.305544197882627,-8.305552159982678,668.4941091217679,668.4941234828611,16.36364832767598,-0.7148062257362092
0.3601984394906328,2.776247452415756,2.4230536848569253,2.423053471851819,-6.160839625344914,-6.160834038184343,631.0771085960523,631.0769400611247,16.09260987029079,-0.7159052557369542
0.3607521913473337,2.771985933793527,2.442148473552271,2.4421482583888223,-3.936060410510818,-3.9360618940447853,593.882894506984,593.8827175393179,15.827459282799166,-0.7170043119576102
0.3613059432040346,2.7677374779171173,2.462316278367497,2.4623160606946164,-1.6269338067754195,-1.6269352759219733,556.8266813999139,556.8271078586897,15.567986485681256,-0.7181033951879582
0.3618596950607354,2.763502024816988,2.483616369478117,2.4836161500124785,0.7708635324387996,0.7708662168225602,519.8804026657904,519.880289011427,15.313999282260903,-0.719202504359991
0.3624134469174362,2.759279514890121,2.506110372518932,2.5061101525112277,3.261646307828297,3.2616440808567146,483.0387705805797,483.0381883071083,15.065305961450143,-0.7203016372669537
0.3629671987741371,2.755069888897228,2.5298622527239827,2.52986202927004,5.8496349045208405,5.849635786042035,446.2710064609773,446.27160260942475,14.821724095829184,-0.7214007938662226
0.363520950630838,2.750873087959978,2.5549382601272645,2.554938037352194,8.538973579722501,8.538974033877174,409.5545067821886,409.5542191333814,14.58307832963425,-0.7224999727793919
0.3640747024875388,2.7466890535582515,2.5814068984676783,2.5814066725301714,11.333661757844748,11.333660347150998,372.84092839515415,372.84090269621964,14.349205584790488,-0.7235991749491012
0.3646284543442397,2.7425177275274204,2.609338813629656,2.609338589969995,14.237474284518646,14.237476089504582,336.17035514219697,336.17042802467927,14.119950825226963,-0.7246983978807937
0.3651822062009405,2.7383590520556544,2.6388066501529317,2.6388064231874195,17.25381213891932,17.25381058291119,299.53213602363394,299.53186277310374,13.895153657074262,-0.7257976411208525
0.3657359580576414,2.734212969681248,2.669884788847836,2.6698845636878334,20.385666801461078,20.385667781329655,262.8838404551234,262.8840875811862,13.674674785192892,-0.7268969051609031
0.3662897099143423,2.7300794232899754,2.702649166983349,2.702648943525689,23.635543714518302,23.635543196894325,226.30585041826816,226.3054904100017,13.458375552187595,-0.7279961877628902
0.3668434617710431,2.725958356112469,2.7371768541193098,2.7371766283274472,27.005101526477883,27.005101852055205,189.79825668440665,189.79840754143814,13.246115261109393,-0.729095489112011
0.3673972136277439,2.7218497117216165,2.773545606227689,2.7735453877011054,30.495289184975025,30.49528881466246,153.3595798473125,153.35967781998866,13.037771481514993,-0.730194809678559
0.3679509654844448,2.71775343402999,2.811833413901723,2.811833194995206,34.105874723528764,34.105875341906795,117.08923757176126,117.08878380206713,12.833222571729141,-0.7312941472325887
0.3685047173411457,2.713669467287289,2.85211765673188,2.852117441404021,37.83520262350677,37.83520168476764,81.05105991184337,81.05115965977646,12.632345482612449,-0.732393501084324
0.3690584691978466,2.709597756077819,2.894474379579958,2.894474171832617,41.68025006369254,41.68025108543352,45.29496757309789,45.29502931753213,12.435027618927075,-0.7334928721472934
0.3696122210545474,2.705538245317976,2.938977317748511,2.9389771144792376,45.63587919016175,45.635878561857574,9.938125694747214,9.937883501312127,12.241162439032994,-0.7345922588558422
0.3701659729112482,2.701490880253767,2.9856965874234898,2.9856963908731937,49.69468656828211,49.69468634120308,-24.88043197284969,-24.880537504262154,12.050643185932662,-0.7356916608170262
0.3707197247679491,2.697455606458348,3.0346973983860672,3.034697216746234,53.84679867568752,53.84680010898695,-59.03083759830679,-59.03100329210445,11.863367927859342,-0.736791077865765
0.37127347662465,2.693432369829585,3.08603838745071,3.086038208794656,58.0789322290124,58.078929550133495,-92.338051398875,-92.33795904935909,11.679241181749443,-0.737890509399606
0.3718272284813508,2.6894211165876345,3.139769587384126,3.1397694281442847,62.3743908607598,62.37439412845994,-124.58401568369754,-124.58424256483319,11.498169114137992,-0.7389899550195738
0.3723809803380516,2.685421793272548,3.1959304502164927,3.1959303003966997,66.71247906090214,66.712476276984,-155.5504144860297,-155.55074734355,11.320061359619991,-0.7400894142104378
0.3729347321947525,2.681434346741896,3.254547217532408,3.2545470884709577,71.06768677091733,71.06768849015532,-184.9487624479052,-184.94872831294208,11.144833258286683,-0.741188886431397
0.3734884840514534,2.677458724168416,3.315630158466742,3.315630041068838,75.40938546152393,75.40938462759254,-212.4541006452946,-212.45456036988094,10.972397423351227,-0.7422883707200445
0.3740422359081543,2.673494873037677,3.3791704704505268,3.3791703791875243,79.70150267109703,79.7015030341841,-237.7694401936988,-237.76919836941258,10.802673882245486,-0.7433878679541054
0.3745959877648551,2.669542741145774,3.4451370855704853,3.445137011927042,83.90180767145534,83.90180751499247,-260.47846957427373,-260.47910963288615,10.635589026239469,-0.7444873770513436
0.3751497396215559,2.6656022765970238,3.5134728618492392,3.513472808790112,87.9613853284757,87.96138539574201,-280.1491658093355,-280.1493164012733,10.471063566044737,-0.745586897447758
0.3757034914782568,2.661673427801704,3.5840908866864374,3.5840908552944875,91.8249808346524,91.82498080594485,-296.3493960061851,-296.34945705898195,10.309026736223016,-0.7466864292346362
0.3762572433349577,2.657756143473799,3.656870789800831,3.6568707795870385,95.43078951740024,95.43078952916653,-308.5899826997429,-308.5906385728038,10.149408563500367,-0.747785971348048
0.3768109951916585,2.653850372628769,3.731654934023114,3.731654936587871,98.71049418182174,98.71049417813619,-316.353312023386,-316.3531653901313,9.992142511935201,-0.7488855242952726
0.3773647470483594,2.649956064581332,3.8082448903170927,3.808244909728584,101.59028684977572,101.59028684815604,-319.1225997383372,-319.1233192183299,9.83716074216875,-0.7499850867733461
0.3779184989050602,2.64607316894328,3.886398567771434,3.886398588000946,103.99192029271272,103.9919203008575,-316.4191648968067,-316.41892704720095,9.684402533266283,-0.7510846598901567
0.3784722507617611,2.6422016356213,3.965828021628632,3.965828045453333,105.8346190258296,105.83461900502671,-307.70302198686795,-307.7039007744448,9.5338081355024,-0.752184241177808
0.379026002618462,2.6383414148148234,4.046198588882232,4.046198597824005,107.0372773714773,107.0372774205986,-292.5574302615624,-292.5573505083128,9.385314066549357,-0.7532838320362488
0.3795797544751628,2.634492457013888,4.127129192971204,4.127129175711095,107.5212091713326,107.52120905702866,-270.62087985263884,-270.62095989883164,9.238867353205183,-0.7543834317935028
0.3801335063318636,2.630654712997021,4.208194762490948,4.208194708203972,107.21438890191276,107.21438916454613,-241.6073496928143,-241.60774412551766,9.094410961176818,-0.7554830397545306
0.3806872581885645,2.6268281338291426,4.288930946492018,4.288930832092333,106.05548531837611,106.05548477762412,-205.3928259753975,-205.39264066046675,8.951893219213801,-0.7565826560432012
0.3812410100452654,2.6230126708594868,4.36884129931029,4.3688411164606995,103.99883308303546,103.99883395401456,-161.99539516779714,-161.99603569609243,8.811260956092037,-0.757682279871991
0.3817947619019662,2.619208275719537,4.447407411465434,4.447407135308439,101.01941525252508,101.01941424787633,-111.65326717655536,-111.65262527581369,8.672464161368813,-0.7587819112320152
0.3823485137586671,2.6154149003209826,4.524101728426244,4.524101355338808,97.1178318306406,97.11783260046938,-54.81441272408483,-54.81407136921448,8.535453191732223,-0.7598815495547684
0.3829022656153679,2.6116324968536957,4.598403219940508,4.598402729271408,92.32476590663792,92.32476564432572,7.783494014667667,7.783413918718901,8.400182475120442,-0.7609811959884791
0.3834560174720688,2.6078610177837165,4.66981522696128,4.669814625881903,86.7045683165163,86.70456791448058,75.24652418478763,75.24663826309747,8.266609976571734,-0.7620808481532756
0.3840097693287697,2.6041004158512715,4.737885077186743,4.737884357966122,80.35706604410079,80.3570674640741,146.43780914431045,146.43872163365563,8.134685053154046,-0.7631805062036887
0.3845635211854705,2.60035064406879,4.802224001818917,4.802223185027065,73.417312980966,73.41730986875284,219.8638930573652,219.8644425588289,8.00436395977966,-0.7642801708830773
0.3851172730421713,2.596611655718952,4.862526601770743,4.862525704982386,66.05298655353072,66.05299162338608,293.98017601056927,293.98068589060705,7.875612669852916,-0.7653798424055607
0.3856710248988722,2.592883404352745,4.918587842913306,4.918586896783217,58.458556951712325,58.45855109241547,367.23669150110254,367.23716552326243,7.7483873822538145,-0.7664795182786902
0.3862247767555731,2.589165843787546,4.970316234170643,4.970315273036866,50.84702115378681,50.847025712263225,437.8520146808387,437.8526987339415,7.622643411009618,-0.7675791998589522
0.3867785286122739,2.58545892810521,5.017741682550689,5.017740757471639,43.43893411889325,43.43893198675917,504.20395999982793,504.20472399528177,7.498351091682329,-0.768678887342194
0.3873322804689748,2.5817626116501797,5.061016668326503,5.061015815912448,36.44937123844267,36.44937150675628,564.9618081486205,564.9616074268677,7.37546942550432,-0.7697785782300852
0.3878860323256756,2.578076849027612,5.100409714126591,5.100408982922149,30.07388888822264,30.073889313060853,618.8493874950582,618.850410006643,7.253958501729236,-0.7708782742022487
0.3884397841823765,2.574401595101519,5.13629113254558,5.136290557621341,24.474681427755574,24.474681008131558,665.0195541632711,665.0195607195033,7.133789673913555,-0.7719779752595332
0.3889935360390773,2.5707368049929307,5.169111232088354,5.16911083738666,19.768125854269297,19.768126154239905,703.1127072613463,703.1122478041555,7.014927453852527,-0.7730776799668032
0.3895472878957782,2.567082434078057,5.199372319275585,5.199372116398168,16.015497095176926,16.01549676778314,733.1014739559578,733.1015975311949,6.897335904407432,-0.774177388166705
0.390101039752479,2.563438437986489,5.227596607692941,5.227596578121548,13.21809311946955,13.21809380390633,755.3898632046721,755.3895808031741,6.780984115223419,-0.7752771004511743
0.3906547916091799,2.559804772599393,5.254292930647007,5.25429305012891,11.318668518225474,11.318666801122845,770.8190302431153,770.8185120853818,6.665842084058275,-0.7763768161754836
0.3912085434658808,2.556181394047737,5.279925967187056,5.279926168925694,10.20911251058148,10.209115874227814,780.4935848307732,780.4928944002309,6.55187736345611,-0.7774765347834446
0.3917622953225816,2.552568258710524,5.304891377929229,5.304891605828892,9.745100298509398,9.745095779906329,785.6618424990252,785.6616290885478,6.439061114867873,-0.7785762568648773
0.3923160471792825,2.548965323213035,5.329500801379737,5.329500976272599,9.765906855728565,9.765910983329208,787.6328611604074,787.6322339512116,6.32736459124009,-0.779675981281437
0.3928697990359833,2.545372544425104,5.353978206552791,5.353978285220258,10.115792718519184,10.115790063326624,787.5626331608433,787.5623276596192,6.21675874308558,-0.7807757084583827
0.3934235508926842,2.541789879459388,5.378467892381188,5.378467841631531,10.663115995215602,10.663117311217718,786.3877016843513,786.3873264114902,6.107217007534814,-0.7818754378649838
0.393977302749385,2.538217285669665,5.403051174263366,5.403051019830173,11.312044580364295,11.312043985137084,784.7696791607862,784.7697902151725,5.998711621969352,-0.7829751690384859
0.3945310546060859,2.534654720649142,5.427766936221892,5.427766697725666,12.00381205740912,12.003812363373484,783.0788763796872,783.0788080791909,5.891216316767974,-0.7840749024227635
0.3950848064627867,2.531102142228774,5.452630245697775,5.452629978553965,12.709484704555877,12.709484473616246,781.4875580425487,781.486953494648,5.784706440059027,-0.7851746373841765
0.3956385583194876,2.527559508475602,5.477645803180618,5.477645519927726,13.418382441778864,13.418382690738397,780.0955210736724,780.0961873720854,5.679157392644188,-0.7862743734375676
0.3961923101761885,2.5240267776911054,5.502814854208866,5.502814572493951,14.12773947217424,14.127739211764743,778.9036555669304,778.903295288073,5.574541540567698,-0.7873741107808616
0.3967460620328893,2.520503908409562,5.528137906207248,5.528137618602144,14.837237425721398,14.837237637582517,777.8474470681012,777.8473378820413,5.470838467056197,-0.7884738498457199
0.3972998138895902,2.5169908593964267,5.553615379266178,5.553615099722992,15.547010104660709,15.54700997585357,777.0247314314104,777.0251233672554,5.3680272175966115,-0.7895735890465834
0.397853565746291,2.5134875896467257,5.579247708372305,5.579247414413762,16.257048177545748,16.257048239462588,776.4107279164009,776.4095825103699,5.266078006648203,-0.7906733283819188
0.3984073176029919,2.509994058383456,5.60503524384502,5.605034964363823,16.967620482595944,16.96762045641913,775.9159193438206,775.9171811233564,5.164973683209959,-0.7917730689925502
0.3989610694596927,2.506510225056008,5.63097853793401,5.630978246056051,17.67883780730289,17.678837816785162,775.6678212959514,775.6673496575279,5.0646931688080805,-0.7928728089845669
0.3995148213163936,2.503036049338593,5.657077946067184,5.657077656841889,18.390612494377724,18.390612494478148,775.5635372387803,775.5627992742458,4.965209751723414,-0.7939725494178151
0.4000685731730944,2.4995714911286924,5.683333919319889,5.6833336327033095,19.10331442809468,19.10331441833473,775.6121240165692,775.6134580209955,4.8665117928972235,-0.7950722899486212
0.4006223250297953,2.4961165105455057,5.709746993122287,5.709746701067625,19.816987605293686,19.81698763206293,775.9260993245648,775.9242635045584,4.768571451780942,-0.7961720284693122
0.4011760768864961,2.4926710679284296,5.73631759056194,5.73631729973131,20.531649045044187,20.531648981107782,776.334903167822,776.336394845596,4.671368607634626,-0.7972717676270494
0.401729828743197,2.489235123835534,5.763046195589335,5.763045905538472,21.247503712918725,21.247503862153593,776.940792082212,776.9405254851378,4.574890710394576,-0.7983715053917537
0.4022835805998979,2.4858086390420624,5.7899333164936575,5.789933020876779,21.964641105666463,21.96464075912218,777.7336805680771,777.7325042198803,4.479111194088615,-0.799471242207338
0.4028373324565987,2.482391574538934,5.816979436524824,5.8169791481726305,22.68317464313112,22.683175439358816,778.6619389851915,778.6633304176308,4.38401746338091,-0.8005709779329049
0.4033910843132996,2.4789838915312647,5.844185085814337,5.844184785748275,23.40317127203352,23.403169625866752,779.8189234003322,779.8179800305971,4.2895872957350525,-0.8016707109602047
0.4039448361700004,2.4755855514369034,5.8715507416428485,5.871550453861998,24.12484708995949,24.12484978450825,781.091825270299,781.0920521022349,4.195802348801184,-0.8027704434517919
0.4044985880267013,2.472196515884968,5.899077007229399,5.899076706307535,24.84823491217039,24.848231639588924,782.5397512532036,782.539721540156,4.102649989570403,-0.803870173506797
0.4050523398834021,2.4688167467144093,5.926764350900911,5.926764059223844,25.57341643085954,25.573419446730643,784.2012498603541,784.201204760898,4.010107436466327,-0.8049699010678272
0.405606091740103,2.4654462059725724,5.954613357535328,5.9546130575967835,26.300585838704244,26.30058331784834,785.9733338654672,785.9732667013534,3.918159106733591,-0.8060696267437906
0.4061598435968038,2.46208485591378,5.982624563048872,5.982624269016232,27.029781359696027,27.029784011888914,787.9128848247644,787.9128992806783,3.8267925438149404,-0.8071693498812023
0.4067135954535047,2.45873265899792,6.010798555266642,6.010798254893173,27.761144717311897,27.761141341271358,790.074358265142,790.0741336453442,3.7359870715059205,-0.8082690695002908
0.4072673473102056,2.455389577889053,6.039135883523281,6.039135586421275,28.494778088427108,28.494781828474103,792.3474723142273,792.3475444423201,3.6457256809808847,-0.8093687866245534
0.4078210991669064,2.452055575454021,6.067637155147373,6.067636856524067,29.230801716680247,29.23079861543287,794.7815405475551,794.7818208730679,3.5559985204006965,-0.810468500522138
0.4083748510236072,2.448730614761075,6.096302954119587,6.096302653682966,29.96926205269456,29.969263956943323,797.4306594409672,797.4297988760085,3.466784745749283,-0.8115682103686381
0.4089286028803081,2.44541465907851,6.125133855397505,6.125133554832168,30.71031475127307,30.71031381540878,800.192609311946,800.1933845069536,3.3780700587003536,-0.8126679170555252
0.409482354737009,2.4421076718733152,6.154130501305582,6.154130203064703,31.45414225184573,31.454142693301314,803.1338503573656,803.1335850428629,3.2898426668715643,-0.8137676197357376
0.4100361065937098,2.43880961680983,6.183293535239317,6.183293231093603,32.20071410358639,32.20071383406131,806.252325635033,806.2517264162806,3.2020840310780576,-0.8148673181084769
0.4105898584504107,2.4355204577484124,6.212623521428604,6.212623221066872,32.95015140585152,32.95015170565816,809.5078117479073,809.5088559279963,3.1147821918423912,-0.8159670124958038
0.4111436103071115,2.432240158744121,6.242121136493117,6.242120834740022,33.702686838303954,33.70268629000598,812.9512199859072,812.9501835694854,3.0279223733901377,-0.8170667019610894
0.4116973621638124,2.428968684045405,6.271787035142259,6.271786730294727,34.45830614891101,34.45830718361721,816.5381196299619,816.5381016792246,2.941489707782263,-0.8181663867029102
0.4122511140205133,2.425705998092805,6.301621852527542,6.30162155299006,35.21716754443294,35.21716615729622,820.3125939052962,820.3135677848592,2.85547208028056,-0.8192660663228201
0.4128048658772141,2.422452065517665,6.331626271426239,6.331625962435818,35.979331616753264,35.97933222961485,824.2448022799751,824.2437232525721,2.769852206315082,-0.8203657406806624
0.4133586177339149,2.4192068511408533,6.361800920211363,6.361800620918303,36.74495642257586,36.74495848020359,828.2839727544718,828.2844210744734,2.6846222422750077,-0.8214654104980742
0.4139123695906158,2.415970319971496,6.3921465572090765,6.392146250210715,37.514195449189565,37.51418978984738,832.5770862625536,832.5766947851951,2.59976754543209,-0.8225650730514082
0.4144661214473167,2.412742437205718,6.422663840083774,6.4226635344271585,38.287023207299086,38.28703089208632,837.0160579044215,837.0161147326126,2.5152684694676313,-0.8236647300610268
0.4150198733040176,2.4095231682253986,6.453353446936021,6.453353143473939,39.06363043405474,39.06362367317194,841.5555160838433,841.5561630479943,2.431120346056095,-0.8247643818714215
0.4155736251607184,2.4063124785969308,6.484216121424794,6.484215813459381,39.84413940604932,39.84414358970583,846.3280079051709,846.3267967785198,2.3473084846884418,-0.8258640262514428
0.4161273770174192,2.4031103340699924,6.515252575641288,6.5152522715925265,40.62862863072336,40.628626685001706,851.2511962418605,851.252079367463,2.2638171671474088,-0.8269636643985598
0.4166811288741201,2.3999167005763327,6.546463531882854,6.546463222123478,41.4171716144627,41.41717227757737,856.3241819622103,856.3236552247515,2.1806376043847235,-0.8280632957035473
0.417234880730821,2.396731544228561,6.577849716803941,6.577849413555098,42.20996895670163,42.209968950621096,861.5879814268835,861.5878680927491,2.0977560501067853,-0.8291629194039026
0.4177886325875218,2.3935548313189488,6.609411916308936,6.609411605118319,43.00707322112491,43.00707293249181,867.0310455182164,867.0316966517998,2.0151596708955894,-0.8302625359793949
0.4183423844442226,2.3903865283182406,6.641150845611968,6.641150540815254,43.80860077821326,43.8086011043974,872.6115060316093,872.6104913430413,1.9328365634546496,-0.8313621451546154
0.4188961363009235,2.387226601874474,6.673067308581199,6.673066998681741,44.6146815640397,44.614681340462674,878.3650448017447,878.3659120762476,1.850778414366021,-0.8324617467311748
0.4194498881576244,2.38407501881181,6.705162057001544,6.705161749768946,45.425381692828815,45.425381691567715,884.350173608334,884.3493151676029,1.7689691015432136,-0.833561339061765
0.4200036400143253,2.380931746129373,6.737435876049362,6.737435565742895,46.24087377125825,46.2408743556219,890.4401433325096,890.4406836766367,1.6873970556188578,-0.8346609239514863
0.4205573918710261,2.377796751000096,6.769889572334725,6.769889266456456,47.06127216930621,47.061270375501515,896.730227141257,896.7302172693277,1.6060561106700217,-0.8357605000939018
0.4211111437277269,2.37467000076958,6.802523967979743,6.802523654340883,47.88663049114069,47.88663380754802,903.2351555089124,903.2340802017574,1.5249279022868263,-0.8368600664705927
0.4216648955844278,2.3715514629549594,6.8353398254677655,6.8353395209646335,48.717099682332574,48.7170955134047,909.8626679915868,909.8643513561091,1.4440049744097008,-0.8379596248317883
0.4222186474411287,2.3684411052437784,6.868338013789727,6.868337698394548,49.55280715815959,49.55281093705995,916.7067955193118,916.705444449774,1.3632763540030406,-0.8390591731616085
0.4227723992978295,2.365338895492873,6.901519335263035,6.901519031511123,50.3938876616079,50.393884964145464,923.7084753233696,923.7086144042013,1.282729241490864,-0.8401587120954691
0.4233261511545304,2.362244801727265,6.9348846746312764,6.934884358008938,51.24039151842628,51.24039323354943,930.915397906158,930.9159339268022,1.2023552937159667,-0.8412582408587025
0.4238799030112312,2.3591587921390644,6.968434823948769,6.968434519385022,52.09250173232826,52.09250070364244,938.3226672171191,938.3218491295582,1.1221389585186559,-0.8423577589767639
0.4244336548679321,2.356080835086376,7.002170704960251,7.002170389180024,52.95033742468637,52.950337975652666,945.8667385118084,945.8673159385057,1.04207333389964,-0.8434572672610343
0.424987406724633,2.353010899092221,7.036093145816249,7.036092839563071,53.81397778329403,53.813977526648216,953.650829904471,953.6505162208671,0.9621472726156928,-0.8445567642506873
0.4255411585813338,2.3499489528434645,7.07020306368098,7.070202748766569,54.68359502500472,54.68359513634671,961.6155406871196,961.6155109301757,0.8823468273582328,-0.8456562503675689
0.4260949104380346,2.346894965189748,7.104501315427244,7.104501006893569,55.559275653345615,55.559275605368434,969.7356316857628,969.7358126764318,0.8026654034384594,-0.8467557254420314
0.4266486622947355,2.3438489051424343,7.138988845618795,7.138988533999119,56.44120611626422,56.441206136923576,978.1046882163608,978.1040137072882,0.7230912700510915,-0.8478551880133711
0.4272024141514364,2.3408107418735606,7.173666543204458,7.17366623067547,57.32940240386157,57.329402394966124,986.6678998503984,986.668747833274,0.6436106536025271,-0.8489546386546848
0.4277561660081372,2.3377804447147983,7.208535301376394,7.208534991507961,58.22406950859533,58.224069512425515,995.4019957227276,995.4002450773684,0.5642160888080254,-0.850054077749879
0.4283099178648381,2.334757983156417,7.243596086523516,7.243595772879338,59.12539052435182,59.12539052270266,1004.3499935769254,1004.3559797623043,0.4848970680491966,-0.851153503773521
0.4288636697215389,2.331743326846268,7.278849854686744,7.278849548940042,60.03343038248046,60.033430383190584,1013.5419983344684,1013.5212664724847,0.4056418360685946,-0.8522529172015755
0.4294174215782398,2.32873644558876,7.314297538264639,7.314297213034421,60.948273989987655,60.94827398968192,1022.8125311069358,1022.8784146246009,0.32644081877112113,-0.8533523173058243
0.4299711734349407,2.3257373093438574,7.349940084326582,7.349939802242922,61.87014409294401,61.87014409307568,1032.699045905077,1032.496600071104,0.24728353333603087,-0.8544517036885525
0.4305249252916415,2.3227458882260787,7.3857785092403985,7.385778127209335,62.7992261199786,62.79922611992197,1041.5670762744749,1042.1685893747704,0.1681577183188702,-0.855551076211117
0.4310786771483423,2.3197621525035004,7.421813766498862,7.421813632512526,63.73532599175544,63.73532599177988,1054.4351887915673,1052.7121027000344,0.08905913550560787,-0.8566504349977506
0.4316324290050432,2.316786072596774,7.4580468180877535,7.458046048478507,64.6794153461601,64.67941534614964,1056.272931226261,1060.9583419914893,0.009951650139172586,-0.8577497783773407
0.4321861808617441,2.313817619078151,7.4944787691125665,7.494479678482814,65.62954266003011,65.62954266003466,1090.5247912019645,1078.8034864522592,-0.0690689928528316,-0.8588491112638288
0.4327399327184449,2.31085676267051,7.531110561092581,7.531106939655676,66.59221424297495,66.59221424297303,1036.833012758631,1061.8661407427562,-0.1484141279011649,-0.8599484106274701
0.4332936845751458,2.3079034742463937,7.567943230109622,7.567951997433239,67.54747410031658,67.54747410031744,1210.6360279777666,1174.384898273799,-0.22660545058169632,-0.8610477627410644
0.4338474364318466,2.304957724827056,7.604977820033293,7.604952519229927,68.5560764324027,68.55607643240235,852.4498763324232,842.0429504041429,-0.309202092828039,-0.8621468447483766
0.4344011882885475,2.302019485581513,7.642215377660334,7.642282814317767,69.44793950947631,69.44793950947648,1542.0424246880696,1808.1243955255818,-0.37550315397323575,-0.8632468606513333
0.4349549401452484,2.2990887278256023,7.679656979706072,7.679481341511704,70.64697827832853,70.64697827832849,918.9426126530752,301.71101577888834,-0.5028310752374512,-0.8643433087628483
0.4355086920019492,2.2961654230210504,7.717303662325649,7.717663182450858,71.3697027138582,71.36970271385825,-1074.5334724107188,-1043.2770732891256,-0.4452521526949357,-0.8654462003782366
0.43606244385865,2.293249542774545,7.755156539806493,7.754578871097137,71.53185190517827,71.53185190517834,12554.358306185137,13618.915976058606,-0.7230362095499449,-0.8665544167531941
0.4366161957153509,2.290341058836818,7.793216706312018,7.794315573470473,82.79679166665643,82.79679166665645,-22699.63491890226,-22985.413441586377,-1.1164771226482737,-0.867637698160593
0.4371699475720518,2.287439943101729,7.83129654474139,7.829826266022259,17.83425610285009,17.83425610285018,-93989.81206102652,-94670.1580448128,3.355392289336292,-0.8687347977541777
0.4377236994287526,2.284546167605366,7.841942111581178,7.842956630607721,-66.29028267446307,-66.29028267446321,-50315.09870650247,-50760.794649491036,9.49605487654293,-0.8698338867682643
0.4382774512854535,2.2816597045251417,7.848627353076725,7.848089827499345,-65.67125828114874,-65.67125828114845,15365.918048409114,15957.034296705311,9.952646084398626,-0.870942588575203
0.4388312031421543,2.2787805261789043,7.8556325772940605,7.855970817176671,-60.04828145905947,-60.04828145906025,2177.391992915218,2955.393138343968,9.134996463377602,-0.8720439588704528
0.4393849549988552,2.275908605024051,7.862953547972792,7.862824655494302,-61.081598824863775,-61.081598824861985,-1576.122035785632,-2423.4042491675796,9.372682290934078,-0.8731284282651611
0.439938706855556,2.273043913656653,7.870586123067,7.870611070898282,-58.94897250604823,-58.948972506052534,2963.6894687350123,3036.5070980013666,9.174102260325306,-0.8742324692449036
0.4404924587122569,2.270186424810579,7.8785263109588355,7.878528389479996,-58.06093278321834,-58.06093278320845,340.5481561449917,552.9731285491448,9.108925195774946,-0.8753286578914152
0.4410462105689577,2.2673361113566344,7.886770260918145,7.886764774567713,-56.76221287019057,-56.76221287021364,1504.0557857317635,1339.578841044139,9.009900965581275,-0.8764269400431851
0.4415999624256586,2.2644929463017007,7.895314196919745,7.895318210934047,-55.6213911067557,-55.62139110670225,1009.126225490105,1091.5537115089646,8.921348456299377,-0.8775246994724751
0.4421537142823595,2.2616569027878834,7.9041545124288435,7.9041523412425585,-54.452098299474585,-54.452098299598845,1170.2036238552942,1135.9522866075529,8.831426686379437,-0.8786226333270408
0.4427074661390603,2.258827954091668,7.913287682473073,7.913288850492486,-53.31251429505821,-53.31251429476974,1089.4206636782394,1102.303214433931,8.743257655857512,-0.8797205538999799
0.4432612179957612,2.256006073623077,7.922710325921947,7.922709844752073,-52.18413923720965,-52.18413923787963,1094.5465853175092,1089.9832875889108,8.655982434060194,-0.8808185123784681
0.443814969852462,2.253191234924841,7.932419120385157,7.932419414526479,-51.0720501964995,-51.07205019494356,1071.0247230901316,1072.5768773709597,8.56980404844516,-0.8819164927829756
0.4443687217091629,2.250383411671569,7.942410879558047,7.942410818570959,-49.97409883853342,-49.9740988421471,1057.577116889216,1057.064007656268,8.484636733499569,-0.8830145000731809
0.4449224735658637,2.247582577668929,7.952682521257419,7.952682624993776,-48.890383355055725,-48.890383346663114,1041.3757524903822,1041.542433360663,8.400481850120206,-0.8841125319889986
0.4454762254225646,2.2447887068528334,7.963231060848381,7.96323108393481,-47.82045553753071,-47.82045555702238,1026.6289078158252,1026.5751005730306,8.317310458831086,-0.8852105877158333
0.4460299772792654,2.2420017732886293,7.974053543047857,7.9740536112654565,-46.76384261258674,-46.763842567317994,1011.9049937604232,1011.9224345077198,8.23510570844306,-0.8863086681644512
0.4465837291359663,2.239221751170297,7.985147240801029,7.985147282275999,-45.72021548141484,-45.72021558654918,997.6859583077124,997.6802873726019,8.153849103816968,-0.8874067712647629
0.4471374809926671,2.2364486148196545,7.996509358573036,7.996509417070722,-44.68924554188626,-44.68924529774239,983.8135555939656,983.815039754367,8.07351937301354,-0.8885048973763362
0.447691232849368,2.2336823386855644,8.008137313858379,8.008137361834725,-43.67049016183179,-43.67049072820391,970.2861544269851,970.2862867958161,7.994099747210548,-0.8896030460426678
0.4482449847060689,2.230922897343152,8.020028528525708,8.020028583571422,-42.66369825448236,-42.663696954080834,957.1083378348608,957.1083726436074,7.915572427201388,-0.89070121709875
0.4487987365627697,2.2281702654930235,8.032180547511269,8.032180598107798,-41.66847150930221,-41.66847418179064,944.2541091749064,944.2532273420329,7.837920353349859,-0.8917994096878423
0.4493524884194706,2.225424417960494,8.044590980753414,8.044591035551505,-40.6845142704662,-40.684509995363165,931.7422428166952,931.7432313166453,7.761127016438914,-0.8928976234124028
0.4499062402761714,2.2226853296948224,8.057257515794634,8.05725756773854,-39.7115312768134,-39.711536101577536,919.5777997253354,919.5775022978572,7.685173576530405,-0.8939958576495813
0.4504599921328723,2.2199529757684444,8.070177884898952,8.07017793744502,-38.74920385100493,-38.7492003490109,907.6484100811048,907.6482147405443,7.610044984852786,-0.8950941132533816
0.4510137439895731,2.2172273313762223,8.083349946240483,8.083350002507968,-37.7971811825778,-37.79718245559167,896.0567329217126,896.0571796980387,7.535729639252201,-0.8961923885060697
0.451567495846274,2.214508371834689,8.096771620258535,8.096771670691279,-36.85524339593951,-36.85524342238715,884.8054134206171,884.804565962661,7.462205177457407,-0.8972906826126696
0.4521212477029748,2.2117960725813077,8.110440835380736,8.11044089216344,-35.92308980460856,-35.923090155899764,873.7537731257922,873.754965302866,7.3894603783881365,-0.8983889971887324
0.4526749995596757,2.2090904091737253,8.124355667136049,8.124355719346596,-35.00042545750683,-35.00042422343917,863.0270525588845,863.0260235881706,7.317482284721232,-0.8994873300585218
0.4532287514163766,2.206391357289049,8.13851419824189,8.138514254751357,-34.08701273717111,-34.087013286740316,852.5789111640935,852.5793653652487,7.246252353120242,-0.9005856816908371
0.4537825032730774,2.2036988927231063,8.152914595470849,8.152914648048144,-33.182594736892746,-33.182596864215746,842.3563158011578,842.3565572490954,7.175759690535792,-0.9016840516675149
0.4543362551297783,2.201012991389728,8.167555075487588,8.167555131563295,-32.28689431551896,-32.286889761791734,832.4014812334775,832.4010740534573,7.105990484058015,-0.9027824396774041
0.4548900069864791,2.1983336293200293,8.182433950735367,8.182434006512505,-31.399639459630748,-31.39964411564769,822.7115469759576,822.71162309287,7.036930937439158,-0.9038808446991015
0.45544375884318,2.195660782661693,8.197549559686399,8.19754961372904,-30.5206752206198,-30.52067218126939,813.2559420009084,813.2557387440901,6.968566897438613,-0.9049792670942858
0.4559975106998808,2.192994427678268,8.21290027097939,8.21290032722624,-29.649742659960356,-29.649744085425848,804.0352121116936,804.0360488849187,6.900887207746362,-0.9060777066783473
0.4565512625565817,2.19033454074846,8.228484560114582,8.22848461615301,-28.786528035036063,-28.786527589314222,795.044167087488,795.043377220184,6.833878169623085,-0.9071761627186697
0.4571050144132825,2.18768109836544,8.244300954741288,8.244301010585508,-27.93089573619447,-27.930895524339963,786.246423498209,786.2468177942687,6.7675297076630825,-0.9082746355036784
0.4576587662699834,2.1850340771361454,8.260347995939238,8.260348052012873,-27.082645829054552,-27.082646732162008,777.7208454183104,777.7202259255926,6.701829388255044,-0.9093731232280323
0.4582125181266843,2.182393453780599,8.276624295457117,8.276624352146193,-26.24149427979024,-26.241492666963236,769.4007537467135,769.4014670684074,6.636762302223573,-0.9104716269446042
0.4587662699833851,2.179759205131224,8.29312852158655,8.293128578644401,-25.40728414221952,-25.407286090972345,761.2543037101165,761.2545304125715,6.572320605660172,-0.9115701464558389
0.4593200218400859,2.177131308132163,8.30985937645757,8.309859431885519,-24.57982643312889,-24.579824777190044,753.3151570770262,753.3141555785418,6.508492902187292,-0.9126686809583641
0.4598737736967868,2.174509739838611,8.326815622952658,8.326815682429087,-23.758855370477647,-23.758856392272637,745.5961858934423,745.5970648679628,6.445268529601381,-0.9137672299783369
0.4604275255534877,2.171894477416143,8.343996094929269,8.343996150384033,-22.94422895567713,-22.944228460217055,738.0854438784792,738.0845380369069,6.382634161452059,-0.914865792992348
0.4609812774101886,2.169285498140056,8.361399600793492,8.361399659036856,-22.13581125685717,-22.135811472411536,730.7174712416613,730.7188372083589,6.320581420316791,-0.9159643713096549
0.4615350292668894,2.166682779394704,8.37902504068057,8.379025098834223,-21.333345959985134,-21.33334586747274,723.5661770693412,723.5652634931309,6.259101082581203,-0.9170629628852998
0.4620887811235902,2.164086298672852,8.396871360417403,8.396871416252708,-20.53666178434917,-20.536661823250718,716.5693427640698,716.5689512959696,6.1981810890470035,-0.9181615683656269
0.4626425329802911,2.1614960335750206,8.414937551788286,8.414937615042817,-19.74555751382869,-19.745557499253362,709.772162970879,709.7732313063251,6.137814718902775,-0.919260187153982
0.463196284836992,2.1589119618088475,8.433222648381895,8.433222699752728,-18.959989015140103,-18.95998901636474,703.1733896889563,703.1724780137465,6.077987258523292,-0.9203588184760293
0.4637500366936928,2.156334061188443,8.451725634409435,8.451725700063841,-18.17967985245985,-18.179679863663726,696.6592210916435,696.660289587074,6.018693683026002,-0.921457463950108
0.4643037885503936,2.1537623096337586,8.470445701811416,8.470445755121565,-17.404468473465858,-17.404468441396595,690.3686937086545,690.3673500367372,5.959925857065947,-0.9225561211812328
0.4648575404070945,2.1511966851699547,8.489381926616705,8.489381988681616,-16.63426006560255,-16.63426014268284,684.25365384328,684.2543848171522,5.901670208679972,-0.923654790768105
0.4654112922637954,2.148637165926776,8.508533524087596,8.508533582916426,-15.86880217690656,-15.868801996865324,678.2642484826632,678.26474044122,5.843920580242784,-0.9247534724622996
0.4659650441204963,2.1460837301379305,8.527899691946567,8.527899749550206,-15.108065441079496,-15.108065857449681,672.4220168866308,672.4208808329402,5.786668385851916,-0.9258521663348886
0.4665187959771971,2.143536356140469,8.547479671223742,8.547479734394043,-14.351788773961296,-14.351787859040305,666.7473791056369,666.748356811687,5.729906140078568,-0.9269508719081724
0.4670725478338979,2.140995022374177,8.56727278174453,8.567272837425755,-13.599890321550529,-13.599892145957922,661.2410911834781,661.2406339983675,5.673622734233229,-0.9280495882718979
0.4676262996905988,2.138459707380962,8.587278295201767,8.58727835859512,-12.85222471467588,-12.852221541879075,655.8207134386365,655.8208707754229,5.617812117068139,-0.929148316599822
0.4681800515472997,2.1359303898042548,8.60749560852876,8.60749566699863,-12.108610642003796,-12.108615153856753,650.5834615820738,650.5832419399853,5.562467954207784,-0.9302470553623232
0.4687338034040005,2.133407048388406,8.627924088990044,8.627924149475968,-11.368962461612211,-11.368957590739884,645.508761170964,645.5088146240229,5.507578014914963,-0.9313458044401647
0.4692875552607014,2.130889661978089,8.648563157726542,8.648563219162032,-10.63309101699198,-10.633094713181324,640.5097346212668,640.510531449189,5.453137443813028,-0.9324445648795087
0.4698413071174022,2.1283782095177166,8.669412283813122,8.669412343920325,-9.900903219050516,-9.900901684278224,635.6601266647111,635.6588433266991,5.3991402530194375,-0.9335433353313846
0.4703950589741031,2.125872670050842,8.690470940150016,8.690471001054641,-9.172288845380384,-9.172288318669093,630.9687581659683,630.9693417342876,5.345576960102236,-0.9346421152746044
0.470948810830804,2.123373022719589,8.711738633358253,8.711738695159413,-8.447073813942165,-8.447074970294237,626.4080251595689,626.4083986271615,5.292439628039286,-0.9357409049368947
0.4715025626875048,2.120879246764062,8.733214922818236,8.733214982931358,-7.725132387727146,-7.725132967174093,621.9294018741319,621.9288508450298,5.239722088159027,-0.9368397049058371
0.4720563145442056,2.1183913215217784,8.754899386684297,8.754899449548464,-7.006375953451053,-7.0063726277519685,617.5880815363013,617.5885961575265,5.187419846526757,-0.9379385141873294
0.4726100664009065,2.1159092264270947,8.776791631478769,8.77679169252697,-6.290679899799205,-6.29068427555603,613.4083961455424,613.4076444805165,5.135522453323128,-0.9390373318511338
0.4731638182576074,2.113432941010642,8.798891273680438,8.798891334597084,-5.577921270047337,-5.577918012337963,609.2913398965732,609.2920217618113,5.084024377381015,-0.9401361592792036
0.4737175701143082,2.1109624448987603,8.821197994749149,8.82119805943935,-4.867938805985518,-4.86794049613322,605.3188289540008,605.3189830636735,5.032921102384739,-0.9412349951364787
0.4742713219710091,2.1084977178129427,8.843711497185318,8.84371155564778,-4.160698911250354,-4.160698150739953,601.4639569572462,601.4630616240185,4.982202941891655,-0.9423338394676494
0.4748250738277099,2.106038739569279,8.866431462367364,8.86643152871379,-3.456043051846703,-3.456043428062262,597.6843327487899,597.6852175878097,4.931866762440861,-0.9434326924649027
0.4753788256844108,2.1035854900779043,8.889357678811256,8.889357738501502,-2.75386864535364,-2.7538683713047867,594.0778404182233,594.0773546423981,4.881904803291331,-0.944531552767979
0.4759325775411117,2.1011379493424545,8.912489871744022,8.912489934877948,-2.0540922183942847,-2.0540925965603773,590.5419706144986,590.5419416524221,4.832308947011968,-0.9456304213505313
0.4764863293978125,2.098696097459519,8.935827869360766,8.93582793425715,-1.3565221832641854,-1.3565214170761157,587.0902480185442,587.0908840122212,4.783077503641768,-0.9467292982145757
0.4770400812545133,2.096259914618105,8.95937150611337,8.959371565445615,-0.6611725080012729,-0.6611742189837277,583.7943828403577,583.7935688754798,4.7342018573656865,-0.947828182142753
0.4775938331112142,2.093829381099099,8.98312059595336,8.983120663104577,0.032155752248018,0.03215922764874698,580.5525485113038,580.5531846728156,4.685676296983533,-0.9489270737614801
0.4781475849679151,2.0914044772747364,9.007075068023546,9.007075128917071,0.7235380058123437,0.7235325968031028,577.4251987000915,577.4250008848416,4.637497716848402,-0.9500259722293322
0.4787013368246159,2.0889851836080724,9.031234784171325,9.031234848109179,1.4130072069221993,1.4130127683214697,574.4279726461331,574.427345976796,4.589657332524814,-0.9511248772960835
0.4792550886813168,2.0865714806524576,9.055599667516605,9.055599731887607,2.1007439123774887,2.1007412005413855,571.5032511906795,571.5041793087769,4.542150649832081,-0.9522237894074469
0.4798088405380176,2.0841633490510167,9.08016967543757,9.080169738965003,2.786827495104881,2.7868262383462286,568.6813940059794,568.6813796920189,4.494972598374253,-0.9533227080937664
0.4803625923947185,2.081760769536131,9.104944780089998,9.10494484318834,3.471327748089618,3.471330770391513,565.93059930542,565.929855883845,4.4481181561338206,-0.9544216335688919
0.4809163442514194,2.079363722928925,9.129924971111947,9.129925036947194,4.1543552624239375,4.154353267153005,563.2814529944253,563.2819610628812,4.401583515818138,-0.9555205650684079
0.4814700961081202,2.0769721901387563,9.15511028261768,9.1551103453339,4.836016451590127,4.836017053536496,560.7719897297497,560.7719969549552,4.35536098246764,-0.9566195021100808
0.482023847964821,2.074586152162708,9.180500748550111,9.180500814335263,5.516406020406952,5.516405408116193,558.2945586236096,558.2942675290246,4.309445362099098,-0.9577184451868803
0.4825775998215219,2.0722055900850838,9.20609644543241,9.20609650892251,6.195569130817046,6.195570728776495,555.9089411341355,555.9094955715215,4.263835631724677,-0.9588173942502753
0.4831313516782228,2.069830485076912,9.231897444875043,9.231897511098547,6.873628539422836,6.8736260224492804,553.673109932187,553.6722206908489,4.218522760851297,-0.9599163479645019
0.4836851035349236,2.0674608183954475,9.257903862291034,9.257903924815674,7.550666636678346,7.550669493700022,551.4514197921452,551.4525002179984,4.17350269164933,-0.9610153079079322
0.4842388553916245,2.0650965713836773,9.284115819430712,9.284115888229554,8.226774263082305,8.226771703521996,549.3346780585804,549.3342116974071,4.128774154154912,-0.9621142725925242
0.4847926072483253,2.062737725469832,9.310533491411409,9.310533551827577,8.902018099860818,8.902019933252424,547.3285170098895,547.3277418240112,4.084328606872682,-0.9632132419893112
0.4853463591050262,2.0603842621668984,9.337157020384431,9.337157091058927,9.576533629664358,9.576532580974703,545.381899299977,545.3832505268942,4.040163432347131,-0.9643122162365229
0.485900110961727,2.0580361630721407,9.363986658173042,9.36398671937763,10.250376989335708,10.250377487231942,543.5371068821256,543.5364702004356,3.9962731740649793,-0.9654111947876184
0.4864538628184279,2.0556934098666138,9.391022564943569,9.391022632961425,10.923575107277552,10.923574890897921,541.7339694447938,541.7337933619449,3.9526542732339,-0.9665101784368807
0.4870076146751287,2.0533559843146936,9.418265012354414,9.418265077703678,11.59631057736114,11.596310670614976,540.0401716969357,540.0402909711968,3.9093037007542133,-0.9676091657433235
0.4875613665318296,2.0510238682636,9.445714255258984,9.445714320985243,12.268581814013393,12.268581773856882,538.4575271955501,538.4577286720387,3.8662137604455626,-0.9687081567898974
0.4881151183885305,2.048697043642928,9.473370550689946,9.473370616611234,12.94050077217038,12.940500789460945,536.8882110371178,536.8882437186498,3.8233819556822266,-0.9698071523298815
0.4886688702452313,2.046375492464181,9.501234216734067,9.501234284299722,13.61217085679702,13.61217084935213,535.4075932677557,535.4073268724579,3.7808067416598727,-0.9709061516935664
0.4892226221019322,2.044059196820307,9.529305582970135,9.529305647013212,14.283636069618378,14.28363607282397,534.0571983762262,534.057115691859,3.7384808237716114,-0.9720051537575272
0.489776373958633,2.0417481388852394,9.557584975110029,9.557585044985112,14.955014249620175,14.955014248239939,532.7354959012018,532.7360725185598,3.696399962841346,-0.9731041596252504
0.4903301258153339,2.039442300913437,9.5860727704864,9.586072832521221,15.62631314932495,15.626313149919255,531.4780764976271,531.4777923903533,3.654563285424925,-0.9742031689201285
0.4908838776720347,2.037141665239435,9.614769321450083,9.614769394455708,16.29768364170965,16.29768364145377,530.3337649605628,530.3329990814566,3.6129648939467565,-0.9753021805305434
0.4914376295287356,2.034846214277385,9.643675068756488,9.643675126966285,16.969161729311192,16.969161729421376,529.2546866700483,529.2558637791542,3.5716003367253384,-0.9764011952680011
0.4919913813854364,2.0325559305206182,9.672790378410948,9.672790459713914,17.640806016371503,17.640806016324063,528.2341728043695,528.2345805157189,3.5304665886582,-0.9775002128127586
0.4925451332421373,2.030270796541189,9.702115735892075,9.702115776013658,18.31279945158778,18.312799451608218,527.2596092838444,527.2551434347295,3.489561076847813,-0.9785992330961463
0.4930988850988382,2.0279907949894413,9.73165160191461,9.731651732012105,18.985052704020248,18.98505270401146,526.3901863233552,526.4059501621404,3.448880564354767,-0.9796982552053515
0.493652636955539,2.025715908593567,9.761398412975684,9.761398332620676,19.65772248270656,19.657722482710355,525.6790483983957,525.6226618971291,3.4084172280629565,-0.9807972791803147
0.4942063888122399,2.023446120159168,9.791356687598007,9.791357098140805,20.33094112509427,20.33094112509265,524.6570979004806,524.8631310554496,3.3681720354347635,-0.9818963061214477
0.4947601406689407,2.0211814125688248,9.82152695868144,9.821526235123379,21.00464734612275,21.004647346123456,524.873016905502,524.1250930657665,3.3281407236840934,-0.9829953338167731
0.4953138925256416,2.018921768781665,9.85190974181566,9.851911637641205,21.67917355687655,21.679173556876258,521.2403392502112,523.9207214719912,3.2883193214590407,-0.9840943637341798
0.4958676443823424,2.016667171832939,9.882505588580228,9.882501446073771,22.353664591289903,22.35366459129004,531.409088620459,521.9593634929478,3.248693982994074,-0.9851933947844271
0.4964213962390433,2.01441760483359,9.913315088285854,9.913324790219896,23.031893816017423,23.031893816017377,494.0872062254483,526.0140427322929,3.2093170476983643,-0.9862924292757749
0.4969751480957441,2.012173050969837,9.94433880894178,9.944317119597844,23.699250435245084,23.69925043524512,616.8632845625588,520.5135201661892,3.1699699739091796,-0.9873914542931913
0.497528899952445,2.009933493502754,9.975577405796452,9.975625448438944,24.41373723783282,24.413737237832812,220.74537063311945,450.5120931376989,3.1314489832762855,-0.9884905220532394
0.4980826518091458,2.007698915767855,10.007031472296267,10.006930630247064,24.948104851608623,24.948104851608637,1422.1566223901443,1163.9412680782443,3.0907803457711593,-0.9895894341529416
0.4986364036658467,2.0054693011746774,10.038701648638868,10.038877521391678,26.19147825442611,26.19147825442611,-1896.955212068597,-2196.47163757599,3.0477010095282653,-0.9906868605000035
0.4991901555225476,2.0032446332063767,10.070588623020052,10.070320632597756,24.67331018534107,24.673310185341084,5622.394066166959,6448.476653397434,3.0872004905566888,-0.9917948578900562
0.4997439073792484,2.0010248954193144,10.102693064719382,10.10324450372765,33.918903751794126,33.918903751794126,-2343.5389874535917,-2455.3651793345316,2.6676846132998864,-0.9928845954325403
0.5002976592359493,1.998810071442653,10.135065667928483,10.134414161970444,1.5770340116111972,1.577034011611227,-54859.23438687982,-55225.36858899118,4.135297045044364,-0.9939816366835769
0.5008514110926501,1.996600144977958,10.149260663906944,10.149521170332923,-64.73047588504333,-64.73047588504333,-43713.18546940916,-44055.01913291583,7.501061327830959,-0.9950796381859857
0.501405162949351,1.9943950997987911,10.153731538812568,10.153681446961667,-76.72557429723537,-76.72557429723541,7763.316357785328,7880.68837653622,8.17660442515225,-0.9961804032098337
0.5019589148060518,1.99219491975032,10.158528207525462,10.158584916526413,-69.45909249401483,-69.45909249401483,3810.0511935008553,4570.9291463525005,7.647097850905167,-0.997283964129637
0.5025126666627527,1.989999588748918,10.163646729181096,10.163656218720872,-70.40778511397997,-70.40778511398,-1275.5143537779,-1801.0648156686477,7.749917027777466,-0.9983711352456655
0.5030664185194536,1.9878090907817771,10.169083368967662,10.169052965180603,-68.36975486576932,-68.36975486576937,2630.539844464801,2549.0720627797855,7.62751273839342,-0.9994718942604551
0.5036201703761544,1.9856234099065155,10.174834470909785,10.174857111584677,-67.36701846347063,-67.36701846347064,628.6303127843562,841.4309839031788,7.56766944471688,-1.0005681354896687
0.5041739222328553,1.983442530250791,10.18089645165199,10.18088379918049,-66.04983825195163,-66.04983825195167,1459.4093413956346,1326.8383589483215,7.493011860557413,-1.001665462943077
0.5047276740895561,1.9812664360119183,10.187265862134282,10.187272651000907,-64.85151490718884,-64.85151490718887,1114.1333816632114,1174.6154863825914,7.423266508066348,-1.0027625446530168
0.5052814259462569,1.979095111456487,10.193939354283506,10.193936394209686,-63.63626553687817,-63.636265536878206,1218.3916385539846,1194.5768597675883,7.353152587795975,-1.0038597361362327
0.5058351778029578,1.97692854091998,10.20091364071555,10.20091531247997,-62.445144768623656,-62.44514476862363,1160.9317728466008,1169.5953211108806,7.284062115041866,-1.004956941367835
0.5063889296596586,1.9747667088064005,10.208185541689016,10.208185087407067,-61.26527089296327,-61.26527089296336,1160.0033801664604,1157.0010844148692,7.215606529931834,-1.0060541855904865
0.5069426815163596,1.9726095995878956,10.21575198178143,10.215752481355105,-60.10002119731527,-60.10002119731509,1140.541642045467,1141.546723862983,7.1478745085576305,-1.00715146112463
0.5074964333730604,1.9704571978043843,10.22360995679293,10.223610038440754,-58.94791527398514,-58.94791527398566,1127.6759975802922,1127.3481591693292,7.08082472735202,-1.0082487685592563
0.5080501852297612,1.9683094880631895,10.23175655921675,10.231756822574907,-57.80901102170655,-57.80901102170544,1113.1191592545574,1113.224334649972,7.014450858887366,-1.009346108008388
0.5086039370864621,1.9661664550386704,10.240188896914953,10.240189083530856,-56.682870083166414,-56.68287008316907,1099.4909864996198,1099.4579406079781,6.948742122581719,-1.0104434788938508
0.5091576889431629,1.9640280834718569,10.248904267139192,10.248904491715415,-55.569055597028,-55.569055597021894,1086.033628737507,1086.0432603560714,6.8836860629253795,-1.0115408798048724
0.5097114407998639,1.9618943581700885,10.25790000058493,10.257900203620514,-54.46744233334808,-54.467442333362314,1072.9499397533268,1072.9473701326895,6.8192691785773585,-1.0126383106967287
0.5102651926565647,1.9597652640066567,10.267173436057382,10.26717365623177,-53.37761949614325,-53.3776194961103,1060.1305325280232,1060.131732404839,6.755481459658241,-1.0137357713487056
0.5108189445132655,1.9576407859204423,10.276722098466138,10.27672230590841,-52.29931577714281,-52.29931577721942,1047.6122149143052,1047.6114092539576,6.692312147502746,-1.0148332611403472
0.5113726963699664,1.9555209089155647,10.286543474269784,10.286543693643436,-51.23225408651617,-51.232254086338294,1035.390445688162,1035.3905718586557,6.629750410029015,-1.0159307792436958
0.5119264482266672,1.9534056180610289,10.296635225699456,10.296635437574652,-50.176091199457126,-50.176091199870264,1023.464615003994,1023.4651097431315,6.567784736454915,-1.0170283252879961
0.5124802000833681,1.9512948984903693,10.306994998111476,10.30699521596191,-49.13063259915383,-49.13063259819436,1011.7929878037908,1011.792590425703,6.506404900261159,-1.018125899136882
0.513033951940069,1.949188735401311,10.317620552528671,10.317620768463371,-48.09554867197667,-48.0955486742051,1000.3772933049016,1000.377325774801,6.4456021168793045,-1.0192235001515872
0.5135877037967698,1.947087114055416,10.328509693749176,10.32850991239431,-47.0706334060172,-47.0706334008418,989.2683499667112,989.268485687988,6.3853654904586765,-1.0203211273179686
0.5141414556534707,1.94499001977774,10.339660277346988,10.339660493208337,-46.05560730787228,-46.0556073198921,978.391267221828,978.3911780147192,6.3256836907796865,-1.0214187807628894
0.5146952075101715,1.9428974379564972,10.351070243991137,10.351070467551729,-45.05015208571557,-45.05015205780001,967.7345903974216,967.7350705333915,6.266550207180305,-1.0225164605165273
0.5152489593668723,1.9408093540427136,10.36273762231334,10.36273783663432,-44.05413933133429,-44.0541393961665,957.368619019464,957.3674879101887,6.207954303978073,-1.0236141647293397
0.5158027112235732,1.9387257535498927,10.374660405709395,10.374660631831969,-43.06725793059633,-43.06725778004882,947.2210810885824,947.2224159359232,6.149885788819911,-1.0247118942858549
0.516356463080274,1.9366466220536829,10.386836761777824,10.386836978752115,-42.08928644551705,-42.08928679461338,937.3018030863046,937.3012928812034,6.092337278201465,-1.0258096482675954
0.516910214936975,1.9345719451915384,10.399264801074889,10.399265026045098,-41.12005718302736,-41.120056384938174,927.5910866966336,927.5906459041637,6.035299480389387,-1.0269074263797018
0.5174639667936758,1.9325017086623963,10.411942773324103,10.41194299490123,-40.15925802277686,-40.159259582142504,918.1331322593028,918.1341170080169,5.978765105257247,-1.028005227848877
0.5180177186503766,1.9304358982263412,10.424868948119377,10.424869171971748,-39.20671763234566,-39.20671562901593,908.901299793475,908.9000073128851,5.922722322327364,-1.0291030520986717
0.5185714705070775,1.928374499704283,10.438041643528017,10.438041868095365,-38.26223672733807,-38.262237543530524,899.8241922587288,899.8255098516246,5.867166151473448,-1.0302009000215437
0.5191252223637783,1.9263174989776308,10.451459235613248,10.451459460800844,-37.325591546037344,-37.32559352688738,891.0200570582033,891.0195614227813,5.812087824514514,-1.0312987695645859
0.5196789742204793,1.9242648819879704,10.465120151272432,10.465120375364291,-36.396575706805976,-36.396571955353,882.3720111124238,882.3717160387638,5.757477338942709,-1.032396661692596
0.5202327260771801,1.922216634736745,10.479022860893826,10.479023090992808,-35.474997102528384,-35.47499922758749,873.9072690805025,873.9076901249607,5.703331309692133,-1.0334945753628866
0.5207864779338809,1.9201727432849365,10.493165902602469,10.493166125780338,-34.56068709829248,-34.56068876495526,865.7150429842137,865.714698776584,5.649638143900911,-1.0345925096541266
0.5213402297905818,1.9181331937527475,10.507547804329617,10.50754803493071,-33.653426538465446,-33.65342233445485,857.6452137055883,857.6458271339801,5.596390252824904,-1.0356904655134251
0.5218939816472826,1.916097972319292,10.522167214818456,10.522167442436169,-32.75301940339726,-32.75302320345886,849.7399875765993,849.7394704531285,5.543584076029979,-1.0367884420702602
0.5224477335039834,1.914067065222277,10.537022782083287,10.537023011854513,-31.85932874127603,-31.859327047515833,842.0820083017192,842.0820421239113,5.491210150511597,-1.0378864381406068
0.5230014853606844,1.9120404587576971,10.552113204737514,10.552113434060965,-30.972146384503905,-30.972146300223667,834.5779072470708,834.5782116884677,5.439259809350917,-1.0389844541107605
0.5235552372173852,1.9100181392795244,10.567437216789404,10.567437448502897,-30.091319092929748,-30.09131988676211,827.2061860519923,827.2060355446168,5.387728981151167,-1.040082490003507
0.5241089890740861,1.9080000931994008,10.58299361154652,10.582993841763551,-29.21666928270375,-29.216668333311922,820.0536127128685,820.0535311302132,5.336610501090105,-1.0411805446360378
0.5246627409307869,1.9059863069863372,10.598781211436725,10.598781445175115,-28.34800098955288,-28.34800220123997,813.0630709869579,813.0633972325147,5.28589544306654,-1.04227861781713
0.5252164927874877,1.903976767166408,10.614798890340769,10.614799120692917,-27.485206811623225,-27.485205166284423,806.189416150933,806.1893119667094,5.235579798830855,-1.043376710038611
0.5257702446441886,1.9019714603224516,10.631045538352504,10.631045775206031,-26.62808228016648,-26.62808403790857,799.5150436082879,799.5144507652805,5.18565727340934,-1.0444748198618174
0.5263239965008895,1.899970373093772,10.647520125862728,10.647520356344026,-25.77649791448797,-25.77649677383225,793.0194976993778,793.020321571008,5.13611911769351,-1.0455729471366861
0.5268777483575904,1.897973492175841,10.664221590649678,10.664221828452694,-24.930301352583395,-24.930301202111675,786.6302828526474,786.6304004007142,5.086960165433152,-1.04667109243029
0.5274315002142912,1.8959808043200077,10.681148987144784,10.681149220467695,-24.0893013822231,-24.08930304455916,780.3724064371107,780.3717983631271,5.038176621081389,-1.047769255240147
0.527985252070992,1.893992296333197,10.69830136436368,10.698301602167774,-23.253401867840388,-23.253399514832296,774.3175212932133,774.3173640390007,4.989761430124458,-1.0488674339870103
0.5285390039276929,1.8920079550776268,10.715677812389734,10.715678047526554,-22.422442777677254,-22.42244457203495,768.4099798476898,768.410774691715,4.9417062533825575,-1.0499656290806685
0.5290927557843937,1.8900277674705148,10.733277435655005,10.733277674664,-21.59628058348309,-21.59627852894528,762.5924590272078,762.5923859156153,4.894007598498682,-1.051063841039156
0.5296465076410946,1.8880517204837912,10.751099415228197,10.751099652235599,-20.77476256593959,-20.77476690986077,756.9213967244805,756.9206719888917,4.846661035932877,-1.0521620686662108
0.5302002594977955,1.886079801143813,10.769142938150626,10.769143176542423,-19.957785545449173,-19.957780460006113,751.4322149481467,751.4328293160743,4.799659411692549,-1.0532603113985597
0.5307540113544963,1.8841119965310809,10.787407224004273,10.787407464392519,-19.14517965755787,-19.145181069125776,746.0588566359543,746.0585885117545,4.752995930799572,-1.0543585694127011
0.5313077632111972,1.8821482937799563,10.805891534396334,10.805891773822255,-18.33682592773352,-18.336829189253944,740.7725961573818,740.7731255925852,4.706667890010772,-1.0554568431093974
0.531861515067898,1.8801886800783827,10.824595166906768,10.824595407160697,-17.532603431142483,-17.532599191751146,735.6635976734094,735.6632389771639,4.660669896192071,-1.0565551308407557
0.5324152669245988,1.878233142667603,10.84351743911408,10.843517680934973,-16.73237979038719,-16.732381318378664,730.6640420598354,730.6634511928162,4.614994734277129,-1.0576534329596223
0.5329690187812998,1.8762816688418869,10.862657697919254,10.862657939572205,-15.936048563946738,-15.93605005990671,725.7779116654972,725.7791631075204,4.569639923777361,-1.0587517495063803
0.5335227706380006,1.874334245948254,10.882015327915925,10.88201556974566,-15.143454604884932,-15.143452206460681,721.059473552444,721.0586541815483,4.524598131658152,-1.0598500792238756
0.5340765224947015,1.8723908613861997,10.90158974516572,10.901589989191207,-14.354472978145326,-14.35447445060341,716.3881490997956,716.3883355076404,4.4798652488367035,-1.0609484230580881
0.5346302743514023,1.8704515026074244,10.92138040105918,10.921380643829773,-13.569031305861085,-13.569031207798263,711.8698344969963,711.8701662180854,4.435439198906956,-1.062046779851696
0.5351840262081031,1.868516157115564,10.941386758393106,10.941387003423007,-12.786975630441225,-12.786974658561126,707.5116372660823,707.510639323667,4.391310653593985,-1.0631451490179342
0.535737778064804,1.8665848124659183,10.961608311318289,10.961608555126594,-12.00822562428672,-12.008227087951994,703.1899988304554,703.1915730188316,4.347477334277037,-1.0642435317106889
0.5362915299215049,1.8646574562651892,10.982044578437709,10.98204482478536,-11.232641820292564,-11.232640509234605,699.0236267881203,699.0225841743079,4.303935987785704,-1.0653419262500452
0.5368452817782057,1.862734076171212,11.002695139266551,11.002695384602603,-10.460078210209796,-10.460079032117493,694.9585997354993,694.9584484271226,4.260679458348983,-1.0664403330855254
0.5373990336349066,1.860814659892692,11.023559570736769,11.023559818052565,-9.690496253647328,-9.690495853432864,690.9949100420703,690.9957620815128,4.217705897154662,-1.067538751729192
0.5379527854916074,1.8588991951889449,11.044637473301622,11.044637719554153,-8.923781743988275,-8.923781918307029,687.1644560600805,687.1642357192537,4.175008562414315,-1.068637181499769
0.5385065373483083,1.8569876698696337,11.065928468850531,11.065928715718066,-8.159764808533632,-8.159764733390244,683.3928806521968,683.39087609286,4.132584770863159,-1.0697356233771025
0.5390602892050091,1.8550800717945144,11.087432260462748,11.087432516202044,-7.39838311460189,-7.39838314696049,679.7499893973395,679.7586032601854,4.090430877162418,-1.0708340754631136
0.53961404106171,1.8531763888731732,11.10914849964723,11.109148728269437,-6.639565163433368,-6.639565149500394,676.2651875531063,676.235122712247,4.048540286973046,-1.0719325386091867
0.5401677929184109,1.8512766090647763,11.131076906129952,11.131077202743997,-5.883146887028232,-5.883146893027436,672.6715364167702,672.7696492995154,4.006910987384979,-1.0730310125466136
0.5407215447751117,1.8493807203778128,11.153217220630044,11.15321736121365,-5.129104311324703,-5.129104308741596,669.7563838644884,669.4506346990972,3.9655390784554774,-1.0741294966044137
0.5412752966318126,1.847488710869844,11.175569199637923,11.175569699519672,-4.377188225225379,-4.377188226337605,665.1128884696227,666.0419586958571,3.924419880992824,-1.0752279903752973
0.5418290484885134,1.8456005686472523,11.198132665072832,11.198132368115347,-3.627637453267157,-3.6276374527882624,666.3285989528366,663.5742873491857,3.883552527694184,-1.0763264937213848
0.5423828003452142,1.8437162818649904,11.220907372060577,11.220908813402131,-2.879411274416039,-2.8794112746222424,650.1679316234492,658.0559061536325,3.8429121801446327,-1.0774250064090818
0.5429365522019152,1.841835838726337,11.243893176388312,11.243890885398192,-2.1356947795581007,-2.1356947794693157,685.5631828773164,664.0910641865459,3.802584407910178,-1.0785235323666336
0.543490304058616,1.839959227482647,11.267089964138547,11.267095419852973,-1.385075905940337,-1.3850759059785673,573.7483745328968,627.5533102175667,3.7622358593274963,-1.0796220486062338
0.5440440559153169,1.838086436433109,11.290497578453152,11.290487963608303,-0.6649923836162415,-0.6649923835997792,866.9545788801505,751.24136590538,3.723075102032158,-1.0807206435096777
0.5445978077720177,1.8362174539245024,11.314115948743066,11.314132422694053,0.1460885916713634,0.14608859166427182,109.97965008713436,289.9264249505672,3.680597652084324,-1.0818189877389897
0.5451515596287185,1.8343522683509537,11.337944987194968,11.337926721905564,0.664445133356665,0.6644451333597239,1847.8430724052228,1790.2290202957586,3.6515595254439064,-1.082918304545263
0.5457053114854195,1.832490868153697,11.361984651171904,11.361975182961988,2.0639762705024305,2.063976270501104,-1510.8280640698558,-1965.9284088667523,3.571479715106334,-1.0840136249738925
0.5462590633421203,1.8306332418208375,11.386234903839322,11.386317878930377,0.9288528699139258,0.9288528699145249,2546.929820007129,3168.7881174483455,3.6730791107939855,-1.085120342109814
0.5468128151988211,1.8287793778871115,11.410695753800969,11.410588237821436,6.406177753195529,6.406177753195202,6846.468411447507,6973.158181741206,3.287160424280014,-1.0862138688977037
0.547366567055522,1.8269292649336493,11.43536720261896,11.435694920776829,-2.1971313892647983,-2.1971313892644844,-36507.63943099156,-36769.052832217974,3.756280780832327,-1.0873089712115975
0.5479203189122228,1.8250828915877468,11.452550987057576,11.451884494794761,-59.08232889819426,-59.082328898194795,-47825.04734208623,-48168.787653147236,6.299708623799542,-1.0884063965539277
0.5484740707689237,1.8232402465226247,11.453144677784625,11.453688903682467,-88.8171564699534,-88.81715646995231,-2674.478518655069,-2794.4067479842374,7.478267725513283,-1.0895041108309318
0.5490278226256246,1.821401318457203,11.454074727304336,11.453806264395848,-79.99031861902702,-79.99031861902974,6054.0714212064,6775.9029913622535,7.145394564169871,-1.0906081178236262
0.5495815744823254,1.819566096155868,11.455335996240644,11.455506369656616,-80.43018229132775,-80.4301822913216,-644.1193339104343,-875.4953546291579,7.119522022916932,-1.0916973374654662
0.5501353263390263,1.817734568428242,11.456924615991564,11.45683099294056,-78.69771161922803,-78.69771161924236,1958.3635612098096,1719.3568027961785,7.059430508604197,-1.0927945128404315
0.5506890781957271,1.8159067241289608,11.458836870999548,11.45888014749674,-77.49092530038834,-77.49092530035514,1105.434234173986,1297.2214920718693,6.991427526060641,-1.0938911240920686
0.551242830052428,1.8140825521574424,11.461069057278822,11.461050139098372,-76.18398531787318,-76.18398531795032,1325.291074801492,1253.0769024952335,6.92893066474334,-1.0949874155484116
0.5517965819091288,1.812262041457666,11.463617583488938,11.46362599406388,-74.91815660569308,-74.91815660551411,1248.7160100404249,1269.3648796265502,6.865758659205506,-1.0960838411370806
0.5523503337658296,1.8104451810179452,11.466478939121158,11.466475523762108,-73.66196034289628,-73.66196034331203,1246.6167888170912,1241.6947616175153,6.803548695475925,-1.0971802795346366
0.5529040856225306,1.8086319598707092,11.46964976933586,11.469651441271722,-72.42149971687171,-72.42149971590621,1228.5764375392669,1229.5872260728468,6.741851289520615,-1.098276761596785
0.5534578374792314,1.8068223670922812,11.473126754497429,11.473126240827865,-71.19528555543879,-71.19528555768123,1213.7516129557644,1213.5875166412188,6.680771225230771,-1.0993732783096268
0.5540115893359322,1.8050163918026576,11.476906629682777,11.47690705436949,-69.98314266553476,-69.98314266032686,1199.0310686058328,1199.0406071932832,6.620268490391629,-1.100469831536194
0.5545653411926331,1.8032140231652904,11.480986268978173,11.480986291230245,-68.7846682915201,-68.78466830361543,1184.5267722493988,1184.5350674062545,6.560340643382481,-1.1015664197517616
0.5551190930493339,1.8014152503868734,11.485362610201252,11.485362808481515,-67.59955141496154,-67.59955138687053,1170.4042151040594,1170.3983449389598,6.500976121210729,-1.102663043008759
0.5556728449060349,1.799620062717122,11.49003268382159,11.490032805651078,-66.42750653453218,-66.4275065997721,1156.5756502366537,1156.5785232414516,6.442166852005038,-1.1037597000162853
0.5562265967627357,1.7978284494485628,11.494993563537236,11.49499372013027,-65.26823159715765,-65.26823144565725,1143.0884162706816,1143.0871253206171,6.3839008679633,-1.1048563901783692
0.5567803486194365,1.7960403999163186,11.500242407063752,11.500242548570958,-64.12142097361797,-64.12142132506806,1129.8420660048355,1129.8429335890046,6.326170592497986,-1.1059531137304544
0.5573341004761374,1.7942559034978978,11.505776458912486,11.505776609681261,-62.98673059592867,-62.98672978911002,1116.9145042302728,1116.9138203585005,6.268967843376498,-1.1070498693214712
0.5578878523328382,1.792474949612984,11.511593061569831,11.511593207262782,-61.863900966687694,-61.86390262204107,1104.2808099445149,1104.2810909588984,6.212281857822901,-1.1081466565453713
0.5584416041895391,1.7906975277232258,11.517689564227574,11.517689712957916,-60.75272882402975,-60.75272619346568,1091.9004180691782,1091.9007098309057,6.156105069363089,-1.1092434751204816
0.55899535604624,1.7889236273320317,11.524063407214603,11.524063556188796,-59.65285925923393,-59.652862157676964,1079.790663651027,1079.7901694681057,6.1004292298153775,-1.1103403241909284
0.5595491079029408,1.7871532379843589,11.53071212345988,11.5307122724613,-58.56403259698632,-58.56403079417733,1067.9545568527217,1067.9548568406685,6.045245956823262,-1.1114372032567248
0.5601028597596417,1.7853863492665123,11.537633289086388,11.537633438691483,-57.486014287979856,-57.486013707287675,1056.3788785542238,1056.3788495062909,5.990546411427423,-1.1125341118303906
0.5606566116163425,1.7836229508059387,11.544824545907352,11.54482469725247,-56.41852219557676,-56.41852572186129,1045.0331161203378,1045.0332652658612,5.936323305209626,-1.1136310495924355
0.5612103634730433,1.7818630322710232,11.552283606039069,11.55228375417213,-55.36136656972248,-55.36136230380405,1033.9440345404369,1033.9436717074689,5.882569253293374,-1.1147280155674348
0.5617641153297442,1.7801065833708871,11.560008206862276,11.560008361830686,-54.3142626459901,-54.314261955015155,1023.1054414578877,1023.1056599483185,5.829275623808942,-1.1158250094465947
0.562317867186445,1.77835359385519,11.567996195968291,11.567996345426149,-53.27696172561711,-53.27696879580248,1012.4912388709208,1012.4913938880492,5.776435144694943,-1.116922030842642
0.562871619043146,1.776604053513927,11.576245438083046,11.576245589816669,-52.24927206537207,-52.249266287908554,1002.0931075322292,1002.0930421086007,5.724040889780553,-1.1180190794498703
0.5634253708998468,1.774857952177233,11.584753878445795,11.584754031886924,-51.23093695326725,-51.23093768675178,991.9273444509138,991.9272947646335,5.6720860563558055,-1.119116154390863
0.5639791227565476,1.773115279715184,11.593519506647818,11.593519659837451,-50.22176175450139,-50.221760277285775,981.986444647994,981.9861679228673,5.6205627075979505,-1.1202132551024213
0.5645328746132485,1.771376026037602,11.602540360788703,11.602540516044288,-49.22151205215114,-49.22151426273072,972.2555595428894,972.2561640702527,5.56946430377647,-1.121310381344842
0.5650866264699493,1.769640181093861,11.611814545061993,11.611814697207237,-48.229986334179706,-48.22998904000682,962.7375160060992,962.7371653783373,5.518783715959674,-1.1224075325398695
0.5656403783266503,1.7679077348726906,11.62134019551368,11.621340350140505,-47.24698641002679,-47.2469813988564,953.4034259217498,953.403390607932,5.468514795693078,-1.1235047086031182
0.5661941301833511,1.766178677401988,11.631115518810777,11.631115675024063,-46.27228809250572,-46.27229064337549,944.2908523031545,944.2910550763349,5.418651362244703,-1.1246019085743324
0.5667478820400519,1.7644529987486224,11.64113876251344,11.641138916798768,-45.30571750870851,-45.305716294727574,935.3766691739388,935.3765551493423,5.369185554365084,-1.1256991320809335
0.5673016338967528,1.7627306890182464,11.651408212086444,11.65140836999085,-44.34706271529004,-44.34706265672531,926.6224569526656,926.6226884480205,5.320112530511579,-1.1267963790614033
0.5678553857534536,1.7610117383551085,11.661922227930988,11.661922383111182,-43.39614259870457,-43.396145745603576,918.0834349077232,918.0828624756305,5.271426168933601,-1.1278936484855704
0.5684091376101544,1.759296136941862,11.672679182323494,11.67267933923374,-42.452796152859456,-42.45279150035202,909.73625445352,909.7367806277914,5.223118980696184,-1.1289909401265914
0.5689628894668554,1.7575838749993808,11.683677503176291,11.683677661481775,-41.51680944399693,-41.516812755688214,901.5478903632596,901.5482592038097,5.175185777027967,-1.130088253995167
0.5695166413235562,1.7558749427865723,11.694915676211911,11.694915832877333,-40.588008851232246,-40.58800756600508,893.5213657422065,893.5202562528441,5.127621405589691,-1.1311855893654807
0.5700703931802571,1.7541693306001922,11.70639222612666,11.706392386681985,-39.66622812565873,-39.66622779120342,885.6921898180807,885.693078959785,5.080420290299436,-1.1322829454549284
0.5706241450369579,1.752467028774663,11.718105710258303,11.718105865988273,-38.75133304512035,-38.75133497456788,878.058718956148,878.0586146002895,5.033574790414291,-1.1333803219494707
0.5711778968936587,1.7507680276818889,11.730054707270993,11.73005486920744,-37.84308914809279,-37.84308562809767,870.5178679123102,870.5175595309643,4.987080528019304,-1.1344777193055586
0.5717316487503596,1.7490723177310743,11.742237905528352,11.742238064227555,-36.94135921925177,-36.94136349069106,863.174050730781,863.1745361256316,4.940934521573141,-1.135575136113217
0.5722854006070605,1.7473798893685473,11.75465396451822,11.754654123990049,-36.04602551066897,-36.04602187678017,856.0390076078068,856.0382886947784,4.895127126407551,-1.136672571711778
0.5728391524637614,1.7456907330775744,11.767301597953848,11.767301759601814,-35.156873241345664,-35.15687548450802,848.9745253212045,848.9752509528623,4.849655124193728,-1.1377700272383227
0.5733929043204622,1.7440048393781873,11.78017958574881,11.780179745922958,-34.27377030786312,-34.27376921991054,842.1067698006568,842.1065913237444,4.804515178631213,-1.138867500831794
0.573946656177163,1.742322198827002,11.79328672319532,11.79328688602059,-33.39657379535234,-33.396574269060046,835.4075360766491,835.4076017412395,4.75969874724533,-1.1399649925097923
0.5745004080338639,1.740642802017044,11.806621830679344,11.806621988754722,-32.5251513686495,-32.52515116445588,828.7937582652719,828.7924045281904,4.715203452194834,-1.1410625023922674
0.5750541598905647,1.7389666395775734,11.820183789263178,11.820183961275553,-31.65930174452413,-31.659301832454652,822.3754246266468,822.3808262256518,4.671024562515718,-1.1421600291588605
0.5756079117472656,1.7372937021739097,11.833971519465129,11.83397166156213,-30.79893802239502,-30.79893798453389,816.1362258835265,816.118259274372,4.627154255709357,-1.1432575729709544
0.5761616636039665,1.735623980507258,11.847983926100529,11.847984130418864,-29.943898035118167,-29.94389805142027,809.859514413766,809.9175291448697,4.583590623582294,-1.1443551340403424
0.5767154154606673,1.733957465314539,11.862220024642063,11.862220097342094,-29.094043979529012,-29.094043972509738,804.1091360511543,803.9279398704111,4.540329900016156,-1.1454527109429669
0.5772691673173682,1.7322941473682154,11.87667880281896,11.876679171327778,-28.24921947125346,-28.249219474275794,797.4179135334433,797.9731704669168,4.497364058497421,-1.1465503035816063
0.577822919174069,1.7306340174761228,11.89135931216162,11.891359019217925,-27.40942877860776,-27.409428777306434,794.2329333934412,792.5643810640054,4.4546930139918635,-1.147647912074254
0.5783766710307698,1.7289770664812991,11.906260624419044,11.90626181263383,-26.57399527932317,-26.5739952798835,780.7684835942258,785.6371991084404,4.412300685306246,-1.1487455350404288
0.5789304228874708,1.7273232852618188,11.921381830064938,11.921379746894194,-25.74482432067847,-25.744824320437214,798.556373577724,784.9456080522496,4.370227464309323,-1.1498431754541525
0.5794841747441716,1.725672664730622,11.936722097245315,11.936727062914734,-24.914714546306744,-24.91471454641064,725.9818590194001,761.4636840107268,4.328303864712654,-1.1509408198407525
0.5800379266008724,1.724025195835351,11.952280570274914,11.95227093433088,-24.107303770740792,-24.10730377069606,907.148152517867,826.1332123084495,4.287135232158294,-1.1520385161453521
0.5805916784575733,1.7223808695581828,11.968056466344663,11.968075205411894,-23.243835913559924,-23.243835913579215,413.2680958958456,553.2895997587505,4.244449060509934,-1.1531360872327263
0.5811454303142741,1.7207396769156664,11.984048994734588,11.984018543864957,-22.58049986613789,-22.580499866129582,1584.8533868304814,1504.7488953138054,4.208694730796069,-1.1542341896045687
0.5816991821709749,1.7191016089585571,12.000257424666646,12.000289407584988,-21.29918665232576,-21.299186652329393,-861.6197379520457,-1155.919120852477,4.145797698125951,-1.1553298218846166
0.5822529340276759,1.717466656771656,12.016681043793769,12.016665729658724,-21.93631616313725,-21.936316163135594,2707.4487548979887,3197.3592575912176,4.190156637068014,-1.1564335726372101
0.5828066858843767,1.715834811473646,12.03331915615871,12.03338358789547,-16.94780532854775,-16.94780532854872,3562.5407976378465,3585.6578666914106,3.9135325747217715,-1.1575267093368176
0.5833604377410776,1.7142060642169332,12.050171817172949,12.050183581338588,-27.323800402263625,-27.323800402262624,-28531.360825693624,-28733.278802063393,4.352807928493176,-1.1586225437986202
0.5839141895977784,1.712580406187486,12.059818259417709,12.059573401052694,-67.53844983294042,-67.5384498329422,-31311.92853066499,-31537.946250302073,6.084086005006368,-1.1597193431135715
0.5844679414544792,1.710957828604675,12.059920550297363,12.060152445974595,-83.23871596738859,-83.23871596738468,1258.969493924597,1217.9048845823063,6.692018617938253,-1.1608165745537342
0.5850216933111801,1.7093383227211163,12.060277567070504,12.060171639893571,-77.32410417653935,-77.3241041765484,3716.251497560654,4232.464785258166,6.428191295622127,-1.1619177259906541
0.585575445167881,1.7077218798225156,12.060884817979897,12.060963015654,-77.69924815374475,-77.69924815372387,-510.3208381009209,-747.385686385876,6.438669333980042,-1.1630079334966044
0.5861291970245819,1.7061084912275075,12.061739625275028,12.061690035462918,-76.27594140343014,-76.27594140347874,1705.3138195503525,1580.23498040329,6.379782040394287,-1.1641052989471468
0.5866829488812827,1.704498148287506,12.062839335467848,12.062864796990839,-75.3830337273337,-75.38303372722099,763.101538790885,904.3707806581394,6.333668302158978,-1.165201129435046
0.5872367007379835,1.7028908423865448,12.064181376212185,12.064169464964179,-74.35310563103644,-74.35310563129835,1100.4476905429924,1031.7375985633603,6.28585985556794,-1.1662971579972354
0.5877904525946844,1.7012865649411253,12.06576322981028,12.065768909577615,-73.37618755357833,-73.37618755297014,966.0294524990642,992.4347888167661,6.23903197498331,-1.167393173698421
0.5883442044513852,1.699685307400066,12.067582409965311,12.067580076529778,-72.39802825699773,-72.3980282584103,996.3803316265464,987.2619949627009,6.192464177096766,-1.1684892328345275
0.5888979563080861,1.6980870612443475,12.0696365271827,12.069637773844878,-71.43367304421528,-71.43367304093465,971.7441095821032,974.7511683431692,6.146340943021231,-1.1695853188138985
0.589451708164787,1.6964918179869626,12.071923208301495,12.07192287539994,-70.47865356599831,-70.47865357361754,965.3429831617794,964.3751982566262,6.100603815253052,-1.1706814360655118
0.5900054600214878,1.6948995691727673,12.074440127984127,12.074440486826502,-69.53394517730882,-69.53394515961345,953.3556690834406,953.6615839060568,6.055262282164266,-1.1717775827262182
0.5905592118781887,1.6933103063783286,12.0771850400642,12.07718509835445,-68.59900186915166,-68.59900191024872,943.4102986150824,943.3149031324715,6.010306393497278,-1.1728737584819726
0.5911129637348895,1.6917240212117792,12.080155724387575,12.080155915439004,-67.67372408478816,-67.6737239893416,933.0895436054236,933.1188252997633,5.965730663592126,-1.1739699628991282
0.5916667155915903,1.6901407053126676,12.083350024765586,12.083350158148898,-66.75789470808002,-66.75789492974786,923.1224756712082,923.1137252029102,5.921530242823379,-1.1750661957298763
0.5922204674482913,1.688560350351811,12.086765816482872,12.086765975959503,-65.85135099449388,-65.85135047977971,913.3091999087573,913.3117629440625,5.877699178008567,-1.176162456101691
0.5927742193049921,1.6869829480311518,12.090401022049896,12.09040117102198,-64.9538897561673,-64.95389094917523,903.6791480315712,903.6785582119343,5.834231853073553,-1.1772587439777868
0.593327971161693,1.6854084900836088,12.094253614563929,12.094253769552433,-64.06533607466564,-64.06533335968105,894.2165048463148,894.2165888806134,5.7911239683196944,-1.178355058712319
0.5938817230183938,1.6838369682729364,12.098321610937502,12.098321763007917,-63.18551746239064,-63.18552247437092,884.9492568763928,884.9490405529026,5.7483697502207605,-1.1794513998004794
0.5944354748750946,1.682268374393578,12.102603064079547,12.102603217892979,-62.31425462899211,-62.31424897760722,875.8553125775944,875.8554291285361,5.705963618542104,-1.1805477665926314
0.5949892267317956,1.6807027002705244,12.107096075303366,12.107096230990853,-61.45137659694343,-61.451378459112604,866.9185162992288,866.9189131387814,5.663900799146404,-1.1816441592834273
0.5955429785884964,1.6791399377591725,12.111798781396336,12.111798935215365,-60.59673885163535,-60.596742441787576,858.1408834922328,858.1405427937432,5.622176872089843,-1.1827405772780164
0.5960967304451973,1.677580078745183,12.116709356236283,12.116709510774944,-59.750172057140055,-59.75016727853821,849.5225579280941,849.5222385401952,5.580787059781027,-1.1838370198645765
0.5966504823018981,1.6760231151443397,12.121826022669,12.121826180505709,-58.91149549617685,-58.91149717783758,841.0856219713119,841.0862703354554,5.539726372262634,-1.1849334866323642
0.5972042341585989,1.6744690389024115,12.127147038642914,12.12714719284159,-58.08059420850008,-58.08059510747705,832.7942005318282,832.7939913390885,5.498989095769809,-1.1860299773614253
0.5977579860152998,1.672917841995012,12.132670675566883,12.132670833548984,-57.25729450314217,-57.25729340139614,824.6148699706989,824.6146699033188,5.458572539197319,-1.1871264920036657
0.5983117378720006,1.6713695164274618,12.138395291802777,12.138395449239038,-56.44143075847709,-56.44143106425592,816.631916153089,816.6320335977388,5.418472088058364,-1.1882230293295692
0.5988654897287015,1.669824054234651,12.144319236186751,12.144319392472418,-55.63291208604608,-55.632912688162584,808.8016173615853,808.8016561194148,5.378680972161626,-1.189319589208771
0.5994192415854024,1.668281447480903,12.150440895091984,12.150441055128391,-54.83153758009266,-54.83153600805046,801.0561461819905,801.0562817172577,5.339196907819445,-1.190416172047143
0.5999729934421032,1.6667416882598385,12.156758729170669,12.156758886643571,-54.03719863773696,-54.0372005894412,793.4869299544664,793.4868070480559,5.30001637892229,-1.1915127765981448
0.6005267452988041,1.6652047686942402,12.163271186060944,12.16327134545878,-53.24976401315472,-53.24976319692751,786.070570896161,786.0703682019175,5.26113282892822,-1.1926094023831453
0.6010804971555049,1.6636706809359196,12.169976771092797,12.16997693043239,-52.46907838905982,-52.46907726200136,778.7449193447636,778.74531523421,5.222543603518377,-1.1937060498261802
0.6016342490122057,1.6621394171655814,12.176874017826249,12.176874179051808,-51.695027948476856,-51.69502993224551,771.5815609281173,771.5813600467734,5.1842450684036425,-1.1948027178724367
0.6021880008689067,1.660610969592692,12.183961488330276,12.183961646611433,-50.92749355995541,-50.92749217878335,764.5476101525279,764.5475515099615,5.146231606308439,-1.1958994063499986
0.6027417527256075,1.6590853304553477,12.191237766150916,12.191237929652061,-50.16630689391541,-50.166307425784076,757.6096765605403,757.6099956373134,5.108500863288412,-1.1969961151493735
0.6032955045823084,1.6575624920201415,12.198701507891826,12.19870166768021,-49.411380087303264,-49.41137994583115,750.8228419715605,750.8224128597842,5.071048810761967,-1.1980928434862184
0.6038492564390092,1.6560424465820358,12.206351332532554,12.20635149463302,-48.66262381143192,-48.662623855469995,744.1558335844561,744.1560429389563,5.033870680295341,-1.199189591164431
0.60440300829571,1.654525186464228,12.21418593321294,12.214186096571307,-47.91983846184136,-47.91983844360698,737.5936338835153,737.5939815925797,4.996963599043565,-1.2002863580684464
0.604956760152411,1.6530107040180244,12.22220403314526,12.222204194183961,-47.18297752418262,-47.182977532002575,731.154285052799,731.1535230363222,4.9603238441072,-1.2013831435476234
0.6055105120091118,1.651498991622712,12.230404350807705,12.230404516160384,-46.45190348853066,-46.451903485164976,724.8286890810466,724.8296294505116,4.923947751289739,-1.202479947367464
0.6060642638658126,1.6499900416854274,12.238785672445692,12.238785833253193,-45.72648084196418,-45.72648084341333,718.630099333644,718.6282368203858,4.887831525297661,-1.2035767689603094
0.6066180157225135,1.6484838466410334,12.247346782684556,12.247346951786742,-45.00664105934518,-45.00664105872122,712.507681147123,712.5140922318246,4.851971606479957,-1.2046736085771195
0.6071717675792143,1.646980398951991,12.256086500360826,12.256086653650442,-44.292255055482514,-44.2922550557512,706.5301845429672,706.5089873314151,4.8163658661640545,-1.2057704655127406
0.6077255194359152,1.6454796911082326,12.265003680685632,12.265003871746814,-43.58320940657195,-43.58320940645628,700.5656488460172,700.6325128809942,4.781009539273679,-1.2068673388791342
0.608279271292616,1.6439817156270389,12.27409718751393,12.274097292015497,-42.8794323156323,-42.87943231568214,695.0887215273565,694.8810025600603,4.745899222726201,-1.2079642292727562
0.6088330231493169,1.6424864650529134,12.28336591108111,12.283366216125147,-42.18077179794763,-42.18077179792622,688.4327837588539,689.0645207380702,4.711031897425876,-1.2090611359685004
0.6093867750060178,1.640993931957458,12.29280877342817,12.292808627992239,-41.48728751370802,-41.487287513717284,685.8006779542718,683.9358024563387,4.676407940041718,-1.2101580589784837
0.6099405268627186,1.639504108939253,12.302424735026166,12.302425577214839,-40.798233451004855,-40.798233451000876,671.4484988113874,676.7482591893141,4.642009225227591,-1.211254996559913
0.6104942787194195,1.6380169886237306,12.312212746164665,12.312211491970146,-40.11580716652431,-40.115807166526054,691.9916566382909,677.7245153081718,4.60788822627456,-1.212351952826548
0.6110480305761203,1.6365325636630563,12.322171811050984,12.322174799515023,-39.432264259466585,-39.43226425946585,613.5224203057112,648.6726278377948,4.5738329448107065,-1.2134489110304985
0.6116017824328212,1.6350508267360075,12.332300928084758,12.332296045262407,-38.77252541380126,-38.772525413801596,805.3614828892726,731.8300395079082,4.54062049774078,-1.2145459340220044
0.6121555342895221,1.6335717705478503,12.342599150117794,12.342606578677561,-38.05635643718162,-38.05635643718149,304.1750591395595,412.1535953939958,4.5053428459691975,-1.2156427842809625
0.6127092861462229,1.6320953878302251,12.35306551647697,12.353061393232295,-37.533575193659765,-37.53357519365983,1423.0927499318602,1406.7408691144267,4.478813560728597,-1.2167403469404352
0.6132630380029237,1.6306216713410218,12.363699122671996,12.363676508066366,-36.45454873210341,-36.454548732103405,-677.7509381794077,-987.2195130698219,4.4199624368456565,-1.2178351397132452
0.6138167898596246,1.629150613864265,12.37449906661625,12.374583531617155,-36.935262300500455,-36.93526230050048,1598.647474923051,1975.28259527426,4.472908694132535,-1.2189374526828585
0.6143705417163254,1.627682208209996,12.385464456379454,12.385337363126457,-33.61229907201529,-33.61229907201528,5234.619821813536,5359.599328615383,4.238845813554448,-1.220031688709695
0.6149242935730264,1.6262164472141534,12.396594449232136,12.396898151466978,-37.075825718998615,-37.07582571899862,-22006.19986379365,-22182.553899356324,4.451674369987103,-1.221126096664764
0.6154780454297272,1.62475332373846,12.403720147841073,12.403193584695783,-73.67741043451252,-73.67741043451254,-31980.262626663083,-32202.171793609614,5.946489643763507,-1.2222221271482947
0.616031797286428,1.6232928306703032,12.399167005410956,12.39958265456273,-95.33594510730026,-95.33594510730029,-3137.7928005532744,-3237.758541164877,6.737590547505785,-1.2233177647468279
0.6165855491431289,1.621834960922622,12.394823651498497,12.394615633157018,-89.21742948558298,-89.21742948558307,4722.837178565119,5181.781649882425,6.544826894284571,-1.224417782536586
0.6171393009998297,1.6203797074337936,12.390795231864928,12.390923144001201,-88.92484047392496,-88.92484047392495,110.51570912755052,4.728247427370482,6.493497176212984,-1.2255082748611816
0.6176930528565306,1.6189270631675154,12.38707807477348,12.387011197531582,-87.48374889185399,-87.4837488918541,1541.4603255242218,1362.0568384477406,6.44990085329487,-1.2266031727472468
0.6182468047132315,1.6174770211126954,12.383668619343414,12.383698104832245,-86.26494310777854,-86.26494310777845,1200.7534823317794,1320.0864649048365,6.39078059525418,-1.227698439795673
0.6188005565699323,1.6160295742833377,12.38056338452794,12.380551067946119,-85.0329964126223,-85.03299641262264,1224.3337353653849,1188.9982732429319,6.338313980929421,-1.22879324732693
0.6193543084266332,1.6145847157184294,12.377758957730109,12.377764282755695,-83.81548712781736,-83.81548712781668,1220.7859708194496,1226.6924716600997,6.284687192040605,-1.2298882404769684
0.619908060283334,1.613142438481832,12.375251947740164,12.375249889427055,-82.6139890130074,-82.61398901300905,1195.3429992768386,1195.6909537228346,6.231977689509294,-1.2309832468059607
0.6204618121400348,1.6117027356621676,12.373039123868642,12.373040160039855,-81.42510617125669,-81.42510617125288,1186.9176744713573,1186.1404681018475,6.179622120051929,-1.2320783106239908
0.6210155639967357,1.6102656003727087,12.37111732229479,12.371117055311181,-80.25003062474532,-80.25003062475417,1170.6810398715982,1171.1060582400637,6.127759726982474,-1.2331734190183374
0.6215693158534366,1.6088310257512708,12.369483444379648,12.369483734219493,-79.08792732977966,-79.08792732975918,1158.0536481837476,1157.8731688231394,6.0763442573670785,-1.2342685746928599
0.6221230677101375,1.6073990049601,12.368134433923991,12.368134473991864,-77.93882813719387,-77.93882813724157,1144.4306890403875,1144.4990864919405,6.02537963521048,-1.2353637761313525
0.6226768195668383,1.6059695311857674,12.367067265729863,12.367067444988773,-76.80231216241005,-76.80231216229947,1131.5436320126496,1131.5192172587003,5.974855810359863,-1.2364590223980034
0.6232305714235391,1.6045425976390582,12.366279024970984,12.366279072494057,-75.67830843744137,-75.67830843769828,1118.7686148132616,1118.7768663310399,5.924765883099376,-1.2375543127144368
0.62378432328024,1.6031181975548656,12.365767007574751,12.365767249797408,-74.56487901993549,-74.56487901933885,1106.281582984834,1106.279202073539,5.875103312499934,-1.2386496465742451
0.6243380751369408,1.6016963241920852,12.365528948726372,12.365528923213844,-73.46548126796658,-73.4654812693523,1094.0460599847545,1094.0467056480888,5.825861587244012,-1.239745023176815
0.6248918269936418,1.6002769708335054,12.365560330713873,12.365560588363566,-72.3772194669535,-72.37721946373526,1082.049720156219,1082.0492652311582,5.777034100415792,-1.2408404419137966
0.6254455788503426,1.5988601307857055,12.365860513981408,12.365860551145257,-71.29856480469982,-71.29856481217419,1070.2935328722388,1070.2940771447038,5.728614745545585,-1.2419359017458678
0.6259993307070434,1.5974457973789469,12.36642592281502,12.366426091827154,-70.23265474697776,-70.23265472961884,1058.784377739088,1058.7839425304694,5.680596269524778,-1.2430314021018936
0.6265530825637443,1.5960339639670704,12.367254233516142,12.367254339168976,-69.17676359054519,-69.17676363086082,1047.4728055093235,1047.4730950988846,5.63297353771696,-1.2441269426362886
0.6271068344204451,1.594624623927393,12.36834303103496,12.36834316615417,-68.13163899228077,-68.13163889865,1036.4160035909874,1036.4158308569824,5.585740512966559,-1.245222522005109
0.6276605862771459,1.5932177706606006,12.36968985942608,12.369689979545349,-67.09698095792672,-67.09698117535498,1025.5727672364055,1025.572831203287,5.5388899362277,-1.2463181399395373
0.6282143381338469,1.5918133975906497,12.37129228992242,12.371292418892123,-66.07253287969712,-66.07253237534792,1014.9222061705564,1014.9223811721026,5.492417497613277,-1.2474137960221792
0.6287680899905477,1.590411498164662,12.373148060059316,12.373148186296772,-65.05790688341753,-65.05790804031774,1004.502261515817,1004.5019523966058,5.446316998793774,-1.2485094890356812
0.6293218418472486,1.5890120658528228,12.37525495886593,12.375255087285835,-64.05301688087758,-64.05301452901602,994.2841731265568,994.2843789524516,5.400582362246443,-1.2496052185668298
0.6298755937039494,1.587615094148281,12.377610744606102,12.377610869689681,-63.0577735462531,-63.0577771474154,984.2571987917954,984.2572127966914,5.355208508497283,-1.2507009841225085
0.6304293455606502,1.5862205765670458,12.38021323076437,12.380213360399951,-62.07183086708211,-62.07182740952735,974.4316354033444,974.4317230833193,5.310190153169429,-1.2517967850170164
0.6309830974173511,1.5848285066478889,12.38306036880665,12.383060496978308,-61.09496386585111,-61.094964764924754,964.7986055775942,964.7981677580659,5.26552165657808,-1.2528926203383826
0.631536849274052,1.5834388779522437,12.38615009578149,12.386150224520925,-60.12709383123629,-60.12709672802749,955.3492724763828,955.3499482967767,5.221198059277364,-1.2539884898426314
0.6320906011307529,1.5820516840641048,12.389480383896938,12.38948051163532,-59.16802308977525,-59.168017799929544,946.0987088659332,946.098154520976,5.177213981271365,-1.2550843925003645
0.6326443529874537,1.5806669185899325,12.393049262346834,12.393049393783574,-58.21749330072981,-58.217498298839665,937.0016080409202,937.0020447310552,5.133564274686046,-1.2561803282930502
0.6331981048441545,1.5792845751585507,12.396854852767897,12.396854980665186,-57.27532428507093,-57.27532110245316,928.1016346594644,928.1005800896692,5.09024512665363,-1.2572762961481516
0.6337518567008554,1.5779046474210514,12.400895272024208,12.40089540624938,-56.34146133028202,-56.34146288613322,919.3754645218138,919.3798591858687,5.047249694560782,-1.2583722953241427
0.6343056085575562,1.576527129050698,12.405168644175257,12.405168762541212,-55.41564479587368,-55.41564411796839,910.80878714663,910.7929766085728,5.004574977949633,-1.2594683261519701
0.6348593604142572,1.5751520137428263,12.409673237210946,12.409673403782145,-54.49764163664868,-54.49764192888251,902.3543902049612,902.4060988645838,4.962215997887138,-1.2605643867760605
0.635413112270958,1.5737792952147516,12.41440729368479,12.414407340837744,-53.58743543882158,-53.587435312978066,894.3610870836543,894.1986718065303,4.9201667782142895,-1.261660477641146
0.6359668641276588,1.572408967205669,12.41936907875674,12.419369392931602,-52.684743237172285,-52.68474329135803,885.5104142644319,886.0101925496648,4.878424215545403,-1.262756597888233
0.6365206159843597,1.5710410234765615,12.424556965746795,12.424556688941776,-51.789537724808376,-51.789537701477315,879.9263448715704,878.4232248614611,4.8369858966595105,-1.263852746634087
0.6370743678410605,1.569675457810105,12.429969313942404,12.429970362015808,-50.90119334400834,-50.90119335405414,865.1229441706198,869.5067634769673,4.79583563123747,-1.2649489228752528
0.6376281196977613,1.5683122640105718,12.43560451489065,12.435602638236729,-50.02140036370796,-50.02140035938252,878.436126254671,866.1851667936837,4.755009128653587,-1.2660451300067224
0.6381818715544623,1.5669514359037386,12.441461042012092,12.441465459923169,-49.14359341811243,-49.14359341997491,810.479896640653,842.4185550929767,4.714361127110378,-1.2671413541106784
0.6387356234111631,1.5655929673367943,12.447537391747865,12.447528789377174,-48.2890341449848,-48.2890341441829,970.898566455786,897.9489002626246,4.674411126222383,-1.268237640114302
0.639289375267864,1.5642368521782444,12.45383204902982,12.45384869770319,-47.386995259621216,-47.386995259966525,523.9599621304602,650.116937867767,4.633198920923213,-1.2693338206709572
0.6398431271245648,1.562883084317822,12.46034359652828,12.46031662672207,-46.6670618606271,-46.667061860478434,1575.994836256396,1503.8190986915633,4.598008347848993,-1.2704305179893027
0.6403968789812656,1.561531657666393,12.467070628173683,12.467098342686409,-45.39645330691999,-45.396453306984014,-631.2011595291607,-897.3099975471637,4.539442641915989,-1.2715248781269066
0.6409506308379666,1.5601825661558664,12.474011772437247,12.474000457615974,-45.84536870689308,-45.845368706865564,2594.565918578321,3039.2816474925608,4.573678975951929,-1.2726269997465338
0.6415043826946674,1.5588358037391048,12.481165666542225,12.481218324335801,-41.2655971266759,-41.265597126687794,3305.467253181526,3324.813653739533,4.329660689584345,-1.2737189514226144
0.6420581345513683,1.5574913643898305,12.488531040231406,12.488550123724432,-50.42942091301242,-50.429420913007334,-25517.87803108851,-25705.595079818308,4.7091987360903635,-1.2748135996061114
0.6426118864080691,1.5561492421025396,12.4894916317187,12.489259956360241,-86.415131685359,-86.41513168536122,-27717.23717765263,-27915.22231042687,6.2027732358390475,-1.2759086548563423
0.6431656382647699,1.5548094308924092,12.481866559018728,12.482085920563565,-100.05219506881788,-100.05219506881699,1693.3694833045254,1658.012608083817,6.710767298188773,-1.277003576828703
0.6437193901214708,1.55347192479521,12.474680865594426,12.474579179643463,-94.07430618378328,-94.07430618378369,3831.1311851521023,4293.2907514261115,6.462446243150821,-1.2781022768244212
0.6442731419781716,1.5521367178672187,12.46785856424832,12.467931940827093,-93.92720425451492,-93.92720425451482,30.034862515182,-183.48146674833336,6.453853944523684,-1.279190565019696
0.6448268938348725,1.5508038041851282,12.461395264127766,12.461349202490577,-92.12166268577052,-92.12166268577067,2020.737708545238,1908.619664694081,6.3844702490382375,-1.2802857668434486
0.6453806456915734,1.5494731778459605,12.45528668249762,12.455310241820216,-90.81439989338834,-90.81439989338836,1161.8034968953086,1288.993280611147,6.326619395214288,-1.2813795261460192
0.6459343975482742,1.5481448329669802,12.449528725442889,12.44951769031776,-89.38695460805063,-89.38695460805069,1460.7296834051333,1398.6990626648185,6.2674000401201395,-1.2824735239018543
0.6464881494049751,1.5468187636856077,12.444117303495297,12.44412253195739,-88.01532300047006,-88.01532300047012,1332.168461946471,1356.0651641481759,6.2092254491469285,-1.2835675496624501
0.6470419012616759,1.545494964159332,12.439048452528022,12.439046281175152,-86.64887139818616,-86.6488713981862,1353.4035999523633,1345.1336098309328,6.151439880256461,-1.2846616583604096
0.6475956531183767,1.5441734285656266,12.43431836856645,12.434319496493327,-85.3015524782791,-85.30155247827912,1324.7730843439747,1327.5054485965998,6.094207455910946,-1.2857558337462458
0.6481494049750777,1.5428541511018614,12.429923205842952,12.429922883546652,-83.9689652982748,-83.96896529827482,1312.899367243206,1312.0184034057563,6.037473228358418,-1.2868500786057016
0.6487031568317785,1.541537125985221,12.42585936957679,12.4258596825995,-82.65175729675357,-82.65175729675359,1296.1237972514389,1296.4026162793973,5.981241578245869,-1.2879443907544879
0.6492569086884794,1.5402223474526182,12.42212324536648,12.422123276818892,-81.34953605999702,-81.34953605999706,1281.3497642872933,1281.2627292101104,5.925499610786063,-1.289038769012836
0.6498106605451802,1.5389098097606106,12.41871127904974,12.41871144069922,-80.06178534523211,-80.06178534523215,1266.3564203703568,1266.3836081024122,5.870240760962754,-1.2901332130317817
0.650364412401881,1.537599507185316,12.415620162966803,12.415620265339873,-78.78824817405574,-78.78824817405577,1251.8510914383562,1251.8424964388976,5.815457471626754,-1.291227720938092
0.650918164258582,1.5362914340223308,12.41284646528297,12.412846589723063,-77.52876652067914,-77.52876652067918,1237.6125241912946,1237.6151195089908,5.761140923077765,-1.2923222919480908
0.6514719161152828,1.5349855845866465,12.410386965344133,12.410387092349193,-76.28267865989478,-76.2826786598948,1223.6879142247003,1223.6872986263836,5.707284023557394,-1.293416924868096
0.6520256679719836,1.5336819532125665,12.408238546207311,12.40823865680471,-75.0500792985882,-75.05007929858822,1210.0538200653175,1210.053883121716,5.653878721397723,-1.294511618753449
0.6525794198286845,1.5323805342536247,12.40639796005885,12.406398092024961,-73.83039366914805,-73.83039366914807,1196.706577500025,1196.7068485384236,5.600918332110552,-1.2956063727618172
0.6531331716853853,1.531081322082506,12.404862376372543,12.404862498538279,-72.62332497261905,-72.62332497261905,1183.6442966308805,1183.6437801252011,5.5483950242558855,-1.2967011853996475
0.6536869235420862,1.5297843110909608,12.403628676274163,12.403628782549463,-71.42897522351053,-71.42897522351055,1170.8532843425642,1170.853799683789,5.4963022085591415,-1.297796056159001
0.654240675398787,1.5284894956897297,12.402694059941796,12.402694222028092,-70.24615153293003,-70.24615153293007,1158.344644760738,1158.3443207210073,5.44463242976241,-1.2988909834915932
0.6547944272554879,1.5271968703084575,12.402055832722468,12.402055904101058,-69.07630290776464,-69.07630290776464,1146.0828122820749,1146.0831077454359,5.393378821726363,-1.2999859671753664
0.6553481791121888,1.5259064293956182,12.401710499227905,12.401710652894323,-67.91771271539461,-67.9177127153946,1134.082383560307,1134.0821712715106,5.342535693238442,-1.301081005645603
0.6559019309688896,1.524618167418433,12.401656536164428,12.401656677251752,-66.76861460388754,-66.76861460388754,1122.3346769523114,1122.3347473784052,5.292095286004145,-1.302176098043688
0.6564556828255905,1.523332078862791,12.401891264012416,12.401891347755726,-65.63250436067027,-65.6325043606703,1110.8354485413693,1110.8350037210264,5.242051693548709,-1.3032712435260114
0.6570094346822913,1.5220481582331735,12.40241109941848,12.40241125442499,-64.5075095742747,-64.50750957427474,1099.575816084715,1099.5783423482744,5.192398363586758,-1.3043664412196767
0.6575631865389922,1.5207664000525705,12.403214227244224,12.40321434299553,-63.39211236519418,-63.392112365194215,1088.555812765574,1088.547057651879,5.143129417687858,-1.3054616902653082
0.6581169383956931,1.5194867988624077,12.40429814674637,12.404298265173214,-62.28762229568382,-62.28762229568384,1077.7233845904202,1077.7508794430155,5.094238650198452,-1.3065569894306808
0.6586706902523939,1.5182093492224669,12.405660400126637,12.405660546918831,-61.19302468683437,-61.193024686834406,1067.2830819039336,1067.1992625713447,5.045719924020283,-1.3076523382450385
0.6592244421090947,1.516934045710809,12.407298837940372,12.407298923700184,-60.10839727864016,-60.10839727864018,1056.5386255794836,1056.7875117530793,4.997567101958824,-1.3087477354765225
0.6597781939657956,1.515660882923697,12.409211033174223,12.409211237624827,-59.03353990683287,-59.033539906832885,1047.5841411421975,1046.8706894801508,4.9497764200983285,-1.3098431805888306
0.6603319458224964,1.514389855475521,12.41139494428088,12.41139489414693,-57.96789904388938,-57.96789904388942,1034.201825911852,1036.1484595274055,4.902334830886615,-1.3109386720723042
0.6608856976791974,1.5131209579987206,12.413848299061202,12.413848871692165,-56.91221831756661,-56.912218317566655,1034.3192402728937,1029.404264346261,4.855263365265604,-1.312034211461682
0.6614394495358982,1.5118541851437108,12.416569122932506,12.41656804704443,-55.86344932328407,-55.86344932328412,998.064867924827,1008.8277940169355,4.808458883010123,-1.3131297890323355
0.661993201392599,1.5105895315788056,12.419555295233154,12.419558771189724,-54.82997939003246,-54.82997939003247,1057.0005858125392,1039.9418891509476,4.762278191746741,-1.3142254365260329
0.6625469532492999,1.5093269919901433,12.42280487566473,12.422795632045322,-53.78621947779952,-53.786219477799555,890.0655585645871,894.1393156344822,4.715369354432273,-1.315321033120571
0.6631007051060007,1.5080665610816142,12.426315924813382,12.426341855499889,-52.8031517368642,-52.803151736864216,1185.7453976170998,1270.41181576912,4.672740190382612,-1.316417022908839
0.6636544569627016,1.5068082335747826,12.430086527863908,12.430018880228554,-51.70095228646012,-51.70095228646015,814.1298721412159,596.3381550825985,4.615721206250118,-1.3175117491455262
0.6642082088194025,1.5055520042088173,12.434114901771467,12.434258345291076,-50.83178080056973,-50.8317808005697,339.32147587477743,372.0602145742802,4.604243927848617,-1.3186090625710218
0.6647619606761033,1.5042978677404153,12.438399191806914,12.438156352966676,-50.060865097796565,-50.06086509779671,4897.337043252287,5254.484365258666,4.50559011907546,-1.3197073214589656
0.6653157125328042,1.50304581894373,12.442937721127024,12.443414854933335,-45.505367677295176,-45.505367677294856,-7957.650619688187,-8085.200134475188,4.413268060780935,-1.3207983587176724
0.665869464389505,1.5017958526102992,12.447176004762255,12.446536953446465,-70.93939349817038,-70.93939349817113,-30443.16167305055,-30652.46743869826,5.3559430592270765,-1.3218933060768763
0.6664232162462059,1.5005479635489714,12.439289239760942,12.439728993267074,-101.68294518163498,-101.68294518163324,-14634.814642345827,-14782.2438184518,6.564561322793077,-1.3229870870408424
0.6669769681029067,1.499302146585835,12.429721556017656,12.429503515037268,-99.94930088471268,-99.9493008847169,6050.77941047978,6266.864075761673,6.599326485579894,-1.3240832485032945
0.6675307199596076,1.4980583965641463,12.420500027879184,12.420629886533492,-97.3168602724828,-97.31686027247311,1559.5164164110604,1787.5503219879079,6.401987271460781,-1.3251767651350297
0.6680844718163085,1.4968167083442594,12.411620447177032,12.411568834757134,-96.63533853472508,-96.63533853474769,515.7119400912386,244.05909898578463,6.411941469151822,-1.3262656458226827
0.6686382236730093,1.495577076803554,12.403078567406215,12.403091602992648,-95.00432467368324,-95.00432467363095,1884.479611076868,1914.9828824788196,6.335012732778154,-1.3273604360937292
0.6691919755297101,1.4943394968363648,12.394870383849067,12.39486897082014,-93.7680042334865,-93.76800423360808,1062.0805736481966,1125.4521374105157,6.285259460307547,-1.3284528920657002
0.669745727386411,1.4931039633539136,12.386991869323657,12.386991234209743,-92.41498883347649,-92.41498883319429,1414.3531431860883,1363.644928058959,6.228914499272603,-1.3295460506482246
0.6702994792431118,1.4918704712842372,12.379439164270757,12.379440154919706,-91.12192377031684,-91.12192377097242,1248.9995377743276,1274.6939244843115,6.174953838877774,-1.3306391066182477
0.6708532310998128,1.4906390155721188,12.372208430620914,12.37220807219556,-89.83035734199994,-89.83035734047756,1289.4417356436672,1278.7054400457446,6.120971470602352,-1.331732273642355
0.6714069829565136,1.4894095911790195,12.365296007185531,12.365296434083497,-88.55838349358308,-88.55838349711891,1254.0546858328346,1258.1060711491739,6.067600071045789,-1.3328254926743965
0.6719607348132144,1.4881821930830097,12.358698207232733,12.358698237843969,-87.29997290244413,-87.29997289423234,1245.9323985211695,1244.493968567888,6.0146595720766145,-1.3339187778484702
0.6725144866699153,1.4869568162786977,12.352411532116754,12.352411745921831,-86.05653547923876,-86.0565354983103,1228.8888950396863,1229.379337551026,5.962188850974706,-1.3350121247863043
0.6730682385266161,1.485733455777167,12.346432465227656,12.346432603884555,-84.82722435568562,-84.82722431139752,1215.2165771502628,1215.054348175631,5.910169329657085,-1.3361055328279934
0.673621990383317,1.484512106605904,12.34075768385878,12.34075784784016,-83.61190479466336,-83.61190489740767,1200.8535094789615,1200.9054721563743,5.858595603305939,-1.3371990004732426
0.6741757422400179,1.483292763808733,12.335383807076214,12.335383970071936,-82.41023681984863,-82.410236583867,1187.0872864019284,1187.0712542772758,5.807460593030656,-1.3382925269375299
0.6747294940967187,1.4820754224457475,12.330307661067923,12.33030781509856,-81.22194463758919,-81.22194512441145,1173.5204411887669,1173.5254132076216,5.756756790349678,-1.3393861108776626
0.6752832459534196,1.480860077593246,12.325526009715343,12.325526178704523,-80.04671958576947,-80.04671879543189,1160.231814014612,1160.230267957601,5.7064776084900375,-1.3404797520570655
0.6758369978101204,1.479646724343663,12.321035839020244,12.32103599298985,-78.88429768911618,-78.88429862453552,1147.207353136857,1147.207971813508,5.656617367699016,-1.3415734484720137
0.6763907496668212,1.478435357805504,12.316834055060164,12.316834224382273,-77.73440935349491,-77.73440856315733,1134.471954162586,1134.470744960069,5.607168261232293,-1.342667199425012
0.6769445015235221,1.4772259731032802,12.312917769559382,12.31291792676713,-76.59678435678181,-76.59678484360407,1121.969916356412,1121.9738951649583,5.55812392525683,-1.3437610039446277
0.677498253380223,1.476018565377443,12.309284023439156,12.30928418775714,-75.47117909757986,-75.47117886159822,1109.7309922496,1109.7187977717317,5.509478736001702,-1.3448548611752613
0.6780520052369239,1.4748131297843172,12.305930064226406,12.305930234921242,-74.35729123361068,-74.35729133635495,1097.683391693963,1097.7211079500366,5.4612263541488195,-1.3459487697773211
0.6786057570936247,1.4736096614960397,12.302853073389851,12.302853214270524,-73.25498265919317,-73.25498261490507,1086.1028989311826,1085.9867170814023,5.413360011922395,-1.3470427289369933
0.6791595089503255,1.472408155700491,12.300050379122643,12.300050600483347,-72.16383507421473,-72.16383509328624,1074.0275081503592,1074.3782596870462,5.365874003500821,-1.3481367379593931
0.6797132608070264,1.4712086076012345,12.297519349408873,12.297519391168688,-71.08388572812814,-71.08388571991638,1064.3758604415077,1063.348579257971,5.31876481128732,-1.34923079558227
0.6802670126637272,1.47001101241745,12.295257375044471,12.295257797441193,-70.01433618189334,-70.01433618542916,1048.3982548051822,1051.2883557345608,5.272017438102327,-1.3503249003371105
0.6808207645204282,1.4688153653838725,12.29326200552942,12.293261668878584,-68.95644502127638,-68.95644501975399,1051.7948040438796,1044.1284823991825,5.225659083731968,-1.3514190542216198
0.681374516377129,1.467621661750727,12.291530656385882,12.291531702513783,-67.90562947843807,-67.90562947909362,1001.2783696768583,1019.7231368580608,5.179562556657724,-1.3525132452868183
0.6819282682338298,1.4664298967836673,12.290061085327268,12.290060069926026,-66.875193046685,-66.87519304640277,1096.9761113658883,1060.008375135181,5.134176257493335,-1.3536075137988122
0.6824820200905307,1.4652400657637117,12.288850732020626,12.288851213908828,-65.82283359224873,-65.82283359237026,824.037631152485,872.855136288954,5.087804618418462,-1.3547017050207733
0.6830357719472315,1.4640521639871824,12.287897533497416,12.28790361971216,-64.87617053998366,-64.87617053993135,1393.2433183238986,1404.3454712757277,5.046732548235517,-1.3557963921510288
0.6835895238039323,1.4628661867656427,12.287198985452171,12.287169441710144,-63.66481759742048,-63.664817597443054,361.4975328450618,181.83067306011554,4.9873854181873085,-1.3568893946925888
0.6841432756606333,1.4616821294258344,12.286753057476464,12.286831654043127,-63.17546734892465,-63.17546734891497,1238.7803016673995,1411.185603937229,4.989819280418564,-1.357986753496662
0.6846970275173341,1.4604999873096185,12.286560082533557,12.286429766638658,-61.17532558762422,-61.1753255876284,3918.714518725965,4036.5369923971357,4.8439803484280635,-1.3590802435786808
0.685250779374035,1.4593197557739126,12.286610620264725,12.28687796403499,-60.60254236263228,-60.60254236263052,-10242.15602324806,-10341.851870568662,4.885405838371359,-1.3601726213209904
0.6858045312307358,1.4581414301906304,12.285372914635833,12.284975215232647,-80.60424466909757,-80.60424466909838,-18794.28101186865,-18923.102863007163,5.686423923578856,-1.361266359630216
0.6863582830874366,1.4569650059466217,12.276592560973391,12.276894871269677,-95.38578387782212,-95.38578387782185,-3557.109701263719,-3632.6056768586786,6.232072384339179,-1.3623594409057285
0.6869120349441376,1.4557904784436104,12.267902102081283,12.267747305043423,-91.74618389582108,-91.74618389582125,3316.274316892861,3556.5359089377007,6.142857520935666,-1.3634552611769055
0.6874657868008384,1.4546178430981382,12.259447601679051,12.25953866785631,-91.1187371987482,-91.11873719874818,496.636725705202,489.3636439337147,6.080348450691781,-1.36454581741723
0.6880195386575393,1.4534470953415008,12.251226351828487,12.25118236552582,-90.15600703281076,-90.15600703281086,970.7312611835276,845.0981435361507,6.055884528502806,-1.3656377892959293
0.6885732905142401,1.4522782306196924,12.243235705403238,12.243253653139423,-89.17544841880417,-89.1754484188042,1040.6958962231784,1099.3694823083292,6.009871476163708,-1.3667309662825589
0.6891270423709409,1.451111244393343,12.235473029755813,12.235466262619257,-88.24568881422168,-88.24568881422172,914.388731436128,908.8807578471955,5.9714709026613555,-1.3678235167808068
0.6896807942276418,1.449946132137662,12.22793580011466,12.22793864242758,-87.30715078670389,-87.30715078670391,969.5795463485896,963.8898102206626,5.931455685442662,-1.3689162892385567
0.6902345460843426,1.44878288934238,12.220621472250595,12.22062058944867,-86.38648861825774,-86.38648861825779,929.4103699411194,933.8067854083491,5.892283596954254,-1.3700090566267882
0.6907882979410435,1.4476215115116886,12.21352758993342,12.213528167610683,-85.47336167318178,-85.47336167318181,930.9014280452903,928.7771203940181,5.8532940442230075,-1.3711018788713296
0.6913420497977444,1.446461994164184,12.20665175335069,12.206651751270293,-84.57111980017744,-84.57111980017744,916.342821423825,917.204355635086,5.8146576290029754,-1.372194738507411
0.6918958016544452,1.4453043328328097,12.199991565564597,12.199991798004959,-83.67842341658023,-83.67842341658023,907.9217613676944,907.6023368536518,5.776322201689926,-1.3732876395545845
0.6924495535111461,1.4441485230647972,12.193544718247276,12.193544854472638,-82.79544918994951,-82.79544918994954,897.5572903832489,897.6696090218785,5.738297256698688,-1.3743805804840479
0.6930033053678469,1.4429945604216114,12.187308913933242,12.187309090591672,-81.921949641237,-81.92194964123705,888.0903320054944,888.0519501533784,5.700575179529596,-1.3754735602477668
0.6935570572245477,1.4418424404788912,12.181281917000986,12.181282079451258,-81.05772938376532,-81.0577293837653,878.5544418205025,878.567328426097,5.663152025043454,-1.3765665785640153
0.6941108090812487,1.4406921588263952,12.175461534688765,12.175461701439852,-80.20267869532479,-80.2026786953248,869.2511255471966,869.2470502773007,5.62602394877961,-1.3776596346834669
0.6946645609379495,1.4395437110679443,12.169845585074878,12.169845752384617,-79.3566084824621,-79.35660848246212,860.0720564698802,860.0733285366911,5.589187082796771,-1.3787527281941439
0.6952183127946504,1.4383970928213656,12.164431973583886,12.164432140556128,-78.51933314534544,-78.51933314534548,851.0670534726141,851.0657800137367,5.552637966205384,-1.3798458582508046
0.6957720646513512,1.4372522997184376,12.159218611182288,12.159218780332624,-77.6907722194507,-77.69077221945072,842.213349263322,842.2174605395101,5.516371714660894,-1.3809390240397375
0.696325816508052,1.436109327404833,12.154203437809649,12.154203600705966,-76.87070032768158,-76.87070032768159,833.5027630368522,833.4896338882228,5.480385420285625,-1.3820322256936652
0.696879568364753,1.434968171540066,12.149384481945765,12.149384665943819,-76.05899880697147,-76.05899880697152,824.8779993317623,824.91918252125,5.444675907975056,-1.3831254616232032
0.6974333202214538,1.4338288277974347,12.14475974641174,12.144759878233561,-75.25555742644295,-75.25555742644298,816.663888471526,816.5358754226329,5.409238183691276,-1.3842187315762953
0.6979870720781546,1.4326912918639685,12.140327308713552,12.14032756508497,-74.46013270878913,-74.46013270878917,807.7793120819154,808.1681488809658,5.37406856600435,-1.385312035383874
0.6985408239348555,1.4315555594403713,12.136085277580031,12.136085255327531,-73.67277559337782,-73.67277559337785,801.4377853984616,800.2913889869591,5.339166963295203,-1.3864053723511003
0.6990945757915563,1.4304216262409717,12.132031774794871,12.132032365810373,-72.89290849080145,-72.89290849080146,787.982996641394,791.2390144962586,5.3045199313259035,-1.3874987407996233
0.6996483276482572,1.4292894879936628,12.128164983703517,12.128164280143002,-72.12176364350776,-72.12176364350779,796.0320446643601,787.267754197473,5.270158560750295,-1.3885921435811626
0.700202079504958,1.428159140439855,12.124483115018498,12.124485023046269,-71.35459146841436,-71.3545914684144,743.3371953249952,764.938684450711,5.235949652708438,-1.3896855681478637
0.7007558313616589,1.4270305793344182,12.120984372622528,12.120981427773906,-70.60659851803796,-70.60659851803796,856.6984700717877,811.4541342606092,5.202376249191892,-1.3907790591570857
0.7013095832183598,1.42590380044563,12.117667057255645,12.117671719886928,-69.82839171806846,-69.82839171806849,544.4961459900012,611.1574904946084,5.167624786629014,-1.3918724464020744
0.7018633350750606,1.424778799555123,12.114529463812811,12.114526915050792,-69.17325262885076,-69.17325262885076,1228.283572343635,1217.5535678710582,5.138427649494974,-1.3929663613415149
0.7024170869317615,1.4236555724578324,12.11156989211652,12.1115562030523,-68.18146811149104,-68.18146811149107,-72.02323241644149,-262.3475535717758,5.089187334076623,-1.3940583144065968
0.7029708387884623,1.422534114961943,12.108786738921012,12.108838694826694,-68.15038784183369,-68.15038784183372,1347.78410874574,1582.3437001937916,5.109953031203395,-1.395155698348396
0.7035245906451632,1.4214144228888372,12.106178374811218,12.106099945601082,-65.78599926710041,-65.78599926710042,3498.290715957418,3572.84710714605,4.950526264753364,-1.3962472062050142
0.7040783425018641,1.420296492073043,12.103743201418258,12.103930337866128,-67.63837453939394,-67.63837453939396,-13193.874941885748,-13307.419380176847,5.076003909978992,-1.3973390466927669
0.7046320943585649,1.4191803183621832,12.098930440852028,12.098605548065258,-89.67237727998095,-89.67237727998096,-18975.55443324303,-19106.199791324038,5.998470408653645,-1.3984315912377987
0.7051858462152658,1.4180658976169225,12.08707486232096,12.087333234616331,-102.25921570508812,-102.25921570508818,-1262.7792011735842,-1322.392599141132,6.467920637556519,-1.399523246391139
0.7057395980719666,1.416953225710918,12.075534879956336,12.075405122629606,-97.91304965130308,-97.91304965130311,3355.0343345502806,3634.979509096553,6.326707247255971,-1.4006180029322435
0.7062933499286674,1.4158422985307673,12.064316031469522,12.064395504346306,-97.26714046556388,-97.26714046556391,550.8621267556803,483.1251598811113,6.277881889107731,-1.4017059661704363
0.7068471017853684,1.4147331119759567,12.053414346947362,12.05337286049821,-95.87416940734605,-95.8741694073461,1439.1463503694854,1331.4452174830649,6.231755927113134,-1.402797223329594
0.7074008536420692,1.413625661958814,12.042825936558677,12.042844456984513,-94.64176998625058,-94.64176998625062,1207.5232790955542,1280.7873281953903,6.176931031185779,-1.403888724039648
0.70795460549877,1.4125199444044545,12.03254702694658,12.032539354297986,-93.40159350301252,-93.40159350301258,1225.0354415959623,1202.5617016645826,6.1261662428142865,-1.4049799658032847
0.7085083573554709,1.4114159552507335,12.0225739104486,12.022577362846198,-92.17840296413011,-92.17840296413017,1212.8987104433045,1217.0932151292398,6.074891382368797,-1.4060713792571091
0.7090621092121717,1.4103136904481963,12.012902931832564,12.012901702515421,-90.97046904779327,-90.97046904779333,1193.131929653571,1193.064379856662,6.024318566338688,-1.4071628477617104
0.7096158610688726,1.4092131459600277,12.003530569912773,12.00353131211897,-89.77638696082775,-89.77638696082782,1181.6903928451534,1181.3299654927594,5.974115321974802,-1.4082544002697788
0.7101696129255735,1.4081143177620037,11.994453357493802,11.994453267621669,-88.59660292756077,-88.59660292756082,1166.3751216789426,1166.591983611631,5.924360799397279,-1.409346027363773
0.7107233647822743,1.407017201842441,11.985667867224008,11.985668130793595,-87.43053615323377,-87.43053615323377,1153.0925626501148,1152.9975169158042,5.875026046086721,-1.4104377302642184
0.7112771166389752,1.40592179420215,11.977170794088462,11.977170907573582,-86.27793317529344,-86.2779331752935,1139.418510794609,1139.4549939329124,5.826110298867662,-1.4115295065710631
0.711830868495676,1.404828090854386,11.968958897156416,11.968959076277853,-85.1385462021059,-85.13854620210591,1126.2439582075774,1126.2308855814877,5.777605287892135,-1.4126213554743345
0.7123846203523769,1.4037360878247986,11.961028973809348,11.96102912270379,-84.01214023853483,-84.01214023853487,1113.25301402541,1113.257534101538,5.729505605833324,-1.4137132754592219
0.7129383722090777,1.4026457811513868,11.95337790693184,11.953378074965501,-82.89837723317034,-82.8983772331704,1100.5443515998345,1100.5433958830683,5.68180412050082,-1.4148052653712355
0.7134921240657786,1.4015571668844484,11.94600267007936,11.946002819362189,-81.7970107251547,-81.79701072515472,1088.0635249733843,1088.0613646835238,5.63449561542044,-1.4158973241182162
0.7140458759224795,1.4004702410865335,11.938900276793774,11.938900461217333,-80.70785224778894,-80.70785224778899,1075.8323711410571,1075.8418929358822,5.587573871944642,-1.4169894500232192
0.7145996277791803,1.3993849998323982,11.932067784628668,11.932067890814634,-79.63062223727304,-79.6306222372731,1063.888013029441,1063.8546815738846,5.541032348120071,-1.4180816423368043
0.7151533796358811,1.398301439208954,11.925502352669591,11.92550264242227,-78.56501703154657,-78.56501703154659,1051.971421244225,1052.0852123035338,5.494866187924118,-1.419173899751155
0.715707131492582,1.397219555315224,11.919201202131566,11.91920106997798,-77.51089822749742,-77.51089822749744,1040.9391401388311,1040.5557630896965,5.449069548259236,-1.4202662208709411
0.7162608833492828,1.3961393442622951,11.91316157091731,11.913162409131058,-76.46792937918663,-76.46792937918666,1027.9836531309957,1029.2593130893938,5.403636353773541,-1.421358604735717
0.7168146352059838,1.3950608021732704,11.907380775702542,11.907379390770565,-75.43630799909987,-75.43630799909987,1022.3099519899902,1018.1290444511627,5.358561387129696,-1.4224510501377101
0.7173683870626846,1.393983925183225,11.901856217373975,11.901859890409861,-74.41398625149299,-74.41398625149301,993.9195621094536,1007.1070947846058,5.31384053459725,-1.423543555963666
0.7179221389193854,1.3929087094391566,11.896585327784855,11.896577660117995,-73.40763575521581,-73.40763575521581,1038.3278488013077,1000.8841087574224,5.269464083248333,-1.4246361206912437
0.7184758907760863,1.3918351510999427,11.89156557077278,11.891582741392131,-72.39153452588869,-72.39153452588872,860.720237739395,945.0972180409505,5.225441546905563,-1.4257287447637006
0.7190296426327871,1.3907632463362936,11.886794501974393,11.8867596021884,-71.46063985421281,-71.46063985421283,1330.5246653099236,1243.3314564915106,5.18171477264868,-1.426821421799953
0.719583394489488,1.389692991330706,11.882269720781563,11.882329388652703,-70.25912731745046,-70.25912731745049,66.1588088220663,-56.76617378870202,5.13524115733478,-1.4279133198787002
0.7201371463461889,1.3886243822774194,11.877988867181,11.877900210824563,-70.11539411978092,-70.11539411978094,2727.608366577424,3037.1454167225784,5.120344032378327,-1.429010193480466
0.7206908982028897,1.3875574153823695,11.87394961590334,11.874134583978273,-66.06626595780251,-66.06626595780254,264.63332735107866,224.00119751956842,4.955512697152804,-1.4300989389463814
0.7212446500595906,1.3864920868631443,11.87018984060854,11.86997589216041,-76.43415576936118,-76.4341557693612,-18701.70273726269,-18837.982490596693,5.3554555691268995,-1.4311909121964657
0.7217984019162914,1.385428392948939,11.860272661403618,11.860346019026064,-99.49109569855928,-99.49109569855932,-15108.422494780878,-15225.272348588656,6.36162193773562,-1.432281949026213
0.7223521537729922,1.3843663298805111,11.84689610797435,11.846892136650183,-103.2333400787382,-103.23334007873822,3679.79021446806,3712.8173747266856,6.545951069452085,-1.4333730032334693
0.7229059056296931,1.3833058939101373,11.833914317222469,11.833927324446114,-99.444578033842,-99.44457803384202,2486.64913053869,2763.8469266747516,6.340708802043263,-1.4344658203814358
0.723459657486394,1.382247081301568,11.821322200092697,11.821329786185641,-98.73465167818873,-98.73465167818877,556.5594336967614,372.96449259253484,6.330926625479205,-1.4355512577909246
0.7240134093430949,1.3811898883299838,11.809114780036206,11.809102071988779,-96.95018067437393,-96.95018067437398,1960.346560182345,1925.0218975229752,6.253419866208174,-1.43664286107825
0.7245671611997957,1.3801343112819533,11.79728718523154,11.79729619805143,-95.55128232356218,-95.55128232356223,1231.9583533138614,1310.6303047719578,6.194827131672151,-1.437732618956599
0.7251209130564965,1.3790803464553874,11.785834659505833,11.785829911021725,-94.05378473827372,-94.05378473827378,1513.530277583917,1465.7215447168908,6.132219148876447,-1.4388229485822999
0.7256746649131974,1.3780279901594972,11.774752572633258,11.774755240595248,-92.61134601089994,-92.6113460109,1379.4476850156557,1400.9669077366184,6.071390109849613,-1.4399132854155297
0.7262284167698982,1.3769772387147512,11.764036438011663,11.76403543267395,-91.17573465783713,-91.17573465783717,1403.7642816923662,1395.3654006553863,6.010780014541649,-1.4410037765872874
0.7267821686265992,1.3759280884528315,11.753681826904842,11.753682552913855,-89.76114587388643,-89.76114587388646,1371.687580333813,1374.7244251480902,5.950792427145514,-1.4420943807111826
0.7273359204833,1.374880535716592,11.743684419385506,11.743684357543415,-88.36277299099046,-88.3627729909905,1359.5994142840043,1358.5519679572108,5.89130927908347,-1.4431851061210472
0.7278896723400008,1.373834576860015,11.7340400323906,11.734040321835533,-86.9814796339338,-86.98147963393384,1341.344501844904,1341.6939313074208,5.832349432850528,-1.4442759473415587
0.7284434241967017,1.3727902082481698,11.724744569923764,11.72474471123149,-85.61651342959956,-85.61651342959959,1325.5753695705378,1325.4613675620428,5.773896367917391,-1.4453669040078334
0.7289971760534025,1.37174742625717,11.715794042457686,11.715794237404515,-84.26763525872458,-84.26763525872464,1309.4761097185194,1309.5140152788472,5.71594468608749,-1.446457973310106
0.7295509279101033,1.370706227274132,11.707184530454024,11.707184728031487,-82.93446984037985,-82.93446984037985,1293.971691318886,1293.955691257735,5.658483909737193,-1.4475491531840652
0.7301046797668043,1.3696666076971324,11.698912213194316,11.698912351134409,-81.61661534864724,-81.61661534864727,1278.6934812705776,1278.7066291916465,5.601506235805524,-1.4486404419962855
0.7306584316235051,1.368628563935168,11.690973393450983,11.690973699275137,-80.31371560510884,-80.31371560510884,1263.849537853013,1263.8371768819097,5.545003810121342,-1.4497318376402337
0.731212183480206,1.367592092408113,11.683364444067266,11.683364344644751,-79.02544326897448,-79.02544326897453,1249.164433213024,1249.1330490008354,5.48896734166628,-1.4508233381805977
0.7317659353369068,1.3665571895466788,11.67608182400776,11.676082675789221,-77.75150792046085,-77.7515079204609,1234.9873733357629,1235.3276507277697,5.433393385618282,-1.4519149420031678
0.7323196871936076,1.3655238517923718,11.669122052856848,11.669120682068732,-76.49160483310874,-76.49160483310875,1221.6097164696605,1219.694054075429,5.378257873250461,-1.4530066459100872
0.7328734390503086,1.3644920755974543,11.662481762879963,11.662485583274902,-75.2450126720315,-75.24501267203154,1203.3963166634176,1211.963540263654,5.32361263844786,-1.4540984538667605
0.7334271909070094,1.3634618574249031,11.656157673461443,11.656149455255166,-74.01372327772646,-74.01372327772647,1212.8820952893157,1181.9252420097316,5.269231919973687,-1.4551903423166845
0.7339809427637103,1.3624331937483682,11.65014657400272,11.65016587676187,-72.78540658672512,-72.78540658672516,1104.473096898319,1188.2983942588726,5.215918853869637,-1.4562823893953252
0.7345346946204111,1.3614060810521342,11.64444533103982,11.644403756840518,-71.61756984204155,-71.61756984204158,1441.9912208171204,1335.4511374994352,5.160649944227054,-1.4573742971048598
0.7350884464771119,1.3603805158310789,11.639050853149977,11.639127239100453,-70.24661909826678,-70.24661909826682,303.1196170098777,206.07955600805468,5.110356656819844,-1.4584660158360194
0.7356421983338128,1.3593564945906342,11.633960164405105,11.633839380348181,-69.83197455608885,-69.83197455608887,3224.017451712846,3537.7352373541826,5.0733317513228045,-1.459562289277682
0.7361959501905136,1.3583340138467468,11.629170352943245,11.62941489710036,-65.38831713982418,-65.38831713982422,-786.8743311625421,-844.3638002447591,4.908728230131575,-1.4606501849737563
0.7367497020472145,1.3573130701258365,11.624697015239414,11.624396875048554,-77.8557601169455,-77.8557601169455,-19985.629020194603,-20129.129288230906,5.393868559505765,-1.4617416951634852
0.7373034539039154,1.35629365996476,11.613142976124124,11.613296420085721,-101.4359346812664,-101.43593468126643,-14483.17975350695,-14600.082360392218,6.434433913878774,-1.4628317624565257
0.7378572057606162,1.355275779910769,11.598713193822634,11.59865910682115,-103.82812077414216,-103.82812077414218,4092.139626297095,4152.034474220794,6.585121533498162,-1.4639220507081037
0.7384109576173171,1.3542594265214736,11.584631421683666,11.584671078463641,-100.47442307887674,-100.47442307887678,2133.6127051284584,2397.8890134087615,6.383049115109917,-1.465013455778098
0.7389647094740179,1.3532445963648012,11.570893121875915,11.570887090193935,-99.90087005091276,-99.90087005091286,423.0557664180417,226.07615249415986,6.385189248013791,-1.4660975637669533
0.7395184613307187,1.3522312860189596,11.55749385539044,11.557487224212164,-98.28163499672968,-98.28163499672968,1823.284814252405,1801.562836605773,6.31202050112743,-1.4671881775201427
0.7400722131874197,1.3512194920723972,11.544429281972691,11.544435918284055,-97.05031520022276,-97.05031520022276,1069.7623309551886,1144.9627351691822,6.26075727108061,-1.4682766422271154
0.7406259650441205,1.3502092111237662,11.531695161206958,11.531691393521227,-95.71376548628768,-95.7137654862877,1372.281891034384,1323.612159859792,6.204500030913282,-1.4693657548413008
0.7411797169008214,1.3492004397818833,11.519287332614953,11.519289662058403,-94.43247847770331,-94.43247847770336,1230.9880267786434,1253.6453086638176,6.150202536287196,-1.470454824292338
0.7417334687575222,1.3481931746656923,11.507201745630963,11.507200925018667,-93.15532828878104,-93.1553282887811,1261.0346260656286,1252.0008415069426,6.095998091856858,-1.4715440329717788
0.742287220614223,1.347187412404226,11.495434437112058,11.495435133949192,-91.89760685687116,-91.89760685687119,1229.3426253861537,1232.6493115549097,6.042375126870304,-1.4726333296818064
0.742840972470924,1.3461831496365686,11.483981534230551,11.483981541597785,-90.65424352343264,-90.65424352343267,1219.5436255965333,1218.4124757289128,5.989192987743796,-1.4737227257722922
0.7433947243276248,1.3451803830118192,11.472839245725805,11.47283953345391,-89.4263341315161,-89.42633413151611,1202.8924533893676,1203.208258146137,5.9364800062717995,-1.4748122160924357
0.7439484761843257,1.3441791091890525,11.462003864865874,11.46200410456166,-88.21312963689448,-88.21312963689451,1188.515399692666,1188.6079942502554,5.884219346057203,-1.4759017995141177
0.7445022280410265,1.3431793248372843,11.451471761300944,11.451471852761552,-87.01450521886198,-87.01450521886204,1175.0342665641674,1174.422494949286,5.832406732145542,-1.4769914739490795
0.7450559798977273,1.3421810266354328,11.441239385940609,11.441239928955708,-85.82986983247733,-85.82986983247736,1157.9628330530666,1159.82445437302,5.781029114653302,-1.4780812377789605
0.7456097317544282,1.3411842112722812,11.431303274290086,11.431302801471277,-84.65974847049266,-84.6597484704927,1153.256892833978,1148.1320287275512,5.730100495218948,-1.4791710910255222
0.746163483611129,1.3401888754464435,11.421660045016395,11.42166171411923,-83.5011034783184,-83.50110347831844,1113.941523397198,1126.9089718275413,5.679539584601762,-1.480261024279875
0.7467172354678299,1.3391950158663266,11.412306375277051,11.412303755794703,-82.3627371908008,-82.36273719080084,1171.245384047971,1142.929159578447,5.629613298688105,-1.48135106357192
0.7472709873245308,1.338202629250093,11.403239020540534,11.40324423808957,-81.21485869666269,-81.2148586966627,977.4561671557208,1022.7820842725723,5.579296378442537,-1.4824411055932571
0.7478247391812316,1.3372117123256269,11.394454808433393,11.394448037106097,-80.1511512455048,-80.15115124550485,1386.8007287067944,1369.3223927182696,5.532374782903141,-1.4835315273316436
0.7483784910379325,1.3362222618304962,11.385950626664531,11.385953854200032,-78.88062595386839,-78.88062595386842,542.1670409135376,431.6348578313259,5.474079609283228,-1.4846207378163148
0.7489322428946333,1.335234274511919,11.37772343853059,11.37773325317419,-78.26629518361005,-78.26629518361011,1607.7662819634058,1767.3351306845789,5.4590159409323435,-1.4857138555820644
0.7494859947513342,1.334247747126725,11.36977027084818,11.369764840754604,-75.90713197250282,-75.90713197250282,2386.3679903862794,2410.708438469705,5.325229131997906,-1.4868024067934706
0.7500397466080351,1.3332626764413222,11.362091890849698,11.362139296921091,-77.70174634688581,-77.70174634688583,-8328.411532294234,-8399.390905108434,5.418969546166528,-1.4878919227898018
0.7505934984647359,1.3322790592316616,11.352547004455149,11.352420208191877,-90.62414138247776,-90.62414138247777,-10509.486886272183,-10584.489090653018,6.009514203487515,-1.4889815504622048
0.7511472503214368,1.3312968922832005,11.339492942835294,11.339600627405439,-96.44786188679817,-96.44786188679824,360.5884102450586,334.52774182287055,6.246779728853573,-1.4900706314223775
0.7517010021781376,1.3303161723908683,11.326642156472875,11.326590526319812,-93.8397341281444,-93.83973412814446,1947.2841043689969,2120.927649784877,6.13921819659881,-1.4911617653662859
0.7522547540348384,1.329336896359033,11.314005665612658,11.314040419624886,-93.39586073227564,-93.39586073227568,401.3853201669933,337.5065416627128,6.116186053451527,-1.492247948736547
0.7528085058915394,1.3283590610014635,11.301580926804377,11.301561169956566,-92.40865654985824,-92.40865654985829,1072.3392596788772,1020.3248235021185,6.0782144661798885,-1.4933370753507431
0.7533622577482402,1.327382663141298,11.289365440310236,11.289375189971178,-91.57366471808848,-91.57366471808852,814.6434999910505,861.548049359182,6.041132106565748,-1.4944258408110032
0.753916009604941,1.3264076996110077,11.27735672987686,11.277352623364335,-90.712184425934,-90.71218442593404,886.6565057434933,866.8913236785413,6.004735087457426,-1.4955146177695788
0.7544697614616419,1.3254341672523626,11.265552390371944,11.265554533166982,-89.86976819166955,-89.86976819166959,851.3199175132063,857.8999688160632,5.96853124857182,-1.4966034547876133
0.7550235133183427,1.3244620629163997,11.253950041893315,11.253949427507601,-89.03457388245084,-89.03457388245084,849.4651319851456,847.5075343026238,5.932647272058788,-1.497692337690169
0.7555772651750436,1.3234913834633857,11.242547353828076,11.242547935787742,-88.2094044426267,-88.20940444262675,837.8103754426684,838.3665699031906,5.897043979248763,-1.498781269185878
0.7561310170317445,1.322522125762786,11.231342035343348,11.231342118143486,-87.39334592920063,-87.39334592920068,829.1891383513984,829.0414165243074,5.861727373648734,-1.499870247814045
0.7566847688884453,1.3215542866932288,11.220331836989596,11.220332095579689,-86.58644046984085,-86.58644046984088,819.9564350881061,819.9695007512614,5.826691178789238,-1.5009592726500651
0.7572385207451462,1.3205878631424732,11.209514543337455,11.20951482258603,-85.78847396346426,-85.78847396346428,810.92519308916,811.0127109247361,5.791931932618774,-1.5020483432142253
0.757792272601847,1.3196228520073756,11.198887981425544,11.198888031998901,-84.99934062627167,-84.99934062627169,802.5452732345591,802.2272523901887,5.7574466835046945,-1.5031374587079194
0.7583460244585479,1.3186592501938554,11.18845001599981,11.18845067124258,-84.21877455913136,-84.21877455913139,792.4658942247777,793.4887480164106,5.723231061680905,-1.5042266181378017
0.7588997763152487,1.3176970546168638,11.17819855194092,11.178197801892233,-83.44702960257713,-83.44702960257716,788.473148283153,785.2715883566693,5.6892842185836745,-1.5053158210936244
0.7594535281719496,1.316736262200349,11.16813152482518,11.168133957916451,-82.68253305423585,-82.68253305423588,766.0219798617792,775.6363257412653,5.655591989758074,-1.5064050659112092
0.7600072800286505,1.3157768698772232,11.15824690587514,11.158242278534065,-81.93033794816427,-81.93033794816431,800.3876320496892,774.3662603891673,5.622191346893196,-1.50749435584806
0.7605610318853513,1.314818874589334,11.148542711382522,11.148553304693005,-81.17153232555395,-81.17153232555397,667.9675301965694,723.8768895462026,5.588930140711875,-1.5085836748577237
0.7611147837420521,1.3138622732874257,11.139016976014467,11.138996379269276,-80.47368206687929,-80.47368206687933,1002.3661771282406,948.5805717624818,5.556357719126101,-1.509673078863265
0.761668535598753,1.312907062931112,11.129667777235277,11.129701778611938,-79.5929289312819,-79.59292893128192,140.43842335021938,53.534657859260484,5.520324313779545,-1.5107617766252412
0.7622222874554538,1.3119532404888417,11.120493225920498,11.120445861475293,-79.40573024690637,-79.40573024690643,1849.3908431570928,2054.17979716222,5.510422009523437,-1.5118543295223579
0.7627760393121548,1.311000802937866,11.111491461410052,11.11159388714479,-76.76258853388052,-76.76258853388056,514.189490667581,490.58220819662665,5.389493074101084,-1.5129407929955223
0.7633297911688556,1.310049747264208,11.102650837698864,11.102536912556134,-83.01818166223116,-83.01818166223121,-11977.148901030225,-12066.930550918554,5.6531355880954495,-1.514029614450213
0.7638835430255564,1.309100070462631,11.090032162843164,11.090055576730107,-97.98680725467554,-97.98680725467557,-9950.933953496306,-10027.559487020493,6.3579040285041,-1.5151175211956076
0.7644372948822573,1.3081517695366045,11.074985531258394,11.074999061158454,-100.6422093670102,-100.64220936701022,2551.6614527286724,2568.3028653153183,6.490758823712321,-1.5162051322560226
0.7649910467389581,1.307204841498276,11.060264788695168,11.060265165940969,-97.80348085182318,-97.80348085182317,1940.926127252332,2126.478174673788,6.336765543479459,-1.5172942626391452
0.765544798595659,1.306259283368437,11.04586178736134,11.045871090903459,-97.1005271246541,-97.10052712465416,613.2280124291846,495.0466581405206,6.319647603892638,-1.5183778026934056
0.7660985504523599,1.305315092176493,11.031772411358132,11.031762289022039,-95.67698235966364,-95.67698235966373,1536.8436900796073,1510.3412274372247,6.256358695313276,-1.519465945063653
0.7666523023090607,1.304372264960433,11.017992637170735,11.017999461279569,-94.51160017477166,-94.5116001747717,1060.5113843845782,1113.2351315514009,6.205795743389514,-1.5205527856864784
0.7672060541657616,1.3034307987667957,11.004518525688542,11.004515219967407,-93.284947324963,-93.28494732496306,1238.4330132782509,1207.1283424592248,6.152686864697138,-1.5216400541370831
0.7677598060224624,1.302490690650642,10.99134622684462,10.991348224909,-92.09726618237026,-92.09726618237032,1149.4698676275448,1163.3663065269068,6.1008465048021625,-1.5227273564188355
0.7683135578791632,1.3015519376755231,10.978471968066303,10.978471400238668,-90.917296280795,-90.91729628079504,1161.6073355605956,1156.2469459087831,6.049246981871314,-1.5238147952239716
0.7688673097358641,1.3006145369134483,10.965892063353849,10.965892648306856,-89.75408099356589,-89.75408099356595,1138.0656714813867,1139.9473428188098,5.998153667673897,-1.5249023404054463
0.769421061592565,1.2996784854448584,10.953602903593174,10.953603071945155,-88.60451295505462,-88.60451295505462,1126.9351584016636,1126.4298781603916,5.947486148182051,-1.5259899972781454
0.7699748134492659,1.2987437803585904,10.941600957432849,10.941601069586007,-87.46917775193614,-87.46917775193617,1112.8727953938485,1112.6020106373633,5.897257602744272,-1.5270777622126896
0.7705285653059667,1.2978104187518515,10.929882763829136,10.929883458959349,-86.34736632036612,-86.34736632036616,1097.4700282316253,1098.894202335432,5.84745405697976,-1.5281656334079745
0.7710823171626675,1.2968783977301868,10.918444948691445,10.918444137002906,-85.23947238820381,-85.23947238820382,1091.0382812259468,1086.6344263465735,5.798079507710851,-1.5292536094649942
0.7716360690193684,1.2959477144074505,10.907284200483636,10.907286822782138,-84.14306719224778,-84.14306719224783,1057.5329358700333,1069.9860341303965,5.749091043071899,-1.5303416850620177
0.7721898208760692,1.2950183659057746,10.896397271555792,10.896392401446711,-83.06537570532295,-83.06537570532294,1104.5183499436002,1073.1004653033783,5.700615200536397,-1.5314298719308235
0.7727435727327702,1.2940903493555418,10.885780997219705,10.885791829901931,-81.98018145206937,-81.98018145206939,926.4311778630534,988.7589068365321,5.652152793920535,-1.5325181173769857
0.773297324589471,1.2931636618953537,10.87543226872988,10.875412232479105,-80.97652354588443,-80.97652354588446,1344.5433787537895,1292.714714228293,5.605530940364983,-1.533606608866336
0.7738510764461718,1.2922383006720013,10.86534804621414,10.865378715130925,-79.74891315137683,-79.74891315137684,333.90925873008484,225.75208517296633,5.551923937850632,-1.5346940753601181
0.7744048283028727,1.291314262840438,10.85552535432626,10.855486630801632,-79.33270992757339,-79.33270992757342,2130.223390858103,2356.3330584021055,5.536047593103054,-1.5357863507185259
0.7749585801595735,1.2903915455637482,10.845961285391777,10.846049289628299,-76.2459448406674,-76.24594484066743,1246.866613122306,1230.3917043602662,5.383077111967837,-1.536871622230697
0.7755123320162743,1.2894701460131195,10.83665221247562,10.836565007437946,-82.06791189094474,-82.06791189094476,-12678.398572222197,-12776.761841165719,5.639728868215246,-1.5379595024174506
0.7760660838729753,1.2885500613678122,10.8235759631908,10.823562618345406,-98.52583951726842,-98.52583951726847,-11381.988901866218,-11468.318188297855,6.435825318419162,-1.5390462583485838
0.7766198357296761,1.2876312888151331,10.807500231379915,10.807541099529809,-102.10737522927484,-102.10737522927484,2651.616705083304,2658.4853437549436,6.607348048916544,-1.5401323016901092
0.777173587586377,1.2867138255504051,10.791851326291813,10.791837777740643,-98.63221369529428,-98.63221369529434,2412.693342448687,2624.776360472314,6.42531733617984,-1.5412205166338762
0.7777273394430778,1.2857976687769384,10.776609618277998,10.776627149560776,-97.6845992549661,-97.68459925496613,823.0223420745433,699.1434780115878,6.394946872058746,-1.5423021320850152
0.7782810912997786,1.2848828157060026,10.761769582087949,10.761755193409297,-95.93110070270085,-95.93110070270086,1837.409713119084,1800.7817645533326,6.3164976608648065,-1.5433890266733423
0.7788348431564796,1.283969263556799,10.747325834512653,10.74733461713783,-94.46172327796477,-94.46172327796481,1327.3610159262291,1387.307423718791,6.250758507294634,-1.5444746266802136
0.7793885950131804,1.2830570095564318,10.733273120859286,10.733268980301853,-92.9313515584374,-92.93135155843743,1508.1785518771228,1474.3253734172945,6.18278626340888,-1.5455607247893985
0.7799423468698813,1.2821460509398794,10.71960632611037,10.71960870990792,-91.44573186686254,-91.44573186686264,1413.1193714029398,1427.633028994095,6.116196427097613,-1.5466469393769657
0.7804960987265821,1.2812363849499688,10.706320462137723,10.706319747201618,-89.9722130642609,-89.97221306426098,1420.9237295468138,1415.6164196009593,6.0500079637246795,-1.5477333677070235
0.7810498505832829,1.2803280088373443,10.693410654960712,10.69341134310531,-88.51998881973044,-88.51998881973047,1394.096311932676,1395.4359618597503,5.984470448821364,-1.5488199798117261
0.7816036024399838,1.279420919860443,10.680872164850165,10.680872265208384,-87.08553844832015,-87.0855384483202,1376.1599925233031,1377.1980731695176,5.919498023932798,-1.549906778527238
0.7821573542966846,1.278515115285465,10.66870036505426,10.668700685270593,-85.66999361661603,-85.66999361661605,1365.978512106935,1361.7842297004638,5.855122254309703,-1.550993760807814
0.7827111061533856,1.2776105923863472,10.65689074448476,10.656890885514661,-84.27026062451588,-84.27026062451594,1325.6087868597017,1335.7377733889507,5.791237323000301,-1.5520809146543713
0.7832648580100864,1.276707348444736,10.64543889641457,10.645439871729836,-82.89369654005844,-82.89369654005847,1369.8559592586691,1351.1421005156064,5.728171036862897,-1.5531682718297188
0.7838186098667872,1.275805380749959,10.634340541903285,10.634337784455155,-81.51603566256162,-81.51603566256163,1206.1999727463365,1224.2210468442206,5.66466204593167,-1.5542556979527542
0.7843723617234881,1.2749046865989986,10.623591488157832,10.623602497139778,-80.20737895833562,-80.20737895833564,1498.3258795803572,1531.7537723991793,5.605354372154654,-1.5553436774067562
0.7849261135801889,1.2740052632964656,10.613187659548233,10.613154820926203,-78.77263107302026,-78.7726310730203,1002.9660442065216,866.9746040483,5.532925123640312,-1.5564303919568883
0.7854798654368897,1.2731071081545706,10.603125075452075,10.603200474490006,-77.68498214180201,-77.68498214180202,1123.5849983529215,1193.4782763600465,5.504325153165048,-1.5575204623179992
0.7860336172935907,1.272210218493099,10.593399850862754,10.593273705080449,-76.11330487072455,-76.11330487072456,3630.854590444312,3792.0552977361053,5.381355129922775,-1.5586092756025247
0.7865873691502915,1.2713145916393838,10.584008208734415,10.584259357398475,-73.69007000026882,-73.69007000026883,-5466.313835557608,-5545.680093656999,5.3309925912776475,-1.5596945369342947
0.7871411210069924,1.2704202249282777,10.574277251729816,10.57392882835753,-88.24619571343992,-88.24619571343992,-15893.309661300042,-16004.798864703851,5.988951718655489,-1.5607817699275348
0.7876948728636932,1.2695271157021295,10.558138018746575,10.558388254590339,-102.80635217747998,-102.80635217748004,-5439.752014232563,-5514.134918098517,6.651043248789493,-1.5618666423923808
0.788248624720394,1.2686352613107543,10.54165126444997,10.541525209237912,-100.36305108199522,-100.36305108199524,3689.983698263703,3842.847353997782,6.604353343958124,-1.5629534274211332
0.788802376577095,1.267744659111411,10.525506322982974,10.525581196797553,-98.7389981409872,-98.73899814098725,1179.1147859854475,1251.879890828902,6.481983637188864,-1.5640368393502482
0.7893561284337958,1.2668553064687724,10.50969853611637,10.509666236083369,-97.64828177393665,-97.64828177393667,1002.7405858641808,869.9038829431241,6.4562222066018435,-1.5651188378284586
0.7899098802904967,1.2659672007549023,10.494223348050449,10.494234135431949,-96.2438049756294,-96.24380497562946,1471.7713345959469,1502.316392945329,6.387685406945384,-1.5662042159039935
0.7904636321471975,1.265080339349228,10.479076296942209,10.479073618508574,-94.9968929964856,-94.99689299648567,1146.7432205060968,1165.755366678558,6.333213231228078,-1.5672883137002354
0.7910173840038983,1.2641947196385153,10.464253035833517,10.464254021877663,-93.71582499162916,-93.71582499162919,1276.1512499218113,1257.2869033133884,6.275651805678859,-1.5683729383911893
0.7915711358605992,1.2633103390168416,10.44974930613625,10.449749407727769,-92.46871879881616,-92.4687187988162,1199.580389602807,1209.7728010101896,6.219568735602201,-1.569457603329308
0.7921248877173,1.2624271948855723,10.435560946863315,10.435561414857517,-91.23233662131676,-91.23233662131682,1207.2299398220189,1202.725805048579,6.163736345005426,-1.5705424355820603
0.7926786395740009,1.2615452846533337,10.421683887892156,10.421683682011984,-90.0135352873127,-90.01353528731275,1182.125298483098,1183.8281910963954,6.108461131891667,-1.5716273967237964
0.7932323914307018,1.2606646057359874,10.408114153320586,10.408115656422085,-88.81006666256964,-88.81006666256965,1172.389761209145,1173.363240128217,6.053692227368288,-1.572712497798038
0.7937861432874026,1.2597851555566075,10.39484785624406,10.394845176721525,-87.62146420551112,-87.62146420551115,1154.2629682904062,1145.513553680035,5.999279019354707,-1.5737977162465229
0.7943398951441035,1.2589069315454526,10.381881192743922,10.381888481381937,-86.447927774954,-86.44792777495404,1129.3149675772238,1158.9165352498014,5.945823617468248,-1.5748831154656355
0.7948936470008043,1.258029931139943,10.369210442059993,10.369194761858502,-85.29527298077302,-85.29527298077306,1197.7532155093238,1154.0266790874425,5.891028538100149,-1.5759684495104165
0.7954473988575052,1.2571541517846336,10.356831969546144,10.356862381772276,-84.1079508694065,-84.1079508694065,824.3218255678732,796.8334859731777,5.8413179302098595,-1.5770540145287466
0.7960011507142061,1.2562795909311908,10.344742216621878,10.34469403640903,-83.2120982338296,-83.2120982338296,1937.3439874280464,2050.6372701438613,5.790352539956048,-1.5781413823674535
0.7965549025709069,1.2554062460383677,10.33293770433062,10.33303571730104,-80.9439759651073,-80.9439759651073,15.07250446544731,-9.527060680690406,5.697607389757505,-1.5792252523925265
0.7971086544276078,1.2545341145719784,10.32137734956249,10.32125465408858,-85.36230240443157,-85.3623024044316,-6967.641863960226,-7020.4302973931,5.89248480354782,-1.5803107839704145
0.7976624062843086,1.253663194004874,10.307223611787904,10.307293294001136,-93.43936901678724,-93.4393690167873,-4590.297499325581,-4633.0718257789495,6.295078858065698,-1.5813955984796353
0.7982161581410094,1.2527934818169195,10.29224932623552,10.292220877148312,-93.649844398554,-93.64984439855405,1905.170852223817,1933.9840705015329,6.330833071808736,-1.5824806433235545
0.7987699099977104,1.2519249754949664,10.27747031153116,10.277489681788145,-92.20948354244138,-92.20948354244146,1036.014538250241,1126.0270968542072,6.238630857909241,-1.583565920990894
0.7993236618544112,1.251057672532832,10.262882051065604,10.262877424486526,-91.69321770513436,-91.69321770513442,484.6955824586141,412.04247847166243,6.228348511423308,-1.584648216364374
0.799877413711112,1.2501915704312727,10.248482240681415,10.248481347724667,-90.8171971868873,-90.8171971868873,970.0605811338148,965.7185745027389,6.186878103276875,-1.5857333250210757
0.8004311655678129,1.2493266666979617,10.23426860773484,10.234270655116939,-90.0819247596876,-90.08192475968762,697.4024867367827,722.9076214831549,6.154799015562517,-1.5868174680876541
0.8009849174245137,1.248462958847464,10.2202389314919,10.220238073485689,-89.31151430834743,-89.31151430834745,804.4522752977609,787.2703645969048,6.12062100906095,-1.5879019143848982
0.8015386692812146,1.2476004444012123,10.206391018149828,10.206391852651103,-88.56395361537984,-88.56395361537989,750.2010457139656,758.2337534293767,6.087347055590787,-1.5889863416631678
0.8020924211379155,1.246739120887486,10.192722719627014,10.192722987422291,-87.82055461374517,-87.82055461374522,758.0199988461743,755.2393297928938,6.054171724344877,-1.5900708351534507
0.8026461729946163,1.2458789858413832,10.179231914537857,10.179231671784544,-87.08708974162742,-87.08708974162742,745.855468786057,745.2914937443064,6.021303758165688,-1.5911553707010895
0.8031999248513172,1.2450200368048006,10.16591652589275,10.165918354117263,-86.3609718390052,-86.36097183900523,732.5037859016642,737.9274191089187,5.988689050199652,-1.5922399549377577
0.803753676708018,1.244162271326409,10.152774507693042,10.152771244437377,-85.6452894534692,-85.64528945346922,747.0215276961462,729.9730856124099,5.956316534182697,-1.593324582686988
0.8043074285647189,1.24330568696163,10.139803850034747,10.139812008463563,-84.92939917773188,-84.92939917773191,666.3760473236102,706.3047989450598,5.924266871071203,-1.5944092628924815
0.8048611804214197,1.2424502812726126,10.127002570856783,10.126986511304358,-84.2530047635151,-84.25300476351516,874.58502467351,831.4614612421435,5.892207764823451,-1.5954939597941724
0.8054149322781206,1.2415960518282103,10.114368726900336,10.114396874677988,-83.46320593215114,-83.46320593215117,283.72883070087767,227.7624409183454,5.859470640297976,-1.5965782489241909
0.8059686841348215,1.2407429962039582,10.101900407923106,10.101859595421784,-83.145759022448,-83.14575902244803,1565.9219701363504,1714.3909337668479,5.842407038965752,-1.5976655628436467
0.8065224359915223,1.2398911119820497,10.089595727848131,10.089682239074225,-81.05566389916328,-81.05566389916329,249.6431643476742,227.0894032257053,5.744577627882103,-1.5987478150597862
0.8070761878482231,1.2390403967513135,10.07743548327702,10.077334088064728,-85.880670222863,-85.88067022286306,-8677.002091860131,-8743.435488203113,5.9684370948908665,-1.599832143355413
0.807629939704924,1.2381908481071917,10.0624136929622,10.062449832943386,-96.41757593766292,-96.41757593766295,-6630.7629312508125,-6684.402540363625,6.516650417514841,-1.600915258894038
0.8081836915616248,1.2373424636517167,10.04588777093601,10.045885594199714,-97.60613571107142,-97.60613571107145,2312.328724834208,2331.1772138428096,6.593713010523839,-1.6019979836797351
0.8087374434183258,1.236495240993488,10.029681102424789,10.02968800000692,-95.3031705926613,-95.30317059266136,1649.639740982465,1779.1469196881071,6.457810144140221,-1.6030818700256113
0.8092911952750266,1.2356491777476506,10.013786621144028,10.01379009019366,-94.47273485290286,-94.47273485290292,748.8953347096027,660.3510177011115,6.432397375810635,-1.6041612740955065
0.8098449471317274,1.234804271535873,9.998200106206363,9.998194416160025,-93.1329952885716,-93.13299528857164,1409.2434209938767,1393.8152261807793,6.368396397299887,-1.6052446448933195
0.8103986989884283,1.2339605199863222,9.982917425912753,9.982921969339358,-91.98617781876108,-91.98617781876112,1053.3837999043585,1090.562427005074,6.315523765201325,-1.6063269141512584
0.8109524508451291,1.2331179207336462,9.967934539005116,9.96793235802219,-90.79818225876744,-90.79818225876747,1183.3265497893844,1160.1674676244788,6.260479610468994,-1.6074096339449864
0.81150620270183,1.2322764714189471,9.953247502702505,9.953249377657505,-89.64327904812434,-89.6432790481244,1110.9144550293804,1122.2811389976073,6.206636895120625,-1.6084924342621514
0.8120599545585309,1.2314361696897629,9.938852446233897,9.938851351234222,-88.49833863475577,-88.49833863475583,1121.313313292003,1114.1772713045066,6.153089556170193,-1.6095754110424403
0.8126137064152317,1.230597013200042,9.92474559090107,9.92474806306685,-87.3686423361671,-87.36864233616714,1085.9258063082652,1096.3142441115067,6.100051235308176,-1.6106585328858622
0.8131674582719326,1.229758999610125,9.91092323653043,9.910919313672787,-86.25695530044287,-86.25695530044287,1115.5703446004954,1091.8265348796033,6.047525179270075,-1.6117418120998441
0.8137212101286334,1.2289221265867207,9.897381765021606,9.897390815231253,-85.1452917567897,-85.14529175678975,984.04334807815,1032.12030788873,5.995240041188759,-1.612825213496065
0.8142749619853342,1.2280863918028844,9.884117638928776,9.884100840929177,-84.0975067680091,-84.09750676800911,1283.0449873112934,1240.0423892480635,5.944229572462551,-1.613908848488484
0.8148287138420351,1.2272517929379974,9.871127393025374,9.871154709414304,-82.88798421677646,-82.88798421677647,519.9822780952757,441.11590891396474,5.888746625643538,-1.6149917417850361
0.815382465698736,1.226418327677745,9.858407640015292,9.858370889842448,-82.30321893257526,-82.30321893257526,1937.6736512435184,2112.962852213128,5.862004376629769,-1.6160788391594048
0.8159362175554369,1.225585993714095,9.845955058497088,9.846035600909868,-79.60754199109752,-79.60754199109755,1016.5425171505694,999.4033995740441,5.723797237422746,-1.6171597398581024
0.8164899694121377,1.2247547887452763,9.833781042896131,9.833695578800505,-84.18710256275267,-84.1871025627527,-9648.547122717528,-9725.73746503928,5.944636083140982,-1.6182431293392225
0.8170437212688385,1.2239247104757591,9.818613385617148,9.818620788023381,-96.53244744165464,-96.53244744165467,-8204.614900117038,-8269.3304452243,6.603742124603679,-1.6193249966340206
0.8175974731255394,1.2230957566162306,9.80138527454786,9.8014060250561,-98.53588242665565,-98.53588242665568,2557.405771598464,2567.4270914017684,6.718792681550158,-1.6204059620430937
0.8181512249822402,1.2222679248835775,9.784597617113928,9.784593014187562,-95.51073083746525,-95.51073083746526,2182.0600336676557,2342.482651072484,6.545902034913014,-1.6214888907661311
0.8187049768389412,1.2214412130008634,9.76822905200684,9.76823973974371,-94.38692981726642,-94.38692981726649,997.7092133970692,899.4102586157176,6.503977733391169,-1.6225661302302736
0.819258728695642,1.2206156186973067,9.752273608481712,9.75226400035145,-92.64994879237874,-92.64994879237882,1776.0666288753653,1750.9309184852268,6.41940318841077,-1.623648255540134
0.8198124805523428,1.2197911397082626,9.73672545838566,9.736731693000937,-91.14117132768054,-91.14117132768055,1369.3800509711712,1414.3913551412995,6.346653741634502,-1.6247292684515677
0.8203662324090437,1.2189677737751996,9.72157893227166,9.721576463586409,-89.58958552260704,-89.58958552260708,1505.7528455794106,1481.0985215800667,6.271919926594511,-1.625810865960404
0.8209199842657445,1.218145518645681,9.706828503779011,9.706829521438033,-88.07966241361645,-88.07966241361648,1432.948401994656,1439.463936267162,6.198614835705958,-1.6268926712344434
0.8214737361224455,1.2173243720733442,9.69246879281152,9.692470310092753,-86.5824999826725,-86.58249998267256,1410.1042457957203,1418.9691478312352,6.125743044359853,-1.6279747708295382
0.8220274879791463,1.216504331817878,9.678494560066571,9.678491288889816,-85.11418637664691,-85.11418637664693,1452.240940868176,1423.1317848418864,6.0538026085496615,-1.6290571621229712
0.8225812398358471,1.2156853956450044,9.66490070169731,9.664908498380894,-83.6424140855964,-83.64241408559644,1253.5718509691478,1306.9388992066768,5.981718190799978,-1.630139737518194
0.823134991692548,1.214867561326458,9.651682264226682,9.651669692131772,-82.26387958129844,-82.26387958129848,1676.7583349944684,1644.8131913092482,5.913205338629106,-1.6312228975536638
0.8236887435492488,1.2140508266399654,9.638834401621068,9.638849723150534,-80.66768896404318,-80.66768896404318,726.8130585261366,613.8023105251793,5.833069668477916,-1.632304708078218
0.8242424954059496,1.2132351893692253,9.626352400657126,9.626341246163944,-79.826577786069,-79.82657778606902,2122.6841016081166,2315.2000610542873,5.802761734306836,-1.6333922026070353
0.8247962472626506,1.2124206473038874,9.61423166435365,9.61426745659255,-76.79096677106713,-76.79096677106719,2247.8123941281224,2253.6502125634565,5.6212781887671435,-1.6344726392172853
0.8253499991193514,1.211607198239535,9.602470371104712,9.60245833955152,-80.02732716584356,-80.02732716584359,-10049.72401401087,-10133.57516652595,5.795291970441837,-1.63555552167321
0.8259037509760523,1.210794839977662,9.588088293508005,9.588012598778194,-94.3041177081427,-94.30411770814273,-10779.981236869557,-10858.98085886184,6.57832265961158,-1.6366368928781252
0.8264575028327531,1.2099835703256554,9.57049063910047,9.570567594538918,-98.9578018314656,-98.95780183146563,1538.1323552751296,1524.7132844032178,6.814260017172324,-1.6377163435546795
0.8270112546894539,1.2091733870967742,9.553229365132273,9.553195415603707,-95.84616312915276,-95.84616312915277,2225.207385988075,2417.7967864035736,6.6480391364759495,-1.6387986424137506
0.8275650065461548,1.2083642881101306,9.536300739697957,9.53632765815187,-95.08923331674576,-95.08923331674579,654.6534121741441,562.8357416646592,6.6172284625443,-1.6398737654232962
0.8281187584028556,1.2075562711906704,9.51970005580531,9.519682825975064,-93.6576895117536,-93.65768951175363,1494.6226198206798,1450.0292354347368,6.550498684664626,-1.6409539936797253
0.8286725102595566,1.2067493341691524,9.503422713100663,9.503432210398394,-92.44739422594262,-92.44739422594267,1111.3594649141728,1163.5319005591032,6.491533104410109,-1.642033257838042
0.8292262621162574,1.2059434748821307,9.487464214389496,9.487460083021556,-91.19472451547142,-91.1947245154715,1229.0256015169657,1205.2214682995163,6.431702510887647,-1.6431128692473402
0.8297800139729582,1.2051386911719342,9.471820174690889,9.471822868118668,-89.97788718315128,-89.9778871831513,1180.2679731090675,1185.5009089037185,6.372890754669468,-1.6441926401430325
0.8303337658296591,1.2043349808866468,9.456486308892588,9.456484625204068,-88.76733689911696,-88.76733689911701,1138.154814123018,1138.7867860115389,6.314180555448628,-1.6452725711669558
0.8308875176863599,1.2035323418800907,9.44145841623316,9.441462877645106,-87.59010165861497,-87.59010165861501,1206.315024352677,1220.4176663437725,6.257300806199779,-1.6463528233294247
0.8314412695430607,1.202730772011804,9.426732400189744,9.426721607774567,-86.38646306412518,-86.38646306412521,1060.2334590013943,1015.6736405905467,6.196216260296884,-1.6474327317591821
0.8319950213997617,1.2019302691470246,9.412304250632358,9.41232895134948,-85.2934206394321,-85.29342063943213,1048.6763901498953,1065.938070608378,6.150502214907483,-1.64851394427662
0.8325487732564625,1.201130831156669,9.398170044544791,9.39813007233256,-84.0879297965373,-84.08792979653732,1886.306762148541,1944.6992196140354,6.073751324654407,-1.6495950370517296
0.8331025251131634,1.200332455917315,9.384325963825397,9.384407145910131,-82.5357180220971,-82.5357180220971,-974.5651107097984,-999.7444138046634,6.0165365771780435,-1.6506745948130417
0.8336562769698642,1.199535141311182,9.370553460402968,9.370442912226196,-86.6063231214005,-86.60632312140052,-4796.008865240447,-4832.528157847217,6.226286795959792,-1.6517551322421729
0.834210028826565,1.1987388852261127,9.354812777712022,9.354890609943013,-91.18681952395346,-91.18681952395347,-1681.6704555841332,-1708.4302767713025,6.468139683750934,-1.6528349036476753
0.834763780683266,1.1979436855555543,9.338962735544364,9.338924190284917,-90.2428706652907,-90.24287066529071,1516.4535258718745,1562.8798988236272,6.445901022686306,-1.6539154135382428
0.8353175325399668,1.1971495401985397,9.323282804675632,9.323306383293213,-89.39710924592136,-89.39710924592136,696.8404246562898,726.9041873682734,6.387318922301554,-1.6549947699422694
0.8358712843966677,1.1963564470596697,9.307770925298842,9.307761381049124,-88.79515012986634,-88.7951501298664,595.7275934081314,550.3090160969914,6.368894650383612,-1.656073286362089
0.8364250362533685,1.1955644040490936,9.292425071133865,9.292428563093427,-88.06911901577202,-88.06911901577207,773.722265256119,783.1816471947911,6.333167510451602,-1.6571532579664807
0.8369787881100693,1.1947734090824915,9.277243246804204,9.277242446523132,-87.40496608332442,-87.40496608332447,656.1234429883937,661.1291943116568,6.303141859134881,-1.6582326629034252
0.8375325399667702,1.1939834600810564,9.262223488049267,9.262225006514413,-86.72820845805067,-86.72820845805073,687.9478650328643,688.3867251808061,6.271877817635843,-1.6593122663712625
0.838086291823471,1.1931945549714746,9.247363869077212,9.247362061819056,-86.06942530831611,-86.06942530831614,697.7524699331123,684.1054960070862,6.241372972392147,-1.6603918801794457
0.8386400436801719,1.192406691685909,9.232662486594403,9.232667089528587,-85.4032321699513,-85.40323216995132,595.2880648192338,624.1745702984482,6.21053534635753,-1.661471492026394
0.8391937955368728,1.19161986816198,9.21811747798986,9.218110603243469,-84.78704051675373,-84.78704051675376,835.6681858452091,817.9127331627221,6.181716908752536,-1.662551335662801
0.8397475473935736,1.1908340823427486,9.203727004027009,9.203735727714108,-84.04391333552373,-84.04391333552375,302.49587760511264,239.02852200403387,6.145822804671665,-1.66363024769706
0.8403012992502745,1.190049332176697,9.189489255639891,9.189483426904136,-83.7249888305494,-83.72498883054945,1092.6453396320048,1202.5550107904205,6.139341471698412,-1.6647124660580612
0.8408550511069753,1.1892656156177124,9.175402452711444,9.175421729892566,-82.16467605333561,-82.16467605333565,1162.4845662349142,1164.073687675013,6.043365029244201,-1.6657902800394873
0.8414088029636762,1.1884829306250675,9.161473240787585,9.161467954202498,-84.08814369104978,-84.08814369104978,-5681.506791680171,-5730.615246883746,6.156001483815013,-1.6668695102708697
0.8419625548203771,1.1877012751634048,9.14605131034174,9.146006200455759,-92.08550999959186,-92.0855099995919,-5821.361891270339,-5864.963082608926,6.617519739664751,-1.6679478240743584
0.8425163066770779,1.186920647202717,9.128845032719312,9.12889187429796,-94.33807014137332,-94.33807014137335,1329.298317105955,1323.373617758802,6.738949799029344,-1.6690250382853598
0.8430700585337788,1.18614104471833,9.111962043849651,9.111941438369746,-92.0707414051562,-92.07074140515624,1718.3764629636546,1827.7190375781986,6.617077833243896,-1.6701040271643564
0.8436238103904796,1.1853624656908868,9.0953853743447,9.095401518196162,-91.19279521007428,-91.19279521007434,811.2708648600703,757.9751754352632,6.576688063508831,-1.6711787595957892
0.8441775622471804,1.1845849081063278,9.079110724826796,9.079101015771048,-89.9269787292315,-89.92697872923155,1285.2017485303932,1260.1227869462139,6.515082453197673,-1.672256713886427
0.8447313141038814,1.183808369955875,9.063133885411256,9.063138947873608,-88.7956467662564,-88.79564676625644,1061.7727645979326,1090.6122802971722,6.458240816584469,-1.6733341738101173
0.8452850659605822,1.1830328492360145,9.047450730840623,9.047450096795579,-87.64540701638515,-87.6454070163852,1119.6339937702423,1110.013303582205,6.401126143840449,-1.6744119352065052
0.845838817817283,1.1822583439484788,9.032057229438134,9.032055286144784,-86.52280401406719,-86.5228040140672,1099.0324235051971,1088.5989315751285,6.344738154956439,-1.675489876362895
0.8463925696739839,1.1814848521002297,9.01694944488128,9.01695697853083,-85.40408635930734,-85.40408635930739,1023.03434180243,1058.6719453863473,6.2888545887730105,-1.6765680312287374
0.8469463215306847,1.1807123717034411,9.002123533798,9.002108198301695,-84.33324094497254,-84.33324094497256,1213.7992013452936,1174.4554500995807,6.2333163435403245,-1.6776463622971884
0.8475000733873856,1.1799409007754833,8.987575725596182,8.987603331260638,-83.15470311315757,-83.15470311315764,646.1071972996848,592.0572848038398,6.176958939773189,-1.6787243554858793
0.8480538252440865,1.179170437338904,8.973302331452928,8.973261744553046,-82.45297138349302,-82.45297138349305,1841.086693910337,1981.5984634281788,6.138295438252207,-1.6798058973908423
0.8486075771007873,1.178400979421413,8.959299743948563,8.959384827796628,-80.01318462105253,-80.01318462105256,640.8530568258702,619.840888900361,6.012964580138185,-1.6808819243279913
0.8491613289574882,1.177632525055864,8.945585228470177,8.94548655480748,-84.1092066597941,-84.10920665979411,-7763.106916380239,-7826.275289441591,6.22646817997178,-1.6819603958560352
0.849715080814189,1.1768650722802394,8.92926105971881,8.92929663865072,-93.65750139761715,-93.65750139761718,-5860.55511218151,-5910.371287952568,6.7859830336397415,-1.6830369224361377
0.8502688326708899,1.176098619137632,8.911640195601954,8.91163834645869,-94.29805333870895,-94.29805333870902,2594.893923897776,2611.9844576131236,6.845165013955024,-1.684112582027263
0.8508225845275907,1.17533316367623,8.894468380590014,8.894474515656494,-91.6314723483522,-91.63147234835225,1986.8368891671569,2108.64425922663,6.675867441740025,-1.6851899025963837
0.8513763363842916,1.1745687039492994,8.877724513677883,8.877728461985464,-90.37936461290538,-90.37936461290545,1118.9360156166777,1037.483209322945,6.62416596799589,-1.6862624109591446
0.8519300882409925,1.1738052380151665,8.861402217959395,8.861396121510843,-88.65374795682754,-88.6537479568276,1740.784677263253,1721.5083582365928,6.532013609429554,-1.687339580737121
0.8524838400976933,1.1730427639372043,8.845495273842987,8.845501271588022,-87.11703270939836,-87.11703270939837,1377.9196928792292,1424.115998706725,6.451792014936407,-1.6884157489272666
0.8530375919543941,1.172281279783814,8.829997630062996,8.829992448165791,-85.55553730443839,-85.55553730443843,1549.337889117607,1502.2245720548108,6.369763214014548,-1.6894926579315697
0.853591343811095,1.171520783628408,8.814903433087329,8.814911492514415,-84.01400965517712,-84.01400965517716,1323.6278298868594,1378.379642879543,6.288548953992764,-1.6905697929157923
0.8541450956677958,1.1707612735493969,8.800206985570746,8.800195611897333,-82.55170313393369,-82.5517031339337,1691.062766549146,1660.4289739608948,6.210563023276076,-1.6916476384324448
0.8546988475244968,1.1700027476301689,8.785902717245667,8.785916779812839,-80.91170242351716,-80.91170242351718,885.7123780441112,792.5178364064573,6.122211000699277,-1.6927243309641835
0.8552525993811976,1.169245203959078,8.771985206094124,8.771974171659737,-79.91953718910153,-79.91953718910153,2051.832370009576,2212.374896315191,6.079558958903197,-1.6938065546764174
0.8558063512378984,1.1684886406294248,8.758449218967293,8.758481796290814,-77.05141017545927,-77.0514101754593,2139.6096261358307,2144.762415799432,5.8985931759488235,-1.6948821855924638
0.8563601030945993,1.167733055739442,8.745318754716633,8.745307243044406,-79.47378901942355,-79.47378901942358,-8147.140972611695,-8217.563064615972,6.044737205553933,-1.6959603213791776
0.8569138549513001,1.1669784473922782,8.730039776641586,8.729976199456049,-91.2225737104399,-91.22257371043995,-8779.541620050293,-8844.925088465878,6.750449736838624,-1.6970365575103898
0.857467606808001,1.1662248136959814,8.712114201259283,8.712180165266929,-94.88083730622596,-94.88083730622603,1462.892440993405,1451.3885359637638,6.956887424440969,-1.6981104640857825
0.8580213586647019,1.1654721527634846,8.694547113390744,8.694517648816369,-92.07035547552812,-92.07035547552815,2017.8843406427732,2178.55449582586,6.796652346171964,-1.6991871749969372
0.8585751105214027,1.1647204627125889,8.6773049268998,8.677327921353635,-91.27311115032656,-91.27311115032657,711.7176266547092,634.2161078641321,6.760628421196969,-1.700257140489636
0.8591288623781036,1.163969741665947,8.66038287256088,8.660368922092642,-89.90244286040966,-89.90244286040974,1403.8220564074566,1369.828379325376,6.691613836644209,-1.70133201666176
0.8596826142348044,1.1632199877510505,8.643776295180835,8.643783199701705,-88.72472426807799,-88.72472426807802,1096.0595767786892,1132.0533584233722,6.629920512794618,-1.7024060410275021
0.8602363660915053,1.1624711991002106,8.627480664195666,8.627479959846298,-87.50815963664925,-87.50815963664931,1150.6597272140834,1144.4993367973361,6.567344213841849,-1.7034804437561555
0.8607901179482061,1.1617233738505466,8.611491537405238,8.61148883362098,-86.34270822372363,-86.34270822372366,1211.1854706228228,1208.2429129292861,6.506346853691919,-1.7045551221536697
0.861343869804907,1.1609765101439666,8.595804571041148,8.595811055341214,-85.1246803291583,-85.12468032915832,942.6187596132256,908.3341710771958,6.442839862637592,-1.7056295821711016
0.8618976216616079,1.1602306061271543,8.58041552727057,8.580408234604876,-84.13821965463876,-84.1382196546388,1377.945855779573,1436.9237617826302,6.393741167831775,-1.7067060763250315
0.8624513735183087,1.1594856599515535,8.565320282042093,8.56534006908849,-82.47374716996636,-82.47374716996639,1235.8073015924597,1234.9288956973248,6.297630712129331,-1.7077802430434263
0.8630051253750095,1.1587416697733526,8.550513621346523,8.55049740339885,-83.02983855462251,-83.02983855462253,-2507.463987114336,-2531.852259465727,6.33320048103592,-1.7088554416739903
0.8635588772317104,1.157998633753469,8.53496632200077,8.534957743375662,-86.72448108580043,-86.72448108580046,-2624.2451876912464,-2647.320705190823,6.567978013034566,-1.7099303467536493
0.8641126290884112,1.1572565500575336,8.518690108031763,8.518703540910439,-87.5163632277469,-87.51636322774691,847.2951995999256,845.0180874423482,6.6213422106117195,-1.7110049381601964
0.8646663809451122,1.1565154168558782,8.502562279959328,8.502557782168429,-86.41581657718821,-86.41581657718822,871.319068970466,927.377606848043,6.557006381823108,-1.7120803777025686
0.865220132801813,1.1557752323235175,8.486582052798775,8.486587346755313,-85.95849830910875,-85.9584983091088,453.5366301992386,422.39121784160847,6.53993897789302,-1.713153335363687
0.8657738846585138,1.155035994640135,8.470747676984715,8.470744956661928,-85.302786568006,-85.30278656800603,695.2952521261637,690.1007695022209,6.508537466190747,-1.7142280705839033
0.8663276365152147,1.1542977019900689,8.455057433721967,8.455058327740124,-84.72056476806894,-84.72056476806897,598.3654154186493,600.3844840898493,6.480899151534272,-1.7153023452979583
0.8668813883719155,1.1535603525622966,8.439509630361766,8.439512547742833,-84.11589289872819,-84.11589289872822,562.5669245770132,578.3223210977641,6.452330869378091,-1.7163766909120841
0.8674351402286165,1.1528239445504196,8.424102597950922,8.424097210290233,-83.55551800941558,-83.55551800941562,728.4623299375621,715.9209268803595,6.42551047880665,-1.7174511848588287
0.8679888920853173,1.1520884761526498,8.408834696901849,8.408843077754645,-82.89658727733264,-82.8965872773327,319.13132656200605,270.1360467217074,6.3931906825220235,-1.7185249006432042
0.8685426439420181,1.1513539455717936,8.393704311082876,8.39369690754955,-82.57270314428128,-82.57270314428129,959.8841998134026,1047.9651956602468,6.384663505831152,-1.7196014814812188
0.869096395798719,1.1506203510152375,8.378709848110072,8.378730542380382,-81.24236785544905,-81.24236785544906,906.6888360569964,904.7977602306839,6.301013013994827,-1.7206740856801646
0.8696501476554198,1.1498876906949351,8.363863857017126,8.363851888818928,-82.83810320124273,-82.83810320124276,-4451.30048641497,-4490.546207389081,6.403766668663301,-1.721748057248839
0.8702038995121206,1.1491559628273895,8.347794934718301,8.347767020091503,-88.99008860335736,-88.99008860335738,-4282.989692687874,-4316.498436490852,6.794492088253321,-1.7228209061664441
0.8707576513688216,1.148425165633642,8.33043822365478,8.330471059282399,-90.35221179288786,-90.3522117928879,1357.86654479883,1356.3339139995235,6.879332156856865,-1.7238926321479333
0.8713114032255224,1.1476952973392558,8.31340710926976,8.313393242714604,-88.34771166728191,-88.34771166728193,1538.265054930932,1621.8625463918463,6.762244623416196,-1.7249659639307533
0.8718651550822233,1.1469663561743015,8.296675165675076,8.296686828811692,-87.444505237459,-87.44450523745903,835.9475841975925,795.0799144571512,6.718081468610819,-1.7260356033486992
0.8724189069389241,1.146238340373345,8.280238034341101,8.280231389436734,-86.23051000299485,-86.23051000299489,1234.3470914643704,1210.4460260688818,6.653905378318752,-1.727108285763554
0.8729726587956249,1.14551124817543,8.264091457711697,8.264094124742474,-85.12540119217321,-85.12540119217323,997.1631473757692,1024.0788451693152,6.5942743463377305,-1.7281804802632257
0.8735264106523258,1.1447850778240662,8.248231292387107,8.248235415879057,-84.02382868961055,-84.0238286896106,1144.645322310595,1152.2121833686024,6.535970590856626,-1.7292532426504519
0.8740801625090266,1.1440598275672147,8.232653474192078,8.232639280188645,-82.90314895276362,-82.90314895276363,978.6255748042518,926.003273954629,6.472187895259152,-1.7303255007794236
0.8746339143657276,1.143335495657273,8.217354022550559,8.217387654169006,-81.88511908597566,-81.88511908597567,903.9543187474194,917.524977973533,6.4284300663031955,-1.7313995288074342
0.8751876662224284,1.1426120803510622,8.202329070044737,8.20227380854916,-80.8105329327812,-80.81053293278124,2037.7048539094064,2126.4554437304914,6.345605272501246,-1.7324738283728225
0.8757414180791292,1.141889579909812,8.18757482119146,8.187686254863257,-79.0469908278125,-79.04699082781254,-1464.877146076328,-1503.0122631070908,6.276737224111899,-1.733545163114343
0.8762951699358301,1.1411679925991474,8.172864256079217,8.172712110364115,-84.72182504157928,-84.72182504157927,-6748.724577228365,-6801.129985307577,6.608241423516454,-1.7346180149786956
0.8768489217925309,1.1404473166890745,8.155437792239667,8.155544055614376,-91.08783212910444,-91.08783212910448,-2260.7394223607243,-2294.5300214895224,6.9996165140743365,-1.7356882606958721
0.8774026736492317,1.1397275504539666,8.137937261652665,8.137886094537903,-89.27447742989874,-89.27447742989878,2777.2545401385937,2835.8545252729537,6.933101305738396,-1.7367592095628974
0.8779564255059327,1.1390086921725509,8.120877486769231,8.12090890694693,-87.32065558295199,-87.320655582952,1572.8553608600091,1625.3874757756034,6.78939890902652,-1.7378293240606852
0.8785101773626335,1.1382907401278946,8.104251124371343,8.104239993525882,-85.85223938530596,-85.85223938530598,1353.658976608038,1283.915388587042,6.721983704091299,-1.7388979300657306
0.8790639292193344,1.1375736926073905,8.088051495492392,8.08805225943816,-84.1732453678487,-84.17324536784874,1620.9499788300293,1626.670658234621,6.622746574150842,-1.7399698355241455
0.8796176810760352,1.1368575479027447,8.072272054083461,8.072279870440592,-82.62045428683723,-82.62045428683726,1457.825488488356,1502.9750977049252,6.535812632148284,-1.7410412773561306
0.880171432932736,1.136142304309962,8.056906491673322,8.056887467441216,-81.03675125551163,-81.03675125551165,1498.2772033734998,1424.034099632419,6.4417514611190345,-1.7421129278233662
0.880725184789437,1.135427960129333,8.041948695896403,8.041988358196626,-79.51217767593884,-79.51217767593887,1172.859260541304,1170.5318664804188,6.365156026650906,-1.7431860525548137
0.8812789366461378,1.1347145136654193,8.0273926565172,8.027329286809149,-78.13275190680183,-78.13275190680184,2571.712441094396,2693.354652808251,6.263273764848519,-1.7442612152421701
0.8818326885028387,1.1340019632270424,8.013232597653339,8.013361223864722,-75.49485363203543,-75.49485363203547,-768.4480574010184,-805.0741629171025,6.136304003520581,-1.745331714762742
0.8823864403595395,1.1332903071272689,7.999293449030532,7.999124926285094,-81.5754716024207,-81.57547160242075,-8405.818841456572,-8470.573451970857,6.491578898017953,-1.746404672742566
0.8829401922162403,1.1325795436833967,7.982123577024716,7.982232229382577,-90.46080409950932,-90.46080409950935,-4355.142967215251,-4401.86506945504,7.0597861570922715,-1.7474740327337508
0.8834939440729412,1.1318696712169427,7.9643872690100705,7.964336924973886,-89.68365338466323,-89.6836533846633,2612.729393155162,2665.340531433361,7.060206079352801,-1.7485431220608676
0.884047695929642,1.1311606880536298,7.946971036171984,7.947003528274702,-87.89177278273763,-87.89177278273766,1315.5510800520738,1402.3502417020384,6.9157135412272535,-1.749612063040971
0.8846014477863429,1.1304525925233724,7.929869982937591,7.92985826845444,-86.94751542926805,-86.94751542926808,847.579970790976,758.9328855239537,6.883960864772143,-1.7506772934389252
0.8851551996430438,1.1297453829602646,7.913079368249254,7.913083798893854,-85.65284838676494,-85.65284838676496,1326.3986238360349,1340.4673018298356,6.807346582068926,-1.7517470515991607
0.8857089514997446,1.1290390577025666,7.8965945533576,7.8965902333346145,-84.51595452893824,-84.51595452893825,1061.1666670904888,1070.421094595623,6.744285042991276,-1.752815377510579
0.8862627033564455,1.1283336150926917,7.880410991468496,7.880421135769835,-83.33059371097936,-83.33059371097939,1038.7585539638198,1009.48881088503,6.6802409905517655,-1.7538844693500344
0.8868164552131463,1.127629053477193,7.864524275184314,7.864508687539435,-82.27914138277362,-82.27914138277364,1374.0602128101082,1423.2663034362356,6.617534379119911,-1.7549546651223606
0.8873702070698472,1.1269253712067522,7.84893008141967,7.848964305572268,-80.74107219309143,-80.74107219309141,724.1844054215026,713.6147120376648,6.53419478921165,-1.7560233073452776
0.8879239589265481,1.1262225666361632,7.833609740752375,7.833568734450709,-81.59593555578903,-81.59593555578907,-1883.869819028977,-1900.9056545835367,6.5872627982512535,-1.7570929583861987
0.8884777107832489,1.125520638124323,7.817535069429661,7.8175581835467876,-83.99087420384568,-83.99087420384566,-1288.547046065362,-1304.2427757555677,6.752482279709676,-1.7581622478635799
0.8890314626399498,1.1248195840342172,7.801243141873115,7.801234064130968,-83.81576417906466,-83.8157641790647,919.8248822312748,926.6794637804518,6.759975212636876,-1.7592315748795773
0.8895852144966506,1.1241194027329071,7.785081745976702,7.78508911633398,-83.05000114369341,-83.05000114369346,630.4451125411542,666.9644280152692,6.708171132733142,-1.7603010549984264
0.8901389663533514,1.123420092591518,7.769047381783689,7.769044983159056,-82.61363950838812,-82.6136395083881,453.2251790231578,418.4392610459414,6.693744349184106,-1.7613689324898394
0.8906927182100524,1.1227216519852246,7.753138615379211,7.7531416587135435,-82.04751411196753,-82.04751411196754,560.6320762787753,577.9964606451313,6.665055073171799,-1.7624381597828775
0.8912464700667532,1.1220240792932412,7.737354033307157,7.737349709301203,-81.55657569226952,-81.55657569226955,611.193213432219,605.9601795070472,6.641627754636879,-1.7635069835357804
0.891800221923454,1.1213273728988074,7.721692241946794,7.721699888560546,-80.97679993880145,-80.97679993880149,321.57447711221545,279.03576260457555,6.612939779233565,-1.7645752531413281
0.8923539737801549,1.120631531189175,7.706151867553258,7.706144327321398,-80.66351726005973,-80.66351726005978,839.0169433190601,913.1339032870344,6.603917904081382,-1.765645975279305
0.8929077256368557,1.119936552555598,7.690731559726998,7.690752204819807,-79.543371096948,-79.54337109694802,713.4894313294661,708.6585321146013,6.53090602846124,-1.766713069710475
0.8934614774935566,1.1192424353933177,7.675428734950143,7.675411898022502,-80.92455958808956,-80.9245595880896,-3566.845183363507,-3598.8183570610677,6.626786754943446,-1.767781457910354
0.8940152293502575,1.1185491781015509,7.659111945331987,7.659098513058992,-85.69189347838605,-85.69189347838609,-3203.2396816608266,-3228.9762636337623,6.963262613007724,-1.7688485566625205
0.8945689812069583,1.1178567790834797,7.641889963339477,7.6419097068843795,-86.44595614360853,-86.44595614360851,1354.4189065295495,1353.5947684403857,7.020201567785825,-1.7699145402603722
0.8951227330636592,1.1171652367462352,7.624962848188995,7.624956616445223,-84.68176819082505,-84.68176819082511,1396.8855780781298,1468.5748744137722,6.906278174228843,-1.770982007555767
0.89567648492036,1.1164745495008903,7.608327743094076,7.6083332347609,-83.75736629707627,-83.7573662970763,869.1536742716834,820.2451068047293,6.858454284632394,-1.7720462659708376
0.8962302367770609,1.1157847157624432,7.591980287046237,7.591980508987369,-82.58551632965342,-82.58551632965343,1124.3452445237656,1137.2126930143675,6.791568742049018,-1.773113405230756
0.8967839886337617,1.115095733949807,7.575916185928632,7.575909298228734,-81.53123356445307,-81.5312335644531,1111.1667696101458,1102.8013500937532,6.729726354275113,-1.7741801729127855
0.8973377404904626,1.1144076024857985,7.56013128304248,7.560147837517472,-80.38640906041027,-80.38640906041029,763.7069788705695,715.2325182466577,6.666121427493158,-1.7752468884444514
0.8978914923471635,1.1137203197971242,7.544621494130917,7.544597394718226,-79.57356197288836,-79.57356197288838,1566.695692211047,1669.913201614478,6.6183355898760166,-1.7763168568778729
0.8984452442038643,1.1130338843143703,7.529382821842222,7.529436640388443,-77.61409954557458,-77.61409954557462,761.3336368806301,744.1377024085057,6.497790706695086,-1.7773821124985107
0.8989989960605652,1.112348294471989,7.514398330856029,7.514336017212272,-80.08883555407249,-80.08883555407253,-5070.412449722759,-5113.595697246039,6.656059218148423,-1.7784496782045764
0.899552747917266,1.111663548708288,7.497752470466227,7.497772879599787,-86.28273917001115,-86.28273917001118,-3664.318099427173,-3701.4527289280945,7.098364361908133,-1.7795149017818332
0.9001064997739668,1.110979645465418,7.480306728570136,7.48030854342851,-86.27755922096979,-86.27755922096982,2292.3273580031555,2311.4817062384795,7.118569474851224,-1.7805789415793758
0.9006602516306678,1.1102965831893603,7.463309947865619,7.463313211921434,-83.87814128492293,-83.87814128492295,1911.2105243146896,1982.6487227626917,6.946075213344188,-1.7816449458695098
0.9012140034873686,1.109614360329917,7.44675502161371,7.446758322637652,-82.47185179422215,-82.47185179422218,1185.596323900369,1144.8760927054213,6.8713329412236295,-1.7827069190577225
0.9017677553440694,1.1089329753406965,7.430634904475894,7.430633906334786,-80.78216601670592,-80.78216601670597,1834.0256057157856,1832.8348077026956,6.766689014034968,-1.7837737658969222
0.9023215072007704,1.1082524266791036,7.414942644996262,7.414933726025893,-79.12409895117894,-79.12409895117894,1200.6276462660758,1148.6031265643826,6.659659411773226,-1.7848385462634349
0.9028752590574712,1.1075727128063284,7.399671569748923,7.399701928301539,-77.73903899322616,-77.73903899322619,1553.5534291021336,1600.813286027297,6.592452464405006,-1.7859079872205674
0.903429010914172,1.1068938321873332,7.384815209953409,7.384766073279582,-75.80198736681314,-75.80198736681318,2729.212790709952,2798.317107995038,6.4304325817189305,-1.7869750074023867
0.9039827627708727,1.1062157832908417,7.37036721066324,7.370472594891463,-74.32223052632443,-74.32223052632446,-2939.478508672518,-2985.443083595952,6.376233730614431,-1.7880414363510766
0.9045365146275736,1.1055385645893263,7.355689939789699,7.355535108078904,-81.4601812071696,-81.46018120716961,-7265.345247838428,-7319.426187450322,6.866533448990356,-1.7891080210265402
0.9050902664842746,1.1048621745589997,7.338161294203812,7.338276078861214,-87.23147569418703,-87.23147569418707,-1233.5821459818735,-1266.5272385541907,7.243568171873967,-1.790170506851169
0.9056440183409754,1.1041866116797996,7.320720642694425,7.320663488028831,-85.21604333410578,-85.21604333410583,2205.8341844024194,2294.7677714722745,7.15237549609972,-1.7912348312641089
0.9061977701976764,1.1035118744353805,7.3035911548282035,7.303627106630138,-84.0448635796224,-84.04486357962242,946.5287212082924,964.3756581536272,7.057486958747919,-1.7922954060929832
0.9067515220543771,1.1028379613131003,7.2867679507645775,7.2867510136108615,-82.92848838705702,-82.92848838705709,1119.4548013476108,1059.3879387599395,7.00400419593585,-1.793356873798568
0.907305273911078,1.10216487080401,7.270246311945291,7.270253673713538,-81.72055706710664,-81.72055706710665,1058.991972969397,1061.0530777550616,6.927738613737473,-1.7944198811628496
0.9078590257677788,1.1014926014028414,7.254021588414843,7.254021245763399,-80.67840918881377,-80.67840918881383,1145.3007171917284,1173.13708168796,6.870202322251177,-1.7954837146004607
0.9084127776244796,1.1008211516079982,7.238089278234204,7.238090854934342,-79.33072021829017,-79.33072021829018,1310.3595571738724,1311.402645414002,6.779543065454059,-1.7965466615677177
0.9089665294811804,1.1001505199215418,7.222445089518552,7.2224524254730165,-78.75326278714832,-78.75326278714834,-617.2172035668201,-625.1065982562025,6.752186815624649,-1.7976101553389885
0.9095202813378814,1.0994807048491817,7.2066876616305375,7.20666846192303,-80.22681811250037,-80.2268181125004,-1230.756944863154,-1246.0007748974906,6.870530656034706,-1.7986738283114712
0.9100740331945822,1.0988117049002657,7.19049185024669,7.190508908849904,-80.78430072209021,-80.7843007220902,392.78284579559113,390.68142152150085,6.914964508339369,-1.799737260864436
0.9106277850512832,1.0981435185877662,7.174400913369065,7.174392545309626,-80.05924608889104,-80.05924608889106,657.4251625975061,677.131411085931,6.8755430633723,-1.8008013204051774
0.911181536907984,1.0974761444282704,7.158418384588827,7.158426771072007,-79.66359240507371,-79.66359240507373,362.0109415769855,368.6610399801069,6.857300892784716,-1.8018637164582656
0.9117352887646848,1.09680958094197,7.14254313645334,7.142536092263236,-79.2055789060239,-79.20557890602396,587.1311968933352,566.7510212019871,6.836000583046763,-1.8029270256611936
0.9122890406213856,1.0961438266526495,7.126774057898979,7.126782536425967,-78.70975417451474,-78.70975417451477,277.53686885981153,255.50638837291433,6.8112953971279975,-1.8039895427297779
0.9128427924780864,1.095478880087675,7.111110052757797,7.111102758760408,-78.42276288159117,-78.4227628815912,728.7773819248116,784.06051279271,6.803641908838821,-1.8050542461926016
0.9133965443347876,1.0948147397779835,7.095550038510465,7.095568194421291,-77.47375366908345,-77.47375366908346,606.471994928267,604.238437977805,6.739593115268128,-1.8061155949964767
0.9139502961914884,1.0941514042580744,7.080094174737099,7.080079222712961,-78.58216242601924,-78.58216242601925,-2860.309128747344,-2888.4178858361624,6.825243024424664,-1.8071781125119686
0.9145040480481892,1.093488872065994,7.063814269967695,7.06380444462692,-82.38453512989396,-82.38453512989396,-2484.500342972415,-2503.211641603399,7.11928755055263,-1.8082392455701692
0.91505779990489,1.092827141743329,7.046838239087168,7.046854781885453,-82.81875991917191,-82.81875991917191,1293.2235618919676,1290.8477629661315,7.159938483709818,-1.8092992479595609
0.9156115517615908,1.0921662118351936,7.030149363351305,7.030142557456415,-81.19746967751733,-81.19746967751735,1289.8043685430807,1345.9885515153505,7.048290130595438,-1.810360646791263
0.9161653036182916,1.09150608089022,7.013745653341499,7.013756147581751,-80.27483128485781,-80.27483128485784,899.4357552183332,883.9842939992375,6.99718986680788,-1.8114193926838573
0.9167190554749926,1.0908467474605466,6.997622716816798,6.99760796123147,-79.13010208677336,-79.13010208677339,1077.5256506399908,1025.8907379033371,6.924169670757003,-1.8124802657671486
0.9172728073316934,1.0901882101018088,6.98177625860699,6.981802682557833,-78.12080694867849,-78.1208069486785,864.5026644261139,888.1292435558136,6.870931828260619,-1.813542085359762
0.9178265591883944,1.0895304673731263,6.96620210925668,6.966163003536757,-77.07996095654357,-77.07996095654359,1726.1275958297235,1784.1350379957294,6.787861160144638,-1.8146046545864007
0.9183803110450952,1.0888735178370967,6.950896160829366,6.95097427639788,-75.52170475890318,-75.52170475890321,-683.095913281035,-707.0010828241227,6.709941071676232,-1.8156645423046123
0.918934062901796,1.0882173600597798,6.935698194591359,6.935592431199733,-79.20160826088934,-79.20160826088934,-4568.182185668289,-4609.7454985909935,6.9667732820574395,-1.816725874171487
0.9194878147584968,1.08756199261069,6.918669840146827,6.918743804198184,-83.4849558263586,-83.48495582635864,-1357.9392983943003,-1376.1498686475518,7.285562576093813,-1.8177842542046765
0.9200415666151976,1.0869074140627872,6.901659106284545,6.9016225916962926,-81.79017608679943,-81.79017608679945,2503.241215139808,2529.3539806998133,7.202586312188642,-1.818843091952019
0.9205953184718986,1.0862536229924629,6.88510203545785,6.885129628360813,-79.83610821385788,-79.83610821385793,1549.5985821719914,1620.0837293506165,7.045119686329277,-1.8199018937982083
0.9211490703285994,1.0856006179795332,6.868990400551207,6.868971447980197,-78.33166009137148,-78.33166009137152,1540.315145399724,1463.3791293808704,6.958173713335752,-1.8209595514898405
0.9217028221853002,1.0849483976072267,6.853316823765476,6.853337220111429,-76.55441107923471,-76.5544110792347,1291.2430868694614,1245.499242158618,6.838836658811375,-1.8220198637309608
0.9222565740420012,1.0842969604621742,6.838074130282813,6.838049672202727,-75.27342322544361,-75.27342322544362,2030.531604771898,2153.2054617983154,6.755345949609379,-1.8230841546069965
0.922810325898702,1.0836463051344,6.823255450432682,6.823309854229269,-72.60494932130058,-72.60494932130058,1494.6581115160564,1476.608335391782,6.567838423733024,-1.8241431121838403
0.9233640777554027,1.08299643021731,6.808876897369223,6.808820903593872,-74.67667384561716,-74.6766738456172,-5443.849475228243,-5487.079693573057,6.71438365501445,-1.8252052128495078
0.9239178296121036,1.0823473343076826,6.792771508186551,6.792778587481437,-81.9626299087342,-81.96262990873421,-4853.769433624092,-4897.541602644717,7.283022711582752,-1.8262638284439312
0.9244715814688044,1.081699016005658,6.775472202940766,6.775483620480379,-82.99157015132751,-82.99157015132754,1723.7658883293072,1728.7282161976534,7.380458730746077,-1.8273196338211473
0.9250253333255054,1.081051473914728,6.75849384932183,6.758492998980144,-80.96339654076773,-80.96339654076775,1511.074830124017,1615.568941304988,7.221591379706224,-1.8283779880752689
0.9255790851822062,1.0804047066417275,6.741816914716884,6.741820952216267,-80.10617994531937,-80.10617994531943,751.5263775212904,681.1664790971316,7.1788312207756855,-1.8294304412142572
0.926132837038907,1.079758712796823,6.725436610831279,6.725437255372869,-78.88927735660121,-78.88927735660124,1210.0101942973752,1193.927155246733,7.102279745315069,-1.830488316954588
0.926686588895608,1.0791134909935025,6.70934822218237,6.709342829026782,-77.80731576573065,-77.80731576573068,1186.2352538216444,1232.7440901101427,7.027954716894947,-1.831545340947089
0.9272403407523088,1.0784690398485663,6.693547185941269,6.693566207033001,-76.55712278984943,-76.55712278984944,619.588893853764,597.6491669713545,6.952484110988596,-1.8326022263587183
0.9277940926090096,1.077825357982118,6.677978684284553,6.677954180324841,-76.82958231884795,-76.82958231884797,-711.1606321224841,-710.1823797921198,6.97958216442425,-1.8336598068682741
0.9283478444657104,1.077182444017552,6.662060227532365,6.662077115532317,-77.67938180442945,-77.6793818044295,-233.15862801271055,-250.50320073209704,7.053580032423249,-1.8347174008710465
0.9289015963224112,1.0765402965815458,6.646147783420131,6.646140308583435,-77.28551281726814,-77.2855128172682,571.5035038379546,588.966059047982,7.043217487389433,-1.8357751581807813
0.9294553481791122,1.0758989143040505,6.630326108154904,6.630332448923462,-76.84938222602716,-76.8493822260272,485.24705295413935,498.0293900929769,7.015454824557403,-1.8368326796482268
0.930009100035813,1.0752582958182793,6.614594316624826,6.614589014550511,-76.4569563750929,-76.45695637509293,269.7457665678588,228.8891546066461,6.9984575972324325,-1.8378887933303936
0.930562851892514,1.0746184397606993,6.598951605988898,6.598963881742618,-76.1475264039028,-76.1475264039028,467.9311438914021,497.9419378751822,6.9933361361796464,-1.8389471883970692
0.9311166037492148,1.0739793447710209,6.583397185425253,6.5833799426425585,-75.59348938015482,-75.59348938015485,865.254097930194,888.6211861790937,6.945560941129018,-1.840003529873186
0.9316703556059156,1.073341009492189,6.567930461513962,6.567968257494063,-75.32200835572213,-75.32200835572213,-1372.8292801607552,-1396.7785865169315,6.952833485861008,-1.8410595373221066
0.9322241074626164,1.072703432570372,6.552287477788797,6.552230362176183,-78.17177927188615,-78.17177927188617,-2571.9753076752977,-2587.103663938273,7.182179403075858,-1.842115208859035
0.9327778593193172,1.0720666126549545,6.535604794138774,6.535648677188039,-79.85486614638401,-79.85486614638404,227.56284147337365,206.3651828040952,7.311276962957477,-1.8431690845965158
0.933331611176018,1.0714305483985251,6.519126765487134,6.519108794709077,-78.39120127402624,-78.39120127402626,1404.4796931629685,1464.6380213668338,7.226310772329903,-1.8442240604982343
0.9338853630327192,1.0707952384568689,6.502928989002594,6.502936580979686,-77.3713121629895,-77.37131216298954,1036.0624585496128,1018.4909475196563,7.1494677835129785,-1.8452775147073444
0.93443911488942,1.0701606814889577,6.487007050609605,6.48701121308433,-76.26644364549925,-76.26644364549927,770.6066952211842,712.9686619868396,7.082910588463804,-1.846331195914259
0.9349928667461208,1.0695268761569392,6.47135659712002,6.471346904147209,-75.42961630289892,-75.4296163028989,1355.5834056769556,1441.2278706336695,7.030200004406353,-1.8473890043709889
0.9355466186028216,1.06889382112613,6.455973423866043,6.456001653911397,-73.72714062757062,-73.72714062757062,1059.6565055952738,1049.6414624779156,6.905347852048858,-1.8484422398910874
0.9361003704595224,1.068261515065003,6.440871136296706,6.440844063795509,-74.86137237134228,-74.86137237134231,-3354.967402285804,-3383.72466784986,6.998771415193353,-1.849497828612092
0.9366541223162234,1.0676299566451817,6.4247576031929166,6.424752144974264,-79.31237027655253,-79.31237027655253,-2689.4409429279776,-2727.5752590743523,7.373158570639573,-1.8505510283715028
0.9372078741729242,1.0669991445414275,6.407934959589772,6.407951699433651,-79.31683426986307,-79.31683426986308,1908.0155010872652,1928.0606216659824,7.388389875677773,-1.8516023983937695
0.9377616260296252,1.0663690774316337,6.3915889243473485,6.391584688735802,-76.98770642607154,-76.98770642607155,2026.960543719467,2099.562427445831,7.208216497250303,-1.8526568068936506
0.938315377886326,1.0657397539968132,6.375696180796023,6.3756958512189685,-75.43414880643063,-75.43414880643066,1114.9401018095418,1010.5180720401125,7.100117111471766,-1.8537062132591111
0.9388691297430268,1.0651111729210918,6.360249042397324,6.360265603273026,-73.90991781843226,-73.90991781843226,1752.2659300092494,1801.7683876560363,7.008615772820112,-1.8547641568907025
0.9394228815997276,1.064483332891697,6.3452398887132775,6.345211232082261,-71.87561873948951,-71.87561873948952,2483.005866063388,2542.917167363736,6.823049869369101,-1.8558183401732842
0.9399766334564283,1.06385623259895,6.330665107207383,6.33073608519484,-70.65415223163247,-70.6541522316325,-2461.620534621402,-2507.7348811256115,6.768648138850772,-1.8568735378971744
0.9405303853131292,1.0632298707362566,6.3158470681576935,6.315735634831827,-76.29564263227196,-76.29564263227198,-5461.006041321076,-5500.876824747222,7.2315740986893156,-1.8579279590298476
0.9410841371698302,1.0626042460000975,6.298932172456512,6.299017366733261,-80.19055681417096,-80.190556814171,-354.7883916042641,-378.84131183821233,7.528399795046833,-1.8589775680142946
0.941637889026531,1.0619793570900211,6.282196642429969,6.282154757945304,-78.29599627357592,-78.29599627357592,1867.989205742984,1949.375805279548,7.418178302416887,-1.8600293839241222
0.942191640883232,1.0613552027086306,6.265757560945056,6.2657840989163605,-77.24580078719367,-77.24580078719369,846.3310907200992,831.6903743546135,7.329044279077962,-1.861076853273953
0.9427453927399329,1.0607317815615795,6.249610036229636,6.249599253086385,-76.18541583738862,-76.18541583738863,1092.5427057436889,1063.642956987741,7.269202288188931,-1.8621269315111546
0.9432991445966336,1.06010909235756,6.233749351643392,6.233754408284434,-74.97626451661503,-74.97626451661505,1188.2750852448692,1211.9406489020585,7.17825007786902,-1.8631776589787432
0.9438528964533344,1.0594871338082943,6.218172915095844,6.218177545937989,-74.13911768981134,-74.13911768981134,153.6136346916221,149.36595770533114,7.126619970979508,-1.8642283660765284
0.9444066483100352,1.0588659046285265,6.202673747511872,6.20266287443344,-74.5004179943876,-74.5004179943876,-359.38242257343734,-373.80964057045935,7.17102908933393,-1.8652797720950742
0.9449604001667362,1.058245403536013,6.187003240694911,6.187013795499015,-74.65758335185743,-74.65758335185744,250.5686315872249,257.9316732245748,7.193828059642658,-1.866331193842836
0.945514152023437,1.0576256292515147,6.171408194051596,6.171402277816329,-74.21830879900426,-74.21830879900429,493.1717161288776,499.6484640645255,7.172732519819405,-1.8673829861868068
0.9460679038801378,1.0570065804987874,6.15588640743299,6.155892419669087,-73.88845588562786,-73.88845588562788,186.32429619727503,161.03514843669433,7.1574657457128525,-1.8684330662598536
0.9466216557368388,1.0563882560045723,6.140437396532773,6.140435612309758,-73.66832938720509,-73.66832938720512,511.1616051374017,546.8205857666266,7.156867193183282,-1.8694853274770924
0.9471754075935396,1.05577065449859,6.125060678426773,6.125066489050779,-73.0330927636439,-73.03309276364391,536.0108237089264,538.4116842489987,7.107957749216505,-1.8705346221905024
0.9477291594502404,1.0551537747135278,6.109755022281375,6.109756292680003,-73.55677388973007,-73.55677388973007,-1818.114839860392,-1836.3566222831641,7.166785064570185,-1.8715846741469646
0.9482829113069412,1.0545376153850343,6.093986832504702,6.093967718283581,-76.10095638519302,-76.10095638519303,-1665.5656019836672,-1686.9067180302202,7.399665204646775,-1.8726333494345275
0.948836663163642,1.0539221752517105,6.0776752893273525,6.077698151543505,-76.39205140430239,-76.3920514043024,1026.496479195106,1042.6906059194714,7.43203006086738,-1.8736807093671235
0.949390415020343,1.053307453055098,6.061640835207037,6.061626136196366,-74.95237047414878,-74.95237047414884,1275.773099216919,1295.177189683786,7.324715995826984,-1.8747294998288684
0.949944166877044,1.0526934475396752,6.045879025855793,6.04589822865251,-73.99077099497981,-73.99077099497983,678.6599359388969,637.4575749439975,7.262065750731933,-1.8757758047710658
0.9504979187337448,1.052080157452845,6.030385459049328,6.030364265861076,-73.0876579400222,-73.08765794002224,1411.786827828221,1465.7622024951174,7.198395464871894,-1.876826907316922
0.9510516705904456,1.0514675815449286,6.015155829033882,6.015196250941003,-71.50085482178757,-71.50085482178757,669.8260446687311,672.8350200958439,7.0814205357704205,-1.87787378384107
0.9516054224471464,1.0508557185691547,6.000167433962703,6.000121325386619,-72.93299154932572,-72.9329915493257,-3024.8234838575586,-3069.5678958425406,7.201166367028817,-1.878923032405401
0.9521591743038472,1.050244567281653,5.9841491456520615,5.984167650884247,-76.52093985768539,-76.52093985768539,-1866.5674378559247,-1876.0811361254923,7.53065089566365,-1.8799693167575786
0.952712926160548,1.0496341264414453,5.967796135361467,5.967797497844219,-75.81566502061223,-75.81566502061227,2241.8762991520853,2261.9995230325394,7.496092007013619,-1.8810147959600456
0.953266678017249,1.0490243948104367,5.951910622972889,5.95190526458047,-73.5741427810176,-73.57414278101763,1645.9995826137008,1647.8820635161273,7.298716412350404,-1.8820613833869815
0.95382042987395,1.0484153711534074,5.936482306584835,5.936507324775846,-72.17428592307905,-72.17428592307908,1367.064495753869,1361.6037656732474,7.217946159310787,-1.8831084161324234
0.9543741817306508,1.0478070542380054,5.921503032446573,5.921464088514153,-70.24098555217529,-70.24098555217529,2560.887303939335,2608.3847228720065,7.033866156000085,-1.8841580629124053
0.9549279335873516,1.0471994428347355,5.9069658450080205,5.907045740369215,-68.48898915055244,-68.48898915055247,-1333.723525916197,-1347.8842017767504,6.9298713898015345,-1.8852061679010645
0.9554816854440524,1.046592535716954,5.892474151235685,5.892362756913848,-72.88589421817463,-72.88589421817464,-4883.849362919699,-4933.215942251028,7.308894814179141,-1.8862549692243715
0.9560354373007532,1.0459863316608589,5.876042744496778,5.876123693909527,-77.00800781640908,-77.0080078164091,-994.342181675278,-1014.3233611670507,7.6563724444795636,-1.8872984235279033
0.9565891891574542,1.0453808294454814,5.859669681190106,5.859629366532881,-75.47030506193425,-75.47030506193427,1847.0097400867887,1900.4604942599328,7.571724648905067,-1.888342861349528
0.957142941014155,1.0447760278526792,5.843586938502675,5.843614613570886,-74.31582373920773,-74.31582373920779,939.4224282483224,956.3660612745961,7.463549455642605,-1.8893850638537626
0.9576966928708558,1.0441719256671265,5.827789642664603,5.827775203666596,-73.2972690606797,-73.29726906067972,1056.6443973038554,1021.1465747839426,7.400435437730773,-1.890427526724464
0.9582504447275568,1.0435685216763069,5.812273030172228,5.812287308737933,-72.13060298827682,-72.13060298827682,854.7385425909315,868.1760208596995,7.3139763559556386,-1.8914720218849308
0.9588041965842576,1.0429658146705056,5.797003773072674,5.796991536418549,-71.78312691449152,-71.78312691449155,-3.9234939207700847,-6.9768223852931355,7.296716789556783,-1.8925164469349949
0.9593579484409585,1.0423638034428009,5.781669878390996,5.781679267314423,-71.95110269771493,-71.95110269771494,15.70563436774018,14.023117311948557,7.325068421781608,-1.893561626916566
0.9599117002976592,1.0417624867890556,5.766359719938391,5.766352812374679,-71.70969091318426,-71.70969091318428,378.7548263222891,371.9597265819278,7.321387401925596,-1.8946067509000653
0.96046545215436,1.0411618635079092,5.751106838547399,5.751117694323984,-71.40386123478143,-71.40386123478143,215.185612326496,212.70086193313193,7.308095045184943,-1.8956514373322009
0.961019204011061,1.0405619324007709,5.735910967841306,5.735898381838034,-71.22380602700231,-71.2238060270023,496.15640563568047,524.8991969885358,7.303843592618172,-1.8966965077009623
0.9615729558677618,1.0399626922718102,5.720771942463742,5.720798473977982,-70.64324158493872,-70.64324158493878,30.33488634000463,22.876600322187972,7.272850667069426,-1.8977393013632082
0.9621267077244626,1.0393641419279505,5.705681823300665,5.705648854164957,-71.80923630383695,-71.80923630383698,-1775.6727061399042,-1798.075705192457,7.3799993907139045,-1.8987826899669793
0.9626804595811636,1.0387662801788593,5.689928171503999,5.689949469278874,-73.71144014870676,-73.71144014870677,-777.4644637426492,-772.6604437377374,7.568021113558085,-1.8998242235657812
0.9632342114378644,1.0381691058369424,5.6740753919885725,5.674064525383351,-73.06819586581598,-73.06819586581598,1385.6271117859958,1379.677422829727,7.534798473709643,-1.9008652647090538
0.9637879632945652,1.037572617717334,5.65849667158189,5.658512183207303,-71.78387803527382,-71.78387803527384,872.7929121217873,875.8891351141472,7.426043268547004,-1.9019067635205513
0.964341715151266,1.0369768146378908,5.643183343375421,5.643168354756887,-71.0152953177409,-71.01529531774092,1176.6348083363073,1212.578275559946,7.376955045335479,-1.9029494465549752
0.9648954670079668,1.036381695419182,5.628131058602375,5.628162924256403,-69.44481455668723,-69.44481455668728,886.9361575077874,879.1969745163386,7.251431226944446,-1.9039902867605132
0.9654492188646678,1.0357872588844834,5.613338134900878,5.613301503687884,-70.46225239832935,-70.46225239832938,-2561.658545886969,-2591.0642597875985,7.345057495423753,-1.9050328386188746
0.9660029707213686,1.0351935038597695,5.597700570070318,5.597715718666378,-73.5859896801485,-73.58598968014851,-1631.8020383110145,-1633.7513548738164,7.654948414994031,-1.906072715822703
0.9665567225780696,1.0346004291737043,5.581744714826184,5.5817392163273825,-72.9228791439302,-72.92287914393022,2127.385237690072,2113.786582538786,7.617396589876757,-1.907111123985952
0.9671104744347704,1.0340080336576356,5.566259716797408,5.5662761045491695,-70.6869954740632,-70.6869954740632,1561.8822767935878,1578.3916115052587,7.418621256710672,-1.9081518565806275
0.9676642262914712,1.0334163161455852,5.551236674486609,5.551218901870238,-69.33849971948166,-69.3384997194817,1882.1601551756955,1930.6725004010873,7.31610571152783,-1.9091938399948374
0.968217978148172,1.0328252754742426,5.536667139951198,5.536709969820236,-66.83897043679426,-66.83897043679427,1421.500160382894,1404.483320846245,7.104278762823867,-1.9102346124734446
0.9687717300048728,1.0322349104829578,5.522523940478766,5.522476395413991,-68.25039880399517,-68.25039880399518,-3864.403543146625,-3885.327526558938,7.2306231522594375,-1.9112781155399055
0.969325481861574,1.0316452200137318,5.50712789101238,5.5071416311783645,-73.23846176987188,-73.2384617698719,-3099.388035177653,-3136.875202911326,7.718518258949033,-1.9123171855189418
0.9698792337182748,1.0310562029112116,5.491029055922654,5.491031759992623,-73.49003383650263,-73.49003383650262,1586.5170368155104,1593.6645569354425,7.767923150556529,-1.9133527829466495
0.9704329855749756,1.0304678580226807,5.475231449007767,5.4752351530244185,-71.81756369739796,-71.81756369739797,1258.1022256639687,1327.198145046094,7.610255263193037,-1.9143912090639912
0.9709867374316764,1.0298801841980516,5.45971491137156,5.459716476244971,-70.96031768126852,-70.96031768126852,842.755735503532,804.6480294727411,7.5556218453996244,-1.9154246390041574
0.9715404892883772,1.0292931802898595,5.444474857282351,5.444477592315976,-69.82003368680034,-69.82003368680037,903.9398000793472,890.5654991102998,7.4669599436244996,-1.9164628352117699
0.972094241145078,1.0287068451532542,5.4294672236256325,5.429464663712047,-69.39691919790268,-69.39691919790266,108.7470552217816,134.10338600497982,7.443139834167898,-1.9175005448371705
0.972647993001779,1.0281211776459924,5.414460973084558,5.41446223104377,-69.37395470690926,-69.37395470690927,178.16308436604194,156.08726273519557,7.455135106347724,-1.9185393252067213
0.9732017448584798,1.027536176628431,5.399488704537983,5.399491006853144,-69.14089317785826,-69.14089317785829,166.3857592308894,158.76466176505033,7.451531326524475,-1.9195774931435283
0.9737554967151808,1.026951840963518,5.384558188046737,5.384556958271943,-69.01052138534403,-69.01052138534406,361.0517362355724,393.5814829845797,7.4551820891271126,-1.9206166460532836
0.9743092485718816,1.0263681695167888,5.369669583835876,5.369677557825059,-68.55790723311506,-68.55790723311506,325.356454178867,318.8211844565787,7.424001419074957,-1.92165283724987
0.9748630004285824,1.0257851611563538,5.354830020314483,5.354824589502197,-69.05116152670016,-69.05116152670018,-1353.823416245561,-1367.436828234476,7.485669457105285,-1.9226896670923155
0.9754167522852832,1.025202814752895,5.339608524938025,5.339603656385006,-70.82205349118007,-70.82205349118011,-968.1988934563468,-968.7128843919797,7.675844162058368,-1.9237249547863395
0.975970504141984,1.0246211291796583,5.324079681798191,5.324084958035415,-70.68339172831435,-70.68339172831435,1023.7189570976888,999.5234332460184,7.674958392845312,-1.9247585307275288
0.976524255998685,1.024040103312443,5.308820778221664,5.308830961481758,-69.4201301035824,-69.42013010358241,1029.3647431637946,1063.413252965897,7.576582763289359,-1.9257946928404628
0.9770780078553858,1.0234597360295994,5.293822690065901,5.293804952906301,-68.50875734999124,-68.50875734999126,1276.3956363161465,1305.2515771117198,7.492198118957576,-1.926829217869738
0.9776317597120866,1.0228800262120177,5.2790810123819245,5.279123924419121,-67.22427807048945,-67.22427807048948,-103.4357680144008,-140.3315517607129,7.406039465303361,-1.927863791822815
0.9781855115687876,1.022300972743122,5.264482981562318,5.264423501523939,-69.15264589802464,-69.15264589802466,-2450.93609222044,-2445.81107093137,7.591198250942724,-1.9288990730537758
0.9787392634254884,1.0217225745088647,5.248890836986775,5.248930794676091,-71.17854457573439,-71.17854457573443,-31.215881924016745,-62.045137906029886,7.79851753980816,-1.9299312728518043
0.9792930152821891,1.021144830397717,5.233502654295566,5.2334891191562924,-69.3256429775697,-69.32564297756971,1954.3584185456607,1940.2829550697124,7.660086731244608,-1.930963031990916
0.97984676713889,1.020567739300663,5.21858790974014,5.218596392167201,-67.64224430387618,-67.6422443038762,1933.962818484022,2030.3488865499844,7.499416509658956,-1.9320004358364364
0.9804005189955908,1.019991300111192,5.204136416500446,5.204148239590162,-65.37395355481226,-65.37395355481226,1780.8342570264667,1751.419416947081,7.289995595966157,-1.9330319140864454
0.9809542708522918,1.0194155117252923,5.190134890797384,5.190129223143743,-65.55845063303546,-65.55845063303549,-2875.0897130937924,-2902.298215648137,7.321164343036707,-1.9340697348275264
0.9815080227089926,1.018840373041444,5.17537973814465,5.175355075480091,-70.08518394814968,-70.0851839481497,-3329.424435519228,-3350.802325064468,7.798167697548688,-1.9351026406969207
0.9820617745656934,1.0182658829606106,5.159648737251241,5.159675787377163,-71.0764962977154,-71.07649629771541,1180.0185045441076,1164.7302140327845,7.90349645281867,-1.9361310209846396
0.9826155264223944,1.017692040386234,5.144212036366643,5.1442020734168965,-69.35523135967289,-69.3552313596729,1326.6242350293207,1403.9340936125168,7.74768355419834,-1.937162844855756
0.9831692782790952,1.0171188442242265,5.129051118407983,5.1290605126147915,-68.49769833253526,-68.49769833253528,823.391384838663,787.6077824036546,7.682441762233423,-1.9381892937190504
0.983723030135796,1.0165462933829628,5.114161123256152,5.114159453674675,-67.45260421020481,-67.45260421020484,790.5645626471321,781.6563544025104,7.598929541780917,-1.9392203366531178
0.9842767819924968,1.0159743867732756,5.09947296799118,5.099472775973459,-67.04429224575662,-67.04429224575664,215.1840468004716,230.84389725130026,7.57549520288784,-1.940251756177368
0.9848305338491976,1.0154031233084464,5.08481597597973,5.084816818588778,-66.92623072986046,-66.92623072986049,75.34643416459313,44.97117608793357,7.5792773896742,-1.9412833555778415
0.9853842857058986,1.0148325019042,5.070185706164695,5.0701890075825915,-66.83517210387856,-66.83517210387859,251.9335183595205,284.98751569033954,7.59222072927812,-1.9423160009410925
0.9859380375625996,1.0142625214786964,5.055582725282785,5.055580484314381,-66.5257000509862,-66.52570005098623,385.3579475457743,381.3009756358635,7.567276905049179,-1.9433459359930518
0.9864917894193004,1.013693180952526,5.041007722852066,5.041018178552837,-66.68581835618735,-66.68581835618735,-1021.2697338493978,-1025.3486977569858,7.607283166068646,-1.9443757754535815
0.9870455412760012,1.0131244792487,5.026226851631783,5.026206786195396,-68.1997624715687,-68.19976247156873,-921.0055202152088,-930.3347263380313,7.781246588464057,-1.9454045413101495
0.987599293132702,1.012556415292646,5.011058562389438,5.011075540775839,-68.32815267715968,-68.3281526771597,684.4765429535767,650.9904549846789,7.80184269469007,-1.946430732911613
0.9881530449894028,1.0119889880122004,4.996139286188317,4.9961399667865845,-67.18949586430466,-67.18949586430467,1176.2967660043068,1242.694474963269,7.718571871762575,-1.9474611408408997
0.9887067968461036,1.0114221963376009,4.981476174261561,4.981470252100897,-66.03844247993305,-66.03844247993307,1293.5482329787555,1286.3841311621136,7.595923111577541,-1.948487170822383
0.9892605487028046,1.0108560392014805,4.967065650664969,4.967091819785352,-65.41886313854177,-65.4188631385418,-1151.0471695982988,-1166.2370891852945,7.569752314401969,-1.949515698310639
0.9898143005595056,1.010290515538861,4.952542995554584,4.95249617312643,-67.750205899548,-67.75020589954805,-1723.4940158066556,-1735.6091439627025,7.82889488306984,-1.9505433578923619
0.9903680524162064,1.009725624287147,4.937276415390645,4.937312894485367,-68.28183235884947,-68.2818323588495,972.8119835182569,915.9626241229345,7.881683241197963,-1.951566355371785
0.9909218042729072,1.0091613643861173,4.922448749394221,4.922442131654196,-66.23770800913532,-66.23770800913533,2111.7685449235705,2207.4481158159642,7.718636159550301,-1.9525969392440643
0.991475556129608,1.008597734777919,4.908094583355285,4.908091755383401,-64.18324623955903,-64.18324623955904,2177.218118909343,2189.5962005099236,7.485592720937539,-1.9536217857561728
0.9920293079863088,1.0080347344070617,4.894210006333571,4.894245119284786,-63.03750077064395,-63.03750077064396,-1598.7788107945155,-1642.980418609032,7.413112917203417,-1.95465123197499
0.9925830598430098,1.0074723622204105,4.880164461174051,4.880098248794986,-66.76435841507505,-66.76435841507508,-3433.998572679508,-3450.9778204459594,7.820706055804298,-1.9556791085148757
0.9931368116997106,1.006910617167179,4.864824069197635,4.8648774642178045,-68.85119698979773,-68.85119698979774,298.52128644787285,276.07491424558094,8.030559671740475,-1.9567005323315168
0.9936905635564114,1.0063494981989234,4.849718369094773,4.849693795781215,-67.2182535430666,-67.21825354306661,1453.9247746103008,1514.7504680484817,7.90029726439624,-1.9577248940254264
0.9942443154131124,1.0057890042695352,4.834883946496608,4.834900501797251,-66.29362221158081,-66.29362221158085,855.0856654866504,848.746403908692,7.809624896248819,-1.9587450648995803
0.9947980672698132,1.0052291343352358,4.820316520552565,4.820313092564385,-65.29110118143483,-65.29110118143485,790.7248034999185,770.3569679591044,7.7308852119328915,-1.9597681294477132
0.995351819126514,1.0046698873545687,4.805960875839877,4.805959545183415,-64.79577830100288,-64.79577830100293,234.65688840700275,236.83156695396286,7.694470776227602,-1.96079284411279
0.9959055709832147,1.0041112622883943,4.791646862826476,4.791653520803142,-64.72955128178342,-64.72955128178343,46.66656903615891,45.29253018975609,7.708541724835704,-1.9618181429330996
0.9964593228399156,1.0035532580998825,4.777345578173703,4.777336559020834,-64.63795482094979,-64.63795482094983,327.45052863328107,339.95280703773705,7.711040875377694,-1.9628428363026253
0.9970130746966166,1.0029958737545064,4.763057911639258,4.763078234053661,-64.41314459096151,-64.41314459096152,-319.84213349612014,-318.4275531408817,7.713247955615504,-1.9638654203900305
0.9975668265533174,1.0024391082200372,4.748745794503448,4.748719695563466,-65.43570800241667,-65.4357080024167,-1008.9323197248344,-1021.1013336640455,7.833135858863744,-1.9648878912333538
0.9981205784100184,1.0018829604665354,4.733986461701528,4.73400434537217,-66.21874781021056,-66.21874781021059,-31.635100471223907,-64.07245202794111,7.93276782545363,-1.9659073964933316
0.9986743302667191,1.0013274294663477,4.719340303472849,4.719340660440534,-65.36207886552499,-65.36207886552496,1241.807158333684,1290.817894897818,7.879220998135241,-1.9669298479745165
0.99922808212342,1.0007725141940964,4.704948154474662,4.704942590370443,-64.10799987330537,-64.1079998733054,1302.2459902813698,1314.9037695579532,7.733106842082457,-1.9679497015725402
0.9997818339801208,1.0002182136266775,4.690806885475165,4.6908336313993955,-63.5262157099839,-63.52621570998393,-1018.5594130817664,-1034.7564677720022,7.711348380187571,-1.9689702537938947
1.0003355858368217,0.999664526743252,4.676583315958667,4.676533989231791,-65.53048793092502,-65.53048793092505,-1448.7462312273915,-1481.4494157627678,7.947743554812228,-1.9699907554846339
1.0008893376935226,0.9991114525252393,4.661714894112437,4.661762616953737,-65.88536713151909,-65.8853671315191,997.7602258960378,965.6124960381438,7.99287296698616,-1.9710071561462297
1.0014430895502235,0.9985589899563124,4.647292003564774,4.647260569269298,-63.86055616415863,-63.86055616415866,2350.7358682035315,2453.514928202366,7.804297260930228,-1.9720309184949478
1.0019968414069242,0.9980071380223908,4.633346504104274,4.63339187224943,-61.572211688803215,-61.57221168880322,1379.0693269921576,1365.2065878422698,7.564806774130841,-1.9730480321992867
1.0025505932636252,0.9974558957116348,4.61984886682846,4.619807948595002,-62.21105868625998,-62.21105868626,-2672.6741144541006,-2717.6425656953943,7.642647288167507,-1.9740713709088038
1.003104345120326,0.996905262014438,4.605481948613635,4.605492943526936,-65.89297297522286,-65.8929729752229,-2329.1892570104856,-2342.43412429672,8.08066042291883,-1.9750895912040307
1.0036580969770268,0.9963552359234236,4.590593940965164,4.590597856994053,-65.99000585350106,-65.99000585350109,1365.9402621666395,1361.6150429012687,8.120249414877293,-1.9761032688051072
1.0042118488337275,0.9958058164334358,4.575980860806199,4.575981498378822,-64.51933967457137,-64.5193396745714,1175.415821198119,1238.2461463904747,7.9578692255425,-1.9771204980093704
1.0047656006904286,0.9952570025415342,4.561631473332138,4.561638743970441,-63.63646070659703,-63.63646070659707,777.0890773770421,746.8812941401228,7.889933602261917,-1.9781326210344874
1.0053193525471296,0.9947087932469896,4.547545264409838,4.547539750685881,-62.79805893163242,-62.798058931632454,524.1420808284345,504.68269267810587,7.81365224120919,-1.979150601124722
1.0058731044038305,0.9941611875512752,4.533564346235087,4.533572011478369,-62.68397139852455,-62.683971398524584,-16.991455914584293,5.167283142581385,7.823709853557108,-1.9801689856633546
1.0064268562605312,0.9936141844580632,4.519582254586248,4.5195734451576905,-62.64089440459429,-62.64089440459429,256.1288296764936,250.79481292275227,7.831164692454681,-1.9811861879079669
1.006980608117232,0.9930677829732156,4.505600434166548,4.505619624294264,-62.54767556506903,-62.54767556506904,-438.3974760035989,-429.1080712360372,7.848338600127426,-1.982202049487989
1.0075343599739328,0.9925219821047812,4.491558845736872,4.491531219797419,-63.54970820310256,-63.54970820310258,-837.1693769801855,-862.1690687724346,7.975314237652924,-1.9832166677405716
1.0080881118306335,0.9919767808629883,4.477141259742295,4.477169525579017,-64.00442543182194,-64.00442543182197,244.55877390784917,234.41667311091683,8.045916480069481,-1.9842293063166112
1.0086418636873349,0.9914321782602376,4.462893069451612,4.46287187974505,-63.06275325772267,-63.06275325772268,1363.5415667206853,1408.2780953599377,7.9643079194676245,-1.9852445350485224
1.0091956155440354,0.9908881733110996,4.448892721886015,4.448927260072068,-61.73697497828817,-61.736974978288195,587.651396426465,596.4140187196259,7.832076669388754,-1.9862561439185342
1.0097493674007365,0.990344765032304,4.43512796776713,4.43509018759978,-62.39534926958212,-62.39534926958213,-1409.0025893746072,-1446.9902066223462,7.916884711873411,-1.9872703665304188
1.0103031192574372,0.9898019524427384,4.420812405999942,4.4208334134829945,-63.94270760910373,-63.94270760910375,-598.7122007388909,-645.0423928973582,8.121006389476479,-1.9882806064912995
1.010856871114138,0.9892597345634384,4.406518602897438,4.406515455830093,-62.84689978307144,-62.84689978307148,2236.73848829901,2304.740003210231,8.036809571797201,-1.9892945454797533
1.0114106229708388,0.9887181104175848,4.392711560042622,4.3927214938178265,-60.31095795458374,-60.31095795458377,2110.1579245077883,2146.5469705706405,7.72758284929547,-1.9903067133450536
1.0119643748275398,0.9881770790304958,4.379381585806388,4.3793894257262345,-59.9068673540913,-59.90686735409132,-1974.7814405180036,-2023.1863784725265,7.715851661733531,-1.9913206136391015
1.012518126684241,0.987636639429622,4.365659665060378,4.365625625450138,-63.20085023028325,-63.200850230283244,-2536.1539300530417,-2562.6392215811206,8.130742226546968,-1.9923335528828459
1.0130718785409414,0.9870967906445416,4.351093874768355,4.35112651374789,-64.13917583038128,-64.1391758303813,864.4592387664276,858.323547754353,8.246465043261383,-1.9933393587123034
1.0136256303976423,0.9865575317069508,4.336802624957424,4.3367878620958,-62.601730928426825,-62.60173092842684,1278.590319452239,1339.2542176804618,8.090630758686784,-1.9943494597081666
1.0141793822543432,0.9860188616506628,4.322771547733286,4.32278581974145,-61.68571224932949,-61.68571224932951,837.0909851633959,815.8814584657443,8.004317968209996,-1.9953542606992096
1.014733134111044,0.9854807795115996,4.309018528653656,4.309013228265829,-60.82416841576986,-60.82416841576989,461.250094938932,438.81050422371555,7.925412207909323,-1.9963645780882857
1.0152868859677449,0.984943284327785,4.295364107057572,4.295365919669138,-60.77976444043826,-60.77976444043827,17.34020951200503,41.61764716782171,7.94071418388858,-1.9973763000528757
1.0158406378244458,0.984406375139342,4.28169527291154,4.28169965639601,-60.68667216421086,-60.68667216421088,64.87610202446855,61.77268528207842,7.948331917494363,-1.998384956057003
1.0163943896811465,0.9838700509884852,4.268018150858342,4.26801451692717,-61.04301579419598,-61.043015794196016,-701.3523565058085,-710.2797858698923,8.009437430755556,-1.9993938023294242
1.0169481415378474,0.9833343109195144,4.254119997879647,4.254119178275776,-61.9412507083644,-61.94125070836443,-516.7316717914796,-539.3373280710227,8.141980372562205,-2.000399274138293
1.0175018933945483,0.9827991539788106,4.240092618879016,4.240098469657834,-61.69769566684027,-61.69769566684029,1072.4149523393144,1100.5372987994183,8.13711960758144,-2.001406580711403
1.018055645251249,0.9822645792148296,4.226306336903634,4.226310946109406,-60.31319725355755,-60.31319725355756,1100.6728655115458,1133.0964060009283,7.979616663817656,-2.0024115154182454
1.01860939710795,0.981730585678096,4.212768000142257,4.212768656458328,-60.18725315775515,-60.187253157755194,-993.9443467498992,-1030.6690027401671,7.990410126066374,-2.003417675380136
1.0191631489646509,0.9811971724211984,4.199005672638808,4.198991329923214,-61.708416953246434,-61.70841695324645,-986.5125067621084,-1037.4828988473723,8.204306338669173,-2.004421337728968
1.0197169008213518,0.9806643384987828,4.18495652291383,4.184974875886948,-61.3390839506987,-61.33908395069871,1902.6321814604464,1961.6423570146187,8.181054489820587,-2.005427198063653
1.0202706526780525,0.9801320829675488,4.171400474827068,4.171401197875953,-58.68971085148008,-58.68971085148011,2159.990336348528,2197.481666046979,7.864593750656358,-2.006431974631565
1.0208244045347534,0.9796004048862408,4.158331052870142,4.158340236381703,-58.30330560503714,-58.30330560503715,-1827.9998418744285,-1865.0744058226956,7.842290375198834,-2.007438669577575
1.0213781563914544,0.979069303315646,4.144871684138224,4.144841061249071,-61.33914975825702,-61.33914975825704,-2296.277137055973,-2332.661951190149,8.24926505379728,-2.0084435178987325
1.021931908248155,0.978538777318587,4.130677414971813,4.130707787203804,-62.06991531611744,-62.069915316117445,895.0358187521698,896.8840421889149,8.350552210405557,-2.0094418387017696
1.022485660104856,0.978008825959916,4.116755673528775,4.116740649484444,-60.58778517713019,-60.587785177130215,1315.284517955667,1370.105022426627,8.188086810463759,-2.010444232748538
1.023039411961557,0.9774794483065108,4.103093057113344,4.1031097084426,-59.60954205102128,-59.6095420510213,737.5939549414055,713.8882824820839,8.091582540309002,-2.011441521696747
1.0235931638182576,0.9769506434272685,4.089715461465352,4.089708101494307,-58.93067543315106,-58.93067543315108,350.4278091780739,337.2923540323652,8.03461463494709,-2.012445764805427
1.0241469156749583,0.9764224103930984,4.076369212107671,4.076370615140941,-58.966718244809286,-58.966718244809314,-31.70626017480897,-6.235526551643761,8.04980875574205,-2.013448616779118
1.0247006675316594,0.9758947482769194,4.062996924729198,4.063005723481601,-59.029878973362905,-59.029878973362926,-341.02825727800547,-360.7460276836909,8.090747679448935,-2.014449958575303
1.02525441938836,0.975367656153654,4.049554749729906,4.04953887355266,-59.790694435906346,-59.79069443590636,-713.6184745539279,-730.3744738384004,8.200360004854533,-2.015449179605018
1.025808171245061,0.97484113310022,4.03583322383154,4.03585161700345,-60.11934468886716,-60.11934468886719,520.788428137644,538.3454805574363,8.268580189161867,-2.016448649830627
1.026361923101762,0.97431517819553,4.0222886520399,4.022280227455457,-58.93069199490383,-58.93069199490386,1280.441593413561,1313.142521341748,8.131957710637028,-2.017445906747981
1.026915674958463,0.973789790520481,4.008983873924663,4.008999414788031,-58.37243330032946,-58.37243330032949,-595.7054903283247,-622.2374682745169,8.088281096982548,-2.018444681694988
1.0274694268151636,0.9732649691579532,3.99562724428403,3.9956032679824856,-59.68740554622434,-59.68740554622437,-1067.0384145013848,-1116.7630619181127,8.288673382943053,-2.0194407977778215
1.0280231786718643,0.9727407131928014,3.981897110841262,3.9819165780643493,-59.63302989971164,-59.63302989971164,1699.2275423300396,1751.3437562697775,8.293556390548929,-2.0204391221115894
1.0285769305285657,0.9722170217118514,3.968632252168801,3.9686404641670934,-57.00958265967718,-57.009582659677214,1979.0684075436584,2012.2388753428072,7.981644153011823,-2.0214358376441544
1.0291306823852662,0.971693893803896,3.955844818860714,3.955837917413444,-56.94150916366312,-56.94150916366313,-1867.1028112444712,-1897.7207388669894,7.982501103561968,-2.0224356974054816
1.029684434241967,0.971171328559686,3.9425474623099768,3.9425361996601365,-59.75266471336017,-59.75266471336018,-1955.2080365011743,-1995.7894292800765,8.385366916393286,-2.0234314665885624
1.030238186098668,0.9706493250719284,3.928737383418487,3.9287539136304366,-60.02997392599824,-60.02997392599826,1092.4419580521378,1102.6665221417006,8.445307201409669,-2.0244224314117334
1.0307919379553687,0.9701278824352796,3.9151913386500814,3.9151843734376985,-58.57355459464125,-58.57355459464126,1324.8660720302944,1375.2189012859014,8.266024360561788,-2.025416529292528
1.0313456898120696,0.9696069997463398,3.901924592333116,3.9019389352103495,-57.59912838294741,-57.59912838294743,587.0171237018318,556.4637976941323,8.168349146299446,-2.0264070190537518
1.0318994416687706,0.9690866761036488,3.8888917450825535,3.88888034545102,-57.20452147718776,-57.20452147718778,144.58312018058712,151.6571508797099,8.141782364750583,-2.027404553722933
1.0324531935254713,0.9685669106076812,3.8758338735282623,3.875846322273517,-57.302633995900976,-57.30263399590099,-164.31867100578887,-162.29449184775476,8.175107404003704,-2.028398258411903
1.0330069453821722,0.9680477023608384,3.8627365223488073,3.86272456068557,-57.75480556462908,-57.754805564629116,-685.4882071434089,-713.1768426363651,8.253978209979778,-2.029391105724844
1.0335606972388731,0.9675290504674476,3.849417558854612,3.8494292266367847,-58.39986455602581,-58.399864556025825,-8.62503180521766,6.3014944399577395,8.372664630679676,-2.0303830040510538
1.034114449095574,0.967010954033753,3.836105253368448,3.8360985229997144,-57.67110231917933,-57.671102319179354,1244.720302551413,1274.244493261656,8.284103525897265,-2.031372489533816
1.0346682009522747,0.9664934121679132,3.823032738730012,3.8230525047914714,-56.722713526368594,-56.72271352636862,-123.01113840004956,-139.6829460383124,8.193122048565593,-2.032363484380904
1.0352219528089757,0.9659764239799936,3.810042619315376,3.8100159175541646,-57.76958738092578,-57.769587380925806,-1091.5987458193497,-1137.9173625397198,8.358576628940494,-2.0333521179003395
1.0357757046656766,0.965459988581964,3.79663012805594,3.7966478619917443,-58.03354363552046,-58.03354363552047,1370.3803600186257,1413.7234843605825,8.405087170086633,-2.0343427597556585
1.0363294565223773,0.9649441050876923,3.783633453902601,3.783647593323018,-55.51040679309423,-55.51040679309426,1895.4977514937289,1924.4364620868967,8.106080517985287,-2.035331083398288
1.0368832083790782,0.9644287726129384,3.771120255693962,3.77110293303453,-55.53213815285008,-55.532138152850095,-1769.842711672723,-1793.4214135041448,8.106511443297045,-2.0363240197015364
1.0374369602357791,0.9639139902753504,3.7580429309944794,3.7580448473089336,-58.15308533563861,-58.153085335638615,-1730.3279291705478,-1770.8459667571142,8.502788810386248,-2.0373107951756824
1.0379907120924798,0.9633997571944602,3.74458591855375,3.7445912504899446,-58.16988230198509,-58.169882301985105,1227.336657917243,1238.5770280594108,8.53576662721882,-2.0382942402435877
1.0385444639491808,0.9628860724916763,3.731389345276267,3.7313921456614207,-56.68528534613321,-56.685285346133256,1265.7706298134217,1310.2536867196231,8.341959824820277,-2.039279978352822
1.0390982158058817,0.9623729352902808,3.7185018120096633,3.718508481281565,-55.81394717966212,-55.813947179662144,460.8743146269029,442.12174052057327,8.255704529440347,-2.0402641058929096
1.0396519676625824,0.9618603447154236,3.705768288112068,3.705761685793763,-55.60018866641952,-55.60018866641955,20.2741507746681,18.922961951633965,8.244040160061745,-2.04125312380338
1.040205719519283,0.9613482998941176,3.692984521368855,3.69299284051823,-55.88198497872168,-55.88198497872171,-538.3139479574929,-549.9392032459516,8.312882249192446,-2.042238407820066
1.0407594713759842,0.9608367999552324,3.6801029661972615,3.6800953885986196,-56.54092138798919,-56.54092138798922,-404.3045849753396,-418.5558343093995,8.429798087253172,-2.043223128257593
1.0413132232326852,0.9603258440294928,3.667031825145782,3.6670370205117444,-56.53878172359009,-56.538781723590105,767.4232543937779,812.2449398278899,8.441690719295439,-2.0442058913147085
1.041866975089386,0.95981543124947,3.654159857775753,3.654173648472935,-55.36027071832684,-55.36027071832686,644.2006525080117,630.4372180504912,8.318159248151341,-2.045187674098135
1.0424207269460868,0.9593055607495794,3.641485952126489,3.641465833509958,-55.79035078831407,-55.79035078831409,-1053.28754839791,-1094.5598724301362,8.385497463711939,-2.0461694813768982
1.0429744788027877,0.9587962316660736,3.628438927246726,3.628451559295104,-56.57725379787136,-56.57725379787139,596.556709268187,629.3066877449145,8.531424626200222,-2.0471525549394793
1.0435282306594884,0.9582874431370396,3.6156324455378313,3.615643724209902,-54.46609409364971,-54.46609409364972,2151.3353769159635,2171.3766618556174,8.264394373928974,-2.048131411115513
1.044081982516189,0.9577791943023922,3.6033229813174303,3.6033157156435056,-53.90368954875954,-53.90368954875956,-1334.7935996432743,-1337.6828199758595,8.184533895870135,-2.049117861404001
1.0446357343728905,0.95727148430387,3.5906299192022564,3.5906233498512017,-56.3497976323622,-56.349797632362225,-1835.1187413347916,-1880.624546075855,8.580352451362675,-2.050096238582844
1.045189486229591,0.9567643122850316,3.577486308747857,3.57749529300988,-56.59726744569392,-56.597267445693944,1124.56491492473,1126.5632133366285,8.637537261525862,-2.051071798172105
1.045743238086292,0.9562576773912476,3.564591453531876,3.564594701988114,-55.07682733429208,-55.07682733429212,1288.2375827729643,1336.5057800098834,8.43762962330517,-2.0520496265211285
1.0462969899429928,0.9557515787696996,3.5520183685074187,3.5520224059595886,-54.24055361527154,-54.24055361527156,406.0092902077602,397.1993981769653,8.34672414179271,-2.0530262145574465
1.0468507417996935,0.9552460155693732,3.5395645225428285,3.5395622270364373,-54.112852232007015,-54.112852232007064,-96.8894494229348,-110.58149510649623,8.349965563840028,-2.0540067958581054
1.0474044936563944,0.9547409869410532,3.52704887457714,3.5270506890965754,-54.56249795625372,-54.56249795625375,-679.8228007224827,-704.9061434736878,8.442114858541292,-2.0549834626350685
1.0479582455130954,0.9542364920373194,3.514376539932882,3.5143758272627243,-55.15388602911969,-55.15388602911971,-20.931556200976782,11.624870342747707,8.56041181042994,-2.055960921428021
1.0485119973697965,0.9537325300125422,3.501650644932996,3.5016558785729925,-54.55322537361428,-54.553225373614296,1103.378313520218,1112.9568120691592,8.481919037508426,-2.056933478388711
1.049065749226497,0.953229100022878,3.489157664657945,3.4891627998748076,-53.86969374334004,-53.86969374334007,-489.8056087392599,-527.3908131769165,8.414405242033784,-2.057907965787013
1.049619501083198,0.9527262012262624,3.4766354062333304,3.4766249744568847,-54.91183349757446,-54.911833497574484,-399.62971344636935,-387.03840390120746,8.612302355509659,-2.0588833055435294
1.0501732529398988,0.9522238327824084,3.463913836738053,3.4639234195775317,-54.06966864341239,-54.06966864341242,2042.4890607793864,2059.502225168175,8.476916030651479,-2.0598535977801733
1.0507270047965995,0.9517219938527998,3.4516833673786964,3.4517032329521617,-52.263415668177736,-52.26341566817775,-114.72299604302437,-98.59890432013728,8.26211737229993,-2.0608311518119495
1.0512807566533005,0.951220683600687,3.4395564966732595,3.4395194062409873,-54.09749289933774,-54.09749289933776,-2020.7991734348168,-2060.1381019968117,8.558507937557751,-2.061803905075164
1.0518345085100014,0.9507199011910832,3.4267034909548992,3.4267336803315813,-55.314299913780296,-55.314299913780324,324.8055573072845,305.37522893518985,8.75024245437406,-2.062771558310287
1.052388260366702,0.9502196457907583,3.414037979471712,3.414026898344706,-53.91275061250921,-53.91275061250922,1468.4684302018163,1513.4564943241858,8.58356963306219,-2.0637405312833126
1.052942012223403,0.9497199165682352,3.401682523885503,3.401696443531138,-52.872981580860845,-52.87298158086087,593.944051012143,607.0324135794109,8.440718762517298,-2.0647096654535413
1.053495764080104,0.9492207126937852,3.389509295617933,3.389502224642464,-52.66695257976096,-52.66695257976099,-159.18910537824152,-186.31912437568886,8.442529574124324,-2.0656811033776354
1.0540495159368048,0.948722033339423,3.3772673192485287,3.377271311389114,-53.16904663698413,-53.16904663698413,-650.3369073548292,-674.4653868650023,8.542251003695515,-2.0666502922880343
1.0546032677935055,0.9482238776789026,3.3648635815666483,3.3648611132688764,-53.68598341748529,-53.68598341748531,95.6425936483578,138.16314234800166,8.652199972880963,-2.0676195040240004
1.0551570196502065,0.947726244887712,3.352442021946062,3.352451151163023,-52.98885476128346,-52.98885476128348,946.3087861326331,937.8024023167371,8.563861796159784,-2.0685833788363803
1.0557107715069074,0.9472291341430698,3.340243452135223,3.340242919054464,-52.64134917690251,-52.64134917690252,-637.5372901630221,-669.4490892979271,8.536816954151682,-2.0695502553504106
1.056264523363608,0.9467325446239192,3.327908693110889,3.327898748787668,-53.51601656341647,-53.51601656341651,140.4382807805899,171.06200329288245,8.71036801464422,-2.0705170916700553
1.056818275220309,0.946236475510925,3.3155751683224493,3.315603135379481,-51.98092205939575,-51.98092205939578,1912.9339589739632,1917.1768285530495,8.494992371666976,-2.071478743131135
1.05737202707701,0.945740925986468,3.303749550169502,3.3037305018522023,-51.27728990444062,-51.277289904440636,-1075.5827108662045,-1070.1320380107559,8.396768124156086,-2.0724494435203766
1.0579257789337106,0.9452458952346408,3.291568654018983,3.291573055149026,-53.439965325331904,-53.43996532533192,-1549.803002328439,-1587.8747100887138,8.777367159061324,-2.073411415698495
1.0584795307904116,0.9447513824412436,3.2790387495530013,3.27903916637047,-53.44809220866369,-53.44809220866373,1256.3041471103334,1249.5210936426572,8.802724011683226,-2.0743694173214147
1.0590332826471125,0.944257386793779,3.266772996089542,3.266786169953449,-51.887572812199934,-51.88757281219996,1162.9966503967698,1227.7490643087417,8.581388540950975,-2.0753322889005017
1.0595870345038132,0.9437639074814492,3.2548356070467346,3.2548281196114637,-51.3108685576598,-51.31086855765982,115.63909294921612,90.75198113373074,8.519464634129799,-2.076292693468263
1.060140786360514,0.9432709436951496,3.242883821727142,3.2428907339688005,-51.5854720784192,-51.585472078419215,-603.9409696057804,-644.3577899993626,8.588004230300442,-2.077255613499979
1.060694538217215,0.9427784946274648,3.230819156612627,3.230813954105876,-52.24027462780396,-52.240274627803984,-199.6263863756825,-158.51056998918457,8.729105713684383,-2.0782167009502936
1.061248290073916,0.942286559472666,3.218633610105556,3.218639660758249,-51.87880345028776,-51.87880345028778,883.3287954410546,878.6855101474482,8.678533127112924,-2.0791731513801865
1.061802041930617,0.9417951374267036,3.2066480284751364,3.2066565920881844,-51.27726470576641,-51.277264705766434,-392.1776635633906,-421.3041493772245,8.625214893288152,-2.0801309897914075
1.0623557937873176,0.9413042276872065,3.1946457352591,3.1946270651210646,-52.066503040334894,-52.066503040334894,1.53954527292359,31.190486765040205,8.78510809970901,-2.0810903612580147
1.0629095456440183,0.9408138294534732,3.182534464387174,3.182566097207688,-50.8888740441822,-50.888874044182195,1744.1731738465437,1745.8971432738074,8.608680395416751,-2.082043021499363
1.0634632975007192,0.9403239419264712,3.170915977676973,3.1708977739361828,-50.03051577162343,-50.030515771623435,-872.9893044653203,-870.1336146029172,8.493767848829753,-2.0830052773003773
1.06401704935742,0.9398345643088324,3.159017974316473,3.1590207742451955,-52.02258358361762,-52.02258358361763,-1472.8877262632209,-1504.0160187682245,8.860626081246107,-2.0839595337271968
1.064570801214121,0.9393456958048452,3.1467737572170718,3.146776339087069,-52.033011834104656,-52.03301183410469,1261.4336866883473,1253.2534670780608,8.885075321551156,-2.0849083248110505
1.0651245530708218,0.9388573356204554,3.134800049378958,3.1348113942340077,-50.46984789726611,-50.46984789726613,1122.8628534196794,1189.2595369658075,8.651996630671809,-2.0858635274214232
1.0656783049275227,0.9383694829632574,3.123135642879584,3.123129133547291,-50.01535172885976,-50.015351728859784,-97.78147023144751,-137.70857018657375,8.610952771115922,-2.086815383735853
1.0662320567842236,0.9378821370424928,3.111421255520659,3.111428185412933,-50.48715934752606,-50.487159347526074,-634.875338538544,-654.5152215258674,8.714021738661026,-2.087769876395151
1.0667858086409243,0.9373952970690445,3.09955872250344,3.0995498526544356,-50.96546228641165,-50.96546228641166,207.07275172801317,244.38439994476812,8.822918901273772,-2.088721677235768
1.0673395604976252,0.936908962255433,3.087684464989383,3.0877036726133866,-50.25221740958409,-50.252217409584105,527.6607364650466,495.57771301151143,8.734464276185507,-2.0896682479489295
1.0678933123543262,0.9364231318158128,3.076014539997057,3.0760008561241947,-50.34444201704039,-50.34444201704041,-424.2770556347056,-412.4867954047517,8.778565180129958,-2.090620900720771
1.068447064211027,0.9359378049659668,3.064128181983026,3.0641321898874456,-50.502087545847566,-50.502087545847566,953.52732396794,967.9015054334151,8.813028634511413,-2.091566795884791
1.0690008160677278,0.9354529809233034,3.05250151878172,3.052526654061655,-48.87508633472519,-48.8750863347252,575.8404419833764,572.0837584894459,8.603972492951428,-2.092515847040925
1.0695545679244287,0.9349686589068514,3.041144743035136,3.041109879103239,-49.81933935560066,-49.81933935560067,-1530.1716545669324,-1538.5296283219982,8.774329737255922,-2.093467343659505
1.0701083197811296,0.934484838137256,3.029167394794108,3.0291919284109516,-51.10812671095412,-51.10812671095415,79.68825161046524,49.39907499888969,9.00461649730867,-2.0944078699967537
1.0706620716378303,0.9340015178367757,3.017334017859326,3.017333110573814,-49.71700214596404,-49.717002145964045,1488.8976992110545,1538.3115849017656,8.828633866746141,-2.0953522910022557
1.0712158234945313,0.9335186972292752,3.005853844061099,3.0058546160286927,-48.8041324347875,-48.80413243478751,318.2149305796277,315.94685336744465,8.678527306898477,-2.0962970013244897
1.0717695753512322,0.9330363755402252,2.9944094478365253,2.994415277127608,-49.11627757131854,-49.11627757131856,-724.8299053848224,-757.1248589812227,8.769752690816135,-2.0972423138725325
1.0723233272079329,0.9325545519966956,2.9828328644187083,2.982822496158079,-49.71067198216349,-49.710671982163504,81.61076999234214,107.29270667558212,8.902795778870637,-2.098186397578633
1.0728770790646338,0.9320732258273516,2.971189896564648,2.971209176927877,-49.13933274686252,-49.139332746862536,501.7551387392597,477.5650274556411,8.829849731553008,-2.099124488413559
1.0734308309213347,0.9315923962624508,2.9597454416942437,2.9597336872527187,-49.129573572435554,-49.12957357243557,-315.20839229482885,-300.319451624096,8.862753475259028,-2.1000687722673823
1.0739845827780354,0.931112062533838,2.9481291218222623,2.948132370366194,-49.22422328170727,-49.224223281707275,909.6882309721888,922.1130059145186,8.887279028169363,-2.101005916102662
1.0745383346347364,0.9306322238749408,2.9367434642127037,2.936766802357582,-47.78241386179196,-47.78241386179197,399.6542445030449,391.0645281264396,8.69593974149407,-2.1019462673913067
1.0750920864914373,0.9301528795207672,2.925584125887415,2.925551929417676,-48.75553753929786,-48.75553753929788,-1417.282447057772,-1425.8060038770093,8.887077511558477,-2.1028893149933117
1.0756458383481382,0.9296740287078998,2.913858639836956,2.913882626835063,-49.78769330611725,-49.78769330611725,334.87502349349023,316.38031374850857,9.078070332861229,-2.103820171855895
1.076199590204839,0.9291956706744932,2.902316031961312,2.902315133022491,-48.316962669179695,-48.3169626691797,1408.3290850621588,1450.8482439580307,8.874543942880914,-2.1047569111062394
1.0767533420615398,0.928717804660268,2.891112049556884,2.8911131403919192,-47.62167419734189,-47.62167419734193,-38.09085124373388,-52.092534884743394,8.765738601821116,-2.105692490418297
1.0773070939182408,0.9282404299065092,2.879877025941709,2.8798809218511785,-48.18227871613469,-48.182278716134704,-596.7829473387748,-606.0070866010404,8.90149923224024,-2.10663007521174
1.0778608457749417,0.9277635456560605,2.868493667264583,2.868484955867731,-48.42646167277624,-48.426461672776234,388.69482939956055,392.6268290982766,8.966761905309749,-2.1075622761881165
1.0784145976316424,0.9272871511533204,2.8571519585522838,2.8571769043737185,-47.84411477685455,-47.844114776854575,46.57521049126101,27.7632161385479,8.907196721146166,-2.108494034161108
1.0789683494883433,0.9268112456442388,2.8459262434061574,2.845894726252456,-48.20979031044463,-48.20979031044466,89.56357268416293,123.84143725418605,8.99523429047213,-2.109428400823302
1.079522101345044,0.9263358283763136,2.834560803843107,2.8346044366777634,-47.35858230741365,-47.35858230741367,1159.7827173341614,1152.4361552874461,8.87210637767508,-2.110354807492461
1.080075853201745,0.925860898598584,2.823635016731012,2.8236034574083675,-46.86252759268432,-46.86252759268435,-763.7510596428266,-775.4300143694462,8.806675325690904,-2.111290745409526
1.080629605058446,0.9253864555616303,2.812350912148009,2.8123650471024475,-48.46942907461983,-48.469429074619846,-911.3699544447188,-920.8467741282711,9.127555508635698,-2.1122190462795576
1.0811833569151468,0.924912498517568,2.800934628835952,2.800938670091033,-47.86736282722353,-47.86736282722355,1462.332389134138,1471.1526730314379,9.073127376315757,-2.113141017338615
1.0817371087718477,0.9244390267200427,2.789855442551537,2.7898564253022204,-46.56156183815212,-46.56156183815212,580.8065677517607,601.2462247528322,8.833879932162333,-2.11407101647091
1.0822908606285484,0.923966039424229,2.778885540157594,2.7788919603737083,-46.87206098309384,-46.872060983093874,-737.0188281917602,-750.2180811609009,8.939245147724687,-2.114998295052291
1.082844612485249,0.9234935358868236,2.767771717018927,2.767758644698662,-47.35062177343848,-47.3506217734385,199.32702146860868,188.67955973498226,9.049747208750311,-2.1159234402140887
1.08339836434195,0.9230215153660438,2.756628338060404,2.756656226983325,-46.83263823376583,-46.83263823376584,177.62583749719326,168.66627184905323,8.997023515137101,-2.116845652892999
1.083952116198651,0.9225499771216228,2.7456369505649105,2.745606158983717,-47.0394683932743,-47.03946839327432,69.71955468924823,101.2529421121822,9.05662015384714,-2.117771965949641
1.084505868055352,0.922078920414805,2.7344963640890634,2.7345355502296074,-46.40166795782017,-46.40166795782021,1003.102385800014,997.9007565326439,8.966926221513875,-2.118689520957111
1.0850596199120528,0.921608344508344,2.723749918061184,2.7237252235233806,-45.8297861475286,-45.82978614752862,-592.6215676818564,-611.7711620403173,8.892583397642547,-2.119615797850935
1.0856133717687535,0.9211382486664969,2.7127252571944376,2.712733532040977,-47.28125025106512,-47.28125025106513,-857.949609906231,-853.3526320379183,9.192038002992462,-2.120536439806838
1.0861671236254544,0.9206686321550204,2.7015424652049767,2.7015505986492165,-46.739228614674175,-46.739228614674204,1406.384809798481,1403.3259801919128,9.144164373938738,-2.1214486238867005
1.0867208754821551,0.9201994942411694,2.6907095926743025,2.6907093094570156,-45.47288339593225,-45.472883395932264,431.5481326373701,453.254771216858,8.90951341136286,-2.122370066626499
1.087274627338856,0.9197308341936904,2.679945190431198,2.6799490433436075,-45.942387425374896,-45.942387425374925,-642.058892585291,-644.8537334799968,9.04267279754733,-2.123289125144435
1.087828379195557,0.9192626512828196,2.6690320815504136,2.6690251566274124,-46.18267671888266,-46.182676718882675,270.0343772596766,236.23445032571365,9.111148303860729,-2.1242024840012372
1.088382131052258,0.9187949447802776,2.6581497285554905,2.6581714562588097,-45.81015904059678,-45.810159040596794,6.703366992202174,25.14728307174072,9.089419992579932,-2.125119335061116
1.0889358829089586,0.918327713959267,2.647340305063248,2.6473123450582383,-45.95075193176356,-45.950751931763584,485.9104138709862,510.4129205156239,9.128206701689264,-2.1260329081434706
1.0894896347656595,0.9178609580944678,2.636496115107891,2.6365412929813594,-44.977557075319474,-44.977557075319496,563.4972267251061,539.3018296428816,8.984304247207891,-2.1269432396096515
1.0900433866223604,0.9173946764620338,2.625999280366693,2.6259577295963217,-45.29235614513727,-45.29235614513728,-1006.5145699279878,-1007.8176648049323,9.082344095597184,-2.1278615494031947
1.0905971384790611,0.9169288683395894,2.6150229966768213,2.615051956090222,-46.3268603052381,-46.326860305238114,185.99823511817965,185.5863392120958,9.289592127728614,-2.1287670674918235
1.091150890335762,0.9164635330062244,2.6041929329217504,2.6041875332472766,-44.998162189101926,-44.99816218910195,1213.5951211602928,1217.0787498014765,9.090491938060902,-2.1296744922738933
1.091704642192463,0.9159986697424928,2.593664787014316,2.593673628121264,-44.56095719119855,-44.560957191198575,-308.4585870805409,-286.0859731568301,9.027284568871654,-2.1305871593503665
1.092258394049164,0.9155342778304058,2.583037042253998,2.5830237288985476,-45.20314106328696,-45.203141063286964,-198.51740696534424,-226.39045933805738,9.177453096806529,-2.1314937647372862
1.0928121459058646,0.9150703565534314,2.572317937403707,2.572344711067614,-44.898883417762136,-44.898883417762164,206.440752171682,191.03340392549396,9.169645526259938,-2.1323984906332893
1.0933658977625655,0.9146069051964882,2.56174131809156,2.561712200184324,-44.95233457322815,-44.95233457322814,205.3053563262337,250.03722012586144,9.194598999430406,-2.133307016851468
1.0939196496192665,0.9141439230459432,2.551053858278216,2.5510933300497163,-44.33874645528348,-44.3387464552835,747.7977038226991,730.3778948366948,9.11166607701631,-2.134206574341049
1.0944734014759672,0.913681409389608,2.5407181798630454,2.540690528933836,-44.02398068229014,-44.023980682290144,-604.7838476012895,-619.94156997948,9.08319666283415,-2.1351145523815784
1.095027153332668,0.9132193635167338,2.530074592500839,2.530088130894585,-45.21147816607875,-45.21147816607877,-406.070861507825,-393.84051076586104,9.340251422538012,-2.1360164960887924
1.095580905189369,0.9127577847180094,2.519386633691594,2.5193916017286937,-44.36961282596105,-44.36961282596107,1243.385821879826,1231.126610734434,9.230991946061142,-2.136910028462631
1.0961346570460695,0.9122966722855574,2.5090354557635184,2.5090395236019063,-43.54516041351549,-43.545160413515504,19.242298572282948,52.39395400756149,9.080619248889507,-2.13781576560477
1.0966884089027706,0.9118360255129287,2.498633476238977,2.4986230584123716,-44.17426061297716,-44.17426061297717,-361.85381446242457,-387.09901786563665,9.232429069058508,-2.138712848426468
1.0972421607594716,0.9113758436951018,2.4881232320354187,2.48814816272924,-43.98006577394085,-43.98006577394085,187.16053584376263,163.17466954467056,9.251814255712903,-2.139608624276976
1.0977959126161725,0.910916126128477,2.477744567783842,2.4777165425547887,-43.97952711089855,-43.979527110898566,291.8589168255913,344.05670449651177,9.261509177015173,-2.1405079633815114
1.0983496644728732,0.910456872110874,2.467272268403454,2.467311967656925,-43.35648183188187,-43.35648183188188,615.9541820451675,590.0220554901601,9.175929909990517,-2.1413983423636336
1.098903416329574,0.9099980809415268,2.4571319451363096,2.4571027549742004,-43.20058657157854,-43.20058657157856,-637.3358155329763,-644.093290622446,9.181606580565827,-2.142297309324474
1.099457168186275,0.909539751921082,2.44666515583796,2.4466809224169297,-44.22589529214206,-44.22589529214208,-119.499893992817,-112.60547388655525,9.408868499932705,-2.1431889154408332
1.1000109200429755,0.9090818843515952,2.4362247628766034,2.436230425183311,-43.230530824221134,-43.23053082422114,1071.2106512041762,1063.6043092977468,9.26273227493692,-2.1440735458039644
1.1005646718996769,0.908624477536524,2.426089250818166,2.426088706739147,-42.73093729295178,-42.730937292951786,-111.86407769455298,-77.56662283266652,9.179123887989975,-2.1449716286303744
1.1011184237563776,0.908167530780731,2.4158499812538725,2.4158462783203616,-43.24038616300975,-43.24038616300977,-238.9926525067557,-285.49599447096125,9.307376737151793,-2.145855368223669
1.1016721756130785,0.9077110433904731,2.4055627860735536,2.405581530294834,-43.05812103728639,-43.05812103728642,137.1761414524684,149.5325691319348,9.33361130096552,-2.146746297975064
1.1022259274697792,0.9072550146734032,2.395369588701876,2.39534701239776,-42.93994935825074,-42.93994935825076,611.9326773670016,643.1373098451534,9.313789262602322,-2.1476312359392398
1.10277967932648,0.906799443938564,2.385167800890709,2.385206215638568,-42.21628897774817,-42.21628897774819,98.93820311936436,63.82162780739745,9.2011520870058,-2.148515272583744
1.1033334311831808,0.9063443304963856,2.3751905257651647,2.375154018611354,-42.77400713815071,-42.774007138150715,-739.3657063088509,-726.2738970042047,9.374950350183969,-2.1494051601905193
1.1038871830398818,0.9058896736586818,2.3648363264226813,2.36486637447539,-43.07815833833585,-43.078158338335854,724.8168901840113,714.352244281847,9.445722225720175,-2.150279800468144
1.104440934896583,0.9054354727386464,2.3547614671252908,2.3547583136004118,-41.86861828040604,-41.868618280406054,571.066432135015,592.255462608352,9.242000173071546,-2.151163609720585
1.1049946867532836,0.9049817270508504,2.344794051723488,2.3447859654505914,-42.16870861761788,-42.16870861761788,-409.46976520233153,-414.57149681045564,9.318142690254751,-2.152046335332387
1.1055484386099843,0.9045284359112375,2.334686438487397,2.334709815510967,-42.26200544568855,-42.262005445688565,28.43054679236089,-3.5515198633594665,9.404074206224577,-2.1529215643411668
1.1061021904666852,0.9040755986371216,2.3246772488092464,2.324651179268128,-42.17122306231325,-42.17122306231326,425.648994975076,470.29334860155063,9.391266994463425,-2.1538029643024252
1.1066559423233862,0.9036232145471828,2.3146086523133267,2.314647253082286,-41.57497106716438,-41.57497106716439,405.0553391035962,385.70461995445316,9.309442835198016,-2.154674760884872
1.1072096941800869,0.9031712829614646,2.304827988265815,2.3047984965039374,-41.58990123717884,-41.58990123717885,-548.5201152233071,-555.5974638686064,9.35312646033799,-2.155555051652356
1.1077634460367878,0.9027198032013696,2.294730791655984,2.294748718720175,-42.3065508364693,-42.30655083646931,151.79658989781905,157.6502507344017,9.522510119346126,-2.1564260453183888
1.1083171978934887,0.9022687745896566,2.284744227771475,2.2847523063652457,-41.28597864990911,-41.28597864990913,817.8310323873205,819.3779132281537,9.363273910878345,-2.1572939548707257
1.1088709497501894,0.901818196450438,2.274980823027621,2.274967091631271,-41.16567740613712,-41.16567740613713,-242.05143695596428,-229.2765094563923,9.3452349695116,-2.1581719492377043
1.1094247016068903,0.9013680681091744,2.265075723563257,2.2650999659916984,-41.446789060265495,-41.44678906026551,-139.8276921746495,-173.9463606740814,9.466598544027224,-2.159035737738627
1.1099784534635913,0.9009183888926736,2.2552319996967585,2.2552083736643924,-41.35279988761982,-41.35279988761982,429.6995877289463,461.5314722054556,9.460603221843964,-2.159908565552797
1.110532205320292,0.9004691581290855,2.2453543229625623,2.245388944159082,-40.7866925637176,-40.78669256371761,400.3216901186951,394.7300187539015,9.382609698278227,-2.160770853550032
1.1110859571769929,0.9000203751478993,2.2357343461257817,2.2357092815381225,-40.761639665279326,-40.76163966527934,-454.9570240756551,-469.65021689558694,9.412483905179913,-2.1616413259307214
1.1116397090336938,0.8995720392799408,2.2258388456794918,2.2258539690199544,-41.41093742154355,-41.410937421543565,97.07359581178744,107.63495230499554,9.575836626655327,-2.162503223056931
1.1121934608903947,0.899124149857368,2.216036397574707,2.2160459751257777,-40.49351406865646,-40.49351406865647,786.7255499292867,786.847068736718,9.434433573865652,-2.1633616597419025
1.1127472127470954,0.8986767062136686,2.206446403884581,2.2064314121348265,-40.35207139260295,-40.352071392602966,-247.94347153796696,-243.6914476494669,9.40788629415842,-2.164229089652115
1.1133009646037964,0.8982297076836557,2.196718813785501,2.1967457424863497,-40.653210957939166,-40.65321095793916,-129.52655734314126,-146.40542352566547,9.54460904527322,-2.1650848042163826
1.1138547164604973,0.8977831536034663,2.1870582779154177,2.187030515326073,-40.47383822650728,-40.47383822650729,597.7761604884518,616.4492638057428,9.506703292205286,-2.165945535354405
1.114408468317198,0.8973370433105561,2.177377545336342,2.1774195723653578,-39.88493214563147,-39.884932145631474,99.55826289982492,95.61794905092195,9.42615414339655,-2.16680015011547
1.114962220173899,0.8968913761436971,2.167932458294195,2.1678948702277716,-40.18482701847407,-40.18482701847408,-416.1066717894962,-427.5479923170741,9.540711191374013,-2.1676605796523596
1.1155159720305998,0.8964461514429745,2.158168384496192,2.1582014530520843,-40.44026327640479,-40.44026327640481,423.3666257727811,431.2898541468545,9.608656448692727,-2.168508703375164
1.1160697238873003,0.8960013685497834,2.148641796007342,2.1486324659358114,-39.548509541512,-39.54850954151201,525.7488928239002,533.7450388765337,9.469595043990337,-2.1693628733235792
1.1166234757440014,0.8955570268068243,2.1391841181969014,2.139186135929042,-39.68571589521032,-39.68571589521034,-329.5128798554091,-343.58358774421924,9.502351556155055,-2.1702149737835326
1.1171772276007024,0.8951131255581022,2.129629621431506,2.129640193684973,-39.87594481405628,-39.87594481405629,52.81418413350241,57.84409589210589,9.619284021307648,-2.17106492253385
1.117730979457403,0.8946696641489216,2.120146310942459,2.120138503850658,-39.46151485058276,-39.46151485058279,657.6199134889416,664.7770463611226,9.539418026890788,-2.1719107146422987
1.118284731314104,0.8942266419258834,2.1107304487654277,2.110750694095077,-39.12270173449364,-39.12270173449364,-252.52895289239277,-263.1300872775955,9.491047638320577,-2.1727597886745964
1.118838483170805,0.8937840582368826,2.101336670204671,2.101314441741,-39.6708577493308,-39.67085774933081,-203.1353636235331,-197.70757108934944,9.673980849840884,-2.173606349938716
1.1193922350275058,0.8933419124311041,2.091797684204544,2.0918311774323657,-39.23774177199167,-39.23774177199168,763.7484186476994,761.6440169939461,9.602466750579216,-2.1744431919478244
1.1199459868842063,0.8929002038590207,2.082538089126339,2.082511816819399,-38.75156920409369,-38.751569204093705,-62.30792577657179,-58.8301264806569,9.513248414158474,-2.175290881157551
1.1204997387409077,0.8924589318723878,2.073164927834862,2.073196594089639,-39.11238806911855,-39.11238806911857,-199.53258579020496,-203.4271324124971,9.659407070401407,-2.176129577431289
1.1210534905976084,0.8920180958242434,2.06384006581608,2.063811391544545,-38.92628237312657,-38.9262823731266,609.816407413206,612.6099378789659,9.62158420097322,-2.1769676863202077
1.121607242454309,0.8915776950689019,2.0545075105049926,2.0545497573882017,-38.391868427836,-38.39186842783601,-31.92629506603629,-32.348189406122344,9.547655153101907,-2.1778057855694013
1.12216099431101,0.8911377289619525,2.0453710791217468,2.0453313657279732,-38.77525466966099,-38.775254669660995,-299.40397319662054,-302.28080443530274,9.69112216344094,-2.178644182791329
1.122714746167711,0.8906981968602559,2.0359527707280027,2.0359946811010663,-38.73803446588762,-38.73803446588763,578.2105193381706,580.4746350837581,9.693408876384433,-2.1794725400060435
1.1232684980244116,0.890259098121941,2.026817406492506,2.02679189781642,-38.04087142715463,-38.04087142715464,189.98776536710784,190.46610895108702,9.57810845453326,-2.1803075243019725
1.1238222498811126,0.8898204321064016,2.017638556159368,2.0176645037200824,-38.318627323762186,-38.31862732376219,-248.87680608954804,-248.98854284222332,9.680601830913618,-2.181139714697633
1.1243760017378135,0.8893821981742936,2.0084520134847352,2.008431112911591,-38.28805273671084,-38.28805273671087,447.0585758315619,447.1394932543528,9.697866411164853,-2.1819667144127273
1.1249297535945142,0.8889443956875323,1.9992840377225845,1.999318518497573,-37.722773279109184,-37.72277327910919,131.89158607208907,129.89422948768842,9.614486576740987,-2.1827952639099086
1.1254835054512151,0.8885070240092876,1.9902928980798351,1.9902605671900386,-38.01311486136088,-38.01311486136089,-292.7208799765319,-290.4297924443788,9.722429449642483,-2.1836236317449425
1.126037257307916,0.8880700825039832,1.9810530842460128,1.9810893033790027,-38.04248241900688,-38.04248241900689,467.5029115857313,466.468002841867,9.755128088995534,-2.1844435417592303
1.126591009164617,0.887633570537292,1.9720560085014285,1.972034067647544,-37.39309248736103,-37.39309248736103,229.77026950672075,227.328687720197,9.642656566597854,-2.1852664547258707
1.1271447610213177,0.8871974874761336,1.9630366452776,1.96306170008353,-37.59558631830808,-37.59558631830809,-214.2456981172108,-207.42337593259325,9.733643404979246,-2.1860908842176308
1.1276985128780186,0.8867618326886705,1.9540137311880696,1.953992306395161,-37.58170331854917,-37.581703318549174,440.48371767144255,435.89397416800807,9.747587708316567,-2.1869056234454427
1.1282522647347195,0.8863266055443063,1.9449960771080796,1.9450319285255508,-37.04291151704425,-37.04291151704426,63.0868337242286,59.83423806456141,9.670988089963982,-2.187726129380034
1.1288060165914202,0.8858918054136821,1.936157309497976,1.9361235076519219,-37.35866286643923,-37.358662866439246,-240.93385805048263,-233.23728419367197,9.79390490546533,-2.1885426712470757
1.1293597684481211,0.8854574316686725,1.927074047147092,1.9271123415536275,-37.28205069309856,-37.28205069309857,535.1284698108565,528.9939659466245,9.79413486433507,-2.1893528025389672
1.129913520304822,0.8850234836823843,1.9182550729808103,1.9182320225908276,-36.69345363598952,-36.693453635989535,85.22152556162175,84.07797781410017,9.694410094925225,-2.190165582769603
1.1304672721615228,0.8845899608291522,1.9093685852566784,1.9093915236871488,-36.99719039507786,-36.99719039507786,-143.01299239398378,-132.09168721649033,9.813086266052341,-2.1909799490149098
1.1310210240182237,0.8841568624845363,1.900506063407282,1.9004930418716546,-36.754685901734405,-36.754685901734405,517.8933573857308,504.79001035656717,9.779744924515652,-2.191782200488686
1.1315747758749246,0.8837241880253189,1.8916858480772831,1.8917075419906333,-36.42579432891059,-36.4257943289106,-140.87000367057635,-135.4002995837976,9.731323490002103,-2.192595425360634
1.132128527731625,0.8832919368295022,1.8829252090059665,1.8829081272081651,-36.76145733522997,-36.76145733522998,-57.69769155328605,-54.13408282677284,9.87955740723292,-2.1933981004027348
1.1326822795883262,0.8828601082763036,1.8740541998703264,1.8740775854715093,-36.4064757499939,-36.406475749993916,551.1423569884034,541.7732839053651,9.804000401174202,-2.1941980673821138
1.1332360314450272,0.8824287017461548,1.8653923009534263,1.8653834706577082,-36.08177544959037,-36.08177544959037,-104.55928626933562,-95.60492116932868,9.770659486961721,-2.1950033450313757
1.133789783301728,0.8819977166206978,1.8566406225094692,1.856645121829354,-36.38680819574486,-36.38680819574488,58.08436111258935,58.81960547721756,9.874660662194769,-2.1958017414485353
1.1343435351584288,0.8815671522827822,1.8479250198047583,1.8479404022549175,-35.873226069894784,-35.87322606989479,378.058564018197,365.688146631745,9.81176703171217,-2.1965974300391125
1.1348972870151297,0.8811370081164611,1.8393442987339512,1.8393280118124724,-35.94345120717918,-35.94345120717919,-198.26356120217,-183.41716392921444,9.830622272037166,-2.1973971758503428
1.1354510388718306,0.8807072835069903,1.8305930856942527,1.8306175847761477,-36.04606155204237,-36.046061552042374,249.6535591227789,243.82039445032737,9.918307283171385,-2.1981884451143716
1.136004790728531,0.8802779778408242,1.8220213774527128,1.8220090984558832,-35.51339811827343,-35.51339811827345,255.97717309065231,245.40210141435384,9.817328003364072,-2.198977464057293
1.1365585425852325,0.8798490905056114,1.813440065117697,1.8134554988190021,-35.662423920974284,-35.66242392097428,-123.24921570525116,-98.57021376196347,9.895232830797537,-2.1997749229941443
1.1371122944419332,0.8794206208901958,1.80486284057833,1.8048563381662495,-35.508121377721004,-35.50812137772101,426.7150255159429,401.4465147136571,9.887180953873598,-2.2005539975187753
1.137666046298634,0.8789925683846092,1.796330362529826,1.7963459570864484,-35.21096746555432,-35.21096746555431,-125.55454789118254,-112.06281045813843,9.842141509209771,-2.2013483961885663
1.1382197981553348,0.8785649323800712,1.7878413743796764,1.7878315576181787,-35.46743153508964,-35.46743153508966,62.77124064816433,64.51615340940172,9.979950791620531,-2.202129098779719
1.1387735500120355,0.8781377122689855,1.7792913082580508,1.779307815910947,-35.08694738686857,-35.08694738686858,393.25247033388473,376.19394439329005,9.881735697372115,-2.20290781725497
1.1393273018687364,0.8777109074449367,1.770891875772845,1.770889037367346,-34.950441072728914,-34.95044107272892,-101.60707103942008,-74.61514411820612,9.916641662398309,-2.2036951679688075
1.1398810537254374,0.8772845173026883,1.7624323676364426,1.7624339017455193,-35.02164536812592,-35.021645368125924,300.3490568776598,277.5902024167487,9.941678520892491,-2.2044660133627043
1.1404348055821385,0.8768585412381787,1.754018302481106,1.7540341891769076,-34.6217433443493,-34.62174334434931,-14.375671241701411,-5.841980800957252,9.90000774823878,-2.205248249930191
1.1409885574388392,0.8764329786485202,1.7456915650452498,1.7456772039763002,-34.856879822504894,-34.8568798225049,30.351598297841065,34.78601151768524,10.00620541523525,-2.206020442975641
1.14154230929554,0.8760078289319934,1.737243688486245,1.7372654467816417,-34.58838381262132,-34.588383812621345,342.28723008537173,327.89053558885007,9.94649784070812,-2.206789232286558
1.1420960611522408,0.8755830914880465,1.7289839274927783,1.7289783230141402,-34.33670152317777,-34.33670152317778,-9.715961512709852,10.484132088275429,9.95535387749053,-2.20756440211034
1.1426498130089418,0.875158765717292,1.7206590216110549,1.7206604185698646,-34.46917991121196,-34.46917991121196,212.09599565247845,196.21112797152955,9.983389437025496,-2.208327811600017
1.1432035648656425,0.874734851021504,1.7123612251134128,1.7123798137470847,-34.077248182139904,-34.07724818213991,23.514389915849137,28.332832966392655,9.96036810715728,-2.209097252630389
1.1437573167223434,0.8743113468036142,1.7041813969102857,1.7041638008369528,-34.24636727055628,-34.2463672705563,63.23197374243276,67.7415557083075,10.038436995977182,-2.209860438484503
1.1443110685790443,0.873888252467711,1.6958585965697326,1.695883338169061,-34.04488213089002,-34.04488213089003,269.0203887263982,256.66749747487364,9.996559369472577,-2.2106184831983575
1.144864820435745,0.8734655674190354,1.6877270070117898,1.6877193028068955,-33.784928980781814,-33.78492898078182,35.87671413901449,54.13542861418317,10.008317268472533,-2.2113828686287476
1.145418572292446,0.873043291063978,1.6795324686957716,1.6795359949911828,-33.88207938876896,-33.88207938876897,217.7830245668227,202.00473757395176,10.021022080252845,-2.212135559222234
1.1459723241491468,0.8726214228100776,1.6713684388232808,1.6713848418778727,-33.533581175582285,-33.5335811755823,-26.25774347248523,-19.89610302757696,10.010342381000122,-2.212894873071053
1.1465260760058475,0.8721999620660174,1.6633084116045007,1.6632934286441325,-33.687247724930124,-33.68724772493013,122.44097147737445,125.6377119194606,10.090900241851715,-2.213646551669229
1.1470798278625485,0.8717789082416219,1.6551300026767142,1.6551531567305686,-33.44587363860986,-33.445873638609875,247.99676149445088,235.1797116620069,10.028075764554549,-2.21439367039629
1.1476335797192494,0.871358260747855,1.6471195142456516,1.6471111036140547,-33.26967518684894,-33.269675186848964,-9.172463253140306,11.535282286992276,10.066788067514109,-2.2151484829847106
1.1481873315759503,0.8709380189968173,1.639055493890159,1.639064214119696,-33.276588964094685,-33.27658896409469,286.0793429723511,266.76122489371625,10.066601902046981,-2.215887728701154
1.148741083432651,0.8705181824017427,1.631039231377155,1.631045990379337,-33.00796121621634,-33.007961216216344,-69.25585848995159,-59.93233604315749,10.047291588058561,-2.21663838873771
1.149294835289352,0.8700987503769955,1.6230649154866668,1.6230621579010187,-33.13485447505226,-33.134854475052265,123.03112616079454,124.55001846624198,10.148544961387866,-2.2173771480480142
1.1498485871460529,0.8696797223380688,1.6150662661145574,1.6150800230172784,-32.82960215754245,-32.82960215754246,288.6650212124606,277.9834860958385,10.06434466085429,-2.2181135988149094
1.1504023390027536,0.8692610977015811,1.6071548517910996,1.6071481998945676,-32.7794333864763,-32.779433386476306,-60.55247267285558,-44.080042270556774,10.109612845945689,-2.2188572971401643
1.1509560908594545,0.868842875885273,1.599222580745092,1.5992405747276834,-32.64443516875294,-32.64443516875294,250.59266358862047,236.20246432575723,10.126484584730775,-2.219584787438069
1.1515098427161554,0.8684250563080057,1.5913773311009636,1.591365676526352,-32.5304770358285,-32.530477035828504,49.5819592714108,56.72846007147291,10.095998619909345,-2.220323772241796
1.152063594572856,0.8680076383897578,1.5834547304579158,1.5834741636174547,-32.53815648807613,-32.53815648807614,36.55658463012065,33.73052429188403,10.16899020112262,-2.2210499183075316
1.152617346429557,0.8675906215516215,1.5756580694258473,1.5756533362949092,-32.26253321827379,-32.2625332182738,264.4148950052866,266.0305149197274,10.142165360802512,-2.2217782939415085
1.153171098286258,0.8671740052158023,1.5678395969836905,1.567844816375384,-32.23712358542244,-32.237123585422445,110.21885499032282,111.39602508882447,10.127199324085352,-2.2225038362329954
1.153724850142959,0.8667577888056145,1.5600461851719882,1.5600581663804776,-32.053634118471464,-32.05363411847148,-27.98081144303626,-31.978142998904268,10.162464920130397,-2.2232274738515723
1.1542786019996596,0.8663419717454789,1.5523228604068684,1.5523143356534126,-32.08471964329462,-32.084719643294626,183.5081312275032,187.44253009527546,10.206500575625032,-2.223947862369789
1.1548323538563603,0.8659265534609203,1.5445413033447828,1.5445609675199317,-31.86636897664792,-31.866368976647934,197.77635751559453,193.69772656296232,10.155140103350064,-2.224662719740484
1.1553861057130614,0.8655115333785645,1.536868644040661,1.5368577748160406,-31.7665278926556,-31.76652789265562,0.8816864550152559,6.719423594800336,10.191383361415541,-2.225383478928088
1.155939857569762,0.8650969109261372,1.5291689620185742,1.529190448796691,-31.64686389386756,-31.64686389386758,201.8306896851551,196.42628081195383,10.206791507754144,-2.226090981354058
1.156493609426463,0.8646826855324583,1.5215563742027864,1.5215421397636377,-31.550376233210496,-31.55037623321051,89.20238260891483,92.20960005346588,10.184973233157034,-2.2268064679382773
1.157047361283164,0.8642688566274429,1.5138658523036557,1.5138889448272765,-31.51044212118865,-31.51044212118866,28.98100653329917,26.63827480614639,10.237036151047368,-2.2275112568090507
1.1576011131398647,0.8638554236420962,1.506305948386904,1.5062958500338963,-31.300596179183778,-31.300596179183785,212.37800379645955,213.79454304900244,10.236356580578123,-2.228217904310866
1.1581548649965656,0.8634423860085114,1.4987152133602255,1.4987304291320425,-31.210631003620648,-31.210631003620662,164.96289141457967,167.47516170452548,10.210702413356415,-2.2289192649326828
1.1587086168532663,0.8630297431598677,1.4911733423489697,1.491170547064262,-31.104954642283957,-31.10495464228396,-11.475212789075002,-15.931438650119127,10.232306003679733,-2.2296223423452206
1.1592623687099672,0.862617494530427,1.4836298379568358,1.4836398826555297,-31.07180038584981,-31.07180038584982,94.96448462909848,95.55107167362719,10.287837409417534,-2.23031821290667
1.1598161205666682,0.8622056395555319,1.476143410401272,1.4761459993118096,-30.868281479996607,-30.868281479996618,251.85675103960637,254.38352500719782,10.25801213904245,-2.231012351268602
1.160369872423369,0.8617941776716028,1.4686665001205297,1.4686693672837547,-30.77939161996993,-30.779391619969935,85.85789209840155,86.80669207237362,10.241629818117563,-2.2317060469745624
1.1609236242800698,0.8613831083161355,1.4612088611783656,1.4612199305915785,-30.655935200005192,-30.6559352000052,1.1707794004099412,-3.692634261698399,10.286444150431873,-2.232396238880884
1.1614773761367707,0.8609724309276983,1.4538137303151264,1.453809568263219,-30.618061071946816,-30.618061071946826,149.9641951636863,151.99426199789724,10.315828077279777,-2.2330823777103035
1.1620311279934716,0.8605621449459296,1.4463867608987138,1.446401763204846,-30.466166212533484,-30.466166212533494,214.67126047521836,217.17756272293005,10.286468776579444,-2.233765597507293
1.1625848798501726,0.8601522498115358,1.439029473509564,1.4390235870911965,-30.32310308654184,-30.323103086541842,61.52047625270785,60.65675586375548,10.282870551861171,-2.234448961361744
1.1631386317068733,0.8597427449662884,1.431670686962241,1.4316880565183678,-30.229754139361724,-30.229754139361734,31.68570231221237,28.476018299920426,10.328001667650287,-2.2351276502415653
1.1636923835635742,0.8593336298530209,1.424386412625374,1.424377624750909,-30.17357291271591,-30.173572912715915,158.86097622681905,160.62675927691822,10.343433096103153,-2.2358028616915213
1.164246135420275,0.8589249039156271,1.4170501515528835,1.41706882357681,-30.042102364972056,-30.042102364972063,185.62859165198276,188.00406228554098,10.322138134577497,-2.236475562158206
1.1647998872769758,0.8585165665990588,1.4098022967437325,1.4097944935803188,-29.88170834320692,-29.881708343206924,68.19191982141339,66.68537688804064,10.321897386587901,-2.2371471911017884
1.1653536391336767,0.858108617349322,1.402545391105883,1.402563307878737,-29.80442115631505,-29.80442115631506,41.63844404196799,39.57988956408628,10.362475652198736,-2.237815106273404
1.1659073909903777,0.8577010556134754,1.395360221415064,1.3953523161830925,-29.73540738422437,-29.735407384224377,151.0566639208353,151.97623310275458,10.377331787067588,-2.2384785140647763
1.1664611428470784,0.8572938808396284,1.3881301920777374,1.3881474318905438,-29.6127106216545,-29.612710621654507,178.90072153422653,181.54657118891225,10.359191088104497,-2.2391403051411105
1.1670148947037793,0.8568870924769368,1.380981948145898,1.380976594775012,-29.44763527090696,-29.447635270906968,81.93216212915195,80.3517841068927,10.356964350773493,-2.239799894050458
1.1675686465604802,0.8564806899756021,1.3738301672049849,1.3738447823905928,-29.378785133472945,-29.37878513347295,35.89053311899576,34.394739865128,10.393499975693322,-2.2404568080954275
1.168122398417181,0.8560746727868683,1.3667381237730352,1.366734940290622,-29.30010950799898,-29.300109507998982,137.2364831103931,137.16187950110043,10.415468480696651,-2.241108282135273
1.1686761502738818,0.8556690403630192,1.3596240241483672,1.3596357842917584,-29.18523155879552,-29.185231558795532,179.105485138219,182.10087301015957,10.397370315974626,-2.24175809613174
1.1692299021305828,0.8552637921573761,1.3525677562474634,1.3525691790413095,-29.01614372903644,-29.016143729036447,103.88337546118775,102.6948173864604,10.392211241273998,-2.242405903460102
1.1697836539872837,0.8548589276242962,1.3455271842710277,1.345533864354253,-28.95833798353328,-28.958337983533283,34.62337774644848,33.26454362171586,10.419227795153516,-2.243050718405163
1.1703374058439844,0.8544544462191686,1.3385145949297137,1.338520846759742,-28.865974221771168,-28.86597422177118,111.8290486143842,111.30571275311287,10.45198605632086,-2.2436912235085096
1.1708911577006853,0.8540503473984128,1.3315295298212928,1.331531533605242,-28.75044990506389,-28.750449905063906,170.5501709610732,172.84689552208167,10.437462724904345,-2.244327400652065
1.1714449095573862,0.8536466306194764,1.3245607519167828,1.3245724794993643,-28.59324117457656,-28.593241174576576,122.90714659933631,123.26967429068746,10.432714059288,-2.2449640325803197
1.171998661414087,0.8532432953408324,1.317638168287382,1.3176343688283016,-28.54299136830284,-28.54299136830285,58.25764410747793,54.51592863819478,10.445608362475822,-2.2455947786326487
1.172552413270788,0.8528403410219761,1.3106933062892523,1.3107100187047607,-28.443136249036677,-28.443136249036684,96.05586899287496,100.80231772749701,10.479168565505061,-2.246225587380485
1.1731061651274888,0.8524377671234247,1.303834872985275,1.3038284532954973,-28.29393941784092,-28.29393941784093,170.35375228019768,165.73274836748854,10.467725485429959,-2.246847320912834
1.1736599169841897,0.852035573106712,1.2969573175611788,1.2969746542636233,-28.19131452272229,-28.1913145227223,35.41830814333976,38.78365078087953,10.47425812839164,-2.2474730601442787
1.1742136688408904,0.8516337584343886,1.2901446404658257,1.2901392999518664,-28.13887495359209,-28.13887495359211,151.56124683815833,151.6006693526679,10.510823837658348,-2.2480892929012217
1.174767420697591,0.8512323225700181,1.2833022345516742,1.2833167245682904,-27.98828827294146,-27.98828827294148,140.97140746357374,136.51841804222883,10.472319728476732,-2.248705137113901
1.175321172554292,0.8508312649781749,1.2765326402022257,1.2765318104761785,-27.88302012280656,-27.883020122806577,20.131187810605454,27.41654995666908,10.516276167802218,-2.249320225411448
1.175874924410993,0.8504305851244423,1.2697685892171924,1.2697796953790987,-27.789950227284493,-27.789950227284507,208.22032627740796,201.58872377156212,10.51920212692109,-2.249925704973395
1.176428676267694,0.8500302824754095,1.2630399078611083,1.2630392680260283,-27.666087552300542,-27.66608755230056,51.42158771125723,54.288615079959925,10.49673547140557,-2.2505345923687656
1.1769824281243948,0.8496303564986701,1.256310771293657,1.2563244566483756,-27.60818721154875,-27.60818721154876,73.32287213818863,75.0644978704973,10.55875215561668,-2.251136870391062
1.1775361799810955,0.8492308066628189,1.249645166719601,1.24964203695954,-27.452507954922115,-27.45250795492213,197.07367332385311,191.93856413711893,10.528002230182702,-2.2517329473989127
1.1780899318377964,0.8488316324374492,1.2429707523552198,1.2429853151910346,-27.353040126920284,-27.3530401269203,21.91906530326605,28.475931680606184,10.54078741644883,-2.252332873518291
1.1786436836944971,0.8484328332931521,1.2363556702186658,1.2363542100848108,-27.286922337848196,-27.286922337848218,133.64758213251827,127.59615727105816,10.576569043523111,-2.2529211931701445
1.179197435551198,0.8480344087015124,1.229723157573185,1.2297332059564803,-27.16997506457471,-27.16997506457473,136.0424942522594,139.21090064132918,10.550600809361216,-2.253511619476333
1.179751187407899,0.8476363581351074,1.223146712503874,1.223152829907769,-27.01680784995164,-27.016807849951658,97.27139231408458,99.08699510873898,10.572149060780616,-2.254097203119707
1.1803049392646,0.847238681067504,1.2165960173193708,1.216597657741962,-26.96555651618548,-26.965556516185487,99.29531770039756,93.13412766952969,10.56846015462439,-2.254678092292243
1.1808586911213006,0.8468413769732569,1.2100358838509029,1.210048291079434,-26.86447404526388,-26.86447404526389,71.12429508801267,78.38255217249032,10.60063302691016,-2.2552589422590548
1.1814124429780015,0.8464444453279053,1.2035465348534002,1.2035465296480605,-26.72155098745709,-26.721550987457103,180.7043413020132,175.5697923687969,10.594151792808267,-2.2558298279844937
1.1819661948347024,0.8460478856079717,1.197051310340055,1.197061006787266,-26.634975183852685,-26.634975183852696,33.170566081641624,34.517205998599195,10.588084530402678,-2.256404459026247
1.1825199466914034,0.8456516972909593,1.1905962576465714,1.1906020019617436,-26.55404664086021,-26.554046640860225,104.67986859024056,106.91137034191188,10.643340807075866,-2.2569703262752707
1.183073698548104,0.8452558798553493,1.1841638146431055,1.184167116511163,-26.42810554235689,-26.428105542356906,193.41575862172223,188.95892325989632,10.601404634737273,-2.2575321221971474
1.183627450404805,0.8448604327805985,1.1777426835089682,1.177753506760094,-26.308399170987308,-26.308399170987308,5.331703849250431,10.500800962325643,10.62083106983749,-2.258096161496508
1.184181202261506,0.8444653555471381,1.1713743527397682,1.1713762039608786,-26.249394064584727,-26.249394064584735,140.1230022445544,136.12776071013445,10.659279688599657,-2.258649172597047
1.1847349541182066,0.8440706476363702,1.1649969360316803,1.1650050278947437,-26.12983884733885,-26.129838847338856,137.2225387471358,137.80908431720061,10.625577152049804,-2.2592026653634374
1.1852887059749075,0.843676308530666,1.158663282911175,1.158671006232825,-25.995602627546333,-25.99560262754634,55.696487850666486,59.13191841639625,10.656414923464126,-2.2597528914653333
1.1858424578316085,0.8432823377133639,1.1523653496599624,1.1523680679417259,-25.932047913318435,-25.932047913318446,146.11457360037355,141.01466428001407,10.659317278660428,-2.260295671097281
1.1863962096883092,0.8428887346687669,1.146057747765407,1.1460672303615587,-25.826501354118584,-25.826501354118587,70.43067623724076,73.70901681593502,10.659347740677891,-2.2608392616831345
1.18694996154501,0.8424954988821398,1.139806310736062,1.1398121349497317,-25.695010254394745,-25.695010254394752,114.61801727244138,114.83138831004136,10.687263583435305,-2.261375313932915
1.187503713401711,0.8421026298397082,1.133576335749286,1.1335805840941842,-25.61806484937821,-25.618064849378214,129.67814057456584,126.89835902346807,10.668473478900845,-2.2619084448471694
1.1880574652584115,0.8417101270286554,1.1273448171909206,1.1273542017927314,-25.525398791216592,-25.525398791216602,46.85840397960885,49.904545909056075,10.693691322521815,-2.2624397840053994
1.1886112171151126,0.8413179899371197,1.1211694617955086,1.1211746497386201,-25.39088506476376,-25.390885064763765,151.36994983109486,149.98889400716877,10.707801150399,-2.2629631274234576
1.1891649689718136,0.8409262180541939,1.115009562833602,1.1150149374919491,-25.308841020792585,-25.308841020792592,103.56466455870428,102.90179504078216,10.686219113305569,-2.2634856992873287
1.1897187208285145,0.8405348108699212,1.108855152150396,1.1088640212107346,-25.225095007509005,-25.22509500750901,47.32379666802692,48.90555119911854,10.72389323100022,-2.264004153792598
1.1902724726852152,0.8401437678752943,1.1027524013435668,1.102757693472519,-25.088708759020133,-25.08870875902014,165.91756917988758,164.76249498043924,10.72692099029713,-2.264515353241447
1.190826224541916,0.8397530885622523,1.096664352779328,1.0966703390405144,-25.00234887967115,-25.002348879671157,91.1577167380796,91.46155003523144,10.707407277615582,-2.2650262425145034
1.191379976398617,0.8393627724236786,1.09058638289572,1.0905948093495106,-24.9219573679892,-24.921957367989204,49.958560388627234,50.13570933575597,10.747330840143718,-2.265531946776322
1.1919337282553175,0.8389728189534004,1.0845549130167509,1.084560547214823,-24.791116771059315,-24.79111677105932,161.5794825294872,161.16940063679823,10.748989211409858,-2.2660310589888932
1.1924874801120189,0.8385832276461828,1.0785398019309556,1.0785462043262333,-24.698675392794367,-24.69867539279437,97.92376794653032,98.6362083724967,10.730601181088772,-2.2665292093283367
1.1930412319687196,0.8381939979977314,1.0725372081323596,1.0725450412467765,-24.61703555002361,-24.617035550023626,50.978638920106846,50.277804134038874,10.764326586156592,-2.267022374182543
1.1935949838254205,0.837805129504686,1.0665761818675767,1.0665827370695666,-24.494263673045747,-24.49426367304576,141.49444543649292,141.27818538452235,10.77354140443568,-2.267509240476815
1.1941487356821212,0.8374166216646207,1.0606365038687182,1.0606425437419011,-24.40055161733785,-24.40055161733786,117.0556484114146,118.4539878363886,10.756477388964234,-2.2679938329
1.194702487538822,0.8370284739760407,1.05470582195802,1.054713740906155,-24.31168232636645,-24.311682326366462,61.54445079308218,60.3518863806384,10.77601036271089,-2.2684744305982916
1.1952562393955228,0.836640685938381,1.0488164237027888,1.0488234836194266,-24.193416553013407,-24.193416553013414,102.96585359490602,102.1875490322352,10.795113641049433,-2.268948952042284
1.1958099912522238,0.8362532570520036,1.042951823885026,1.0429576499035829,-24.11220375047193,-24.11220375047193,133.8162515466281,136.173246107661,10.789262703756735,-2.2694197465820998
1.196363743108925,0.8358661868181952,1.037093304674371,1.0371015198822435,-24.003330666994568,-24.003330666994582,95.5893606135871,94.1875455615086,10.784982761268402,-2.2698866326572134
1.1969174949656256,0.8354794747391666,1.0312754331929386,1.0312823324399782,-23.89265781450764,-23.892657814507654,52.85510622415305,51.86357337362568,10.809043192546131,-2.270349579602281
1.1974712468223263,0.835093120318048,1.0254818922008226,1.0254884816085004,-23.83043138159822,-23.83043138159823,128.58024754267998,130.39279389453137,10.828106969735094,-2.2708058408951914
1.1980249986790272,0.834707123058889,1.0196993023476275,1.0197069335014963,-23.70329609749723,-23.70329609749724,140.86401103921958,140.30214954663455,10.802211790354834,-2.271258153231645
1.1985787505357282,0.8343214824666552,1.01394910992956,1.0139563531663693,-23.59745203996863,-23.597452039968644,34.81495680489992,34.521511067648355,10.818103353641346,-2.2717088142080084
1.1991325023924289,0.8339361980472274,1.0082257208784604,1.0082327387672227,-23.53167321314802,-23.53167321314803,98.99061327055205,98.60615045143504,10.85501714658691,-2.2721509124427093
1.1996862542491298,0.8335512693073981,1.0025255831517257,1.0025333608586937,-23.40277761204888,-23.40277761204889,155.21659708914996,155.73482358909303,10.83276641293528,-2.272588768421076
1.2002400061058307,0.83316669575487,0.9968480067607556,0.9968544796682132,-23.31391170630109,-23.3139117063011,71.50857354361929,72.57171890684943,10.831229008983486,-2.2730248768861925
1.2007937579625314,0.8327824768982545,0.9911850343767388,0.9911934486922831,-23.23052736712952,-23.23052736712953,78.68243361515984,76.7458645952042,10.858729310213409,-2.273454159251645
1.2013475098192323,0.8323986122470681,0.9855606029539444,0.9855675968772212,-23.10957830197174,-23.109578301971748,111.4916411217758,111.63087697936936,10.861825127027274,-2.2738783355763963
1.2019012616759333,0.832015101311732,0.9799566582544323,0.9799638812633967,-23.031300878596998,-23.031300878597012,112.68605124452525,114.64178479727134,10.862173462939955,-2.274298564585023
1.202455013532634,0.8316319436035688,0.974365517991681,0.9743734910314721,-22.92502626742711,-22.92502626742712,105.241358816929,103.76428338098965,10.858712952049178,-2.2747136317159913
1.2030087653893349,0.831249138634801,0.968807464266902,0.9688149286416122,-22.820393582277845,-22.820393582277855,56.33215176240248,56.349415776687984,10.874289459717541,-2.275125286795655
1.2035625172460358,0.8308666859185488,0.9632751107355096,0.9632825357575612,-22.748333947251503,-22.748333947251517,97.2089201167942,97.23417359146005,10.90102272715303,-2.275529241638872
1.2041162691027367,0.830484584968828,0.9577643340322808,0.9577724152717101,-22.63178635906737,-22.63178635906738,134.1240841438572,133.8435031565532,10.88723660232505,-2.275928036803847
1.2046700209594374,0.8301028353005483,0.9522769895062814,0.9522841426652752,-22.53844315303641,-22.538443153036425,94.26243851613997,95.9768395680835,10.884910452733118,-2.276324763457574
1.2052237728161384,0.8297214364295102,0.9468062320398948,0.9468145071624643,-22.4433230712808,-22.44332307128081,93.28285035636118,91.51997716699256,10.894091552466229,-2.276714748831651
1.2057775246728393,0.8293403878724043,0.9413684064657196,0.9413761373156552,-22.33726602374983,-22.33726602374984,69.90525784074663,70.13780752363785,10.90538118229667,-2.2771009133629097
1.20633127652954,0.8289596891468084,0.9359537245581516,0.9359611510179855,-22.26950885203985,-22.269508852039845,96.46622925509142,96.9120911783056,10.927037905057713,-2.277479703657718
1.206885028386241,0.8285793397711856,0.930556695736255,0.9305653028603429,-22.15589433819078,-22.155894338190787,125.33000352490686,124.55590833069257,10.915916425958006,-2.277853001345722
1.2074387802429418,0.8281993392648824,0.9251880185957322,0.9251952500988925,-22.055494068736795,-22.05549406873681,92.28199632956768,93.95786697415498,10.915795299458276,-2.27822388303934
1.2079925320996423,0.8278196871481273,0.919838503507848,0.9198472094857592,-21.96086759191331,-21.960867591913313,96.32412468119564,94.8972117336961,10.923298914074932,-2.2785876852758165
1.2085462839563434,0.8274403829420266,0.914518133657402,0.9145256459364349,-21.865668054239404,-21.865668054239407,70.99432143853795,71.14078821458826,10.932046467842946,-2.2789476892743377
1.2091000358130444,0.8270614261685654,0.9092163428479522,0.9092245150455371,-21.79398842494682,-21.793988424946825,90.32750211119216,90.448144765405,10.954629626620589,-2.279300035288153
1.209653787669745,0.8266828163506037,0.9039403874253092,0.9039491584735582,-21.67231347661529,-21.672313476615297,124.55716622622636,124.32904637771007,10.945475323526656,-2.2796465959275656
1.210207539526446,0.8263045530118742,0.898691078374042,0.898698175244282,-21.58453152046724,-21.584531520467245,98.33635811399212,99.6535408377126,10.941014904919278,-2.27999039582574
1.210761291383147,0.8259266356769814,0.8934525189578498,0.8934617895499999,-21.49552174102469,-21.4955217410247,84.03538944159493,82.38148041225402,10.948481153291633,-2.2803273694819852
1.2113150432398478,0.8255490638713994,0.8882476301892471,0.8882554557164324,-21.39252937232013,-21.392529372320137,75.62739219616736,76.22523287962701,10.963390163456383,-2.2806599811310155
1.2118687950965483,0.8251718371214691,0.8830661479062326,0.8830744966374618,-21.31160318567416,-21.31160318567417,107.0542132461646,107.23597649379003,10.973224769212905,-2.2809843256775375
1.2124225469532497,0.8247949549543963,0.8779045745616216,0.8779131296399547,-21.206439769321,-21.206439769321012,99.03132739775047,98.87539297817933,10.964965923847993,-2.281304473322195
1.2129762988099504,0.8244184168982517,0.8727679198557072,0.8727761989027781,-21.11867867695832,-21.118678676958332,78.90687726391555,78.9332869073995,10.978887478387986,-2.2816193684285118
1.213530050666651,0.824042222481966,0.8676542950375381,0.8676631776793648,-21.02439091164248,-21.024390911642488,106.28191694299323,105.99427200970673,10.983006501295767,-2.2819268696053
1.214083802523352,0.8236663712353297,0.8625630252587912,0.8625708057325289,-20.929923861142186,-20.929923861142196,103.59919562711774,104.43499797265419,10.978074896394268,-2.2822306134788755
1.214637554380053,0.823290862688991,0.8574919066144209,0.8575017015667433,-20.829694134480174,-20.82969413448018,79.65506313111999,78.62804875297932,10.98301340090256,-2.2825277375682624
1.2151913062367536,0.8229156963744536,0.852450066641959,0.8524573280462706,-20.75084095843032,-20.750840958430324,82.40792965919064,83.10671645780103,10.998629785411406,-2.282819793965722
1.2157450580934546,0.8225408718240743,0.84742314196384,0.8474332244856823,-20.65430697874148,-20.654306978741484,109.7397919184773,109.37748998237281,10.999623342879113,-2.283103473660505
1.2162988099501555,0.8221663885710622,0.8424279042363496,0.8424355702866259,-20.55208589465008,-20.55208589465009,80.67878299389398,80.7439806801543,10.996981563889262,-2.2833836354797414
1.2168525618068562,0.8217922461494757,0.8374481164866405,0.8374575407533562,-20.48068746692509,-20.48068746692509,86.93255859296065,87.33542570464837,11.015443507398624,-2.283656331487206
1.2174063136635571,0.8214184440942208,0.8324951622383315,0.8325041664762025,-20.36706528903016,-20.36706528903016,109.0174958904818,108.11362603965418,11.008321070454507,-2.283922244321559
1.217960065520258,0.8210449819410497,0.8275658968872275,0.8275738467462593,-20.288084497949647,-20.288084497949654,77.53157898947977,78.56199735052066,11.012630437077323,-2.2841844365012127
1.218513817376959,0.8206718592265584,0.8226530989501137,0.822663874819375,-20.19316145698204,-20.19316145698204,98.12852070605872,97.52880283908954,11.023029143099794,-2.2844379327877964
1.2190675692336597,0.820299075488185,0.817772443643804,0.8177790739132128,-20.098171470359503,-20.098171470359517,95.88673318941342,95.76599812555337,11.016348388130035,-2.2846867756062634
1.2196213210903606,0.8199266302642072,0.8129031647990209,0.8129150337103946,-20.01077599652114,-20.010775996521144,79.01940747920986,79.72255030543647,11.027342647582982,-2.284929338389984
1.2201750729470615,0.8195545230937413,0.8080684710961903,0.8080747396885496,-19.919915931446987,-19.91991593144699,99.98500593382307,99.09062183498396,11.030908115903554,-2.2851643414001233
1.2207288248037622,0.81918275351674,0.8032444604624008,0.8032564677334395,-19.826293856368853,-19.82629385636886,85.32736268315547,85.9466625736194,11.029959118726241,-2.2853941532543867
1.2212825766604631,0.8188113210739898,0.7984544092606352,0.7984610706212611,-19.74000885869954,-19.74000885869955,88.87675745375641,88.78252326939709,11.040408469319397,-2.2856169059983436
1.221836328517164,0.8184402253071101,0.7936760800372487,0.7936877689973311,-19.646566954887746,-19.64656695488776,94.94793344272222,94.5737701126773,11.037808163380898,-2.2858325511503894
1.2223900803738648,0.8180694657585512,0.7889301698196789,0.7889374251727174,-19.556885180486912,-19.55688518048692,83.21675320294027,83.82686136057467,11.044131796639574,-2.2860431830050967
1.2229438322305657,0.8176990419715913,0.784197449708639,0.7842087546372699,-19.469980112966915,-19.469980112966926,93.388855190369,92.77472983591873,11.047844443344403,-2.286244981087562
1.2234975840872666,0.817328953490336,0.7794952791335569,0.7795031955311711,-19.37510138722036,-19.37510138722037,87.73568491477637,88.17455292061858,11.048531522348727,-2.2864422175045505
1.224051335943967,0.8169591998597162,0.7748083594765697,0.7748191368481104,-19.291965318869785,-19.29196531886978,88.81255197927237,88.60639581094266,11.054086961188748,-2.2866309073319155
1.2246050878006682,0.8165897806254846,0.7701491885096342,0.7701579941094958,-19.19545448338024,-19.195454483380242,89.3507453613193,89.37386839392204,11.0545958920761,-2.2868141027366757
1.2251588396573692,0.8162206953342167,0.7655087352325866,0.7655187580539765,-19.113843139781245,-19.113843139781245,87.85892450666076,87.91223041886334,11.059123027206947,-2.2869895418330537
1.22571259151407,0.8158519435333066,0.760891642467742,0.7609014353091937,-19.017613566295186,-19.017613566295193,88.46477137219898,88.40752167161882,11.060236940754121,-2.287158541547333
1.2262663433707708,0.8154835247709661,0.7562980132216673,0.7563074627063204,-18.934558427127087,-18.93455842712709,88.05771418230447,88.08837072412396,11.064082623954418,-2.287320364390701
1.2268200952274717,0.8151154385962225,0.7517231816088803,0.7517334083279429,-18.843662351686767,-18.843662351686767,87.30477208788389,87.26810001098806,11.06506506988025,-2.287475005416577
1.2273738470841726,0.8147476845589171,0.7471744008570245,0.7471841811365384,-18.753155972505667,-18.753155972505667,87.89376841817275,88.00008166957845,11.06903564332541,-2.2876229506125774
1.227927598940873,0.8143802622097036,0.742645000804639,0.742654654936079,-18.671795272334155,-18.67179527233416,87.25060158558962,86.99768203558675,11.069153592428744,-2.2877629241753072
1.2284813507975745,0.8140131711000447,0.7381360226515745,0.7381468030592554,-18.578410855026107,-18.57841085502611,85.6478008068645,86.05955499728452,11.073591697139088,-2.2878968377805635
1.2290351026542752,0.8136464107822132,0.7336538699040274,0.7336629993982708,-18.49212767553032,-18.49212767553033,90.17292652330887,89.67476266925041,11.073508613003561,-2.2880218171320887
1.229588854510976,0.8132799808092871,0.7291874562535828,0.7291985175288578,-18.40735330224056,-18.407353302240562,81.9342750443115,82.35203416106638,11.075575481166318,-2.2881413734395757
1.2301426063676768,0.8129138807351498,0.7247477156148772,0.7247572337953159,-18.315813278881524,-18.31581327888153,90.33577979875083,90.17418492075822,11.079688950088908,-2.2882515608699308
1.2306963582243775,0.8125481101144872,0.7203286403367993,0.7203395087917793,-18.22701763452264,-18.22701763452265,85.76448466686003,85.55503707784207,11.075988238701829,-2.2883557173464055
1.2312501100810784,0.8121826685027865,0.7159310373540528,0.7159407159044898,-18.14916215928047,-18.14916215928048,82.03165096483836,82.55798380815504,11.083014300241716,-2.2884518203127566
1.2318038619377794,0.8118175554563344,0.7115523428079187,0.711563561650447,-18.05511319893408,-18.055113198934084,93.10974843593588,92.50856176591068,11.080658900301104,-2.2885398172735765
1.2323576137944805,0.8114527705322145,0.7072004737996563,0.7072100884198839,-17.969051900098222,-17.969051900098226,78.45165837756468,78.76877880530054,11.08070467792609,-2.288621221190207
1.2329113656511812,0.8110883132883072,0.70286430039673,0.702875596231274,-17.890986714249976,-17.890986714249987,87.61284396806026,87.77147228231465,11.087414573592211,-2.288694006622993
1.233465117507882,0.810724183283286,0.6985534589909546,0.6985634535070655,-17.79369371699013,-17.793693716990138,90.34074816910014,89.85619031314398,11.080419119212237,-2.2887588278715847
1.2340188693645828,0.8103603800766166,0.694263812669774,0.694274962249315,-17.711408886015978,-17.711408886015985,71.8891016894697,72.37931932647002,11.086264932266674,-2.288817193612598
1.2345726212212838,0.8099969032285552,0.6899968713276567,0.6900073057694659,-17.630428982881305,-17.630428982881313,91.3733879883107,91.07095039634822,11.091972740434882,-2.2888652483810743
1.2351263730779845,0.8096337523001471,0.6857484079448198,0.6857591952944678,-17.543732390963598,-17.543732390963594,86.7472234635627,86.81158357755065,11.082824728197922,-2.288906622922182
1.2356801249346854,0.8092709268532237,0.681520833146699,0.6815319618468324,-17.459597705823697,-17.459597705823704,75.30278906233647,75.43771650527897,11.090658585470946,-2.2889401457198764
1.2362338767913863,0.8089084264504016,0.6773176512750381,0.6773282440786381,-17.371567042944065,-17.371567042944072,91.90616347282776,91.51869206257138,11.089895486723044,-2.2889638975383355
1.236787628648087,0.8085462506550815,0.6731350541885779,0.6731464393321698,-17.283092911540425,-17.28309291154043,87.42516668228745,88.04429132566071,11.08344474977326,-2.28898146286838
1.237341380504788,0.8081843990314446,0.6689734915940061,0.6689840976212397,-17.204371700515857,-17.20437170051586,78.91161520594943,78.41436528816877,11.084329311079143,-2.2889899247161103
1.2378951323614888,0.8078228711444525,0.6648294882411381,0.6648410383603124,-17.123007000753066,-17.123007000753066,76.92111544127106,77.02854985092547,11.088808053897022,-2.2889905857083486
1.2384488842181895,0.8074616665598451,0.6607104524194699,0.6607214506067629,-17.03446201056721,-17.034462010567218,87.42088952743467,87.5167595680225,11.090528803937305,-2.288981244275231
1.2390026360748905,0.807100784844138,0.6566124976370697,0.6566237568801161,-16.95018899938988,-16.95018899938989,83.1644681657906,83.03882961652351,11.08426901291416,-2.2889643108603686
1.2395563879315914,0.8067402255646219,0.6525339962039404,0.6525454674325304,-16.870730149100154,-16.87073014910016,78.15484726598001,78.34961439896718,11.088643608175865,-2.2889388542657945
1.2401101397882923,0.8063799882893602,0.6484770726186352,0.6484883030966848,-16.784763331945914,-16.784763331945914,88.13346777404288,87.75456727200091,11.08564017945418,-2.28890373076066
1.240663891644993,0.8060200725871877,0.6444414312163073,0.6444531745013267,-16.697826222403535,-16.69782622240354,81.76558799903621,82.28994150910025,11.081346472928495,-2.2888614578433795
1.241217643501694,0.805660478027708,0.6404270781317717,0.6404383221871273,-16.61977104233281,-16.61977104233281,80.61875353909844,80.31792503626437,11.082013721788792,-2.2888094051064
1.2417713953583949,0.8053012041812931,0.6364307022503564,0.6364425037004868,-16.53803258507024,-16.53803258507025,75.99774180235906,75.78408340830092,11.081855697503176,-2.288748949587422
1.2423251472150956,0.8049422506190809,0.632458124413924,0.6324699599388792,-16.452675772253848,-16.452675772253848,81.9527554829074,82.35771747365757,11.08578639334516,-2.2886786791150824
1.2428788990717965,0.8045836169129731,0.6285065771054725,0.6285179275219456,-16.37266435864695,-16.37266435864695,90.46473452588532,90.23987071485705,11.076484964360223,-2.2885990595450587
1.2434326509284974,0.8042253026356344,0.6245713839411071,0.6245836308534777,-16.28938292390349,-16.289382923903496,73.0462304948191,73.24231650530885,11.073330842519281,-2.2885121590663227
1.243986402785198,0.8038673073604908,0.6206613132538228,0.6206731347288742,-16.206352873634213,-16.206352873634213,76.56337463958327,76.23575882704088,11.08017445793506,-2.2884144227038115
1.244540154641899,0.8035096306617263,0.616770955285587,0.6167826321202866,-16.129944380407146,-16.129944380407146,86.1701596588609,86.2692703327265,11.07456824034029,-2.2883071879623085
1.2450939064986,0.8031522721142836,0.6128983437453203,0.6129109721509441,-16.043076221871672,-16.043076221871672,82.965229043055,83.32436263291508,11.068960441960828,-2.288191487488655
1.245647658355301,0.8027952312938609,0.6090503874149528,0.6090619180369767,-15.960130559107592,-15.960130559107599,77.74358834673319,77.27628166910887,11.064933199600441,-2.288066170643652
1.2462014102120016,0.8024385077769104,0.6052192088498963,0.6052319201060493,-15.886111841852436,-15.886111841852442,73.044199143377,73.33640849952066,11.067593205935113,-2.2879318666365656
1.2467551620687023,0.8020821011406368,0.6014098609993204,0.6014217303503687,-15.804292937802147,-15.804292937802154,82.85113601899457,82.63085977108544,11.066929756424505,-2.2877861189297093
1.2473089139254034,0.8017260109629955,0.5976207539828526,0.5976335044801124,-15.719592197360754,-15.719592197360763,79.06095761543314,79.0833685120524,11.059570467511326,-2.287631760081364
1.247862665782104,0.8013702368226917,0.5938531369273992,0.5938652040465235,-15.643186349612725,-15.64318634961273,80.08669111781754,80.47614924580192,11.059298646266955,-2.2874674858447483
1.248416417638805,0.8010147782991769,0.5901032299197256,0.5901160415615332,-15.560081031910055,-15.560081031910055,82.55300918058363,82.01594929234645,11.050124144766613,-2.2872930149415662
1.248970169495506,0.8006596349726495,0.586375582148856,0.5863879556297269,-15.480893436632345,-15.48089343663235,67.74583519135857,67.99306985551763,11.050687330349163,-2.2871100906828845
1.2495239213522067,0.8003048064240519,0.5826669313941775,0.5826797500541887,-15.406182594504674,-15.406182594504678,83.20278360650359,83.2845878752309,11.053351439276861,-2.2869146710794777
1.2500776732089076,0.7999502922350684,0.5789791603704831,0.5789918242023115,-15.319067447666336,-15.31906744766634,84.1433536804928,83.88846950589428,11.03799009392349,-2.2867101137835784
1.2506314250656083,0.799596091988125,0.575310593165761,0.5753233388474784,-15.246000202726028,-15.246000202726032,66.21466082286885,66.5529098889342,11.039566916924045,-2.286496697411059
1.2511851769223092,0.7992422052663862,0.5716615396547904,0.5716747543816967,-15.166648477721964,-15.166648477721969,83.16122542288183,82.83297933803827,11.040384261153891,-2.286270444672456
1.2517389287790102,0.7988886316537546,0.56803426856825,0.5680467030496094,-15.085237016286545,-15.085237016286554,79.79954984422301,79.90944964700418,11.026405749432836,-2.286035139821951
1.252292680635711,0.7985353707348687,0.5644236583577429,0.5644373719058752,-15.009654778064254,-15.009654778064263,70.53355307489608,70.7901811350544,11.028082677771598,-2.285789950251316
1.252846432492412,0.7981824220951012,0.5608365349566029,0.5608490571974781,-14.92888109971697,-14.928881099716977,81.29884526582696,80.73869923756726,11.022847635580536,-2.28553223836734
1.2534001843491127,0.7978297853205577,0.5572669045576699,0.5572806357260319,-14.851183119760409,-14.851183119760417,74.68370284704739,75.2453444104081,11.015075932791332,-2.285265843381619
1.2539539362058136,0.7974774599980746,0.5537181314737823,0.5537310422498016,-14.775702696390212,-14.775702696390214,77.78942524966368,77.54380727700676,11.012667066459281,-2.2849872288639976
1.2545076880625146,0.7971254457152184,0.5501868817534644,0.5502004561205616,-14.696952015536212,-14.696952015536214,73.90372511944226,73.7489166510086,11.003721928244662,-2.284698545804805
1.2550614399192153,0.7967737420602828,0.5466773450604043,0.5466909008045127,-14.61889356649019,-14.618893566490192,73.33807727808455,73.70102588665739,11.004805462846516,-2.2843988275560956
1.2556151917759162,0.7964223486222882,0.5431875945358575,0.5432007842750507,-14.54356632836414,-14.54356632836415,81.06893107309409,80.70309111839038,10.99414006821736,-2.284086497944457
1.256168943632617,0.7960712649909796,0.539714749255971,0.5397288604388462,-14.465826276269503,-14.465826276269505,70.13394116553768,70.4254914450262,10.988112241973386,-2.283765580200029
1.2567226954893178,0.795720490756825,0.5362638592414893,0.5362770671320389,-14.391134176454203,-14.39113417645421,75.42801652769921,75.17195981960926,10.986775056164772,-2.2834307379623913
1.2572764473460187,0.795370025511014,0.5328306522352697,0.5328449430015865,-14.311142295101966,-14.311142295101975,78.84376305440071,79.00752359841205,10.975334604059821,-2.283086141224326
1.2578301992027197,0.7950198688454561,0.5294189964992142,0.5294324391562623,-14.235940534979829,-14.235940534979834,73.12145087384545,73.20029892911982,10.968304617566572,-2.2827296969520754
1.2583839510594204,0.794670020352779,0.5260233286021664,0.5260375371790127,-14.16333578310866,-14.163335783108664,70.83351923212211,70.58006008407484,10.963548233354025,-2.282362140622948
1.2589377029161213,0.7943204796263271,0.5226492723003533,0.5226633744594056,-14.083839970390288,-14.083839970390295,73.44447931558116,73.53850142302612,10.960121954606803,-2.281981838298503
1.2594914547728222,0.7939712462601604,0.5192947671042869,0.5193085864496416,-14.012053704052455,-14.012053704052464,78.34791600879322,78.46924869497838,10.94959819699313,-2.281589850072547
1.2600452066295231,0.7936223198490518,0.5159562409911583,0.5159708616220071,-13.934160300205807,-13.934160300205813,73.72717110456234,73.66614413933779,10.938978928940687,-2.2811867734044515
1.2605989584862238,0.7932736999884871,0.512640238369474,0.5126542306118383,-13.857740596974509,-13.857740596974521,67.85002571359823,67.7539588038322,10.934537801017637,-2.2807717214298826
1.2611527103429248,0.7929253862746616,0.5093415334082833,0.5093561095040556,-13.788614267659558,-13.788614267659563,74.49183650655971,74.54978271224147,10.930691601222307,-2.280343715111804
1.2617064621996257,0.7925773783044802,0.5060616048375296,0.5060759583456195,-13.710138511329983,-13.71013851132999,76.74159114909706,76.74255502096555,10.916960434497962,-2.279903271785858
1.2622602140563264,0.7922296756755549,0.5028011059537615,0.502815824216716,-13.634631942705806,-13.634631942705811,69.85625353389247,69.95724013399163,10.908931796439088,-2.279452156064351
1.2628139659130273,0.7918822779862035,0.4995598529160141,0.4995743410391705,-13.56328124797297,-13.563281247972977,71.6320792269023,71.42284626805532,10.902769857106685,-2.2789870029474697
1.2633677177697282,0.791535184835448,0.4963359082307217,0.4963507753371551,-13.49021505267228,-13.490215052672296,72.14674970472811,72.31222913182467,10.893668444085442,-2.2785103072235953
1.263921469626429,0.7911883958230135,0.4931316183336799,0.4931463936411606,-13.414307632757565,-13.414307632757556,72.35869763980267,72.26713006404802,10.88486306871711,-2.2780199210091916
1.26447522148313,0.7908419105493254,0.4899466559554865,0.4899616465622994,-13.340707304570984,-13.340707304571021,71.2307616368654,71.24650242530848,10.874733641974741,-2.2775177673006883
1.2650289733398308,0.7904957286155099,0.4867793510967115,0.4867942232024472,-13.27099134210227,-13.270991342102205,72.62184019726331,72.73501766516932,10.865957673048984,-2.2770021091778854
1.2655827251965317,0.7901498496233903,0.4836296096111933,0.483644904737463,-13.195186285759828,-13.195186285759998,70.65127448759523,70.43919081465069,10.85386980782262,-2.2764739782585846
1.2661364770532324,0.7898042731754871,0.4805002812964826,0.4805153010746452,-13.123266711680085,-13.123266711679701,67.25969668513247,67.41893661110738,10.847982530381246,-2.275932740320748
1.266690228909933,0.7894589988750155,0.4773886003743756,0.47740403682327637,-13.051461684582444,-13.05146168458334,74.54354823729844,74.50547136291434,10.837821985662796,-2.275377191758594
1.2672439807666342,0.7891140263258841,0.4742958177918355,0.47431107270843387,-12.977434677349644,-12.977434677347565,70.36271069626707,70.2840123442597,10.822675462037532,-2.274809426665206
1.267797732623335,0.7887693551326944,0.4712200590462552,0.47123559129430076,-12.909643121431484,-12.90964312143633,66.82048112684461,66.95730597968786,10.816541191170057,-2.274228350770103
1.268351484480036,0.7884249849007371,0.4681627623178026,0.4681783496825971,-12.834991657500204,-12.834991657488962,74.4687744382183,74.36986354474311,10.804414789667344,-2.27363250686817
1.2689052363367368,0.7880809152359933,0.4651249616299921,0.465140552121634,-12.761282151796006,-12.761282151822119,67.30162391450978,67.31767795130249,10.789485176750931,-2.273024524697232
1.2694589881934375,0.7877371457451307,0.4621045905438991,0.4621204062661184,-12.694597406662664,-12.694597406602023,65.69676762750872,65.71198916987761,10.785192684001252,-2.2724020610868605
1.2700127400501384,0.7873936760355028,0.4591023267544349,0.45911813322077677,-12.622022739778131,-12.622022739918986,74.23319137679752,74.1490071712807,10.77121897112976,-2.2717643831761394
1.2705664919068391,0.7870505057151486,0.4561181301318051,0.4561340824755078,-12.549820135500612,-12.5498201351735,68.70615292960076,68.90639197021262,10.75503812887175,-2.2711146075301922
1.27112024376354,0.7867076343927891,0.4531515469850621,0.4531675866210948,-12.4814018801383,-12.481401880898026,65.96205083329413,65.7689290454,10.746399410336716,-2.2704499511994154
1.271673995620241,0.7863650616778274,0.4502028590858818,0.45021897493168034,-12.411293112083085,-12.411293110318654,68.7337066415943,68.7126495727281,10.734931014084294,-2.26977076952719
1.272227747476942,0.7860227871803466,0.4472722422908246,0.44728850174298496,-12.34006950943381,-12.340069513531668,70.55485849437147,70.75170421052968,10.7209397186429,-2.269077084138393
1.2727814993336426,0.7856808105111083,0.4443597829431926,0.44437607029491094,-12.268813983279294,-12.26881397376214,68.11053947821779,67.97723366415046,10.705036678764062,-2.268369379693236
1.2733352511903435,0.7853391312815511,0.441464873160073,0.44148131956093717,-12.20124356702133,-12.201243589124681,63.32431849608972,63.3021819083618,10.695389601654254,-2.2676473291448493
1.2738890030470444,0.7849977491037893,0.4385875653139928,0.43860407401312007,-12.133347110302772,-12.133347058968383,68.731423272045,68.74008344140312,10.68510134226099,-2.2669089622554335
1.2744427549037454,0.7846566635906113,0.4357278905736272,0.4357445032087746,-12.062044245101788,-12.062044364323251,70.84956720007582,70.90290660661934,10.66631965629325,-2.2661561833267667
1.274996506760446,0.7843158743554784,0.4328858049729409,0.4329025312521898,-11.992801117508677,-11.992800840650599,65.21541558540282,65.2259350228122,10.651338213693279,-2.265389380619589
1.275550258617147,0.783975381012523,0.4300612316722443,0.43007803939930106,-11.925481415216623,-11.925482057501291,65.437279696248,65.34671865227168,10.64000316886365,-2.2646068268315114
1.276104010473848,0.7836351831765469,0.4272541014201607,0.4272710116636872,-11.857007988579513,-11.857006513388436,67.36755955448618,67.40829443549693,10.625142272835907,-2.263808648963462
1.2766577623305486,0.7832952804630211,0.4244643627064593,0.4244813795920058,-11.788623044054235,-11.788626087323532,66.2312450283417,66.26311512527559,10.609630140807578,-2.262995214634791
1.2772115141872495,0.7829556724880824,0.4216919671084366,0.4217090790890754,-11.720924279413024,-11.720919338779549,65.63086204739946,65.59071315495477,10.594973319316601,-2.262166163245723
1.2777652660439505,0.7826163588685339,0.4189368540237619,0.41895406743096375,-11.653359931770952,-11.653365779352868,65.89464392670885,65.89684341238033,10.579753853774296,-2.2613213193432307
1.2783190179006512,0.7822773392218423,0.4161989574957556,0.41621627100110903,-11.585801782844808,-11.585796842211334,65.92474923557421,65.93137056309496,10.563665840984426,-2.2604605927475743
1.278872769757352,0.7819386131661368,0.4134782301434347,0.41349564980022185,-11.518396133248055,-11.518399176517352,65.56363362980315,65.56767664426341,10.54721235483686,-2.2595840398333245
1.279426521614053,0.7816001803202077,0.4107746524321514,0.41079216568127386,-11.451291518451592,-11.451290043260514,65.03337096867659,65.02897954000473,10.530768087038803,-2.258691421053831
1.2799802734707535,0.7812620403035057,0.408088195119478,0.40810582519859684,-11.38455077035356,-11.384551412638219,64.37637114646765,64.36705744855796,10.514502063075696,-2.257782550024957
1.2805340253274546,0.7809241927361381,0.4054187544545001,0.40543646462986455,-11.318601788170785,-11.3186015113127,64.2444717405719,64.24819591431876,10.498319310694201,-2.256857083617693
1.2810877771841556,0.780586637238871,0.4027660294771638,0.4027838649214717,-11.252668454438853,-11.252668573660314,64.49127515927404,64.47999843990539,10.48124814194053,-2.2559149248176196
1.2816415290408565,0.7802493734331246,0.4001301915386165,0.40014811612373513,-11.186432535874388,-11.186432484540001,64.15653550622125,64.17982679336569,10.463595900121668,-2.2549561148212085
1.2821952808975572,0.7799124009409737,0.3975112625876503,0.39752930969061967,-11.120514248110116,-11.120514270213464,63.997098773031,63.97078794367128,10.445824906940373,-2.2539804791439515
1.282749032754258,0.7795757193851454,0.3949090822266154,0.3949271965104653,-11.055313749180211,-11.05531373966306,63.46445816425035,63.45901167205096,10.42763602883994,-2.252987860702592
1.283302784610959,0.7792393283890178,0.3923234072354262,0.3923416771896856,-10.98990020935855,-10.989900213456407,63.682417325780726,63.73423640809036,10.409545577703007,-2.2519781638880496
1.2838565364676595,0.7789032275766196,0.3897548061890622,0.38977314921688794,-10.923915893953032,-10.9239158921886,63.13239388762943,63.06501831931289,10.390136296892392,-2.2509510570388547
1.2844102883243609,0.7785674165726265,0.3872027265228402,0.3872211582520606,-10.86049858246211,-10.860498583221842,61.44703776627056,61.46713023392167,10.37256869819712,-2.249906793973437
1.2849640401810616,0.7782318950023629,0.3846667038653431,0.38468530215127056,-10.796352357176598,-10.796352356849486,64.02611927014823,64.02935064869143,10.354080050449664,-2.2488441277352536
1.2855177920377625,0.7778966624917975,0.3821474786790991,0.382166106228909,-10.73020387707153,-10.730203877212386,63.80564395723034,63.80592872082991,10.331181040224061,-2.2477643704391737
1.2860715438944632,0.7775617186675435,0.3796446900645135,0.3796635212892236,-10.666457207013028,-10.666457206952384,60.997981659988085,61.02424943292208,10.311889896384958,-2.246667350836528
1.286625295751164,0.7772270631568572,0.3771581045948331,0.3771768958105352,-10.603823826942104,-10.603823826968222,61.87838180280555,61.812966326220945,10.292783783121749,-2.2455516015028265
1.2871790476078648,0.7768926955876359,0.3746875208109578,0.374706630207789,-10.539130400853178,-10.539130400841941,61.55651936446274,61.60605422821885,10.272059153725277,-2.2444179007816025
1.2877327994645658,0.7765586155884172,0.3722340569008552,0.3722530385798185,-10.47598150525884,-10.475981505263682,61.08979100349943,61.08051420212595,10.251970636441273,-2.2432655170062734
1.288286551321267,0.7762248227883772,0.3697959341411904,0.36981522524502736,-10.413877571117007,-10.413877571114927,61.13399112934509,61.10361040842646,10.231009169181908,-2.2420946019239225
1.2888403031779676,0.7758913168173299,0.3673741473188432,0.36739340637279705,-10.35047343143972,-10.35047343144062,61.33208563192944,61.35539201141578,10.20966696941618,-2.2409048900162145
1.2893940550346683,0.7755580973057246,0.3649684721499994,0.36498794982298743,-10.287108357826742,-10.287108357826357,61.7364527515112,61.74445979731802,10.186669423822867,-2.239696498933556
1.2899478068913692,0.7752251638846449,0.3625789441336916,0.36259842843903417,-10.22484975600458,-10.224849756004751,60.48144844830402,60.47006579363414,10.16366587152694,-2.2384695961926324
1.2905015587480702,0.7748925161858085,0.3602048446376006,0.36022451318336274,-10.163292262772956,-10.16329226277289,59.42034456128127,59.40701950428068,10.142202385012109,-2.237223500693546
1.2910553106047709,0.7745601538415644,0.3578470251123742,0.3578668140287525,-10.100597394587025,-10.100597394587059,60.20466271977836,60.231579534241945,10.120239087662327,-2.235957724793726
1.2916090624614718,0.774228076484892,0.3555051358122952,0.35552490583822366,-10.03972159242928,-10.03972159242927,60.01042272738507,59.957311833474655,10.096396000765411,-2.2346724556639046
1.2921628143181727,0.7738962837494001,0.3531783365766163,0.35319844911715864,-9.978111401605164,-9.97811140160517,59.104040083968286,59.14819377893505,10.073577902174149,-2.233367764328468
1.2927165661748734,0.7735647752693254,0.3508679758707193,0.3508879277593326,-9.916611541859895,-9.916611541859897,60.825598930568965,60.84064353392952,10.049345415362955,-2.2320429154260255
1.2932703180315743,0.7732335506795306,0.3485726402072634,0.3485929598128976,-9.85502215670622,-9.855022156706223,58.66164824781268,58.61420033401183,10.02312269133915,-2.2306987850537863
1.2938240698882753,0.7729026096155038,0.3462934461323521,0.34631366795654944,-9.795213317152164,-9.79521331715217,56.8229823172793,56.832470555716235,10.002172180579551,-2.2293345342708974
1.294377821744976,0.7725719517133571,0.344029294801563,0.34404979125843294,-9.73520324152609,-9.735203241526099,60.499314125577584,60.49996445880891,9.977603045543717,-2.2279485415483604
1.2949315736016769,0.7722415766098245,0.3417808186785031,0.34180130053504243,-9.673582008482471,-9.673582008482473,59.37689791250951,59.41183423948155,9.948939683552366,-2.226543425246809
1.2954853254583778,0.7719114839422615,0.3395475193713711,0.3395682153411565,-9.61414825359334,-9.614148253593344,56.40578632207279,56.34793989815492,9.924942533883607,-2.225117772402098
1.2960390773150787,0.7715816733486432,0.3373298007531138,0.3373505494288645,-9.554489154413483,-9.554489154413483,58.34498501258517,58.38775183531871,9.900897016441053,-2.223670710672523
1.2965928291717794,0.7712521444675634,0.335127346246365,0.33514822486799506,-9.494514159772647,-9.494514159772653,59.11621294366804,59.08306525137228,9.872353329048924,-2.2222025540106345
1.2971465810284803,0.7709228969382327,0.3329398752361475,0.3329608612122819,-9.435467813209542,-9.435467813209543,55.67691168575105,55.70399981030848,9.846027164778404,-2.2207142466982934
1.2977003328851813,0.7705939304004776,0.33076765247684,0.33078881061443105,-9.376725654491596,-9.3767256544916,57.734659773599965,57.72798398450121,9.82202896453465,-2.2192034814362307
1.298254084741882,0.7702652444947395,0.3286107290447176,0.32863185910081816,-9.317334537940605,-9.317334537940608,58.0990597322054,58.04400421757476,9.791389866501273,-2.2176712267906127
1.298807836598583,0.7699368388620724,0.3264683293866055,0.3264897890618637,-9.25898622029344,-9.25898622029344,55.54007575897345,55.651298577089065,9.765411801075608,-2.216118575989949
1.2993615884552838,0.7696087131441426,0.3243415109687619,0.3243628563394309,-9.20050936849426,-9.200509368494261,57.79946792757883,57.69556213686461,9.73744557838221,-2.2145422919272812
1.2999153403119843,0.7692808669832271,0.3222289987963349,0.32225063558705663,-9.142427908834469,-9.142427908834467,55.5315533034336,55.57229911014463,9.70774793639736,-2.21294575969923
1.3004690921686854,0.7689533000222113,0.3201317142392366,0.32015339326782943,-9.084614840549284,-9.084614840549284,55.54466952777382,55.54374345029463,9.68209037519268,-2.211325638927953
1.3010228440253864,0.7686260119045899,0.3180492725261091,0.318071041816696,-9.026925442351686,-9.02692544235169,57.42154427735065,57.40298488138209,9.651083018629905,-2.2096833116293886
1.301576595882087,0.7682990022744635,0.3159811881049345,0.3160031555786941,-8.969217078512559,-8.969217078512564,55.18982964926082,55.23446734581873,9.62087781106261,-2.2080190573616694
1.302130347738788,0.767972270776538,0.3139281040823781,0.31395009970903875,-8.91214507092515,-8.91214507092515,54.6049623959001,54.552397260758724,9.592749599537978,-2.206331823817803
1.302684099595489,0.7676458170561238,0.3118895423178695,0.3119117351969029,-8.85543911724258,-8.855439117242582,55.58361176065531,55.5831795603442,9.563211354796824,-2.204621109417296
1.3032378514521898,0.7673196407591341,0.309865547079944,0.30988777340275553,-8.798649675087823,-8.798649675087827,55.55315475531391,55.5994870760541,9.531572093339346,-2.202887466182191
1.3037916033088903,0.7669937415320837,0.3078557890334537,0.3078782320257367,-8.7419031207908,-8.741903120790804,54.8588368160387,54.836020492718795,9.500349106726556,-2.2011309178937455
1.3043453551655917,0.7666681190220869,0.3058607564733591,0.30588320588750584,-8.685687984095726,-8.685687984095727,53.65620290900951,53.61899831493254,9.469626798007877,-2.1993507458339696
1.3048991070222924,0.7663427728768585,0.3038798665055486,0.3039025534331655,-8.63015351639377,-8.630153516393776,54.358967271654045,54.41920435635089,9.439766179756635,-2.19754668097996
1.305452858878993,0.7660177027447097,0.3019135380112459,0.3019362210670735,-8.573763734316948,-8.57376373431695,55.12805444849691,55.074967519178976,9.405975351720276,-2.1957181482443007
1.306006610735694,0.7656929082745487,0.2999611677688824,0.2999840814965574,-8.518484361265672,-8.518484361265676,52.701292142013976,52.73340061589794,9.373815059755957,-2.193866946257613
1.306560362592395,0.7653683891158789,0.2980231246155996,0.29804606710182785,-8.463487535692522,-8.463487535692527,54.01372497890936,54.01066208081112,9.343081671901935,-2.191990052801058
1.3071141144490956,0.7650441449187978,0.2960992273954612,0.2961223655021785,-8.40747716287877,-8.407477162878774,54.103668967860486,54.07326455478525,9.307574188721825,-2.1900893608879244
1.3076678663057966,0.7647201753339951,0.2941894486312862,0.2942126154336736,-8.353463762510472,-8.353463762510474,51.98704731302705,52.0281303027982,9.275565109517533,-2.1881644024375904
1.3082216181624975,0.7643964800127523,0.2922933845564215,0.29231679757026974,-8.298729378644735,-8.29872937864474,53.74518841437271,53.71464900842918,9.242564876447984,-2.1862136364427407
1.3087753700191982,0.7640730586069412,0.2904116825852299,0.29043505083778803,-8.243837563809329,-8.243837563809329,53.0332217163875,53.04346392918386,9.206376490897416,-2.1842385067678562
1.3093291218758991,0.7637499107690221,0.2885434053093083,0.2885670755133689,-8.190203123526498,-8.190203123526501,51.44945045990509,51.45775330775653,9.17345222412398,-2.1822383893642416
1.3098828737326,0.7634270361520433,0.2866893645338885,0.28671298240474813,-8.136291569289686,-8.136291569289689,52.796474978493634,52.7730628116612,9.13930921879881,-2.180211849135876
1.310436625589301,0.7631044344096395,0.2848487509759064,0.2848726258840702,-8.082391180616899,-8.0823911806169,52.31737515915967,52.3341089459223,9.102685265377097,-2.178160266220484
1.3109903774460017,0.7627821051960306,0.2830221049914804,0.28304601339405605,-8.028867197984107,-8.028867197984109,51.45776523701928,51.45495209830946,9.067827572839564,-2.176082913520665
1.3115441293027026,0.7624600481660204,0.2812089230967893,0.2812329847278403,-7.975985459664879,-7.975985459664881,52.10023868914338,52.09641876143604,9.031727754594222,-2.1739792519965206
1.3120978811594035,0.7621382629749957,0.27940932196404,0.27943351786324366,-7.922383573052412,-7.922383573052414,51.43784954975924,51.45030244643789,8.994578398569654,-2.1718497869949207
1.3126516330161042,0.7618167492789243,0.2776234095618616,0.27764768009696994,-7.870065035124875,-7.870065035124878,50.40656577415707,50.38764113284744,8.958845238814403,-2.1696938502710266
1.3132053848728051,0.7614955067343546,0.2758507008074432,0.2758751475644233,-7.817940669593259,-7.817940669593262,50.98749345601095,50.98357875604764,8.922910295478655,-2.167510686149596
1.313759136729506,0.7611745349984144,0.2740915841473632,0.27411610722750734,-7.765056160599225,-7.7650561605992285,51.46112493878493,51.48376499869727,8.884368951604198,-2.165300611180049
1.3143128885862068,0.7608538337288087,0.2723457700180361,0.27237043744999956,-7.712892379989919,-7.712892379989921,50.53581841917031,50.528201952417646,8.845721077778201,-2.163064228544942
1.3148666404429077,0.7605334025838194,0.2706132322424077,0.2706380179906763,-7.6611653207889585,-7.661165320788963,49.81134706846879,49.79996582446954,8.808241926486893,-2.1608004467698883
1.3154203922996086,0.7602132412223039,0.2688939134902925,0.2689188047844389,-7.609829580539236,-7.6098295805392375,50.2558921461374,50.26487121636822,8.770268143877257,-2.15850901783057
1.315974144156309,0.759893349303694,0.2671876993643254,0.26721273725024197,-7.558084128507711,-7.558084128507712,50.04517476771604,50.03887815038731,8.730560649206058,-2.1561897844552673
1.3165278960130102,0.7595737264879937,0.2654947275655575,0.2655198629542085,-7.50701194728031,-7.5070119472803105,49.29120272705476,49.304474990404714,8.691745388528599,-2.1538431986761126
1.3170816478697112,0.7592543724357796,0.2638146696151571,0.2638399352388223,-7.456366231930767,-7.4563662319307715,49.62971808226164,49.609082997739684,8.652384488761403,-2.151467783113136
1.317635399726412,0.7589352868081987,0.2621475931402612,0.26217299101517605,-7.405386071724961,-7.4053860717249576,49.23166132625612,49.250104266718736,8.611816832788918,-2.149064680333443
1.3181891515831128,0.7586164692669671,0.2604934742748045,0.26051895847507156,-7.355113884995049,-7.355113884995064,48.96132711427335,48.95235277658423,8.57184036086281,-2.146632771573807
1.3187429034398137,0.7582979194743694,0.2588521928832977,0.25887786254721024,-7.304479869051087,-7.3044798690510575,48.808659263965474,48.80759500121841,8.530795412145668,-2.144172319292396
1.3192966552965146,0.757979637093257,0.2572238827650406,0.2572495772028355,-7.254843732312042,-7.2548437323121195,48.59685317403865,48.606727759517625,8.489932215573344,-2.1416829332365523
1.319850407153215,0.7576616217870475,0.2556079775875867,0.25563391020775433,-7.204928759644581,-7.204928759644409,48.3398040642392,48.32239745148384,8.448126974298251,-2.139164345805526
1.3204041590099165,0.7573438732197221,0.2540050814774959,0.25403101305521375,-7.155331417131811,-7.155331417132214,48.04812864954518,48.06867590172075,8.40673321480143,-2.136616647848845
1.3209579108666172,0.757026391055827,0.2524146049084665,0.2524407789580765,-7.105860419319429,-7.105860419318505,48.176304430865926,48.16142887551736,8.36416989043461,-2.134038954750836
1.321511662723318,0.7567091749604693,0.2508369177414651,0.25086309010798735,-7.056881044939682,-7.056881044941842,47.50880846735998,47.51576457987421,8.321470483683036,-2.1314321562641716
1.3220654145800188,0.756392224599318,0.2492713810244793,0.2492977898407621,-7.008175776925772,-7.008175776920764,47.5319246161688,47.52517800151929,8.279082489500194,-2.1287948033350013
1.3226191664367195,0.7560755396386015,0.2477186381782572,0.24774508109143287,-6.958977297319719,-6.958977297331362,47.64041564934416,47.652254552988765,8.235070377413123,-2.1261276115463223
1.3231729182934204,0.7557591197451071,0.2461781071911009,0.2462047073938624,-6.910872767924953,-6.910872767897923,46.97978169048693,46.97635772198719,8.191139931411042,-2.123430163589754
1.3237266701501214,0.7554429645861799,0.244649925588689,0.2446766672015168,-6.862364882931374,-6.862364882994162,46.46543881704624,46.45923319354233,8.147763568436071,-2.1207021581634944
1.3242804220068225,0.755127073829721,0.2431341744880565,0.24316096837766393,-6.814853127307751,-6.814853127161941,46.7777199900094,46.7810755370977,8.103984853767429,-2.1179427699023448
1.3248341738635232,0.7548114471441875,0.2416303000832353,0.24165730303937194,-6.766869871887263,-6.766869872225918,46.74134440496042,46.735303571071,8.058417032603447,-2.1151524742206735
1.325387925720224,0.7544960841985896,0.2401389023939339,0.2401659477957346,-6.718960125978245,-6.718960125191737,46.27966092023058,46.30473355024216,8.013192098144785,-2.1123313483372055
1.3259416775769248,0.7541809846624907,0.2386594640202238,0.23868668185279004,-6.671802951531126,-6.671802953357775,46.16968060459637,46.149219453161365,7.967440736838299,-2.1094786419493636
1.3264954294336258,0.7538661482060065,0.237192070342821,0.2372193732192253,-6.624726986478646,-6.6247269822363055,45.33111420884178,45.32334281573215,7.921949695821043,-2.106594592724319
1.3270491812903265,0.753551574499803,0.2357366310959235,0.23576408368841117,-6.578001182033319,-6.578001191886047,45.69171338055801,45.71526257253778,7.8769372272382085,-2.103677936443801
1.3276029331470274,0.7532372632150953,0.2342932288578055,0.23432077635251583,-6.530853975939545,-6.530853953056845,46.13258181750398,46.12014476850351,7.828926744861578,-2.1007291932087466
1.3281566850037283,0.7529232140236473,0.2328616181551598,0.2328892958793395,-6.484594074179553,-6.48459412732397,44.62276915052701,44.625395096621396,7.781797066127944,-2.0977491458341526
1.328710436860429,0.7526094265977701,0.2314416977246372,0.2314694981279515,-6.438745019888278,-6.438744896463128,44.93406448057551,44.93739907221061,7.736297050477976,-2.0947357461943046
1.32926418871713,0.7522959006103203,0.2300336278741189,0.23006153944378202,-6.392124890043152,-6.392125176663117,45.47271150725208,45.46531458493641,7.687290425919384,-2.091689377080316
1.3298179405738308,0.7519826357347,0.2286373163208834,0.2286653512262564,-6.346301493910423,-6.346300828979127,44.10273487589247,44.1185899980395,7.639253855103257,-2.088611182234923
1.3303716924305318,0.7516696316448549,0.227252573464318,0.2272807260916976,-6.301102892752303,-6.301104419957888,44.35743492988384,44.3438469921733,7.5923375339954475,-2.085498805087415
1.3309254442872325,0.7513568880152733,0.2258793830913119,0.22590765126056597,-6.255482466632705,-6.255479316059275,44.62933673600507,44.63211605761108,7.5427494228331495,-2.0823532011871984
1.3314791961439334,0.7510444045209849,0.2245177107048541,0.2245461019099194,-6.210268513029737,-6.210273627867364,43.80321425795346,43.81346059532165,7.493740823083614,-2.0791744834424097
1.3320329480006343,0.7507321808375598,0.2231675173900291,0.22319602266359198,-6.1653620891484815,-6.165356035384274,43.85826763137482,43.854405634103365,7.44492353574275,-2.0759616632038322
1.332586699857335,0.7504202166411076,0.2218287373697739,0.2218573593143995,-6.120508282572425,-6.120513397408594,43.74489046299627,43.739715875768795,7.394878955472334,-2.0727148776532753
1.333140451714036,0.7501085116082759,0.2205012956971875,0.22053003811107302,-6.076046149678438,-6.076042999109021,43.12137852138097,43.130488453512434,7.34526794192153,-2.069434075052019
1.3336942035707369,0.749797065416249,0.2191851388965181,0.21921399550070686,-6.031824782706849,-6.0318263099028435,43.43011430149642,43.4294901446519,7.295483917835237,-2.06611837548929
1.3342479554274376,0.749485877742748,0.2178802125627049,0.21790918477148294,-5.987487634368482,-5.987486969459571,43.18168531253316,43.17401936419251,7.243942717409874,-2.06276821987579
1.3348017072841385,0.7491749482660278,0.2165864623022084,0.216615555369167,-5.943700148703472,-5.9437004352713965,42.58759709367053,42.61020712385945,7.1936048225131515,-2.0593837126559267
1.3353554591408394,0.7488642766648774,0.2153038332565445,0.2153330346081012,-5.899990961371103,-5.899990838066843,42.88398315484074,42.85978316796598,7.142379257758212,-2.055963346728648
1.33590921099754,0.7485538626186189,0.2140322694765209,0.21406159252476797,-5.856416491663678,-5.856416544527325,42.23122839485581,42.24635849067927,7.090519628863948,-2.0525085033545327
1.336462962854241,0.7482437058071045,0.2127717140153446,0.2128011499854528,-5.813329918907046,-5.813329896676437,42.29397898186472,42.30060441228129,7.03956561100963,-2.0490175458360835
1.337016714710942,0.7479338059107183,0.2115221055437081,0.21155165210383584,-5.770052997452226,-5.7700530057905,42.29121631973152,42.27086879289049,6.986447428104501,-2.045490997181434
1.337570466567643,0.747624162610373,0.2102833823268388,0.21031305155700225,-5.727298036584753,-5.727298035859702,41.575275366441225,41.60324739171156,6.93448815991262,-2.041929124101875
1.3381242184243436,0.7473147755875096,0.20905550099077,0.20908527463484652,-5.684648319038102,-5.684648312695955,42.004140193227,41.98970716136479,6.881838889202427,-2.0383303179880614
1.3386779702810443,0.7470056445240959,0.2078384069272337,0.2078683000932532,-5.642008084367056,-5.642008102552164,41.3704761613614,41.3726552103944,6.828000609095987,-2.034696062513492
1.3392317221377454,0.7466967691026258,0.2066320400401921,0.20666204333194035,-5.600062401111449,-5.600062357393905,40.99466038095481,41.00305592003563,6.7759392643134575,-2.0310249518622974
1.339785473994446,0.7463881490061188,0.2054363296479469,0.2054664450328367,-5.557880057741713,-5.557880159802132,41.538245864978926,41.528347602624,6.721925197241882,-2.027316505881738
1.340339225851147,0.746079783918117,0.2042512962603154,0.20428152906285205,-5.515800509980378,-5.5158002752972175,40.89400062515384,40.91055957495126,6.667261655738413,-2.0235720910178188
1.340892977707848,0.7457716735226864,0.2030767992183142,0.20310712939777278,-5.474496427344146,-5.474496911590057,40.56475187013808,40.55865543917239,6.613760526596003,-2.0197903356233495
1.3414467295645487,0.7454638175044142,0.2019127131253646,0.20194317348463378,-5.43300976671609,-5.433008980528777,40.6384827477865,40.63450508872564,6.559270833070923,-2.0159710230164
1.3420004814212496,0.745156215548408,0.2007591952521025,0.20078974865768803,-5.391615126659564,-5.39161605717547,40.343252229135146,40.3536481411636,6.5045092813526,-2.012114370660109
1.3425542332779503,0.7448488673402954,0.199616064497389,0.19964674109557912,-5.350661521105742,-5.350660734908948,40.28261471029527,40.28151325271385,6.44950711848002,-2.0082199038061583
1.3431079851346512,0.7445417725662219,0.1984832420539244,0.1985140117028872,-5.30982355122079,-5.309824035492809,40.07238012179491,40.07487741652104,6.393897055076145,-2.004287770536567
1.3436617369913522,0.7442349309128508,0.1973607076243066,0.19739161309132364,-5.269060938224801,-5.269060703479253,39.68514501541876,39.68697814238623,6.338545316776089,-2.0003176921177803
1.344215488848053,0.7439283420673615,0.1962484897199909,0.19627946422403966,-5.22882718126056,-5.228827283466618,39.58718001041522,39.58668354985104,6.283133162680672,-1.9963090400166161
1.344769240704754,0.7436220057174489,0.1951462990173434,0.19517742349933873,-5.188591072567059,-5.188591028510933,39.51685731731257,39.51981635210703,6.2270639790273865,-1.9922618048677496
1.3453229925614547,0.743315921551322,0.1940543826671968,0.19408558098647083,-5.148368199176384,-5.148368218147967,39.30173990477492,39.30604485424335,6.170691495249078,-1.9881760356660825
1.3458767444181556,0.7430100892577026,0.192972479982496,0.19300380060085529,-5.108661670804048,-5.108661662635268,39.13723435951917,39.137569456911656,6.114145245112978,-1.9840514684879347
1.3464304962748566,0.742704508525825,0.1919005989289706,0.1919320271200932,-5.068868919357642,-5.068868922874923,38.935289029089866,38.93646554080968,6.057306251839225,-1.9798879556885327
1.3469842481315573,0.7423991790454345,0.1908387316696823,0.19087024953070847,-5.029492780786671,-5.0294927792722195,38.73701239343743,38.741146519729874,6.000388325302062,-1.9756852916722254
1.3475379999882582,0.7420941005067861,0.1897867024231586,0.18981834702839825,-4.990212847709699,-4.990212848361787,38.60674549192175,38.60757206310623,5.9431509961074465,-1.971443193218154
1.348091751844959,0.741789272600644,0.1887446130064628,0.18877633821920892,-4.951076542176111,-4.951076541895346,38.35586417657704,38.35842816032711,5.885707439924387,-1.9671616561127119
1.3486455037016598,0.7414846950182801,0.1877122933433739,0.18774414284422009,-4.91225920758195,-4.912259207702824,38.18850259163286,38.190519666836394,5.82827680797768,-1.9628402804255525
1.3491992555583607,0.7411803674514733,0.186689760242004,0.18672169280919057,-4.873561369832229,-4.873561369780222,38.0861271360214,38.08821824485601,5.770388949718247,-1.9584789116673351
1.3497530074150617,0.7408762895925082,0.1856768947886523,0.18570894702181964,-4.835052723046671,-4.83505272306898,37.86997874680237,37.8738318957565,5.712300964319047,-1.9540775928591945
1.3503067592717624,0.7405724611341742,0.1846737217532774,0.18470585867712785,-4.796730158699472,-4.7967301586900675,37.693779029495616,37.69347803987392,5.654115897912426,-1.9496359837834256
1.3508605111284633,0.7402688817697645,0.1836801265726069,0.18371237819766675,-4.758591777587911,-4.758591777591498,37.56841621758461,37.57161929862207,5.595658593202262,-1.9451540031818062
1.3514142629851642,0.7399655511930748,0.1826961191674986,0.1827284587206865,-4.720601501992852,-4.720601501992384,37.42414748874067,37.42944321613877,5.536883529329344,-1.9406315101115879
1.3519680148418651,0.7396624690984027,0.1817215856232706,0.18175403151863825,-4.682873254026108,-4.682873254023813,37.15540851811521,37.15672279970727,5.478002903026514,-1.9360684809286663
1.3525217666985658,0.7393596351805466,0.1807565076627425,0.1807890476238762,-4.645332435916169,-4.645332435922958,36.89046237352717,36.88919607103679,5.419357940344209,-1.931464461956877
1.3530755185552668,0.7390570491348039,0.1798008397350308,0.17983347945069703,-4.60798159604234,-4.607981596025942,36.873605033239855,36.8783466908346,5.3604862536595395,-1.9268190886099767
1.3536292704119677,0.7387547106569711,0.1788545220161859,0.1788872556867197,-4.570729800749384,-4.570729800787743,36.85847512310666,36.86218687618395,5.300831329336194,-1.9221325241828322
1.3541830222686684,0.7384526194433422,0.1779174922254527,0.1779503244476461,-4.53366062123059,-4.533660621141398,36.51405138025123,36.51905942559468,5.241041621863381,-1.9174051269115444
1.3547367741253693,0.7381507751907077,0.1769897136296752,0.17702263780271654,-4.496868183420569,-4.496868183627767,36.27337877087398,36.271902847975284,5.181739864003167,-1.9126362465811761
1.3552905259820702,0.7378491775963536,0.1760711393483527,0.17610416124478068,-4.460212041008169,-4.460212040526936,36.17842659868951,36.177782288273804,5.122102930979581,-1.9078254571389008
1.355844277838771,0.7375478263580607,0.1751617166719092,0.17519482589238441,-4.423765984371636,-4.423765985489299,36.10192790834546,36.115553798641024,5.0622211773620815,-1.9029730044123863
1.356398029695472,0.7372467211741027,0.1742613802653731,0.17429459130702138,-4.3873661138287545,-4.387366111233012,35.94825198981333,35.94114941751364,5.001852712714489,-1.898078662544076
1.3569517815521728,0.7369458617432468,0.1733701262983021,0.1734034154121806,-4.351308084523367,-4.351308090551919,35.51736269677821,35.52464886315657,4.941901870602209,-1.8931427723555319
1.3575055334088737,0.7366452477647508,0.1724878297170324,0.1725212267377883,-4.315426783947445,-4.315426769946312,35.64392726875458,35.64662985060351,4.882112889341787,-1.8881640155080395
1.3580592852655744,0.7363448789383636,0.1716145414652659,0.17164800883666723,-4.279520250242313,-4.279520282759214,35.4907455084756,35.48834932614319,4.8210006622623975,-1.8831432739221698
1.358613037122275,0.7360447549643233,0.1707501037512317,0.1707836786469462,-4.244038384020853,-4.244038308509662,35.09366104773095,35.108495438713206,4.760922224927618,-1.8780807022294301
1.3591667889789762,0.7357448755433562,0.1698945614733609,0.16992821080553022,-4.20853796960172,-4.208538144778123,35.2186380026872,35.20825276360222,4.700308810561596,-1.8729748199025793
1.359720540835677,0.7354452403766772,0.169047825884727,0.1690815688396188,-4.17329400331664,-4.1732936010305925,34.8120826419912,34.823110821766065,4.639384988944921,-1.8678272250871906
1.360274292692378,0.7351458491659866,0.1682098278416859,0.1682436563906512,-4.138340217068554,-4.138341045637472,34.74892353558958,34.749922526707245,4.57925558395117,-1.862636273173715
1.3608280445490788,0.7348467016134709,0.167380553167908,0.16741446383673753,-4.103311536894503,-4.103310200086666,34.74825363289126,34.748181332741595,4.517890291405566,-1.8574025901579732
1.3613817964057795,0.734547797421801,0.1665599597913951,0.16659396221430775,-4.068560844296861,-4.06856239493318,34.38729876529216,34.39887048312784,4.457065418417523,-1.8521265696483553
1.3619355482624804,0.734249136294131,0.1657479891200526,0.16578206188990352,-4.034075099242082,-4.0340738842092145,34.29540346206754,34.288186099886055,4.396233186258627,-1.8468070922412574
1.3624893001191811,0.7339507179340983,0.1649445564209919,0.16497873031555235,-3.999650327133629,-3.999650820826156,34.125838700311014,34.135825762608945,4.335304576709941,-1.8414448427632422
1.363043051975882,0.733652542045821,0.1641497013511475,0.16418393465312175,-3.9654394986799897,-3.965439887807001,34.06080207175964,34.05960239805827,4.274268037179395,-1.8360390051148763
1.363596803832583,0.7333546083338988,0.1633632712003412,0.16339760793968752,-3.931341660569995,-3.931340194699299,33.8760749328967,33.88376686312078,4.212939474177581,-1.8305904545277147
1.364150555689284,0.7330569165034102,0.1625853282407763,0.16261972408867306,-3.8974362910436993,-3.8974388823502903,33.7164748867649,33.71838680144782,4.151891333785755,-1.8250984800994294
1.3647043075459846,0.7327594662599132,0.1618157308725811,0.16185022007084804,-3.8637278586280273,-3.8637247340643297,33.49065137922841,33.488417042851545,4.090692654336544,-1.81956330253396
1.3652580594026855,0.7324622573094425,0.1610545072464134,0.16108906760287306,-3.830168480933804,-3.830171134525201,33.40309516364743,33.41540348170648,4.029910965663713,-1.81398450031452
1.3658118112593864,0.7321652893585106,0.16030157479498,0.16033620976245916,-3.7967446719614832,-3.7967430348100137,33.407424580761656,33.4035294296183,3.9683113596784048,-1.808361997930432
1.3663655631160874,0.7318685621141048,0.1595568791821896,0.1595915976013154,-3.763464048493773,-3.763464842408381,32.97777488167928,32.98390818409162,3.907107559480445,-1.8026967938940919
1.366919314972788,0.7315720752836882,0.1588204190888972,0.15885520289406335,-3.730470169949838,-3.7304698242909358,33.00310133639809,33.007356068358874,3.8464431677995923,-1.796987256343095
1.367473066829489,0.7312758285751968,0.1580920923389673,0.15812695599742196,-3.697457904426589,-3.6974580533847727,32.97744154056373,32.97824335683923,3.7846706252964237,-1.7912343129370738
1.36802681868619,0.73097982169704,0.1573719153881156,0.1574068508072472,-3.664656226707105,-3.6646561626535967,32.527380275521125,32.533454489212886,3.723656050718429,-1.7854383482365854
1.3685805705428906,0.7306840543580992,0.1566598118577716,0.1566948140121287,-3.632178587509204,-3.6321786148772466,32.576155271820454,32.576835605589395,3.6630067335617866,-1.7795979895492806
1.3691343223995915,0.7303885262677265,0.1559557130759741,0.15599079435413,-3.5996187440539043,-3.599618732762547,32.54606780775098,32.55104667399513,3.601408636914463,-1.7737140720855449
1.3696880742562925,0.7300932371357441,0.1552596361872073,0.15529477635589486,-3.567326461715476,-3.5673264654330694,32.16337767543385,32.16888494032416,3.540369303396464,-1.7677870953750219
1.3702418261129932,0.7297981866724434,0.1545714736652905,0.15460669299130286,-3.535237731284503,-3.53523773234115,32.11220251392,32.11066237390178,3.4797863397974473,-1.7618158794471184
1.370795577969694,0.7295033745885838,0.1538912554287489,0.15392653347996846,-3.5031748906351243,-3.503174884008537,32.07608881153061,32.08183494004187,3.4186282383294495,-1.7558009069729539
1.371349329826395,0.729208800595392,0.1532188701838421,0.15325421789416782,-3.4713891734822733,-3.471389190668951,31.87796889477376,31.88507024666471,3.357639222608207,-1.7497426376123342
1.3719030816830955,0.7289144644045609,0.152554295435368,0.15258971105655375,-3.439639748229232,-3.4396397075400773,31.71281041042605,31.710965846522363,3.2968273274929465,-1.7436406677181384
1.3724568335397966,0.7286203657282482,0.1518975347713906,0.1519330080400189,-3.408122499040025,-3.40812259387209,31.534119133532183,31.540162501037386,3.2362803831470472,-1.7374951424113663
1.3730105853964976,0.7283265042790769,0.1512484776512616,0.15128402086997375,-3.376785065736234,-3.3767848453599862,31.50383674611412,31.507098096352763,3.1757560033943584,-1.73130557860057
1.3735643372531985,0.7280328797701328,0.1506071214434912,0.15064272026335002,-3.3454925783529434,-3.3454930899507076,31.34251842905879,31.34589978498137,3.1149853864675014,-1.725072693028807
1.3741180891098992,0.7277394919149646,0.1499734167004628,0.15000908297352464,-3.314407574387971,-3.3144063927341407,31.152775607349795,31.15681935958053,3.0547463043492153,-1.718796374336794
1.3746718409666,0.7274463404275819,0.149347341301132,0.14938306055204736,-3.2834518717796275,-3.2834544642773666,31.112031464215,31.113819618204104,2.9944030533398385,-1.7124762371925142
1.375225592823301,0.7271534250224554,0.1487288194626988,0.14876460319154497,-3.252647637291253,-3.252642897163576,30.961350176588336,30.968120073187585,2.9340513671819872,-1.706113053863438
1.3757793446800015,0.7268607454145158,0.1481178312845641,0.14815366907275201,-3.2219818715360886,-3.221987850651505,30.781599231421207,30.782852984030583,2.8740000887641015,-1.6997064526195964
1.3763330965367029,0.7265683013191515,0.1475143342714797,0.14755022919422833,-3.1914805011666942,-3.1914770004885753,30.642312827120826,30.645901765569526,2.8142133923427672,-1.69325660433732
1.3768868483934036,0.7262760924522103,0.1469182948144039,0.14695424668800283,-3.161108675347118,-3.1611062987885195,30.57695424013264,30.581082407480654,2.754483296131901,-1.6867631569540587
1.3774406002501045,0.7259841185299954,0.1463296635319077,0.14636566810365217,-3.130866784383773,-3.130872890519748,30.448812209486302,30.452714310971622,2.6946954452000136,-1.6802268397234426
1.3779943521068052,0.7256923792692673,0.1457483998584316,0.1457844573661018,-3.100775474151316,-3.100772019643932,30.28503142082973,30.28840130991668,2.635253048045747,-1.6736474936567194
1.378548103963506,0.7254008743872407,0.145174477601456,0.145210588380019,-3.0708098413177938,-3.0708084528198993,30.182047093924957,30.18562981677554,2.575959621409358,-1.667025192727094
1.3791018558202068,0.7251096036015847,0.1446078529215216,0.14464401482089911,-3.040993602601301,-3.0409945863575754,30.062741328389155,30.066004905014324,2.5167908323698907,-1.660360036335169
1.3796556076769078,0.7248185666304219,0.1440484818129177,0.14408469192075668,-3.011317655642563,-3.0113218241745883,29.916081013987423,29.920329296003516,2.457832744635911,-1.6536522494314232
1.380209359533609,0.724527763192327,0.1434963298092783,0.14353258936433902,-2.9817808808286808,-2.981773954337027,29.82413789836427,29.827885793180464,2.399110066582417,-1.6469017838344355
1.3807631113903096,0.7242371930063268,0.1429513591785308,0.1429876675118773,-2.9523572878885664,-2.9523618041497244,29.686587709310704,29.689002090242933,2.3404361252162103,-1.640108898301197
1.3813168632470103,0.7239468557918978,0.1424135330179085,0.142449886162012,-2.923100095981844,-2.9230996449115336,29.54686276879604,29.55202949286155,2.2821858450903845,-1.6332738038172085
1.3818706151037112,0.7236567512689664,0.1418828134985505,0.14191921289136109,-2.893951532900409,-2.8939495555586077,29.49090691923216,29.493415253555703,2.223962968060612,-1.626396233579646
1.3824243669604122,0.7233668791579081,0.1413591627945196,0.1413956064472444,-2.864927049456385,-2.8649294364181643,29.324450499581044,29.32905012643741,2.165902373649148,-1.6194771191530417
1.3829781188171129,0.7230772391795459,0.1408425461702367,0.1408790327951203,-2.8360630274535783,-2.836061138848485,29.194445230312866,29.196866651162196,2.1083015229073467,-1.6125159666553337
1.3835318706738138,0.7227878310551499,0.1403329284105032,0.1403694571511245,-2.807306035199956,-2.807307619205564,29.12486645593381,29.129519671903886,2.050767960751421,-1.6055131670813583
1.3840856225305147,0.7224986545064362,0.1398302714086537,0.13986684092374216,-2.7786793352781283,-2.7786776126767756,28.9904200496285,28.994304487775693,1.9934263374814303,-1.5984689584780674
1.3846393743872154,0.7222097092555663,0.1393345375305845,0.13937114704208767,-2.7501967743861995,-2.75019864926681,28.821168805683364,28.823678474756136,1.9364843504194487,-1.5913836294455448
1.3851931262439163,0.7219209950251455,0.1388456964689091,0.1388823449172548,-2.7218494344794784,-2.7218474895854623,28.752766180334294,28.756506808487064,1.8798971799599395,-1.584256866686629
1.3857468781006173,0.7216325115382228,0.1383637106335415,0.13840039563802925,-2.693597318175121,-2.693600016318792,28.68952851425739,28.693477435026864,1.8232299522657867,-1.577089210348506
1.386300629957318,0.7213442585182901,0.1378885365319763,0.13792525917101567,-2.6654810527996453,-2.66547684975995,28.528597822344054,28.533515451053795,1.7668993699232112,-1.5698813538978114
1.3868543818140189,0.72105623568928,0.1374201499115131,0.1374569082960437,-2.6374846654557764,-2.637488951155574,28.397573909032545,28.398905686263596,1.7109841899147775,-1.5626330038303085
1.3874081336707198,0.7207684427755667,0.1369585210481327,0.13699531113340177,-2.6096280495316897,-2.609626714166044,28.28911458692145,28.29416179492039,1.6553774613822636,-1.555344476378176
1.3879618855274207,0.7204808795019637,0.1365036060858324,0.13654043288575216,-2.5818875540896284,-2.581885171784525,28.211280070373416,28.214161751446213,1.5999920274914188,-1.5480158004702569
1.3885156373841214,0.720193545593724,0.1360553753101092,0.13609223094381848,-2.5542674726933923,-2.5542711640822624,28.08086433344524,28.084120847546032,1.544816860394692,-1.540647655942522
1.3890693892408223,0.7199064407765381,0.1356137861745212,0.13565067574024786,-2.526767621099403,-2.5267649227716533,27.988288513859445,27.99388287250275,1.4900678225101793,-1.5332400843886675
1.3896231410975233,0.7196195647765341,0.1351788270439652,0.1352157437248311,-2.4993560259861134,-2.499357389614203,27.89285736513419,27.893880694236593,1.435415562149117,-1.5257934158821336
1.390176892954224,0.7193329173202767,0.1347504435609066,0.13478739116241364,-2.4721225373819005,-2.472121940407231,27.70624986778657,27.711016940165464,1.381305853522048,-1.518308258001412
1.390730644810925,0.7190464981347655,0.1343286076205951,0.1343655818576583,-2.444998932022651,-2.44499919212123,27.68320104454837,27.686868281334355,1.3275802521703155,-1.5107839843460185
1.3912843966676258,0.7187603069474352,0.1339132916132162,0.13395029239939232,-2.4179257925549367,-2.4179256743176,27.585488086527032,27.58796317207261,1.273753985165524,-1.503221736627886
1.3918381485243263,0.7184743434861544,0.1335044692497879,0.13354149724443887,-2.391016852963077,-2.3910169183410077,27.389539626963344,27.395025608022742,1.220642926868324,-1.4956219818879928
1.3923919003810274,0.7181886074792236,0.1331021007446864,0.13313914992802767,-2.364260813243072,-2.364260751492779,27.369705020936244,27.370611665228047,1.1678505753779351,-1.487984007850781
1.3929456522377284,0.7179030986553767,0.1327061393186268,0.13274321565027677,-2.337546896653044,-2.337547001289482,27.24902786867197,27.25420655318115,1.115105384291808,-1.480309145904385
1.393499404094429,0.7176178167437781,0.1323165898990661,0.13235368667339706,-2.3109651975505336,-2.3109649709336875,27.1171948255616,27.12100148860634,1.0630043628963208,-1.4725974685472205
1.39405315595113,0.7173327614740224,0.1319333964387715,0.1319705132690213,-2.2845367982637903,-2.284537324426713,27.046021822203908,27.04723123288023,1.0110995999149055,-1.4648489915626335
1.394606907807831,0.7170479325761338,0.1315565189258664,0.13159365966742015,-2.2581835359238043,-2.258182291961698,26.92404863466061,26.93010335605096,0.9596050967337719,-1.4570646362005673
1.3951606596645318,0.7167633297805655,0.1311859593567753,0.13122311542818108,-2.231930416523078,-2.231932990032316,26.844698601226835,26.846441347419095,0.9084483207141929,-1.4492441470383504
1.3957144115212323,0.716478952818198,0.1308216617253109,0.1308588379234293,-2.205822607368983,-2.2058188262965115,26.711479767599133,26.71542358590948,0.8576408146043688,-1.4413886091357364
1.3962681633779337,0.7161948014203385,0.1304636010058456,0.1305007955760778,-2.179813409074004,-2.1798164736070764,26.625879787597157,26.628628123196037,0.8073538555010189,-1.4334976450542523
1.3968219152346344,0.7159108753187214,0.1301117549280692,0.1301489614389015,-2.153900946098311,-2.153901008067867,26.55791935389411,26.56198827137716,0.7572190623971751,-1.4255721009747409
1.397375667091335,0.7156271742455053,0.129766082130534,0.1298033092333459,-2.128085601401956,-2.1280824327475742,26.43835640826084,26.441935234192876,0.7075166374132733,-1.4176125635185979
1.397929418948036,0.7153436979332732,0.1294265738634453,0.12946380998552065,-2.1023953839099194,-2.102399185140787,26.311337805434,26.31317787655516,0.6582630380193333,-1.409619230745757
1.398483170804737,0.7150604461150322,0.1290931749032483,0.12913042800442234,-2.0768293468505283,-2.076826980743843,26.24031253468292,26.245062279037747,0.6094975315510065,-1.4015923801869827
1.3990369226614376,0.714777418524212,0.1287658802334338,0.12880314258956851,-2.0513210758213445,-2.051321604408779,26.172679755231897,26.174965062314087,0.5608736880908896,-1.3935323758404656
1.3995906745181386,0.7144946148946637,0.1284446433938892,0.12848191844433174,-2.0259575560736667,-2.025958248051706,26.01617710331087,26.02032808277542,0.5127814959974164,-1.3854405092772797
1.4001444263748395,0.7142120349606599,0.1281294456447014,0.12816673026646447,-2.000685390491726,-2.0006853369554474,25.951844617893943,25.953579046188086,0.4652142527054153,-1.3773159625132745
1.4006981782315402,0.7139296784568935,0.127820262297014,0.12785755545568814,-1.9755046557330729,-1.9755018673345464,25.88002566424513,25.884653328179844,0.4178084894950769,-1.3691601033157632
1.4012519300882411,0.7136475451184763,0.127517055017005,0.1275543591502508,-1.9504275483422853,-1.9504318318438012,25.759711655885617,25.762425289749952,0.3709048688001384,-1.3609732639240308
1.401805681944942,0.7133656346809389,0.1272198098346076,0.1272571150054687,-1.925469686450593,-1.925468950915428,25.64632538990919,25.64878799259437,0.3244654355390306,-1.352755892002886
1.402359433801643,0.7130839468802299,0.1269284814679679,0.12696580097739163,-1.900606780745734,-1.9006014141004484,25.585208798781064,25.589301463856746,0.278495109172717,-1.3445081344295182
1.4029131856583437,0.7128024814527144,0.1266430678468756,0.12668038528190376,-1.8758209045495648,-1.8758296663859346,25.497272939304324,25.498936408299336,0.23272182461448487,-1.336230771968574
1.4034669375150446,0.7125212381351737,0.126363514377807,0.12640084105250635,-1.8511655997031644,-1.8511580266211962,25.36901033771171,25.374156086040834,0.18756755415295956,-1.3279247521039514
1.4040206893717455,0.7122402166648043,0.1260898209001661,0.12612714891446128,-1.8265825387399648,-1.8265853970876011,25.321117873217293,25.32204052351102,0.14277305680319552,-1.3195895728811375
1.4045744412284462,0.7119594167792176,0.1258219427666516,0.1258592733769911,-1.8021103338811617,-1.8021126291166523,25.188025109082577,25.19194398487752,0.09833309858179495,-1.3112269807198673
1.4051281930851471,0.7116788382164378,0.1255598630222102,0.1255971956729646,-1.7777437271453946,-1.7777395412748909,25.112766406244507,25.115831565091007,0.05454518892839566,-1.3028364053528607
1.405681944941848,0.7113984807149025,0.1253035548008666,0.12534088742421093,-1.7534527151742283,-1.7534554436951881,25.0518836734508,25.055984669163113,0.010895959118879528,-1.294418866649047
1.4062356967985488,0.7111183440134614,0.1250529887407525,0.1250903226214858,-1.7292584579013797,-1.7292575841693154,24.909805266315946,24.900644155482517,-0.032146678193755385,-1.285975411647376
1.4067894486552497,0.7108384278513747,0.1248081466465716,0.12484547895404714,-1.705216081171366,-1.705216204222051,24.86009581466085,24.8693286793537,-0.07468924674937893,-1.2775055582480883
1.4073432005119506,0.7105587319683138,0.1245689961837305,0.1246063210380082,-1.6810524923954822,-1.6810524873537132,24.768502830420207,24.799320064014733,-0.11712646893359713,-1.2690108935717412
1.4078969523686515,0.710279256104359,0.1243355445829344,0.12437294250010641,-1.6575965327698767,-1.6575965329274318,24.62483101244645,24.460786718516303,-0.15849336995012653,-1.2604914062064565
1.4084507042253522,0.71,0.1241070156993361,0.12414349332510607,-1.635989646284185,-1.6359896462841848,24.542098606297493,26.376848432771645,-0.20124449561476565,-1.2519481544487139
