u,r_over_rs,f,h,phi,f_r,h_r,phi_r,phi_rr,X,J,K_scalar,derivative_convention
100.0,0.01,0.25,1.0,1.0,0.0,0.0,0.0,0.0,0.0,0.0,0.0,d/dr at r = r_over_rs = 1/u (r_s = 1); u-column data consumed via d/dr = -u^2 d/du; stencils jet9d8 window=9 degree=8 on strictly increasing r
99.76896123941695,0.010023157378578756,0.25,1.0,1.0,0.0,0.0,0.0,0.0,0.0,0.0,0.0,d/dr at r = r_over_rs = 1/u (r_s = 1); u-column data consumed via d/dr = -u^2 d/du; stencils jet9d8 window=9 degree=8 on strictly increasing r
99.53845626792292,0.010046368383575767,0.25,1.0,1.0,0.0,0.0,0.0,0.0,0.0,0.0,0.0,d/dr at r = r_over_rs = 1/u (r_s = 1); u-column data consumed via d/dr = -u^2 d/du; stencils jet9d8 window=9 degree=8 on strictly increasing r
99.30848385225804,0.010069633139175777,0.25,1.0,1.0,0.0,0.0,0.0,0.0,0.0,0.0,0.0,d/dr at r = r_over_rs = 1/u (r_s = 1); u-column data consumed via d/dr = -u^2 d/du; stencils jet9d8 window=9 degree=8 on strictly increasing r
99.07904276201198,0.010092951769851083,0.25,1.0,1.0,0.0,0.0,0.0,0.0,0.0,0.0,0.0,d/dr at r = r_over_rs = 1/u (r_s = 1); u-column data consumed via d/dr = -u^2 d/du; stencils jet9d8 window=9 degree=8 on strictly increasing r
98.85013176961712,0.010116324400362236,0.25,1.0,1.0,0.0,0.0,0.0,0.0,0.0,0.0,0.0,d/dr at r = r_over_rs = 1/u (r_s = 1); u-column data consumed via d/dr = -u^2 d/du; stencils jet9d8 window=9 degree=8 on strictly increasing r
98.62174965034195,0.0101397511557587,0.25,1.0,1.0,0.0,0.0,0.0,0.0,0.0,0.0,0.0,d/dr at r = r_over_rs = 1/u (r_s = 1); u-column data consumed via d/dr = -u^2 d/du; stencils jet9d8 window=9 degree=8 on strictly increasing r
98.39389518228452,0.010163232161379526,0.25,1.0,1.0,0.0,0.0,0.0,0.0,0.0,0.0,0.0,d/dr at r = r_over_rs = 1/u (r_s = 1); u-column data consumed via d/dr = -u^2 d/du; stencils jet9d8 window=9 degree=8 on strictly increasing r
98.166567146366,0.01018676754285401,0.25,1.0,1.0,0.0,0.0,0.0,0.0,0.0,0.0,0.0,d/dr at r = r_over_rs = 1/u (r_s = 1); u-column data consumed via d/dr = -u^2 d/du; stencils jet9d8 window=9 degree=8 on strictly increasing r
97.9397643263242,0.010210357426102368,0.25,1.0,1.0,0.0,0.0,0.0,0.0,0.0,0.0,0.0,d/dr at r = r_over_rs = 1/u (r_s = 1); u-column data consumed via d/dr = -u^2 d/du; stencils jet9d8 window=9 degree=8 on strictly increasing r
97.71348550870673,0.010234001937336432,0.25,1.0,1.0,0.0,0.0,0.0,0.0,0.0,0.0,0.0,d/dr at r = r_over_rs = 1/u (r_s = 1); u-column data consumed via d/dr = -u^2 d/du; stencils jet9d8 window=9 degree=8 on strictly increasing r
97.48772948286492,0.010257701203060294,0.25,1.0,1.0,0.0,0.0,0.0,0.0,0.0,0.0,0.0,d/dr at r = r_over_rs = 1/u (r_s = 1); u-column data consumed via d/dr = -u^2 d/du; stencils jet9d8 window=9 degree=8 on strictly increasing r
97.2624950409472,0.010281455350070993,0.25,1.0,1.0,0.0,0.0,0.0,0.0,0.0,0.0,0.0,d/dr at r = r_over_rs = 1/u (r_s = 1); u-column data consumed via d/dr = -u^2 d/du; stencils jet9d8 window=9 degree=8 on strictly increasing r
97.03778097789252,0.010305264505459202,0.25,1.0,1.0,0.0,0.0,0.0,0.0,0.0,0.0,0.0,d/dr at r = r_over_rs = 1/u (r_s = 1); u-column data consumed via d/dr = -u^2 d/du; stencils jet9d8 window=9 degree=8 on strictly increasing r
96.8135860914239,0.010329128796609917,0.25,1.0,1.0,0.0,0.0,0.0,0.0,0.0,0.0,0.0,d/dr at r = r_over_rs = 1/u (r_s = 1); u-column data consumed via d/dr = -u^2 d/du; stencils jet9d8 window=9 degree=8 on strictly increasing r
96.5899091820423,0.010353048351203098,0.25,1.0,1.0,0.0,0.0,0.0,0.0,0.0,0.0,0.0,d/dr at r = r_over_rs = 1/u (r_s = 1); u-column data consumed via d/dr = -u^2 d/du; stencils jet9d8 window=9 degree=8 on strictly increasing r
96.36674905301984,0.010377023297214393,0.25,1.0,1.0,0.0,0.0,0.0,0.0,0.0,0.0,0.0,d/dr at r = r_over_rs = 1/u (r_s = 1); u-column data consumed via d/dr = -u^2 d/du; stencils jet9d8 window=9 degree=8 on strictly increasing r
96.14410451039365,0.010401053762915802,0.25,1.0,1.0,0.0,0.0,0.0,0.0,0.0,0.0,0.0,d/dr at r = r_over_rs = 1/u (r_s = 1); u-column data consumed via d/dr = -u^2 d/du; stencils jet9d8 window=9 degree=8 on strictly increasing r
95.9219743629592,0.010425139876876382,0.25,1.0,1.0,0.0,0.0,0.0,0.0,0.0,0.0,0.0,d/dr at r = r_over_rs = 1/u (r_s = 1); u-column data consumed via d/dr = -u^2 d/du; stencils jet9d8 window=9 degree=8 on strictly increasing r
95.70035742226425,0.010449281767962913,0.25,1.0,1.0,0.0,0.0,0.0,0.0,0.0,0.0,0.0,d/dr at r = r_over_rs = 1/u (r_s = 1); u-column data consumed via d/dr = -u^2 d/du; stencils jet9d8 window=9 degree=8 on strictly increasing r
95.47925250260236,0.010473479565340588,0.25,1.0,1.0,0.0,0.0,0.0,0.0,0.0,0.0,0.0,d/dr at r = r_over_rs = 1/u (r_s = 1); u-column data consumed via d/dr = -u^2 d/du; stencils jet9d8 window=9 degree=8 on strictly increasing r
95.25865842100644,0.010497733398473728,0.25,1.0,1.0,0.0,0.0,0.0,0.0,0.0,0.0,0.0,d/dr at r = r_over_rs = 1/u (r_s = 1); u-column data consumed via d/dr = -u^2 d/du; stencils jet9d8 window=9 degree=8 on strictly increasing r
95.03857399724252,0.010522043397126458,0.25,1.0,1.0,0.0,0.0,0.0,0.0,0.0,0.0,0.0,d/dr at r = r_over_rs = 1/u (r_s = 1); u-column data consumed via d/dr = -u^2 d/du; stencils jet9d8 window=9 degree=8 on strictly increasing r
94.8189980538035,0.010546409691363393,0.25,1.0,1.0,0.0,0.0,0.0,0.0,0.0,0.0,0.0,d/dr at r = r_over_rs = 1/u (r_s = 1); u-column data consumed via d/dr = -u^2 d/du; stencils jet9d8 window=9 degree=8 on strictly increasing r
94.5999294159028,0.010570832411550341,0.25,1.0,1.0,0.0,0.0,0.0,0.0,0.0,0.0,0.0,d/dr at r = r_over_rs = 1/u (r_s = 1); u-column data consumed via d/dr = -u^2 d/du; stencils jet9d8 window=9 degree=8 on strictly increasing r
94.38136691146788,0.010595311688355027,0.25,1.0,1.0,0.0,0.0,0.0,0.0,0.0,0.0,0.0,d/dr at r = r_over_rs = 1/u (r_s = 1); u-column data consumed via d/dr = -u^2 d/du; stencils jet9d8 window=9 degree=8 on strictly increasing r
94.16330937113432,0.01061984765274774,0.25,1.0,1.0,0.0,0.0,0.0,0.0,0.0,0.0,0.0,d/dr at r = r_over_rs = 1/u (r_s = 1); u-column data consumed via d/dr = -u^2 d/du; stencils jet9d8 window=9 degree=8 on strictly increasing r
93.94575562823933,0.010644440436002073,0.25,1.0,1.0,0.0,0.0,0.0,0.0,0.0,0.0,0.0,d/dr at r = r_over_rs = 1/u (r_s = 1); u-column data consumed via d/dr = -u^2 d/du; stencils jet9d8 window=9 degree=8 on strictly increasing r
93.7287045188155,0.010669090169695621,0.25,1.0,1.0,0.0,0.0,0.0,0.0,0.0,0.0,0.0,d/dr at r = r_over_rs = 1/u (r_s = 1); u-column data consumed via d/dr = -u^2 d/du; stencils jet9d8 window=9 degree=8 on strictly increasing r
93.51215488158468,0.010693796985710675,0.25,1.0,1.0,0.0,0.0,0.0,0.0,0.0,0.0,0.0,d/dr at r = r_over_rs = 1/u (r_s = 1); u-column data consumed via d/dr = -u^2 d/du; stencils jet9d8 window=9 degree=8 on strictly increasing r
93.2961055579518,0.010718561016234918,0.25,1.0,1.0,0.0,0.0,0.0,0.0,0.0,0.0,0.0,d/dr at r = r_over_rs = 1/u (r_s = 1); u-column data consumed via d/dr = -u^2 d/du; stencils jet9d8 window=9 degree=8 on strictly increasing r
93.08055539199852,0.010743382393762156,0.25,1.0,1.0,0.0,0.0,0.0,0.0,0.0,0.0,0.0,d/dr at r = r_over_rs = 1/u (r_s = 1); u-column data consumed via d/dr = -u^2 d/du; stencils jet9d8 window=9 degree=8 on strictly increasing r
92.86550323047707,0.01076826125109302,0.25,1.0,1.0,0.0,0.0,0.0,0.0,0.0,0.0,0.0,d/dr at r = r_over_rs = 1/u (r_s = 1); u-column data consumed via d/dr = -u^2 d/du; stencils jet9d8 window=9 degree=8 on strictly increasing r
92.65094792280418,0.010793197721335671,0.25,1.0,1.0,0.0,0.0,0.0,0.0,0.0,0.0,0.0,d/dr at r = r_over_rs = 1/u (r_s = 1); u-column data consumed via d/dr = -u^2 d/du; stencils jet9d8 window=9 degree=8 on strictly increasing r
92.43688832105497,0.010818191937906497,0.25,1.0,1.0,0.0,0.0,0.0,0.0,0.0,0.0,0.0,d/dr at r = r_over_rs = 1/u (r_s = 1); u-column data consumed via d/dr = -u^2 d/du; stencils jet9d8 window=9 degree=8 on strictly increasing r
92.22332327995647,0.010843244034530871,0.25,1.0,1.0,0.0,0.0,0.0,0.0,0.0,0.0,0.0,d/dr at r = r_over_rs = 1/u (r_s = 1); u-column data consumed via d/dr = -u^2 d/du; stencils jet9d8 window=9 degree=8 on strictly increasing r
92.010251656882,0.010868354145243814,0.25,1.0,1.0,0.0,0.0,0.0,0.0,0.0,0.0,0.0,d/dr at r = r_over_rs = 1/u (r_s = 1); u-column data consumed via d/dr = -u^2 d/du; stencils jet9d8 window=9 degree=8 on strictly increasing r
91.79767231184462,0.010893522404390753,0.25,1.0,1.0,0.0,0.0,0.0,0.0,0.0,0.0,0.0,d/dr at r = r_over_rs = 1/u (r_s = 1); u-column data consumed via d/dr = -u^2 d/du; stencils jet9d8 window=9 degree=8 on strictly increasing r
91.58558410749131,0.010918748946628209,0.25,1.0,1.0,0.0,0.0,0.0,0.0,0.0,0.0,0.0,d/dr at r = r_over_rs = 1/u (r_s = 1); u-column data consumed via d/dr = -u^2 d/du; stencils jet9d8 window=9 degree=8 on strictly increasing r
91.37398590909665,0.010944033906924553,0.25,1.0,1.0,0.0,0.0,0.0,0.0,0.0,0.0,0.0,d/dr at r = r_over_rs = 1/u (r_s = 1); u-column data consumed via d/dr = -u^2 d/du; stencils jet9d8 window=9 degree=8 on strictly increasing r
91.16287658455695,0.010969377420560691,0.25,1.0,1.0,0.0,0.0,0.0,0.0,0.0,0.0,0.0,d/dr at r = r_over_rs = 1/u (r_s = 1); u-column data consumed via d/dr = -u^2 d/du; stencils jet9d8 window=9 degree=8 on strictly increasing r
90.95225500438416,0.010994779623130809,0.25,1.0,1.0,0.0,0.0,0.0,0.0,0.0,0.0,0.0,d/dr at r = r_over_rs = 1/u (r_s = 1); u-column data consumed via d/dr = -u^2 d/du; stencils jet9d8 window=9 degree=8 on strictly increasing r
90.74212004169976,0.011020240650543084,0.25,1.0,1.0,0.0,0.0,0.0,0.0,0.0,0.0,0.0,d/dr at r = r_over_rs = 1/u (r_s = 1); u-column data consumed via d/dr = -u^2 d/du; stencils jet9d8 window=9 degree=8 on strictly increasing r
90.53247057222868,0.011045760639020442,0.25,1.0,1.0,0.0,0.0,0.0,0.0,0.0,0.0,0.0,d/dr at r = r_over_rs = 1/u (r_s = 1); u-column data consumed via d/dr = -u^2 d/du; stencils jet9d8 window=9 degree=8 on strictly increasing r
90.3233054742934,0.011071339725101253,0.25,1.0,1.0,0.0,0.0,0.0,0.0,0.0,0.0,0.0,d/dr at r = r_over_rs = 1/u (r_s = 1); u-column data consumed via d/dr = -u^2 d/du; stencils jet9d8 window=9 degree=8 on strictly increasing r
90.11462362880802,0.011096978045640065,0.25,1.0,1.0,0.0,0.0,0.0,0.0,0.0,0.0,0.0,d/dr at r = r_over_rs = 1/u (r_s = 1); u-column data consumed via d/dr = -u^2 d/du; stencils jet9d8 window=9 degree=8 on strictly increasing r
89.90642391927197,0.011122675737808365,0.25,1.0,1.0,0.0,0.0,0.0,0.0,0.0,0.0,0.0,d/dr at r = r_over_rs = 1/u (r_s = 1); u-column data consumed via d/dr = -u^2 d/du; stencils jet9d8 window=9 degree=8 on strictly increasing r
89.69870523176436,0.01114843293909528,0.25,1.0,1.0,0.0,0.0,0.0,0.0,0.0,0.0,0.0,d/dr at r = r_over_rs = 1/u (r_s = 1); u-column data consumed via d/dr = -u^2 d/du; stencils jet9d8 window=9 degree=8 on strictly increasing r
89.49146645493788,0.011174249787308329,0.25,1.0,1.0,0.0,0.0,0.0,0.0,0.0,0.0,0.0,d/dr at r = r_over_rs = 1/u (r_s = 1); u-column data consumed via d/dr = -u^2 d/du; stencils jet9d8 window=9 degree=8 on strictly increasing r
89.28470648001286,0.01120012642057415,0.25,1.0,1.0,0.0,0.0,0.0,0.0,0.0,0.0,0.0,d/dr at r = r_over_rs = 1/u (r_s = 1); u-column data consumed via d/dr = -u^2 d/du; stencils jet9d8 window=9 degree=8 on strictly increasing r
89.07842420077125,0.011226062977339264,0.25,1.0,1.0,0.0,0.0,0.0,0.0,0.0,0.0,0.0,d/dr at r = r_over_rs = 1/u (r_s = 1); u-column data consumed via d/dr = -u^2 d/du; stencils jet9d8 window=9 degree=8 on strictly increasing r
88.87261851355089,0.011252059596370783,0.25,1.0,1.0,0.0,0.0,0.0,0.0,0.0,0.0,0.0,d/dr at r = r_over_rs = 1/u (r_s = 1); u-column data consumed via d/dr = -u^2 d/du; stencils jet9d8 window=9 degree=8 on strictly increasing r
88.66728831723955,0.011278116416757163,0.25,1.0,1.0,0.0,0.0,0.0,0.0,0.0,0.0,0.0,d/dr at r = r_over_rs = 1/u (r_s = 1); u-column data consumed via d/dr = -u^2 d/du; stencils jet9d8 window=9 degree=8 on strictly increasing r
88.46243251326882,0.011304233577908974,0.25,1.0,1.0,0.0,0.0,0.0,0.0,0.0,0.0,0.0,d/dr at r = r_over_rs = 1/u (r_s = 1); u-column data consumed via d/dr = -u^2 d/du; stencils jet9d8 window=9 degree=8 on strictly increasing r
88.25805000560858,0.011330411219559603,0.25,1.0,1.0,0.0,0.0,0.0,0.0,0.0,0.0,0.0,d/dr at r = r_over_rs = 1/u (r_s = 1); u-column data consumed via d/dr = -u^2 d/du; stencils jet9d8 window=9 degree=8 on strictly increasing r
88.05413970076087,0.011356649481766035,0.25,1.0,1.0,0.0,0.0,0.0,0.0,0.0,0.0,0.0,d/dr at r = r_over_rs = 1/u (r_s = 1); u-column data consumed via d/dr = -u^2 d/du; stencils jet9d8 window=9 degree=8 on strictly increasing r
87.85070050775423,0.011382948504909576,0.25,1.0,1.0,0.0,0.0,0.0,0.0,0.0,0.0,0.0,d/dr at r = r_over_rs = 1/u (r_s = 1); u-column data consumed via d/dr = -u^2 d/du; stencils jet9d8 window=9 degree=8 on strictly increasing r
87.64773133813762,0.011409308429696641,0.25,1.0,1.0,0.0,0.0,0.0,0.0,0.0,0.0,0.0,d/dr at r = r_over_rs = 1/u (r_s = 1); u-column data consumed via d/dr = -u^2 d/du; stencils jet9d8 window=9 degree=8 on strictly increasing r
87.44523110597484,0.011435729397159467,0.25,1.0,1.0,0.0,0.0,0.0,0.0,0.0,0.0,0.0,d/dr at r = r_over_rs = 1/u (r_s = 1); u-column data consumed via d/dr = -u^2 d/du; stencils jet9d8 window=9 degree=8 on strictly increasing r
87.24319872783863,0.011462211548656889,0.25,1.0,1.0,0.0,0.0,0.0,0.0,0.0,0.0,0.0,d/dr at r = r_over_rs = 1/u (r_s = 1); u-column data consumed via d/dr = -u^2 d/du; stencils jet9d8 window=9 degree=8 on strictly increasing r
87.04163312280491,0.011488755025875083,0.25,1.0,1.0,0.0,0.0,0.0,0.0,0.0,0.0,0.0,d/dr at r = r_over_rs = 1/u (r_s = 1); u-column data consumed via d/dr = -u^2 d/du; stencils jet9d8 window=9 degree=8 on strictly increasing r
86.84053321244674,0.01151535997082836,0.25,1.0,1.0,0.0,0.0,0.0,0.0,0.0,0.0,0.0,d/dr at r = r_over_rs = 1/u (r_s = 1); u-column data consumed via d/dr = -u^2 d/du; stencils jet9d8 window=9 degree=8 on strictly increasing r
86.63989792082903,0.01154202652585987,0.25,1.0,1.0,0.0,0.0,0.0,0.0,0.0,0.0,0.0,d/dr at r = r_over_rs = 1/u (r_s = 1); u-column data consumed via d/dr = -u^2 d/du; stencils jet9d8 window=9 degree=8 on strictly increasing r
86.43972617450238,0.0115687548336424,0.25,1.0,1.0,0.0,0.0,0.0,0.0,0.0,0.0,0.0,d/dr at r = r_over_rs = 1/u (r_s = 1); u-column data consumed via d/dr = -u^2 d/du; stencils jet9d8 window=9 degree=8 on strictly increasing r
86.24001690249746,0.011595545037179146,0.25,1.0,1.0,0.0,0.0,0.0,0.0,0.0,0.0,0.0,d/dr at r = r_over_rs = 1/u (r_s = 1); u-column data consumed via d/dr = -u^2 d/du; stencils jet9d8 window=9 degree=8 on strictly increasing r
86.04076903631935,0.01162239727980444,0.25,1.0,1.0,0.0,0.0,0.0,0.0,0.0,0.0,0.0,d/dr at r = r_over_rs = 1/u (r_s = 1); u-column data consumed via d/dr = -u^2 d/du; stencils jet9d8 window=9 degree=8 on strictly increasing r
85.84198150994172,0.011649311705184552,0.25,1.0,1.0,0.0,0.0,0.0,0.0,0.0,0.0,0.0,d/dr at r = r_over_rs = 1/u (r_s = 1); u-column data consumed via d/dr = -u^2 d/du; stencils jet9d8 window=9 degree=8 on strictly increasing r
85.6436532598013,0.011676288457318431,0.25,1.0,1.0,0.0,0.0,0.0,0.0,0.0,0.0,0.0,d/dr at r = r_over_rs = 1/u (r_s = 1); u-column data consumed via d/dr = -u^2 d/du; stencils jet9d8 window=9 degree=8 on strictly increasing r
85.44578322479182,0.011703327680538519,0.25,1.0,1.0,0.0,0.0,0.0,0.0,0.0,0.0,0.0,d/dr at r = r_over_rs = 1/u (r_s = 1); u-column data consumed via d/dr = -u^2 d/du; stencils jet9d8 window=9 degree=8 on strictly increasing r
85.24837034625881,0.011730429519511464,0.25,1.0,1.0,0.0,0.0,0.0,0.0,0.0,0.0,0.0,d/dr at r = r_over_rs = 1/u (r_s = 1); u-column data consumed via d/dr = -u^2 d/du; stencils jet9d8 window=9 degree=8 on strictly increasing r
85.05141356799363,0.01175759411923893,0.25,1.0,1.0,0.0,0.0,0.0,0.0,0.0,0.0,0.0,d/dr at r = r_over_rs = 1/u (r_s = 1); u-column data consumed via d/dr = -u^2 d/du; stencils jet9d8 window=9 degree=8 on strictly increasing r
84.8549118362278,0.011784821625058384,0.25,1.0,1.0,0.0,0.0,0.0,0.0,0.0,0.0,0.0,d/dr at r = r_over_rs = 1/u (r_s = 1); u-column data consumed via d/dr = -u^2 d/du; stencils jet9d8 window=9 degree=8 on strictly increasing r
84.65886409962756,0.01181211218264384,0.25,1.0,1.0,0.0,0.0,0.0,0.0,0.0,0.0,0.0,d/dr at r = r_over_rs = 1/u (r_s = 1); u-column data consumed via d/dr = -u^2 d/du; stencils jet9d8 window=9 degree=8 on strictly increasing r
84.46326930928811,0.011839465938006662,0.25,1.0,1.0,0.0,0.0,0.0,0.0,0.0,0.0,0.0,d/dr at r = r_over_rs = 1/u (r_s = 1); u-column data consumed via d/dr = -u^2 d/du; stencils jet9d8 window=9 degree=8 on strictly increasing r
84.26812641872807,0.011866883037496324,0.25,1.0,1.0,0.0,0.0,0.0,0.0,0.0,0.0,0.0,d/dr at r = r_over_rs = 1/u (r_s = 1); u-column data consumed via d/dr = -u^2 d/du; stencils jet9d8 window=9 degree=8 on strictly increasing r
84.07343438388372,0.011894363627801231,0.25,1.0,1.0,0.0,0.0,0.0,0.0,0.0,0.0,0.0,d/dr at r = r_over_rs = 1/u (r_s = 1); u-column data consumed via d/dr = -u^2 d/du; stencils jet9d8 window=9 degree=8 on strictly increasing r
83.8791921631036,0.01192190785594947,0.25,1.0,1.0,0.0,0.0,0.0,0.0,0.0,0.0,0.0,d/dr at r = r_over_rs = 1/u (r_s = 1); u-column data consumed via d/dr = -u^2 d/du; stencils jet9d8 window=9 degree=8 on strictly increasing r
83.68539871714296,0.011949515869309587,0.25,1.0,1.0,0.0,0.0,0.0,0.0,0.0,0.0,0.0,d/dr at r = r_over_rs = 1/u (r_s = 1); u-column data consumed via d/dr = -u^2 d/du; stencils jet9d8 window=9 degree=8 on strictly increasing r
83.49205300915791,0.01197718781559143,0.25,1.0,1.0,0.0,0.0,0.0,0.0,0.0,0.0,0.0,d/dr at r = r_over_rs = 1/u (r_s = 1); u-column data consumed via d/dr = -u^2 d/du; stencils jet9d8 window=9 degree=8 on strictly increasing r
83.29915400470024,0.012004923842846878,0.25,1.0,1.0,0.0,0.0,0.0,0.0,0.0,0.0,0.0,d/dr at r = r_over_rs = 1/u (r_s = 1); u-column data consumed via d/dr = -u^2 d/du; stencils jet9d8 window=9 degree=8 on strictly increasing r
83.10670067171162,0.012032724099470673,0.25,1.0,1.0,0.0,0.0,0.0,0.0,0.0,0.0,0.0,d/dr at r = r_over_rs = 1/u (r_s = 1); u-column data consumed via d/dr = -u^2 d/du; stencils jet9d8 window=9 degree=8 on strictly increasing r
82.91469198051831,0.01206058873420118,0.25,1.0,1.0,0.0,0.0,0.0,0.0,0.0,0.0,0.0,d/dr at r = r_over_rs = 1/u (r_s = 1); u-column data consumed via d/dr = -u^2 d/du; stencils jet9d8 window=9 degree=8 on strictly increasing r
82.72312690382527,0.012088517896121236,0.25,1.0,1.0,0.0,0.0,0.0,0.0,0.0,0.0,0.0,d/dr at r = r_over_rs = 1/u (r_s = 1); u-column data consumed via d/dr = -u^2 d/du; stencils jet9d8 window=9 degree=8 on strictly increasing r
82.53200441671117,0.012116511734658886,0.25,1.0,1.0,0.0,0.0,0.0,0.0,0.0,0.0,0.0,d/dr at r = r_over_rs = 1/u (r_s = 1); u-column data consumed via d/dr = -u^2 d/du; stencils jet9d8 window=9 degree=8 on strictly increasing r
82.34132349662246,0.01214457039958823,0.25,1.0,1.0,0.0,0.0,0.0,0.0,0.0,0.0,0.0,d/dr at r = r_over_rs = 1/u (r_s = 1); u-column data consumed via d/dr = -u^2 d/du; stencils jet9d8 window=9 degree=8 on strictly increasing r
82.15108312336825,0.012172694041030184,0.25,1.0,1.0,0.0,0.0,0.0,0.0,0.0,0.0,0.0,d/dr at r = r_over_rs = 1/u (r_s = 1); u-column data consumed via d/dr = -u^2 d/du; stencils jet9d8 window=9 degree=8 on strictly increasing r
81.96128227911449,0.012200882809453332,0.25,1.0,1.0,0.0,0.0,0.0,0.0,0.0,0.0,0.0,d/dr at r = r_over_rs = 1/u (r_s = 1); u-column data consumed via d/dr = -u^2 d/du; stencils jet9d8 window=9 degree=8 on strictly increasing r
81.77191994837888,0.012229136855674684,0.25,1.0,1.0,0.0,0.0,0.0,0.0,0.0,0.0,0.0,d/dr at r = r_over_rs = 1/u (r_s = 1); u-column data consumed via d/dr = -u^2 d/du; stencils jet9d8 window=9 degree=8 on strictly increasing r
81.58299511802524,0.012257456330860504,0.25,1.0,1.0,0.0,0.0,0.0,0.0,0.0,0.0,0.0,d/dr at r = r_over_rs = 1/u (r_s = 1); u-column data consumed via d/dr = -u^2 d/du; stencils jet9d8 window=9 degree=8 on strictly increasing r
81.39450677725804,0.012285841386527132,0.25,1.0,1.0,0.0,0.0,0.0,0.0,0.0,0.0,0.0,d/dr at r = r_over_rs = 1/u (r_s = 1); u-column data consumed via d/dr = -u^2 d/du; stencils jet9d8 window=9 degree=8 on strictly increasing r
81.2064539176172,0.012314292174541766,0.25,1.0,1.0,0.0,0.0,0.0,0.0,0.0,0.0,0.0,d/dr at r = r_over_rs = 1/u (r_s = 1); u-column data consumed via d/dr = -u^2 d/du; stencils jet9d8 window=9 degree=8 on strictly increasing r
81.01883553297252,0.01234280884712329,0.25,1.0,1.0,0.0,0.0,0.0,0.0,0.0,0.0,0.0,d/dr at r = r_over_rs = 1/u (r_s = 1); u-column data consumed via d/dr = -u^2 d/du; stencils jet9d8 window=9 degree=8 on strictly increasing r
80.83165061951837,0.01237139155684309,0.25,1.0,1.0,0.0,0.0,0.0,0.0,0.0,0.0,0.0,d/dr at r = r_over_rs = 1/u (r_s = 1); u-column data consumed via d/dr = -u^2 d/du; stencils jet9d8 window=9 degree=8 on strictly increasing r
80.64489817576823,0.012400040456625872,0.25,1.0,1.0,0.0,0.0,0.0,0.0,0.0,0.0,0.0,d/dr at r = r_over_rs = 1/u (r_s = 1); u-column data consumed via d/dr = -u^2 d/du; stencils jet9d8 window=9 degree=8 on strictly increasing r
80.45857720254952,0.012428755699750462,0.25,1.0,1.0,0.0,0.0,0.0,0.0,0.0,0.0,0.0,d/dr at r = r_over_rs = 1/u (r_s = 1); u-column data consumed via d/dr = -u^2 d/du; stencils jet9d8 window=9 degree=8 on strictly increasing r
80.27268670299804,0.012457537439850655,0.25,1.0,1.0,0.0,0.0,0.0,0.0,0.0,0.0,0.0,d/dr at r = r_over_rs = 1/u (r_s = 1); u-column data consumed via d/dr = -u^2 d/du; stencils jet9d8 window=9 degree=8 on strictly increasing r
80.08722568255274,0.01248638583091602,0.25,1.0,1.0,0.0,0.0,0.0,0.0,0.0,0.0,0.0,d/dr at r = r_over_rs = 1/u (r_s = 1); u-column data consumed via d/dr = -u^2 d/du; stencils jet9d8 window=9 degree=8 on strictly increasing r
79.90219314895045,0.01251530102729271,0.25,1.0,1.0,0.0,0.0,0.0,0.0,0.0,0.0,0.0,d/dr at r = r_over_rs = 1/u (r_s = 1); u-column data consumed via d/dr = -u^2 d/du; stencils jet9d8 window=9 degree=8 on strictly increasing r
79.71758811222047,0.012544283183684316,0.25,1.0,1.0,0.0,0.0,0.0,0.0,0.0,0.0,0.0,d/dr at r = r_over_rs = 1/u (r_s = 1); u-column data consumed via d/dr = -u^2 d/du; stencils jet9d8 window=9 degree=8 on strictly increasing r
79.53340958467935,0.012573332455152679,0.25,1.0,1.0,0.0,0.0,0.0,0.0,0.0,0.0,0.0,d/dr at r = r_over_rs = 1/u (r_s = 1); u-column data consumed via d/dr = -u^2 d/du; stencils jet9d8 window=9 degree=8 on strictly increasing r
79.34965658092548,0.01260244899711873,0.25,1.0,1.0,0.0,0.0,0.0,0.0,0.0,0.0,0.0,d/dr at r = r_over_rs = 1/u (r_s = 1); u-column data consumed via d/dr = -u^2 d/du; stencils jet9d8 window=9 degree=8 on strictly increasing r
79.16632811783403,0.012631632965363302,0.25,1.0,1.0,0.0,0.0,0.0,0.0,0.0,0.0,0.0,d/dr at r = r_over_rs = 1/u (r_s = 1); u-column data consumed via d/dr = -u^2 d/du; stencils jet9d8 window=9 degree=8 on strictly increasing r
78.9834232145515,0.012660884516027981,0.25,1.0,1.0,0.0,0.0,0.0,0.0,0.0,0.0,0.0,d/dr at r = r_over_rs = 1/u (r_s = 1); u-column data consumed via d/dr = -u^2 d/du; stencils jet9d8 window=9 degree=8 on strictly increasing r
78.80094089249059,0.01269020380561593,0.25,1.0,1.0,0.0,0.0,0.0,0.0,0.0,0.0,0.0,d/dr at r = r_over_rs = 1/u (r_s = 1); u-column data consumed via d/dr = -u^2 d/du; stencils jet9d8 window=9 degree=8 on strictly increasing r
78.61888017532482,0.012719590990992749,0.25,1.0,1.0,0.0,0.0,0.0,0.0,0.0,0.0,0.0,d/dr at r = r_over_rs = 1/u (r_s = 1); u-column data consumed via d/dr = -u^2 d/du; stencils jet9d8 window=9 degree=8 on strictly increasing r
78.4372400889835,0.012749046229387282,0.25,1.0,1.0,0.0,0.0,0.0,0.0,0.0,0.0,0.0,d/dr at r = r_over_rs = 1/u (r_s = 1); u-column data consumed via d/dr = -u^2 d/du; stencils jet9d8 window=9 degree=8 on strictly increasing r
78.25601966164642,0.01277856967839247,0.25,1.0,1.0,0.0,0.0,0.0,0.0,0.0,0.0,0.0,d/dr at r = r_over_rs = 1/u (r_s = 1); u-column data consumed via d/dr = -u^2 d/du; stencils jet9d8 window=9 degree=8 on strictly increasing r
78.07521792373853,0.012808161495966225,0.25,1.0,1.0,0.0,0.0,0.0,0.0,0.0,0.0,0.0,d/dr at r = r_over_rs = 1/u (r_s = 1); u-column data consumed via d/dr = -u^2 d/du; stencils jet9d8 window=9 degree=8 on strictly increasing r
77.89483390792503,0.012837821840432216,0.25,1.0,1.0,0.0,0.0,0.0,0.0,0.0,0.0,0.0,d/dr at r = r_over_rs = 1/u (r_s = 1); u-column data consumed via d/dr = -u^2 d/du; stencils jet9d8 window=9 degree=8 on strictly increasing r
77.71486664910597,0.012867550870480764,0.25,1.0,1.0,0.0,0.0,0.0,0.0,0.0,0.0,0.0,d/dr at r = r_over_rs = 1/u (r_s = 1); u-column data consumed via d/dr = -u^2 d/du; stencils jet9d8 window=9 degree=8 on strictly increasing r
77.53531518441116,0.012897348745169668,0.25,1.0,1.0,0.0,0.0,0.0,0.0,0.0,0.0,0.0,d/dr at r = r_over_rs = 1/u (r_s = 1); u-column data consumed via d/dr = -u^2 d/du; stencils jet9d8 window=9 degree=8 on strictly increasing r
77.35617855319497,0.012927215623925079,0.25,1.0,1.0,0.0,0.0,0.0,0.0,0.0,0.0,0.0,d/dr at r = r_over_rs = 1/u (r_s = 1); u-column data consumed via d/dr = -u^2 d/du; stencils jet9d8 window=9 degree=8 on strictly increasing r
77.17745579703127,0.01295715166654232,0.25,1.0,1.0,0.0,0.0,0.0,0.0,0.0,0.0,0.0,d/dr at r = r_over_rs = 1/u (r_s = 1); u-column data consumed via d/dr = -u^2 d/du; stencils jet9d8 window=9 degree=8 on strictly increasing r
76.99914595970834,0.012987157033186758,0.25,1.0,1.0,0.0,0.0,0.0,0.0,0.0,0.0,0.0,d/dr at r = r_over_rs = 1/u (r_s = 1); u-column data consumed via d/dr = -u^2 d/du; stencils jet9d8 window=9 degree=8 on strictly increasing r
76.82124808722351,0.013017231884394685,0.25,1.0,1.0,0.0,0.0,0.0,0.0,0.0,0.0,0.0,d/dr at r = r_over_rs = 1/u (r_s = 1); u-column data consumed via d/dr = -u^2 d/du; stencils jet9d8 window=9 degree=8 on strictly increasing r
76.64376122777838,0.01304737638107412,0.25,1.0,1.0,0.0,0.0,0.0,0.0,0.0,0.0,0.0,d/dr at r = r_over_rs = 1/u (r_s = 1); u-column data consumed via d/dr = -u^2 d/du; stencils jet9d8 window=9 degree=8 on strictly increasing r
76.4666844317735,0.013077590684505723,0.25,1.0,1.0,0.0,0.0,0.0,0.0,0.0,0.0,0.0,d/dr at r = r_over_rs = 1/u (r_s = 1); u-column data consumed via d/dr = -u^2 d/du; stencils jet9d8 window=9 degree=8 on strictly increasing r
76.29001675180344,0.013107874956343626,0.25,1.0,1.0,0.0,0.0,0.0,0.0,0.0,0.0,0.0,d/dr at r = r_over_rs = 1/u (r_s = 1); u-column data consumed via d/dr = -u^2 d/du; stencils jet9d8 window=9 degree=8 on strictly increasing r
76.1137572426515,0.013138229358616325,0.25,1.0,1.0,0.0,0.0,0.0,0.0,0.0,0.0,0.0,d/dr at r = r_over_rs = 1/u (r_s = 1); u-column data consumed via d/dr = -u^2 d/du; stencils jet9d8 window=9 degree=8 on strictly increasing r
75.9379049612849,0.013168654053727526,0.25,1.0,1.0,0.0,0.0,0.0,0.0,0.0,0.0,0.0,d/dr at r = r_over_rs = 1/u (r_s = 1); u-column data consumed via d/dr = -u^2 d/du; stencils jet9d8 window=9 degree=8 on strictly increasing r
75.76245896684968,0.013199149204457,0.25,1.0,1.0,0.0,0.0,0.0,0.0,0.0,0.0,0.0,d/dr at r = r_over_rs = 1/u (r_s = 1); u-column data consumed via d/dr = -u^2 d/du; stencils jet9d8 window=9 degree=8 on strictly increasing r
75.58741832066545,0.013229714973961507,0.25,1.0,1.0,0.0,0.0,0.0,0.0,0.0,0.0,0.0,d/dr at r = r_over_rs = 1/u (r_s = 1); u-column data consumed via d/dr = -u^2 d/du; stencils jet9d8 window=9 degree=8 on strictly increasing r
75.41278208622067,0.01326035152577561,0.25,1.0,1.0,0.0,0.0,0.0,0.0,0.0,0.0,0.0,d/dr at r = r_over_rs = 1/u (r_s = 1); u-column data consumed via d/dr = -u^2 d/du; stencils jet9d8 window=9 degree=8 on strictly increasing r
75.2385493291675,0.013291059023812585,0.25,1.0,1.0,0.0,0.0,0.0,0.0,0.0,0.0,0.0,d/dr at r = r_over_rs = 1/u (r_s = 1); u-column data consumed via d/dr = -u^2 d/du; stencils jet9d8 window=9 degree=8 on strictly increasing r
75.06471911731677,0.01332183763236528,0.25,1.0,1.0,0.0,0.0,0.0,0.0,0.0,0.0,0.0,d/dr at r = r_over_rs = 1/u (r_s = 1); u-column data consumed via d/dr = -u^2 d/du; stencils jet9d8 window=9 degree=8 on strictly increasing r
74.89129052063299,0.013352687516107018,0.25,1.0,1.0,0.0,0.0,0.0,0.0,0.0,0.0,0.0,d/dr at r = r_over_rs = 1/u (r_s = 1); u-column data consumed via d/dr = -u^2 d/du; stencils jet9d8 window=9 degree=8 on strictly increasing r
74.71826261122949,0.013383608840092447,0.25,1.0,1.0,0.0,0.0,0.0,0.0,0.0,0.0,0.0,d/dr at r = r_over_rs = 1/u (r_s = 1); u-column data consumed via d/dr = -u^2 d/du; stencils jet9d8 window=9 degree=8 on strictly increasing r
74.54563446336338,0.013414601769758438,0.25,1.0,1.0,0.0,0.0,0.0,0.0,0.0,0.0,0.0,d/dr at r = r_over_rs = 1/u (r_s = 1); u-column data consumed via d/dr = -u^2 d/du; stencils jet9d8 window=9 degree=8 on strictly increasing r
74.37340515343047,0.013445666470924992,0.25,1.0,1.0,0.0,0.0,0.0,0.0,0.0,0.0,0.0,d/dr at r = r_over_rs = 1/u (r_s = 1); u-column data consumed via d/dr = -u^2 d/du; stencils jet9d8 window=9 degree=8 on strictly increasing r
74.2015737599606,0.013476803109796077,0.25,1.0,1.0,0.0,0.0,0.0,0.0,0.0,0.0,0.0,d/dr at r = r_over_rs = 1/u (r_s = 1); u-column data consumed via d/dr = -u^2 d/du; stencils jet9d8 window=9 degree=8 on strictly increasing r
74.03013936361249,0.013508011852960565,0.25,1.0,1.0,0.0,0.0,0.0,0.0,0.0,0.0,0.0,d/dr at r = r_over_rs = 1/u (r_s = 1); u-column data consumed via d/dr = -u^2 d/du; stencils jet9d8 window=9 degree=8 on strictly increasing r
73.85910104716895,0.01353929286739309,0.25,1.0,1.0,0.0,0.0,0.0,0.0,0.0,0.0,0.0,d/dr at r = r_over_rs = 1/u (r_s = 1); u-column data consumed via d/dr = -u^2 d/du; stencils jet9d8 window=9 degree=8 on strictly increasing r
73.68845789553181,0.013570646320454974,0.25,1.0,1.0,0.0,0.0,0.0,0.0,0.0,0.0,0.0,d/dr at r = r_over_rs = 1/u (r_s = 1); u-column data consumed via d/dr = -u^2 d/du; stencils jet9d8 window=9 degree=8 on strictly increasing r
73.51820899571723,0.013602072379895089,0.25,1.0,1.0,0.0,0.0,0.0,0.0,0.0,0.0,0.0,d/dr at r = r_over_rs = 1/u (r_s = 1); u-column data consumed via d/dr = -u^2 d/du; stencils jet9d8 window=9 degree=8 on strictly increasing r
73.34835343685069,0.013633571213850774,0.25,1.0,1.0,0.0,0.0,0.0,0.0,0.0,0.0,0.0,d/dr at r = r_over_rs = 1/u (r_s = 1); u-column data consumed via d/dr = -u^2 d/du; stencils jet9d8 window=9 degree=8 on strictly increasing r
73.17889031016216,0.013665142990848724,0.25,1.0,1.0,0.0,0.0,0.0,0.0,0.0,0.0,0.0,d/dr at r = r_over_rs = 1/u (r_s = 1); u-column data consumed via d/dr = -u^2 d/du; stencils jet9d8 window=9 degree=8 on strictly increasing r
73.00981870898116,0.013696787879805912,0.25,1.0,1.0,0.0,0.0,0.0,0.0,0.0,0.0,0.0,d/dr at r = r_over_rs = 1/u (r_s = 1); u-column data consumed via d/dr = -u^2 d/du; stencils jet9d8 window=9 degree=8 on strictly increasing r
72.84113772873201,0.013728506050030469,0.25,1.0,1.0,0.0,0.0,0.0,0.0,0.0,0.0,0.0,d/dr at r = r_over_rs = 1/u (r_s = 1); u-column data consumed via d/dr = -u^2 d/du; stencils jet9d8 window=9 degree=8 on strictly increasing r
72.67284646692899,0.013760297671222593,0.25,1.0,1.0,0.0,0.0,0.0,0.0,0.0,0.0,0.0,d/dr at r = r_over_rs = 1/u (r_s = 1); u-column data consumed via d/dr = -u^2 d/du; stencils jet9d8 window=9 degree=8 on strictly increasing r
72.50494402317142,0.013792162913475473,0.25,1.0,1.0,0.0,0.0,0.0,0.0,0.0,0.0,0.0,d/dr at r = r_over_rs = 1/u (r_s = 1); u-column data consumed via d/dr = -u^2 d/du; stencils jet9d8 window=9 degree=8 on strictly increasing r
72.33742949913886,0.013824101947276195,0.25,1.0,1.0,0.0,0.0,0.0,0.0,0.0,0.0,0.0,d/dr at r = r_over_rs = 1/u (r_s = 1); u-column data consumed via d/dr = -u^2 d/du; stencils jet9d8 window=9 degree=8 on strictly increasing r
72.17030199858644,0.013856114943506631,0.25,1.0,1.0,0.0,0.0,0.0,0.0,0.0,0.0,0.0,d/dr at r = r_over_rs = 1/u (r_s = 1); u-column data consumed via d/dr = -u^2 d/du; stencils jet9d8 window=9 degree=8 on strictly increasing r
72.00356062733992,0.013888202073444374,0.25,1.0,1.0,0.0,0.0,0.0,0.0,0.0,0.0,0.0,d/dr at r = r_over_rs = 1/u (r_s = 1); u-column data consumed via d/dr = -u^2 d/du; stencils jet9d8 window=9 degree=8 on strictly increasing r
71.83720449329087,0.013920363508763673,0.25,1.0,1.0,0.0,0.0,0.0,0.0,0.0,0.0,0.0,d/dr at r = r_over_rs = 1/u (r_s = 1); u-column data consumed via d/dr = -u^2 d/du; stencils jet9d8 window=9 degree=8 on strictly increasing r
71.67123270639208,0.013952599421536305,0.25,1.0,1.0,0.0,0.0,0.0,0.0,0.0,0.0,0.0,d/dr at r = r_over_rs = 1/u (r_s = 1); u-column data consumed via d/dr = -u^2 d/du; stencils jet9d8 window=9 degree=8 on strictly increasing r
71.50564437865266,0.013984909984232526,0.25,1.0,1.0,0.0,0.0,0.0,0.0,0.0,0.0,0.0,d/dr at r = r_over_rs = 1/u (r_s = 1); u-column data consumed via d/dr = -u^2 d/du; stencils jet9d8 window=9 degree=8 on strictly increasing r
71.34043862413334,0.014017295369721988,0.25,1.0,1.0,0.0,0.0,0.0,0.0,0.0,0.0,0.0,d/dr at r = r_over_rs = 1/u (r_s = 1); u-column data consumed via d/dr = -u^2 d/du; stencils jet9d8 window=9 degree=8 on strictly increasing r
71.17561455894166,0.014049755751274673,0.25,1.0,1.0,0.0,0.0,0.0,0.0,0.0,0.0,0.0,d/dr at r = r_over_rs = 1/u (r_s = 1); u-column data consumed via d/dr = -u^2 d/du; stencils jet9d8 window=9 degree=8 on strictly increasing r
71.01117130122734,0.014082291302561802,0.25,1.0,1.0,0.0,0.0,0.0,0.0,0.0,0.0,0.0,d/dr at r = r_over_rs = 1/u (r_s = 1); u-column data consumed via d/dr = -u^2 d/du; stencils jet9d8 window=9 degree=8 on strictly increasing r
70.84710797117752,0.01411490219765677,0.25,1.0,1.0,0.0,0.0,0.0,0.0,0.0,0.0,0.0,d/dr at r = r_over_rs = 1/u (r_s = 1); u-column data consumed via d/dr = -u^2 d/du; stencils jet9d8 window=9 degree=8 on strictly increasing r
70.683423691012,0.014147588611036092,0.25,1.0,1.0,0.0,0.0,0.0,0.0,0.0,0.0,0.0,d/dr at r = r_over_rs = 1/u (r_s = 1); u-column data consumed via d/dr = -u^2 d/du; stencils jet9d8 window=9 degree=8 on strictly increasing r
70.52011758497864,0.014180350717580316,0.25,1.0,1.0,0.0,0.0,0.0,0.0,0.0,0.0,0.0,d/dr at r = r_over_rs = 1/u (r_s = 1); u-column data consumed via d/dr = -u^2 d/du; stencils jet9d8 window=9 degree=8 on strictly increasing r
70.3571887793486,0.014213188692574968,0.25,1.0,1.0,0.0,0.0,0.0,0.0,0.0,0.0,0.0,d/dr at r = r_over_rs = 1/u (r_s = 1); u-column data consumed via d/dr = -u^2 d/du; stencils jet9d8 window=9 degree=8 on strictly increasing r
70.19463640241177,0.014246102711711483,0.25,1.0,1.0,0.0,0.0,0.0,0.0,0.0,0.0,0.0,d/dr at r = r_over_rs = 1/u (r_s = 1); u-column data consumed via d/dr = -u^2 d/du; stencils jet9d8 window=9 degree=8 on strictly increasing r
70.03245958447188,0.014279092951088175,0.25,1.0,1.0,0.0,0.0,0.0,0.0,0.0,0.0,0.0,d/dr at r = r_over_rs = 1/u (r_s = 1); u-column data consumed via d/dr = -u^2 d/du; stencils jet9d8 window=9 degree=8 on strictly increasing r
69.87065745784211,0.014312159587211132,0.25,1.0,1.0,0.0,0.0,0.0,0.0,0.0,0.0,0.0,d/dr at r = r_over_rs = 1/u (r_s = 1); u-column data consumed via d/dr = -u^2 d/du; stencils jet9d8 window=9 degree=8 on strictly increasing r
69.70922915684034,0.014345302796995186,0.25,1.0,1.0,0.0,0.0,0.0,0.0,0.0,0.0,0.0,d/dr at r = r_over_rs = 1/u (r_s = 1); u-column data consumed via d/dr = -u^2 d/du; stencils jet9d8 window=9 degree=8 on strictly increasing r
69.5481738177844,0.014378522757764871,0.25,1.0,1.0,0.0,0.0,0.0,0.0,0.0,0.0,0.0,d/dr at r = r_over_rs = 1/u (r_s = 1); u-column data consumed via d/dr = -u^2 d/du; stencils jet9d8 window=9 degree=8 on strictly increasing r
69.38749057898767,0.014411819647255351,0.25,1.0,1.0,0.0,0.0,0.0,0.0,0.0,0.0,0.0,d/dr at r = r_over_rs = 1/u (r_s = 1); u-column data consumed via d/dr = -u^2 d/du; stencils jet9d8 window=9 degree=8 on strictly increasing r
69.22717858075431,0.014445193643613373,0.25,1.0,1.0,0.0,0.0,0.0,0.0,0.0,0.0,0.0,d/dr at r = r_over_rs = 1/u (r_s = 1); u-column data consumed via d/dr = -u^2 d/du; stencils jet9d8 window=9 degree=8 on strictly increasing r
69.06723696537478,0.014478644925398222,0.25,1.0,1.0,0.0,0.0,0.0,0.0,0.0,0.0,0.0,d/dr at r = r_over_rs = 1/u (r_s = 1); u-column data consumed via d/dr = -u^2 d/du; stencils jet9d8 window=9 degree=8 on strictly increasing r
68.90766487712102,0.014512173671582706,0.25,1.0,1.0,0.0,0.0,0.0,0.0,0.0,0.0,0.0,d/dr at r = r_over_rs = 1/u (r_s = 1); u-column data consumed via d/dr = -u^2 d/du; stencils jet9d8 window=9 degree=8 on strictly increasing r
68.74846146224223,0.01454578006155405,0.25,1.0,1.0,0.0,0.0,0.0,0.0,0.0,0.0,0.0,d/dr at r = r_over_rs = 1/u (r_s = 1); u-column data consumed via d/dr = -u^2 d/du; stencils jet9d8 window=9 degree=8 on strictly increasing r
68.58962586896,0.014579464275114914,0.25,1.0,1.0,0.0,0.0,0.0,0.0,0.0,0.0,0.0,d/dr at r = r_over_rs = 1/u (r_s = 1); u-column data consumed via d/dr = -u^2 d/du; stencils jet9d8 window=9 degree=8 on strictly increasing r
68.43115724746382,0.01461322649248434,0.25,1.0,1.0,0.0,0.0,0.0,0.0,0.0,0.0,0.0,d/dr at r = r_over_rs = 1/u (r_s = 1); u-column data consumed via d/dr = -u^2 d/du; stencils jet9d8 window=9 degree=8 on strictly increasing r
68.27305474990666,0.014647066894298693,0.25,1.0,1.0,0.0,0.0,0.0,0.0,0.0,0.0,0.0,d/dr at r = r_over_rs = 1/u (r_s = 1); u-column data consumed via d/dr = -u^2 d/du; stencils jet9d8 window=9 degree=8 on strictly increasing r
68.1153175304003,0.014680985661612656,0.25,1.0,1.0,0.0,0.0,0.0,0.0,0.0,0.0,0.0,d/dr at r = r_over_rs = 1/u (r_s = 1); u-column data consumed via d/dr = -u^2 d/du; stencils jet9d8 window=9 degree=8 on strictly increasing r
67.95794474501092,0.014714982975900168,0.25,1.0,1.0,0.0,0.0,0.0,0.0,0.0,0.0,0.0,d/dr at r = r_over_rs = 1/u (r_s = 1); u-column data consumed via d/dr = -u^2 d/du; stencils jet9d8 window=9 degree=8 on strictly increasing r
67.80093555175435,0.014749059019055454,0.25,1.0,1.0,0.0,0.0,0.0,0.0,0.0,0.0,0.0,d/dr at r = r_over_rs = 1/u (r_s = 1); u-column data consumed via d/dr = -u^2 d/du; stencils jet9d8 window=9 degree=8 on strictly increasing r
67.64428911059188,0.014783213973393917,0.25,1.0,1.0,0.0,0.0,0.0,0.0,0.0,0.0,0.0,d/dr at r = r_over_rs = 1/u (r_s = 1); u-column data consumed via d/dr = -u^2 d/du; stencils jet9d8 window=9 degree=8 on strictly increasing r
67.4880045834256,0.014817448021653173,0.25,1.0,1.0,0.0,0.0,0.0,0.0,0.0,0.0,0.0,d/dr at r = r_over_rs = 1/u (r_s = 1); u-column data consumed via d/dr = -u^2 d/du; stencils jet9d8 window=9 degree=8 on strictly increasing r
67.33208113409384,0.014851761346994017,0.25,1.0,1.0,0.0,0.0,0.0,0.0,0.0,0.0,0.0,d/dr at r = r_over_rs = 1/u (r_s = 1); u-column data consumed via d/dr = -u^2 d/du; stencils jet9d8 window=9 degree=8 on strictly increasing r
67.17651792836688,0.014886154133001381,0.25,1.0,1.0,0.0,0.0,0.0,0.0,0.0,0.0,0.0,d/dr at r = r_over_rs = 1/u (r_s = 1); u-column data consumed via d/dr = -u^2 d/du; stencils jet9d8 window=9 degree=8 on strictly increasing r
67.02131413394235,0.014920626563685339,0.25,1.0,1.0,0.0,0.0,0.0,0.0,0.0,0.0,0.0,d/dr at r = r_over_rs = 1/u (r_s = 1); u-column data consumed via d/dr = -u^2 d/du; stencils jet9d8 window=9 degree=8 on strictly increasing r
66.86646892044087,0.01495517882348208,0.25,1.0,1.0,0.0,0.0,0.0,0.0,0.0,0.0,0.0,d/dr at r = r_over_rs = 1/u (r_s = 1); u-column data consumed via d/dr = -u^2 d/du; stencils jet9d8 window=9 degree=8 on strictly increasing r
66.71198145940144,0.014989811097254916,0.25,1.0,1.0,0.0,0.0,0.0,0.0,0.0,0.0,0.0,d/dr at r = r_over_rs = 1/u (r_s = 1); u-column data consumed via d/dr = -u^2 d/du; stencils jet9d8 window=9 degree=8 on strictly increasing r
66.55785092427726,0.015024523570295233,0.25,1.0,1.0,0.0,0.0,0.0,0.0,0.0,0.0,0.0,d/dr at r = r_over_rs = 1/u (r_s = 1); u-column data consumed via d/dr = -u^2 d/du; stencils jet9d8 window=9 degree=8 on strictly increasing r
66.40407649043112,0.015059316428323505,0.25,1.0,1.0,0.0,0.0,0.0,0.0,0.0,0.0,0.0,d/dr at r = r_over_rs = 1/u (r_s = 1); u-column data consumed via d/dr = -u^2 d/du; stencils jet9d8 window=9 degree=8 on strictly increasing r
66.25065733513105,0.015094189857490293,0.25,1.0,1.0,0.0,0.0,0.0,0.0,0.0,0.0,0.0,d/dr at r = r_over_rs = 1/u (r_s = 1); u-column data consumed via d/dr = -u^2 d/du; stencils jet9d8 window=9 degree=8 on strictly increasing r
66.09759263754587,0.015129144044377239,0.25,1.0,1.0,0.0,0.0,0.0,0.0,0.0,0.0,0.0,d/dr at r = r_over_rs = 1/u (r_s = 1); u-column data consumed via d/dr = -u^2 d/du; stencils jet9d8 window=9 degree=8 on strictly increasing r
65.94488157874086,0.015164179175998056,0.25,1.0,1.0,0.0,0.0,0.0,0.0,0.0,0.0,0.0,d/dr at r = r_over_rs = 1/u (r_s = 1); u-column data consumed via d/dr = -u^2 d/du; stencils jet9d8 window=9 degree=8 on strictly increasing r
65.7925233416734,0.01519929543979952,0.25,1.0,1.0,0.0,0.0,0.0,0.0,0.0,0.0,0.0,d/dr at r = r_over_rs = 1/u (r_s = 1); u-column data consumed via d/dr = -u^2 d/du; stencils jet9d8 window=9 degree=8 on strictly increasing r
65.64051711118854,0.015234493023662487,0.25,1.0,1.0,0.0,0.0,0.0,0.0,0.0,0.0,0.0,d/dr at r = r_over_rs = 1/u (r_s = 1); u-column data consumed via d/dr = -u^2 d/du; stencils jet9d8 window=9 degree=8 on strictly increasing r
65.48886207401456,0.015269772115902922,0.25,1.0,1.0,0.0,0.0,0.0,0.0,0.0,0.0,0.0,d/dr at r = r_over_rs = 1/u (r_s = 1); u-column data consumed via d/dr = -u^2 d/du; stencils jet9d8 window=9 degree=8 on strictly increasing r
65.33755741875883,0.015305132905272849,0.25,1.0,1.0,0.0,0.0,0.0,0.0,0.0,0.0,0.0,d/dr at r = r_over_rs = 1/u (r_s = 1); u-column data consumed via d/dr = -u^2 d/du; stencils jet9d8 window=9 degree=8 on strictly increasing r
65.18660233590334,0.015340575580961397,0.25,1.0,1.0,0.0,0.0,0.0,0.0,0.0,0.0,0.0,d/dr at r = r_over_rs = 1/u (r_s = 1); u-column data consumed via d/dr = -u^2 d/du; stencils jet9d8 window=9 degree=8 on strictly increasing r
65.03599601780029,0.01537610033259583,0.25,1.0,1.0,0.0,0.0,0.0,0.0,0.0,0.0,0.0,d/dr at r = r_over_rs = 1/u (r_s = 1); u-column data consumed via d/dr = -u^2 d/du; stencils jet9d8 window=9 degree=8 on strictly increasing r
64.88573765866794,0.015411707350242512,0.25,1.0,1.0,0.0,0.0,0.0,0.0,0.0,0.0,0.0,d/dr at r = r_over_rs = 1/u (r_s = 1); u-column data consumed via d/dr = -u^2 d/du; stencils jet9d8 window=9 degree=8 on strictly increasing r
64.7358264545862,0.015447396824407964,0.25,1.0,1.0,0.0,0.0,0.0,0.0,0.0,0.0,0.0,d/dr at r = r_over_rs = 1/u (r_s = 1); u-column data consumed via d/dr = -u^2 d/du; stencils jet9d8 window=9 degree=8 on strictly increasing r
64.58626160349237,0.015483168946039865,0.25,1.0,1.0,0.0,0.0,0.0,0.0,0.0,0.0,0.0,d/dr at r = r_over_rs = 1/u (r_s = 1); u-column data consumed via d/dr = -u^2 d/du; stencils jet9d8 window=9 degree=8 on strictly increasing r
64.43704230517676,0.015519023906528089,0.25,1.0,1.0,0.0,0.0,0.0,0.0,0.0,0.0,0.0,d/dr at r = r_over_rs = 1/u (r_s = 1); u-column data consumed via d/dr = -u^2 d/du; stencils jet9d8 window=9 degree=8 on strictly increasing r
64.28816776127852,0.015554961897705711,0.25,1.0,1.0,0.0,0.0,0.0,0.0,0.0,0.0,0.0,d/dr at r = r_over_rs = 1/u (r_s = 1); u-column data consumed via d/dr = -u^2 d/du; stencils jet9d8 window=9 degree=8 on strictly increasing r
64.13963717528135,0.015590983111850032,0.25,1.0,1.0,0.0,0.0,0.0,0.0,0.0,0.0,0.0,d/dr at r = r_over_rs = 1/u (r_s = 1); u-column data consumed via d/dr = -u^2 d/du; stencils jet9d8 window=9 degree=8 on strictly increasing r
63.99144975250915,0.015627087741683636,0.25,1.0,1.0,0.0,0.0,0.0,0.0,0.0,0.0,0.0,d/dr at r = r_over_rs = 1/u (r_s = 1); u-column data consumed via d/dr = -u^2 d/du; stencils jet9d8 window=9 degree=8 on strictly increasing r
63.84360470012183,0.015663275980375396,0.25,1.0,1.0,0.0,0.0,0.0,0.0,0.0,0.0,0.0,d/dr at r = r_over_rs = 1/u (r_s = 1); u-column data consumed via d/dr = -u^2 d/du; stencils jet9d8 window=9 degree=8 on strictly increasing r
63.69610122711114,0.015699548021541502,0.25,1.0,1.0,0.0,0.0,0.0,0.0,0.0,0.0,0.0,d/dr at r = r_over_rs = 1/u (r_s = 1); u-column data consumed via d/dr = -u^2 d/du; stencils jet9d8 window=9 degree=8 on strictly increasing r
63.54893854429636,0.01573590405924651,0.25,1.0,1.0,0.0,0.0,0.0,0.0,0.0,0.0,0.0,d/dr at r = r_over_rs = 1/u (r_s = 1); u-column data consumed via d/dr = -u^2 d/du; stencils jet9d8 window=9 degree=8 on strictly increasing r
63.402115864319946,0.015772344288004402,0.25,1.0,1.0,0.0,0.0,0.0,0.0,0.0,0.0,0.0,d/dr at r = r_over_rs = 1/u (r_s = 1); u-column data consumed via d/dr = -u^2 d/du; stencils jet9d8 window=9 degree=8 on strictly increasing r
63.2556324016436,0.01580886890277958,0.25,1.0,1.0,0.0,0.0,0.0,0.0,0.0,0.0,0.0,d/dr at r = r_over_rs = 1/u (r_s = 1); u-column data consumed via d/dr = -u^2 d/du; stencils jet9d8 window=9 degree=8 on strictly increasing r
63.10948737254392,0.015845478098987932,0.25,1.0,1.0,0.0,0.0,0.0,0.0,0.0,0.0,0.0,d/dr at r = r_over_rs = 1/u (r_s = 1); u-column data consumed via d/dr = -u^2 d/du; stencils jet9d8 window=9 degree=8 on strictly increasing r
62.9636799951081,0.01588217207249789,0.25,1.0,1.0,0.0,0.0,0.0,0.0,0.0,0.0,0.0,d/dr at r = r_over_rs = 1/u (r_s = 1); u-column data consumed via d/dr = -u^2 d/du; stencils jet9d8 window=9 degree=8 on strictly increasing r
62.81820948922995,0.015918951019631464,0.25,1.0,1.0,0.0,0.0,0.0,0.0,0.0,0.0,0.0,d/dr at r = r_over_rs = 1/u (r_s = 1); u-column data consumed via d/dr = -u^2 d/du; stencils jet9d8 window=9 degree=8 on strictly increasing r
62.67307507660558,0.01595581513716529,0.25,1.0,1.0,0.0,0.0,0.0,0.0,0.0,0.0,0.0,d/dr at r = r_over_rs = 1/u (r_s = 1); u-column data consumed via d/dr = -u^2 d/du; stencils jet9d8 window=9 degree=8 on strictly increasing r
62.52827598072935,0.01599276462233168,0.25,1.0,1.0,0.0,0.0,0.0,0.0,0.0,0.0,0.0,d/dr at r = r_over_rs = 1/u (r_s = 1); u-column data consumed via d/dr = -u^2 d/du; stencils jet9d8 window=9 degree=8 on strictly increasing r
62.38381142688955,0.0160297996728197,0.25,1.0,1.0,0.0,0.0,0.0,0.0,0.0,0.0,0.0,d/dr at r = r_over_rs = 1/u (r_s = 1); u-column data consumed via d/dr = -u^2 d/du; stencils jet9d8 window=9 degree=8 on strictly increasing r
62.239680642164416,0.016066920486776208,0.25,1.0,1.0,0.0,0.0,0.0,0.0,0.0,0.0,0.0,d/dr at r = r_over_rs = 1/u (r_s = 1); u-column data consumed via d/dr = -u^2 d/du; stencils jet9d8 window=9 degree=8 on strictly increasing r
62.09588285541795,0.016104127262806904,0.25,1.0,1.0,0.0,0.0,0.0,0.0,0.0,0.0,0.0,d/dr at r = r_over_rs = 1/u (r_s = 1); u-column data consumed via d/dr = -u^2 d/du; stencils jet9d8 window=9 degree=8 on strictly increasing r
61.95241729729572,0.016141420199977427,0.25,1.0,1.0,0.0,0.0,0.0,0.0,0.0,0.0,0.0,d/dr at r = r_over_rs = 1/u (r_s = 1); u-column data consumed via d/dr = -u^2 d/du; stencils jet9d8 window=9 degree=8 on strictly increasing r
61.80928320022082,0.01617879949781439,0.25,1.0,1.0,0.0,0.0,0.0,0.0,0.0,0.0,0.0,d/dr at r = r_over_rs = 1/u (r_s = 1); u-column data consumed via d/dr = -u^2 d/du; stencils jet9d8 window=9 degree=8 on strictly increasing r
61.666479798389766,0.016216265356306457,0.25,1.0,1.0,0.0,0.0,0.0,0.0,0.0,0.0,0.0,d/dr at r = r_over_rs = 1/u (r_s = 1); u-column data consumed via d/dr = -u^2 d/du; stencils jet9d8 window=9 degree=8 on strictly increasing r
61.52400632776842,0.016253817975905402,0.25,1.0,1.0,0.0,0.0,0.0,0.0,0.0,0.0,0.0,d/dr at r = r_over_rs = 1/u (r_s = 1); u-column data consumed via d/dr = -u^2 d/du; stencils jet9d8 window=9 degree=8 on strictly increasing r
61.38186202608773,0.016291457557527218,0.25,1.0,1.0,0.0,0.0,0.0,0.0,0.0,0.0,0.0,d/dr at r = r_over_rs = 1/u (r_s = 1); u-column data consumed via d/dr = -u^2 d/du; stencils jet9d8 window=9 degree=8 on strictly increasing r
61.24004613283987,0.016329184302553156,0.25,1.0,1.0,0.0,0.0,0.0,0.0,0.0,0.0,0.0,d/dr at r = r_over_rs = 1/u (r_s = 1); u-column data consumed via d/dr = -u^2 d/du; stencils jet9d8 window=9 degree=8 on strictly increasing r
61.098557889274126,0.016366998412830795,0.25,1.0,1.0,0.0,0.0,0.0,0.0,0.0,0.0,0.0,d/dr at r = r_over_rs = 1/u (r_s = 1); u-column data consumed via d/dr = -u^2 d/du; stencils jet9d8 window=9 degree=8 on strictly increasing r
60.95739653839264,0.016404900090675172,0.25,1.0,1.0,0.0,0.0,0.0,0.0,0.0,0.0,0.0,d/dr at r = r_over_rs = 1/u (r_s = 1); u-column data consumed via d/dr = -u^2 d/du; stencils jet9d8 window=9 degree=8 on strictly increasing r
60.816561324946655,0.016442889538869816,0.25,1.0,1.0,0.0,0.0,0.0,0.0,0.0,0.0,0.0,d/dr at r = r_over_rs = 1/u (r_s = 1); u-column data consumed via d/dr = -u^2 d/du; stencils jet9d8 window=9 degree=8 on strictly increasing r
60.67605149543228,0.01648096696066784,0.25,1.0,1.0,0.0,0.0,0.0,0.0,0.0,0.0,0.0,d/dr at r = r_over_rs = 1/u (r_s = 1); u-column data consumed via d/dr = -u^2 d/du; stencils jet9d8 window=9 degree=8 on strictly increasing r
60.53586629808655,0.016519132559793044,0.25,1.0,1.0,0.0,0.0,0.0,0.0,0.0,0.0,0.0,d/dr at r = r_over_rs = 1/u (r_s = 1); u-column data consumed via d/dr = -u^2 d/du; stencils jet9d8 window=9 degree=8 on strictly increasing r
60.39600498288326,0.01655738654044102,0.25,1.0,1.0,0.0,0.0,0.0,0.0,0.0,0.0,0.0,d/dr at r = r_over_rs = 1/u (r_s = 1); u-column data consumed via d/dr = -u^2 d/du; stencils jet9d8 window=9 degree=8 on strictly increasing r
60.25646680152914,0.016595729107280195,0.25,1.0,1.0,0.0,0.0,0.0,0.0,0.0,0.0,0.0,d/dr at r = r_over_rs = 1/u (r_s = 1); u-column data consumed via d/dr = -u^2 d/du; stencils jet9d8 window=9 degree=8 on strictly increasing r
60.11725100745981,0.01663416046545296,0.25,1.0,1.0,0.0,0.0,0.0,0.0,0.0,0.0,0.0,d/dr at r = r_over_rs = 1/u (r_s = 1); u-column data consumed via d/dr = -u^2 d/du; stencils jet9d8 window=9 degree=8 on strictly increasing r
59.97835685583558,0.016672680820576786,0.25,1.0,1.0,0.0,0.0,0.0,0.0,0.0,0.0,0.0,d/dr at r = r_over_rs = 1/u (r_s = 1); u-column data consumed via d/dr = -u^2 d/du; stencils jet9d8 window=9 degree=8 on strictly increasing r
59.8397836035378,0.016711290378745264,0.25,1.0,1.0,0.0,0.0,0.0,0.0,0.0,0.0,0.0,d/dr at r = r_over_rs = 1/u (r_s = 1); u-column data consumed via d/dr = -u^2 d/du; stencils jet9d8 window=9 degree=8 on strictly increasing r
59.70153050916462,0.016749989346529277,0.25,1.0,1.0,0.0,0.0,0.0,0.0,0.0,0.0,0.0,d/dr at r = r_over_rs = 1/u (r_s = 1); u-column data consumed via d/dr = -u^2 d/du; stencils jet9d8 window=9 degree=8 on strictly increasing r
59.56359683302715,0.016788777930978046,0.25,1.0,1.0,0.0,0.0,0.0,0.0,0.0,0.0,0.0,d/dr at r = r_over_rs = 1/u (r_s = 1); u-column data consumed via d/dr = -u^2 d/du; stencils jet9d8 window=9 degree=8 on strictly increasing r
59.425981837145486,0.016827656339620266,0.25,1.0,1.0,0.0,0.0,0.0,0.0,0.0,0.0,0.0,d/dr at r = r_over_rs = 1/u (r_s = 1); u-column data consumed via d/dr = -u^2 d/du; stencils jet9d8 window=9 degree=8 on strictly increasing r
59.288684785244655,0.01686662478046524,0.25,1.0,1.0,0.0,0.0,0.0,0.0,0.0,0.0,0.0,d/dr at r = r_over_rs = 1/u (r_s = 1); u-column data consumed via d/dr = -u^2 d/du; stencils jet9d8 window=9 degree=8 on strictly increasing r
59.15170494275084,0.016905683462003947,0.25,1.0,1.0,0.0,0.0,0.0,0.0,0.0,0.0,0.0,d/dr at r = r_over_rs = 1/u (r_s = 1); u-column data consumed via d/dr = -u^2 d/du; stencils jet9d8 window=9 degree=8 on strictly increasing r
59.01504157678742,0.016944832593210158,0.25,1.0,1.0,0.0,0.0,0.0,0.0,0.0,0.0,0.0,d/dr at r = r_over_rs = 1/u (r_s = 1); u-column data consumed via d/dr = -u^2 d/du; stencils jet9d8 window=9 degree=8 on strictly increasing r
58.87869395617084,0.016984072383541618,0.25,1.0,1.0,0.0,0.0,0.0,0.0,0.0,0.0,0.0,d/dr at r = r_over_rs = 1/u (r_s = 1); u-column data consumed via d/dr = -u^2 d/du; stencils jet9d8 window=9 degree=8 on strictly increasing r
58.74266135140704,0.01702340304294108,0.25,1.0,1.0,0.0,0.0,0.0,0.0,0.0,0.0,0.0,d/dr at r = r_over_rs = 1/u (r_s = 1); u-column data consumed via d/dr = -u^2 d/du; stencils jet9d8 window=9 degree=8 on strictly increasing r
58.60694303468726,0.01706282478183749,0.25,1.0,1.0,0.0,0.0,0.0,0.0,0.0,0.0,0.0,d/dr at r = r_over_rs = 1/u (r_s = 1); u-column data consumed via d/dr = -u^2 d/du; stencils jet9d8 window=9 degree=8 on strictly increasing r
58.47153827988436,0.017102337811147075,0.25,1.0,1.0,0.0,0.0,0.0,0.0,0.0,0.0,0.0,d/dr at r = r_over_rs = 1/u (r_s = 1); u-column data consumed via d/dr = -u^2 d/du; stencils jet9d8 window=9 degree=8 on strictly increasing r
58.336446362548685,0.017141942342274525,0.25,1.0,1.0,0.0,0.0,0.0,0.0,0.0,0.0,0.0,d/dr at r = r_over_rs = 1/u (r_s = 1); u-column data consumed via d/dr = -u^2 d/du; stencils jet9d8 window=9 degree=8 on strictly increasing r
58.20166655990448,0.017181638587114044,0.25,1.0,1.0,0.0,0.0,0.0,0.0,0.0,0.0,0.0,d/dr at r = r_over_rs = 1/u (r_s = 1); u-column data consumed via d/dr = -u^2 d/du; stencils jet9d8 window=9 degree=8 on strictly increasing r
58.06719815084584,0.01722142675805055,0.25,1.0,1.0,0.0,0.0,0.0,0.0,0.0,0.0,0.0,d/dr at r = r_over_rs = 1/u (r_s = 1); u-column data consumed via d/dr = -u^2 d/du; stencils jet9d8 window=9 degree=8 on strictly increasing r
57.93304041593283,0.0172613070679608,0.25,1.0,1.0,0.0,0.0,0.0,0.0,0.0,0.0,0.0,d/dr at r = r_over_rs = 1/u (r_s = 1); u-column data consumed via d/dr = -u^2 d/du; stencils jet9d8 window=9 degree=8 on strictly increasing r
57.7991926373878,0.01730127973021449,0.25,1.0,1.0,0.0,0.0,0.0,0.0,0.0,0.0,0.0,d/dr at r = r_over_rs = 1/u (r_s = 1); u-column data consumed via d/dr = -u^2 d/du; stencils jet9d8 window=9 degree=8 on strictly increasing r
57.66565409909138,0.01734134495867544,0.25,1.0,1.0,0.0,0.0,0.0,0.0,0.0,0.0,0.0,d/dr at r = r_over_rs = 1/u (r_s = 1); u-column data consumed via d/dr = -u^2 d/du; stencils jet9d8 window=9 degree=8 on strictly increasing r
57.53242408657877,0.017381502967702713,0.25,1.0,1.0,0.0,0.0,0.0,0.0,0.0,0.0,0.0,d/dr at r = r_over_rs = 1/u (r_s = 1); u-column data consumed via d/dr = -u^2 d/du; stencils jet9d8 window=9 degree=8 on strictly increasing r
57.399501887035775,0.017421753972151795,0.25,1.0,1.0,0.0,0.0,0.0,0.0,0.0,0.0,0.0,d/dr at r = r_over_rs = 1/u (r_s = 1); u-column data consumed via d/dr = -u^2 d/du; stencils jet9d8 window=9 degree=8 on strictly increasing r
57.26688678929514,0.017462098187375697,0.25,1.0,1.0,0.0,0.0,0.0,0.0,0.0,0.0,0.0,d/dr at r = r_over_rs = 1/u (r_s = 1); u-column data consumed via d/dr = -u^2 d/du; stencils jet9d8 window=9 degree=8 on strictly increasing r
57.1345780838327,0.017502535829226132,0.25,1.0,1.0,0.0,0.0,0.0,0.0,0.0,0.0,0.0,d/dr at r = r_over_rs = 1/u (r_s = 1); u-column data consumed via d/dr = -u^2 d/du; stencils jet9d8 window=9 degree=8 on strictly increasing r
57.00257506276348,0.01754306711405469,0.25,1.0,1.0,0.0,0.0,0.0,0.0,0.0,0.0,0.0,d/dr at r = r_over_rs = 1/u (r_s = 1); u-column data consumed via d/dr = -u^2 d/du; stencils jet9d8 window=9 degree=8 on strictly increasing r
56.87087701983806,0.017583692258713958,0.25,1.0,1.0,0.0,0.0,0.0,0.0,0.0,0.0,0.0,d/dr at r = r_over_rs = 1/u (r_s = 1); u-column data consumed via d/dr = -u^2 d/du; stencils jet9d8 window=9 degree=8 on strictly increasing r
56.73948325043873,0.017624411480558693,0.25,1.0,1.0,0.0,0.0,0.0,0.0,0.0,0.0,0.0,d/dr at r = r_over_rs = 1/u (r_s = 1); u-column data consumed via d/dr = -u^2 d/du; stencils jet9d8 window=9 degree=8 on strictly increasing r
56.608393051575725,0.01766522499744699,0.25,1.0,1.0,0.0,0.0,0.0,0.0,0.0,0.0,0.0,d/dr at r = r_over_rs = 1/u (r_s = 1); u-column data consumed via d/dr = -u^2 d/du; stencils jet9d8 window=9 degree=8 on strictly increasing r
56.4776057218834,0.017706133027741464,0.25,1.0,1.0,0.0,0.0,0.0,0.0,0.0,0.0,0.0,d/dr at r = r_over_rs = 1/u (r_s = 1); u-column data consumed via d/dr = -u^2 d/du; stencils jet9d8 window=9 degree=8 on strictly increasing r
56.34712056161659,0.017747135790310384,0.25,1.0,1.0,0.0,0.0,0.0,0.0,0.0,0.0,0.0,d/dr at r = r_over_rs = 1/u (r_s = 1); u-column data consumed via d/dr = -u^2 d/du; stencils jet9d8 window=9 degree=8 on strictly increasing r
56.21693687264684,0.017788233504528853,0.25,1.0,1.0,0.0,0.0,0.0,0.0,0.0,0.0,0.0,d/dr at r = r_over_rs = 1/u (r_s = 1); u-column data consumed via d/dr = -u^2 d/du; stencils jet9d8 window=9 degree=8 on strictly increasing r
56.08705395845855,0.017829426390280016,0.25,1.0,1.0,0.0,0.0,0.0,0.0,0.0,0.0,0.0,d/dr at r = r_over_rs = 1/u (r_s = 1); u-column data consumed via d/dr = -u^2 d/du; stencils jet9d8 window=9 degree=8 on strictly increasing r
55.95747112414538,0.017870714667956193,0.25,1.0,1.0,0.0,0.0,0.0,0.0,0.0,0.0,0.0,d/dr at r = r_over_rs = 1/u (r_s = 1); u-column data consumed via d/dr = -u^2 d/du; stencils jet9d8 window=9 degree=8 on strictly increasing r
55.82818767640656,0.017912098558460068,0.25,1.0,1.0,0.0,0.0,0.0,0.0,0.0,0.0,0.0,d/dr at r = r_over_rs = 1/u (r_s = 1); u-column data consumed via d/dr = -u^2 d/du; stencils jet9d8 window=9 degree=8 on strictly increasing r
55.699202923543055,0.01795357828320588,0.25,1.0,1.0,0.0,0.0,0.0,0.0,0.0,0.0,0.0,d/dr at r = r_over_rs = 1/u (r_s = 1); u-column data consumed via d/dr = -u^2 d/du; stencils jet9d8 window=9 degree=8 on strictly increasing r
55.57051617545387,0.01799515406412063,0.25,1.0,1.0,0.0,0.0,0.0,0.0,0.0,0.0,0.0,d/dr at r = r_over_rs = 1/u (r_s = 1); u-column data consumed via d/dr = -u^2 d/du; stencils jet9d8 window=9 degree=8 on strictly increasing r
55.44212674363252,0.018036826123645214,0.25,1.0,1.0,0.0,0.0,0.0,0.0,0.0,0.0,0.0,d/dr at r = r_over_rs = 1/u (r_s = 1); u-column data consumed via d/dr = -u^2 d/du; stencils jet9d8 window=9 degree=8 on strictly increasing r
55.31403394116319,0.018078594684735647,0.25,1.0,1.0,0.0,0.0,0.0,0.0,0.0,0.0,0.0,d/dr at r = r_over_rs = 1/u (r_s = 1); u-column data consumed via d/dr = -u^2 d/du; stencils jet9d8 window=9 degree=8 on strictly increasing r
55.18623708271705,0.018120459970864276,0.25,1.0,1.0,0.0,0.0,0.0,0.0,0.0,0.0,0.0,d/dr at r = r_over_rs = 1/u (r_s = 1); u-column data consumed via d/dr = -u^2 d/du; stencils jet9d8 window=9 degree=8 on strictly increasing r
55.05873548454874,0.01816242220602092,0.25,1.0,1.0,0.0,0.0,0.0,0.0,0.0,0.0,0.0,d/dr at r = r_over_rs = 1/u (r_s = 1); u-column data consumed via d/dr = -u^2 d/du; stencils jet9d8 window=9 degree=8 on strictly increasing r
54.931528464492544,0.01820448161471412,0.25,1.0,1.0,0.0,0.0,0.0,0.0,0.0,0.0,0.0,d/dr at r = r_over_rs = 1/u (r_s = 1); u-column data consumed via d/dr = -u^2 d/du; stencils jet9d8 window=9 degree=8 on strictly increasing r
54.80461534195887,0.018246638421972314,0.25,1.0,1.0,0.0,0.0,0.0,0.0,0.0,0.0,0.0,d/dr at r = r_over_rs = 1/u (r_s = 1); u-column data consumed via d/dr = -u^2 d/du; stencils jet9d8 window=9 degree=8 on strictly increasing r
54.67799543793055,0.018288892853345028,0.25,1.0,1.0,0.0,0.0,0.0,0.0,0.0,0.0,0.0,d/dr at r = r_over_rs = 1/u (r_s = 1); u-column data consumed via d/dr = -u^2 d/du; stencils jet9d8 window=9 degree=8 on strictly increasing r
54.55166807495911,0.018331245134904146,0.25,1.0,1.0,0.0,0.0,0.0,0.0,0.0,0.0,0.0,d/dr at r = r_over_rs = 1/u (r_s = 1); u-column data consumed via d/dr = -u^2 d/du; stencils jet9d8 window=9 degree=8 on strictly increasing r
54.42563257716138,0.01837369549324503,0.25,1.0,1.0,0.0,0.0,0.0,0.0,0.0,0.0,0.0,d/dr at r = r_over_rs = 1/u (r_s = 1); u-column data consumed via d/dr = -u^2 d/du; stencils jet9d8 window=9 degree=8 on strictly increasing r
54.29988827021564,0.018416244155487812,0.25,1.0,1.0,0.0,0.0,0.0,0.0,0.0,0.0,0.0,d/dr at r = r_over_rs = 1/u (r_s = 1); u-column data consumed via d/dr = -u^2 d/du; stencils jet9d8 window=9 degree=8 on strictly increasing r
54.17443448135817,0.018458891349278552,0.25,1.0,1.0,0.0,0.0,0.0,0.0,0.0,0.0,0.0,d/dr at r = r_over_rs = 1/u (r_s = 1); u-column data consumed via d/dr = -u^2 d/du; stencils jet9d8 window=9 degree=8 on strictly increasing r
54.04927053937958,0.018501637302790485,0.25,1.0,1.0,0.0,0.0,0.0,0.0,0.0,0.0,0.0,d/dr at r = r_over_rs = 1/u (r_s = 1); u-column data consumed via d/dr = -u^2 d/du; stencils jet9d8 window=9 degree=8 on strictly increasing r
53.92439577462123,0.018544482244725238,0.25,1.0,1.0,0.0,0.0,0.0,0.0,0.0,0.0,0.0,d/dr at r = r_over_rs = 1/u (r_s = 1); u-column data consumed via d/dr = -u^2 d/du; stencils jet9d8 window=9 degree=8 on strictly increasing r
53.799809518971685,0.018587426404314038,0.25,1.0,1.0,0.0,0.0,0.0,0.0,0.0,0.0,0.0,d/dr at r = r_over_rs = 1/u (r_s = 1); u-column data consumed via d/dr = -u^2 d/du; stencils jet9d8 window=9 degree=8 on strictly increasing r
53.67551110586303,0.01863047001131898,0.25,1.0,1.0,0.0,0.0,0.0,0.0,0.0,0.0,0.0,d/dr at r = r_over_rs = 1/u (r_s = 1); u-column data consumed via d/dr = -u^2 d/du; stencils jet9d8 window=9 degree=8 on strictly increasing r
53.55149987026746,0.018673613296034196,0.25,1.0,1.0,0.0,0.0,0.0,0.0,0.0,0.0,0.0,d/dr at r = r_over_rs = 1/u (r_s = 1); u-column data consumed via d/dr = -u^2 d/du; stencils jet9d8 window=9 degree=8 on strictly increasing r
53.427775148693584,0.018716856489287146,0.25,1.0,1.0,0.0,0.0,0.0,0.0,0.0,0.0,0.0,d/dr at r = r_over_rs = 1/u (r_s = 1); u-column data consumed via d/dr = -u^2 d/du; stencils jet9d8 window=9 degree=8 on strictly increasing r
53.30433627918295,0.018760199822439812,0.25,1.0,1.0,0.0,0.0,0.0,0.0,0.0,0.0,0.0,d/dr at r = r_over_rs = 1/u (r_s = 1); u-column data consumed via d/dr = -u^2 d/du; stencils jet9d8 window=9 degree=8 on strictly increasing r
53.18118260130653,0.01880364352738994,0.25,1.0,1.0,0.0,0.0,0.0,0.0,0.0,0.0,0.0,d/dr at r = r_over_rs = 1/u (r_s = 1); u-column data consumed via d/dr = -u^2 d/du; stencils jet9d8 window=9 degree=8 on strictly increasing r
53.05831345616107,0.018847187836572313,0.25,1.0,1.0,0.0,0.0,0.0,0.0,0.0,0.0,0.0,d/dr at r = r_over_rs = 1/u (r_s = 1); u-column data consumed via d/dr = -u^2 d/du; stencils jet9d8 window=9 degree=8 on strictly increasing r
52.93572818636573,0.018890832982959942,0.25,1.0,1.0,0.0,0.0,0.0,0.0,0.0,0.0,0.0,d/dr at r = r_over_rs = 1/u (r_s = 1); u-column data consumed via d/dr = -u^2 d/du; stencils jet9d8 window=9 degree=8 on strictly increasing r
52.813426136058354,0.018934579200065384,0.25,1.0,1.0,0.0,0.0,0.0,0.0,0.0,0.0,0.0,d/dr at r = r_over_rs = 1/u (r_s = 1); u-column data consumed via d/dr = -u^2 d/du; stencils jet9d8 window=9 degree=8 on strictly increasing r
52.69140665089216,0.01897842672194192,0.25,1.0,1.0,0.0,0.0,0.0,0.0,0.0,0.0,0.0,d/dr at r = r_over_rs = 1/u (r_s = 1); u-column data consumed via d/dr = -u^2 d/du; stencils jet9d8 window=9 degree=8 on strictly increasing r
52.56966907803221,0.019022375783184824,0.25,1.0,1.0,0.0,0.0,0.0,0.0,0.0,0.0,0.0,d/dr at r = r_over_rs = 1/u (r_s = 1); u-column data consumed via d/dr = -u^2 d/du; stencils jet9d8 window=9 degree=8 on strictly increasing r
52.44821276615173,0.019066426618932677,0.25,1.0,1.0,0.0,0.0,0.0,0.0,0.0,0.0,0.0,d/dr at r = r_over_rs = 1/u (r_s = 1); u-column data consumed via d/dr = -u^2 d/du; stencils jet9d8 window=9 degree=8 on strictly increasing r
52.32703706542887,0.019110579464868542,0.25,1.0,1.0,0.0,0.0,0.0,0.0,0.0,0.0,0.0,d/dr at r = r_over_rs = 1/u (r_s = 1); u-column data consumed via d/dr = -u^2 d/du; stencils jet9d8 window=9 degree=8 on strictly increasing r
52.20614132754308,0.019154834557221275,0.25,1.0,1.0,0.0,0.0,0.0,0.0,0.0,0.0,0.0,d/dr at r = r_over_rs = 1/u (r_s = 1); u-column data consumed via d/dr = -u^2 d/du; stencils jet9d8 window=9 degree=8 on strictly increasing r
52.08552490567173,0.019199192132766763,0.25,1.0,1.0,0.0,0.0,0.0,0.0,0.0,0.0,0.0,d/dr at r = r_over_rs = 1/u (r_s = 1); u-column data consumed via d/dr = -u^2 d/du; stencils jet9d8 window=9 degree=8 on strictly increasing r
51.9651871544865,0.019243652428829236,0.25,1.0,1.0,0.0,0.0,0.0,0.0,0.0,0.0,0.0,d/dr at r = r_over_rs = 1/u (r_s = 1); u-column data consumed via d/dr = -u^2 d/du; stencils jet9d8 window=9 degree=8 on strictly increasing r
51.84512743015013,0.019288215683282473,0.25,1.0,1.0,0.0,0.0,0.0,0.0,0.0,0.0,0.0,d/dr at r = r_over_rs = 1/u (r_s = 1); u-column data consumed via d/dr = -u^2 d/du; stencils jet9d8 window=9 degree=8 on strictly increasing r
51.72534509031285,0.019332882134551106,0.25,1.0,1.0,0.0,0.0,0.0,0.0,0.0,0.0,0.0,d/dr at r = r_over_rs = 1/u (r_s = 1); u-column data consumed via d/dr = -u^2 d/du; stencils jet9d8 window=9 degree=8 on strictly increasing r
51.60583949410889,0.01937765202161193,0.25,1.0,1.0,0.0,0.0,0.0,0.0,0.0,0.0,0.0,d/dr at r = r_over_rs = 1/u (r_s = 1); u-column data consumed via d/dr = -u^2 d/du; stencils jet9d8 window=9 degree=8 on strictly increasing r
51.48661000215324,0.019422525583995112,0.25,1.0,1.0,0.0,0.0,0.0,0.0,0.0,0.0,0.0,d/dr at r = r_over_rs = 1/u (r_s = 1); u-column data consumed via d/dr = -u^2 d/du; stencils jet9d8 window=9 degree=8 on strictly increasing r
51.367655976538046,0.019467503061785525,0.25,1.0,1.0,0.0,0.0,0.0,0.0,0.0,0.0,0.0,d/dr at r = r_over_rs = 1/u (r_s = 1); u-column data consumed via d/dr = -u^2 d/du; stencils jet9d8 window=9 degree=8 on strictly increasing r
51.24897678082934,0.019512584695623995,0.25,1.0,1.0,0.0,0.0,0.0,0.0,0.0,0.0,0.0,d/dr at r = r_over_rs = 1/u (r_s = 1); u-column data consumed via d/dr = -u^2 d/du; stencils jet9d8 window=9 degree=8 on strictly increasing r
51.13057178006342,0.019557770726708654,0.25,1.0,1.0,0.0,0.0,0.0,0.0,0.0,0.0,0.0,d/dr at r = r_over_rs = 1/u (r_s = 1); u-column data consumed via d/dr = -u^2 d/du; stencils jet9d8 window=9 degree=8 on strictly increasing r
51.01244034074376,0.01960306139679614,0.25,1.0,1.0,0.0,0.0,0.0,0.0,0.0,0.0,0.0,d/dr at r = r_over_rs = 1/u (r_s = 1); u-column data consumed via d/dr = -u^2 d/du; stencils jet9d8 window=9 degree=8 on strictly increasing r
50.89458183083737,0.01964845694820295,0.25,1.0,1.0,0.0,0.0,0.0,0.0,0.0,0.0,0.0,d/dr at r = r_over_rs = 1/u (r_s = 1); u-column data consumed via d/dr = -u^2 d/du; stencils jet9d8 window=9 degree=8 on strictly increasing r
50.77699561977149,0.019693957623806737,0.25,1.0,1.0,0.0,0.0,0.0,0.0,0.0,0.0,0.0,d/dr at r = r_over_rs = 1/u (r_s = 1); u-column data consumed via d/dr = -u^2 d/du; stencils jet9d8 window=9 degree=8 on strictly increasing r
50.65968107843028,0.01973956366704758,0.25,1.0,1.0,0.0,0.0,0.0,0.0,0.0,0.0,0.0,d/dr at r = r_over_rs = 1/u (r_s = 1); u-column data consumed via d/dr = -u^2 d/du; stencils jet9d8 window=9 degree=8 on strictly increasing r
50.54263757915136,0.019785275321929304,0.25,1.0,1.0,0.0,0.0,0.0,0.0,0.0,0.0,0.0,d/dr at r = r_over_rs = 1/u (r_s = 1); u-column data consumed via d/dr = -u^2 d/du; stencils jet9d8 window=9 degree=8 on strictly increasing r
50.425864495722536,0.019831092833020775,0.25,1.0,1.0,0.0,0.0,0.0,0.0,0.0,0.0,0.0,d/dr at r = r_over_rs = 1/u (r_s = 1); u-column data consumed via d/dr = -u^2 d/du; stencils jet9d8 window=9 degree=8 on strictly increasing r
50.30936120337835,0.01987701644545724,0.25,1.0,1.0,0.0,0.0,0.0,0.0,0.0,0.0,0.0,d/dr at r = r_over_rs = 1/u (r_s = 1); u-column data consumed via d/dr = -u^2 d/du; stencils jet9d8 window=9 degree=8 on strictly increasing r
50.19312707879683,0.0199230464049416,0.25,1.0,1.0,0.0,0.0,0.0,0.0,0.0,0.0,0.0,d/dr at r = r_over_rs = 1/u (r_s = 1); u-column data consumed via d/dr = -u^2 d/du; stencils jet9d8 window=9 degree=8 on strictly increasing r
50.07716150009614,0.01996918295774572,0.25,1.0,1.0,0.0,0.0,0.0,0.0,0.0,0.0,0.0,d/dr at r = r_over_rs = 1/u (r_s = 1); u-column data consumed via d/dr = -u^2 d/du; stencils jet9d8 window=9 degree=8 on strictly increasing r
49.96146384683116,0.020015426350711813,0.25,1.0,1.0,0.0,0.0,0.0,0.0,0.0,0.0,0.0,d/dr at r = r_over_rs = 1/u (r_s = 1); u-column data consumed via d/dr = -u^2 d/du; stencils jet9d8 window=9 degree=8 on strictly increasing r
49.84603349999031,0.02006177683125367,0.25,1.0,1.0,0.0,0.0,0.0,0.0,0.0,0.0,0.0,d/dr at r = r_over_rs = 1/u (r_s = 1); u-column data consumed via d/dr = -u^2 d/du; stencils jet9d8 window=9 degree=8 on strictly increasing r
49.73086984199213,0.020108234647358055,0.25,1.0,1.0,0.0,0.0,0.0,0.0,0.0,0.0,0.0,d/dr at r = r_over_rs = 1/u (r_s = 1); u-column data consumed via d/dr = -u^2 d/du; stencils jet9d8 window=9 degree=8 on strictly increasing r
49.615972256682056,0.020154800047585977,0.25,1.0,1.0,0.0,0.0,0.0,0.0,0.0,0.0,0.0,d/dr at r = r_over_rs = 1/u (r_s = 1); u-column data consumed via d/dr = -u^2 d/du; stencils jet9d8 window=9 degree=8 on strictly increasing r
49.501340129329,0.02020147328107408,0.25,1.0,1.0,0.0,0.0,0.0,0.0,0.0,0.0,0.0,d/dr at r = r_over_rs = 1/u (r_s = 1); u-column data consumed via d/dr = -u^2 d/du; stencils jet9d8 window=9 degree=8 on strictly increasing r
49.38697284662221,0.020248254597535924,0.25,1.0,1.0,0.0,0.0,0.0,0.0,0.0,0.0,0.0,d/dr at r = r_over_rs = 1/u (r_s = 1); u-column data consumed via d/dr = -u^2 d/du; stencils jet9d8 window=9 degree=8 on strictly increasing r
49.27286979666793,0.020295144247263325,0.25,1.0,1.0,0.0,0.0,0.0,0.0,0.0,0.0,0.0,d/dr at r = r_over_rs = 1/u (r_s = 1); u-column data consumed via d/dr = -u^2 d/du; stencils jet9d8 window=9 degree=8 on strictly increasing r
49.15903036898602,0.020342142481127756,0.25,1.0,1.0,0.0,0.0,0.0,0.0,0.0,0.0,0.0,d/dr at r = r_over_rs = 1/u (r_s = 1); u-column data consumed via d/dr = -u^2 d/du; stencils jet9d8 window=9 degree=8 on strictly increasing r
49.04545395450688,0.0203892495505816,0.25,1.0,1.0,0.0,0.0,0.0,0.0,0.0,0.0,0.0,d/dr at r = r_over_rs = 1/u (r_s = 1); u-column data consumed via d/dr = -u^2 d/du; stencils jet9d8 window=9 degree=8 on strictly increasing r
48.93213994556808,0.020436465707659546,0.25,1.0,1.0,0.0,0.0,0.0,0.0,0.0,0.0,0.0,d/dr at r = r_over_rs = 1/u (r_s = 1); u-column data consumed via d/dr = -u^2 d/du; stencils jet9d8 window=9 degree=8 on strictly increasing r
48.81908773591108,0.02048379120497995,0.25,1.0,1.0,0.0,0.0,0.0,0.0,0.0,0.0,0.0,d/dr at r = r_over_rs = 1/u (r_s = 1); u-column data consumed via d/dr = -u^2 d/du; stencils jet9d8 window=9 degree=8 on strictly increasing r
48.70629672067812,0.02053122629574613,0.25,1.0,1.0,0.0,0.0,0.0,0.0,0.0,0.0,0.0,d/dr at r = r_over_rs = 1/u (r_s = 1); u-column data consumed via d/dr = -u^2 d/du; stencils jet9d8 window=9 degree=8 on strictly increasing r
48.59376629640877,0.020578771233747795,0.25,1.0,1.0,0.0,0.0,0.0,0.0,0.0,0.0,0.0,d/dr at r = r_over_rs = 1/u (r_s = 1); u-column data consumed via d/dr = -u^2 d/du; stencils jet9d8 window=9 degree=8 on strictly increasing r
48.48149586103696,0.020626426273362333,0.25,1.0,1.0,0.0,0.0,0.0,0.0,0.0,0.0,0.0,d/dr at r = r_over_rs = 1/u (r_s = 1); u-column data consumed via d/dr = -u^2 d/du; stencils jet9d8 window=9 degree=8 on strictly increasing r
48.36948481388751,0.020674191669556235,0.25,1.0,1.0,0.0,0.0,0.0,0.0,0.0,0.0,0.0,d/dr at r = r_over_rs = 1/u (r_s = 1); u-column data consumed via d/dr = -u^2 d/du; stencils jet9d8 window=9 degree=8 on strictly increasing r
48.25773255567312,0.020722067677886393,0.25,1.0,1.0,0.0,0.0,0.0,0.0,0.0,0.0,0.0,d/dr at r = r_over_rs = 1/u (r_s = 1); u-column data consumed via d/dr = -u^2 d/du; stencils jet9d8 window=9 degree=8 on strictly increasing r
48.14623848849102,0.020770054554501535,0.25,1.0,1.0,0.0,0.0,0.0,0.0,0.0,0.0,0.0,d/dr at r = r_over_rs = 1/u (r_s = 1); u-column data consumed via d/dr = -u^2 d/du; stencils jet9d8 window=9 degree=8 on strictly increasing r
48.03500201581986,0.020818152556143533,0.25,1.0,1.0,0.0,0.0,0.0,0.0,0.0,0.0,0.0,d/dr at r = r_over_rs = 1/u (r_s = 1); u-column data consumed via d/dr = -u^2 d/du; stencils jet9d8 window=9 degree=8 on strictly increasing r
47.9240225425165,0.020866361940148813,0.25,1.0,1.0,0.0,0.0,0.0,0.0,0.0,0.0,0.0,d/dr at r = r_over_rs = 1/u (r_s = 1); u-column data consumed via d/dr = -u^2 d/du; stencils jet9d8 window=9 degree=8 on strictly increasing r
47.81329947481274,0.020914682964449746,0.25,1.0,1.0,0.0,0.0,0.0,0.0,0.0,0.0,0.0,d/dr at r = r_over_rs = 1/u (r_s = 1); u-column data consumed via d/dr = -u^2 d/du; stencils jet9d8 window=9 degree=8 on strictly increasing r
47.70283222031231,0.020963115887575972,0.25,1.0,1.0,0.0,0.0,0.0,0.0,0.0,0.0,0.0,d/dr at r = r_over_rs = 1/u (r_s = 1); u-column data consumed via d/dr = -u^2 d/du; stencils jet9d8 window=9 degree=8 on strictly increasing r
47.5926201879875,0.021011660968655862,0.25,1.0,1.0,0.0,0.0,0.0,0.0,0.0,0.0,0.0,d/dr at r = r_over_rs = 1/u (r_s = 1); u-column data consumed via d/dr = -u^2 d/du; stencils jet9d8 window=9 degree=8 on strictly increasing r
47.48266278817619,0.02106031846741782,0.25,1.0,1.0,0.0,0.0,0.0,0.0,0.0,0.0,0.0,d/dr at r = r_over_rs = 1/u (r_s = 1); u-column data consumed via d/dr = -u^2 d/du; stencils jet9d8 window=9 degree=8 on strictly increasing r
47.372959432578575,0.021109088644191733,0.25,1.0,1.0,0.0,0.0,0.0,0.0,0.0,0.0,0.0,d/dr at r = r_over_rs = 1/u (r_s = 1); u-column data consumed via d/dr = -u^2 d/du; stencils jet9d8 window=9 degree=8 on strictly increasing r
47.26350953425405,0.021157971759910334,0.25,1.0,1.0,0.0,0.0,0.0,0.0,0.0,0.0,0.0,d/dr at r = r_over_rs = 1/u (r_s = 1); u-column data consumed via d/dr = -u^2 d/du; stencils jet9d8 window=9 degree=8 on strictly increasing r
47.154312507618094,0.021206968076110607,0.25,1.0,1.0,0.0,0.0,0.0,0.0,0.0,0.0,0.0,d/dr at r = r_over_rs = 1/u (r_s = 1); u-column data consumed via d/dr = -u^2 d/du; stencils jet9d8 window=9 degree=8 on strictly increasing r
47.04536776843905,0.02125607785493521,0.25,1.0,1.0,0.0,0.0,0.0,0.0,0.0,0.0,0.0,d/dr at r = r_over_rs = 1/u (r_s = 1); u-column data consumed via d/dr = -u^2 d/du; stencils jet9d8 window=9 degree=8 on strictly increasing r
46.93667473383512,0.021305301359133832,0.25,1.0,1.0,0.0,0.0,0.0,0.0,0.0,0.0,0.0,d/dr at r = r_over_rs = 1/u (r_s = 1); u-column data consumed via d/dr = -u^2 d/du; stencils jet9d8 window=9 degree=8 on strictly increasing r
46.8282328222712,0.021354638852064615,0.25,1.0,1.0,0.0,0.0,0.0,0.0,0.0,0.0,0.0,d/dr at r = r_over_rs = 1/u (r_s = 1); u-column data consumed via d/dr = -u^2 d/du; stencils jet9d8 window=9 degree=8 on strictly increasing r
46.720041453555694,0.0214040905976956,0.25,1.0,1.0,0.0,0.0,0.0,0.0,0.0,0.0,0.0,d/dr at r = r_over_rs = 1/u (r_s = 1); u-column data consumed via d/dr = -u^2 d/du; stencils jet9d8 window=9 degree=8 on strictly increasing r
46.612100048837526,0.021453656860606077,0.25,1.0,1.0,0.0,0.0,0.0,0.0,0.0,0.0,0.0,d/dr at r = r_over_rs = 1/u (r_s = 1); u-column data consumed via d/dr = -u^2 d/du; stencils jet9d8 window=9 degree=8 on strictly increasing r
46.504408030602974,0.02150333790598805,0.25,1.0,1.0,0.0,0.0,0.0,0.0,0.0,0.0,0.0,d/dr at r = r_over_rs = 1/u (r_s = 1); u-column data consumed via d/dr = -u^2 d/du; stencils jet9d8 window=9 degree=8 on strictly increasing r
46.39696482267262,0.021553133999647624,0.25,1.0,1.0,0.0,0.0,0.0,0.0,0.0,0.0,0.0,d/dr at r = r_over_rs = 1/u (r_s = 1); u-column data consumed via d/dr = -u^2 d/du; stencils jet9d8 window=9 degree=8 on strictly increasing r
46.28976985019818,0.02160304540800647,0.25,1.0,1.0,0.0,0.0,0.0,0.0,0.0,0.0,0.0,d/dr at r = r_over_rs = 1/u (r_s = 1); u-column data consumed via d/dr = -u^2 d/du; stencils jet9d8 window=9 degree=8 on strictly increasing r
46.18282253965954,0.02165307239810319,0.25,1.0,1.0,0.0,0.0,0.0,0.0,0.0,0.0,0.0,d/dr at r = r_over_rs = 1/u (r_s = 1); u-column data consumed via d/dr = -u^2 d/du; stencils jet9d8 window=9 degree=8 on strictly increasing r
46.07612231886168,0.021703215237594786,0.25,1.0,1.0,0.0,0.0,0.0,0.0,0.0,0.0,0.0,d/dr at r = r_over_rs = 1/u (r_s = 1); u-column data consumed via d/dr = -u^2 d/du; stencils jet9d8 window=9 degree=8 on strictly increasing r
45.969668616931465,0.021753474194758104,0.25,1.0,1.0,0.0,0.0,0.0,0.0,0.0,0.0,0.0,d/dr at r = r_over_rs = 1/u (r_s = 1); u-column data consumed via d/dr = -u^2 d/du; stencils jet9d8 window=9 degree=8 on strictly increasing r
45.86346086431478,0.02180384953849122,0.25,1.0,1.0,0.0,0.0,0.0,0.0,0.0,0.0,0.0,d/dr at r = r_over_rs = 1/u (r_s = 1); u-column data consumed via d/dr = -u^2 d/du; stencils jet9d8 window=9 degree=8 on strictly increasing r
45.757498492773394,0.021854341538314923,0.25,1.0,1.0,0.0,0.0,0.0,0.0,0.0,0.0,0.0,d/dr at r = r_over_rs = 1/u (r_s = 1); u-column data consumed via d/dr = -u^2 d/du; stencils jet9d8 window=9 degree=8 on strictly increasing r
45.65178093538192,0.021904950464374125,0.25,1.0,1.0,0.0,0.0,0.0,0.0,0.0,0.0,0.0,d/dr at r = r_over_rs = 1/u (r_s = 1); u-column data consumed via d/dr = -u^2 d/du; stencils jet9d8 window=9 degree=8 on strictly increasing r
45.54630762652473,0.021955676587439365,0.25,1.0,1.0,0.0,0.0,0.0,0.0,0.0,0.0,0.0,d/dr at r = r_over_rs = 1/u (r_s = 1); u-column data consumed via d/dr = -u^2 d/du; stencils jet9d8 window=9 degree=8 on strictly increasing r
45.44107800189308,0.022006520178908164,0.25,1.0,1.0,0.0,0.0,0.0,0.0,0.0,0.0,0.0,d/dr at r = r_over_rs = 1/u (r_s = 1); u-column data consumed via d/dr = -u^2 d/du; stencils jet9d8 window=9 degree=8 on strictly increasing r
45.33609149848196,0.02205748151080655,0.25,1.0,1.0,0.0,0.0,0.0,0.0,0.0,0.0,0.0,d/dr at r = r_over_rs = 1/u (r_s = 1); u-column data consumed via d/dr = -u^2 d/du; stencils jet9d8 window=9 degree=8 on strictly increasing r
45.23134755458708,0.022108560855790514,0.25,1.0,1.0,0.0,0.0,0.0,0.0,0.0,0.0,0.0,d/dr at r = r_over_rs = 1/u (r_s = 1); u-column data consumed via d/dr = -u^2 d/du; stencils jet9d8 window=9 degree=8 on strictly increasing r
45.12684560980197,0.02215975848714741,0.25,1.0,1.0,0.0,0.0,0.0,0.0,0.0,0.0,0.0,d/dr at r = r_over_rs = 1/u (r_s = 1); u-column data consumed via d/dr = -u^2 d/du; stencils jet9d8 window=9 degree=8 on strictly increasing r
45.02258510501487,0.022211074678797474,0.25,1.0,1.0,0.0,0.0,0.0,0.0,0.0,0.0,0.0,d/dr at r = r_over_rs = 1/u (r_s = 1); u-column data consumed via d/dr = -u^2 d/du; stencils jet9d8 window=9 degree=8 on strictly increasing r
44.91856548240583,0.02226250970529525,0.25,1.0,1.0,0.0,0.0,0.0,0.0,0.0,0.0,0.0,d/dr at r = r_over_rs = 1/u (r_s = 1); u-column data consumed via d/dr = -u^2 d/du; stencils jet9d8 window=9 degree=8 on strictly increasing r
44.8147861854436,0.022314063841831124,0.25,1.0,1.0,0.0,0.0,0.0,0.0,0.0,0.0,0.0,d/dr at r = r_over_rs = 1/u (r_s = 1); u-column data consumed via d/dr = -u^2 d/du; stencils jet9d8 window=9 degree=8 on strictly increasing r
44.711246658882814,0.022365737364232703,0.25,1.0,1.0,0.0,0.0,0.0,0.0,0.0,0.0,0.0,d/dr at r = r_over_rs = 1/u (r_s = 1); u-column data consumed via d/dr = -u^2 d/du; stencils jet9d8 window=9 degree=8 on strictly increasing r
44.60794634876094,0.022417530548966343,0.25,1.0,1.0,0.0,0.0,0.0,0.0,0.0,0.0,0.0,d/dr at r = r_over_rs = 1/u (r_s = 1); u-column data consumed via d/dr = -u^2 d/du; stencils jet9d8 window=9 degree=8 on strictly increasing r
44.504884702395216,0.022469443673138665,0.25,1.0,1.0,0.0,0.0,0.0,0.0,0.0,0.0,0.0,d/dr at r = r_over_rs = 1/u (r_s = 1); u-column data consumed via d/dr = -u^2 d/du; stencils jet9d8 window=9 degree=8 on strictly increasing r
44.4020611683799,0.02252147701449795,0.25,1.0,1.0,0.0,0.0,0.0,0.0,0.0,0.0,0.0,d/dr at r = r_over_rs = 1/u (r_s = 1); u-column data consumed via d/dr = -u^2 d/du; stencils jet9d8 window=9 degree=8 on strictly increasing r
44.29947519658317,0.022573630851435694,0.25,1.0,1.0,0.0,0.0,0.0,0.0,0.0,0.0,0.0,d/dr at r = r_over_rs = 1/u (r_s = 1); u-column data consumed via d/dr = -u^2 d/du; stencils jet9d8 window=9 degree=8 on strictly increasing r
44.19712623814419,0.02262590546298807,0.25,1.0,1.0,0.0,0.0,0.0,0.0,0.0,0.0,0.0,d/dr at r = r_over_rs = 1/u (r_s = 1); u-column data consumed via d/dr = -u^2 d/du; stencils jet9d8 window=9 degree=8 on strictly increasing r
44.0950137454703,0.022678301128837407,0.25,1.0,1.0,0.0,0.0,0.0,0.0,0.0,0.0,0.0,d/dr at r = r_over_rs = 1/u (r_s = 1); u-column data consumed via d/dr = -u^2 d/du; stencils jet9d8 window=9 degree=8 on strictly increasing r
43.99313717223384,0.02273081812931376,0.25,1.0,1.0,0.0,0.0,0.0,0.0,0.0,0.0,0.0,d/dr at r = r_over_rs = 1/u (r_s = 1); u-column data consumed via d/dr = -u^2 d/du; stencils jet9d8 window=9 degree=8 on strictly increasing r
43.89149597336955,0.022783456745396276,0.25,1.0,1.0,0.0,0.0,0.0,0.0,0.0,0.0,0.0,d/dr at r = r_over_rs = 1/u (r_s = 1); u-column data consumed via d/dr = -u^2 d/du; stencils jet9d8 window=9 degree=8 on strictly increasing r
43.79008960507133,0.022836217258714857,0.25,1.0,1.0,0.0,0.0,0.0,0.0,0.0,0.0,0.0,d/dr at r = r_over_rs = 1/u (r_s = 1); u-column data consumed via d/dr = -u^2 d/du; stencils jet9d8 window=9 degree=8 on strictly increasing r
43.68891752478958,0.02288909995155153,0.25,1.0,1.0,0.0,0.0,0.0,0.0,0.0,0.0,0.0,d/dr at r = r_over_rs = 1/u (r_s = 1); u-column data consumed via d/dr = -u^2 d/du; stencils jet9d8 window=9 degree=8 on strictly increasing r
43.587979191228165,0.022942105106842033,0.25,1.0,1.0,0.0,0.0,0.0,0.0,0.0,0.0,0.0,d/dr at r = r_over_rs = 1/u (r_s = 1); u-column data consumed via d/dr = -u^2 d/du; stencils jet9d8 window=9 degree=8 on strictly increasing r
43.48727406434156,0.022995233008177306,0.25,1.0,1.0,0.0,0.0,0.0,0.0,0.0,0.0,0.0,d/dr at r = r_over_rs = 1/u (r_s = 1); u-column data consumed via d/dr = -u^2 d/du; stencils jet9d8 window=9 degree=8 on strictly increasing r
43.38680160533199,0.023048483939804996,0.25,1.0,1.0,0.0,0.0,0.0,0.0,0.0,0.0,0.0,d/dr at r = r_over_rs = 1/u (r_s = 1); u-column data consumed via d/dr = -u^2 d/du; stencils jet9d8 window=9 degree=8 on strictly increasing r
43.28656127664642,0.023101858186631036,0.25,1.0,1.0,0.0,0.0,0.0,0.0,0.0,0.0,0.0,d/dr at r = r_over_rs = 1/u (r_s = 1); u-column data consumed via d/dr = -u^2 d/du; stencils jet9d8 window=9 degree=8 on strictly increasing r
43.18655254197386,0.023155356034221076,0.25,1.0,1.0,0.0,0.0,0.0,0.0,0.0,0.0,0.0,d/dr at r = r_over_rs = 1/u (r_s = 1); u-column data consumed via d/dr = -u^2 d/du; stencils jet9d8 window=9 degree=8 on strictly increasing r
43.08677486624234,0.02320897776880211,0.25,1.0,1.0,0.0,0.0,0.0,0.0,0.0,0.0,0.0,d/dr at r = r_over_rs = 1/u (r_s = 1); u-column data consumed via d/dr = -u^2 d/du; stencils jet9d8 window=9 degree=8 on strictly increasing r
42.987227715616186,0.02326272367726391,0.25,1.0,1.0,0.0,0.0,0.0,0.0,0.0,0.0,0.0,d/dr at r = r_over_rs = 1/u (r_s = 1); u-column data consumed via d/dr = -u^2 d/du; stencils jet9d8 window=9 degree=8 on strictly increasing r
42.88791055749302,0.023316594047160646,0.25,1.0,1.0,0.0,0.0,0.0,0.0,0.0,0.0,0.0,d/dr at r = r_over_rs = 1/u (r_s = 1); u-column data consumed via d/dr = -u^2 d/du; stencils jet9d8 window=9 degree=8 on strictly increasing r
42.78882286050104,0.023370589166712363,0.25,1.0,1.0,0.0,0.0,0.0,0.0,0.0,0.0,0.0,d/dr at r = r_over_rs = 1/u (r_s = 1); u-column data consumed via d/dr = -u^2 d/du; stencils jet9d8 window=9 degree=8 on strictly increasing r
42.68996409449609,0.023424709324806565,0.25,1.0,1.0,0.0,0.0,0.0,0.0,0.0,0.0,0.0,d/dr at r = r_over_rs = 1/u (r_s = 1); u-column data consumed via d/dr = -u^2 d/du; stencils jet9d8 window=9 degree=8 on strictly increasing r
42.59133373055883,0.023478954810999746,0.25,1.0,1.0,0.0,0.0,0.0,0.0,0.0,0.0,0.0,d/dr at r = r_over_rs = 1/u (r_s = 1); u-column data consumed via d/dr = -u^2 d/du; stencils jet9d8 window=9 degree=8 on strictly increasing r
42.492931240991965,0.023533325915518925,0.25,1.0,1.0,0.0,0.0,0.0,0.0,0.0,0.0,0.0,d/dr at r = r_over_rs = 1/u (r_s = 1); u-column data consumed via d/dr = -u^2 d/du; stencils jet9d8 window=9 degree=8 on strictly increasing r
42.3947560993174,0.023587822929263206,0.25,1.0,1.0,0.0,0.0,0.0,0.0,0.0,0.0,0.0,d/dr at r = r_over_rs = 1/u (r_s = 1); u-column data consumed via d/dr = -u^2 d/du; stencils jet9d8 window=9 degree=8 on strictly increasing r
42.29680778027335,0.023642446143805358,0.25,1.0,1.0,0.0,0.0,0.0,0.0,0.0,0.0,0.0,d/dr at r = r_over_rs = 1/u (r_s = 1); u-column data consumed via d/dr = -u^2 d/du; stencils jet9d8 window=9 degree=8 on strictly increasing r
42.19908575981162,0.02369719585139335,0.25,1.0,1.0,0.0,0.0,0.0,0.0,0.0,0.0,0.0,d/dr at r = r_over_rs = 1/u (r_s = 1); u-column data consumed via d/dr = -u^2 d/du; stencils jet9d8 window=9 degree=8 on strictly increasing r
42.10158951509478,0.02375207234495191,0.25,1.0,1.0,0.0,0.0,0.0,0.0,0.0,0.0,0.0,d/dr at r = r_over_rs = 1/u (r_s = 1); u-column data consumed via d/dr = -u^2 d/du; stencils jet9d8 window=9 degree=8 on strictly increasing r
42.00431852449337,0.0238070759180841,0.25,1.0,1.0,0.0,0.0,0.0,0.0,0.0,0.0,0.0,d/dr at r = r_over_rs = 1/u (r_s = 1); u-column data consumed via d/dr = -u^2 d/du; stencils jet9d8 window=9 degree=8 on strictly increasing r
41.90727226758304,0.02386220686507292,0.25,1.0,1.0,0.0,0.0,0.0,0.0,0.0,0.0,0.0,d/dr at r = r_over_rs = 1/u (r_s = 1); u-column data consumed via d/dr = -u^2 d/du; stencils jet9d8 window=9 degree=8 on strictly increasing r
41.81045022514186,0.02391746548088283,0.25,1.0,1.0,0.0,0.0,0.0,0.0,0.0,0.0,0.0,d/dr at r = r_over_rs = 1/u (r_s = 1); u-column data consumed via d/dr = -u^2 d/du; stencils jet9d8 window=9 degree=8 on strictly increasing r
41.71385187914753,0.023972852061161322,0.25,1.0,1.0,0.0,0.0,0.0,0.0,0.0,0.0,0.0,d/dr at r = r_over_rs = 1/u (r_s = 1); u-column data consumed via d/dr = -u^2 d/du; stencils jet9d8 window=9 degree=8 on strictly increasing r
41.61747671277451,0.0240283669022406,0.25,1.0,1.0,0.0,0.0,0.0,0.0,0.0,0.0,0.0,d/dr at r = r_over_rs = 1/u (r_s = 1); u-column data consumed via d/dr = -u^2 d/du; stencils jet9d8 window=9 degree=8 on strictly increasing r
41.52132421039139,0.024084010301139037,0.25,1.0,1.0,0.0,0.0,0.0,0.0,0.0,0.0,0.0,d/dr at r = r_over_rs = 1/u (r_s = 1); u-column data consumed via d/dr = -u^2 d/du; stencils jet9d8 window=9 degree=8 on strictly increasing r
41.42539385755804,0.024139782555562848,0.25,1.0,1.0,0.0,0.0,0.0,0.0,0.0,0.0,0.0,d/dr at r = r_over_rs = 1/u (r_s = 1); u-column data consumed via d/dr = -u^2 d/du; stencils jet9d8 window=9 degree=8 on strictly increasing r
41.32968514102293,0.024195683963907633,0.25,1.0,1.0,0.0,0.0,0.0,0.0,0.0,0.0,0.0,d/dr at r = r_over_rs = 1/u (r_s = 1); u-column data consumed via d/dr = -u^2 d/du; stencils jet9d8 window=9 degree=8 on strictly increasing r
41.234197548720246,0.02425171482526004,0.25,1.0,1.0,0.0,0.0,0.0,0.0,0.0,0.0,0.0,d/dr at r = r_over_rs = 1/u (r_s = 1); u-column data consumed via d/dr = -u^2 d/du; stencils jet9d8 window=9 degree=8 on strictly increasing r
41.13893056976732,0.024307875439399298,0.25,1.0,1.0,0.0,0.0,0.0,0.0,0.0,0.0,0.0,d/dr at r = r_over_rs = 1/u (r_s = 1); u-column data consumed via d/dr = -u^2 d/du; stencils jet9d8 window=9 degree=8 on strictly increasing r
41.04388369446185,0.02436416610679882,0.25,1.0,1.0,0.0,0.0,0.0,0.0,0.0,0.0,0.0,d/dr at r = r_over_rs = 1/u (r_s = 1); u-column data consumed via d/dr = -u^2 d/du; stencils jet9d8 window=9 degree=8 on strictly increasing r
40.94905641427902,0.0244205871286279,0.25,1.0,1.0,0.0,0.0,0.0,0.0,0.0,0.0,0.0,d/dr at r = r_over_rs = 1/u (r_s = 1); u-column data consumed via d/dr = -u^2 d/du; stencils jet9d8 window=9 degree=8 on strictly increasing r
40.85444822186903,0.02447713880675321,0.25,1.0,1.0,0.0,0.0,0.0,0.0,0.0,0.0,0.0,d/dr at r = r_over_rs = 1/u (r_s = 1); u-column data consumed via d/dr = -u^2 d/du; stencils jet9d8 window=9 degree=8 on strictly increasing r
40.76005861105419,0.024533821443740476,0.25,1.0,1.0,0.0,0.0,0.0,0.0,0.0,0.0,0.0,d/dr at r = r_over_rs = 1/u (r_s = 1); u-column data consumed via d/dr = -u^2 d/du; stencils jet9d8 window=9 degree=8 on strictly increasing r
40.66588707682632,0.024590635342856087,0.25,1.0,1.0,0.0,0.0,0.0,0.0,0.0,0.0,0.0,d/dr at r = r_over_rs = 1/u (r_s = 1); u-column data consumed via d/dr = -u^2 d/du; stencils jet9d8 window=9 degree=8 on strictly increasing r
40.57193311534392,0.024647580808068757,0.25,1.0,1.0,0.0,0.0,0.0,0.0,0.0,0.0,0.0,d/dr at r = r_over_rs = 1/u (r_s = 1); u-column data consumed via d/dr = -u^2 d/du; stencils jet9d8 window=9 degree=8 on strictly increasing r
40.47819622392966,0.024704658144051043,0.25,1.0,1.0,0.0,0.0,0.0,0.0,0.0,0.0,0.0,d/dr at r = r_over_rs = 1/u (r_s = 1); u-column data consumed via d/dr = -u^2 d/du; stencils jet9d8 window=9 degree=8 on strictly increasing r
40.38467590106755,0.024761867656181078,0.25,1.0,1.0,0.0,0.0,0.0,0.0,0.0,0.0,0.0,d/dr at r = r_over_rs = 1/u (r_s = 1); u-column data consumed via d/dr = -u^2 d/du; stencils jet9d8 window=9 degree=8 on strictly increasing r
40.29137164640025,0.0248192096505442,0.25,1.0,1.0,0.0,0.0,0.0,0.0,0.0,0.0,0.0,d/dr at r = r_over_rs = 1/u (r_s = 1); u-column data consumed via d/dr = -u^2 d/du; stencils jet9d8 window=9 degree=8 on strictly increasing r
40.19828296072651,0.02487668443393451,0.25,1.0,1.0,0.0,0.0,0.0,0.0,0.0,0.0,0.0,d/dr at r = r_over_rs = 1/u (r_s = 1); u-column data consumed via d/dr = -u^2 d/du; stencils jet9d8 window=9 degree=8 on strictly increasing r
40.10540934599839,0.024934292313856594,0.25,1.0,1.0,0.0,0.0,0.0,0.0,0.0,0.0,0.0,d/dr at r = r_over_rs = 1/u (r_s = 1); u-column data consumed via d/dr = -u^2 d/du; stencils jet9d8 window=9 degree=8 on strictly increasing r
40.01275030531865,0.02499203359852712,0.25,1.0,1.0,0.0,0.0,0.0,0.0,0.0,0.0,0.0,d/dr at r = r_over_rs = 1/u (r_s = 1); u-column data consumed via d/dr = -u^2 d/du; stencils jet9d8 window=9 degree=8 on strictly increasing r
39.92030534293808,0.025049908596876513,0.25,1.0,1.0,0.0,0.0,0.0,0.0,0.0,0.0,0.0,d/dr at r = r_over_rs = 1/u (r_s = 1); u-column data consumed via d/dr = -u^2 d/du; stencils jet9d8 window=9 degree=8 on strictly increasing r
39.8280739642528,0.025107917618550617,0.25,1.0,1.0,0.0,0.0,0.0,0.0,0.0,0.0,0.0,d/dr at r = r_over_rs = 1/u (r_s = 1); u-column data consumed via d/dr = -u^2 d/du; stencils jet9d8 window=9 degree=8 on strictly increasing r
39.73605567580172,0.0251660609739123,0.25,1.0,1.0,0.0,0.0,0.0,0.0,0.0,0.0,0.0,d/dr at r = r_over_rs = 1/u (r_s = 1); u-column data consumed via d/dr = -u^2 d/du; stencils jet9d8 window=9 degree=8 on strictly increasing r
39.64424998526376,0.025224338974043192,0.25,1.0,1.0,0.0,0.0,0.0,0.0,0.0,0.0,0.0,d/dr at r = r_over_rs = 1/u (r_s = 1); u-column data consumed via d/dr = -u^2 d/du; stencils jet9d8 window=9 degree=8 on strictly increasing r
39.55265640145538,0.025282751930745265,0.25,1.0,1.0,0.0,0.0,0.0,0.0,0.0,0.0,0.0,d/dr at r = r_over_rs = 1/u (r_s = 1); u-column data consumed via d/dr = -u^2 d/du; stencils jet9d8 window=9 degree=8 on strictly increasing r
39.46127443432779,0.025341300156542564,0.25,1.0,1.0,0.0,0.0,0.0,0.0,0.0,0.0,0.0,d/dr at r = r_over_rs = 1/u (r_s = 1); u-column data consumed via d/dr = -u^2 d/du; stencils jet9d8 window=9 degree=8 on strictly increasing r
39.370103594964455,0.025399983964682855,0.25,1.0,1.0,0.0,0.0,0.0,0.0,0.0,0.0,0.0,d/dr at r = r_over_rs = 1/u (r_s = 1); u-column data consumed via d/dr = -u^2 d/du; stencils jet9d8 window=9 degree=8 on strictly increasing r
39.279143395578416,0.025458803669139288,0.25,1.0,1.0,0.0,0.0,0.0,0.0,0.0,0.0,0.0,d/dr at r = r_over_rs = 1/u (r_s = 1); u-column data consumed via d/dr = -u^2 d/du; stencils jet9d8 window=9 degree=8 on strictly increasing r
39.188393349509646,0.02551775958461213,0.25,1.0,1.0,0.0,0.0,0.0,0.0,0.0,0.0,0.0,d/dr at r = r_over_rs = 1/u (r_s = 1); u-column data consumed via d/dr = -u^2 d/du; stencils jet9d8 window=9 degree=8 on strictly increasing r
39.09785297122256,0.025576852026530365,0.25,1.0,1.0,0.0,0.0,0.0,0.0,0.0,0.0,0.0,d/dr at r = r_over_rs = 1/u (r_s = 1); u-column data consumed via d/dr = -u^2 d/du; stencils jet9d8 window=9 degree=8 on strictly increasing r
39.00752177630327,0.025636081311053483,0.25,1.0,1.0,0.0,0.0,0.0,0.0,0.0,0.0,0.0,d/dr at r = r_over_rs = 1/u (r_s = 1); u-column data consumed via d/dr = -u^2 d/du; stencils jet9d8 window=9 degree=8 on strictly increasing r
38.91739928145715,0.02569544775507306,0.25,1.0,1.0,0.0,0.0,0.0,0.0,0.0,0.0,0.0,d/dr at r = r_over_rs = 1/u (r_s = 1); u-column data consumed via d/dr = -u^2 d/du; stencils jet9d8 window=9 degree=8 on strictly increasing r
38.82748500450612,0.025754951676214544,0.25,1.0,1.0,0.0,0.0,0.0,0.0,0.0,0.0,0.0,d/dr at r = r_over_rs = 1/u (r_s = 1); u-column data consumed via d/dr = -u^2 d/du; stencils jet9d8 window=9 degree=8 on strictly increasing r
38.73777846438615,0.025814593392838904,0.25,1.0,1.0,0.0,0.0,0.0,0.0,0.0,0.0,0.0,d/dr at r = r_over_rs = 1/u (r_s = 1); u-column data consumed via d/dr = -u^2 d/du; stencils jet9d8 window=9 degree=8 on strictly increasing r
38.64827918114465,0.02587437322404435,0.25,1.0,1.0,0.0,0.0,0.0,0.0,0.0,0.0,0.0,d/dr at r = r_over_rs = 1/u (r_s = 1); u-column data consumed via d/dr = -u^2 d/du; stencils jet9d8 window=9 degree=8 on strictly increasing r
38.558986675937874,0.025934291489668068,0.25,1.0,1.0,0.0,0.0,0.0,0.0,0.0,0.0,0.0,d/dr at r = r_over_rs = 1/u (r_s = 1); u-column data consumed via d/dr = -u^2 d/du; stencils jet9d8 window=9 degree=8 on strictly increasing r
38.46990047102842,0.025994348510287865,0.25,1.0,1.0,0.0,0.0,0.0,0.0,0.0,0.0,0.0,d/dr at r = r_over_rs = 1/u (r_s = 1); u-column data consumed via d/dr = -u^2 d/du; stencils jet9d8 window=9 degree=8 on strictly increasing r
38.381020089782645,0.026054544607223937,0.25,1.0,1.0,0.0,0.0,0.0,0.0,0.0,0.0,0.0,d/dr at r = r_over_rs = 1/u (r_s = 1); u-column data consumed via d/dr = -u^2 d/du; stencils jet9d8 window=9 degree=8 on strictly increasing r
38.29234505666809,0.02611488010254059,0.25,1.0,1.0,0.0,0.0,0.0,0.0,0.0,0.0,0.0,d/dr at r = r_over_rs = 1/u (r_s = 1); u-column data consumed via d/dr = -u^2 d/du; stencils jet9d8 window=9 degree=8 on strictly increasing r
38.20387489725099,0.02617535531904792,0.25,1.0,1.0,0.0,0.0,0.0,0.0,0.0,0.0,0.0,d/dr at r = r_over_rs = 1/u (r_s = 1); u-column data consumed via d/dr = -u^2 d/du; stencils jet9d8 window=9 degree=8 on strictly increasing r
38.11560913819369,0.02623597058030358,0.25,1.0,1.0,0.0,0.0,0.0,0.0,0.0,0.0,0.0,d/dr at r = r_over_rs = 1/u (r_s = 1); u-column data consumed via d/dr = -u^2 d/du; stencils jet9d8 window=9 degree=8 on strictly increasing r
38.02754730725216,0.02629672621061448,0.25,1.0,1.0,0.0,0.0,0.0,0.0,0.0,0.0,0.0,d/dr at r = r_over_rs = 1/u (r_s = 1); u-column data consumed via d/dr = -u^2 d/du; stencils jet9d8 window=9 degree=8 on strictly increasing r
37.93968893327336,0.026357622535038587,0.25,1.0,1.0,0.0,0.0,0.0,0.0,0.0,0.0,0.0,d/dr at r = r_over_rs = 1/u (r_s = 1); u-column data consumed via d/dr = -u^2 d/du; stencils jet9d8 window=9 degree=8 on strictly increasing r
37.85203354619287,0.026418659879386568,0.25,1.0,1.0,0.0,0.0,0.0,0.0,0.0,0.0,0.0,d/dr at r = r_over_rs = 1/u (r_s = 1); u-column data consumed via d/dr = -u^2 d/du; stencils jet9d8 window=9 degree=8 on strictly increasing r
37.7645806770323,0.02647983857022358,0.25,1.0,1.0,0.0,0.0,0.0,0.0,0.0,0.0,0.0,d/dr at r = r_over_rs = 1/u (r_s = 1); u-column data consumed via d/dr = -u^2 d/du; stencils jet9d8 window=9 degree=8 on strictly increasing r
37.67732985789671,0.026541158934871075,0.25,1.0,1.0,0.0,0.0,0.0,0.0,0.0,0.0,0.0,d/dr at r = r_over_rs = 1/u (r_s = 1); u-column data consumed via d/dr = -u^2 d/du; stencils jet9d8 window=9 degree=8 on strictly increasing r
37.59028062197225,0.026602621301408443,0.25,1.0,1.0,0.0,0.0,0.0,0.0,0.0,0.0,0.0,d/dr at r = r_over_rs = 1/u (r_s = 1); u-column data consumed via d/dr = -u^2 d/du; stencils jet9d8 window=9 degree=8 on strictly increasing r
37.50343250352356,0.02666422599867484,0.25,1.0,1.0,0.0,0.0,0.0,0.0,0.0,0.0,0.0,d/dr at r = r_over_rs = 1/u (r_s = 1); u-column data consumed via d/dr = -u^2 d/du; stencils jet9d8 window=9 degree=8 on strictly increasing r
37.416785037891344,0.02672597335627091,0.25,1.0,1.0,0.0,0.0,0.0,0.0,0.0,0.0,0.0,d/dr at r = r_over_rs = 1/u (r_s = 1); u-column data consumed via d/dr = -u^2 d/du; stencils jet9d8 window=9 degree=8 on strictly increasing r
37.33033776148979,0.026787863704560592,0.25,1.0,1.0,0.0,0.0,0.0,0.0,0.0,0.0,0.0,d/dr at r = r_over_rs = 1/u (r_s = 1); u-column data consumed via d/dr = -u^2 d/du; stencils jet9d8 window=9 degree=8 on strictly increasing r
37.244090211804185,0.02684989737467285,0.25,1.0,1.0,0.0,0.0,0.0,0.0,0.0,0.0,0.0,d/dr at r = r_over_rs = 1/u (r_s = 1); u-column data consumed via d/dr = -u^2 d/du; stencils jet9d8 window=9 degree=8 on strictly increasing r
37.15804192738843,0.026912074698503433,0.25,1.0,1.0,0.0,0.0,0.0,0.0,0.0,0.0,0.0,d/dr at r = r_over_rs = 1/u (r_s = 1); u-column data consumed via d/dr = -u^2 d/du; stencils jet9d8 window=9 degree=8 on strictly increasing r
37.07219244786247,0.026974396008716733,0.25,1.0,1.0,0.0,0.0,0.0,0.0,0.0,0.0,0.0,d/dr at r = r_over_rs = 1/u (r_s = 1); u-column data consumed via d/dr = -u^2 d/du; stencils jet9d8 window=9 degree=8 on strictly increasing r
36.98654131390997,0.027036861638747446,0.25,1.0,1.0,0.0,0.0,0.0,0.0,0.0,0.0,0.0,d/dr at r = r_over_rs = 1/u (r_s = 1); u-column data consumed via d/dr = -u^2 d/du; stencils jet9d8 window=9 degree=8 on strictly increasing r
36.90108806727579,0.027099471922802425,0.25,1.0,1.0,0.0,0.0,0.0,0.0,0.0,0.0,0.0,d/dr at r = r_over_rs = 1/u (r_s = 1); u-column data consumed via d/dr = -u^2 d/du; stencils jet9d8 window=9 degree=8 on strictly increasing r
36.81583225076353,0.02716222719586248,0.25,1.0,1.0,0.0,0.0,0.0,0.0,0.0,0.0,0.0,d/dr at r = r_over_rs = 1/u (r_s = 1); u-column data consumed via d/dr = -u^2 d/du; stencils jet9d8 window=9 degree=8 on strictly increasing r
36.73077340823304,0.027225127793684148,0.25,1.0,1.0,0.0,0.0,0.0,0.0,0.0,0.0,0.0,d/dr at r = r_over_rs = 1/u (r_s = 1); u-column data consumed via d/dr = -u^2 d/du; stencils jet9d8 window=9 degree=8 on strictly increasing r
36.6459110845981,0.02728817405280148,0.25,1.0,1.0,0.0,0.0,0.0,0.0,0.0,0.0,0.0,d/dr at r = r_over_rs = 1/u (r_s = 1); u-column data consumed via d/dr = -u^2 d/du; stencils jet9d8 window=9 degree=8 on strictly increasing r
36.56124482582391,0.027351366310527828,0.25,1.0,1.0,0.0,0.0,0.0,0.0,0.0,0.0,0.0,d/dr at r = r_over_rs = 1/u (r_s = 1); u-column data consumed via d/dr = -u^2 d/du; stencils jet9d8 window=9 degree=8 on strictly increasing r
36.47677417892459,0.027414704904957742,0.25,1.0,1.0,0.0,0.0,0.0,0.0,0.0,0.0,0.0,d/dr at r = r_over_rs = 1/u (r_s = 1); u-column data consumed via d/dr = -u^2 d/du; stencils jet9d8 window=9 degree=8 on strictly increasing r
36.39249869196094,0.027478190174968636,0.25,1.0,1.0,0.0,0.0,0.0,0.0,0.0,0.0,0.0,d/dr at r = r_over_rs = 1/u (r_s = 1); u-column data consumed via d/dr = -u^2 d/du; stencils jet9d8 window=9 degree=8 on strictly increasing r
36.30841791403784,0.02754182246022271,0.25,1.0,1.0,0.0,0.0,0.0,0.0,0.0,0.0,0.0,d/dr at r = r_over_rs = 1/u (r_s = 1); u-column data consumed via d/dr = -u^2 d/du; stencils jet9d8 window=9 degree=8 on strictly increasing r
36.22453139530194,0.027605602101168737,0.25,1.0,1.0,0.0,0.0,0.0,0.0,0.0,0.0,0.0,d/dr at r = r_over_rs = 1/u (r_s = 1); u-column data consumed via d/dr = -u^2 d/du; stencils jet9d8 window=9 degree=8 on strictly increasing r
36.14083868693925,0.027669529439043838,0.25,1.0,1.0,0.0,0.0,0.0,0.0,0.0,0.0,0.0,d/dr at r = r_over_rs = 1/u (r_s = 1); u-column data consumed via d/dr = -u^2 d/du; stencils jet9d8 window=9 degree=8 on strictly increasing r
36.05733934117263,0.027733604815875435,0.25,1.0,1.0,0.0,0.0,0.0,0.0,0.0,0.0,0.0,d/dr at r = r_over_rs = 1/u (r_s = 1); u-column data consumed via d/dr = -u^2 d/du; stencils jet9d8 window=9 degree=8 on strictly increasing r
35.974032911259584,0.027797828574482902,0.25,1.0,1.0,0.0,0.0,0.0,0.0,0.0,0.0,0.0,d/dr at r = r_over_rs = 1/u (r_s = 1); u-column data consumed via d/dr = -u^2 d/du; stencils jet9d8 window=9 degree=8 on strictly increasing r
35.89091895148968,0.027862201058479565,0.25,1.0,1.0,0.0,0.0,0.0,0.0,0.0,0.0,0.0,d/dr at r = r_over_rs = 1/u (r_s = 1); u-column data consumed via d/dr = -u^2 d/du; stencils jet9d8 window=9 degree=8 on strictly increasing r
35.80799701718231,0.027926722612274416,0.25,1.0,1.0,0.0,0.0,0.0,0.0,0.0,0.0,0.0,d/dr at r = r_over_rs = 1/u (r_s = 1); u-column data consumed via d/dr = -u^2 d/du; stencils jet9d8 window=9 degree=8 on strictly increasing r
35.725266664684206,0.027991393581074043,0.25,1.0,1.0,0.0,0.0,0.0,0.0,0.0,0.0,0.0,d/dr at r = r_over_rs = 1/u (r_s = 1); u-column data consumed via d/dr = -u^2 d/du; stencils jet9d8 window=9 degree=8 on strictly increasing r
35.642727451367136,0.028056214310884432,0.25,1.0,1.0,0.0,0.0,0.0,0.0,0.0,0.0,0.0,d/dr at r = r_over_rs = 1/u (r_s = 1); u-column data consumed via d/dr = -u^2 d/du; stencils jet9d8 window=9 degree=8 on strictly increasing r
35.56037893562553,0.0281211851485128,0.25,1.0,1.0,0.0,0.0,0.0,0.0,0.0,0.0,0.0,d/dr at r = r_over_rs = 1/u (r_s = 1); u-column data consumed via d/dr = -u^2 d/du; stencils jet9d8 window=9 degree=8 on strictly increasing r
35.47822067687403,0.028186306441569536,0.25,1.0,1.0,0.0,0.0,0.0,0.0,0.0,0.0,0.0,d/dr at r = r_over_rs = 1/u (r_s = 1); u-column data consumed via d/dr = -u^2 d/du; stencils jet9d8 window=9 degree=8 on strictly increasing r
35.39625223554529,0.02825157853846994,0.25,1.0,1.0,0.0,0.0,0.0,0.0,0.0,0.0,0.0,d/dr at r = r_over_rs = 1/u (r_s = 1); u-column data consumed via d/dr = -u^2 d/du; stencils jet9d8 window=9 degree=8 on strictly increasing r
35.31447317308744,0.02831700178843622,0.25,1.0,1.0,0.0,0.0,0.0,0.0,0.0,0.0,0.0,d/dr at r = r_over_rs = 1/u (r_s = 1); u-column data consumed via d/dr = -u^2 d/du; stencils jet9d8 window=9 degree=8 on strictly increasing r
35.23288305196192,0.028382576541499224,0.25,1.0,1.0,0.0,0.0,0.0,0.0,0.0,0.0,0.0,d/dr at r = r_over_rs = 1/u (r_s = 1); u-column data consumed via d/dr = -u^2 d/du; stencils jet9d8 window=9 degree=8 on strictly increasing r
35.151481435641,0.02844830314850042,0.25,1.0,1.0,0.0,0.0,0.0,0.0,0.0,0.0,0.0,d/dr at r = r_over_rs = 1/u (r_s = 1); u-column data consumed via d/dr = -u^2 d/du; stencils jet9d8 window=9 degree=8 on strictly increasing r
35.07026788860553,0.028514181961093718,0.25,1.0,1.0,0.0,0.0,0.0,0.0,0.0,0.0,0.0,d/dr at r = r_over_rs = 1/u (r_s = 1); u-column data consumed via d/dr = -u^2 d/du; stencils jet9d8 window=9 degree=8 on strictly increasing r
34.98924197634256,0.02858021333174736,0.25,1.0,1.0,0.0,0.0,0.0,0.0,0.0,0.0,0.0,d/dr at r = r_over_rs = 1/u (r_s = 1); u-column data consumed via d/dr = -u^2 d/du; stencils jet9d8 window=9 degree=8 on strictly increasing r
34.908403265343026,0.028646397613745843,0.25,1.0,1.0,0.0,0.0,0.0,0.0,0.0,0.0,0.0,d/dr at r = r_over_rs = 1/u (r_s = 1); u-column data consumed via d/dr = -u^2 d/du; stencils jet9d8 window=9 degree=8 on strictly increasing r
34.827751323099456,0.028712735161191744,0.25,1.0,1.0,0.0,0.0,0.0,0.0,0.0,0.0,0.0,d/dr at r = r_over_rs = 1/u (r_s = 1); u-column data consumed via d/dr = -u^2 d/du; stencils jet9d8 window=9 degree=8 on strictly increasing r
34.74728571810365,0.02877922632900765,0.25,1.0,1.0,0.0,0.0,0.0,0.0,0.0,0.0,0.0,d/dr at r = r_over_rs = 1/u (r_s = 1); u-column data consumed via d/dr = -u^2 d/du; stencils jet9d8 window=9 degree=8 on strictly increasing r
34.667006019844294,0.028845871472938104,0.25,1.0,1.0,0.0,0.0,0.0,0.0,0.0,0.0,0.0,d/dr at r = r_over_rs = 1/u (r_s = 1); u-column data consumed via d/dr = -u^2 d/du; stencils jet9d8 window=9 degree=8 on strictly increasing r
34.586911798804806,0.028912670949551394,0.25,1.0,1.0,0.0,0.0,0.0,0.0,0.0,0.0,0.0,d/dr at r = r_over_rs = 1/u (r_s = 1); u-column data consumed via d/dr = -u^2 d/du; stencils jet9d8 window=9 degree=8 on strictly increasing r
34.5070026264609,0.028979625116241563,0.25,1.0,1.0,0.0,0.0,0.0,0.0,0.0,0.0,0.0,d/dr at r = r_over_rs = 1/u (r_s = 1); u-column data consumed via d/dr = -u^2 d/du; stencils jet9d8 window=9 degree=8 on strictly increasing r
34.427278075278394,0.029046734331230267,0.25,1.0,1.0,0.0,0.0,0.0,0.0,0.0,0.0,0.0,d/dr at r = r_over_rs = 1/u (r_s = 1); u-column data consumed via d/dr = -u^2 d/du; stencils jet9d8 window=9 degree=8 on strictly increasing r
34.3477377187108,0.029113998953568743,0.25,1.0,1.0,0.0,0.0,0.0,0.0,0.0,0.0,0.0,d/dr at r = r_over_rs = 1/u (r_s = 1); u-column data consumed via d/dr = -u^2 d/du; stencils jet9d8 window=9 degree=8 on strictly increasing r
34.26838113119719,0.029181419343139666,0.25,1.0,1.0,0.0,0.0,0.0,0.0,0.0,0.0,0.0,d/dr at r = r_over_rs = 1/u (r_s = 1); u-column data consumed via d/dr = -u^2 d/du; stencils jet9d8 window=9 degree=8 on strictly increasing r
34.189207888159814,0.029248995860659103,0.25,1.0,1.0,0.0,0.0,0.0,0.0,0.0,0.0,0.0,d/dr at r = r_over_rs = 1/u (r_s = 1); u-column data consumed via d/dr = -u^2 d/du; stencils jet9d8 window=9 degree=8 on strictly increasing r
34.11021756600186,0.029316728867678474,0.25,1.0,1.0,0.0,0.0,0.0,0.0,0.0,0.0,0.0,d/dr at r = r_over_rs = 1/u (r_s = 1); u-column data consumed via d/dr = -u^2 d/du; stencils jet9d8 window=9 degree=8 on strictly increasing r
34.0314097421052,0.029384618726586424,0.25,1.0,1.0,0.0,0.0,0.0,0.0,0.0,0.0,0.0,d/dr at r = r_over_rs = 1/u (r_s = 1); u-column data consumed via d/dr = -u^2 d/du; stencils jet9d8 window=9 degree=8 on strictly increasing r
33.9527839948281,0.029452665800610817,0.25,1.0,1.0,0.0,0.0,0.0,0.0,0.0,0.0,0.0,d/dr at r = r_over_rs = 1/u (r_s = 1); u-column data consumed via d/dr = -u^2 d/du; stencils jet9d8 window=9 degree=8 on strictly increasing r
33.87433990350304,0.029520870453820625,0.25,1.0,1.0,0.0,0.0,0.0,0.0,0.0,0.0,0.0,d/dr at r = r_over_rs = 1/u (r_s = 1); u-column data consumed via d/dr = -u^2 d/du; stencils jet9d8 window=9 degree=8 on strictly increasing r
33.796077048434306,0.029589233051127976,0.25,1.0,1.0,0.0,0.0,0.0,0.0,0.0,0.0,0.0,d/dr at r = r_over_rs = 1/u (r_s = 1); u-column data consumed via d/dr = -u^2 d/du; stencils jet9d8 window=9 degree=8 on strictly increasing r
33.71799501089592,0.029657753958289974,0.25,1.0,1.0,0.0,0.0,0.0,0.0,0.0,0.0,0.0,d/dr at r = r_over_rs = 1/u (r_s = 1); u-column data consumed via d/dr = -u^2 d/du; stencils jet9d8 window=9 degree=8 on strictly increasing r
33.64009337312932,0.029726433541910725,0.25,1.0,1.0,0.0,0.0,0.0,0.0,0.0,0.0,0.0,d/dr at r = r_over_rs = 1/u (r_s = 1); u-column data consumed via d/dr = -u^2 d/du; stencils jet9d8 window=9 degree=8 on strictly increasing r
33.56237171834107,0.029795272169443342,0.25,1.0,1.0,0.0,0.0,0.0,0.0,0.0,0.0,0.0,d/dr at r = r_over_rs = 1/u (r_s = 1); u-column data consumed via d/dr = -u^2 d/du; stencils jet9d8 window=9 degree=8 on strictly increasing r
33.484829630700744,0.029864270209191825,0.25,1.0,1.0,0.0,0.0,0.0,0.0,0.0,0.0,0.0,d/dr at r = r_over_rs = 1/u (r_s = 1); u-column data consumed via d/dr = -u^2 d/du; stencils jet9d8 window=9 degree=8 on strictly increasing r
33.407466695338634,0.029933428030313076,0.25,1.0,1.0,0.0,0.0,0.0,0.0,0.0,0.0,0.0,d/dr at r = r_over_rs = 1/u (r_s = 1); u-column data consumed via d/dr = -u^2 d/du; stencils jet9d8 window=9 degree=8 on strictly increasing r
33.33028249834356,0.030002746002818843,0.25,1.0,1.0,0.0,0.0,0.0,0.0,0.0,0.0,0.0,d/dr at r = r_over_rs = 1/u (r_s = 1); u-column data consumed via d/dr = -u^2 d/du; stencils jet9d8 window=9 degree=8 on strictly increasing r
33.25327662676057,0.03007222449757779,0.25,1.0,1.0,0.0,0.0,0.0,0.0,0.0,0.0,0.0,d/dr at r = r_over_rs = 1/u (r_s = 1); u-column data consumed via d/dr = -u^2 d/du; stencils jet9d8 window=9 degree=8 on strictly increasing r
33.176448668588854,0.030141863886317358,0.25,1.0,1.0,0.0,0.0,0.0,0.0,0.0,0.0,0.0,d/dr at r = r_over_rs = 1/u (r_s = 1); u-column data consumed via d/dr = -u^2 d/du; stencils jet9d8 window=9 degree=8 on strictly increasing r
33.0997982127795,0.03021166454162582,0.25,1.0,1.0,0.0,0.0,0.0,0.0,0.0,0.0,0.0,d/dr at r = r_over_rs = 1/u (r_s = 1); u-column data consumed via d/dr = -u^2 d/du; stencils jet9d8 window=9 degree=8 on strictly increasing r
33.02332484923321,0.030281626836954293,0.25,1.0,1.0,0.0,0.0,0.0,0.0,0.0,0.0,0.0,d/dr at r = r_over_rs = 1/u (r_s = 1); u-column data consumed via d/dr = -u^2 d/du; stencils jet9d8 window=9 degree=8 on strictly increasing r
32.947028168798234,0.03035175114661869,0.25,1.0,1.0,0.0,0.0,0.0,0.0,0.0,0.0,0.0,d/dr at r = r_over_rs = 1/u (r_s = 1); u-column data consumed via d/dr = -u^2 d/du; stencils jet9d8 window=9 degree=8 on strictly increasing r
32.87090776326811,0.030422037845801723,0.25,1.0,1.0,0.0,0.0,0.0,0.0,0.0,0.0,0.0,d/dr at r = r_over_rs = 1/u (r_s = 1); u-column data consumed via d/dr = -u^2 d/du; stencils jet9d8 window=9 degree=8 on strictly increasing r
32.79496322537946,0.030492487310554966,0.25,1.0,1.0,0.0,0.0,0.0,0.0,0.0,0.0,0.0,d/dr at r = r_over_rs = 1/u (r_s = 1); u-column data consumed via d/dr = -u^2 d/du; stencils jet9d8 window=9 degree=8 on strictly increasing r
32.719194148809905,0.030563099917800787,0.25,1.0,1.0,0.0,0.0,0.0,0.0,0.0,0.0,0.0,d/dr at r = r_over_rs = 1/u (r_s = 1); u-column data consumed via d/dr = -u^2 d/du; stencils jet9d8 window=9 degree=8 on strictly increasing r
32.64360012817574,0.030633876045334466,0.25,1.0,1.0,0.0,0.0,0.0,0.0,0.0,0.0,0.0,d/dr at r = r_over_rs = 1/u (r_s = 1); u-column data consumed via d/dr = -u^2 d/du; stencils jet9d8 window=9 degree=8 on strictly increasing r
32.56818075902994,0.030704816071826097,0.25,1.0,1.0,0.0,0.0,0.0,0.0,0.0,0.0,0.0,d/dr at r = r_over_rs = 1/u (r_s = 1); u-column data consumed via d/dr = -u^2 d/du; stencils jet9d8 window=9 degree=8 on strictly increasing r
32.49293563785984,0.030775920376822728,0.25,1.0,1.0,0.0,0.0,0.0,0.0,0.0,0.0,0.0,d/dr at r = r_over_rs = 1/u (r_s = 1); u-column data consumed via d/dr = -u^2 d/du; stencils jet9d8 window=9 degree=8 on strictly increasing r
32.41786436208509,0.030847189340750293,0.25,1.0,1.0,0.0,0.0,0.0,0.0,0.0,0.0,0.0,d/dr at r = r_over_rs = 1/u (r_s = 1); u-column data consumed via d/dr = -u^2 d/du; stencils jet9d8 window=9 degree=8 on strictly increasing r
32.34296653005544,0.03091862334491572,0.25,1.0,1.0,0.0,0.0,0.0,0.0,0.0,0.0,0.0,d/dr at r = r_over_rs = 1/u (r_s = 1); u-column data consumed via d/dr = -u^2 d/du; stencils jet9d8 window=9 degree=8 on strictly increasing r
32.26824174104862,0.030990222771508934,0.25,1.0,1.0,0.0,0.0,0.0,0.0,0.0,0.0,0.0,d/dr at r = r_over_rs = 1/u (r_s = 1); u-column data consumed via d/dr = -u^2 d/du; stencils jet9d8 window=9 degree=8 on strictly increasing r
32.19368959526818,0.031061988003604896,0.25,1.0,1.0,0.0,0.0,0.0,0.0,0.0,0.0,0.0,d/dr at r = r_over_rs = 1/u (r_s = 1); u-column data consumed via d/dr = -u^2 d/du; stencils jet9d8 window=9 degree=8 on strictly increasing r
32.11930969384133,0.031133919425165715,0.25,1.0,1.0,0.0,0.0,0.0,0.0,0.0,0.0,0.0,d/dr at r = r_over_rs = 1/u (r_s = 1); u-column data consumed via d/dr = -u^2 d/du; stencils jet9d8 window=9 degree=8 on strictly increasing r
32.045101638816874,0.031206017421042596,0.25,1.0,1.0,0.0,0.0,0.0,0.0,0.0,0.0,0.0,d/dr at r = r_over_rs = 1/u (r_s = 1); u-column data consumed via d/dr = -u^2 d/du; stencils jet9d8 window=9 degree=8 on strictly increasing r
31.971065033162983,0.03127828237697802,0.25,1.0,1.0,0.0,0.0,0.0,0.0,0.0,0.0,0.0,d/dr at r = r_over_rs = 1/u (r_s = 1); u-column data consumed via d/dr = -u^2 d/du; stencils jet9d8 window=9 degree=8 on strictly increasing r
31.897199480765167,0.03135071467960771,0.25,1.0,1.0,0.0,0.0,0.0,0.0,0.0,0.0,0.0,d/dr at r = r_over_rs = 1/u (r_s = 1); u-column data consumed via d/dr = -u^2 d/du; stencils jet9d8 window=9 degree=8 on strictly increasing r
31.82350458642411,0.03142331471646273,0.25,1.0,1.0,0.0,0.0,0.0,0.0,0.0,0.0,0.0,d/dr at r = r_over_rs = 1/u (r_s = 1); u-column data consumed via d/dr = -u^2 d/du; stencils jet9d8 window=9 degree=8 on strictly increasing r
31.74997995585356,0.031496082875971575,0.25,1.0,1.0,0.0,0.0,0.0,0.0,0.0,0.0,0.0,d/dr at r = r_over_rs = 1/u (r_s = 1); u-column data consumed via d/dr = -u^2 d/du; stencils jet9d8 window=9 degree=8 on strictly increasing r
31.67662519567821,0.03156901954746223,0.25,1.0,1.0,0.0,0.0,0.0,0.0,0.0,0.0,0.0,d/dr at r = r_over_rs = 1/u (r_s = 1); u-column data consumed via d/dr = -u^2 d/du; stencils jet9d8 window=9 degree=8 on strictly increasing r
31.60343991343159,0.031642125121164294,0.25,1.0,1.0,0.0,0.0,0.0,0.0,0.0,0.0,0.0,d/dr at r = r_over_rs = 1/u (r_s = 1); u-column data consumed via d/dr = -u^2 d/du; stencils jet9d8 window=9 degree=8 on strictly increasing r
31.53042371755401,0.03171539998821099,0.25,1.0,1.0,0.0,0.0,0.0,0.0,0.0,0.0,0.0,d/dr at r = r_over_rs = 1/u (r_s = 1); u-column data consumed via d/dr = -u^2 d/du; stencils jet9d8 window=9 degree=8 on strictly increasing r
31.4575762173904,0.03178884454064135,0.25,1.0,1.0,0.0,0.0,0.0,0.0,0.0,0.0,0.0,d/dr at r = r_over_rs = 1/u (r_s = 1); u-column data consumed via d/dr = -u^2 d/du; stencils jet9d8 window=9 degree=8 on strictly increasing r
31.38489702318828,0.03186245917140223,0.25,1.0,1.0,0.0,0.0,0.0,0.0,0.0,0.0,0.0,d/dr at r = r_over_rs = 1/u (r_s = 1); u-column data consumed via d/dr = -u^2 d/du; stencils jet9d8 window=9 degree=8 on strictly increasing r
31.312385746095643,0.03193624427435046,0.25,1.0,1.0,0.0,0.0,0.0,0.0,0.0,0.0,0.0,d/dr at r = r_over_rs = 1/u (r_s = 1); u-column data consumed via d/dr = -u^2 d/du; stencils jet9d8 window=9 degree=8 on strictly increasing r
31.24004199815889,0.03201020024425493,0.25,1.0,1.0,0.0,0.0,0.0,0.0,0.0,0.0,0.0,d/dr at r = r_over_rs = 1/u (r_s = 1); u-column data consumed via d/dr = -u^2 d/du; stencils jet9d8 window=9 degree=8 on strictly increasing r
31.167865392320746,0.03208432747679871,0.25,1.0,1.0,0.0,0.0,0.0,0.0,0.0,0.0,0.0,d/dr at r = r_over_rs = 1/u (r_s = 1); u-column data consumed via d/dr = -u^2 d/du; stencils jet9d8 window=9 degree=8 on strictly increasing r
31.095855542418143,0.0321586263685812,0.25,1.0,1.0,0.0,0.0,0.0,0.0,0.0,0.0,0.0,d/dr at r = r_over_rs = 1/u (r_s = 1); u-column data consumed via d/dr = -u^2 d/du; stencils jet9d8 window=9 degree=8 on strictly increasing r
31.02401206318027,0.03223309731712018,0.25,1.0,1.0,0.0,0.0,0.0,0.0,0.0,0.0,0.0,d/dr at r = r_over_rs = 1/u (r_s = 1); u-column data consumed via d/dr = -u^2 d/du; stencils jet9d8 window=9 degree=8 on strictly increasing r
30.95233457022637,0.03230774072085402,0.25,1.0,1.0,0.0,0.0,0.0,0.0,0.0,0.0,0.0,d/dr at r = r_over_rs = 1/u (r_s = 1); u-column data consumed via d/dr = -u^2 d/du; stencils jet9d8 window=9 degree=8 on strictly increasing r
30.880822680063805,0.032382556979143724,0.25,1.0,1.0,0.0,0.0,0.0,0.0,0.0,0.0,0.0,d/dr at r = r_over_rs = 1/u (r_s = 1); u-column data consumed via d/dr = -u^2 d/du; stencils jet9d8 window=9 degree=8 on strictly increasing r
30.809476010085945,0.032457546492275134,0.25,1.0,1.0,0.0,0.0,0.0,0.0,0.0,0.0,0.0,d/dr at r = r_over_rs = 1/u (r_s = 1); u-column data consumed via d/dr = -u^2 d/du; stencils jet9d8 window=9 degree=8 on strictly increasing r
30.73829417857012,0.032532709661461046,0.25,1.0,1.0,0.0,0.0,0.0,0.0,0.0,0.0,0.0,d/dr at r = r_over_rs = 1/u (r_s = 1); u-column data consumed via d/dr = -u^2 d/du; stencils jet9d8 window=9 degree=8 on strictly increasing r
30.667276804675588,0.03260804688884336,0.25,1.0,1.0,0.0,0.0,0.0,0.0,0.0,0.0,0.0,d/dr at r = r_over_rs = 1/u (r_s = 1); u-column data consumed via d/dr = -u^2 d/du; stencils jet9d8 window=9 degree=8 on strictly increasing r
30.596423508441514,0.03268355857749522,0.25,1.0,1.0,0.0,0.0,0.0,0.0,0.0,0.0,0.0,d/dr at r = r_over_rs = 1/u (r_s = 1); u-column data consumed via d/dr = -u^2 d/du; stencils jet9d8 window=9 degree=8 on strictly increasing r
30.525733910784894,0.0327592451314232,0.25,1.0,1.0,0.0,0.0,0.0,0.0,0.0,0.0,0.0,d/dr at r = r_over_rs = 1/u (r_s = 1); u-column data consumed via d/dr = -u^2 d/du; stencils jet9d8 window=9 degree=8 on strictly increasing r
30.455207633498546,0.03283510695556945,0.25,1.0,1.0,0.0,0.0,0.0,0.0,0.0,0.0,0.0,d/dr at r = r_over_rs = 1/u (r_s = 1); u-column data consumed via d/dr = -u^2 d/du; stencils jet9d8 window=9 degree=8 on strictly increasing r
30.384844299249124,0.032911144455813855,0.25,1.0,1.0,0.0,0.0,0.0,0.0,0.0,0.0,0.0,d/dr at r = r_over_rs = 1/u (r_s = 1); u-column data consumed via d/dr = -u^2 d/du; stencils jet9d8 window=9 degree=8 on strictly increasing r
30.31464353157505,0.0329873580389762,0.25,1.0,1.0,0.0,0.0,0.0,0.0,0.0,0.0,0.0,d/dr at r = r_over_rs = 1/u (r_s = 1); u-column data consumed via d/dr = -u^2 d/du; stencils jet9d8 window=9 degree=8 on strictly increasing r
30.244604954884547,0.033063748112818335,0.25,1.0,1.0,0.0,0.0,0.0,0.0,0.0,0.0,0.0,d/dr at r = r_over_rs = 1/u (r_s = 1); u-column data consumed via d/dr = -u^2 d/du; stencils jet9d8 window=9 degree=8 on strictly increasing r
30.174728194453543,0.03314031508604645,0.25,1.0,1.0,0.0,0.0,0.0,0.0,0.0,0.0,0.0,d/dr at r = r_over_rs = 1/u (r_s = 1); u-column data consumed via d/dr = -u^2 d/du; stencils jet9d8 window=9 degree=8 on strictly increasing r
30.1050128764238,0.03321705936831311,0.25,1.0,1.0,0.0,0.0,0.0,0.0,0.0,0.0,0.0,d/dr at r = r_over_rs = 1/u (r_s = 1); u-column data consumed via d/dr = -u^2 d/du; stencils jet9d8 window=9 degree=8 on strictly increasing r
30.035458627800757,0.0332939813702196,0.25,1.0,1.0,0.0,0.0,0.0,0.0,0.0,0.0,0.0,d/dr at r = r_over_rs = 1/u (r_s = 1); u-column data consumed via d/dr = -u^2 d/du; stencils jet9d8 window=9 degree=8 on strictly increasing r
29.966065076451667,0.03337108150331801,0.25,1.0,1.0,0.0,0.0,0.0,0.0,0.0,0.0,0.0,d/dr at r = r_over_rs = 1/u (r_s = 1); u-column data consumed via d/dr = -u^2 d/du; stencils jet9d8 window=9 degree=8 on strictly increasing r
29.89683185110353,0.03344836018011349,0.25,1.0,1.0,0.0,0.0,0.0,0.0,0.0,0.0,0.0,d/dr at r = r_over_rs = 1/u (r_s = 1); u-column data consumed via d/dr = -u^2 d/du; stencils jet9d8 window=9 degree=8 on strictly increasing r
29.82775858134116,0.03352581781406642,0.25,1.0,1.0,0.0,0.0,0.0,0.0,0.0,0.0,0.0,d/dr at r = r_over_rs = 1/u (r_s = 1); u-column data consumed via d/dr = -u^2 d/du; stencils jet9d8 window=9 degree=8 on strictly increasing r
29.75884489760513,0.03360345481959469,0.25,1.0,1.0,0.0,0.0,0.0,0.0,0.0,0.0,0.0,d/dr at r = r_over_rs = 1/u (r_s = 1); u-column data consumed via d/dr = -u^2 d/du; stencils jet9d8 window=9 degree=8 on strictly increasing r
29.690090431189876,0.03368127161207583,0.25,1.0,1.0,0.0,0.0,0.0,0.0,0.0,0.0,0.0,d/dr at r = r_over_rs = 1/u (r_s = 1); u-column data consumed via d/dr = -u^2 d/du; stencils jet9d8 window=9 degree=8 on strictly increasing r
29.621494814241693,0.03375926860784929,0.25,1.0,1.0,0.0,0.0,0.0,0.0,0.0,0.0,0.0,d/dr at r = r_over_rs = 1/u (r_s = 1); u-column data consumed via d/dr = -u^2 d/du; stencils jet9d8 window=9 degree=8 on strictly increasing r
29.5530576797567,0.03383744622421867,0.25,1.0,1.0,0.0,0.0,0.0,0.0,0.0,0.0,0.0,d/dr at r = r_over_rs = 1/u (r_s = 1); u-column data consumed via d/dr = -u^2 d/du; stencils jet9d8 window=9 degree=8 on strictly increasing r
29.48477866157902,0.0339158048794539,0.25,1.0,1.0,0.0,0.0,0.0,0.0,0.0,0.0,0.0,d/dr at r = r_over_rs = 1/u (r_s = 1); u-column data consumed via d/dr = -u^2 d/du; stencils jet9d8 window=9 degree=8 on strictly increasing r
29.416657394398666,0.033994344992793565,0.25,1.0,1.0,0.0,0.0,0.0,0.0,0.0,0.0,0.0,d/dr at r = r_over_rs = 1/u (r_s = 1); u-column data consumed via d/dr = -u^2 d/du; stencils jet9d8 window=9 degree=8 on strictly increasing r
29.348693513749687,0.03407306698444706,0.25,1.0,1.0,0.0,0.0,0.0,0.0,0.0,0.0,0.0,d/dr at r = r_over_rs = 1/u (r_s = 1); u-column data consumed via d/dr = -u^2 d/du; stencils jet9d8 window=9 degree=8 on strictly increasing r
29.28088665600821,0.03415197127559687,0.25,1.0,1.0,0.0,0.0,0.0,0.0,0.0,0.0,0.0,d/dr at r = r_over_rs = 1/u (r_s = 1); u-column data consumed via d/dr = -u^2 d/du; stencils jet9d8 window=9 degree=8 on strictly increasing r
29.21323645839045,0.03423105828840084,0.25,1.0,1.0,0.0,0.0,0.0,0.0,0.0,0.0,0.0,d/dr at r = r_over_rs = 1/u (r_s = 1); u-column data consumed via d/dr = -u^2 d/du; stencils jet9d8 window=9 degree=8 on strictly increasing r
29.145742558950808,0.034310328445994416,0.25,1.0,1.0,0.0,0.0,0.0,0.0,0.0,0.0,0.0,d/dr at r = r_over_rs = 1/u (r_s = 1); u-column data consumed via d/dr = -u^2 d/du; stencils jet9d8 window=9 degree=8 on strictly increasing r
29.07840459657989,0.034389782172492944,0.25,1.0,1.0,0.0,0.0,0.0,0.0,0.0,0.0,0.0,d/dr at r = r_over_rs = 1/u (r_s = 1); u-column data consumed via d/dr = -u^2 d/du; stencils jet9d8 window=9 degree=8 on strictly increasing r
29.011222211002654,0.034469419892993854,0.25,1.0,1.0,0.0,0.0,0.0,0.0,0.0,0.0,0.0,d/dr at r = r_over_rs = 1/u (r_s = 1); u-column data consumed via d/dr = -u^2 d/du; stencils jet9d8 window=9 degree=8 on strictly increasing r
28.944195042776364,0.034549242033579064,0.25,1.0,1.0,0.0,0.0,0.0,0.0,0.0,0.0,0.0,d/dr at r = r_over_rs = 1/u (r_s = 1); u-column data consumed via d/dr = -u^2 d/du; stencils jet9d8 window=9 degree=8 on strictly increasing r
28.8773227332888,0.03462924902131713,0.25,1.0,1.0,0.0,0.0,0.0,0.0,0.0,0.0,0.0,d/dr at r = r_over_rs = 1/u (r_s = 1); u-column data consumed via d/dr = -u^2 d/du; stencils jet9d8 window=9 degree=8 on strictly increasing r
28.81060492475625,0.034709441284265584,0.25,1.0,1.0,0.0,0.0,0.0,0.0,0.0,0.0,0.0,d/dr at r = r_over_rs = 1/u (r_s = 1); u-column data consumed via d/dr = -u^2 d/du; stencils jet9d8 window=9 degree=8 on strictly increasing r
28.74404126022162,0.034789819251473265,0.25,1.0,1.0,0.0,0.0,0.0,0.0,0.0,0.0,0.0,d/dr at r = r_over_rs = 1/u (r_s = 1); u-column data consumed via d/dr = -u^2 d/du; stencils jet9d8 window=9 degree=8 on strictly increasing r
28.67763138355255,0.03487038335298252,0.25,1.0,1.0,0.0,0.0,0.0,0.0,0.0,0.0,0.0,d/dr at r = r_over_rs = 1/u (r_s = 1); u-column data consumed via d/dr = -u^2 d/du; stencils jet9d8 window=9 degree=8 on strictly increasing r
28.61137493943942,0.03495113401983166,0.25,1.0,1.0,0.0,0.0,0.0,0.0,0.0,0.0,0.0,d/dr at r = r_over_rs = 1/u (r_s = 1); u-column data consumed via d/dr = -u^2 d/du; stencils jet9d8 window=9 degree=8 on strictly increasing r
28.545271573393592,0.03503207168405704,0.25,1.0,1.0,0.0,0.0,0.0,0.0,0.0,0.0,0.0,d/dr at r = r_over_rs = 1/u (r_s = 1); u-column data consumed via d/dr = -u^2 d/du; stencils jet9d8 window=9 degree=8 on strictly increasing r
28.479320931745367,0.035113196778695614,0.25,1.0,1.0,0.0,0.0,0.0,0.0,0.0,0.0,0.0,d/dr at r = r_over_rs = 1/u (r_s = 1); u-column data consumed via d/dr = -u^2 d/du; stencils jet9d8 window=9 degree=8 on strictly increasing r
28.4135226616422,0.035194509737787066,0.25,1.0,1.0,0.0,0.0,0.0,0.0,0.0,0.0,0.0,d/dr at r = r_over_rs = 1/u (r_s = 1); u-column data consumed via d/dr = -u^2 d/du; stencils jet9d8 window=9 degree=8 on strictly increasing r
28.34787641104677,0.03527601099637622,0.25,1.0,1.0,0.0,0.0,0.0,0.0,0.0,0.0,0.0,d/dr at r = r_over_rs = 1/u (r_s = 1); u-column data consumed via d/dr = -u^2 d/du; stencils jet9d8 window=9 degree=8 on strictly increasing r
28.282381828735076,0.03535770099051536,0.25,1.0,1.0,0.0,0.0,0.0,0.0,0.0,0.0,0.0,d/dr at r = r_over_rs = 1/u (r_s = 1); u-column data consumed via d/dr = -u^2 d/du; stencils jet9d8 window=9 degree=8 on strictly increasing r
28.217038564294626,0.03543958015726652,0.25,1.0,1.0,0.0,0.0,0.0,0.0,0.0,0.0,0.0,d/dr at r = r_over_rs = 1/u (r_s = 1); u-column data consumed via d/dr = -u^2 d/du; stencils jet9d8 window=9 degree=8 on strictly increasing r
28.15184626812244,0.03552164893470392,0.25,1.0,1.0,0.0,0.0,0.0,0.0,0.0,0.0,0.0,d/dr at r = r_over_rs = 1/u (r_s = 1); u-column data consumed via d/dr = -u^2 d/du; stencils jet9d8 window=9 degree=8 on strictly increasing r
28.08680459142335,0.03560390776191615,0.25,1.0,1.0,0.0,0.0,0.0,0.0,0.0,0.0,0.0,d/dr at r = r_over_rs = 1/u (r_s = 1); u-column data consumed via d/dr = -u^2 d/du; stencils jet9d8 window=9 degree=8 on strictly increasing r
28.02191318620795,0.035686357079008725,0.25,1.0,1.0,0.0,0.0,0.0,0.0,0.0,0.0,0.0,d/dr at r = r_over_rs = 1/u (r_s = 1); u-column data consumed via d/dr = -u^2 d/du; stencils jet9d8 window=9 degree=8 on strictly increasing r
27.95717170529088,0.035768997327106256,0.25,1.0,1.0,0.0,0.0,0.0,0.0,0.0,0.0,0.0,d/dr at r = r_over_rs = 1/u (r_s = 1); u-column data consumed via d/dr = -u^2 d/du; stencils jet9d8 window=9 degree=8 on strictly increasing r
27.892579802288907,0.035851828948354876,0.25,1.0,1.0,0.0,0.0,0.0,0.0,0.0,0.0,0.0,d/dr at r = r_over_rs = 1/u (r_s = 1); u-column data consumed via d/dr = -u^2 d/du; stencils jet9d8 window=9 degree=8 on strictly increasing r
27.82813713161907,0.03593485238592466,0.25,1.0,1.0,0.0,0.0,0.0,0.0,0.0,0.0,0.0,d/dr at r = r_over_rs = 1/u (r_s = 1); u-column data consumed via d/dr = -u^2 d/du; stencils jet9d8 window=9 degree=8 on strictly increasing r
27.763843348496835,0.0360180680840119,0.25,1.0,1.0,0.0,0.0,0.0,0.0,0.0,0.0,0.0,d/dr at r = r_over_rs = 1/u (r_s = 1); u-column data consumed via d/dr = -u^2 d/du; stencils jet9d8 window=9 degree=8 on strictly increasing r
27.699698108934268,0.036101476487841566,0.25,1.0,1.0,0.0,0.0,0.0,0.0,0.0,0.0,0.0,d/dr at r = r_over_rs = 1/u (r_s = 1); u-column data consumed via d/dr = -u^2 d/du; stencils jet9d8 window=9 degree=8 on strictly increasing r
27.635701069738165,0.03618507804366964,0.25,1.0,1.0,0.0,0.0,0.0,0.0,0.0,0.0,0.0,d/dr at r = r_over_rs = 1/u (r_s = 1); u-column data consumed via d/dr = -u^2 d/du; stencils jet9d8 window=9 degree=8 on strictly increasing r
27.57185188850821,0.036268873198785544,0.25,1.0,1.0,0.0,0.0,0.0,0.0,0.0,0.0,0.0,d/dr at r = r_over_rs = 1/u (r_s = 1); u-column data consumed via d/dr = -u^2 d/du; stencils jet9d8 window=9 degree=8 on strictly increasing r
27.508150223635216,0.03635286240151445,0.25,1.0,1.0,0.0,0.0,0.0,0.0,0.0,0.0,0.0,d/dr at r = r_over_rs = 1/u (r_s = 1); u-column data consumed via d/dr = -u^2 d/du; stencils jet9d8 window=9 degree=8 on strictly increasing r
27.444595734299213,0.036437046101219776,0.25,1.0,1.0,0.0,0.0,0.0,0.0,0.0,0.0,0.0,d/dr at r = r_over_rs = 1/u (r_s = 1); u-column data consumed via d/dr = -u^2 d/du; stencils jet9d8 window=9 degree=8 on strictly increasing r
27.381188080467663,0.036521424748305525,0.25,1.0,1.0,0.0,0.0,0.0,0.0,0.0,0.0,0.0,d/dr at r = r_over_rs = 1/u (r_s = 1); u-column data consumed via d/dr = -u^2 d/du; stencils jet9d8 window=9 degree=8 on strictly increasing r
27.317926922893644,0.036605998794218726,0.25,1.0,1.0,0.0,0.0,0.0,0.0,0.0,0.0,0.0,d/dr at r = r_over_rs = 1/u (r_s = 1); u-column data consumed via d/dr = -u^2 d/du; stencils jet9d8 window=9 degree=8 on strictly increasing r
27.25481192311403,0.03669076869145182,0.25,1.0,1.0,0.0,0.0,0.0,0.0,0.0,0.0,0.0,d/dr at r = r_over_rs = 1/u (r_s = 1); u-column data consumed via d/dr = -u^2 d/du; stencils jet9d8 window=9 degree=8 on strictly increasing r
27.191842743447637,0.03677573489354516,0.25,1.0,1.0,0.0,0.0,0.0,0.0,0.0,0.0,0.0,d/dr at r = r_over_rs = 1/u (r_s = 1); u-column data consumed via d/dr = -u^2 d/du; stencils jet9d8 window=9 degree=8 on strictly increasing r
27.1290190469935,0.03686089785508932,0.25,1.0,1.0,0.0,0.0,0.0,0.0,0.0,0.0,0.0,d/dr at r = r_over_rs = 1/u (r_s = 1); u-column data consumed via d/dr = -u^2 d/du; stencils jet9d8 window=9 degree=8 on strictly increasing r
27.066340497628996,0.03694625803172762,0.25,1.0,1.0,0.0,0.0,0.0,0.0,0.0,0.0,0.0,d/dr at r = r_over_rs = 1/u (r_s = 1); u-column data consumed via d/dr = -u^2 d/du; stencils jet9d8 window=9 degree=8 on strictly increasing r
27.003806760008093,0.03703181588015853,0.25,1.0,1.0,0.0,0.0,0.0,0.0,0.0,0.0,0.0,d/dr at r = r_over_rs = 1/u (r_s = 1); u-column data consumed via d/dr = -u^2 d/du; stencils jet9d8 window=9 degree=8 on strictly increasing r
26.94141749955953,0.03711757185813809,0.25,1.0,1.0,0.0,0.0,0.0,0.0,0.0,0.0,0.0,d/dr at r = r_over_rs = 1/u (r_s = 1); u-column data consumed via d/dr = -u^2 d/du; stencils jet9d8 window=9 degree=8 on strictly increasing r
26.87917238248505,0.0372035264244824,0.25,1.0,1.0,0.0,0.0,0.0,0.0,0.0,0.0,0.0,d/dr at r = r_over_rs = 1/u (r_s = 1); u-column data consumed via d/dr = -u^2 d/du; stencils jet9d8 window=9 degree=8 on strictly increasing r
26.8170710757576,0.03728968003907002,0.25,1.0,1.0,0.0,0.0,0.0,0.0,0.0,0.0,0.0,d/dr at r = r_over_rs = 1/u (r_s = 1); u-column data consumed via d/dr = -u^2 d/du; stencils jet9d8 window=9 degree=8 on strictly increasing r
26.7551132471195,0.03737603316284455,0.25,1.0,1.0,0.0,0.0,0.0,0.0,0.0,0.0,0.0,d/dr at r = r_over_rs = 1/u (r_s = 1); u-column data consumed via d/dr = -u^2 d/du; stencils jet9d8 window=9 degree=8 on strictly increasing r
26.693298565080784,0.03746258625781694,0.25,1.0,1.0,0.0,0.0,0.0,0.0,0.0,0.0,0.0,d/dr at r = r_over_rs = 1/u (r_s = 1); u-column data consumed via d/dr = -u^2 d/du; stencils jet9d8 window=9 degree=8 on strictly increasing r
26.63162669891729,0.03754933978706809,0.25,1.0,1.0,0.0,0.0,0.0,0.0,0.0,0.0,0.0,d/dr at r = r_over_rs = 1/u (r_s = 1); u-column data consumed via d/dr = -u^2 d/du; stencils jet9d8 window=9 degree=8 on strictly increasing r
26.57009731866902,0.03763629421475123,0.25,1.0,1.0,0.0,0.0,0.0,0.0,0.0,0.0,0.0,d/dr at r = r_over_rs = 1/u (r_s = 1); u-column data consumed via d/dr = -u^2 d/du; stencils jet9d8 window=9 degree=8 on strictly increasing r
26.508710095138262,0.03772345000609447,0.25,1.0,1.0,0.0,0.0,0.0,0.0,0.0,0.0,0.0,d/dr at r = r_over_rs = 1/u (r_s = 1); u-column data consumed via d/dr = -u^2 d/du; stencils jet9d8 window=9 degree=8 on strictly increasing r
26.44746469988791,0.03781080762740325,0.25,1.0,1.0,0.0,0.0,0.0,0.0,0.0,0.0,0.0,d/dr at r = r_over_rs = 1/u (r_s = 1); u-column data consumed via d/dr = -u^2 d/du; stencils jet9d8 window=9 degree=8 on strictly increasing r
26.38636080523967,0.03789836754606286,0.25,1.0,1.0,0.0,0.0,0.0,0.0,0.0,0.0,0.0,d/dr at r = r_over_rs = 1/u (r_s = 1); u-column data consumed via d/dr = -u^2 d/du; stencils jet9d8 window=9 degree=8 on strictly increasing r
26.32539808427228,0.03798613023054095,0.25,1.0,1.0,0.0,0.0,0.0,0.0,0.0,0.0,0.0,d/dr at r = r_over_rs = 1/u (r_s = 1); u-column data consumed via d/dr = -u^2 d/du; stencils jet9d8 window=9 degree=8 on strictly increasing r
26.264576210819843,0.03807409615038998,0.25,1.0,1.0,0.0,0.0,0.0,0.0,0.0,0.0,0.0,d/dr at r = r_over_rs = 1/u (r_s = 1); u-column data consumed via d/dr = -u^2 d/du; stencils jet9d8 window=9 degree=8 on strictly increasing r
26.20389485946998,0.03816226577624983,0.25,1.0,1.0,0.0,0.0,0.0,0.0,0.0,0.0,0.0,d/dr at r = r_over_rs = 1/u (r_s = 1); u-column data consumed via d/dr = -u^2 d/du; stencils jet9d8 window=9 degree=8 on strictly increasing r
26.143353705562184,0.03825063957985019,0.25,1.0,1.0,0.0,0.0,0.0,0.0,0.0,0.0,0.0,d/dr at r = r_over_rs = 1/u (r_s = 1); u-column data consumed via d/dr = -u^2 d/du; stencils jet9d8 window=9 degree=8 on strictly increasing r
26.08295242518601,0.0383392180340132,0.25,1.0,1.0,0.0,0.0,0.0,0.0,0.0,0.0,0.0,d/dr at r = r_over_rs = 1/u (r_s = 1); u-column data consumed via d/dr = -u^2 d/du; stencils jet9d8 window=9 degree=8 on strictly increasing r
26.022690695179406,0.0384280016126559,0.25,1.0,1.0,0.0,0.0,0.0,0.0,0.0,0.0,0.0,d/dr at r = r_over_rs = 1/u (r_s = 1); u-column data consumed via d/dr = -u^2 d/du; stencils jet9d8 window=9 degree=8 on strictly increasing r
25.962568193126923,0.03851699079079281,0.25,1.0,1.0,0.0,0.0,0.0,0.0,0.0,0.0,0.0,d/dr at r = r_over_rs = 1/u (r_s = 1); u-column data consumed via d/dr = -u^2 d/du; stencils jet9d8 window=9 degree=8 on strictly increasing r
25.902584597358,0.038606186044538485,0.25,1.0,1.0,0.0,0.0,0.0,0.0,0.0,0.0,0.0,d/dr at r = r_over_rs = 1/u (r_s = 1); u-column data consumed via d/dr = -u^2 d/du; stencils jet9d8 window=9 degree=8 on strictly increasing r
25.84273958694531,0.038695587851109985,0.25,1.0,1.0,0.0,0.0,0.0,0.0,0.0,0.0,0.0,d/dr at r = r_over_rs = 1/u (r_s = 1); u-column data consumed via d/dr = -u^2 d/du; stencils jet9d8 window=9 degree=8 on strictly increasing r
25.78303284170293,0.03878519668882955,0.25,1.0,1.0,0.0,0.0,0.0,0.0,0.0,0.0,0.0,d/dr at r = r_over_rs = 1/u (r_s = 1); u-column data consumed via d/dr = -u^2 d/du; stencils jet9d8 window=9 degree=8 on strictly increasing r
25.723464042184744,0.03887501303712702,0.25,1.0,1.0,0.0,0.0,0.0,0.0,0.0,0.0,0.0,d/dr at r = r_over_rs = 1/u (r_s = 1); u-column data consumed via d/dr = -u^2 d/du; stencils jet9d8 window=9 degree=8 on strictly increasing r
25.66403286968266,0.03896503737654249,0.25,1.0,1.0,0.0,0.0,0.0,0.0,0.0,0.0,0.0,d/dr at r = r_over_rs = 1/u (r_s = 1); u-column data consumed via d/dr = -u^2 d/du; stencils jet9d8 window=9 degree=8 on strictly increasing r
25.60473900622493,0.03905527018872888,0.25,1.0,1.0,0.0,0.0,0.0,0.0,0.0,0.0,0.0,d/dr at r = r_over_rs = 1/u (r_s = 1); u-column data consumed via d/dr = -u^2 d/du; stencils jet9d8 window=9 degree=8 on strictly increasing r
25.545582134574445,0.03914571195645445,0.25,1.0,1.0,0.0,0.0,0.0,0.0,0.0,0.0,0.0,d/dr at r = r_over_rs = 1/u (r_s = 1); u-column data consumed via d/dr = -u^2 d/du; stencils jet9d8 window=9 degree=8 on strictly increasing r
25.486561938227,0.03923636316360551,0.25,1.0,1.0,0.0,0.0,0.0,0.0,0.0,0.0,0.0,d/dr at r = r_over_rs = 1/u (r_s = 1); u-column data consumed via d/dr = -u^2 d/du; stencils jet9d8 window=9 degree=8 on strictly increasing r
25.42767810140971,0.03932722429518879,0.25,1.0,1.0,0.0,0.0,0.0,0.0,0.0,0.0,0.0,d/dr at r = r_over_rs = 1/u (r_s = 1); u-column data consumed via d/dr = -u^2 d/du; stencils jet9d8 window=9 degree=8 on strictly increasing r
25.36893030907917,0.039418295837334326,0.25,1.0,1.0,0.0,0.0,0.0,0.0,0.0,0.0,0.0,d/dr at r = r_over_rs = 1/u (r_s = 1); u-column data consumed via d/dr = -u^2 d/du; stencils jet9d8 window=9 degree=8 on strictly increasing r
25.310318246919906,0.039509578277297765,0.25,1.0,1.0,0.0,0.0,0.0,0.0,0.0,0.0,0.0,d/dr at r = r_over_rs = 1/u (r_s = 1); u-column data consumed via d/dr = -u^2 d/du; stencils jet9d8 window=9 degree=8 on strictly increasing r
25.251841601342605,0.0396010721034632,0.25,1.0,1.0,0.0,0.0,0.0,0.0,0.0,0.0,0.0,d/dr at r = r_over_rs = 1/u (r_s = 1); u-column data consumed via d/dr = -u^2 d/du; stencils jet9d8 window=9 degree=8 on strictly increasing r
25.19350005948247,0.03969277780534564,0.25,1.0,1.0,0.0,0.0,0.0,0.0,0.0,0.0,0.0,d/dr at r = r_over_rs = 1/u (r_s = 1); u-column data consumed via d/dr = -u^2 d/du; stencils jet9d8 window=9 degree=8 on strictly increasing r
25.13529330919756,0.03978469587359372,0.25,1.0,1.0,0.0,0.0,0.0,0.0,0.0,0.0,0.0,d/dr at r = r_over_rs = 1/u (r_s = 1); u-column data consumed via d/dr = -u^2 d/du; stencils jet9d8 window=9 degree=8 on strictly increasing r
25.077221039067098,0.039876826799992236,0.25,1.0,1.0,0.0,0.0,0.0,0.0,0.0,0.0,0.0,d/dr at r = r_over_rs = 1/u (r_s = 1); u-column data consumed via d/dr = -u^2 d/du; stencils jet9d8 window=9 degree=8 on strictly increasing r
25.019282938389782,0.0399691710774649,0.25,1.0,1.0,0.0,0.0,0.0,0.0,0.0,0.0,0.0,d/dr at r = r_over_rs = 1/u (r_s = 1); u-column data consumed via d/dr = -u^2 d/du; stencils jet9d8 window=9 degree=8 on strictly increasing r
24.96147869718217,0.04006172920007688,0.25,1.0,1.0,0.0,0.0,0.0,0.0,0.0,0.0,0.0,d/dr at r = r_over_rs = 1/u (r_s = 1); u-column data consumed via d/dr = -u^2 d/du; stencils jet9d8 window=9 degree=8 on strictly increasing r
24.903808006177005,0.040154501663037453,0.25,1.0,1.0,0.0,0.0,0.0,0.0,0.0,0.0,0.0,d/dr at r = r_over_rs = 1/u (r_s = 1); u-column data consumed via d/dr = -u^2 d/du; stencils jet9d8 window=9 degree=8 on strictly increasing r
24.84627055682156,0.04024748896270267,0.25,1.0,1.0,0.0,0.0,0.0,0.0,0.0,0.0,0.0,d/dr at r = r_over_rs = 1/u (r_s = 1); u-column data consumed via d/dr = -u^2 d/du; stencils jet9d8 window=9 degree=8 on strictly increasing r
24.78886604127597,0.04034069159657803,0.25,1.0,1.0,0.0,0.0,0.0,0.0,0.0,0.0,0.0,d/dr at r = r_over_rs = 1/u (r_s = 1); u-column data consumed via d/dr = -u^2 d/du; stencils jet9d8 window=9 degree=8 on strictly increasing r
24.73159415241162,0.0404341100633211,0.25,1.0,1.0,0.0,0.0,0.0,0.0,0.0,0.0,0.0,d/dr at r = r_over_rs = 1/u (r_s = 1); u-column data consumed via d/dr = -u^2 d/du; stencils jet9d8 window=9 degree=8 on strictly increasing r
24.67445458380948,0.04052774486274421,0.25,1.0,1.0,0.0,0.0,0.0,0.0,0.0,0.0,0.0,d/dr at r = r_over_rs = 1/u (r_s = 1); u-column data consumed via d/dr = -u^2 d/du; stencils jet9d8 window=9 degree=8 on strictly increasing r
24.617447029758434,0.04062159649581717,0.25,1.0,1.0,0.0,0.0,0.0,0.0,0.0,0.0,0.0,d/dr at r = r_over_rs = 1/u (r_s = 1); u-column data consumed via d/dr = -u^2 d/du; stencils jet9d8 window=9 degree=8 on strictly increasing r
24.5605711852537,0.04071566546466987,0.25,1.0,1.0,0.0,0.0,0.0,0.0,0.0,0.0,0.0,d/dr at r = r_over_rs = 1/u (r_s = 1); u-column data consumed via d/dr = -u^2 d/du; stencils jet9d8 window=9 degree=8 on strictly increasing r
24.503826745995177,0.040809952272595,0.25,1.0,1.0,0.0,0.0,0.0,0.0,0.0,0.0,0.0,d/dr at r = r_over_rs = 1/u (r_s = 1); u-column data consumed via d/dr = -u^2 d/du; stencils jet9d8 window=9 degree=8 on strictly increasing r
24.447213408385817,0.04090445742405074,0.25,1.0,1.0,0.0,0.0,0.0,0.0,0.0,0.0,0.0,d/dr at r = r_over_rs = 1/u (r_s = 1); u-column data consumed via d/dr = -u^2 d/du; stencils jet9d8 window=9 degree=8 on strictly increasing r
24.39073086953,0.04099918142466346,0.25,1.0,1.0,0.0,0.0,0.0,0.0,0.0,0.0,0.0,d/dr at r = r_over_rs = 1/u (r_s = 1); u-column data consumed via d/dr = -u^2 d/du; stencils jet9d8 window=9 degree=8 on strictly increasing r
24.33437882723189,0.041094124781230465,0.25,1.0,1.0,0.0,0.0,0.0,0.0,0.0,0.0,0.0,d/dr at r = r_over_rs = 1/u (r_s = 1); u-column data consumed via d/dr = -u^2 d/du; stencils jet9d8 window=9 degree=8 on strictly increasing r
24.27815697999389,0.04118928800172259,0.25,1.0,1.0,0.0,0.0,0.0,0.0,0.0,0.0,0.0,d/dr at r = r_over_rs = 1/u (r_s = 1); u-column data consumed via d/dr = -u^2 d/du; stencils jet9d8 window=9 degree=8 on strictly increasing r
24.222065027014917,0.041284671595287106,0.25,1.0,1.0,0.0,0.0,0.0,0.0,0.0,0.0,0.0,d/dr at r = r_over_rs = 1/u (r_s = 1); u-column data consumed via d/dr = -u^2 d/du; stencils jet9d8 window=9 degree=8 on strictly increasing r
24.1661026681889,0.04138027607225025,0.25,1.0,1.0,0.0,0.0,0.0,0.0,0.0,0.0,0.0,d/dr at r = r_over_rs = 1/u (r_s = 1); u-column data consumed via d/dr = -u^2 d/du; stencils jet9d8 window=9 degree=8 on strictly increasing r
24.11026960410309,0.0414761019441201,0.25,1.0,1.0,0.0,0.0,0.0,0.0,0.0,0.0,0.0,d/dr at r = r_over_rs = 1/u (r_s = 1); u-column data consumed via d/dr = -u^2 d/du; stencils jet9d8 window=9 degree=8 on strictly increasing r
24.05456553603655,0.0415721497235892,0.25,1.0,1.0,0.0,0.0,0.0,0.0,0.0,0.0,0.0,d/dr at r = r_over_rs = 1/u (r_s = 1); u-column data consumed via d/dr = -u^2 d/du; stencils jet9d8 window=9 degree=8 on strictly increasing r
23.99899016595846,0.041668419924537375,0.25,1.0,1.0,0.0,0.0,0.0,0.0,0.0,0.0,0.0,d/dr at r = r_over_rs = 1/u (r_s = 1); u-column data consumed via d/dr = -u^2 d/du; stencils jet9d8 window=9 degree=8 on strictly increasing r
23.943543196526583,0.04176491306203448,0.25,1.0,1.0,0.0,0.0,0.0,0.0,0.0,0.0,0.0,d/dr at r = r_over_rs = 1/u (r_s = 1); u-column data consumed via d/dr = -u^2 d/du; stencils jet9d8 window=9 degree=8 on strictly increasing r
23.88822433108568,0.04186162965234309,0.25,1.0,1.0,0.0,0.0,0.0,0.0,0.0,0.0,0.0,d/dr at r = r_over_rs = 1/u (r_s = 1); u-column data consumed via d/dr = -u^2 d/du; stencils jet9d8 window=9 degree=8 on strictly increasing r
23.83303327366585,0.041958570212921376,0.25,1.0,1.0,0.0,0.0,0.0,0.0,0.0,0.0,0.0,d/dr at r = r_over_rs = 1/u (r_s = 1); u-column data consumed via d/dr = -u^2 d/du; stencils jet9d8 window=9 degree=8 on strictly increasing r
23.777969728981045,0.042055735262425745,0.25,1.0,1.0,0.0,0.0,0.0,0.0,0.0,0.0,0.0,d/dr at r = r_over_rs = 1/u (r_s = 1); u-column data consumed via d/dr = -u^2 d/du; stencils jet9d8 window=9 degree=8 on strictly increasing r
23.7230334024274,0.042153125320713726,0.25,1.0,1.0,0.0,0.0,0.0,0.0,0.0,0.0,0.0,d/dr at r = r_over_rs = 1/u (r_s = 1); u-column data consumed via d/dr = -u^2 d/du; stencils jet9d8 window=9 degree=8 on strictly increasing r
23.668224000081736,0.04225074090884667,0.25,1.0,1.0,0.0,0.0,0.0,0.0,0.0,0.0,0.0,d/dr at r = r_over_rs = 1/u (r_s = 1); u-column data consumed via d/dr = -u^2 d/du; stencils jet9d8 window=9 degree=8 on strictly increasing r
23.613541228699933,0.04234858254909257,0.25,1.0,1.0,0.0,0.0,0.0,0.0,0.0,0.0,0.0,d/dr at r = r_over_rs = 1/u (r_s = 1); u-column data consumed via d/dr = -u^2 d/du; stencils jet9d8 window=9 degree=8 on strictly increasing r
23.558984795715386,0.042446650764928866,0.25,1.0,1.0,0.0,0.0,0.0,0.0,0.0,0.0,0.0,d/dr at r = r_over_rs = 1/u (r_s = 1); u-column data consumed via d/dr = -u^2 d/du; stencils jet9d8 window=9 degree=8 on strictly increasing r
23.504554409237432,0.04254494608104521,0.25,1.0,1.0,0.0,0.0,0.0,0.0,0.0,0.0,0.0,d/dr at r = r_over_rs = 1/u (r_s = 1); u-column data consumed via d/dr = -u^2 d/du; stencils jet9d8 window=9 degree=8 on strictly increasing r
23.450249778049766,0.042643469023346356,0.25,1.0,1.0,0.0,0.0,0.0,0.0,0.0,0.0,0.0,d/dr at r = r_over_rs = 1/u (r_s = 1); u-column data consumed via d/dr = -u^2 d/du; stencils jet9d8 window=9 degree=8 on strictly increasing r
23.39607061160895,0.042742220118954836,0.25,1.0,1.0,0.0,0.0,0.0,0.0,0.0,0.0,0.0,d/dr at r = r_over_rs = 1/u (r_s = 1); u-column data consumed via d/dr = -u^2 d/du; stencils jet9d8 window=9 degree=8 on strictly increasing r
23.34201662004276,0.04284119989621394,0.25,1.0,1.0,0.0,0.0,0.0,0.0,0.0,0.0,0.0,d/dr at r = r_over_rs = 1/u (r_s = 1); u-column data consumed via d/dr = -u^2 d/du; stencils jet9d8 window=9 degree=8 on strictly increasing r
23.288087514148728,0.04294040888469042,0.25,1.0,1.0,0.0,0.0,0.0,0.0,0.0,0.0,0.0,d/dr at r = r_over_rs = 1/u (r_s = 1); u-column data consumed via d/dr = -u^2 d/du; stencils jet9d8 window=9 degree=8 on strictly increasing r
23.234283005392548,0.043039847615177346,0.25,1.0,1.0,0.0,0.0,0.0,0.0,0.0,0.0,0.0,d/dr at r = r_over_rs = 1/u (r_s = 1); u-column data consumed via d/dr = -u^2 d/du; stencils jet9d8 window=9 degree=8 on strictly increasing r
23.18060280590654,0.043139516619697,0.25,1.0,1.0,0.0,0.0,0.0,0.0,0.0,0.0,0.0,d/dr at r = r_over_rs = 1/u (r_s = 1); u-column data consumed via d/dr = -u^2 d/du; stencils jet9d8 window=9 degree=8 on strictly increasing r
23.12704662848811,0.043239416431503655,0.25,1.0,1.0,0.0,0.0,0.0,0.0,0.0,0.0,0.0,d/dr at r = r_over_rs = 1/u (r_s = 1); u-column data consumed via d/dr = -u^2 d/du; stencils jet9d8 window=9 degree=8 on strictly increasing r
23.0736141865982,0.04333954758508652,0.25,1.0,1.0,0.0,0.0,0.0,0.0,0.0,0.0,0.0,d/dr at r = r_over_rs = 1/u (r_s = 1); u-column data consumed via d/dr = -u^2 d/du; stencils jet9d8 window=9 degree=8 on strictly increasing r
23.02030519435978,0.043439910616172486,0.25,1.0,1.0,0.0,0.0,0.0,0.0,0.0,0.0,0.0,d/dr at r = r_over_rs = 1/u (r_s = 1); u-column data consumed via d/dr = -u^2 d/du; stencils jet9d8 window=9 degree=8 on strictly increasing r
22.9671193665563,0.04354050606172908,0.25,1.0,1.0,0.0,0.0,0.0,0.0,0.0,0.0,0.0,d/dr at r = r_over_rs = 1/u (r_s = 1); u-column data consumed via d/dr = -u^2 d/du; stencils jet9d8 window=9 degree=8 on strictly increasing r
22.914056418630185,0.04364133445996728,0.25,1.0,1.0,0.0,0.0,0.0,0.0,0.0,0.0,0.0,d/dr at r = r_over_rs = 1/u (r_s = 1); u-column data consumed via d/dr = -u^2 d/du; stencils jet9d8 window=9 degree=8 on strictly increasing r
22.861116066681287,0.04374239635034443,0.25,1.0,1.0,0.0,0.0,0.0,0.0,0.0,0.0,0.0,d/dr at r = r_over_rs = 1/u (r_s = 1); u-column data consumed via d/dr = -u^2 d/du; stencils jet9d8 window=9 degree=8 on strictly increasing r
22.80829802746538,0.04384369227356712,0.25,1.0,1.0,0.0,0.0,0.0,0.0,0.0,0.0,0.0,d/dr at r = r_over_rs = 1/u (r_s = 1); u-column data consumed via d/dr = -u^2 d/du; stencils jet9d8 window=9 degree=8 on strictly increasing r
22.75560201839265,0.04394522277159404,0.25,1.0,1.0,0.0,0.0,0.0,0.0,0.0,0.0,0.0,d/dr at r = r_over_rs = 1/u (r_s = 1); u-column data consumed via d/dr = -u^2 d/du; stencils jet9d8 window=9 degree=8 on strictly increasing r
22.70302775752616,0.04404698838763897,0.25,1.0,1.0,0.0,0.0,0.0,0.0,0.0,0.0,0.0,d/dr at r = r_over_rs = 1/u (r_s = 1); u-column data consumed via d/dr = -u^2 d/du; stencils jet9d8 window=9 degree=8 on strictly increasing r
22.65057496358036,0.04414898966617361,0.25,1.0,1.0,0.0,0.0,0.0,0.0,0.0,0.0,0.0,d/dr at r = r_over_rs = 1/u (r_s = 1); u-column data consumed via d/dr = -u^2 d/du; stencils jet9d8 window=9 degree=8 on strictly increasing r
22.59824335591957,0.044251227152930526,0.25,1.0,1.0,0.0,0.0,0.0,0.0,0.0,0.0,0.0,d/dr at r = r_over_rs = 1/u (r_s = 1); u-column data consumed via d/dr = -u^2 d/du; stencils jet9d8 window=9 degree=8 on strictly increasing r
22.546032654556523,0.044353701394906006,0.25,1.0,1.0,0.0,0.0,0.0,0.0,0.0,0.0,0.0,d/dr at r = r_over_rs = 1/u (r_s = 1); u-column data consumed via d/dr = -u^2 d/du; stencils jet9d8 window=9 degree=8 on strictly increasing r
22.49394258015079,0.044456412940363094,0.25,1.0,1.0,0.0,0.0,0.0,0.0,0.0,0.0,0.0,d/dr at r = r_over_rs = 1/u (r_s = 1); u-column data consumed via d/dr = -u^2 d/du; stencils jet9d8 window=9 degree=8 on strictly increasing r
22.441972854007357,0.04455936233883443,0.25,1.0,1.0,0.0,0.0,0.0,0.0,0.0,0.0,0.0,d/dr at r = r_over_rs = 1/u (r_s = 1); u-column data consumed via d/dr = -u^2 d/du; stencils jet9d8 window=9 degree=8 on strictly increasing r
22.39012319807508,0.04466255014112525,0.25,1.0,1.0,0.0,0.0,0.0,0.0,0.0,0.0,0.0,d/dr at r = r_over_rs = 1/u (r_s = 1); u-column data consumed via d/dr = -u^2 d/du; stencils jet9d8 window=9 degree=8 on strictly increasing r
22.338393334945245,0.0447659768993163,0.25,1.0,1.0,0.0,0.0,0.0,0.0,0.0,0.0,0.0,d/dr at r = r_over_rs = 1/u (r_s = 1); u-column data consumed via d/dr = -u^2 d/du; stencils jet9d8 window=9 degree=8 on strictly increasing r
22.286782987850035,0.0448696431667668,0.25,1.0,1.0,0.0,0.0,0.0,0.0,0.0,0.0,0.0,d/dr at r = r_over_rs = 1/u (r_s = 1); u-column data consumed via d/dr = -u^2 d/du; stencils jet9d8 window=9 degree=8 on strictly increasing r
22.23529188066108,0.044973549498117445,0.25,1.0,1.0,0.0,0.0,0.0,0.0,0.0,0.0,0.0,d/dr at r = r_over_rs = 1/u (r_s = 1); u-column data consumed via d/dr = -u^2 d/du; stencils jet9d8 window=9 degree=8 on strictly increasing r
22.183919737887983,0.04507769644929327,0.25,1.0,1.0,0.0,0.0,0.0,0.0,0.0,0.0,0.0,d/dr at r = r_over_rs = 1/u (r_s = 1); u-column data consumed via d/dr = -u^2 d/du; stencils jet9d8 window=9 degree=8 on strictly increasing r
22.132666284676837,0.045182084577506706,0.25,1.0,1.0,0.0,0.0,0.0,0.0,0.0,0.0,0.0,d/dr at r = r_over_rs = 1/u (r_s = 1); u-column data consumed via d/dr = -u^2 d/du; stencils jet9d8 window=9 degree=8 on strictly increasing r
22.08153124680874,0.045286714441260575,0.25,1.0,1.0,0.0,0.0,0.0,0.0,0.0,0.0,0.0,d/dr at r = r_over_rs = 1/u (r_s = 1); u-column data consumed via d/dr = -u^2 d/du; stencils jet9d8 window=9 degree=8 on strictly increasing r
22.03051435069836,0.045391586600350996,0.25,1.0,1.0,0.0,0.0,0.0,0.0,0.0,0.0,0.0,d/dr at r = r_over_rs = 1/u (r_s = 1); u-column data consumed via d/dr = -u^2 d/du; stencils jet9d8 window=9 degree=8 on strictly increasing r
21.97961532339245,0.04549670161587044,0.25,1.0,1.0,0.0,0.0,0.0,0.0,0.0,0.0,0.0,d/dr at r = r_over_rs = 1/u (r_s = 1); u-column data consumed via d/dr = -u^2 d/du; stencils jet9d8 window=9 degree=8 on strictly increasing r
21.92883389256837,0.045602060050210766,0.25,1.0,1.0,0.0,0.0,0.0,0.0,0.0,0.0,0.0,d/dr at r = r_over_rs = 1/u (r_s = 1); u-column data consumed via d/dr = -u^2 d/du; stencils jet9d8 window=9 degree=8 on strictly increasing r
21.87816978653268,0.04570766246706613,0.25,1.0,1.0,0.0,0.0,0.0,0.0,0.0,0.0,0.0,d/dr at r = r_over_rs = 1/u (r_s = 1); u-column data consumed via d/dr = -u^2 d/du; stencils jet9d8 window=9 degree=8 on strictly increasing r
21.827622734219627,0.045813509431436104,0.25,1.0,1.0,0.0,0.0,0.0,0.0,0.0,0.0,0.0,d/dr at r = r_over_rs = 1/u (r_s = 1); u-column data consumed via d/dr = -u^2 d/du; stencils jet9d8 window=9 degree=8 on strictly increasing r
21.777192465189746,0.045919601509628614,0.25,1.0,1.0,0.0,0.0,0.0,0.0,0.0,0.0,0.0,d/dr at r = r_over_rs = 1/u (r_s = 1); u-column data consumed via d/dr = -u^2 d/du; stencils jet9d8 window=9 degree=8 on strictly increasing r
21.72687870962839,0.046025939269263016,0.25,1.0,1.0,0.0,0.0,0.0,0.0,0.0,0.0,0.0,d/dr at r = r_over_rs = 1/u (r_s = 1); u-column data consumed via d/dr = -u^2 d/du; stencils jet9d8 window=9 degree=8 on strictly increasing r
21.676681198344287,0.04613252327927313,0.25,1.0,1.0,0.0,0.0,0.0,0.0,0.0,0.0,0.0,d/dr at r = r_over_rs = 1/u (r_s = 1); u-column data consumed via d/dr = -u^2 d/du; stencils jet9d8 window=9 degree=8 on strictly increasing r
21.626599662768115,0.04623935410991023,0.25,1.0,1.0,0.0,0.0,0.0,0.0,0.0,0.0,0.0,d/dr at r = r_over_rs = 1/u (r_s = 1); u-column data consumed via d/dr = -u^2 d/du; stencils jet9d8 window=9 degree=8 on strictly increasing r
21.576633834951,0.04634643233274626,0.25,1.0,1.0,0.0,0.0,0.0,0.0,0.0,0.0,0.0,d/dr at r = r_over_rs = 1/u (r_s = 1); u-column data consumed via d/dr = -u^2 d/du; stencils jet9d8 window=9 degree=8 on strictly increasing r
21.526783447563204,0.04645375852067664,0.25,1.0,1.0,0.0,0.0,0.0,0.0,0.0,0.0,0.0,d/dr at r = r_over_rs = 1/u (r_s = 1); u-column data consumed via d/dr = -u^2 d/du; stencils jet9d8 window=9 degree=8 on strictly increasing r
21.47704823389256,0.046561333247923574,0.25,1.0,1.0,0.0,0.0,0.0,0.0,0.0,0.0,0.0,d/dr at r = r_over_rs = 1/u (r_s = 1); u-column data consumed via d/dr = -u^2 d/du; stencils jet9d8 window=9 degree=8 on strictly increasing r
21.42742792784316,0.046669157090038944,0.25,1.0,1.0,0.0,0.0,0.0,0.0,0.0,0.0,0.0,d/dr at r = r_over_rs = 1/u (r_s = 1); u-column data consumed via d/dr = -u^2 d/du; stencils jet9d8 window=9 degree=8 on strictly increasing r
21.37792226393385,0.04677723062390748,0.25,1.0,1.0,0.0,0.0,0.0,0.0,0.0,0.0,0.0,d/dr at r = r_over_rs = 1/u (r_s = 1); u-column data consumed via d/dr = -u^2 d/du; stencils jet9d8 window=9 degree=8 on strictly increasing r
21.32853097729685,0.04688555442774984,0.25,1.0,1.0,0.0,0.0,0.0,0.0,0.0,0.0,0.0,d/dr at r = r_over_rs = 1/u (r_s = 1); u-column data consumed via d/dr = -u^2 d/du; stencils jet9d8 window=9 degree=8 on strictly increasing r
21.27925380367635,0.04699412908112563,0.25,1.0,1.0,0.0,0.0,0.0,0.0,0.0,0.0,0.0,d/dr at r = r_over_rs = 1/u (r_s = 1); u-column data consumed via d/dr = -u^2 d/du; stencils jet9d8 window=9 degree=8 on strictly increasing r
21.230090479427023,0.04710295516493667,0.25,1.0,1.0,0.0,0.0,0.0,0.0,0.0,0.0,0.0,d/dr at r = r_over_rs = 1/u (r_s = 1); u-column data consumed via d/dr = -u^2 d/du; stencils jet9d8 window=9 degree=8 on strictly increasing r
21.18104074151271,0.047212033261429906,0.25,1.0,1.0,0.0,0.0,0.0,0.0,0.0,0.0,0.0,d/dr at r = r_over_rs = 1/u (r_s = 1); u-column data consumed via d/dr = -u^2 d/du; stencils jet9d8 window=9 degree=8 on strictly increasing r
21.132104327504937,0.04732136395420067,0.25,1.0,1.0,0.0,0.0,0.0,0.0,0.0,0.0,0.0,d/dr at r = r_over_rs = 1/u (r_s = 1); u-column data consumed via d/dr = -u^2 d/du; stencils jet9d8 window=9 degree=8 on strictly increasing r
21.083280975581555,0.047430947828195714,0.25,1.0,1.0,0.0,0.0,0.0,0.0,0.0,0.0,0.0,d/dr at r = r_over_rs = 1/u (r_s = 1); u-column data consumed via d/dr = -u^2 d/du; stencils jet9d8 window=9 degree=8 on strictly increasing r
21.034570424525334,0.047540785469716386,0.25,1.0,1.0,0.0,0.0,0.0,0.0,0.0,0.0,0.0,d/dr at r = r_over_rs = 1/u (r_s = 1); u-column data consumed via d/dr = -u^2 d/du; stencils jet9d8 window=9 degree=8 on strictly increasing r
20.98597241372255,0.047650877466421736,0.25,1.0,1.0,0.0,0.0,0.0,0.0,0.0,0.0,0.0,d/dr at r = r_over_rs = 1/u (r_s = 1); u-column data consumed via d/dr = -u^2 d/du; stencils jet9d8 window=9 degree=8 on strictly increasing r
20.9374866831616,0.04776122440733169,0.25,1.0,1.0,0.0,0.0,0.0,0.0,0.0,0.0,0.0,d/dr at r = r_over_rs = 1/u (r_s = 1); u-column data consumed via d/dr = -u^2 d/du; stencils jet9d8 window=9 degree=8 on strictly increasing r
20.889112973431587,0.04787182688283023,0.25,1.0,1.0,0.0,0.0,0.0,0.0,0.0,0.0,0.0,d/dr at r = r_over_rs = 1/u (r_s = 1); u-column data consumed via d/dr = -u^2 d/du; stencils jet9d8 window=9 degree=8 on strictly increasing r
20.840851025720998,0.04798268548466843,0.25,1.0,1.0,0.0,0.0,0.0,0.0,0.0,0.0,0.0,d/dr at r = r_over_rs = 1/u (r_s = 1); u-column data consumed via d/dr = -u^2 d/du; stencils jet9d8 window=9 degree=8 on strictly increasing r
20.792700581816213,0.04809380080596781,0.25,1.0,1.0,0.0,0.0,0.0,0.0,0.0,0.0,0.0,d/dr at r = r_over_rs = 1/u (r_s = 1); u-column data consumed via d/dr = -u^2 d/du; stencils jet9d8 window=9 degree=8 on strictly increasing r
20.744661384100247,0.048205173441223305,0.25,1.0,1.0,0.0,0.0,0.0,0.0,0.0,0.0,0.0,d/dr at r = r_over_rs = 1/u (r_s = 1); u-column data consumed via d/dr = -u^2 d/du; stencils jet9d8 window=9 degree=8 on strictly increasing r
20.69673317555128,0.04831680398630659,0.25,1.0,1.0,0.0,0.0,0.0,0.0,0.0,0.0,0.0,d/dr at r = r_over_rs = 1/u (r_s = 1); u-column data consumed via d/dr = -u^2 d/du; stencils jet9d8 window=9 degree=8 on strictly increasing r
20.64891569974131,0.04842869303846924,0.25,1.0,1.0,0.0,0.0,0.0,0.0,0.0,0.0,0.0,d/dr at r = r_over_rs = 1/u (r_s = 1); u-column data consumed via d/dr = -u^2 d/du; stencils jet9d8 window=9 degree=8 on strictly increasing r
20.601208700834803,0.04854084119634582,0.25,1.0,1.0,0.0,0.0,0.0,0.0,0.0,0.0,0.0,d/dr at r = r_over_rs = 1/u (r_s = 1); u-column data consumed via d/dr = -u^2 d/du; stencils jet9d8 window=9 degree=8 on strictly increasing r
20.553611923587276,0.04865324905995731,0.25,1.0,1.0,0.0,0.0,0.0,0.0,0.0,0.0,0.0,d/dr at r = r_over_rs = 1/u (r_s = 1); u-column data consumed via d/dr = -u^2 d/du; stencils jet9d8 window=9 degree=8 on strictly increasing r
20.506125113343984,0.04876591723071407,0.25,1.0,1.0,0.0,0.0,0.0,0.0,0.0,0.0,0.0,d/dr at r = r_over_rs = 1/u (r_s = 1); u-column data consumed via d/dr = -u^2 d/du; stencils jet9d8 window=9 degree=8 on strictly increasing r
20.45874801603851,0.04887884631141926,0.25,1.0,1.0,0.0,0.0,0.0,0.0,0.0,0.0,0.0,d/dr at r = r_over_rs = 1/u (r_s = 1); u-column data consumed via d/dr = -u^2 d/du; stencils jet9d8 window=9 degree=8 on strictly increasing r
20.41148037819145,0.048992036906271894,0.25,1.0,1.0,0.0,0.0,0.0,0.0,0.0,0.0,0.0,d/dr at r = r_over_rs = 1/u (r_s = 1); u-column data consumed via d/dr = -u^2 d/du; stencils jet9d8 window=9 degree=8 on strictly increasing r
20.364321946909023,0.04910548962087019,0.25,1.0,1.0,0.0,0.0,0.0,0.0,0.0,0.0,0.0,d/dr at r = r_over_rs = 1/u (r_s = 1); u-column data consumed via d/dr = -u^2 d/du; stencils jet9d8 window=9 degree=8 on strictly increasing r
20.31727246988175,0.04921920506221474,0.25,1.0,1.0,0.0,0.0,0.0,0.0,0.0,0.0,0.0,d/dr at r = r_over_rs = 1/u (r_s = 1); u-column data consumed via d/dr = -u^2 d/du; stencils jet9d8 window=9 degree=8 on strictly increasing r
20.27033169538306,0.049333183838711846,0.25,1.0,1.0,0.0,0.0,0.0,0.0,0.0,0.0,0.0,d/dr at r = r_over_rs = 1/u (r_s = 1); u-column data consumed via d/dr = -u^2 d/du; stencils jet9d8 window=9 degree=8 on strictly increasing r
20.22349937226799,0.049447426560176644,0.25,1.0,1.0,0.0,0.0,0.0,0.0,0.0,0.0,0.0,d/dr at r = r_over_rs = 1/u (r_s = 1); u-column data consumed via d/dr = -u^2 d/du; stencils jet9d8 window=9 degree=8 on strictly increasing r
20.1767752499718,0.04956193383783653,0.25,1.0,1.0,0.0,0.0,0.0,0.0,0.0,0.0,0.0,d/dr at r = r_over_rs = 1/u (r_s = 1); u-column data consumed via d/dr = -u^2 d/du; stencils jet9d8 window=9 degree=8 on strictly increasing r
20.130159078508644,0.04967670628433432,0.25,1.0,1.0,0.0,0.0,0.0,0.0,0.0,0.0,0.0,d/dr at r = r_over_rs = 1/u (r_s = 1); u-column data consumed via d/dr = -u^2 d/du; stencils jet9d8 window=9 degree=8 on strictly increasing r
20.083650608470265,0.04979174451373152,0.25,1.0,1.0,0.0,0.0,0.0,0.0,0.0,0.0,0.0,d/dr at r = r_over_rs = 1/u (r_s = 1); u-column data consumed via d/dr = -u^2 d/du; stencils jet9d8 window=9 degree=8 on strictly increasing r
20.03724959102463,0.04990704914151163,0.25,1.0,1.0,0.0,0.0,0.0,0.0,0.0,0.0,0.0,d/dr at r = r_over_rs = 1/u (r_s = 1); u-column data consumed via d/dr = -u^2 d/du; stencils jet9d8 window=9 degree=8 on strictly increasing r
19.9909557779146,0.05002262078458348,0.25,1.0,1.0,0.0,0.0,0.0,0.0,0.0,0.0,0.0,d/dr at r = r_over_rs = 1/u (r_s = 1); u-column data consumed via d/dr = -u^2 d/du; stencils jet9d8 window=9 degree=8 on strictly increasing r
19.944768921456603,0.05013846006128449,0.25,1.0,1.0,0.0,0.0,0.0,0.0,0.0,0.0,0.0,d/dr at r = r_over_rs = 1/u (r_s = 1); u-column data consumed via d/dr = -u^2 d/du; stencils jet9d8 window=9 degree=8 on strictly increasing r
19.89868877453933,0.050254567591383956,0.25,1.0,1.0,0.0,0.0,0.0,0.0,0.0,0.0,0.0,d/dr at r = r_over_rs = 1/u (r_s = 1); u-column data consumed via d/dr = -u^2 d/du; stencils jet9d8 window=9 degree=8 on strictly increasing r
19.852715090622365,0.05037094399608648,0.25,1.0,1.0,0.0,0.0,0.0,0.0,0.0,0.0,0.0,d/dr at r = r_over_rs = 1/u (r_s = 1); u-column data consumed via d/dr = -u^2 d/du; stencils jet9d8 window=9 degree=8 on strictly increasing r
19.80684762373492,0.05048758989803511,0.25,1.0,1.0,0.0,0.0,0.0,0.0,0.0,0.0,0.0,d/dr at r = r_over_rs = 1/u (r_s = 1); u-column data consumed via d/dr = -u^2 d/du; stencils jet9d8 window=9 degree=8 on strictly increasing r
19.76108612847448,0.050604505921314866,0.25,1.0,1.0,0.0,0.0,0.0,0.0,0.0,0.0,0.0,d/dr at r = r_over_rs = 1/u (r_s = 1); u-column data consumed via d/dr = -u^2 d/du; stencils jet9d8 window=9 degree=8 on strictly increasing r
19.715430360005502,0.05072169269145596,0.25,1.0,1.0,0.0,0.0,0.0,0.0,0.0,0.0,0.0,d/dr at r = r_over_rs = 1/u (r_s = 1); u-column data consumed via d/dr = -u^2 d/du; stencils jet9d8 window=9 degree=8 on strictly increasing r
19.66988007405814,0.05083915083543708,0.25,1.0,1.0,0.0,0.0,0.0,0.0,0.0,0.0,0.0,d/dr at r = r_over_rs = 1/u (r_s = 1); u-column data consumed via d/dr = -u^2 d/du; stencils jet9d8 window=9 degree=8 on strictly increasing r
19.624435026926868,0.05095688098168894,0.25,1.0,1.0,0.0,0.0,0.0,0.0,0.0,0.0,0.0,d/dr at r = r_over_rs = 1/u (r_s = 1); u-column data consumed via d/dr = -u^2 d/du; stencils jet9d8 window=9 degree=8 on strictly increasing r
19.579094975469246,0.05107488376009746,0.25,1.0,1.0,0.0,0.0,0.0,0.0,0.0,0.0,0.0,d/dr at r = r_over_rs = 1/u (r_s = 1); u-column data consumed via d/dr = -u^2 d/du; stencils jet9d8 window=9 degree=8 on strictly increasing r
19.53385967710455,0.051193159802007296,0.25,1.0,1.0,0.0,0.0,0.0,0.0,0.0,0.0,0.0,d/dr at r = r_over_rs = 1/u (r_s = 1); u-column data consumed via d/dr = -u^2 d/du; stencils jet9d8 window=9 degree=8 on strictly increasing r
19.48872888981255,0.05131170974022505,0.25,1.0,1.0,0.0,0.0,0.0,0.0,0.0,0.0,0.0,d/dr at r = r_over_rs = 1/u (r_s = 1); u-column data consumed via d/dr = -u^2 d/du; stencils jet9d8 window=9 degree=8 on strictly increasing r
19.44370237213214,0.05143053420902281,0.25,1.0,1.0,0.0,0.0,0.0,0.0,0.0,0.0,0.0,d/dr at r = r_over_rs = 1/u (r_s = 1); u-column data consumed via d/dr = -u^2 d/du; stencils jet9d8 window=9 degree=8 on strictly increasing r
19.398779883160117,0.05154963384414139,0.25,1.0,1.0,0.0,0.0,0.0,0.0,0.0,0.0,0.0,d/dr at r = r_over_rs = 1/u (r_s = 1); u-column data consumed via d/dr = -u^2 d/du; stencils jet9d8 window=9 degree=8 on strictly increasing r
19.35396118254983,0.0516690092827939,0.25,1.0,1.0,0.0,0.0,0.0,0.0,0.0,0.0,0.0,d/dr at r = r_over_rs = 1/u (r_s = 1); u-column data consumed via d/dr = -u^2 d/du; stencils jet9d8 window=9 degree=8 on strictly increasing r
19.30924603050995,0.051788661163668974,0.25,1.0,1.0,0.0,0.0,0.0,0.0,0.0,0.0,0.0,d/dr at r = r_over_rs = 1/u (r_s = 1); u-column data consumed via d/dr = -u^2 d/du; stencils jet9d8 window=9 degree=8 on strictly increasing r
19.264634187803143,0.05190859012693434,0.25,1.0,1.0,0.0,0.0,0.0,0.0,0.0,0.0,0.0,d/dr at r = r_over_rs = 1/u (r_s = 1); u-column data consumed via d/dr = -u^2 d/du; stencils jet9d8 window=9 degree=8 on strictly increasing r
19.22012541574479,0.05202879681424022,0.25,1.0,1.0,0.0,0.0,0.0,0.0,0.0,0.0,0.0,d/dr at r = r_over_rs = 1/u (r_s = 1); u-column data consumed via d/dr = -u^2 d/du; stencils jet9d8 window=9 degree=8 on strictly increasing r
19.17571947620176,0.05214928186872264,0.25,1.0,1.0,0.0,0.0,0.0,0.0,0.0,0.0,0.0,d/dr at r = r_over_rs = 1/u (r_s = 1); u-column data consumed via d/dr = -u^2 d/du; stencils jet9d8 window=9 degree=8 on strictly increasing r
19.131416131591063,0.052270045935007066,0.25,1.0,1.0,0.0,0.0,0.0,0.0,0.0,0.0,0.0,d/dr at r = r_over_rs = 1/u (r_s = 1); u-column data consumed via d/dr = -u^2 d/du; stencils jet9d8 window=9 degree=8 on strictly increasing r
19.08721514487866,0.05239108965921163,0.25,1.0,1.0,0.0,0.0,0.0,0.0,0.0,0.0,0.0,d/dr at r = r_over_rs = 1/u (r_s = 1); u-column data consumed via d/dr = -u^2 d/du; stencils jet9d8 window=9 degree=8 on strictly increasing r
19.043116279578115,0.05251241368895082,0.25,1.0,1.0,0.0,0.0,0.0,0.0,0.0,0.0,0.0,d/dr at r = r_over_rs = 1/u (r_s = 1); u-column data consumed via d/dr = -u^2 d/du; stencils jet9d8 window=9 degree=8 on strictly increasing r
18.999119299749395,0.05263401867333874,0.25,1.0,1.0,0.0,0.0,0.0,0.0,0.0,0.0,0.0,d/dr at r = r_over_rs = 1/u (r_s = 1); u-column data consumed via d/dr = -u^2 d/du; stencils jet9d8 window=9 degree=8 on strictly increasing r
18.95522396999757,0.052755905262992696,0.25,1.0,1.0,0.0,0.0,0.0,0.0,0.0,0.0,0.0,d/dr at r = r_over_rs = 1/u (r_s = 1); u-column data consumed via d/dr = -u^2 d/du; stencils jet9d8 window=9 degree=8 on strictly increasing r
18.911430055471552,0.05287807411003669,0.25,1.0,1.0,0.0,0.0,0.0,0.0,0.0,0.0,0.0,d/dr at r = r_over_rs = 1/u (r_s = 1); u-column data consumed via d/dr = -u^2 d/du; stencils jet9d8 window=9 degree=8 on strictly increasing r
18.86773732186288,0.0530005258681048,0.25,1.0,1.0,0.0,0.0,0.0,0.0,0.0,0.0,0.0,d/dr at r = r_over_rs = 1/u (r_s = 1); u-column data consumed via d/dr = -u^2 d/du; stencils jet9d8 window=9 degree=8 on strictly increasing r
18.824145535404384,0.05312326119234489,0.25,1.0,1.0,0.0,0.0,0.0,0.0,0.0,0.0,0.0,d/dr at r = r_over_rs = 1/u (r_s = 1); u-column data consumed via d/dr = -u^2 d/du; stencils jet9d8 window=9 degree=8 on strictly increasing r
18.78065446286904,0.05324628073942181,0.25,1.0,1.0,0.0,0.0,0.0,0.0,0.0,0.0,0.0,d/dr at r = r_over_rs = 1/u (r_s = 1); u-column data consumed via d/dr = -u^2 d/du; stencils jet9d8 window=9 degree=8 on strictly increasing r
18.737263871568647,0.053369585167521154,0.25,1.0,1.0,0.0,0.0,0.0,0.0,0.0,0.0,0.0,d/dr at r = r_over_rs = 1/u (r_s = 1); u-column data consumed via d/dr = -u^2 d/du; stencils jet9d8 window=9 degree=8 on strictly increasing r
18.693973529352604,0.05349317513635268,0.25,1.0,1.0,0.0,0.0,0.0,0.0,0.0,0.0,0.0,d/dr at r = r_over_rs = 1/u (r_s = 1); u-column data consumed via d/dr = -u^2 d/du; stencils jet9d8 window=9 degree=8 on strictly increasing r
18.65078320460668,0.05361705130715387,0.25,1.0,1.0,0.0,0.0,0.0,0.0,0.0,0.0,0.0,d/dr at r = r_over_rs = 1/u (r_s = 1); u-column data consumed via d/dr = -u^2 d/du; stencils jet9d8 window=9 degree=8 on strictly increasing r
18.60769266625173,0.053741214342693494,0.25,1.0,1.0,0.0,0.0,0.0,0.0,0.0,0.0,0.0,d/dr at r = r_over_rs = 1/u (r_s = 1); u-column data consumed via d/dr = -u^2 d/du; stencils jet9d8 window=9 degree=8 on strictly increasing r
18.56470168374253,0.05386566490727505,0.25,1.0,1.0,0.0,0.0,0.0,0.0,0.0,0.0,0.0,d/dr at r = r_over_rs = 1/u (r_s = 1); u-column data consumed via d/dr = -u^2 d/du; stencils jet9d8 window=9 degree=8 on strictly increasing r
18.52181002706648,0.05399040366674045,0.25,1.0,1.0,0.0,0.0,0.0,0.0,0.0,0.0,0.0,d/dr at r = r_over_rs = 1/u (r_s = 1); u-column data consumed via d/dr = -u^2 d/du; stencils jet9d8 window=9 degree=8 on strictly increasing r
18.4790174667424,0.05411543128847351,0.25,1.0,1.0,0.0,0.0,0.0,0.0,0.0,0.0,0.0,d/dr at r = r_over_rs = 1/u (r_s = 1); u-column data consumed via d/dr = -u^2 d/du; stencils jet9d8 window=9 degree=8 on strictly increasing r
18.43632377381932,0.05424074844140347,0.25,1.0,1.0,0.0,0.0,0.0,0.0,0.0,0.0,0.0,d/dr at r = r_over_rs = 1/u (r_s = 1); u-column data consumed via d/dr = -u^2 d/du; stencils jet9d8 window=9 degree=8 on strictly increasing r
18.393728719875217,0.054366355796008715,0.25,1.0,1.0,0.0,0.0,0.0,0.0,0.0,0.0,0.0,d/dr at r = r_over_rs = 1/u (r_s = 1); u-column data consumed via d/dr = -u^2 d/du; stencils jet9d8 window=9 degree=8 on strictly increasing r
18.35123207701581,0.05449225402432027,0.25,1.0,1.0,0.0,0.0,0.0,0.0,0.0,0.0,0.0,d/dr at r = r_over_rs = 1/u (r_s = 1); u-column data consumed via d/dr = -u^2 d/du; stencils jet9d8 window=9 degree=8 on strictly increasing r
18.30883361787337,0.05461844379992532,0.25,1.0,1.0,0.0,0.0,0.0,0.0,0.0,0.0,0.0,d/dr at r = r_over_rs = 1/u (r_s = 1); u-column data consumed via d/dr = -u^2 d/du; stencils jet9d8 window=9 degree=8 on strictly increasing r
18.26653311560544,0.05474492579797101,0.25,1.0,1.0,0.0,0.0,0.0,0.0,0.0,0.0,0.0,d/dr at r = r_over_rs = 1/u (r_s = 1); u-column data consumed via d/dr = -u^2 d/du; stencils jet9d8 window=9 degree=8 on strictly increasing r
18.22433034389365,0.05487170069516797,0.25,1.0,1.0,0.0,0.0,0.0,0.0,0.0,0.0,0.0,d/dr at r = r_over_rs = 1/u (r_s = 1); u-column data consumed via d/dr = -u^2 d/du; stencils jet9d8 window=9 degree=8 on strictly increasing r
18.182225076942565,0.05499876916979377,0.25,1.0,1.0,0.0,0.0,0.0,0.0,0.0,0.0,0.0,d/dr at r = r_over_rs = 1/u (r_s = 1); u-column data consumed via d/dr = -u^2 d/du; stencils jet9d8 window=9 degree=8 on strictly increasing r
18.140217089478384,0.05512613190169681,0.25,1.0,1.0,0.0,0.0,0.0,0.0,0.0,0.0,0.0,d/dr at r = r_over_rs = 1/u (r_s = 1); u-column data consumed via d/dr = -u^2 d/du; stencils jet9d8 window=9 degree=8 on strictly increasing r
18.098306156747785,0.055253789572299795,0.25,1.0,1.0,0.0,0.0,0.0,0.0,0.0,0.0,0.0,d/dr at r = r_over_rs = 1/u (r_s = 1); u-column data consumed via d/dr = -u^2 d/du; stencils jet9d8 window=9 degree=8 on strictly increasing r
18.05649205451671,0.05538174286460347,0.25,1.0,1.0,0.0,0.0,0.0,0.0,0.0,0.0,0.0,d/dr at r = r_over_rs = 1/u (r_s = 1); u-column data consumed via d/dr = -u^2 d/du; stencils jet9d8 window=9 degree=8 on strictly increasing r
18.014774559069192,0.05550999246319012,0.25,1.0,1.0,0.0,0.0,0.0,0.0,0.0,0.0,0.0,d/dr at r = r_over_rs = 1/u (r_s = 1); u-column data consumed via d/dr = -u^2 d/du; stencils jet9d8 window=9 degree=8 on strictly increasing r
17.97315344720609,0.05563853905422752,0.25,1.0,1.0,0.0,0.0,0.0,0.0,0.0,0.0,0.0,d/dr at r = r_over_rs = 1/u (r_s = 1); u-column data consumed via d/dr = -u^2 d/du; stencils jet9d8 window=9 degree=8 on strictly increasing r
17.93162849624399,0.055767383325472236,0.25,1.0,1.0,0.0,0.0,0.0,0.0,0.0,0.0,0.0,d/dr at r = r_over_rs = 1/u (r_s = 1); u-column data consumed via d/dr = -u^2 d/du; stencils jet9d8 window=9 degree=8 on strictly increasing r
17.890199484013916,0.05589652596627369,0.25,1.0,1.0,0.0,0.0,0.0,0.0,0.0,0.0,0.0,d/dr at r = r_over_rs = 1/u (r_s = 1); u-column data consumed via d/dr = -u^2 d/du; stencils jet9d8 window=9 degree=8 on strictly increasing r
17.84886618886022,0.0560259676675775,0.25,1.0,1.0,0.0,0.0,0.0,0.0,0.0,0.0,0.0,d/dr at r = r_over_rs = 1/u (r_s = 1); u-column data consumed via d/dr = -u^2 d/du; stencils jet9d8 window=9 degree=8 on strictly increasing r
17.807628389639355,0.056155709121929416,0.25,1.0,1.0,0.0,0.0,0.0,0.0,0.0,0.0,0.0,d/dr at r = r_over_rs = 1/u (r_s = 1); u-column data consumed via d/dr = -u^2 d/du; stencils jet9d8 window=9 degree=8 on strictly increasing r
17.766485865718703,0.05628575102347891,0.25,1.0,1.0,0.0,0.0,0.0,0.0,0.0,0.0,0.0,d/dr at r = r_over_rs = 1/u (r_s = 1); u-column data consumed via d/dr = -u^2 d/du; stencils jet9d8 window=9 degree=8 on strictly increasing r
17.725438396975395,0.056416094067982904,0.25,1.0,1.0,0.0,0.0,0.0,0.0,0.0,0.0,0.0,d/dr at r = r_over_rs = 1/u (r_s = 1); u-column data consumed via d/dr = -u^2 d/du; stencils jet9d8 window=9 degree=8 on strictly increasing r
17.684485763795116,0.056546738952809594,0.25,1.0,1.0,0.0,0.0,0.0,0.0,0.0,0.0,0.0,d/dr at r = r_over_rs = 1/u (r_s = 1); u-column data consumed via d/dr = -u^2 d/du; stencils jet9d8 window=9 degree=8 on strictly increasing r
17.643627747070973,0.05667768637694198,0.25,1.0,1.0,0.0,0.0,0.0,0.0,0.0,0.0,0.0,d/dr at r = r_over_rs = 1/u (r_s = 1); u-column data consumed via d/dr = -u^2 d/du; stencils jet9d8 window=9 degree=8 on strictly increasing r
17.60286412820226,0.05680893704098185,0.25,1.0,1.0,0.0,0.0,0.0,0.0,0.0,0.0,0.0,d/dr at r = r_over_rs = 1/u (r_s = 1); u-column data consumed via d/dr = -u^2 d/du; stencils jet9d8 window=9 degree=8 on strictly increasing r
17.562194689093346,0.05694049164715332,0.25,1.0,1.0,0.0,0.0,0.0,0.0,0.0,0.0,0.0,d/dr at r = r_over_rs = 1/u (r_s = 1); u-column data consumed via d/dr = -u^2 d/du; stencils jet9d8 window=9 degree=8 on strictly increasing r
17.521619212152487,0.05707235089930667,0.25,1.0,1.0,0.0,0.0,0.0,0.0,0.0,0.0,0.0,d/dr at r = r_over_rs = 1/u (r_s = 1); u-column data consumed via d/dr = -u^2 d/du; stencils jet9d8 window=9 degree=8 on strictly increasing r
17.481137480290652,0.057204515502922146,0.25,1.0,1.0,0.0,0.0,0.0,0.0,0.0,0.0,0.0,d/dr at r = r_over_rs = 1/u (r_s = 1); u-column data consumed via d/dr = -u^2 d/du; stencils jet9d8 window=9 degree=8 on strictly increasing r
17.440749276920386,0.057336986165113644,0.25,1.0,1.0,0.0,0.0,0.0,0.0,0.0,0.0,0.0,d/dr at r = r_over_rs = 1/u (r_s = 1); u-column data consumed via d/dr = -u^2 d/du; stencils jet9d8 window=9 degree=8 on strictly increasing r
17.400454385954593,0.05746976359463269,0.25,1.0,1.0,0.0,0.0,0.0,0.0,0.0,0.0,0.0,d/dr at r = r_over_rs = 1/u (r_s = 1); u-column data consumed via d/dr = -u^2 d/du; stencils jet9d8 window=9 degree=8 on strictly increasing r
17.36025259180548,0.057602848501871896,0.25,1.0,1.0,0.0,0.0,0.0,0.0,0.0,0.0,0.0,d/dr at r = r_over_rs = 1/u (r_s = 1); u-column data consumed via d/dr = -u^2 d/du; stencils jet9d8 window=9 degree=8 on strictly increasing r
17.32014367938329,0.05773624159886915,0.25,1.0,1.0,0.0,0.0,0.0,0.0,0.0,0.0,0.0,d/dr at r = r_over_rs = 1/u (r_s = 1); u-column data consumed via d/dr = -u^2 d/du; stencils jet9d8 window=9 degree=8 on strictly increasing r
17.280127434095245,0.05786994359931109,0.25,1.0,1.0,0.0,0.0,0.0,0.0,0.0,0.0,0.0,d/dr at r = r_over_rs = 1/u (r_s = 1); u-column data consumed via d/dr = -u^2 d/du; stencils jet9d8 window=9 degree=8 on strictly increasing r
17.240203641844342,0.05800395521853713,0.25,1.0,1.0,0.0,0.0,0.0,0.0,0.0,0.0,0.0,d/dr at r = r_over_rs = 1/u (r_s = 1); u-column data consumed via d/dr = -u^2 d/du; stencils jet9d8 window=9 degree=8 on strictly increasing r
17.200372089028235,0.05813827717354321,0.25,1.0,1.0,0.0,0.0,0.0,0.0,0.0,0.0,0.0,d/dr at r = r_over_rs = 1/u (r_s = 1); u-column data consumed via d/dr = -u^2 d/du; stencils jet9d8 window=9 degree=8 on strictly increasing r
17.160632562538087,0.0582729101829856,0.25,1.0,1.0,0.0,0.0,0.0,0.0,0.0,0.0,0.0,d/dr at r = r_over_rs = 1/u (r_s = 1); u-column data consumed via d/dr = -u^2 d/du; stencils jet9d8 window=9 degree=8 on strictly increasing r
17.12098484975739,0.05840785496718492,0.25,1.0,1.0,0.0,0.0,0.0,0.0,0.0,0.0,0.0,d/dr at r = r_over_rs = 1/u (r_s = 1); u-column data consumed via d/dr = -u^2 d/du; stencils jet9d8 window=9 degree=8 on strictly increasing r
17.081428738560913,0.0585431122481297,0.25,1.0,1.0,0.0,0.0,0.0,0.0,0.0,0.0,0.0,d/dr at r = r_over_rs = 1/u (r_s = 1); u-column data consumed via d/dr = -u^2 d/du; stencils jet9d8 window=9 degree=8 on strictly increasing r
17.041964017313468,0.05867868274948055,0.25,1.0,1.0,0.0,0.0,0.0,0.0,0.0,0.0,0.0,d/dr at r = r_over_rs = 1/u (r_s = 1); u-column data consumed via d/dr = -u^2 d/du; stencils jet9d8 window=9 degree=8 on strictly increasing r
17.002590474868864,0.058814567196573776,0.25,1.0,1.0,0.0,0.0,0.0,0.0,0.0,0.0,0.0,d/dr at r = r_over_rs = 1/u (r_s = 1); u-column data consumed via d/dr = -u^2 d/du; stencils jet9d8 window=9 degree=8 on strictly increasing r
16.96330790056872,0.05895076631642544,0.25,1.0,1.0,0.0,0.0,0.0,0.0,0.0,0.0,0.0,d/dr at r = r_over_rs = 1/u (r_s = 1); u-column data consumed via d/dr = -u^2 d/du; stencils jet9d8 window=9 degree=8 on strictly increasing r
16.924116084241366,0.059087280837735144,0.25,1.0,1.0,0.0,0.0,0.0,0.0,0.0,0.0,0.0,d/dr at r = r_over_rs = 1/u (r_s = 1); u-column data consumed via d/dr = -u^2 d/du; stencils jet9d8 window=9 degree=8 on strictly increasing r
16.88501481620071,0.059224111490889984,0.25,1.0,1.0,0.0,0.0,0.0,0.0,0.0,0.0,0.0,d/dr at r = r_over_rs = 1/u (r_s = 1); u-column data consumed via d/dr = -u^2 d/du; stencils jet9d8 window=9 degree=8 on strictly increasing r
16.846003887245097,0.05936125900796848,0.25,1.0,1.0,0.0,0.0,0.0,0.0,0.0,0.0,0.0,d/dr at r = r_over_rs = 1/u (r_s = 1); u-column data consumed via d/dr = -u^2 d/du; stencils jet9d8 window=9 degree=8 on strictly increasing r
16.80708308865625,0.05949872412274434,0.25,1.0,1.0,0.0,0.0,0.0,0.0,0.0,0.0,0.0,d/dr at r = r_over_rs = 1/u (r_s = 1); u-column data consumed via d/dr = -u^2 d/du; stencils jet9d8 window=9 degree=8 on strictly increasing r
16.768252212198057,0.059636507570690674,0.25,1.0,1.0,0.0,0.0,0.0,0.0,0.0,0.0,0.0,d/dr at r = r_over_rs = 1/u (r_s = 1); u-column data consumed via d/dr = -u^2 d/du; stencils jet9d8 window=9 degree=8 on strictly increasing r
16.72951105011556,0.0597746100889836,0.25,1.0,1.0,0.0,0.0,0.0,0.0,0.0,0.0,0.0,d/dr at r = r_over_rs = 1/u (r_s = 1); u-column data consumed via d/dr = -u^2 d/du; stencils jet9d8 window=9 degree=8 on strictly increasing r
16.690859395133774,0.05991303241650639,0.25,1.0,1.0,0.0,0.0,0.0,0.0,0.0,0.0,0.0,d/dr at r = r_over_rs = 1/u (r_s = 1); u-column data consumed via d/dr = -u^2 d/du; stencils jet9d8 window=9 degree=8 on strictly increasing r
16.6522970404566,0.06005177529385342,0.25,1.0,1.0,0.0,0.0,0.0,0.0,0.0,0.0,0.0,d/dr at r = r_over_rs = 1/u (r_s = 1); u-column data consumed via d/dr = -u^2 d/du; stencils jet9d8 window=9 degree=8 on strictly increasing r
16.613823779765724,0.06019083946333403,0.25,1.0,1.0,0.0,0.0,0.0,0.0,0.0,0.0,0.0,d/dr at r = r_over_rs = 1/u (r_s = 1); u-column data consumed via d/dr = -u^2 d/du; stencils jet9d8 window=9 degree=8 on strictly increasing r
16.575439407219516,0.060330225668976535,0.25,1.0,1.0,0.0,0.0,0.0,0.0,0.0,0.0,0.0,d/dr at r = r_over_rs = 1/u (r_s = 1); u-column data consumed via d/dr = -u^2 d/du; stencils jet9d8 window=9 degree=8 on strictly increasing r
16.537143717451894,0.06046993465653232,0.25,1.0,1.0,0.0,0.0,0.0,0.0,0.0,0.0,0.0,d/dr at r = r_over_rs = 1/u (r_s = 1); u-column data consumed via d/dr = -u^2 d/du; stencils jet9d8 window=9 degree=8 on strictly increasing r
16.498936505571262,0.0606099671734797,0.25,1.0,1.0,0.0,0.0,0.0,0.0,0.0,0.0,0.0,d/dr at r = r_over_rs = 1/u (r_s = 1); u-column data consumed via d/dr = -u^2 d/du; stencils jet9d8 window=9 degree=8 on strictly increasing r
16.46081756715941,0.06075032396902791,0.25,1.0,1.0,0.0,0.0,0.0,0.0,0.0,0.0,0.0,d/dr at r = r_over_rs = 1/u (r_s = 1); u-column data consumed via d/dr = -u^2 d/du; stencils jet9d8 window=9 degree=8 on strictly increasing r
16.42278669827041,0.06089100579412119,0.25,1.0,1.0,0.0,0.0,0.0,0.0,0.0,0.0,0.0,d/dr at r = r_over_rs = 1/u (r_s = 1); u-column data consumed via d/dr = -u^2 d/du; stencils jet9d8 window=9 degree=8 on strictly increasing r
16.384843695429534,0.06103201340144274,0.25,1.0,1.0,0.0,0.0,0.0,0.0,0.0,0.0,0.0,d/dr at r = r_over_rs = 1/u (r_s = 1); u-column data consumed via d/dr = -u^2 d/du; stencils jet9d8 window=9 degree=8 on strictly increasing r
16.346988355632146,0.06117334754541884,0.25,1.0,1.0,0.0,0.0,0.0,0.0,0.0,0.0,0.0,d/dr at r = r_over_rs = 1/u (r_s = 1); u-column data consumed via d/dr = -u^2 d/du; stencils jet9d8 window=9 degree=8 on strictly increasing r
16.309220476342652,0.061315008982222696,0.25,1.0,1.0,0.0,0.0,0.0,0.0,0.0,0.0,0.0,d/dr at r = r_over_rs = 1/u (r_s = 1); u-column data consumed via d/dr = -u^2 d/du; stencils jet9d8 window=9 degree=8 on strictly increasing r
16.27153985549336,0.06145699846977879,0.25,1.0,1.0,0.0,0.0,0.0,0.0,0.0,0.0,0.0,d/dr at r = r_over_rs = 1/u (r_s = 1); u-column data consumed via d/dr = -u^2 d/du; stencils jet9d8 window=9 degree=8 on strictly increasing r
16.23394629148346,0.061599316767766636,0.25,1.0,1.0,0.0,0.0,0.0,0.0,0.0,0.0,0.0,d/dr at r = r_over_rs = 1/u (r_s = 1); u-column data consumed via d/dr = -u^2 d/du; stencils jet9d8 window=9 degree=8 on strictly increasing r
16.196439583177902,0.06174196463762501,0.25,1.0,1.0,0.0,0.0,0.0,0.0,0.0,0.0,0.0,d/dr at r = r_over_rs = 1/u (r_s = 1); u-column data consumed via d/dr = -u^2 d/du; stencils jet9d8 window=9 degree=8 on strictly increasing r
16.159019529906352,0.061884942842555954,0.25,1.0,1.0,0.0,0.0,0.0,0.0,0.0,0.0,0.0,d/dr at r = r_over_rs = 1/u (r_s = 1); u-column data consumed via d/dr = -u^2 d/du; stencils jet9d8 window=9 degree=8 on strictly increasing r
16.12168593146209,0.06202825214752891,0.25,1.0,1.0,0.0,0.0,0.0,0.0,0.0,0.0,0.0,d/dr at r = r_over_rs = 1/u (r_s = 1); u-column data consumed via d/dr = -u^2 d/du; stencils jet9d8 window=9 degree=8 on strictly increasing r
16.084438588100948,0.0621718933192848,0.25,1.0,1.0,0.0,0.0,0.0,0.0,0.0,0.0,0.0,d/dr at r = r_over_rs = 1/u (r_s = 1); u-column data consumed via d/dr = -u^2 d/du; stencils jet9d8 window=9 degree=8 on strictly increasing r
16.047277300540273,0.06231586712634002,0.25,1.0,1.0,0.0,0.0,0.0,0.0,0.0,0.0,0.0,d/dr at r = r_over_rs = 1/u (r_s = 1); u-column data consumed via d/dr = -u^2 d/du; stencils jet9d8 window=9 degree=8 on strictly increasing r
16.010201869957783,0.06246017433899082,0.25,1.0,1.0,0.0,0.0,0.0,0.0,0.0,0.0,0.0,d/dr at r = r_over_rs = 1/u (r_s = 1); u-column data consumed via d/dr = -u^2 d/du; stencils jet9d8 window=9 degree=8 on strictly increasing r
15.9732120979906,0.06260481572931709,0.25,1.0,1.0,0.0,0.0,0.0,0.0,0.0,0.0,0.0,d/dr at r = r_over_rs = 1/u (r_s = 1); u-column data consumed via d/dr = -u^2 d/du; stencils jet9d8 window=9 degree=8 on strictly increasing r
15.936307786734105,0.06274979207118679,0.25,1.0,1.0,0.0,0.0,0.0,0.0,0.0,0.0,0.0,d/dr at r = r_over_rs = 1/u (r_s = 1); u-column data consumed via d/dr = -u^2 d/du; stencils jet9d8 window=9 degree=8 on strictly increasing r
15.899488738740937,0.06289510414025985,0.25,1.0,1.0,0.0,0.0,0.0,0.0,0.0,0.0,0.0,d/dr at r = r_over_rs = 1/u (r_s = 1); u-column data consumed via d/dr = -u^2 d/du; stencils jet9d8 window=9 degree=8 on strictly increasing r
15.862754757019912,0.06304075271399247,0.25,1.0,1.0,0.0,0.0,0.0,0.0,0.0,0.0,0.0,d/dr at r = r_over_rs = 1/u (r_s = 1); u-column data consumed via d/dr = -u^2 d/du; stencils jet9d8 window=9 degree=8 on strictly increasing r
15.826105645034971,0.06318673857164121,0.25,1.0,1.0,0.0,0.0,0.0,0.0,0.0,0.0,0.0,d/dr at r = r_over_rs = 1/u (r_s = 1); u-column data consumed via d/dr = -u^2 d/du; stencils jet9d8 window=9 degree=8 on strictly increasing r
15.789541206704133,0.0633330624942672,0.25,1.0,1.0,0.0,0.0,0.0,0.0,0.0,0.0,0.0,d/dr at r = r_over_rs = 1/u (r_s = 1); u-column data consumed via d/dr = -u^2 d/du; stencils jet9d8 window=9 degree=8 on strictly increasing r
15.753061246398412,0.0634797252647404,0.25,1.0,1.0,0.0,0.0,0.0,0.0,0.0,0.0,0.0,d/dr at r = r_over_rs = 1/u (r_s = 1); u-column data consumed via d/dr = -u^2 d/du; stencils jet9d8 window=9 degree=8 on strictly increasing r
15.71666556894086,0.06362672766774344,0.25,1.0,1.0,0.0,0.0,0.0,0.0,0.0,0.0,0.0,d/dr at r = r_over_rs = 1/u (r_s = 1); u-column data consumed via d/dr = -u^2 d/du; stencils jet9d8 window=9 degree=8 on strictly increasing r
15.6803539796054,0.06377407048977636,0.25,1.0,1.0,0.0,0.0,0.0,0.0,0.0,0.0,0.0,d/dr at r = r_over_rs = 1/u (r_s = 1); u-column data consumed via d/dr = -u^2 d/du; stencils jet9d8 window=9 degree=8 on strictly increasing r
15.644126284115888,0.06392175451916035,0.25,1.0,1.0,0.0,0.0,0.0,0.0,0.0,0.0,0.0,d/dr at r = r_over_rs = 1/u (r_s = 1); u-column data consumed via d/dr = -u^2 d/du; stencils jet9d8 window=9 degree=8 on strictly increasing r
15.607982288645024,0.06406978054604219,0.25,1.0,1.0,0.0,0.0,0.0,0.0,0.0,0.0,0.0,d/dr at r = r_over_rs = 1/u (r_s = 1); u-column data consumed via d/dr = -u^2 d/du; stencils jet9d8 window=9 degree=8 on strictly increasing r
15.57192179981332,0.06421814936239843,0.25,1.0,1.0,0.0,0.0,0.0,0.0,0.0,0.0,0.0,d/dr at r = r_over_rs = 1/u (r_s = 1); u-column data consumed via d/dr = -u^2 d/du; stencils jet9d8 window=9 degree=8 on strictly increasing r
15.535944624688083,0.0643668617620396,0.25,1.0,1.0,0.0,0.0,0.0,0.0,0.0,0.0,0.0,d/dr at r = r_over_rs = 1/u (r_s = 1); u-column data consumed via d/dr = -u^2 d/du; stencils jet9d8 window=9 degree=8 on strictly increasing r
15.50005057078234,0.06451591854061459,0.25,1.0,1.0,0.0,0.0,0.0,0.0,0.0,0.0,0.0,d/dr at r = r_over_rs = 1/u (r_s = 1); u-column data consumed via d/dr = -u^2 d/du; stencils jet9d8 window=9 degree=8 on strictly increasing r
15.46423944605387,0.06466532049561466,0.25,1.0,1.0,0.0,0.0,0.0,0.0,0.0,0.0,0.0,d/dr at r = r_over_rs = 1/u (r_s = 1); u-column data consumed via d/dr = -u^2 d/du; stencils jet9d8 window=9 degree=8 on strictly increasing r
15.428511058904116,0.064815068426378,0.25,1.0,1.0,0.0,0.0,0.0,0.0,0.0,0.0,0.0,d/dr at r = r_over_rs = 1/u (r_s = 1); u-column data consumed via d/dr = -u^2 d/du; stencils jet9d8 window=9 degree=8 on strictly increasing r
15.392865218177208,0.06496516313409376,0.25,1.0,1.0,0.0,0.0,0.0,0.0,0.0,0.0,0.0,d/dr at r = r_over_rs = 1/u (r_s = 1); u-column data consumed via d/dr = -u^2 d/du; stencils jet9d8 window=9 degree=8 on strictly increasing r
15.357301733158916,0.06511560542180643,0.25,1.0,1.0,0.0,0.0,0.0,0.0,0.0,0.0,0.0,d/dr at r = r_over_rs = 1/u (r_s = 1); u-column data consumed via d/dr = -u^2 d/du; stencils jet9d8 window=9 degree=8 on strictly increasing r
15.321820413575631,0.06526639609442018,0.25,1.0,1.0,0.0,0.0,0.0,0.0,0.0,0.0,0.0,d/dr at r = r_over_rs = 1/u (r_s = 1); u-column data consumed via d/dr = -u^2 d/du; stencils jet9d8 window=9 degree=8 on strictly increasing r
15.286421069593358,0.06541753595870309,0.25,1.0,1.0,0.0,0.0,0.0,0.0,0.0,0.0,0.0,d/dr at r = r_over_rs = 1/u (r_s = 1); u-column data consumed via d/dr = -u^2 d/du; stencils jet9d8 window=9 degree=8 on strictly increasing r
15.251103511816666,0.06556902582329159,0.25,1.0,1.0,0.0,0.0,0.0,0.0,0.0,0.0,0.0,d/dr at r = r_over_rs = 1/u (r_s = 1); u-column data consumed via d/dr = -u^2 d/du; stencils jet9d8 window=9 degree=8 on strictly increasing r
15.215867551287738,0.06572086649869456,0.25,1.0,1.0,0.0,0.0,0.0,0.0,0.0,0.0,0.0,d/dr at r = r_over_rs = 1/u (r_s = 1); u-column data consumed via d/dr = -u^2 d/du; stencils jet9d8 window=9 degree=8 on strictly increasing r
15.180712999485287,0.06587305879729798,0.25,1.0,1.0,0.0,0.0,0.0,0.0,0.0,0.0,0.0,d/dr at r = r_over_rs = 1/u (r_s = 1); u-column data consumed via d/dr = -u^2 d/du; stencils jet9d8 window=9 degree=8 on strictly increasing r
15.145639668323613,0.06602560353336892,0.25,1.0,1.0,0.0,0.0,0.0,0.0,0.0,0.0,0.0,d/dr at r = r_over_rs = 1/u (r_s = 1); u-column data consumed via d/dr = -u^2 d/du; stencils jet9d8 window=9 degree=8 on strictly increasing r
15.110647370151543,0.06617850152306023,0.25,1.0,1.0,0.0,0.0,0.0,0.0,0.0,0.0,0.0,d/dr at r = r_over_rs = 1/u (r_s = 1); u-column data consumed via d/dr = -u^2 d/du; stencils jet9d8 window=9 degree=8 on strictly increasing r
15.075735917751476,0.06633175358441463,0.25,1.0,1.0,0.0,0.0,0.0,0.0,0.0,0.0,0.0,d/dr at r = r_over_rs = 1/u (r_s = 1); u-column data consumed via d/dr = -u^2 d/du; stencils jet9d8 window=9 degree=8 on strictly increasing r
15.040905124338336,0.06648536053736932,0.25,1.0,1.0,0.0,0.0,0.0,0.0,0.0,0.0,0.0,d/dr at r = r_over_rs = 1/u (r_s = 1); u-column data consumed via d/dr = -u^2 d/du; stencils jet9d8 window=9 degree=8 on strictly increasing r
15.006154803558603,0.06663932320376018,0.25,1.0,1.0,0.0,0.0,0.0,0.0,0.0,0.0,0.0,d/dr at r = r_over_rs = 1/u (r_s = 1); u-column data consumed via d/dr = -u^2 d/du; stencils jet9d8 window=9 degree=8 on strictly increasing r
14.9714847694893,0.06679364240732628,0.25,1.0,1.0,0.0,0.0,0.0,0.0,0.0,0.0,0.0,d/dr at r = r_over_rs = 1/u (r_s = 1); u-column data consumed via d/dr = -u^2 d/du; stencils jet9d8 window=9 degree=8 on strictly increasing r
14.936894836636997,0.06694831897371431,0.25,1.0,1.0,0.0,0.0,0.0,0.0,0.0,0.0,0.0,d/dr at r = r_over_rs = 1/u (r_s = 1); u-column data consumed via d/dr = -u^2 d/du; stencils jet9d8 window=9 degree=8 on strictly increasing r
14.902384819936838,0.06710335373048287,0.25,1.0,1.0,0.0,0.0,0.0,0.0,0.0,0.0,0.0,d/dr at r = r_over_rs = 1/u (r_s = 1); u-column data consumed via d/dr = -u^2 d/du; stencils jet9d8 window=9 degree=8 on strictly increasing r
14.867954534751544,0.06725874750710696,0.25,1.0,1.0,0.0,0.0,0.0,0.0,0.0,0.0,0.0,d/dr at r = r_over_rs = 1/u (r_s = 1); u-column data consumed via d/dr = -u^2 d/du; stencils jet9d8 window=9 degree=8 on strictly increasing r
14.833603796870404,0.06741450113498246,0.25,1.0,1.0,0.0,0.0,0.0,0.0,0.0,0.0,0.0,d/dr at r = r_over_rs = 1/u (r_s = 1); u-column data consumed via d/dr = -u^2 d/du; stencils jet9d8 window=9 degree=8 on strictly increasing r
14.79933242250832,0.06757061544743052,0.25,1.0,1.0,0.0,0.0,0.0,0.0,0.0,0.0,0.0,d/dr at r = r_over_rs = 1/u (r_s = 1); u-column data consumed via d/dr = -u^2 d/du; stencils jet9d8 window=9 degree=8 on strictly increasing r
14.7651402283048,0.06772709127970206,0.25,1.0,1.0,0.0,0.0,0.0,0.0,0.0,0.0,0.0,d/dr at r = r_over_rs = 1/u (r_s = 1); u-column data consumed via d/dr = -u^2 d/du; stencils jet9d8 window=9 degree=8 on strictly increasing r
14.73102703132299,0.0678839294689822,0.25,1.0,1.0,0.0,0.0,0.0,0.0,0.0,0.0,0.0,d/dr at r = r_over_rs = 1/u (r_s = 1); u-column data consumed via d/dr = -u^2 d/du; stencils jet9d8 window=9 degree=8 on strictly increasing r
14.69699264904867,0.06804113085439487,0.25,1.0,1.0,0.0,0.0,0.0,0.0,0.0,0.0,0.0,d/dr at r = r_over_rs = 1/u (r_s = 1); u-column data consumed via d/dr = -u^2 d/du; stencils jet9d8 window=9 degree=8 on strictly increasing r
14.663036899389333,0.06819869627700703,0.25,1.0,1.0,0.0,0.0,0.0,0.0,0.0,0.0,0.0,d/dr at r = r_over_rs = 1/u (r_s = 1); u-column data consumed via d/dr = -u^2 d/du; stencils jet9d8 window=9 degree=8 on strictly increasing r
14.629159600673152,0.06835662657983345,0.25,1.0,1.0,0.0,0.0,0.0,0.0,0.0,0.0,0.0,d/dr at r = r_over_rs = 1/u (r_s = 1); u-column data consumed via d/dr = -u^2 d/du; stencils jet9d8 window=9 degree=8 on strictly increasing r
14.595360571648044,0.06851492260784102,0.25,1.0,1.0,0.0,0.0,0.0,0.0,0.0,0.0,0.0,d/dr at r = r_over_rs = 1/u (r_s = 1); u-column data consumed via d/dr = -u^2 d/du; stencils jet9d8 window=9 degree=8 on strictly increasing r
14.561639631480682,0.06867358520795341,0.25,1.0,1.0,0.0,0.0,0.0,0.0,0.0,0.0,0.0,d/dr at r = r_over_rs = 1/u (r_s = 1); u-column data consumed via d/dr = -u^2 d/du; stencils jet9d8 window=9 degree=8 on strictly increasing r
14.52799659975555,0.06883261522905547,0.25,1.0,1.0,0.0,0.0,0.0,0.0,0.0,0.0,0.0,d/dr at r = r_over_rs = 1/u (r_s = 1); u-column data consumed via d/dr = -u^2 d/du; stencils jet9d8 window=9 degree=8 on strictly increasing r
14.494431296473932,0.06899201352199796,0.25,1.0,1.0,0.0,0.0,0.0,0.0,0.0,0.0,0.0,d/dr at r = r_over_rs = 1/u (r_s = 1); u-column data consumed via d/dr = -u^2 d/du; stencils jet9d8 window=9 degree=8 on strictly increasing r
14.460943542053007,0.06915178093960188,0.25,1.0,1.0,0.0,0.0,0.0,0.0,0.0,0.0,0.0,d/dr at r = r_over_rs = 1/u (r_s = 1); u-column data consumed via d/dr = -u^2 d/du; stencils jet9d8 window=9 degree=8 on strictly increasing r
14.42753315732484,0.06931191833666321,0.25,1.0,1.0,0.0,0.0,0.0,0.0,0.0,0.0,0.0,d/dr at r = r_over_rs = 1/u (r_s = 1); u-column data consumed via d/dr = -u^2 d/du; stencils jet9d8 window=9 degree=8 on strictly increasing r
14.394199963535453,0.06947242656995739,0.25,1.0,1.0,0.0,0.0,0.0,0.0,0.0,0.0,0.0,d/dr at r = r_over_rs = 1/u (r_s = 1); u-column data consumed via d/dr = -u^2 d/du; stencils jet9d8 window=9 degree=8 on strictly increasing r
14.360943782343858,0.06963330649824391,0.25,1.0,1.0,0.0,0.0,0.0,0.0,0.0,0.0,0.0,d/dr at r = r_over_rs = 1/u (r_s = 1); u-column data consumed via d/dr = -u^2 d/du; stencils jet9d8 window=9 degree=8 on strictly increasing r
14.327764435821106,0.06979455898227094,0.25,1.0,1.0,0.0,0.0,0.0,0.0,0.0,0.0,0.0,d/dr at r = r_over_rs = 1/u (r_s = 1); u-column data consumed via d/dr = -u^2 d/du; stencils jet9d8 window=9 degree=8 on strictly increasing r
14.294661746449336,0.06995618488477987,0.25,1.0,1.0,0.0,0.0,0.0,0.0,0.0,0.0,0.0,d/dr at r = r_over_rs = 1/u (r_s = 1); u-column data consumed via d/dr = -u^2 d/du; stencils jet9d8 window=9 degree=8 on strictly increasing r
14.261635537120805,0.07011818507051008,0.25,1.0,1.0,0.0,0.0,0.0,0.0,0.0,0.0,0.0,d/dr at r = r_over_rs = 1/u (r_s = 1); u-column data consumed via d/dr = -u^2 d/du; stencils jet9d8 window=9 degree=8 on strictly increasing r
14.22868563113698,0.07028056040620334,0.25,1.0,1.0,0.0,0.0,0.0,0.0,0.0,0.0,0.0,d/dr at r = r_over_rs = 1/u (r_s = 1); u-column data consumed via d/dr = -u^2 d/du; stencils jet9d8 window=9 degree=8 on strictly increasing r
14.195811852207544,0.0704433117606087,0.25,1.0,1.0,0.0,0.0,0.0,0.0,0.0,0.0,0.0,d/dr at r = r_over_rs = 1/u (r_s = 1); u-column data consumed via d/dr = -u^2 d/du; stencils jet9d8 window=9 degree=8 on strictly increasing r
14.163014024449508,0.07060644000448685,0.25,1.0,1.0,0.0,0.0,0.0,0.0,0.0,0.0,0.0,d/dr at r = r_over_rs = 1/u (r_s = 1); u-column data consumed via d/dr = -u^2 d/du; stencils jet9d8 window=9 degree=8 on strictly increasing r
14.13029197238622,0.07076994601061505,0.25,1.0,1.0,0.0,0.0,0.0,0.0,0.0,0.0,0.0,d/dr at r = r_over_rs = 1/u (r_s = 1); u-column data consumed via d/dr = -u^2 d/du; stencils jet9d8 window=9 degree=8 on strictly increasing r
14.097645520946456,0.07093383065379164,0.25,1.0,1.0,0.0,0.0,0.0,0.0,0.0,0.0,0.0,d/dr at r = r_over_rs = 1/u (r_s = 1); u-column data consumed via d/dr = -u^2 d/du; stencils jet9d8 window=9 degree=8 on strictly increasing r
14.06507449546348,0.07109809481084071,0.25,1.0,1.0,0.0,0.0,0.0,0.0,0.0,0.0,0.0,d/dr at r = r_over_rs = 1/u (r_s = 1); u-column data consumed via d/dr = -u^2 d/du; stencils jet9d8 window=9 degree=8 on strictly increasing r
14.03257872167408,0.071262739360617,0.25,1.0,1.0,0.0,0.0,0.0,0.0,0.0,0.0,0.0,d/dr at r = r_over_rs = 1/u (r_s = 1); u-column data consumed via d/dr = -u^2 d/du; stencils jet9d8 window=9 degree=8 on strictly increasing r
14.000158025717695,0.07142776518401024,0.25,1.0,1.0,0.0,0.0,0.0,0.0,0.0,0.0,0.0,d/dr at r = r_over_rs = 1/u (r_s = 1); u-column data consumed via d/dr = -u^2 d/du; stencils jet9d8 window=9 degree=8 on strictly increasing r
13.967812234135412,0.0715931731639503,0.25,1.0,1.0,0.0,0.0,0.0,0.0,0.0,0.0,0.0,d/dr at r = r_over_rs = 1/u (r_s = 1); u-column data consumed via d/dr = -u^2 d/du; stencils jet9d8 window=9 degree=8 on strictly increasing r
13.9355411738691,0.0717589641854115,0.25,1.0,1.0,0.0,0.0,0.0,0.0,0.0,0.0,0.0,d/dr at r = r_over_rs = 1/u (r_s = 1); u-column data consumed via d/dr = -u^2 d/du; stencils jet9d8 window=9 degree=8 on strictly increasing r
13.903344672260458,0.07192513913541757,0.25,1.0,1.0,0.0,0.0,0.0,0.0,0.0,0.0,0.0,d/dr at r = r_over_rs = 1/u (r_s = 1); u-column data consumed via d/dr = -u^2 d/du; stencils jet9d8 window=9 degree=8 on strictly increasing r
13.871222557050082,0.07209169890304641,0.25,1.0,1.0,0.0,0.0,0.0,0.0,0.0,0.0,0.0,d/dr at r = r_over_rs = 1/u (r_s = 1); u-column data consumed via d/dr = -u^2 d/du; stencils jet9d8 window=9 degree=8 on strictly increasing r
13.839174656376567,0.07225864437943472,0.25,1.0,1.0,0.0,0.0,0.0,0.0,0.0,0.0,0.0,d/dr at r = r_over_rs = 1/u (r_s = 1); u-column data consumed via d/dr = -u^2 d/du; stencils jet9d8 window=9 degree=8 on strictly increasing r
13.807200798775556,0.07242597645778293,0.25,1.0,1.0,0.0,0.0,0.0,0.0,0.0,0.0,0.0,d/dr at r = r_over_rs = 1/u (r_s = 1); u-column data consumed via d/dr = -u^2 d/du; stencils jet9d8 window=9 degree=8 on strictly increasing r
13.775300813178864,0.07259369603335976,0.25,1.0,1.0,0.0,0.0,0.0,0.0,0.0,0.0,0.0,d/dr at r = r_over_rs = 1/u (r_s = 1); u-column data consumed via d/dr = -u^2 d/du; stencils jet9d8 window=9 degree=8 on strictly increasing r
13.743474528913511,0.07276180400350732,0.25,1.0,1.0,0.0,0.0,0.0,0.0,0.0,0.0,0.0,d/dr at r = r_over_rs = 1/u (r_s = 1); u-column data consumed via d/dr = -u^2 d/du; stencils jet9d8 window=9 degree=8 on strictly increasing r
13.711721775700864,0.07293030126764556,0.25,1.0,1.0,0.0,0.0,0.0,0.0,0.0,0.0,0.0,d/dr at r = r_over_rs = 1/u (r_s = 1); u-column data consumed via d/dr = -u^2 d/du; stencils jet9d8 window=9 degree=8 on strictly increasing r
13.680042383655694,0.0730991887272773,0.25,1.0,1.0,0.0,0.0,0.0,0.0,0.0,0.0,0.0,d/dr at r = r_over_rs = 1/u (r_s = 1); u-column data consumed via d/dr = -u^2 d/du; stencils jet9d8 window=9 degree=8 on strictly increasing r
13.648436183285265,0.07326846728599304,0.25,1.0,1.0,0.0,0.0,0.0,0.0,0.0,0.0,0.0,d/dr at r = r_over_rs = 1/u (r_s = 1); u-column data consumed via d/dr = -u^2 d/du; stencils jet9d8 window=9 degree=8 on strictly increasing r
13.616903005488442,0.07343813784947568,0.25,1.0,1.0,0.0,0.0,0.0,0.0,0.0,0.0,0.0,d/dr at r = r_over_rs = 1/u (r_s = 1); u-column data consumed via d/dr = -u^2 d/du; stencils jet9d8 window=9 degree=8 on strictly increasing r
13.585442681554769,0.07360820132550559,0.25,1.0,1.0,0.0,0.0,0.0,0.0,0.0,0.0,0.0,d/dr at r = r_over_rs = 1/u (r_s = 1); u-column data consumed via d/dr = -u^2 d/du; stencils jet9d8 window=9 degree=8 on strictly increasing r
13.554055043163595,0.07377865862396514,0.25,1.0,1.0,0.0,0.0,0.0,0.0,0.0,0.0,0.0,d/dr at r = r_over_rs = 1/u (r_s = 1); u-column data consumed via d/dr = -u^2 d/du; stencils jet9d8 window=9 degree=8 on strictly increasing r
13.52273992238313,0.07394951065684392,0.25,1.0,1.0,0.0,0.0,0.0,0.0,0.0,0.0,0.0,d/dr at r = r_over_rs = 1/u (r_s = 1); u-column data consumed via d/dr = -u^2 d/du; stencils jet9d8 window=9 degree=8 on strictly increasing r
13.491497151669591,0.07412075833824333,0.25,1.0,1.0,0.0,0.0,0.0,0.0,0.0,0.0,0.0,d/dr at r = r_over_rs = 1/u (r_s = 1); u-column data consumed via d/dr = -u^2 d/du; stencils jet9d8 window=9 degree=8 on strictly increasing r
13.460326563866278,0.07429240258438165,0.25,1.0,1.0,0.0,0.0,0.0,0.0,0.0,0.0,0.0,d/dr at r = r_over_rs = 1/u (r_s = 1); u-column data consumed via d/dr = -u^2 d/du; stencils jet9d8 window=9 degree=8 on strictly increasing r
13.429227992202694,0.07446444431359882,0.25,1.0,1.0,0.0,0.0,0.0,0.0,0.0,0.0,0.0,d/dr at r = r_over_rs = 1/u (r_s = 1); u-column data consumed via d/dr = -u^2 d/du; stencils jet9d8 window=9 degree=8 on strictly increasing r
13.39820127029364,0.07463688444636148,0.25,1.0,1.0,0.0,0.0,0.0,0.0,0.0,0.0,0.0,d/dr at r = r_over_rs = 1/u (r_s = 1); u-column data consumed via d/dr = -u^2 d/du; stencils jet9d8 window=9 degree=8 on strictly increasing r
13.367246232138344,0.07480972390526774,0.25,1.0,1.0,0.0,0.0,0.0,0.0,0.0,0.0,0.0,d/dr at r = r_over_rs = 1/u (r_s = 1); u-column data consumed via d/dr = -u^2 d/du; stencils jet9d8 window=9 degree=8 on strictly increasing r
13.336362712119536,0.07498296361505234,0.25,1.0,1.0,0.0,0.0,0.0,0.0,0.0,0.0,0.0,d/dr at r = r_over_rs = 1/u (r_s = 1); u-column data consumed via d/dr = -u^2 d/du; stencils jet9d8 window=9 degree=8 on strictly increasing r
13.3055505450026,0.07515660450259141,0.25,1.0,1.0,0.0,0.0,0.0,0.0,0.0,0.0,0.0,d/dr at r = r_over_rs = 1/u (r_s = 1); u-column data consumed via d/dr = -u^2 d/du; stencils jet9d8 window=9 degree=8 on strictly increasing r
13.274809565934676,0.07533064749690745,0.25,1.0,1.0,0.0,0.0,0.0,0.0,0.0,0.0,0.0,d/dr at r = r_over_rs = 1/u (r_s = 1); u-column data consumed via d/dr = -u^2 d/du; stencils jet9d8 window=9 degree=8 on strictly increasing r
13.244139610443783,0.07550509352917431,0.25,1.0,1.0,0.0,0.0,0.0,0.0,0.0,0.0,0.0,d/dr at r = r_over_rs = 1/u (r_s = 1); u-column data consumed via d/dr = -u^2 d/du; stencils jet9d8 window=9 degree=8 on strictly increasing r
13.21354051443793,0.07567994353272223,0.25,1.0,1.0,0.0,0.0,0.0,0.0,0.0,0.0,0.0,d/dr at r = r_over_rs = 1/u (r_s = 1); u-column data consumed via d/dr = -u^2 d/du; stencils jet9d8 window=9 degree=8 on strictly increasing r
13.18301211420424,0.07585519844304281,0.25,1.0,1.0,0.0,0.0,0.0,0.0,0.0,0.0,0.0,d/dr at r = r_over_rs = 1/u (r_s = 1); u-column data consumed via d/dr = -u^2 d/du; stencils jet9d8 window=9 degree=8 on strictly increasing r
13.152554246408076,0.076030859197794,0.25,1.0,1.0,0.0,0.0,0.0,0.0,0.0,0.0,0.0,d/dr at r = r_over_rs = 1/u (r_s = 1); u-column data consumed via d/dr = -u^2 d/du; stencils jet9d8 window=9 degree=8 on strictly increasing r
13.122166748092166,0.07620692673680513,0.25,1.0,1.0,0.0,0.0,0.0,0.0,0.0,0.0,0.0,d/dr at r = r_over_rs = 1/u (r_s = 1); u-column data consumed via d/dr = -u^2 d/du; stencils jet9d8 window=9 degree=8 on strictly increasing r
13.09184945667574,0.07638340200208185,0.25,1.0,1.0,0.0,0.0,0.0,0.0,0.0,0.0,0.0,d/dr at r = r_over_rs = 1/u (r_s = 1); u-column data consumed via d/dr = -u^2 d/du; stencils jet9d8 window=9 degree=8 on strictly increasing r
13.061602209953644,0.07656028593781138,0.25,1.0,1.0,0.0,0.0,0.0,0.0,0.0,0.0,0.0,d/dr at r = r_over_rs = 1/u (r_s = 1); u-column data consumed via d/dr = -u^2 d/du; stencils jet9d8 window=9 degree=8 on strictly increasing r
13.03142484609548,0.07673757949036736,0.25,1.0,1.0,0.0,0.0,0.0,0.0,0.0,0.0,0.0,d/dr at r = r_over_rs = 1/u (r_s = 1); u-column data consumed via d/dr = -u^2 d/du; stencils jet9d8 window=9 degree=8 on strictly increasing r
13.001317203644753,0.07691528360831491,0.25,1.0,1.0,0.0,0.0,0.0,0.0,0.0,0.0,0.0,d/dr at r = r_over_rs = 1/u (r_s = 1); u-column data consumed via d/dr = -u^2 d/du; stencils jet9d8 window=9 degree=8 on strictly increasing r
12.971279121517986,0.07709339924241591,0.25,1.0,1.0,0.0,0.0,0.0,0.0,0.0,0.0,0.0,d/dr at r = r_over_rs = 1/u (r_s = 1); u-column data consumed via d/dr = -u^2 d/du; stencils jet9d8 window=9 degree=8 on strictly increasing r
12.941310439003876,0.07727192734563382,0.25,1.0,1.0,0.0,0.0,0.0,0.0,0.0,0.0,0.0,d/dr at r = r_over_rs = 1/u (r_s = 1); u-column data consumed via d/dr = -u^2 d/du; stencils jet9d8 window=9 degree=8 on strictly increasing r
12.911410995762395,0.07745086887313914,0.25,1.0,1.0,0.0,0.0,0.0,0.0,0.0,0.0,0.0,d/dr at r = r_over_rs = 1/u (r_s = 1); u-column data consumed via d/dr = -u^2 d/du; stencils jet9d8 window=9 degree=8 on strictly increasing r
12.881580631824017,0.07763022478231393,0.25,1.0,1.0,0.0,0.0,0.0,0.0,0.0,0.0,0.0,d/dr at r = r_over_rs = 1/u (r_s = 1); u-column data consumed via d/dr = -u^2 d/du; stencils jet9d8 window=9 degree=8 on strictly increasing r
12.851819187588744,0.07780999603275775,0.25,1.0,1.0,0.0,0.0,0.0,0.0,0.0,0.0,0.0,d/dr at r = r_over_rs = 1/u (r_s = 1); u-column data consumed via d/dr = -u^2 d/du; stencils jet9d8 window=9 degree=8 on strictly increasing r
12.822126503825368,0.07799018358629194,0.25,1.0,1.0,0.0,0.0,0.0,0.0,0.0,0.0,0.0,d/dr at r = r_over_rs = 1/u (r_s = 1); u-column data consumed via d/dr = -u^2 d/du; stencils jet9d8 window=9 degree=8 on strictly increasing r
12.792502421670545,0.07817078840696536,0.25,1.0,1.0,0.0,0.0,0.0,0.0,0.0,0.0,0.0,d/dr at r = r_over_rs = 1/u (r_s = 1); u-column data consumed via d/dr = -u^2 d/du; stencils jet9d8 window=9 degree=8 on strictly increasing r
12.762946782627962,0.07835181146105934,0.25,1.0,1.0,0.0,0.0,0.0,0.0,0.0,0.0,0.0,d/dr at r = r_over_rs = 1/u (r_s = 1); u-column data consumed via d/dr = -u^2 d/du; stencils jet9d8 window=9 degree=8 on strictly increasing r
12.733459428567516,0.07853325371709279,0.25,1.0,1.0,0.0,0.0,0.0,0.0,0.0,0.0,0.0,d/dr at r = r_over_rs = 1/u (r_s = 1); u-column data consumed via d/dr = -u^2 d/du; stencils jet9d8 window=9 degree=8 on strictly increasing r
12.704040201724409,0.0787151161458276,0.25,1.0,1.0,0.0,0.0,0.0,0.0,0.0,0.0,0.0,d/dr at r = r_over_rs = 1/u (r_s = 1); u-column data consumed via d/dr = -u^2 d/du; stencils jet9d8 window=9 degree=8 on strictly increasing r
12.674688944698383,0.07889739972027351,0.25,1.0,1.0,0.0,0.0,0.0,0.0,0.0,0.0,0.0,d/dr at r = r_over_rs = 1/u (r_s = 1); u-column data consumed via d/dr = -u^2 d/du; stencils jet9d8 window=9 degree=8 on strictly increasing r
12.645405500452798,0.07908010541569369,0.25,1.0,1.0,0.0,0.0,0.0,0.0,0.0,0.0,0.0,d/dr at r = r_over_rs = 1/u (r_s = 1); u-column data consumed via d/dr = -u^2 d/du; stencils jet9d8 window=9 degree=8 on strictly increasing r
12.616189712313854,0.07926323420960958,0.25,1.0,1.0,0.0,0.0,0.0,0.0,0.0,0.0,0.0,d/dr at r = r_over_rs = 1/u (r_s = 1); u-column data consumed via d/dr = -u^2 d/du; stencils jet9d8 window=9 degree=8 on strictly increasing r
12.587041423969724,0.0794467870818064,0.25,1.0,1.0,0.0,0.0,0.0,0.0,0.0,0.0,0.0,d/dr at r = r_over_rs = 1/u (r_s = 1); u-column data consumed via d/dr = -u^2 d/du; stencils jet9d8 window=9 degree=8 on strictly increasing r
12.55796047946971,0.07963076501433833,0.25,1.0,1.0,0.0,0.0,0.0,0.0,0.0,0.0,0.0,d/dr at r = r_over_rs = 1/u (r_s = 1); u-column data consumed via d/dr = -u^2 d/du; stencils jet9d8 window=9 degree=8 on strictly increasing r
12.528946723223443,0.07981516899153358,0.25,1.0,1.0,0.0,0.0,0.0,0.0,0.0,0.0,0.0,d/dr at r = r_over_rs = 1/u (r_s = 1); u-column data consumed via d/dr = -u^2 d/du; stencils jet9d8 window=9 degree=8 on strictly increasing r
12.5,0.08,0.25,1.0,1.0,0.0,0.0,0.0,0.0,0.0,0.0,0.0,d/dr at r = r_over_rs = 1/u (r_s = 1); u-column data consumed via d/dr = -u^2 d/du; stencils jet9d8 window=9 degree=8 on strictly increasing r
12.414071063740469,0.08055375185670084,0.25,1.0,1.0,0.0,0.0,0.0,0.0,0.0,0.0,0.0,d/dr at r = r_over_rs = 1/u (r_s = 1); u-column data consumed via d/dr = -u^2 d/du; stencils jet9d8 window=9 degree=8 on strictly increasing r
12.32931546671145,0.08110750371340171,0.25,1.0,1.0,0.0,0.0,0.0,0.0,0.0,0.0,0.0,d/dr at r = r_over_rs = 1/u (r_s = 1); u-column data consumed via d/dr = -u^2 d/du; stencils jet9d8 window=9 degree=8 on strictly increasing r
12.2457093393763,0.08166125557010258,0.25,1.0,1.0,0.0,0.0,0.0,0.0,0.0,0.0,0.0,d/dr at r = r_over_rs = 1/u (r_s = 1); u-column data consumed via d/dr = -u^2 d/du; stencils jet9d8 window=9 degree=8 on strictly increasing r
12.163229455282927,0.08221500742680342,0.25,1.0,1.0,0.0,0.0,0.0,0.0,0.0,0.0,0.0,d/dr at r = r_over_rs = 1/u (r_s = 1); u-column data consumed via d/dr = -u^2 d/du; stencils jet9d8 window=9 degree=8 on strictly increasing r
12.08185320955148,0.08276875928350427,0.25,1.0,1.0,0.0,0.0,0.0,0.0,0.0,0.0,0.0,d/dr at r = r_over_rs = 1/u (r_s = 1); u-column data consumed via d/dr = -u^2 d/du; stencils jet9d8 window=9 degree=8 on strictly increasing r
12.001558598219871,0.08332251114020514,0.25,1.0,1.0,0.0,0.0,0.0,0.0,0.0,0.0,0.0,d/dr at r = r_over_rs = 1/u (r_s = 1); u-column data consumed via d/dr = -u^2 d/du; stencils jet9d8 window=9 degree=8 on strictly increasing r
11.922324198407454,0.083876262996906,0.25,1.0,1.0,0.0,0.0,0.0,0.0,0.0,0.0,0.0,d/dr at r = r_over_rs = 1/u (r_s = 1); u-column data consumed via d/dr = -u^2 d/du; stencils jet9d8 window=9 degree=8 on strictly increasing r
11.844129149259292,0.08443001485360686,0.25,1.0,1.0,0.0,0.0,0.0,0.0,0.0,0.0,0.0,d/dr at r = r_over_rs = 1/u (r_s = 1); u-column data consumed via d/dr = -u^2 d/du; stencils jet9d8 window=9 degree=8 on strictly increasing r
11.76695313363546,0.0849837667103077,0.25,1.0,1.0,0.0,0.0,0.0,0.0,0.0,0.0,0.0,d/dr at r = r_over_rs = 1/u (r_s = 1); u-column data consumed via d/dr = -u^2 d/du; stencils jet9d8 window=9 degree=8 on strictly increasing r
11.690776360511531,0.08553751856700857,0.25,1.0,1.0,0.0,0.0,0.0,0.0,0.0,0.0,0.0,d/dr at r = r_over_rs = 1/u (r_s = 1); u-column data consumed via d/dr = -u^2 d/du; stencils jet9d8 window=9 degree=8 on strictly increasing r
11.615579548058353,0.08609127042370941,0.25,1.0,1.0,0.0,0.0,0.0,0.0,0.0,0.0,0.0,d/dr at r = r_over_rs = 1/u (r_s = 1); u-column data consumed via d/dr = -u^2 d/du; stencils jet9d8 window=9 degree=8 on strictly increasing r
11.541343907370566,0.08664502228041027,0.25,1.0,1.0,0.0,0.0,0.0,0.0,0.0,0.0,0.0,d/dr at r = r_over_rs = 1/u (r_s = 1); u-column data consumed via d/dr = -u^2 d/du; stencils jet9d8 window=9 degree=8 on strictly increasing r
11.468051126815183,0.08719877413711113,0.25,1.0,1.0,0.0,0.0,0.0,0.0,0.0,0.0,0.0,d/dr at r = r_over_rs = 1/u (r_s = 1); u-column data consumed via d/dr = -u^2 d/du; stencils jet9d8 window=9 degree=8 on strictly increasing r
11.39568335697273,0.08775252599381198,0.25,1.0,1.0,0.0,0.0,0.0,0.0,0.0,0.0,0.0,d/dr at r = r_over_rs = 1/u (r_s = 1); u-column data consumed via d/dr = -u^2 d/du; stencils jet9d8 window=9 degree=8 on strictly increasing r
11.324223196144969,0.08830627785051283,0.25,1.0,1.0,0.0,0.0,0.0,0.0,0.0,0.0,0.0,d/dr at r = r_over_rs = 1/u (r_s = 1); u-column data consumed via d/dr = -u^2 d/du; stencils jet9d8 window=9 degree=8 on strictly increasing r
11.253653676404518,0.08886002970721368,0.25,1.0,1.0,0.0,0.0,0.0,0.0,0.0,0.0,0.0,d/dr at r = r_over_rs = 1/u (r_s = 1); u-column data consumed via d/dr = -u^2 d/du; stencils jet9d8 window=9 degree=8 on strictly increasing r
11.18395825016284,0.08941378156391454,0.25,1.0,1.0,0.0,0.0,0.0,0.0,0.0,0.0,0.0,d/dr at r = r_over_rs = 1/u (r_s = 1); u-column data consumed via d/dr = -u^2 d/du; stencils jet9d8 window=9 degree=8 on strictly increasing r
11.115120777234262,0.08996753342061539,0.25,1.0,1.0,0.0,0.0,0.0,0.0,0.0,0.0,0.0,d/dr at r = r_over_rs = 1/u (r_s = 1); u-column data consumed via d/dr = -u^2 d/du; stencils jet9d8 window=9 degree=8 on strictly increasing r
11.047125512374825,0.09052128527731626,0.25,1.0,1.0,0.0,0.0,0.0,0.0,0.0,0.0,0.0,d/dr at r = r_over_rs = 1/u (r_s = 1); u-column data consumed via d/dr = -u^2 d/du; stencils jet9d8 window=9 degree=8 on strictly increasing r
10.979957093275711,0.09107503713401711,0.25,1.0,1.0,0.0,0.0,0.0,0.0,0.0,0.0,0.0,d/dr at r = r_over_rs = 1/u (r_s = 1); u-column data consumed via d/dr = -u^2 d/du; stencils jet9d8 window=9 degree=8 on strictly increasing r
10.913600528992044,0.09162878899071797,0.25,1.0,1.0,0.0,0.0,0.0,0.0,0.0,0.0,0.0,d/dr at r = r_over_rs = 1/u (r_s = 1); u-column data consumed via d/dr = -u^2 d/du; stencils jet9d8 window=9 degree=8 on strictly increasing r
10.84804118878874,0.09218254084741884,0.25,1.0,1.0,0.0,0.0,0.0,0.0,0.0,0.0,0.0,d/dr at r = r_over_rs = 1/u (r_s = 1); u-column data consumed via d/dr = -u^2 d/du; stencils jet9d8 window=9 degree=8 on strictly increasing r
10.783264791386,0.09273629270411968,0.25,1.0,1.0,0.0,0.0,0.0,0.0,0.0,0.0,0.0,d/dr at r = r_over_rs = 1/u (r_s = 1); u-column data consumed via d/dr = -u^2 d/du; stencils jet9d8 window=9 degree=8 on strictly increasing r
10.71925739458779,0.09329004456082053,0.25,1.0,1.0,0.0,0.0,0.0,0.0,0.0,0.0,0.0,d/dr at r = r_over_rs = 1/u (r_s = 1); u-column data consumed via d/dr = -u^2 d/du; stencils jet9d8 window=9 degree=8 on strictly increasing r
10.656005385277572,0.09384379641752139,0.25,1.0,1.0,0.0,0.0,0.0,0.0,0.0,0.0,0.0,d/dr at r = r_over_rs = 1/u (r_s = 1); u-column data consumed via d/dr = -u^2 d/du; stencils jet9d8 window=9 degree=8 on strictly increasing r
10.5934954697661,0.09439754827422223,0.25,1.0,1.0,0.0,0.0,0.0,0.0,0.0,0.0,0.0,d/dr at r = r_over_rs = 1/u (r_s = 1); u-column data consumed via d/dr = -u^2 d/du; stencils jet9d8 window=9 degree=8 on strictly increasing r
10.531714664477004,0.0949513001309231,0.25,1.0,1.0,0.0,0.0,0.0,0.0,0.0,0.0,0.0,d/dr at r = r_over_rs = 1/u (r_s = 1); u-column data consumed via d/dr = -u^2 d/du; stencils jet9d8 window=9 degree=8 on strictly increasing r
10.470650286956394,0.09550505198762395,0.25,1.0,1.0,0.0,0.0,0.0,0.0,0.0,0.0,0.0,d/dr at r = r_over_rs = 1/u (r_s = 1); u-column data consumed via d/dr = -u^2 d/du; stencils jet9d8 window=9 degree=8 on strictly increasing r
10.410289947193428,0.0960588038443248,0.25,1.0,1.0,0.0,0.0,0.0,0.0,0.0,0.0,0.0,d/dr at r = r_over_rs = 1/u (r_s = 1); u-column data consumed via d/dr = -u^2 d/du; stencils jet9d8 window=9 degree=8 on strictly increasing r
10.350621539239372,0.09661255570102568,0.25,1.0,1.0,0.0,0.0,0.0,0.0,0.0,0.0,0.0,d/dr at r = r_over_rs = 1/u (r_s = 1); u-column data consumed via d/dr = -u^2 d/du; stencils jet9d8 window=9 degree=8 on strictly increasing r
10.291633233113236,0.09716630755772651,0.25,1.0,1.0,0.0,0.0,0.0,0.0,0.0,0.0,0.0,d/dr at r = r_over_rs = 1/u (r_s = 1); u-column data consumed via d/dr = -u^2 d/du; stencils jet9d8 window=9 degree=8 on strictly increasing r
10.233313466982604,0.09772005941442738,0.25,1.0,1.0,0.0,0.0,0.0,0.0,0.0,0.0,0.0,d/dr at r = r_over_rs = 1/u (r_s = 1); u-column data consumed via d/dr = -u^2 d/du; stencils jet9d8 window=9 degree=8 on strictly increasing r
10.175650939608865,0.0982738112711282,0.25,1.0,1.0,0.0,0.0,0.0,0.0,0.0,0.0,0.0,d/dr at r = r_over_rs = 1/u (r_s = 1); u-column data consumed via d/dr = -u^2 d/du; stencils jet9d8 window=9 degree=8 on strictly increasing r
10.11863460304636,0.09882756312782909,0.25,1.0,1.0,0.0,0.0,0.0,0.0,0.0,0.0,0.0,d/dr at r = r_over_rs = 1/u (r_s = 1); u-column data consumed via d/dr = -u^2 d/du; stencils jet9d8 window=9 degree=8 on strictly increasing r
10.062253655585696,0.09938131498452996,0.25,1.0,1.0,0.0,0.0,0.0,0.0,0.0,0.0,0.0,d/dr at r = r_over_rs = 1/u (r_s = 1); u-column data consumed via d/dr = -u^2 d/du; stencils jet9d8 window=9 degree=8 on strictly increasing r
10.006497534931594,0.0999350668412308,0.25,1.0,1.0,0.0,0.0,0.0,0.0,0.0,0.0,0.0,d/dr at r = r_over_rs = 1/u (r_s = 1); u-column data consumed via d/dr = -u^2 d/du; stencils jet9d8 window=9 degree=8 on strictly increasing r
9.951355911606342,0.10048881869793165,0.25,1.0,1.0,0.0,0.0,0.0,0.0,0.0,0.0,0.0,d/dr at r = r_over_rs = 1/u (r_s = 1); u-column data consumed via d/dr = -u^2 d/du; stencils jet9d8 window=9 degree=8 on strictly increasing r
9.896818682570157,0.10104257055463249,0.25,1.0,1.0,0.0,0.0,0.0,0.0,0.0,0.0,0.0,d/dr at r = r_over_rs = 1/u (r_s = 1); u-column data consumed via d/dr = -u^2 d/du; stencils jet9d8 window=9 degree=8 on strictly increasing r
9.84287596505016,0.10159632241133336,0.25,1.0,1.0,0.0,0.0,0.0,0.0,0.0,0.0,0.0,d/dr at r = r_over_rs = 1/u (r_s = 1); u-column data consumed via d/dr = -u^2 d/du; stencils jet9d8 window=9 degree=8 on strictly increasing r
9.789518090570098,0.10215007426803421,0.25,1.0,1.0,0.0,0.0,0.0,0.0,0.0,0.0,0.0,d/dr at r = r_over_rs = 1/u (r_s = 1); u-column data consumed via d/dr = -u^2 d/du; stencils jet9d8 window=9 degree=8 on strictly increasing r
9.736735599173176,0.10270382612473507,0.25,1.0,1.0,0.0,0.0,0.0,0.0,0.0,0.0,0.0,d/dr at r = r_over_rs = 1/u (r_s = 1); u-column data consumed via d/dr = -u^2 d/du; stencils jet9d8 window=9 degree=8 on strictly increasing r
9.684519233830802,0.10325757798143591,0.25,1.0,1.0,0.0,0.0,0.0,0.0,0.0,0.0,0.0,d/dr at r = r_over_rs = 1/u (r_s = 1); u-column data consumed via d/dr = -u^2 d/du; stencils jet9d8 window=9 degree=8 on strictly increasing r
9.632859935030266,0.1038113298381368,0.25,1.0,1.0,0.0,0.0,0.0,0.0,0.0,0.0,0.0,d/dr at r = r_over_rs = 1/u (r_s = 1); u-column data consumed via d/dr = -u^2 d/du; stencils jet9d8 window=9 degree=8 on strictly increasing r
9.581748835534754,0.10436508169483764,0.25,1.0,1.0,0.0,0.0,0.0,0.0,0.0,0.0,0.0,d/dr at r = r_over_rs = 1/u (r_s = 1); u-column data consumed via d/dr = -u^2 d/du; stencils jet9d8 window=9 degree=8 on strictly increasing r
9.531177255309244,0.10491883355153848,0.25,1.0,1.0,0.0,0.0,0.0,0.0,0.0,0.0,0.0,d/dr at r = r_over_rs = 1/u (r_s = 1); u-column data consumed via d/dr = -u^2 d/du; stencils jet9d8 window=9 degree=8 on strictly increasing r
9.481136696606296,0.10547258540823937,0.25,1.0,1.0,0.0,0.0,0.0,0.0,0.0,0.0,0.0,d/dr at r = r_over_rs = 1/u (r_s = 1); u-column data consumed via d/dr = -u^2 d/du; stencils jet9d8 window=9 degree=8 on strictly increasing r
9.431618839205818,0.10602633726494022,0.25,1.0,1.0,0.0,0.0,0.0,0.0,0.0,0.0,0.0,d/dr at r = r_over_rs = 1/u (r_s = 1); u-column data consumed via d/dr = -u^2 d/du; stencils jet9d8 window=9 degree=8 on strictly increasing r
9.38261553580321,0.10658008912164106,0.25,1.0,1.0,0.0,0.0,0.0,0.0,0.0,0.0,0.0,d/dr at r = r_over_rs = 1/u (r_s = 1); u-column data consumed via d/dr = -u^2 d/du; stencils jet9d8 window=9 degree=8 on strictly increasing r
9.334118807540552,0.10713384097834192,0.25,1.0,1.0,0.0,0.0,0.0,0.0,0.0,0.0,0.0,d/dr at r = r_over_rs = 1/u (r_s = 1); u-column data consumed via d/dr = -u^2 d/du; stencils jet9d8 window=9 degree=8 on strictly increasing r
9.28612083967568,0.10768759283504276,0.25,1.0,1.0,0.0,0.0,0.0,0.0,0.0,0.0,0.0,d/dr at r = r_over_rs = 1/u (r_s = 1); u-column data consumed via d/dr = -u^2 d/du; stencils jet9d8 window=9 degree=8 on strictly increasing r
9.238613977384166,0.10824134469174362,0.25,1.0,1.0,0.0,0.0,0.0,0.0,0.0,0.0,0.0,d/dr at r = r_over_rs = 1/u (r_s = 1); u-column data consumed via d/dr = -u^2 d/du; stencils jet9d8 window=9 degree=8 on strictly increasing r
9.19159072168954,0.10879509654844448,0.25,1.0,1.0,0.0,0.0,0.0,0.0,0.0,0.0,0.0,d/dr at r = r_over_rs = 1/u (r_s = 1); u-column data consumed via d/dr = -u^2 d/du; stencils jet9d8 window=9 degree=8 on strictly increasing r
9.145043725517146,0.10934884840514535,0.25,1.0,1.0,0.0,0.0,0.0,0.0,0.0,0.0,0.0,d/dr at r = r_over_rs = 1/u (r_s = 1); u-column data consumed via d/dr = -u^2 d/du; stencils jet9d8 window=9 degree=8 on strictly increasing r
9.098965789867304,0.1099026002618462,0.25,1.0,1.0,0.0,0.0,0.0,0.0,0.0,0.0,0.0,d/dr at r = r_over_rs = 1/u (r_s = 1); u-column data consumed via d/dr = -u^2 d/du; stencils jet9d8 window=9 degree=8 on strictly increasing r
9.053349860103582,0.11045635211854705,0.25,1.0,1.0,0.0,0.0,0.0,0.0,0.0,0.0,0.0,d/dr at r = r_over_rs = 1/u (r_s = 1); u-column data consumed via d/dr = -u^2 d/du; stencils jet9d8 window=9 degree=8 on strictly increasing r
9.00818902235216,0.1110101039752479,0.25,1.0,1.0,0.0,0.0,0.0,0.0,0.0,0.0,0.0,d/dr at r = r_over_rs = 1/u (r_s = 1); u-column data consumed via d/dr = -u^2 d/du; stencils jet9d8 window=9 degree=8 on strictly increasing r
8.963476500008419,0.11156385583194878,0.25,1.0,1.0,0.0,0.0,0.0,0.0,0.0,0.0,0.0,d/dr at r = r_over_rs = 1/u (r_s = 1); u-column data consumed via d/dr = -u^2 d/du; stencils jet9d8 window=9 degree=8 on strictly increasing r
8.919205650347072,0.11211760768864962,0.25,1.0,1.0,0.0,0.0,0.0,0.0,0.0,0.0,0.0,d/dr at r = r_over_rs = 1/u (r_s = 1); u-column data consumed via d/dr = -u^2 d/du; stencils jet9d8 window=9 degree=8 on strictly increasing r
8.87536996123223,0.11267135954535047,0.25,1.0,1.0,0.0,0.0,0.0,0.0,0.0,0.0,0.0,d/dr at r = r_over_rs = 1/u (r_s = 1); u-column data consumed via d/dr = -u^2 d/du; stencils jet9d8 window=9 degree=8 on strictly increasing r
8.831963047924038,0.11322511140205133,0.25,1.0,1.0,0.0,0.0,0.0,0.0,0.0,0.0,0.0,d/dr at r = r_over_rs = 1/u (r_s = 1); u-column data consumed via d/dr = -u^2 d/du; stencils jet9d8 window=9 degree=8 on strictly increasing r
8.788978649978535,0.11377886325875217,0.25,1.0,1.0,0.0,0.0,0.0,0.0,0.0,0.0,0.0,d/dr at r = r_over_rs = 1/u (r_s = 1); u-column data consumed via d/dr = -u^2 d/du; stencils jet9d8 window=9 degree=8 on strictly increasing r
8.746410628237623,0.11433261511545305,0.25,1.0,1.0,0.0,0.0,0.0,0.0,0.0,0.0,0.0,d/dr at r = r_over_rs = 1/u (r_s = 1); u-column data consumed via d/dr = -u^2 d/du; stencils jet9d8 window=9 degree=8 on strictly increasing r
8.704252961906084,0.11488636697215392,0.25,1.0,1.0,0.0,0.0,0.0,0.0,0.0,0.0,0.0,d/dr at r = r_over_rs = 1/u (r_s = 1); u-column data consumed via d/dr = -u^2 d/du; stencils jet9d8 window=9 degree=8 on strictly increasing r
8.662499745712717,0.11544011882885474,0.25,1.0,1.0,0.0,0.0,0.0,0.0,0.0,0.0,0.0,d/dr at r = r_over_rs = 1/u (r_s = 1); u-column data consumed via d/dr = -u^2 d/du; stencils jet9d8 window=9 degree=8 on strictly increasing r
8.621145187152782,0.11599387068555561,0.25,1.0,1.0,0.0,0.0,0.0,0.0,0.0,0.0,0.0,d/dr at r = r_over_rs = 1/u (r_s = 1); u-column data consumed via d/dr = -u^2 d/du; stencils jet9d8 window=9 degree=8 on strictly increasing r
8.580183603809095,0.11654762254225644,0.25,1.0,1.0,0.0,0.0,0.0,0.0,0.0,0.0,0.0,d/dr at r = r_over_rs = 1/u (r_s = 1); u-column data consumed via d/dr = -u^2 d/du; stencils jet9d8 window=9 degree=8 on strictly increasing r
8.539609420749072,0.1171013743989573,0.25,1.0,1.0,0.0,0.0,0.0,0.0,0.0,0.0,0.0,d/dr at r = r_over_rs = 1/u (r_s = 1); u-column data consumed via d/dr = -u^2 d/du; stencils jet9d8 window=9 degree=8 on strictly increasing r
8.499417167995336,0.11765512625565819,0.25,1.0,1.0,0.0,0.0,0.0,0.0,0.0,0.0,0.0,d/dr at r = r_over_rs = 1/u (r_s = 1); u-column data consumed via d/dr = -u^2 d/du; stencils jet9d8 window=9 degree=8 on strictly increasing r
8.459601478067388,0.11820887811235901,0.25,1.0,1.0,0.0,0.0,0.0,0.0,0.0,0.0,0.0,d/dr at r = r_over_rs = 1/u (r_s = 1); u-column data consumed via d/dr = -u^2 d/du; stencils jet9d8 window=9 degree=8 on strictly increasing r
8.420157083592041,0.11876262996905988,0.25,1.0,1.0,0.0,0.0,0.0,0.0,0.0,0.0,0.0,d/dr at r = r_over_rs = 1/u (r_s = 1); u-column data consumed via d/dr = -u^2 d/du; stencils jet9d8 window=9 degree=8 on strictly increasing r
8.381078814980436,0.11931638182576074,0.25,1.0,1.0,0.0,0.0,0.0,0.0,0.0,0.0,0.0,d/dr at r = r_over_rs = 1/u (r_s = 1); u-column data consumed via d/dr = -u^2 d/du; stencils jet9d8 window=9 degree=8 on strictly increasing r
8.3423615981694,0.11987013368246159,0.25,1.0,1.0,0.0,0.0,0.0,0.0,0.0,0.0,0.0,d/dr at r = r_over_rs = 1/u (r_s = 1); u-column data consumed via d/dr = -u^2 d/du; stencils jet9d8 window=9 degree=8 on strictly increasing r
8.304000452425155,0.12042388553916243,0.25,1.0,1.0,0.0,0.0,0.0,0.0,0.0,0.0,0.0,d/dr at r = r_over_rs = 1/u (r_s = 1); u-column data consumed via d/dr = -u^2 d/du; stencils jet9d8 window=9 degree=8 on strictly increasing r
8.265990488207317,0.12097763739586333,0.25,1.0,1.0,0.0,0.0,0.0,0.0,0.0,0.0,0.0,d/dr at r = r_over_rs = 1/u (r_s = 1); u-column data consumed via d/dr = -u^2 d/du; stencils jet9d8 window=9 degree=8 on strictly increasing r
8.228326905091322,0.12153138925256415,0.25,1.0,1.0,0.0,0.0,0.0,0.0,0.0,0.0,0.0,d/dr at r = r_over_rs = 1/u (r_s = 1); u-column data consumed via d/dr = -u^2 d/du; stencils jet9d8 window=9 degree=8 on strictly increasing r
8.191004989747357,0.12208514110926502,0.25,1.0,1.0,0.0,0.0,0.0,0.0,0.0,0.0,0.0,d/dr at r = r_over_rs = 1/u (r_s = 1); u-column data consumed via d/dr = -u^2 d/du; stencils jet9d8 window=9 degree=8 on strictly increasing r
8.15402011397408,0.12263889296596585,0.25,1.0,1.0,0.0,0.0,0.0,0.0,0.0,0.0,0.0,d/dr at r = r_over_rs = 1/u (r_s = 1); u-column data consumed via d/dr = -u^2 d/du; stencils jet9d8 window=9 degree=8 on strictly increasing r
8.117367732785342,0.12319264482266672,0.25,1.0,1.0,0.0,0.0,0.0,0.0,0.0,0.0,0.0,d/dr at r = r_over_rs = 1/u (r_s = 1); u-column data consumed via d/dr = -u^2 d/du; stencils jet9d8 window=9 degree=8 on strictly increasing r
8.081043382548296,0.1237463966793676,0.25,1.0,1.0,0.0,0.0,0.0,0.0,0.0,0.0,0.0,d/dr at r = r_over_rs = 1/u (r_s = 1); u-column data consumed via d/dr = -u^2 d/du; stencils jet9d8 window=9 degree=8 on strictly increasing r
8.04504267917128,0.12430014853606844,0.25,1.0,1.0,0.0,0.0,0.0,0.0,0.0,0.0,0.0,d/dr at r = r_over_rs = 1/u (r_s = 1); u-column data consumed via d/dr = -u^2 d/du; stencils jet9d8 window=9 degree=8 on strictly increasing r
8.009361316339888,0.12485390039276931,0.25,1.0,1.0,0.0,0.0,0.0,0.0,0.0,0.0,0.0,d/dr at r = r_over_rs = 1/u (r_s = 1); u-column data consumed via d/dr = -u^2 d/du; stencils jet9d8 window=9 degree=8 on strictly increasing r
7.973995063799825,0.12540765224947015,0.25,1.0,1.0,0.0,0.0,0.0,0.0,0.0,0.0,0.0,d/dr at r = r_over_rs = 1/u (r_s = 1); u-column data consumed via d/dr = -u^2 d/du; stencils jet9d8 window=9 degree=8 on strictly increasing r
7.938939765685008,0.12596140410617102,0.25,1.0,1.0,0.0,0.0,0.0,0.0,0.0,0.0,0.0,d/dr at r = r_over_rs = 1/u (r_s = 1); u-column data consumed via d/dr = -u^2 d/du; stencils jet9d8 window=9 degree=8 on strictly increasing r
7.904191338889611,0.12651515596287186,0.25,1.0,1.0,0.0,0.0,0.0,0.0,0.0,0.0,0.0,d/dr at r = r_over_rs = 1/u (r_s = 1); u-column data consumed via d/dr = -u^2 d/du; stencils jet9d8 window=9 degree=8 on strictly increasing r
7.869745771482641,0.12706890781957272,0.25,1.0,1.0,0.0,0.0,0.0,0.0,0.0,0.0,0.0,d/dr at r = r_over_rs = 1/u (r_s = 1); u-column data consumed via d/dr = -u^2 d/du; stencils jet9d8 window=9 degree=8 on strictly increasing r
7.835599121163832,0.12762265967627356,0.25,1.0,1.0,0.0,0.0,0.0,0.0,0.0,0.0,0.0,d/dr at r = r_over_rs = 1/u (r_s = 1); u-column data consumed via d/dr = -u^2 d/du; stencils jet9d8 window=9 degree=8 on strictly increasing r
7.801747513759517,0.12817641153297443,0.25,1.0,1.0,0.0,0.0,0.0,0.0,0.0,0.0,0.0,d/dr at r = r_over_rs = 1/u (r_s = 1); u-column data consumed via d/dr = -u^2 d/du; stencils jet9d8 window=9 degree=8 on strictly increasing r
7.768187141757364,0.12873016338967527,0.25,1.0,1.0,0.0,0.0,0.0,0.0,0.0,0.0,0.0,d/dr at r = r_over_rs = 1/u (r_s = 1); u-column data consumed via d/dr = -u^2 d/du; stencils jet9d8 window=9 degree=8 on strictly increasing r
7.734914262878732,0.12928391524637614,0.25,1.0,1.0,0.0,0.0,0.0,0.0,0.0,0.0,0.0,d/dr at r = r_over_rs = 1/u (r_s = 1); u-column data consumed via d/dr = -u^2 d/du; stencils jet9d8 window=9 degree=8 on strictly increasing r
7.701925198687595,0.12983766710307698,0.25,1.0,1.0,0.0,0.0,0.0,0.0,0.0,0.0,0.0,d/dr at r = r_over_rs = 1/u (r_s = 1); u-column data consumed via d/dr = -u^2 d/du; stencils jet9d8 window=9 degree=8 on strictly increasing r
7.669216333234877,0.13039141895977785,0.25,1.0,1.0,0.0,0.0,0.0,0.0,0.0,0.0,0.0,d/dr at r = r_over_rs = 1/u (r_s = 1); u-column data consumed via d/dr = -u^2 d/du; stencils jet9d8 window=9 degree=8 on strictly increasing r
7.636784111737213,0.13094517081647872,0.25,1.0,1.0,0.0,0.0,0.0,0.0,0.0,0.0,0.0,d/dr at r = r_over_rs = 1/u (r_s = 1); u-column data consumed via d/dr = -u^2 d/du; stencils jet9d8 window=9 degree=8 on strictly increasing r
7.604625039289082,0.13149892267317956,0.25,1.0,1.0,0.0,0.0,0.0,0.0,0.0,0.0,0.0,d/dr at r = r_over_rs = 1/u (r_s = 1); u-column data consumed via d/dr = -u^2 d/du; stencils jet9d8 window=9 degree=8 on strictly increasing r
7.572735679607335,0.1320526745298804,0.25,1.0,1.0,0.0,0.0,0.0,0.0,0.0,0.0,0.0,d/dr at r = r_over_rs = 1/u (r_s = 1); u-column data consumed via d/dr = -u^2 d/du; stencils jet9d8 window=9 degree=8 on strictly increasing r
7.541112653807192,0.13260642638658127,0.25,1.0,1.0,0.0,0.0,0.0,0.0,0.0,0.0,0.0,d/dr at r = r_over_rs = 1/u (r_s = 1); u-column data consumed via d/dr = -u^2 d/du; stencils jet9d8 window=9 degree=8 on strictly increasing r
7.509752639208783,0.13316017824328213,0.25,1.0,1.0,0.0,0.0,0.0,0.0,0.0,0.0,0.0,d/dr at r = r_over_rs = 1/u (r_s = 1); u-column data consumed via d/dr = -u^2 d/du; stencils jet9d8 window=9 degree=8 on strictly increasing r
7.478652368173324,0.13371393009998297,0.25,1.0,1.0,0.0,0.0,0.0,0.0,0.0,0.0,0.0,d/dr at r = r_over_rs = 1/u (r_s = 1); u-column data consumed via d/dr = -u^2 d/du; stencils jet9d8 window=9 degree=8 on strictly increasing r
7.447808626968107,0.13426768195668384,0.25,1.0,1.0,0.0,0.0,0.0,0.0,0.0,0.0,0.0,d/dr at r = r_over_rs = 1/u (r_s = 1); u-column data consumed via d/dr = -u^2 d/du; stencils jet9d8 window=9 degree=8 on strictly increasing r
7.417218254659467,0.13482143381338468,0.25,1.0,1.0,0.0,0.0,0.0,0.0,0.0,0.0,0.0,d/dr at r = r_over_rs = 1/u (r_s = 1); u-column data consumed via d/dr = -u^2 d/du; stencils jet9d8 window=9 degree=8 on strictly increasing r
7.386878142032897,0.13537518567008555,0.25,1.0,1.0,0.0,0.0,0.0,0.0,0.0,0.0,0.0,d/dr at r = r_over_rs = 1/u (r_s = 1); u-column data consumed via d/dr = -u^2 d/du; stencils jet9d8 window=9 degree=8 on strictly increasing r
7.356785230539584,0.1359289375267864,0.25,1.0,1.0,0.0,0.0,0.0,0.0,0.0,0.0,0.0,d/dr at r = r_over_rs = 1/u (r_s = 1); u-column data consumed via d/dr = -u^2 d/du; stencils jet9d8 window=9 degree=8 on strictly increasing r
7.32693651126857,0.13648268938348726,0.25,1.0,1.0,0.0,0.0,0.0,0.0,0.0,0.0,0.0,d/dr at r = r_over_rs = 1/u (r_s = 1); u-column data consumed via d/dr = -u^2 d/du; stencils jet9d8 window=9 degree=8 on strictly increasing r
7.297329023943845,0.13703644124018813,0.25,1.0,1.0,0.0,0.0,0.0,0.0,0.0,0.0,0.0,d/dr at r = r_over_rs = 1/u (r_s = 1); u-column data consumed via d/dr = -u^2 d/du; stencils jet9d8 window=9 degree=8 on strictly increasing r
7.267959855945655,0.13759019309688897,0.25,1.0,1.0,0.0,0.0,0.0,0.0,0.0,0.0,0.0,d/dr at r = r_over_rs = 1/u (r_s = 1); u-column data consumed via d/dr = -u^2 d/du; stencils jet9d8 window=9 degree=8 on strictly increasing r
7.238826141355346,0.13814394495358984,0.25,1.0,1.0,0.0,0.0,0.0,0.0,0.0,0.0,0.0,d/dr at r = r_over_rs = 1/u (r_s = 1); u-column data consumed via d/dr = -u^2 d/du; stencils jet9d8 window=9 degree=8 on strictly increasing r
7.209925060023095,0.13869769681029068,0.25,1.0,1.0,0.0,0.0,0.0,0.0,0.0,0.0,0.0,d/dr at r = r_over_rs = 1/u (r_s = 1); u-column data consumed via d/dr = -u^2 d/du; stencils jet9d8 window=9 degree=8 on strictly increasing r
7.181253836657875,0.13925144866699152,0.25,1.0,1.0,0.0,0.0,0.0,0.0,0.0,0.0,0.0,d/dr at r = r_over_rs = 1/u (r_s = 1); u-column data consumed via d/dr = -u^2 d/du; stencils jet9d8 window=9 degree=8 on strictly increasing r
7.152809739939058,0.13980520052369239,0.25,1.0,1.0,0.0,0.0,0.0,0.0,0.0,0.0,0.0,d/dr at r = r_over_rs = 1/u (r_s = 1); u-column data consumed via d/dr = -u^2 d/du; stencils jet9d8 window=9 degree=8 on strictly increasing r
7.124590081649043,0.14035895238039325,0.25,1.0,1.0,0.0,0.0,0.0,0.0,0.0,0.0,0.0,d/dr at r = r_over_rs = 1/u (r_s = 1); u-column data consumed via d/dr = -u^2 d/du; stencils jet9d8 window=9 degree=8 on strictly increasing r
7.096592215826331,0.1409127042370941,0.25,1.0,1.0,0.0,0.0,0.0,0.0,0.0,0.0,0.0,d/dr at r = r_over_rs = 1/u (r_s = 1); u-column data consumed via d/dr = -u^2 d/du; stencils jet9d8 window=9 degree=8 on strictly increasing r
7.068813537938499,0.14146645609379496,0.25,1.0,1.0,0.0,0.0,0.0,0.0,0.0,0.0,0.0,d/dr at r = r_over_rs = 1/u (r_s = 1); u-column data consumed via d/dr = -u^2 d/du; stencils jet9d8 window=9 degree=8 on strictly increasing r
7.041251484074516,0.1420202079504958,0.25,1.0,1.0,0.0,0.0,0.0,0.0,0.0,0.0,0.0,d/dr at r = r_over_rs = 1/u (r_s = 1); u-column data consumed via d/dr = -u^2 d/du; stencils jet9d8 window=9 degree=8 on strictly increasing r
7.013903530155885,0.14257395980719667,0.25,1.0,1.0,0.0,0.0,0.0,0.0,0.0,0.0,0.0,d/dr at r = r_over_rs = 1/u (r_s = 1); u-column data consumed via d/dr = -u^2 d/du; stencils jet9d8 window=9 degree=8 on strictly increasing r
6.986767191166094,0.14312771166389754,0.25,1.0,1.0,0.0,0.0,0.0,0.0,0.0,0.0,0.0,d/dr at r = r_over_rs = 1/u (r_s = 1); u-column data consumed via d/dr = -u^2 d/du; stencils jet9d8 window=9 degree=8 on strictly increasing r
6.959840020397889,0.14368146352059838,0.25,1.0,1.0,0.0,0.0,0.0,0.0,0.0,0.0,0.0,d/dr at r = r_over_rs = 1/u (r_s = 1); u-column data consumed via d/dr = -u^2 d/du; stencils jet9d8 window=9 degree=8 on strictly increasing r
6.933119608717881,0.14423521537729922,0.25,1.0,1.0,0.0,0.0,0.0,0.0,0.0,0.0,0.0,d/dr at r = r_over_rs = 1/u (r_s = 1); u-column data consumed via d/dr = -u^2 d/du; stencils jet9d8 window=9 degree=8 on strictly increasing r
6.90660358384803,0.1447889672340001,0.25,1.0,1.0,0.0,0.0,0.0,0.0,0.0,0.0,0.0,d/dr at r = r_over_rs = 1/u (r_s = 1); u-column data consumed via d/dr = -u^2 d/du; stencils jet9d8 window=9 degree=8 on strictly increasing r
6.880289609663564,0.14534271909070096,0.25,1.0,1.0,0.0,0.0,0.0,0.0,0.0,0.0,0.0,d/dr at r = r_over_rs = 1/u (r_s = 1); u-column data consumed via d/dr = -u^2 d/du; stencils jet9d8 window=9 degree=8 on strictly increasing r
6.854175385506873,0.1458964709474018,0.25,1.0,1.0,0.0,0.0,0.0,0.0,0.0,0.0,0.0,d/dr at r = r_over_rs = 1/u (r_s = 1); u-column data consumed via d/dr = -u^2 d/du; stencils jet9d8 window=9 degree=8 on strictly increasing r
6.828258645516968,0.14645022280410264,0.25,1.0,1.0,0.0,0.0,0.0,0.0,0.0,0.0,0.0,d/dr at r = r_over_rs = 1/u (r_s = 1); u-column data consumed via d/dr = -u^2 d/du; stencils jet9d8 window=9 degree=8 on strictly increasing r
6.802537157974108,0.1470039746608035,0.25,1.0,1.0,0.0,0.0,0.0,0.0,0.0,0.0,0.0,d/dr at r = r_over_rs = 1/u (r_s = 1); u-column data consumed via d/dr = -u^2 d/du; stencils jet9d8 window=9 degree=8 on strictly increasing r
6.7770087246591775,0.14755772651750437,0.25,1.0,1.0,0.0,0.0,0.0,0.0,0.0,0.0,0.0,d/dr at r = r_over_rs = 1/u (r_s = 1); u-column data consumed via d/dr = -u^2 d/du; stencils jet9d8 window=9 degree=8 on strictly increasing r
6.751671180227431,0.14811147837420524,0.25,1.0,1.0,0.0,0.0,0.0,0.0,0.0,0.0,0.0,d/dr at r = r_over_rs = 1/u (r_s = 1); u-column data consumed via d/dr = -u^2 d/du; stencils jet9d8 window=9 degree=8 on strictly increasing r
6.72652239159624,0.14866523023090608,0.25,1.0,1.0,0.0,0.0,0.0,0.0,0.0,0.0,0.0,d/dr at r = r_over_rs = 1/u (r_s = 1); u-column data consumed via d/dr = -u^2 d/du; stencils jet9d8 window=9 degree=8 on strictly increasing r
6.701560257346461,0.14921898208760692,0.25,1.0,1.0,0.0,0.0,0.0,0.0,0.0,0.0,0.0,d/dr at r = r_over_rs = 1/u (r_s = 1); u-column data consumed via d/dr = -u^2 d/du; stencils jet9d8 window=9 degree=8 on strictly increasing r
6.6767827071371,0.1497727339443078,0.25,1.0,1.0,0.0,0.0,0.0,0.0,0.0,0.0,0.0,d/dr at r = r_over_rs = 1/u (r_s = 1); u-column data consumed via d/dr = -u^2 d/du; stencils jet9d8 window=9 degree=8 on strictly increasing r
6.652187701132904,0.15032648580100866,0.25,1.0,1.0,0.0,0.0,0.0,0.0,0.0,0.0,0.0,d/dr at r = r_over_rs = 1/u (r_s = 1); u-column data consumed via d/dr = -u^2 d/du; stencils jet9d8 window=9 degree=8 on strictly increasing r
6.62777322944456,0.1508802376577095,0.25,1.0,1.0,0.0,0.0,0.0,0.0,0.0,0.0,0.0,d/dr at r = r_over_rs = 1/u (r_s = 1); u-column data consumed via d/dr = -u^2 d/du; stencils jet9d8 window=9 degree=8 on strictly increasing r
6.603537311581168,0.15143398951441034,0.25,1.0,1.0,0.0,0.0,0.0,0.0,0.0,0.0,0.0,d/dr at r = r_over_rs = 1/u (r_s = 1); u-column data consumed via d/dr = -u^2 d/du; stencils jet9d8 window=9 degree=8 on strictly increasing r
6.579477995914696,0.1519877413711112,0.25,1.0,1.0,0.0,0.0,0.0,0.0,0.0,0.0,0.0,d/dr at r = r_over_rs = 1/u (r_s = 1); u-column data consumed via d/dr = -u^2 d/du; stencils jet9d8 window=9 degree=8 on strictly increasing r
6.5555933591561,0.15254149322781205,0.25,1.0,1.0,0.0,0.0,0.0,0.0,0.0,0.0,0.0,d/dr at r = r_over_rs = 1/u (r_s = 1); u-column data consumed via d/dr = -u^2 d/du; stencils jet9d8 window=9 degree=8 on strictly increasing r
6.531881505842796,0.1530952450845129,0.25,1.0,1.0,0.0,0.0,0.0,0.0,0.0,0.0,0.0,d/dr at r = r_over_rs = 1/u (r_s = 1); u-column data consumed via d/dr = -u^2 d/du; stencils jet9d8 window=9 degree=8 on strictly increasing r
6.50834056783723,0.15364899694121376,0.25,1.0,1.0,0.0,0.0,0.0,0.0,0.0,0.0,0.0,d/dr at r = r_over_rs = 1/u (r_s = 1); u-column data consumed via d/dr = -u^2 d/du; stencils jet9d8 window=9 degree=8 on strictly increasing r
6.484968703836255,0.15420274879791462,0.25,1.0,1.0,0.0,0.0,0.0,0.0,0.0,0.0,0.0,d/dr at r = r_over_rs = 1/u (r_s = 1); u-column data consumed via d/dr = -u^2 d/du; stencils jet9d8 window=9 degree=8 on strictly increasing r
6.4617640988910265,0.1547565006546155,0.25,1.0,1.0,0.0,0.0,0.0,0.0,0.0,0.0,0.0,d/dr at r = r_over_rs = 1/u (r_s = 1); u-column data consumed via d/dr = -u^2 d/du; stencils jet9d8 window=9 degree=8 on strictly increasing r
6.438724963937181,0.15531025251131636,0.25,1.0,1.0,0.0,0.0,0.0,0.0,0.0,0.0,0.0,d/dr at r = r_over_rs = 1/u (r_s = 1); u-column data consumed via d/dr = -u^2 d/du; stencils jet9d8 window=9 degree=8 on strictly increasing r
6.415849535335028,0.1558640043680172,0.25,1.0,1.0,0.0,0.0,0.0,0.0,0.0,0.0,0.0,d/dr at r = r_over_rs = 1/u (r_s = 1); u-column data consumed via d/dr = -u^2 d/du; stencils jet9d8 window=9 degree=8 on strictly increasing r
6.393136074419498,0.15641775622471804,0.25,1.0,1.0,0.0,0.0,0.0,0.0,0.0,0.0,0.0,d/dr at r = r_over_rs = 1/u (r_s = 1); u-column data consumed via d/dr = -u^2 d/du; stencils jet9d8 window=9 degree=8 on strictly increasing r
6.370582867059633,0.1569715080814189,0.25,1.0,1.0,0.0,0.0,0.0,0.0,0.0,0.0,0.0,d/dr at r = r_over_rs = 1/u (r_s = 1); u-column data consumed via d/dr = -u^2 d/du; stencils jet9d8 window=9 degree=8 on strictly increasing r
6.348188223227356,0.15752525993811978,0.25,1.0,1.0,0.0,0.0,0.0,0.0,0.0,0.0,0.0,d/dr at r = r_over_rs = 1/u (r_s = 1); u-column data consumed via d/dr = -u^2 d/du; stencils jet9d8 window=9 degree=8 on strictly increasing r
6.325950476575313,0.15807901179482062,0.25,1.0,1.0,0.0,0.0,0.0,0.0,0.0,0.0,0.0,d/dr at r = r_over_rs = 1/u (r_s = 1); u-column data consumed via d/dr = -u^2 d/du; stencils jet9d8 window=9 degree=8 on strictly increasing r
6.303867984023545,0.15863276365152146,0.25,1.0,1.0,0.0,0.0,0.0,0.0,0.0,0.0,0.0,d/dr at r = r_over_rs = 1/u (r_s = 1); u-column data consumed via d/dr = -u^2 d/du; stencils jet9d8 window=9 degree=8 on strictly increasing r
6.281939125354797,0.15918651550822233,0.25,1.0,1.0,0.0,0.0,0.0,0.0,0.0,0.0,0.0,d/dr at r = r_over_rs = 1/u (r_s = 1); u-column data consumed via d/dr = -u^2 d/du; stencils jet9d8 window=9 degree=8 on strictly increasing r
6.260162302818246,0.1597402673649232,0.25,1.0,1.0,0.0,0.0,0.0,0.0,0.0,0.0,0.0,d/dr at r = r_over_rs = 1/u (r_s = 1); u-column data consumed via d/dr = -u^2 d/du; stencils jet9d8 window=9 degree=8 on strictly increasing r
6.238535940741436,0.16029401922162403,0.25,1.0,1.0,0.0,0.0,0.0,0.0,0.0,0.0,0.0,d/dr at r = r_over_rs = 1/u (r_s = 1); u-column data consumed via d/dr = -u^2 d/du; stencils jet9d8 window=9 degree=8 on strictly increasing r
6.21705848515022,0.1608477710783249,0.25,1.0,1.0,0.0,0.0,0.0,0.0,0.0,0.0,0.0,d/dr at r = r_over_rs = 1/u (r_s = 1); u-column data consumed via d/dr = -u^2 d/du; stencils jet9d8 window=9 degree=8 on strictly increasing r
6.195728403396558,0.16140152293502574,0.25,1.0,1.0,0.0,0.0,0.0,0.0,0.0,0.0,0.0,d/dr at r = r_over_rs = 1/u (r_s = 1); u-column data consumed via d/dr = -u^2 d/du; stencils jet9d8 window=9 degree=8 on strictly increasing r
6.17454418379391,0.1619552747917266,0.25,1.0,1.0,0.0,0.0,0.0,0.0,0.0,0.0,0.0,d/dr at r = r_over_rs = 1/u (r_s = 1); u-column data consumed via d/dr = -u^2 d/du; stencils jet9d8 window=9 degree=8 on strictly increasing r
6.153504335260115,0.16250902664842748,0.25,1.0,1.0,0.0,0.0,0.0,0.0,0.0,0.0,0.0,d/dr at r = r_over_rs = 1/u (r_s = 1); u-column data consumed via d/dr = -u^2 d/du; stencils jet9d8 window=9 degree=8 on strictly increasing r
6.132607386967529,0.16306277850512832,0.25,1.0,1.0,0.0,0.0,0.0,0.0,0.0,0.0,0.0,d/dr at r = r_over_rs = 1/u (r_s = 1); u-column data consumed via d/dr = -u^2 d/du; stencils jet9d8 window=9 degree=8 on strictly increasing r
6.111851888000276,0.16361653036182916,0.25,1.0,1.0,0.0,0.0,0.0,0.0,0.0,0.0,0.0,d/dr at r = r_over_rs = 1/u (r_s = 1); u-column data consumed via d/dr = -u^2 d/du; stencils jet9d8 window=9 degree=8 on strictly increasing r
6.091236407018427,0.16417028221853003,0.25,1.0,1.0,0.0,0.0,0.0,0.0,0.0,0.0,0.0,d/dr at r = r_over_rs = 1/u (r_s = 1); u-column data consumed via d/dr = -u^2 d/du; stencils jet9d8 window=9 degree=8 on strictly increasing r
6.070759531928967,0.1647240340752309,0.25,1.0,1.0,0.0,0.0,0.0,0.0,0.0,0.0,0.0,d/dr at r = r_over_rs = 1/u (r_s = 1); u-column data consumed via d/dr = -u^2 d/du; stencils jet9d8 window=9 degree=8 on strictly increasing r
6.050419869563364,0.16527778593193174,0.25,1.0,1.0,0.0,0.0,0.0,0.0,0.0,0.0,0.0,d/dr at r = r_over_rs = 1/u (r_s = 1); u-column data consumed via d/dr = -u^2 d/du; stencils jet9d8 window=9 degree=8 on strictly increasing r
6.030216045361596,0.16583153778863258,0.25,1.0,1.0,0.0,0.0,0.0,0.0,0.0,0.0,0.0,d/dr at r = r_over_rs = 1/u (r_s = 1); u-column data consumed via d/dr = -u^2 d/du; stencils jet9d8 window=9 degree=8 on strictly increasing r
6.0101467030625,0.16638528964533345,0.25,1.0,1.0,0.0,0.0,0.0,0.0,0.0,0.0,0.0,d/dr at r = r_over_rs = 1/u (r_s = 1); u-column data consumed via d/dr = -u^2 d/du; stencils jet9d8 window=9 degree=8 on strictly increasing r
5.990210504400278,0.1669390415020343,0.25,1.0,1.0,0.0,0.0,0.0,0.0,0.0,0.0,0.0,d/dr at r = r_over_rs = 1/u (r_s = 1); u-column data consumed via d/dr = -u^2 d/du; stencils jet9d8 window=9 degree=8 on strictly increasing r
5.970406128807018,0.16749279335873518,0.25,1.0,1.0,0.0,0.0,0.0,0.0,0.0,0.0,0.0,d/dr at r = r_over_rs = 1/u (r_s = 1); u-column data consumed via d/dr = -u^2 d/du; stencils jet9d8 window=9 degree=8 on strictly increasing r
5.950732273121104,0.16804654521543602,0.25,1.0,1.0,0.0,0.0,0.0,0.0,0.0,0.0,0.0,d/dr at r = r_over_rs = 1/u (r_s = 1); u-column data consumed via d/dr = -u^2 d/du; stencils jet9d8 window=9 degree=8 on strictly increasing r
5.931187651301366,0.16860029707213686,0.25,1.0,1.0,0.0,0.0,0.0,0.0,0.0,0.0,0.0,d/dr at r = r_over_rs = 1/u (r_s = 1); u-column data consumed via d/dr = -u^2 d/du; stencils jet9d8 window=9 degree=8 on strictly increasing r
5.911770994146851,0.16915404892883773,0.25,1.0,1.0,0.0,0.0,0.0,0.0,0.0,0.0,0.0,d/dr at r = r_over_rs = 1/u (r_s = 1); u-column data consumed via d/dr = -u^2 d/du; stencils jet9d8 window=9 degree=8 on strictly increasing r
5.892481049022076,0.1697078007855386,0.25,1.0,1.0,0.0,0.0,0.0,0.0,0.0,0.0,0.0,d/dr at r = r_over_rs = 1/u (r_s = 1); u-column data consumed via d/dr = -u^2 d/du; stencils jet9d8 window=9 degree=8 on strictly increasing r
5.873316579587648,0.17026155264223944,0.25,1.0,1.0,0.0,0.0,0.0,0.0,0.0,0.0,0.0,d/dr at r = r_over_rs = 1/u (r_s = 1); u-column data consumed via d/dr = -u^2 d/du; stencils jet9d8 window=9 degree=8 on strictly increasing r
5.854276365536109,0.17081530449894028,0.25,1.0,1.0,0.0,0.0,0.0,0.0,0.0,0.0,0.0,d/dr at r = r_over_rs = 1/u (r_s = 1); u-column data consumed via d/dr = -u^2 d/du; stencils jet9d8 window=9 degree=8 on strictly increasing r
5.835359202332924,0.17136905635564115,0.25,1.0,1.0,0.0,0.0,0.0,0.0,0.0,0.0,0.0,d/dr at r = r_over_rs = 1/u (r_s = 1); u-column data consumed via d/dr = -u^2 d/du; stencils jet9d8 window=9 degree=8 on strictly increasing r
5.816563900962454,0.17192280821234202,0.25,1.0,1.0,0.0,0.0,0.0,0.0,0.0,0.0,0.0,d/dr at r = r_over_rs = 1/u (r_s = 1); u-column data consumed via d/dr = -u^2 d/du; stencils jet9d8 window=9 degree=8 on strictly increasing r
5.797889287678843,0.17247656006904286,0.25,1.0,1.0,0.0,0.0,0.0,0.0,0.0,0.0,0.0,d/dr at r = r_over_rs = 1/u (r_s = 1); u-column data consumed via d/dr = -u^2 d/du; stencils jet9d8 window=9 degree=8 on strictly increasing r
5.779334203761662,0.1730303119257437,0.25,1.0,1.0,0.0,0.0,0.0,0.0,0.0,0.0,0.0,d/dr at r = r_over_rs = 1/u (r_s = 1); u-column data consumed via d/dr = -u^2 d/du; stencils jet9d8 window=9 degree=8 on strictly increasing r
5.76089750527626,0.17358406378244456,0.25,1.0,1.0,0.0,0.0,0.0,0.0,0.0,0.0,0.0,d/dr at r = r_over_rs = 1/u (r_s = 1); u-column data consumed via d/dr = -u^2 d/du; stencils jet9d8 window=9 degree=8 on strictly increasing r
5.742578062838663,0.17413781563914543,0.25,1.0,1.0,0.0,0.0,0.0,0.0,0.0,0.0,0.0,d/dr at r = r_over_rs = 1/u (r_s = 1); u-column data consumed via d/dr = -u^2 d/du; stencils jet9d8 window=9 degree=8 on strictly increasing r
5.724374761384961,0.1746915674958463,0.25,1.0,1.0,0.0,0.0,0.0,0.0,0.0,0.0,0.0,d/dr at r = r_over_rs = 1/u (r_s = 1); u-column data consumed via d/dr = -u^2 d/du; stencils jet9d8 window=9 degree=8 on strictly increasing r
5.706286499945057,0.17524531935254714,0.25,1.0,1.0,0.0,0.0,0.0,0.0,0.0,0.0,0.0,d/dr at r = r_over_rs = 1/u (r_s = 1); u-column data consumed via d/dr = -u^2 d/du; stencils jet9d8 window=9 degree=8 on strictly increasing r
5.688312191420694,0.17579907120924798,0.25,1.0,1.0,0.0,0.0,0.0,0.0,0.0,0.0,0.0,d/dr at r = r_over_rs = 1/u (r_s = 1); u-column data consumed via d/dr = -u^2 d/du; stencils jet9d8 window=9 degree=8 on strictly increasing r
5.670450762367667,0.17635282306594885,0.25,1.0,1.0,0.0,0.0,0.0,0.0,0.0,0.0,0.0,d/dr at r = r_over_rs = 1/u (r_s = 1); u-column data consumed via d/dr = -u^2 d/du; stencils jet9d8 window=9 degree=8 on strictly increasing r
5.652701152782128,0.17690657492264972,0.25,1.0,1.0,0.0,0.0,0.0,0.0,0.0,0.0,0.0,d/dr at r = r_over_rs = 1/u (r_s = 1); u-column data consumed via d/dr = -u^2 d/du; stencils jet9d8 window=9 degree=8 on strictly increasing r
5.635062315890883,0.17746032677935056,0.25,1.0,1.0,0.0,0.0,0.0,0.0,0.0,0.0,0.0,d/dr at r = r_over_rs = 1/u (r_s = 1); u-column data consumed via d/dr = -u^2 d/du; stencils jet9d8 window=9 degree=8 on strictly increasing r
5.617533217945606,0.1780140786360514,0.25,1.0,1.0,0.0,0.0,0.0,0.0,0.0,0.0,0.0,d/dr at r = r_over_rs = 1/u (r_s = 1); u-column data consumed via d/dr = -u^2 d/du; stencils jet9d8 window=9 degree=8 on strictly increasing r
5.600112838020889,0.17856783049275227,0.25,1.0,1.0,0.0,0.0,0.0,0.0,0.0,0.0,0.0,d/dr at r = r_over_rs = 1/u (r_s = 1); u-column data consumed via d/dr = -u^2 d/du; stencils jet9d8 window=9 degree=8 on strictly increasing r
5.582800167816031,0.17912158234945313,0.25,1.0,1.0,0.0,0.0,0.0,0.0,0.0,0.0,0.0,d/dr at r = r_over_rs = 1/u (r_s = 1); u-column data consumed via d/dr = -u^2 d/du; stencils jet9d8 window=9 degree=8 on strictly increasing r
5.565594211460493,0.17967533420615397,0.25,1.0,1.0,0.0,0.0,0.0,0.0,0.0,0.0,0.0,d/dr at r = r_over_rs = 1/u (r_s = 1); u-column data consumed via d/dr = -u^2 d/du; stencils jet9d8 window=9 degree=8 on strictly increasing r
5.548493985322937,0.18022908606285484,0.25,1.0,1.0,0.0,0.0,0.0,0.0,0.0,0.0,0.0,d/dr at r = r_over_rs = 1/u (r_s = 1); u-column data consumed via d/dr = -u^2 d/du; stencils jet9d8 window=9 degree=8 on strictly increasing r
5.531498517823786,0.18078283791955568,0.25,1.0,1.0,0.0,0.0,0.0,0.0,0.0,0.0,0.0,d/dr at r = r_over_rs = 1/u (r_s = 1); u-column data consumed via d/dr = -u^2 d/du; stencils jet9d8 window=9 degree=8 on strictly increasing r
5.514606849251202,0.18133658977625655,0.25,1.0,1.0,0.0,0.0,0.0,0.0,0.0,0.0,0.0,d/dr at r = r_over_rs = 1/u (r_s = 1); u-column data consumed via d/dr = -u^2 d/du; stencils jet9d8 window=9 degree=8 on strictly increasing r
5.497818031580442,0.18189034163295742,0.25,1.0,1.0,0.0,0.0,0.0,0.0,0.0,0.0,0.0,d/dr at r = r_over_rs = 1/u (r_s = 1); u-column data consumed via d/dr = -u^2 d/du; stencils jet9d8 window=9 degree=8 on strictly increasing r
5.481131128296485,0.18244409348965826,0.25,1.0,1.0,0.0,0.0,0.0,0.0,0.0,0.0,0.0,d/dr at r = r_over_rs = 1/u (r_s = 1); u-column data consumed via d/dr = -u^2 d/du; stencils jet9d8 window=9 degree=8 on strictly increasing r
5.4645452142199,0.1829978453463591,0.25,1.0,1.0,0.0,0.0,0.0,0.0,0.0,0.0,0.0,d/dr at r = r_over_rs = 1/u (r_s = 1); u-column data consumed via d/dr = -u^2 d/du; stencils jet9d8 window=9 degree=8 on strictly increasing r
5.448059375335848,0.18355159720305994,0.25,1.0,1.0,0.0,0.0,0.0,0.0,0.0,0.0,0.0,d/dr at r = r_over_rs = 1/u (r_s = 1); u-column data consumed via d/dr = -u^2 d/du; stencils jet9d8 window=9 degree=8 on strictly increasing r
5.431672708626183,0.1841053490597608,0.25,1.0,1.0,0.0,0.0,0.0,0.0,0.0,0.0,0.0,d/dr at r = r_over_rs = 1/u (r_s = 1); u-column data consumed via d/dr = -u^2 d/du; stencils jet9d8 window=9 degree=8 on strictly increasing r
5.415384321904568,0.18465910091646168,0.25,1.0,1.0,0.0,0.0,0.0,0.0,0.0,0.0,0.0,d/dr at r = r_over_rs = 1/u (r_s = 1); u-column data consumed via d/dr = -u^2 d/du; stencils jet9d8 window=9 degree=8 on strictly increasing r
5.399193333654546,0.18521285277316252,0.25,1.0,1.0,0.0,0.0,0.0,0.0,0.0,0.0,0.0,d/dr at r = r_over_rs = 1/u (r_s = 1); u-column data consumed via d/dr = -u^2 d/du; stencils jet9d8 window=9 degree=8 on strictly increasing r
5.383098872870514,0.18576660462986339,0.25,1.0,1.0,0.0,0.0,0.0,0.0,0.0,0.0,0.0,d/dr at r = r_over_rs = 1/u (r_s = 1); u-column data consumed via d/dr = -u^2 d/du; stencils jet9d8 window=9 degree=8 on strictly increasing r
5.367100078901529,0.18632035648656425,0.25,1.0,1.0,0.0,0.0,0.0,0.0,0.0,0.0,0.0,d/dr at r = r_over_rs = 1/u (r_s = 1); u-column data consumed via d/dr = -u^2 d/du; stencils jet9d8 window=9 degree=8 on strictly increasing r
5.351196101297891,0.18687410834326512,0.25,1.0,1.0,0.0,0.0,0.0,0.0,0.0,0.0,0.0,d/dr at r = r_over_rs = 1/u (r_s = 1); u-column data consumed via d/dr = -u^2 d/du; stencils jet9d8 window=9 degree=8 on strictly increasing r
5.335386099660448,0.18742786019996596,0.25,1.0,1.0,0.0,0.0,0.0,0.0,0.0,0.0,0.0,d/dr at r = r_over_rs = 1/u (r_s = 1); u-column data consumed via d/dr = -u^2 d/du; stencils jet9d8 window=9 degree=8 on strictly increasing r
5.319669243492557,0.1879816120566668,0.25,1.0,1.0,0.0,0.0,0.0,0.0,0.0,0.0,0.0,d/dr at r = r_over_rs = 1/u (r_s = 1); u-column data consumed via d/dr = -u^2 d/du; stencils jet9d8 window=9 degree=8 on strictly increasing r
5.304044712054667,0.18853536391336764,0.25,1.0,1.0,0.0,0.0,0.0,0.0,0.0,0.0,0.0,d/dr at r = r_over_rs = 1/u (r_s = 1); u-column data consumed via d/dr = -u^2 d/du; stencils jet9d8 window=9 degree=8 on strictly increasing r
5.2885116942214445,0.18908911577006854,0.25,1.0,1.0,0.0,0.0,0.0,0.0,0.0,0.0,0.0,d/dr at r = r_over_rs = 1/u (r_s = 1); u-column data consumed via d/dr = -u^2 d/du; stencils jet9d8 window=9 degree=8 on strictly increasing r
5.273069388341411,0.18964286762676938,0.25,1.0,1.0,0.0,0.0,0.0,0.0,0.0,0.0,0.0,d/dr at r = r_over_rs = 1/u (r_s = 1); u-column data consumed via d/dr = -u^2 d/du; stencils jet9d8 window=9 degree=8 on strictly increasing r
5.2577170020990245,0.19019661948347022,0.25,1.0,1.0,0.0,0.0,0.0,0.0,0.0,0.0,0.0,d/dr at r = r_over_rs = 1/u (r_s = 1); u-column data consumed via d/dr = -u^2 d/du; stencils jet9d8 window=9 degree=8 on strictly increasing r
5.24245375237917,0.1907503713401711,0.25,1.0,1.0,0.0,0.0,0.0,0.0,0.0,0.0,0.0,d/dr at r = r_over_rs = 1/u (r_s = 1); u-column data consumed via d/dr = -u^2 d/du; stencils jet9d8 window=9 degree=8 on strictly increasing r
5.227278865134001,0.19130412319687196,0.25,1.0,1.0,0.0,0.0,0.0,0.0,0.0,0.0,0.0,d/dr at r = r_over_rs = 1/u (r_s = 1); u-column data consumed via d/dr = -u^2 d/du; stencils jet9d8 window=9 degree=8 on strictly increasing r
5.212191575252088,0.1918578750535728,0.25,1.0,1.0,0.0,0.0,0.0,0.0,0.0,0.0,0.0,d/dr at r = r_over_rs = 1/u (r_s = 1); u-column data consumed via d/dr = -u^2 d/du; stencils jet9d8 window=9 degree=8 on strictly increasing r
5.197191126429823,0.19241162691027366,0.25,1.0,1.0,0.0,0.0,0.0,0.0,0.0,0.0,0.0,d/dr at r = r_over_rs = 1/u (r_s = 1); u-column data consumed via d/dr = -u^2 d/du; stencils jet9d8 window=9 degree=8 on strictly increasing r
5.182276771045041,0.1929653787669745,0.25,1.0,1.0,0.0,0.0,0.0,0.0,0.0,0.0,0.0,d/dr at r = r_over_rs = 1/u (r_s = 1); u-column data consumed via d/dr = -u^2 d/du; stencils jet9d8 window=9 degree=8 on strictly increasing r
5.167447770032814,0.19351913062367535,0.25,1.0,1.0,0.0,0.0,0.0,0.0,0.0,0.0,0.0,d/dr at r = r_over_rs = 1/u (r_s = 1); u-column data consumed via d/dr = -u^2 d/du; stencils jet9d8 window=9 degree=8 on strictly increasing r
5.152703392763363,0.1940728824803762,0.25,1.0,1.0,0.0,0.0,0.0,0.0,0.0,0.0,0.0,d/dr at r = r_over_rs = 1/u (r_s = 1); u-column data consumed via d/dr = -u^2 d/du; stencils jet9d8 window=9 degree=8 on strictly increasing r
5.138042916922067,0.19462663433707708,0.25,1.0,1.0,0.0,0.0,0.0,0.0,0.0,0.0,0.0,d/dr at r = r_over_rs = 1/u (r_s = 1); u-column data consumed via d/dr = -u^2 d/du; stencils jet9d8 window=9 degree=8 on strictly increasing r
5.1234656283915,0.19518038619377792,0.25,1.0,1.0,0.0,0.0,0.0,0.0,0.0,0.0,0.0,d/dr at r = r_over_rs = 1/u (r_s = 1); u-column data consumed via d/dr = -u^2 d/du; stencils jet9d8 window=9 degree=8 on strictly increasing r
5.10897082113548,0.1957341380504788,0.25,1.0,1.0,0.0,0.0,0.0,0.0,0.0,0.0,0.0,d/dr at r = r_over_rs = 1/u (r_s = 1); u-column data consumed via d/dr = -u^2 d/du; stencils jet9d8 window=9 degree=8 on strictly increasing r
5.094557797085081,0.19628788990717966,0.25,1.0,1.0,0.0,0.0,0.0,0.0,0.0,0.0,0.0,d/dr at r = r_over_rs = 1/u (r_s = 1); u-column data consumed via d/dr = -u^2 d/du; stencils jet9d8 window=9 degree=8 on strictly increasing r
5.080225866026562,0.19684164176388047,0.25,1.0,1.0,0.0,0.0,0.0,0.0,0.0,0.0,0.0,d/dr at r = r_over_rs = 1/u (r_s = 1); u-column data consumed via d/dr = -u^2 d/du; stencils jet9d8 window=9 degree=8 on strictly increasing r
5.065974345491188,0.19739539362058134,0.25,1.0,1.0,0.0,0.0,0.0,0.0,0.0,0.0,0.0,d/dr at r = r_over_rs = 1/u (r_s = 1); u-column data consumed via d/dr = -u^2 d/du; stencils jet9d8 window=9 degree=8 on strictly increasing r
5.0518025606469,0.1979491454772822,0.25,1.0,1.0,0.0,0.0,0.0,0.0,0.0,0.0,0.0,d/dr at r = r_over_rs = 1/u (r_s = 1); u-column data consumed via d/dr = -u^2 d/du; stencils jet9d8 window=9 degree=8 on strictly increasing r
5.037709844191796,0.19850289733398307,0.25,1.0,1.0,0.0,0.0,0.0,0.0,0.0,0.0,0.0,d/dr at r = r_over_rs = 1/u (r_s = 1); u-column data consumed via d/dr = -u^2 d/du; stencils jet9d8 window=9 degree=8 on strictly increasing r
5.0236955362493925,0.19905664919068392,0.25,1.0,1.0,0.0,0.0,0.0,0.0,0.0,0.0,0.0,d/dr at r = r_over_rs = 1/u (r_s = 1); u-column data consumed via d/dr = -u^2 d/du; stencils jet9d8 window=9 degree=8 on strictly increasing r
5.009758984265623,0.19961040104738476,0.25,1.0,1.0,0.0,0.0,0.0,0.0,0.0,0.0,0.0,d/dr at r = r_over_rs = 1/u (r_s = 1); u-column data consumed via d/dr = -u^2 d/du; stencils jet9d8 window=9 degree=8 on strictly increasing r
4.995899542907559,0.2001641529040856,0.25,1.0,1.0,0.0,0.0,0.0,0.0,0.0,0.0,0.0,d/dr at r = r_over_rs = 1/u (r_s = 1); u-column data consumed via d/dr = -u^2 d/du; stencils jet9d8 window=9 degree=8 on strictly increasing r
4.982116573963791,0.2007179047607865,0.25,1.0,1.0,0.0,0.0,0.0,0.0,0.0,0.0,0.0,d/dr at r = r_over_rs = 1/u (r_s = 1); u-column data consumed via d/dr = -u^2 d/du; stencils jet9d8 window=9 degree=8 on strictly increasing r
4.968409446246469,0.2012716566174874,0.25,1.0,1.0,0.0,0.0,0.0,0.0,0.0,0.0,0.0,d/dr at r = r_over_rs = 1/u (r_s = 1); u-column data consumed via d/dr = -u^2 d/du; stencils jet9d8 window=9 degree=8 on strictly increasing r
4.954777535494951,0.20182540847418823,0.25,1.0,1.0,0.0,0.0,0.0,0.0,0.0,0.0,0.0,d/dr at r = r_over_rs = 1/u (r_s = 1); u-column data consumed via d/dr = -u^2 d/du; stencils jet9d8 window=9 degree=8 on strictly increasing r
4.94122022428102,0.20237916033088904,0.25,1.0,1.0,0.0,0.0,0.0,0.0,0.0,0.0,0.0,d/dr at r = r_over_rs = 1/u (r_s = 1); u-column data consumed via d/dr = -u^2 d/du; stencils jet9d8 window=9 degree=8 on strictly increasing r
4.927736901915675,0.2029329121875899,0.25,1.0,1.0,0.0,0.0,0.0,0.0,0.0,0.0,0.0,d/dr at r = r_over_rs = 1/u (r_s = 1); u-column data consumed via d/dr = -u^2 d/du; stencils jet9d8 window=9 degree=8 on strictly increasing r
4.914326964357431,0.20348666404429078,0.25,1.0,1.0,0.0,0.0,0.0,0.0,0.0,0.0,0.0,d/dr at r = r_over_rs = 1/u (r_s = 1); u-column data consumed via d/dr = -u^2 d/du; stencils jet9d8 window=9 degree=8 on strictly increasing r
4.900989814122116,0.20404041590099156,0.25,1.0,1.0,0.0,0.0,0.0,0.0,0.0,0.0,0.0,d/dr at r = r_over_rs = 1/u (r_s = 1); u-column data consumed via d/dr = -u^2 d/du; stencils jet9d8 window=9 degree=8 on strictly increasing r
4.887724860194122,0.20459416775769246,0.25,1.0,1.0,0.0,0.0,0.0,0.0,0.0,0.0,0.0,d/dr at r = r_over_rs = 1/u (r_s = 1); u-column data consumed via d/dr = -u^2 d/du; stencils jet9d8 window=9 degree=8 on strictly increasing r
4.874531517939114,0.20514791961439333,0.25,1.0,1.0,0.0,0.0,0.0,0.0,0.0,0.0,0.0,d/dr at r = r_over_rs = 1/u (r_s = 1); u-column data consumed via d/dr = -u^2 d/du; stencils jet9d8 window=9 degree=8 on strictly increasing r
4.861409209018134,0.2057016714710942,0.25,1.0,1.0,0.0,0.0,0.0,0.0,0.0,0.0,0.0,d/dr at r = r_over_rs = 1/u (r_s = 1); u-column data consumed via d/dr = -u^2 d/du; stencils jet9d8 window=9 degree=8 on strictly increasing r
4.848357361303089,0.20625542332779506,0.25,1.0,1.0,0.0,0.0,0.0,0.0,0.0,0.0,0.0,d/dr at r = r_over_rs = 1/u (r_s = 1); u-column data consumed via d/dr = -u^2 d/du; stencils jet9d8 window=9 degree=8 on strictly increasing r
4.835375408793605,0.20680917518449587,0.25,1.0,1.0,0.0,0.0,0.0,0.0,0.0,0.0,0.0,d/dr at r = r_over_rs = 1/u (r_s = 1); u-column data consumed via d/dr = -u^2 d/du; stencils jet9d8 window=9 degree=8 on strictly increasing r
4.822462791535202,0.20736292704119674,0.25,1.0,1.0,0.0,0.0,0.0,0.0,0.0,0.0,0.0,d/dr at r = r_over_rs = 1/u (r_s = 1); u-column data consumed via d/dr = -u^2 d/du; stencils jet9d8 window=9 degree=8 on strictly increasing r
4.809618955538789,0.2079166788978976,0.25,1.0,1.0,0.0,0.0,0.0,0.0,0.0,0.0,0.0,d/dr at r = r_over_rs = 1/u (r_s = 1); u-column data consumed via d/dr = -u^2 d/du; stencils jet9d8 window=9 degree=8 on strictly increasing r
4.7968433527014325,0.20847043075459848,0.25,1.0,1.0,0.0,0.0,0.0,0.0,0.0,0.0,0.0,d/dr at r = r_over_rs = 1/u (r_s = 1); u-column data consumed via d/dr = -u^2 d/du; stencils jet9d8 window=9 degree=8 on strictly increasing r
4.78413544072839,0.20902418261129935,0.25,1.0,1.0,0.0,0.0,0.0,0.0,0.0,0.0,0.0,d/dr at r = r_over_rs = 1/u (r_s = 1); u-column data consumed via d/dr = -u^2 d/du; stencils jet9d8 window=9 degree=8 on strictly increasing r
4.771494683056375,0.20957793446800013,0.25,1.0,1.0,0.0,0.0,0.0,0.0,0.0,0.0,0.0,d/dr at r = r_over_rs = 1/u (r_s = 1); u-column data consumed via d/dr = -u^2 d/du; stencils jet9d8 window=9 degree=8 on strictly increasing r
4.758920548778034,0.21013168632470103,0.25,1.0,1.0,0.0,0.0,0.0,0.0,0.0,0.0,0.0,d/dr at r = r_over_rs = 1/u (r_s = 1); u-column data consumed via d/dr = -u^2 d/du; stencils jet9d8 window=9 degree=8 on strictly increasing r
4.74641251256763,0.2106854381814019,0.25,1.0,1.0,0.0,0.0,0.0,0.0,0.0,0.0,0.0,d/dr at r = r_over_rs = 1/u (r_s = 1); u-column data consumed via d/dr = -u^2 d/du; stencils jet9d8 window=9 degree=8 on strictly increasing r
4.733970054607872,0.21123919003810276,0.25,1.0,1.0,0.0,0.0,0.0,0.0,0.0,0.0,0.0,d/dr at r = r_over_rs = 1/u (r_s = 1); u-column data consumed via d/dr = -u^2 d/du; stencils jet9d8 window=9 degree=8 on strictly increasing r
4.721592660517906,0.21179294189480358,0.25,1.0,1.0,0.0,0.0,0.0,0.0,0.0,0.0,0.0,d/dr at r = r_over_rs = 1/u (r_s = 1); u-column data consumed via d/dr = -u^2 d/du; stencils jet9d8 window=9 degree=8 on strictly increasing r
4.709279821282431,0.21234669375150445,0.25,1.0,1.0,0.0,0.0,0.0,0.0,0.0,0.0,0.0,d/dr at r = r_over_rs = 1/u (r_s = 1); u-column data consumed via d/dr = -u^2 d/du; stencils jet9d8 window=9 degree=8 on strictly increasing r
4.697031033181921,0.2129004456082053,0.25,1.0,1.0,0.0,0.0,0.0,0.0,0.0,0.0,0.0,d/dr at r = r_over_rs = 1/u (r_s = 1); u-column data consumed via d/dr = -u^2 d/du; stencils jet9d8 window=9 degree=8 on strictly increasing r
4.684845797723932,0.21345419746490615,0.25,1.0,1.0,0.0,0.0,0.0,0.0,0.0,0.0,0.0,d/dr at r = r_over_rs = 1/u (r_s = 1); u-column data consumed via d/dr = -u^2 d/du; stencils jet9d8 window=9 degree=8 on strictly increasing r
4.672723621575474,0.214007949321607,0.25,1.0,1.0,0.0,0.0,0.0,0.0,0.0,0.0,0.0,d/dr at r = r_over_rs = 1/u (r_s = 1); u-column data consumed via d/dr = -u^2 d/du; stencils jet9d8 window=9 degree=8 on strictly increasing r
4.660664016496434,0.21456170117830786,0.25,1.0,1.0,0.0,0.0,0.0,0.0,0.0,0.0,0.0,d/dr at r = r_over_rs = 1/u (r_s = 1); u-column data consumed via d/dr = -u^2 d/du; stencils jet9d8 window=9 degree=8 on strictly increasing r
4.648666499274025,0.21511545303500873,0.25,1.0,1.0,0.0,0.0,0.0,0.0,0.0,0.0,0.0,d/dr at r = r_over_rs = 1/u (r_s = 1); u-column data consumed via d/dr = -u^2 d/du; stencils jet9d8 window=9 degree=8 on strictly increasing r
4.636730591658245,0.21566920489170963,0.25,1.0,1.0,0.0,0.0,0.0,0.0,0.0,0.0,0.0,d/dr at r = r_over_rs = 1/u (r_s = 1); u-column data consumed via d/dr = -u^2 d/du; stencils jet9d8 window=9 degree=8 on strictly increasing r
4.624855820298329,0.21622295674841047,0.25,1.0,1.0,0.0,0.0,0.0,0.0,0.0,0.0,0.0,d/dr at r = r_over_rs = 1/u (r_s = 1); u-column data consumed via d/dr = -u^2 d/du; stencils jet9d8 window=9 degree=8 on strictly increasing r
4.613041716680172,0.21677670860511128,0.25,1.0,1.0,0.0,0.0,0.0,0.0,0.0,0.0,0.0,d/dr at r = r_over_rs = 1/u (r_s = 1); u-column data consumed via d/dr = -u^2 d/du; stencils jet9d8 window=9 degree=8 on strictly increasing r
4.60128781706471,0.21733046046181217,0.25,1.0,1.0,0.0,0.0,0.0,0.0,0.0,0.0,0.0,d/dr at r = r_over_rs = 1/u (r_s = 1); u-column data consumed via d/dr = -u^2 d/du; stencils jet9d8 window=9 degree=8 on strictly increasing r
4.589593662427247,0.21788421231851302,0.25,1.0,1.0,0.0,0.0,0.0,0.0,0.0,0.0,0.0,d/dr at r = r_over_rs = 1/u (r_s = 1); u-column data consumed via d/dr = -u^2 d/du; stencils jet9d8 window=9 degree=8 on strictly increasing r
4.577958798397691,0.21843796417521388,0.25,1.0,1.0,0.0,0.0,0.0,0.0,0.0,0.0,0.0,d/dr at r = r_over_rs = 1/u (r_s = 1); u-column data consumed via d/dr = -u^2 d/du; stencils jet9d8 window=9 degree=8 on strictly increasing r
4.5663827752017125,0.2189917160319147,0.25,1.0,1.0,0.0,0.0,0.0,0.0,0.0,0.0,0.0,d/dr at r = r_over_rs = 1/u (r_s = 1); u-column data consumed via d/dr = -u^2 d/du; stencils jet9d8 window=9 degree=8 on strictly increasing r
4.554865147602778,0.21954546788861556,0.25,1.0,1.0,0.0,0.0,0.0,0.0,0.0,0.0,0.0,d/dr at r = r_over_rs = 1/u (r_s = 1); u-column data consumed via d/dr = -u^2 d/du; stencils jet9d8 window=9 degree=8 on strictly increasing r
4.543405474845075,0.22009921974531643,0.25,1.0,1.0,0.0,0.0,0.0,0.0,0.0,0.0,0.0,d/dr at r = r_over_rs = 1/u (r_s = 1); u-column data consumed via d/dr = -u^2 d/du; stencils jet9d8 window=9 degree=8 on strictly increasing r
4.532003320597282,0.22065297160201727,0.25,1.0,1.0,0.0,0.0,0.0,0.0,0.0,0.0,0.0,d/dr at r = r_over_rs = 1/u (r_s = 1); u-column data consumed via d/dr = -u^2 d/du; stencils jet9d8 window=9 degree=8 on strictly increasing r
4.520658252897188,0.2212067234587181,0.25,1.0,1.0,0.0,0.0,0.0,0.0,0.0,0.0,0.0,d/dr at r = r_over_rs = 1/u (r_s = 1); u-column data consumed via d/dr = -u^2 d/du; stencils jet9d8 window=9 degree=8 on strictly increasing r
4.509369844097146,0.22176047531541898,0.25,1.0,1.0,0.0,0.0,0.0,0.0,0.0,0.0,0.0,d/dr at r = r_over_rs = 1/u (r_s = 1); u-column data consumed via d/dr = -u^2 d/du; stencils jet9d8 window=9 degree=8 on strictly increasing r
4.49813767081034,0.22231422717211982,0.25,1.0,1.0,0.0,0.0,0.0,0.0,0.0,0.0,0.0,d/dr at r = r_over_rs = 1/u (r_s = 1); u-column data consumed via d/dr = -u^2 d/du; stencils jet9d8 window=9 degree=8 on strictly increasing r
4.486961313857845,0.22286797902882072,0.25,1.0,1.0,0.0,0.0,0.0,0.0,0.0,0.0,0.0,d/dr at r = r_over_rs = 1/u (r_s = 1); u-column data consumed via d/dr = -u^2 d/du; stencils jet9d8 window=9 degree=8 on strictly increasing r
4.475840358216485,0.22342173088552159,0.25,1.0,1.0,0.0,0.0,0.0,0.0,0.0,0.0,0.0,d/dr at r = r_over_rs = 1/u (r_s = 1); u-column data consumed via d/dr = -u^2 d/du; stencils jet9d8 window=9 degree=8 on strictly increasing r
4.464774392967461,0.2239754827422224,0.25,1.0,1.0,0.0,0.0,0.0,0.0,0.0,0.0,0.0,d/dr at r = r_over_rs = 1/u (r_s = 1); u-column data consumed via d/dr = -u^2 d/du; stencils jet9d8 window=9 degree=8 on strictly increasing r
4.453763011245733,0.22452923459892327,0.25,1.0,1.0,0.0,0.0,0.0,0.0,0.0,0.0,0.0,d/dr at r = r_over_rs = 1/u (r_s = 1); u-column data consumed via d/dr = -u^2 d/du; stencils jet9d8 window=9 degree=8 on strictly increasing r
4.44280581019016,0.22508298645562413,0.25,1.0,1.0,0.0,0.0,0.0,0.0,0.0,0.0,0.0,d/dr at r = r_over_rs = 1/u (r_s = 1); u-column data consumed via d/dr = -u^2 d/du; stencils jet9d8 window=9 degree=8 on strictly increasing r
4.431902390894368,0.22563673831232497,0.25,1.0,1.0,0.0,0.0,0.0,0.0,0.0,0.0,0.0,d/dr at r = r_over_rs = 1/u (r_s = 1); u-column data consumed via d/dr = -u^2 d/du; stencils jet9d8 window=9 degree=8 on strictly increasing r
4.421052358358338,0.2261904901690258,0.25,1.0,1.0,0.0,0.0,0.0,0.0,0.0,0.0,0.0,d/dr at r = r_over_rs = 1/u (r_s = 1); u-column data consumed via d/dr = -u^2 d/du; stencils jet9d8 window=9 degree=8 on strictly increasing r
4.410255321440704,0.2267442420257267,0.25,1.0,1.0,0.0,0.0,0.0,0.0,0.0,0.0,0.0,d/dr at r = r_over_rs = 1/u (r_s = 1); u-column data consumed via d/dr = -u^2 d/du; stencils jet9d8 window=9 degree=8 on strictly increasing r
4.399510892811756,0.22729799388242755,0.25,1.0,1.0,0.0,0.0,0.0,0.0,0.0,0.0,0.0,d/dr at r = r_over_rs = 1/u (r_s = 1); u-column data consumed via d/dr = -u^2 d/du; stencils jet9d8 window=9 degree=8 on strictly increasing r
4.38881868890712,0.2278517457391284,0.25,1.0,1.0,0.0,0.0,0.0,0.0,0.0,0.0,0.0,d/dr at r = r_over_rs = 1/u (r_s = 1); u-column data consumed via d/dr = -u^2 d/du; stencils jet9d8 window=9 degree=8 on strictly increasing r
4.378178329882109,0.2284054975958293,0.25,1.0,1.0,0.0,0.0,0.0,0.0,0.0,0.0,0.0,d/dr at r = r_over_rs = 1/u (r_s = 1); u-column data consumed via d/dr = -u^2 d/du; stencils jet9d8 window=9 degree=8 on strictly increasing r
4.367589439566752,0.2289592494525301,0.25,1.0,1.0,0.0,0.0,0.0,0.0,0.0,0.0,0.0,d/dr at r = r_over_rs = 1/u (r_s = 1); u-column data consumed via d/dr = -u^2 d/du; stencils jet9d8 window=9 degree=8 on strictly increasing r
4.357051645421449,0.22951300130923097,0.25,1.0,1.0,0.0,0.0,0.0,0.0,0.0,0.0,0.0,d/dr at r = r_over_rs = 1/u (r_s = 1); u-column data consumed via d/dr = -u^2 d/du; stencils jet9d8 window=9 degree=8 on strictly increasing r
4.346564578493298,0.23006675316593184,0.25,1.0,1.0,0.0,0.0,0.0,0.0,0.0,0.0,0.0,d/dr at r = r_over_rs = 1/u (r_s = 1); u-column data consumed via d/dr = -u^2 d/du; stencils jet9d8 window=9 degree=8 on strictly increasing r
4.336127873373019,0.23062050502263273,0.25,1.0,1.0,0.0,0.0,0.0,0.0,0.0,0.0,0.0,d/dr at r = r_over_rs = 1/u (r_s = 1); u-column data consumed via d/dr = -u^2 d/du; stencils jet9d8 window=9 degree=8 on strictly increasing r
4.325741168152525,0.23117425687933352,0.25,1.0,1.0,0.0,0.0,0.0,0.0,0.0,0.0,0.0,d/dr at r = r_over_rs = 1/u (r_s = 1); u-column data consumed via d/dr = -u^2 d/du; stencils jet9d8 window=9 degree=8 on strictly increasing r
4.315404104383076,0.23172800873603436,0.25,1.0,1.0,0.0,0.0,0.0,0.0,0.0,0.0,0.0,d/dr at r = r_over_rs = 1/u (r_s = 1); u-column data consumed via d/dr = -u^2 d/du; stencils jet9d8 window=9 degree=8 on strictly increasing r
4.305116327034055,0.23228176059273523,0.25,1.0,1.0,0.0,0.0,0.0,0.0,0.0,0.0,0.0,d/dr at r = r_over_rs = 1/u (r_s = 1); u-column data consumed via d/dr = -u^2 d/du; stencils jet9d8 window=9 degree=8 on strictly increasing r
4.294877484452315,0.23283551244943615,0.25,1.0,1.0,0.0,0.0,0.0,0.0,0.0,0.0,0.0,d/dr at r = r_over_rs = 1/u (r_s = 1); u-column data consumed via d/dr = -u^2 d/du; stencils jet9d8 window=9 degree=8 on strictly increasing r
4.284687228322118,0.23338926430613693,0.25,1.0,1.0,0.0,0.0,0.0,0.0,0.0,0.0,0.0,d/dr at r = r_over_rs = 1/u (r_s = 1); u-column data consumed via d/dr = -u^2 d/du; stencils jet9d8 window=9 degree=8 on strictly increasing r
4.274545213625623,0.2339430161628378,0.25,1.0,1.0,0.0,0.0,0.0,0.0,0.0,0.0,0.0,d/dr at r = r_over_rs = 1/u (r_s = 1); u-column data consumed via d/dr = -u^2 d/du; stencils jet9d8 window=9 degree=8 on strictly increasing r
4.264451098603962,0.23449676801953867,0.25,1.0,1.0,0.0,0.0,0.0,0.0,0.0,0.0,0.0,d/dr at r = r_over_rs = 1/u (r_s = 1); u-column data consumed via d/dr = -u^2 d/du; stencils jet9d8 window=9 degree=8 on strictly increasing r
4.254404544718842,0.23505051987623957,0.25,1.0,1.0,0.0,0.0,0.0,0.0,0.0,0.0,0.0,d/dr at r = r_over_rs = 1/u (r_s = 1); u-column data consumed via d/dr = -u^2 d/du; stencils jet9d8 window=9 degree=8 on strictly increasing r
4.244405216614702,0.2356042717329404,0.25,1.0,1.0,0.0,0.0,0.0,0.0,0.0,0.0,0.0,d/dr at r = r_over_rs = 1/u (r_s = 1); u-column data consumed via d/dr = -u^2 d/du; stencils jet9d8 window=9 degree=8 on strictly increasing r
4.234452782081395,0.23615802358964122,0.25,1.0,1.0,0.0,0.0,0.0,0.0,0.0,0.0,0.0,d/dr at r = r_over_rs = 1/u (r_s = 1); u-column data consumed via d/dr = -u^2 d/du; stencils jet9d8 window=9 degree=8 on strictly increasing r
4.224546912017397,0.23671177544634212,0.25,1.0,1.0,0.0,0.0,0.0,0.0,0.0,0.0,0.0,d/dr at r = r_over_rs = 1/u (r_s = 1); u-column data consumed via d/dr = -u^2 d/du; stencils jet9d8 window=9 degree=8 on strictly increasing r
4.214687280393535,0.23726552730304293,0.25,1.0,1.0,0.0,0.0,0.0,0.0,0.0,0.0,0.0,d/dr at r = r_over_rs = 1/u (r_s = 1); u-column data consumed via d/dr = -u^2 d/du; stencils jet9d8 window=9 degree=8 on strictly increasing r
4.204873564217212,0.2378192791597438,0.25,1.0,1.0,0.0,0.0,0.0,0.0,0.0,0.0,0.0,d/dr at r = r_over_rs = 1/u (r_s = 1); u-column data consumed via d/dr = -u^2 d/du; stencils jet9d8 window=9 degree=8 on strictly increasing r
4.195105443497142,0.23837303101644464,0.25,1.0,1.0,0.0,0.0,0.0,0.0,0.0,0.0,0.0,d/dr at r = r_over_rs = 1/u (r_s = 1); u-column data consumed via d/dr = -u^2 d/du; stencils jet9d8 window=9 degree=8 on strictly increasing r
4.185382601208566,0.2389267828731455,0.25,1.0,1.0,0.0,0.0,0.0,0.0,0.0,0.0,0.0,d/dr at r = r_over_rs = 1/u (r_s = 1); u-column data consumed via d/dr = -u^2 d/du; stencils jet9d8 window=9 degree=8 on strictly increasing r
4.175704723258956,0.23948053472984637,0.25,1.0,1.0,0.0,0.0,0.0,0.0,0.0,0.0,0.0,d/dr at r = r_over_rs = 1/u (r_s = 1); u-column data consumed via d/dr = -u^2 d/du; stencils jet9d8 window=9 degree=8 on strictly increasing r
4.166071498454193,0.2400342865865472,0.25,1.0,1.0,0.0,0.0,0.0,0.0,0.0,0.0,0.0,d/dr at r = r_over_rs = 1/u (r_s = 1); u-column data consumed via d/dr = -u^2 d/du; stencils jet9d8 window=9 degree=8 on strictly increasing r
4.156482618465209,0.24058803844324803,0.25,1.0,1.0,0.0,0.0,0.0,0.0,0.0,0.0,0.0,d/dr at r = r_over_rs = 1/u (r_s = 1); u-column data consumed via d/dr = -u^2 d/du; stencils jet9d8 window=9 degree=8 on strictly increasing r
4.146937777795091,0.24114179029994892,0.25,1.0,1.0,0.0,0.0,0.0,0.0,0.0,0.0,0.0,d/dr at r = r_over_rs = 1/u (r_s = 1); u-column data consumed via d/dr = -u^2 d/du; stencils jet9d8 window=9 degree=8 on strictly increasing r
4.137436673746641,0.24169554215664976,0.25,1.0,1.0,0.0,0.0,0.0,0.0,0.0,0.0,0.0,d/dr at r = r_over_rs = 1/u (r_s = 1); u-column data consumed via d/dr = -u^2 d/du; stencils jet9d8 window=9 degree=8 on strictly increasing r
4.127979006390371,0.24224929401335066,0.25,1.0,1.0,0.0,0.0,0.0,0.0,0.0,0.0,0.0,d/dr at r = r_over_rs = 1/u (r_s = 1); u-column data consumed via d/dr = -u^2 d/du; stencils jet9d8 window=9 degree=8 on strictly increasing r
4.118564478532947,0.24280304587005155,0.25,1.0,1.0,0.0,0.0,0.0,0.0,0.0,0.0,0.0,d/dr at r = r_over_rs = 1/u (r_s = 1); u-column data consumed via d/dr = -u^2 d/du; stencils jet9d8 window=9 degree=8 on strictly increasing r
4.1091927956860586,0.2433567977267523,0.25,1.0,1.0,0.0,0.0,0.0,0.0,0.0,0.0,0.0,d/dr at r = r_over_rs = 1/u (r_s = 1); u-column data consumed via d/dr = -u^2 d/du; stencils jet9d8 window=9 degree=8 on strictly increasing r
4.099863666035705,0.2439105495834532,0.25,1.0,1.0,0.0,0.0,0.0,0.0,0.0,0.0,0.0,d/dr at r = r_over_rs = 1/u (r_s = 1); u-column data consumed via d/dr = -u^2 d/du; stencils jet9d8 window=9 degree=8 on strictly increasing r
4.090576800411918,0.24446430144015407,0.25,1.0,1.0,0.0,0.0,0.0,0.0,0.0,0.0,0.0,d/dr at r = r_over_rs = 1/u (r_s = 1); u-column data consumed via d/dr = -u^2 d/du; stencils jet9d8 window=9 degree=8 on strictly increasing r
4.081331912258875,0.24501805329685494,0.25,1.0,1.0,0.0,0.0,0.0,0.0,0.0,0.0,0.0,d/dr at r = r_over_rs = 1/u (r_s = 1); u-column data consumed via d/dr = -u^2 d/du; stencils jet9d8 window=9 degree=8 on strictly increasing r
4.072128717605432,0.24557180515355576,0.25,1.0,1.0,0.0,0.0,0.0,0.0,0.0,0.0,0.0,d/dr at r = r_over_rs = 1/u (r_s = 1); u-column data consumed via d/dr = -u^2 d/du; stencils jet9d8 window=9 degree=8 on strictly increasing r
4.062966935036038,0.24612555701025662,0.25,1.0,1.0,0.0,0.0,0.0,0.0,0.0,0.0,0.0,d/dr at r = r_over_rs = 1/u (r_s = 1); u-column data consumed via d/dr = -u^2 d/du; stencils jet9d8 window=9 degree=8 on strictly increasing r
4.053846285662061,0.2466793088669575,0.25,1.0,1.0,0.0,0.0,0.0,0.0,0.0,0.0,0.0,d/dr at r = r_over_rs = 1/u (r_s = 1); u-column data consumed via d/dr = -u^2 d/du; stencils jet9d8 window=9 degree=8 on strictly increasing r
4.044766493093484,0.24723306072365833,0.25,1.0,1.0,0.0,0.0,0.0,0.0,0.0,0.0,0.0,d/dr at r = r_over_rs = 1/u (r_s = 1); u-column data consumed via d/dr = -u^2 d/du; stencils jet9d8 window=9 degree=8 on strictly increasing r
4.035727283410985,0.24778681258035923,0.25,1.0,1.0,0.0,0.0,0.0,0.0,0.0,0.0,0.0,d/dr at r = r_over_rs = 1/u (r_s = 1); u-column data consumed via d/dr = -u^2 d/du; stencils jet9d8 window=9 degree=8 on strictly increasing r
4.0267283851383935,0.24834056443706007,0.25,1.0,1.0,0.0,0.0,0.0,0.0,0.0,0.0,0.0,d/dr at r = r_over_rs = 1/u (r_s = 1); u-column data consumed via d/dr = -u^2 d/du; stencils jet9d8 window=9 degree=8 on strictly increasing r
4.01776952921551,0.2488943162937609,0.25,1.0,1.0,0.0,0.0,0.0,0.0,0.0,0.0,0.0,d/dr at r = r_over_rs = 1/u (r_s = 1); u-column data consumed via d/dr = -u^2 d/du; stencils jet9d8 window=9 degree=8 on strictly increasing r
4.008850448971291,0.2494480681504618,0.25,1.0,1.0,0.0,0.0,0.0,0.0,0.0,0.0,0.0,d/dr at r = r_over_rs = 1/u (r_s = 1); u-column data consumed via d/dr = -u^2 d/du; stencils jet9d8 window=9 degree=8 on strictly increasing r
3.999970880097391,0.25000182000716265,0.25,1.0,1.0,0.0,0.0,0.0,0.0,0.0,0.0,0.0,d/dr at r = r_over_rs = 1/u (r_s = 1); u-column data consumed via d/dr = -u^2 d/du; stencils jet9d8 window=9 degree=8 on strictly increasing r
3.991130560622051,0.25055557186386346,0.25,1.0,1.0,0.0,0.0,0.0,0.0,0.0,0.0,0.0,d/dr at r = r_over_rs = 1/u (r_s = 1); u-column data consumed via d/dr = -u^2 d/du; stencils jet9d8 window=9 degree=8 on strictly increasing r
3.982329230884333,0.2511093237205643,0.25,1.0,1.0,0.0,0.0,0.0,0.0,0.0,0.0,0.0,d/dr at r = r_over_rs = 1/u (r_s = 1); u-column data consumed via d/dr = -u^2 d/du; stencils jet9d8 window=9 degree=8 on strictly increasing r
3.973566633508703,0.2516630755772652,0.25,1.0,1.0,0.0,0.0,0.0,0.0,0.0,0.0,0.0,d/dr at r = r_over_rs = 1/u (r_s = 1); u-column data consumed via d/dr = -u^2 d/du; stencils jet9d8 window=9 degree=8 on strictly increasing r
3.9648425133799376,0.25221682743396606,0.25,1.0,1.0,0.0,0.0,0.0,0.0,0.0,0.0,0.0,d/dr at r = r_over_rs = 1/u (r_s = 1); u-column data consumed via d/dr = -u^2 d/du; stencils jet9d8 window=9 degree=8 on strictly increasing r
3.956156617618368,0.2527705792906668,0.25,1.0,1.0,0.0,0.0,0.0,0.0,0.0,0.0,0.0,d/dr at r = r_over_rs = 1/u (r_s = 1); u-column data consumed via d/dr = -u^2 d/du; stencils jet9d8 window=9 degree=8 on strictly increasing r
3.94750869555544,0.25332433114736774,0.25,1.0,1.0,0.0,0.0,0.0,0.0,0.0,0.0,0.0,d/dr at r = r_over_rs = 1/u (r_s = 1); u-column data consumed via d/dr = -u^2 d/du; stencils jet9d8 window=9 degree=8 on strictly increasing r
3.9388984987096114,0.2538780830040686,0.25,1.0,1.0,0.0,0.0,0.0,0.0,0.0,0.0,0.0,d/dr at r = r_over_rs = 1/u (r_s = 1); u-column data consumed via d/dr = -u^2 d/du; stencils jet9d8 window=9 degree=8 on strictly increasing r
3.930325780762542,0.2544318348607695,0.25,1.0,1.0,0.0,0.0,0.0,0.0,0.0,0.0,0.0,d/dr at r = r_over_rs = 1/u (r_s = 1); u-column data consumed via d/dr = -u^2 d/du; stencils jet9d8 window=9 degree=8 on strictly increasing r
3.9217902975356096,0.25498558671747035,0.25,1.0,1.0,0.0,0.0,0.0,0.0,0.0,0.0,0.0,d/dr at r = r_over_rs = 1/u (r_s = 1); u-column data consumed via d/dr = -u^2 d/du; stencils jet9d8 window=9 degree=8 on strictly increasing r
3.913291806966725,0.25553933857417116,0.25,1.0,1.0,0.0,0.0,0.0,0.0,0.0,0.0,0.0,d/dr at r = r_over_rs = 1/u (r_s = 1); u-column data consumed via d/dr = -u^2 d/du; stencils jet9d8 window=9 degree=8 on strictly increasing r
3.904830069087448,0.25609309043087203,0.25,1.0,1.0,0.0,0.0,0.0,0.0,0.0,0.0,0.0,d/dr at r = r_over_rs = 1/u (r_s = 1); u-column data consumed via d/dr = -u^2 d/du; stencils jet9d8 window=9 degree=8 on strictly increasing r
3.896404846000402,0.2566468422875729,0.25,1.0,1.0,0.0,0.0,0.0,0.0,0.0,0.0,0.0,d/dr at r = r_over_rs = 1/u (r_s = 1); u-column data consumed via d/dr = -u^2 d/du; stencils jet9d8 window=9 degree=8 on strictly increasing r
3.888015901856981,0.2572005941442738,0.25,1.0,1.0,0.0,0.0,0.0,0.0,0.0,0.0,0.0,d/dr at r = r_over_rs = 1/u (r_s = 1); u-column data consumed via d/dr = -u^2 d/du; stencils jet9d8 window=9 degree=8 on strictly increasing r
3.879663002835339,0.2577543460009746,0.25,1.0,1.0,0.0,0.0,0.0,0.0,0.0,0.0,0.0,d/dr at r = r_over_rs = 1/u (r_s = 1); u-column data consumed via d/dr = -u^2 d/du; stencils jet9d8 window=9 degree=8 on strictly increasing r
3.871345917118664,0.2583080978576754,0.25,1.0,1.0,0.0,0.0,0.0,0.0,0.0,0.0,0.0,d/dr at r = r_over_rs = 1/u (r_s = 1); u-column data consumed via d/dr = -u^2 d/du; stencils jet9d8 window=9 degree=8 on strictly increasing r
3.863064414873736,0.2588618497143763,0.25,1.0,1.0,0.0,0.0,0.0,0.0,0.0,0.0,0.0,d/dr at r = r_over_rs = 1/u (r_s = 1); u-column data consumed via d/dr = -u^2 d/du; stencils jet9d8 window=9 degree=8 on strictly increasing r
3.854818268229756,0.2594156015710771,0.25,1.0,1.0,0.0,0.0,0.0,0.0,0.0,0.0,0.0,d/dr at r = r_over_rs = 1/u (r_s = 1); u-column data consumed via d/dr = -u^2 d/du; stencils jet9d8 window=9 degree=8 on strictly increasing r
3.846607251257444,0.259969353427778,0.25,1.0,1.0,0.0,0.0,0.0,0.0,0.0,0.0,0.0,d/dr at r = r_over_rs = 1/u (r_s = 1); u-column data consumed via d/dr = -u^2 d/du; stencils jet9d8 window=9 degree=8 on strictly increasing r
3.838431139948403,0.26052310528447886,0.25,1.0,1.0,0.0,0.0,0.0,0.0,0.0,0.0,0.0,d/dr at r = r_over_rs = 1/u (r_s = 1); u-column data consumed via d/dr = -u^2 d/du; stencils jet9d8 window=9 degree=8 on strictly increasing r
3.830289712194753,0.26107685714117973,0.25,1.0,1.0,0.0,0.0,0.0,0.0,0.0,0.0,0.0,d/dr at r = r_over_rs = 1/u (r_s = 1); u-column data consumed via d/dr = -u^2 d/du; stencils jet9d8 window=9 degree=8 on strictly increasing r
3.822182747769015,0.2616306089978806,0.25,1.0,1.0,0.0,0.0,0.0,0.0,0.0,0.0,0.0,d/dr at r = r_over_rs = 1/u (r_s = 1); u-column data consumed via d/dr = -u^2 d/du; stencils jet9d8 window=9 degree=8 on strictly increasing r
3.814110028304252,0.26218436085458147,0.25,1.0,1.0,0.0,0.0,0.0,0.0,0.0,0.0,0.0,d/dr at r = r_over_rs = 1/u (r_s = 1); u-column data consumed via d/dr = -u^2 d/du; stencils jet9d8 window=9 degree=8 on strictly increasing r
3.806071337274468,0.2627381127112823,0.25,1.0,1.0,0.0,0.0,0.0,0.0,0.0,0.0,0.0,d/dr at r = r_over_rs = 1/u (r_s = 1); u-column data consumed via d/dr = -u^2 d/du; stencils jet9d8 window=9 degree=8 on strictly increasing r
3.79806645997524,0.26329186456798315,0.25,1.0,1.0,0.0,0.0,0.0,0.0,0.0,0.0,0.0,d/dr at r = r_over_rs = 1/u (r_s = 1); u-column data consumed via d/dr = -u^2 d/du; stencils jet9d8 window=9 degree=8 on strictly increasing r
3.790095183504611,0.263845616424684,0.25,1.0,1.0,0.0,0.0,0.0,0.0,0.0,0.0,0.0,d/dr at r = r_over_rs = 1/u (r_s = 1); u-column data consumed via d/dr = -u^2 d/du; stencils jet9d8 window=9 degree=8 on strictly increasing r
3.782157296744212,0.2643993682813849,0.25,1.0,1.0,0.0,0.0,0.0,0.0,0.0,0.0,0.0,d/dr at r = r_over_rs = 1/u (r_s = 1); u-column data consumed via d/dr = -u^2 d/du; stencils jet9d8 window=9 degree=8 on strictly increasing r
3.7742525903406223,0.2649531201380857,0.25,1.0,1.0,0.0,0.0,0.0,0.0,0.0,0.0,0.0,d/dr at r = r_over_rs = 1/u (r_s = 1); u-column data consumed via d/dr = -u^2 d/du; stencils jet9d8 window=9 degree=8 on strictly increasing r
3.766380856686963,0.26550687199478656,0.25,1.0,1.0,0.0,0.0,0.0,0.0,0.0,0.0,0.0,d/dr at r = r_over_rs = 1/u (r_s = 1); u-column data consumed via d/dr = -u^2 d/du; stencils jet9d8 window=9 degree=8 on strictly increasing r
3.758541889904726,0.26606062385148743,0.25,1.0,1.0,0.0,0.0,0.0,0.0,0.0,0.0,0.0,d/dr at r = r_over_rs = 1/u (r_s = 1); u-column data consumed via d/dr = -u^2 d/du; stencils jet9d8 window=9 degree=8 on strictly increasing r
3.7507354858258224,0.2666143757081883,0.25,1.0,1.0,0.0,0.0,0.0,0.0,0.0,0.0,0.0,d/dr at r = r_over_rs = 1/u (r_s = 1); u-column data consumed via d/dr = -u^2 d/du; stencils jet9d8 window=9 degree=8 on strictly increasing r
3.742961441974857,0.26716812756488917,0.25,1.0,1.0,0.0,0.0,0.0,0.0,0.0,0.0,0.0,d/dr at r = r_over_rs = 1/u (r_s = 1); u-column data consumed via d/dr = -u^2 d/du; stencils jet9d8 window=9 degree=8 on strictly increasing r
3.735219557551622,0.26772187942159,0.25,1.0,1.0,0.0,0.0,0.0,0.0,0.0,0.0,0.0,d/dr at r = r_over_rs = 1/u (r_s = 1); u-column data consumed via d/dr = -u^2 d/du; stencils jet9d8 window=9 degree=8 on strictly increasing r
3.727509633413809,0.26827563127829085,0.25,1.0,1.0,0.0,0.0,0.0,0.0,0.0,0.0,0.0,d/dr at r = r_over_rs = 1/u (r_s = 1); u-column data consumed via d/dr = -u^2 d/du; stencils jet9d8 window=9 degree=8 on strictly increasing r
3.719831472059933,0.2688293831349917,0.25,1.0,1.0,0.0,0.0,0.0,0.0,0.0,0.0,0.0,d/dr at r = r_over_rs = 1/u (r_s = 1); u-column data consumed via d/dr = -u^2 d/du; stencils jet9d8 window=9 degree=8 on strictly increasing r
3.712184877612471,0.2693831349916926,0.25,1.0,1.0,0.0,0.0,0.0,0.0,0.0,0.0,0.0,d/dr at r = r_over_rs = 1/u (r_s = 1); u-column data consumed via d/dr = -u^2 d/du; stencils jet9d8 window=9 degree=8 on strictly increasing r
3.7045696558011993,0.2699368868483934,0.25,1.0,1.0,0.0,0.0,0.0,0.0,0.0,0.0,0.0,d/dr at r = r_over_rs = 1/u (r_s = 1); u-column data consumed via d/dr = -u^2 d/du; stencils jet9d8 window=9 degree=8 on strictly increasing r
3.6969856139467447,0.27049063870509427,0.25,1.0,1.0,0.0,0.0,0.0,0.0,0.0,0.0,0.0,d/dr at r = r_over_rs = 1/u (r_s = 1); u-column data consumed via d/dr = -u^2 d/du; stencils jet9d8 window=9 degree=8 on strictly increasing r
3.6894325609443337,0.27104439056179513,0.25,1.0,1.0,0.0,0.0,0.0,0.0,0.0,0.0,0.0,d/dr at r = r_over_rs = 1/u (r_s = 1); u-column data consumed via d/dr = -u^2 d/du; stencils jet9d8 window=9 degree=8 on strictly increasing r
3.68191030724774,0.271598142418496,0.25,1.0,1.0,0.0,0.0,0.0,0.0,0.0,0.0,0.0,d/dr at r = r_over_rs = 1/u (r_s = 1); u-column data consumed via d/dr = -u^2 d/du; stencils jet9d8 window=9 degree=8 on strictly increasing r
3.674418664853428,0.2721518942751968,0.25,1.0,1.0,0.0,0.0,0.0,0.0,0.0,0.0,0.0,d/dr at r = r_over_rs = 1/u (r_s = 1); u-column data consumed via d/dr = -u^2 d/du; stencils jet9d8 window=9 degree=8 on strictly increasing r
3.6669574472848896,0.2727056461318977,0.25,1.0,1.0,0.0,0.0,0.0,0.0,0.0,0.0,0.0,d/dr at r = r_over_rs = 1/u (r_s = 1); u-column data consumed via d/dr = -u^2 d/du; stencils jet9d8 window=9 degree=8 on strictly increasing r
3.659526469577174,0.27325939798859855,0.25,1.0,1.0,0.0,0.0,0.0,0.0,0.0,0.0,0.0,d/dr at r = r_over_rs = 1/u (r_s = 1); u-column data consumed via d/dr = -u^2 d/du; stencils jet9d8 window=9 degree=8 on strictly increasing r
3.652125548261601,0.2738131498452994,0.25,1.0,1.0,0.0,0.0,0.0,0.0,0.0,0.0,0.0,d/dr at r = r_over_rs = 1/u (r_s = 1); u-column data consumed via d/dr = -u^2 d/du; stencils jet9d8 window=9 degree=8 on strictly increasing r
3.644754501350661,0.27436690170200034,0.25,1.0,1.0,0.0,0.0,0.0,0.0,0.0,0.0,0.0,d/dr at r = r_over_rs = 1/u (r_s = 1); u-column data consumed via d/dr = -u^2 d/du; stencils jet9d8 window=9 degree=8 on strictly increasing r
3.637413148323103,0.2749206535587011,0.25,1.0,1.0,0.0,0.0,0.0,0.0,0.0,0.0,0.0,d/dr at r = r_over_rs = 1/u (r_s = 1); u-column data consumed via d/dr = -u^2 d/du; stencils jet9d8 window=9 degree=8 on strictly increasing r
3.630101310109187,0.27547440541540197,0.25,1.0,1.0,0.0,0.0,0.0,0.0,0.0,0.0,0.0,d/dr at r = r_over_rs = 1/u (r_s = 1); u-column data consumed via d/dr = -u^2 d/du; stencils jet9d8 window=9 degree=8 on strictly increasing r
3.622818809076136,0.27602815727210284,0.25,1.0,1.0,0.0,0.0,0.0,0.0,0.0,0.0,0.0,d/dr at r = r_over_rs = 1/u (r_s = 1); u-column data consumed via d/dr = -u^2 d/du; stencils jet9d8 window=9 degree=8 on strictly increasing r
3.615565469013744,0.27658190912880376,0.25,1.0,1.0,0.0,0.0,0.0,0.0,0.0,0.0,0.0,d/dr at r = r_over_rs = 1/u (r_s = 1); u-column data consumed via d/dr = -u^2 d/du; stencils jet9d8 window=9 degree=8 on strictly increasing r
3.608341115120168,0.27713566098550446,0.25,1.0,1.0,0.0,0.0,0.0,0.0,0.0,0.0,0.0,d/dr at r = r_over_rs = 1/u (r_s = 1); u-column data consumed via d/dr = -u^2 d/du; stencils jet9d8 window=9 degree=8 on strictly increasing r
3.601145573987876,0.2776894128422054,0.25,1.0,1.0,0.0,0.0,0.0,0.0,0.0,0.0,0.0,d/dr at r = r_over_rs = 1/u (r_s = 1); u-column data consumed via d/dr = -u^2 d/du; stencils jet9d8 window=9 degree=8 on strictly increasing r
3.593978673589788,0.27824316469890625,0.25,1.0,1.0,0.0,0.0,0.0,0.0,0.0,0.0,0.0,d/dr at r = r_over_rs = 1/u (r_s = 1); u-column data consumed via d/dr = -u^2 d/du; stencils jet9d8 window=9 degree=8 on strictly increasing r
3.586840243265553,0.2787969165556071,0.25,1.0,1.0,0.0,0.0,0.0,0.0,0.0,0.0,0.0,d/dr at r = r_over_rs = 1/u (r_s = 1); u-column data consumed via d/dr = -u^2 d/du; stencils jet9d8 window=9 degree=8 on strictly increasing r
3.579730113708011,0.27935066841230793,0.25,1.0,1.0,0.0,0.0,0.0,0.0,0.0,0.0,0.0,d/dr at r = r_over_rs = 1/u (r_s = 1); u-column data consumed via d/dr = -u^2 d/du; stencils jet9d8 window=9 degree=8 on strictly increasing r
3.572648116949801,0.2799044202690088,0.25,1.0,1.0,0.0,0.0,0.0,0.0,0.0,0.0,0.0,d/dr at r = r_over_rs = 1/u (r_s = 1); u-column data consumed via d/dr = -u^2 d/du; stencils jet9d8 window=9 degree=8 on strictly increasing r
3.56559408635014,0.28045817212570967,0.25,1.0,1.0,0.0,0.0,0.0,0.0,0.0,0.0,0.0,d/dr at r = r_over_rs = 1/u (r_s = 1); u-column data consumed via d/dr = -u^2 d/du; stencils jet9d8 window=9 degree=8 on strictly increasing r
3.5585678565817487,0.28101192398241054,0.25,1.0,1.0,0.0,0.0,0.0,0.0,0.0,0.0,0.0,d/dr at r = r_over_rs = 1/u (r_s = 1); u-column data consumed via d/dr = -u^2 d/du; stencils jet9d8 window=9 degree=8 on strictly increasing r
3.5515692636179383,0.2815656758391114,0.25,1.0,1.0,0.0,0.0,0.0,0.0,0.0,0.0,0.0,d/dr at r = r_over_rs = 1/u (r_s = 1); u-column data consumed via d/dr = -u^2 d/du; stencils jet9d8 window=9 degree=8 on strictly increasing r
3.544598144719844,0.28211942769581216,0.25,1.0,1.0,0.0,0.0,0.0,0.0,0.0,0.0,0.0,d/dr at r = r_over_rs = 1/u (r_s = 1); u-column data consumed via d/dr = -u^2 d/du; stencils jet9d8 window=9 degree=8 on strictly increasing r
3.537654338423808,0.2826731795525131,0.25,1.0,1.0,0.0,0.0,0.0,0.0,0.0,0.0,0.0,d/dr at r = r_over_rs = 1/u (r_s = 1); u-column data consumed via d/dr = -u^2 d/du; stencils jet9d8 window=9 degree=8 on strictly increasing r
3.5307376845289222,0.28322693140921396,0.25,1.0,1.0,0.0,0.0,0.0,0.0,0.0,0.0,0.0,d/dr at r = r_over_rs = 1/u (r_s = 1); u-column data consumed via d/dr = -u^2 d/du; stencils jet9d8 window=9 degree=8 on strictly increasing r
3.5238480240847,0.2837806832659148,0.25,1.0,1.0,0.0,0.0,0.0,0.0,0.0,0.0,0.0,d/dr at r = r_over_rs = 1/u (r_s = 1); u-column data consumed via d/dr = -u^2 d/du; stencils jet9d8 window=9 degree=8 on strictly increasing r
3.5169851993789027,0.28433443512261564,0.25,1.0,1.0,0.0,0.0,0.0,0.0,0.0,0.0,0.0,d/dr at r = r_over_rs = 1/u (r_s = 1); u-column data consumed via d/dr = -u^2 d/du; stencils jet9d8 window=9 degree=8 on strictly increasing r
3.510149053925504,0.28488818697931656,0.25,1.0,1.0,0.0,0.0,0.0,0.0,0.0,0.0,0.0,d/dr at r = r_over_rs = 1/u (r_s = 1); u-column data consumed via d/dr = -u^2 d/du; stencils jet9d8 window=9 degree=8 on strictly increasing r
3.5033394324528,0.2854419388360174,0.25,1.0,1.0,0.0,0.0,0.0,0.0,0.0,0.0,0.0,d/dr at r = r_over_rs = 1/u (r_s = 1); u-column data consumed via d/dr = -u^2 d/du; stencils jet9d8 window=9 degree=8 on strictly increasing r
3.4965561808916483,0.28599569069271824,0.25,1.0,1.0,0.0,0.0,0.0,0.0,0.0,0.0,0.0,d/dr at r = r_over_rs = 1/u (r_s = 1); u-column data consumed via d/dr = -u^2 d/du; stencils jet9d8 window=9 degree=8 on strictly increasing r
3.4897991463638505,0.2865494425494191,0.25,1.0,1.0,0.0,0.0,0.0,0.0,0.0,0.0,0.0,d/dr at r = r_over_rs = 1/u (r_s = 1); u-column data consumed via d/dr = -u^2 d/du; stencils jet9d8 window=9 degree=8 on strictly increasing r
3.483068177170668,0.2871031944061199,0.25,1.0,1.0,0.0,0.0,0.0,0.0,0.0,0.0,0.0,d/dr at r = r_over_rs = 1/u (r_s = 1); u-column data consumed via d/dr = -u^2 d/du; stencils jet9d8 window=9 degree=8 on strictly increasing r
3.476363122781466,0.2876569462628208,0.25,1.0,1.0,0.0,0.0,0.0,0.0,0.0,0.0,0.0,d/dr at r = r_over_rs = 1/u (r_s = 1); u-column data consumed via d/dr = -u^2 d/du; stencils jet9d8 window=9 degree=8 on strictly increasing r
3.469683833822496,0.2882106981195217,0.25,1.0,1.0,0.0,0.0,0.0,0.0,0.0,0.0,0.0,d/dr at r = r_over_rs = 1/u (r_s = 1); u-column data consumed via d/dr = -u^2 d/du; stencils jet9d8 window=9 degree=8 on strictly increasing r
3.463030162065802,0.2887644499762225,0.25,1.0,1.0,0.0,0.0,0.0,0.0,0.0,0.0,0.0,d/dr at r = r_over_rs = 1/u (r_s = 1); u-column data consumed via d/dr = -u^2 d/du; stencils jet9d8 window=9 degree=8 on strictly increasing r
3.456401960418253,0.28931820183292334,0.25,1.0,1.0,0.0,0.0,0.0,0.0,0.0,0.0,0.0,d/dr at r = r_over_rs = 1/u (r_s = 1); u-column data consumed via d/dr = -u^2 d/du; stencils jet9d8 window=9 degree=8 on strictly increasing r
3.449799082910705,0.2898719536896242,0.25,1.0,1.0,0.0,0.0,0.0,0.0,0.0,0.0,0.0,d/dr at r = r_over_rs = 1/u (r_s = 1); u-column data consumed via d/dr = -u^2 d/du; stencils jet9d8 window=9 degree=8 on strictly increasing r
3.443221384687288,0.2904257055463251,0.25,1.0,1.0,0.0,0.0,0.0,0.0,0.0,0.0,0.0,d/dr at r = r_over_rs = 1/u (r_s = 1); u-column data consumed via d/dr = -u^2 d/du; stencils jet9d8 window=9 degree=8 on strictly increasing r
3.4366687219948084,0.29097945740302594,0.25,1.0,1.0,0.0,0.0,0.0,0.0,0.0,0.0,0.0,d/dr at r = r_over_rs = 1/u (r_s = 1); u-column data consumed via d/dr = -u^2 d/du; stencils jet9d8 window=9 degree=8 on strictly increasing r
3.430140952172281,0.29153320925972676,0.25,1.0,1.0,0.0,0.0,0.0,0.0,0.0,0.0,0.0,d/dr at r = r_over_rs = 1/u (r_s = 1); u-column data consumed via d/dr = -u^2 d/du; stencils jet9d8 window=9 degree=8 on strictly increasing r
3.423637933640571,0.2920869611164276,0.25,1.0,1.0,0.0,0.0,0.0,0.0,0.0,0.0,0.0,d/dr at r = r_over_rs = 1/u (r_s = 1); u-column data consumed via d/dr = -u^2 d/du; stencils jet9d8 window=9 degree=8 on strictly increasing r
3.417159525892162,0.2926407129731285,0.25,1.0,1.0,0.0,0.0,0.0,0.0,0.0,0.0,0.0,d/dr at r = r_over_rs = 1/u (r_s = 1); u-column data consumed via d/dr = -u^2 d/du; stencils jet9d8 window=9 degree=8 on strictly increasing r
3.410705589481036,0.29319446482982936,0.25,1.0,1.0,0.0,0.0,0.0,0.0,0.0,0.0,0.0,d/dr at r = r_over_rs = 1/u (r_s = 1); u-column data consumed via d/dr = -u^2 d/du; stencils jet9d8 window=9 degree=8 on strictly increasing r
3.4042759860126663,0.29374821668653023,0.25,1.0,1.0,0.0,0.0,0.0,0.0,0.0,0.0,0.0,d/dr at r = r_over_rs = 1/u (r_s = 1); u-column data consumed via d/dr = -u^2 d/du; stencils jet9d8 window=9 degree=8 on strictly increasing r
3.3978705781341265,0.29430196854323104,0.25,1.0,1.0,0.0,0.0,0.0,0.0,0.0,0.0,0.0,d/dr at r = r_over_rs = 1/u (r_s = 1); u-column data consumed via d/dr = -u^2 d/du; stencils jet9d8 window=9 degree=8 on strictly increasing r
3.3914892295243084,0.2948557203999319,0.25,1.0,1.0,0.0,0.0,0.0,0.0,0.0,0.0,0.0,d/dr at r = r_over_rs = 1/u (r_s = 1); u-column data consumed via d/dr = -u^2 d/du; stencils jet9d8 window=9 degree=8 on strictly increasing r
3.385131804884253,0.2954094722566328,0.25,1.0,1.0,0.0,0.0,0.0,0.0,0.0,0.0,0.0,d/dr at r = r_over_rs = 1/u (r_s = 1); u-column data consumed via d/dr = -u^2 d/du; stencils jet9d8 window=9 degree=8 on strictly increasing r
3.378798169927587,0.29596322411333364,0.25,1.0,1.0,0.0,0.0,0.0,0.0,0.0,0.0,0.0,d/dr at r = r_over_rs = 1/u (r_s = 1); u-column data consumed via d/dr = -u^2 d/du; stencils jet9d8 window=9 degree=8 on strictly increasing r
3.372488191371068,0.29651697597003446,0.25,1.0,1.0,0.0,0.0,0.0,0.0,0.0,0.0,0.0,d/dr at r = r_over_rs = 1/u (r_s = 1); u-column data consumed via d/dr = -u^2 d/du; stencils jet9d8 window=9 degree=8 on strictly increasing r
3.3662017369252344,0.2970707278267353,0.25,1.0,1.0,0.0,0.0,0.0,0.0,0.0,0.0,0.0,d/dr at r = r_over_rs = 1/u (r_s = 1); u-column data consumed via d/dr = -u^2 d/du; stencils jet9d8 window=9 degree=8 on strictly increasing r
3.359938675285161,0.2976244796834362,0.25,1.0,1.0,0.0,0.0,0.0,0.0,0.0,0.0,0.0,d/dr at r = r_over_rs = 1/u (r_s = 1); u-column data consumed via d/dr = -u^2 d/du; stencils jet9d8 window=9 degree=8 on strictly increasing r
3.3536988761213187,0.29817823154013706,0.25,1.0,1.0,0.0,0.0,0.0,0.0,0.0,0.0,0.0,d/dr at r = r_over_rs = 1/u (r_s = 1); u-column data consumed via d/dr = -u^2 d/du; stencils jet9d8 window=9 degree=8 on strictly increasing r
3.347482210070531,0.2987319833968379,0.25,1.0,1.0,0.0,0.0,0.0,0.0,0.0,0.0,0.0,d/dr at r = r_over_rs = 1/u (r_s = 1); u-column data consumed via d/dr = -u^2 d/du; stencils jet9d8 window=9 degree=8 on strictly increasing r
3.3412885487270345,0.29928573525353874,0.25,1.0,1.0,0.0,0.0,0.0,0.0,0.0,0.0,0.0,d/dr at r = r_over_rs = 1/u (r_s = 1); u-column data consumed via d/dr = -u^2 d/du; stencils jet9d8 window=9 degree=8 on strictly increasing r
3.335117764633642,0.2998394871102396,0.25,1.0,1.0,0.0,0.0,0.0,0.0,0.0,0.0,0.0,d/dr at r = r_over_rs = 1/u (r_s = 1); u-column data consumed via d/dr = -u^2 d/du; stencils jet9d8 window=9 degree=8 on strictly increasing r
3.3289697312729936,0.3003932389669405,0.25,1.0,1.0,0.0,0.0,0.0,0.0,0.0,0.0,0.0,d/dr at r = r_over_rs = 1/u (r_s = 1); u-column data consumed via d/dr = -u^2 d/du; stencils jet9d8 window=9 degree=8 on strictly increasing r
3.322844323058915,0.30094699082364135,0.25,1.0,1.0,0.0,0.0,0.0,0.0,0.0,0.0,0.0,d/dr at r = r_over_rs = 1/u (r_s = 1); u-column data consumed via d/dr = -u^2 d/du; stencils jet9d8 window=9 degree=8 on strictly increasing r
3.316741415327864,0.3015007426803421,0.25,1.0,1.0,0.0,0.0,0.0,0.0,0.0,0.0,0.0,d/dr at r = r_over_rs = 1/u (r_s = 1); u-column data consumed via d/dr = -u^2 d/du; stencils jet9d8 window=9 degree=8 on strictly increasing r
3.31066088433047,0.30205449453704303,0.25,1.0,1.0,0.0,0.0,0.0,0.0,0.0,0.0,0.0,d/dr at r = r_over_rs = 1/u (r_s = 1); u-column data consumed via d/dr = -u^2 d/du; stencils jet9d8 window=9 degree=8 on strictly increasing r
3.3046026072231784,0.3026082463937439,0.25,1.0,1.0,0.0,0.0,0.0,0.0,0.0,0.0,0.0,d/dr at r = r_over_rs = 1/u (r_s = 1); u-column data consumed via d/dr = -u^2 d/du; stencils jet9d8 window=9 degree=8 on strictly increasing r
3.2985664620599686,0.30316199825044476,0.25,1.0,1.0,0.0,0.0,0.0,0.0,0.0,0.0,0.0,d/dr at r = r_over_rs = 1/u (r_s = 1); u-column data consumed via d/dr = -u^2 d/du; stencils jet9d8 window=9 degree=8 on strictly increasing r
3.2925523277841786,0.3037157501071456,0.25,1.0,1.0,0.0,0.0,0.0,0.0,0.0,0.0,0.0,d/dr at r = r_over_rs = 1/u (r_s = 1); u-column data consumed via d/dr = -u^2 d/du; stencils jet9d8 window=9 degree=8 on strictly increasing r
3.286560084220405,0.3042695019638465,0.25,1.0,1.0,0.0,0.0,0.0,0.0,0.0,0.0,0.0,d/dr at r = r_over_rs = 1/u (r_s = 1); u-column data consumed via d/dr = -u^2 d/du; stencils jet9d8 window=9 degree=8 on strictly increasing r
3.280589612066508,0.3048232538205473,0.25,1.0,1.0,0.0,0.0,0.0,0.0,0.0,0.0,0.0,d/dr at r = r_over_rs = 1/u (r_s = 1); u-column data consumed via d/dr = -u^2 d/du; stencils jet9d8 window=9 degree=8 on strictly increasing r
3.274640792885684,0.3053770056772482,0.25,1.0,1.0,0.0,0.0,0.0,0.0,0.0,0.0,0.0,d/dr at r = r_over_rs = 1/u (r_s = 1); u-column data consumed via d/dr = -u^2 d/du; stencils jet9d8 window=9 degree=8 on strictly increasing r
3.268713509098641,0.305930757533949,0.25,1.0,1.0,0.0,0.0,0.0,0.0,0.0,0.0,0.0,d/dr at r = r_over_rs = 1/u (r_s = 1); u-column data consumed via d/dr = -u^2 d/du; stencils jet9d8 window=9 degree=8 on strictly increasing r
3.262807643975848,0.30648450939064986,0.25,1.0,1.0,0.0,0.0,0.0,0.0,0.0,0.0,0.0,d/dr at r = r_over_rs = 1/u (r_s = 1); u-column data consumed via d/dr = -u^2 d/du; stencils jet9d8 window=9 degree=8 on strictly increasing r
3.2569230816298744,0.30703826124735073,0.25,1.0,1.0,0.0,0.0,0.0,0.0,0.0,0.0,0.0,d/dr at r = r_over_rs = 1/u (r_s = 1); u-column data consumed via d/dr = -u^2 d/du; stencils jet9d8 window=9 degree=8 on strictly increasing r
3.2510597070078084,0.3075920131040516,0.25,1.0,1.0,0.0,0.0,0.0,0.0,0.0,0.0,0.0,d/dr at r = r_over_rs = 1/u (r_s = 1); u-column data consumed via d/dr = -u^2 d/du; stencils jet9d8 window=9 degree=8 on strictly increasing r
3.24521740588376,0.30814576496075247,0.25,1.0,1.0,0.0,0.0,0.0,0.0,0.0,0.0,0.0,d/dr at r = r_over_rs = 1/u (r_s = 1); u-column data consumed via d/dr = -u^2 d/du; stencils jet9d8 window=9 degree=8 on strictly increasing r
3.239396064851443,0.3086995168174533,0.25,1.0,1.0,0.0,0.0,0.0,0.0,0.0,0.0,0.0,d/dr at r = r_over_rs = 1/u (r_s = 1); u-column data consumed via d/dr = -u^2 d/du; stencils jet9d8 window=9 degree=8 on strictly increasing r
3.2335955713168345,0.30925326867415415,0.25,1.0,1.0,0.0,0.0,0.0,0.0,0.0,0.0,0.0,d/dr at r = r_over_rs = 1/u (r_s = 1); u-column data consumed via d/dr = -u^2 d/du; stencils jet9d8 window=9 degree=8 on strictly increasing r
3.22781581349092,0.309807020530855,0.25,1.0,1.0,0.0,0.0,0.0,0.0,0.0,0.0,0.0,d/dr at r = r_over_rs = 1/u (r_s = 1); u-column data consumed via d/dr = -u^2 d/du; stencils jet9d8 window=9 degree=8 on strictly increasing r
3.2220566803825097,0.3103607723875559,0.25,1.0,1.0,0.0,0.0,0.0,0.0,0.0,0.0,0.0,d/dr at r = r_over_rs = 1/u (r_s = 1); u-column data consumed via d/dr = -u^2 d/du; stencils jet9d8 window=9 degree=8 on strictly increasing r
3.2163180617911333,0.3109145242442567,0.25,1.0,1.0,0.0,0.0,0.0,0.0,0.0,0.0,0.0,d/dr at r = r_over_rs = 1/u (r_s = 1); u-column data consumed via d/dr = -u^2 d/du; stencils jet9d8 window=9 degree=8 on strictly increasing r
3.21059984830001,0.31146827610095756,0.25,1.0,1.0,0.0,0.0,0.0,0.0,0.0,0.0,0.0,d/dr at r = r_over_rs = 1/u (r_s = 1); u-column data consumed via d/dr = -u^2 d/du; stencils jet9d8 window=9 degree=8 on strictly increasing r
3.204901931269098,0.31202202795765843,0.25,1.0,1.0,0.0,0.0,0.0,0.0,0.0,0.0,0.0,d/dr at r = r_over_rs = 1/u (r_s = 1); u-column data consumed via d/dr = -u^2 d/du; stencils jet9d8 window=9 degree=8 on strictly increasing r
3.1992242028282107,0.3125757798143593,0.25,1.0,1.0,0.0,0.0,0.0,0.0,0.0,0.0,0.0,d/dr at r = r_over_rs = 1/u (r_s = 1); u-column data consumed via d/dr = -u^2 d/du; stencils jet9d8 window=9 degree=8 on strictly increasing r
3.193566555870212,0.3131295316710601,0.25,1.0,1.0,0.0,0.0,0.0,0.0,0.0,0.0,0.0,d/dr at r = r_over_rs = 1/u (r_s = 1); u-column data consumed via d/dr = -u^2 d/du; stencils jet9d8 window=9 degree=8 on strictly increasing r
3.187928884044278,0.313683283527761,0.25,1.0,1.0,0.0,0.0,0.0,0.0,0.0,0.0,0.0,d/dr at r = r_over_rs = 1/u (r_s = 1); u-column data consumed via d/dr = -u^2 d/du; stencils jet9d8 window=9 degree=8 on strictly increasing r
3.182311081749237,0.31423703538446185,0.25,1.0,1.0,0.0,0.0,0.0,0.0,0.0,0.0,0.0,d/dr at r = r_over_rs = 1/u (r_s = 1); u-column data consumed via d/dr = -u^2 d/du; stencils jet9d8 window=9 degree=8 on strictly increasing r
3.176713044126972,0.3147907872411627,0.25,1.0,1.0,0.0,0.0,0.0,0.0,0.0,0.0,0.0,d/dr at r = r_over_rs = 1/u (r_s = 1); u-column data consumed via d/dr = -u^2 d/du; stencils jet9d8 window=9 degree=8 on strictly increasing r
3.1711346670559,0.3153445390978636,0.25,1.0,1.0,0.0,0.0,0.0,0.0,0.0,0.0,0.0,d/dr at r = r_over_rs = 1/u (r_s = 1); u-column data consumed via d/dr = -u^2 d/du; stencils jet9d8 window=9 degree=8 on strictly increasing r
3.165575847144516,0.3158982909545644,0.25,1.0,1.0,0.0,0.0,0.0,0.0,0.0,0.0,0.0,d/dr at r = r_over_rs = 1/u (r_s = 1); u-column data consumed via d/dr = -u^2 d/du; stencils jet9d8 window=9 degree=8 on strictly increasing r
3.1600364817250006,0.31645204281126527,0.25,1.0,1.0,0.0,0.0,0.0,0.0,0.0,0.0,0.0,d/dr at r = r_over_rs = 1/u (r_s = 1); u-column data consumed via d/dr = -u^2 d/du; stencils jet9d8 window=9 degree=8 on strictly increasing r
3.1545164688469063,0.31700579466796613,0.25,1.0,1.0,0.0,0.0,0.0,0.0,0.0,0.0,0.0,d/dr at r = r_over_rs = 1/u (r_s = 1); u-column data consumed via d/dr = -u^2 d/du; stencils jet9d8 window=9 degree=8 on strictly increasing r
3.149015707270898,0.317559546524667,0.25,1.0,1.0,0.0,0.0,0.0,0.0,0.0,0.0,0.0,d/dr at r = r_over_rs = 1/u (r_s = 1); u-column data consumed via d/dr = -u^2 d/du; stencils jet9d8 window=9 degree=8 on strictly increasing r
3.1435340964625667,0.3181132983813678,0.25,1.0,1.0,0.0,0.0,0.0,0.0,0.0,0.0,0.0,d/dr at r = r_over_rs = 1/u (r_s = 1); u-column data consumed via d/dr = -u^2 d/du; stencils jet9d8 window=9 degree=8 on strictly increasing r
3.1380715365863003,0.3186670502380687,0.25,1.0,1.0,0.0,0.0,0.0,0.0,0.0,0.0,0.0,d/dr at r = r_over_rs = 1/u (r_s = 1); u-column data consumed via d/dr = -u^2 d/du; stencils jet9d8 window=9 degree=8 on strictly increasing r
3.132627928499228,0.31922080209476955,0.25,1.0,1.0,0.0,0.0,0.0,0.0,0.0,0.0,0.0,d/dr at r = r_over_rs = 1/u (r_s = 1); u-column data consumed via d/dr = -u^2 d/du; stencils jet9d8 window=9 degree=8 on strictly increasing r
3.127203173745219,0.3197745539514704,0.25,1.0,1.0,0.0,0.0,0.0,0.0,0.0,0.0,0.0,d/dr at r = r_over_rs = 1/u (r_s = 1); u-column data consumed via d/dr = -u^2 d/du; stencils jet9d8 window=9 degree=8 on strictly increasing r
3.1217971745489463,0.3203283058081713,0.25,1.0,1.0,0.0,0.0,0.0,0.0,0.0,0.0,0.0,d/dr at r = r_over_rs = 1/u (r_s = 1); u-column data consumed via d/dr = -u^2 d/du; stencils jet9d8 window=9 degree=8 on strictly increasing r
3.116409833810016,0.3208820576648721,0.25,1.0,1.0,0.0,0.0,0.0,0.0,0.0,0.0,0.0,d/dr at r = r_over_rs = 1/u (r_s = 1); u-column data consumed via d/dr = -u^2 d/du; stencils jet9d8 window=9 degree=8 on strictly increasing r
3.111041055097147,0.32143580952157297,0.25,1.0,1.0,0.0,0.0,0.0,0.0,0.0,0.0,0.0,d/dr at r = r_over_rs = 1/u (r_s = 1); u-column data consumed via d/dr = -u^2 d/du; stencils jet9d8 window=9 degree=8 on strictly increasing r
3.105690742642425,0.32198956137827384,0.25,1.0,1.0,0.0,0.0,0.0,0.0,0.0,0.0,0.0,d/dr at r = r_over_rs = 1/u (r_s = 1); u-column data consumed via d/dr = -u^2 d/du; stencils jet9d8 window=9 degree=8 on strictly increasing r
3.1003588013356027,0.3225433132349747,0.25,1.0,1.0,0.0,0.0,0.0,0.0,0.0,0.0,0.0,d/dr at r = r_over_rs = 1/u (r_s = 1); u-column data consumed via d/dr = -u^2 d/du; stencils jet9d8 window=9 degree=8 on strictly increasing r
3.095045136718466,0.3230970650916755,0.25,1.0,1.0,0.0,0.0,0.0,0.0,0.0,0.0,0.0,d/dr at r = r_over_rs = 1/u (r_s = 1); u-column data consumed via d/dr = -u^2 d/du; stencils jet9d8 window=9 degree=8 on strictly increasing r
3.089749654979255,0.3236508169483764,0.25,1.0,1.0,0.0,0.0,0.0,0.0,0.0,0.0,0.0,d/dr at r = r_over_rs = 1/u (r_s = 1); u-column data consumed via d/dr = -u^2 d/du; stencils jet9d8 window=9 degree=8 on strictly increasing r
3.084472262947145,0.32420456880507725,0.25,1.0,1.0,0.0,0.0,0.0,0.0,0.0,0.0,0.0,d/dr at r = r_over_rs = 1/u (r_s = 1); u-column data consumed via d/dr = -u^2 d/du; stencils jet9d8 window=9 degree=8 on strictly increasing r
3.07921286808678,0.3247583206617781,0.25,1.0,1.0,0.0,0.0,0.0,0.0,0.0,0.0,0.0,d/dr at r = r_over_rs = 1/u (r_s = 1); u-column data consumed via d/dr = -u^2 d/du; stencils jet9d8 window=9 degree=8 on strictly increasing r
3.0739713784928657,0.325312072518479,0.25,1.0,1.0,0.0,0.0,0.0,0.0,0.0,0.0,0.0,d/dr at r = r_over_rs = 1/u (r_s = 1); u-column data consumed via d/dr = -u^2 d/du; stencils jet9d8 window=9 degree=8 on strictly increasing r
3.068747702884816,0.32586582437517986,0.25,1.0,1.0,0.0,0.0,0.0,0.0,0.0,0.0,0.0,d/dr at r = r_over_rs = 1/u (r_s = 1); u-column data consumed via d/dr = -u^2 d/du; stencils jet9d8 window=9 degree=8 on strictly increasing r
3.0635417506014524,0.32641957623188067,0.25,1.0,1.0,0.0,0.0,0.0,0.0,0.0,0.0,0.0,d/dr at r = r_over_rs = 1/u (r_s = 1); u-column data consumed via d/dr = -u^2 d/du; stencils jet9d8 window=9 degree=8 on strictly increasing r
3.058353431595761,0.3269733280885816,0.25,1.0,1.0,0.0,0.0,0.0,0.0,0.0,0.0,0.0,d/dr at r = r_over_rs = 1/u (r_s = 1); u-column data consumed via d/dr = -u^2 d/du; stencils jet9d8 window=9 degree=8 on strictly increasing r
3.0531826564297,0.3275270799452824,0.25,1.0,1.0,0.0,0.0,0.0,0.0,0.0,0.0,0.0,d/dr at r = r_over_rs = 1/u (r_s = 1); u-column data consumed via d/dr = -u^2 d/du; stencils jet9d8 window=9 degree=8 on strictly increasing r
3.04802933626906,0.3280808318019832,0.25,1.0,1.0,0.0,0.0,0.0,0.0,0.0,0.0,0.0,d/dr at r = r_over_rs = 1/u (r_s = 1); u-column data consumed via d/dr = -u^2 d/du; stencils jet9d8 window=9 degree=8 on strictly increasing r
3.0428933828783764,0.3286345836586841,0.25,1.0,1.0,0.0,0.0,0.0,0.0,0.0,0.0,0.0,d/dr at r = r_over_rs = 1/u (r_s = 1); u-column data consumed via d/dr = -u^2 d/du; stencils jet9d8 window=9 degree=8 on strictly increasing r
3.037774708615895,0.32918833551538496,0.25,1.0,1.0,0.0,0.0,0.0,0.0,0.0,0.0,0.0,d/dr at r = r_over_rs = 1/u (r_s = 1); u-column data consumed via d/dr = -u^2 d/du; stencils jet9d8 window=9 degree=8 on strictly increasing r
3.032673226428585,0.3297420873720858,0.25,1.0,1.0,0.0,0.0,0.0,0.0,0.0,0.0,0.0,d/dr at r = r_over_rs = 1/u (r_s = 1); u-column data consumed via d/dr = -u^2 d/du; stencils jet9d8 window=9 degree=8 on strictly increasing r
3.027588849847206,0.3302958392287867,0.25,1.0,1.0,0.0,0.0,0.0,0.0,0.0,0.0,0.0,d/dr at r = r_over_rs = 1/u (r_s = 1); u-column data consumed via d/dr = -u^2 d/du; stencils jet9d8 window=9 degree=8 on strictly increasing r
3.02252149298142,0.3308495910854875,0.25,1.0,1.0,0.0,0.0,0.0,0.0,0.0,0.0,0.0,d/dr at r = r_over_rs = 1/u (r_s = 1); u-column data consumed via d/dr = -u^2 d/du; stencils jet9d8 window=9 degree=8 on strictly increasing r
3.0174710705149552,0.3314033429421884,0.25,1.0,1.0,0.0,0.0,0.0,0.0,0.0,0.0,0.0,d/dr at r = r_over_rs = 1/u (r_s = 1); u-column data consumed via d/dr = -u^2 d/du; stencils jet9d8 window=9 degree=8 on strictly increasing r
3.012437497700821,0.33195709479888924,0.25,1.0,1.0,0.0,0.0,0.0,0.0,0.0,0.0,0.0,d/dr at r = r_over_rs = 1/u (r_s = 1); u-column data consumed via d/dr = -u^2 d/du; stencils jet9d8 window=9 degree=8 on strictly increasing r
3.007420690356563,0.3325108466555901,0.25,1.0,1.0,0.0,0.0,0.0,0.0,0.0,0.0,0.0,d/dr at r = r_over_rs = 1/u (r_s = 1); u-column data consumed via d/dr = -u^2 d/du; stencils jet9d8 window=9 degree=8 on strictly increasing r
3.002420564859574,0.333064598512291,0.25,1.0,1.0,0.0,0.0,0.0,0.0,0.0,0.0,0.0,d/dr at r = r_over_rs = 1/u (r_s = 1); u-column data consumed via d/dr = -u^2 d/du; stencils jet9d8 window=9 degree=8 on strictly increasing r
2.997437038142448,0.33361835036899173,0.25,1.0,1.0,0.0,0.0,0.0,0.0,0.0,0.0,0.0,d/dr at r = r_over_rs = 1/u (r_s = 1); u-column data consumed via d/dr = -u^2 d/du; stencils jet9d8 window=9 degree=8 on strictly increasing r
2.992470027688372,0.33417210222569266,0.25,1.0,1.0,0.0,0.0,0.0,0.0,0.0,0.0,0.0,d/dr at r = r_over_rs = 1/u (r_s = 1); u-column data consumed via d/dr = -u^2 d/du; stencils jet9d8 window=9 degree=8 on strictly increasing r
2.987519451526585,0.3347258540823935,0.25,1.0,1.0,0.0,0.0,0.0,0.0,0.0,0.0,0.0,d/dr at r = r_over_rs = 1/u (r_s = 1); u-column data consumed via d/dr = -u^2 d/du; stencils jet9d8 window=9 degree=8 on strictly increasing r
2.9825852282278578,0.3352796059390944,0.25,1.0,1.0,0.0,0.0,0.0,0.0,0.0,0.0,0.0,d/dr at r = r_over_rs = 1/u (r_s = 1); u-column data consumed via d/dr = -u^2 d/du; stencils jet9d8 window=9 degree=8 on strictly increasing r
2.977667276900033,0.3358333577957952,0.25,1.0,1.0,0.0,0.0,0.0,0.0,0.0,0.0,0.0,d/dr at r = r_over_rs = 1/u (r_s = 1); u-column data consumed via d/dr = -u^2 d/du; stencils jet9d8 window=9 degree=8 on strictly increasing r
2.9727655171836034,0.3363871096524961,0.25,1.0,1.0,0.0,0.0,0.0,0.0,0.0,0.0,0.0,d/dr at r = r_over_rs = 1/u (r_s = 1); u-column data consumed via d/dr = -u^2 d/du; stencils jet9d8 window=9 degree=8 on strictly increasing r
2.9678798692473354,0.33694086150919694,0.25,1.0,1.0,0.0,0.0,0.0,0.0,0.0,0.0,0.0,d/dr at r = r_over_rs = 1/u (r_s = 1); u-column data consumed via d/dr = -u^2 d/du; stencils jet9d8 window=9 degree=8 on strictly increasing r
2.963010253783936,0.33749461336589776,0.25,1.0,1.0,0.0,0.0,0.0,0.0,0.0,0.0,0.0,d/dr at r = r_over_rs = 1/u (r_s = 1); u-column data consumed via d/dr = -u^2 d/du; stencils jet9d8 window=9 degree=8 on strictly increasing r
2.958156592005757,0.3380483652225987,0.25,1.0,1.0,0.0,0.0,0.0,0.0,0.0,0.0,0.0,d/dr at r = r_over_rs = 1/u (r_s = 1); u-column data consumed via d/dr = -u^2 d/du; stencils jet9d8 window=9 degree=8 on strictly increasing r
2.9533188056405546,0.3386021170792995,0.25,1.0,1.0,0.0,0.0,0.0,0.0,0.0,0.0,0.0,d/dr at r = r_over_rs = 1/u (r_s = 1); u-column data consumed via d/dr = -u^2 d/du; stencils jet9d8 window=9 degree=8 on strictly increasing r
2.948496816927272,0.3391558689360003,0.25,1.0,1.0,0.0,0.0,0.0,0.0,0.0,0.0,0.0,d/dr at r = r_over_rs = 1/u (r_s = 1); u-column data consumed via d/dr = -u^2 d/du; stencils jet9d8 window=9 degree=8 on strictly increasing r
2.9436905486118787,0.33970962079270123,0.25,1.0,1.0,0.0,0.0,0.0,0.0,0.0,0.0,0.0,d/dr at r = r_over_rs = 1/u (r_s = 1); u-column data consumed via d/dr = -u^2 d/du; stencils jet9d8 window=9 degree=8 on strictly increasing r
2.9388999239432456,0.3402633726494021,0.25,1.0,1.0,0.0,0.0,0.0,0.0,0.0,0.0,0.0,d/dr at r = r_over_rs = 1/u (r_s = 1); u-column data consumed via d/dr = -u^2 d/du; stencils jet9d8 window=9 degree=8 on strictly increasing r
2.934124866669056,0.34081712450610285,0.25,1.0,1.0,0.0,0.0,0.0,0.0,0.0,0.0,0.0,d/dr at r = r_over_rs = 1/u (r_s = 1); u-column data consumed via d/dr = -u^2 d/du; stencils jet9d8 window=9 degree=8 on strictly increasing r
2.929365301031759,0.3413708763628038,0.25,1.0,1.0,0.0,0.0,0.0,0.0,0.0,0.0,0.0,d/dr at r = r_over_rs = 1/u (r_s = 1); u-column data consumed via d/dr = -u^2 d/du; stencils jet9d8 window=9 degree=8 on strictly increasing r
2.92462115176457,0.34192462821950464,0.25,1.0,1.0,0.0,0.0,0.0,0.0,0.0,0.0,0.0,d/dr at r = r_over_rs = 1/u (r_s = 1); u-column data consumed via d/dr = -u^2 d/du; stencils jet9d8 window=9 degree=8 on strictly increasing r
2.919892344087496,0.34247838007620546,0.25,1.0,1.0,0.0,0.0,0.0,0.0,0.0,0.0,0.0,d/dr at r = r_over_rs = 1/u (r_s = 1); u-column data consumed via d/dr = -u^2 d/du; stencils jet9d8 window=9 degree=8 on strictly increasing r
2.9151788037034096,0.3430321319329063,0.25,1.0,1.0,0.0,0.0,0.0,0.0,0.0,0.0,0.0,d/dr at r = r_over_rs = 1/u (r_s = 1); u-column data consumed via d/dr = -u^2 d/du; stencils jet9d8 window=9 degree=8 on strictly increasing r
2.910480456794157,0.3435858837896072,0.25,1.0,1.0,0.0,0.0,0.0,0.0,0.0,0.0,0.0,d/dr at r = r_over_rs = 1/u (r_s = 1); u-column data consumed via d/dr = -u^2 d/du; stencils jet9d8 window=9 degree=8 on strictly increasing r
2.905797230016705,0.34413963564630806,0.25,1.0,1.0,0.0,0.0,0.0,0.0,0.0,0.0,0.0,d/dr at r = r_over_rs = 1/u (r_s = 1); u-column data consumed via d/dr = -u^2 d/du; stencils jet9d8 window=9 degree=8 on strictly increasing r
2.9011290504993243,0.34469338750300893,0.25,1.0,1.0,0.0,0.0,0.0,0.0,0.0,0.0,0.0,d/dr at r = r_over_rs = 1/u (r_s = 1); u-column data consumed via d/dr = -u^2 d/du; stencils jet9d8 window=9 degree=8 on strictly increasing r
2.896475845837811,0.3452471393597098,0.25,1.0,1.0,0.0,0.0,0.0,0.0,0.0,0.0,0.0,d/dr at r = r_over_rs = 1/u (r_s = 1); u-column data consumed via d/dr = -u^2 d/du; stencils jet9d8 window=9 degree=8 on strictly increasing r
2.8918375440917408,0.3458008912164106,0.25,1.0,1.0,0.0,0.0,0.0,0.0,0.0,0.0,0.0,d/dr at r = r_over_rs = 1/u (r_s = 1); u-column data consumed via d/dr = -u^2 d/du; stencils jet9d8 window=9 degree=8 on strictly increasing r
2.887214073780762,0.3463546430731115,0.25,1.0,1.0,0.0,0.0,0.0,0.0,0.0,0.0,0.0,d/dr at r = r_over_rs = 1/u (r_s = 1); u-column data consumed via d/dr = -u^2 d/du; stencils jet9d8 window=9 degree=8 on strictly increasing r
2.882605363880927,0.34690839492981235,0.25,1.0,1.0,0.0,0.0,0.0,0.0,0.0,0.0,0.0,d/dr at r = r_over_rs = 1/u (r_s = 1); u-column data consumed via d/dr = -u^2 d/du; stencils jet9d8 window=9 degree=8 on strictly increasing r
2.8780113438210506,0.3474621467865132,0.25,1.0,1.0,0.0,0.0,0.0,0.0,0.0,0.0,0.0,d/dr at r = r_over_rs = 1/u (r_s = 1); u-column data consumed via d/dr = -u^2 d/du; stencils jet9d8 window=9 degree=8 on strictly increasing r
2.873431943479112,0.34801589864321403,0.25,1.0,1.0,0.0,0.0,0.0,0.0,0.0,0.0,0.0,d/dr at r = r_over_rs = 1/u (r_s = 1); u-column data consumed via d/dr = -u^2 d/du; stencils jet9d8 window=9 degree=8 on strictly increasing r
2.868867093178682,0.3485696504999149,0.25,1.0,1.0,0.0,0.0,0.0,0.0,0.0,0.0,0.0,d/dr at r = r_over_rs = 1/u (r_s = 1); u-column data consumed via d/dr = -u^2 d/du; stencils jet9d8 window=9 degree=8 on strictly increasing r
2.864316723685396,0.34912340235661576,0.25,1.0,1.0,0.0,0.0,0.0,0.0,0.0,0.0,0.0,d/dr at r = r_over_rs = 1/u (r_s = 1); u-column data consumed via d/dr = -u^2 d/du; stencils jet9d8 window=9 degree=8 on strictly increasing r
2.8597807662034485,0.34967715421331663,0.25,1.0,1.0,0.0,0.0,0.0,0.0,0.0,0.0,0.0,d/dr at r = r_over_rs = 1/u (r_s = 1); u-column data consumed via d/dr = -u^2 d/du; stencils jet9d8 window=9 degree=8 on strictly increasing r
2.8552591523721267,0.35023090607001744,0.25,1.0,1.0,0.0,0.0,0.0,0.0,0.0,0.0,0.0,d/dr at r = r_over_rs = 1/u (r_s = 1); u-column data consumed via d/dr = -u^2 d/du; stencils jet9d8 window=9 degree=8 on strictly increasing r
2.8507518142623782,0.3507846579267183,0.25,1.0,1.0,0.0,0.0,0.0,0.0,0.0,0.0,0.0,d/dr at r = r_over_rs = 1/u (r_s = 1); u-column data consumed via d/dr = -u^2 d/du; stencils jet9d8 window=9 degree=8 on strictly increasing r
2.846258684373408,0.3513384097834192,0.25,1.0,1.0,0.0,0.0,0.0,0.0,0.0,0.0,0.0,d/dr at r = r_over_rs = 1/u (r_s = 1); u-column data consumed via d/dr = -u^2 d/du; stencils jet9d8 window=9 degree=8 on strictly increasing r
2.841779695629309,0.35189216164012005,0.25,1.0,1.0,0.0,0.0,0.0,0.0,0.0,0.0,0.0,d/dr at r = r_over_rs = 1/u (r_s = 1); u-column data consumed via d/dr = -u^2 d/du; stencils jet9d8 window=9 degree=8 on strictly increasing r
2.8373147813757247,0.3524459134968209,0.25,1.0,1.0,0.0,0.0,0.0,0.0,0.0,0.0,0.0,d/dr at r = r_over_rs = 1/u (r_s = 1); u-column data consumed via d/dr = -u^2 d/du; stencils jet9d8 window=9 degree=8 on strictly increasing r
2.832863875376542,0.35299966535352173,0.25,1.0,1.0,0.0,0.0,0.0,0.0,0.0,0.0,0.0,d/dr at r = r_over_rs = 1/u (r_s = 1); u-column data consumed via d/dr = -u^2 d/du; stencils jet9d8 window=9 degree=8 on strictly increasing r
2.828426911810616,0.35355341721022254,0.25,1.0,1.0,0.0,0.0,0.0,0.0,0.0,0.0,0.0,d/dr at r = r_over_rs = 1/u (r_s = 1); u-column data consumed via d/dr = -u^2 d/du; stencils jet9d8 window=9 degree=8 on strictly increasing r
2.8240038252685244,0.35410716906692347,0.25,1.0,1.0,0.0,0.0,0.0,0.0,0.0,0.0,0.0,d/dr at r = r_over_rs = 1/u (r_s = 1); u-column data consumed via d/dr = -u^2 d/du; stencils jet9d8 window=9 degree=8 on strictly increasing r
2.8195945507493576,0.35466092092362433,0.25,1.0,1.0,0.0,0.0,0.0,0.0,0.0,0.0,0.0,d/dr at r = r_over_rs = 1/u (r_s = 1); u-column data consumed via d/dr = -u^2 d/du; stencils jet9d8 window=9 degree=8 on strictly increasing r
2.815199023657529,0.35521467278032515,0.25,1.0,1.0,0.0,0.0,0.0,0.0,0.0,0.0,0.0,d/dr at r = r_over_rs = 1/u (r_s = 1); u-column data consumed via d/dr = -u^2 d/du; stencils jet9d8 window=9 degree=8 on strictly increasing r
2.8108171797996224,0.355768424637026,0.25,1.0,1.0,0.0,0.0,0.0,0.0,0.0,0.0,0.0,d/dr at r = r_over_rs = 1/u (r_s = 1); u-column data consumed via d/dr = -u^2 d/du; stencils jet9d8 window=9 degree=8 on strictly increasing r
2.8064489553812693,0.3563221764937269,0.25,1.0,1.0,0.0,0.0,0.0,0.0,0.0,0.0,0.0,d/dr at r = r_over_rs = 1/u (r_s = 1); u-column data consumed via d/dr = -u^2 d/du; stencils jet9d8 window=9 degree=8 on strictly increasing r
2.8020942870040493,0.35687592835042775,0.25,1.0,1.0,0.0,0.0,0.0,0.0,0.0,0.0,0.0,d/dr at r = r_over_rs = 1/u (r_s = 1); u-column data consumed via d/dr = -u^2 d/du; stencils jet9d8 window=9 degree=8 on strictly increasing r
2.797753111662426,0.3574296802071286,0.25,1.0,1.0,0.0,0.0,0.0,0.0,0.0,0.0,0.0,d/dr at r = r_over_rs = 1/u (r_s = 1); u-column data consumed via d/dr = -u^2 d/du; stencils jet9d8 window=9 degree=8 on strictly increasing r
2.793425366740708,0.3579834320638294,0.25,1.0,1.0,0.0,0.0,0.0,0.0,0.0,0.0,0.0,d/dr at r = r_over_rs = 1/u (r_s = 1); u-column data consumed via d/dr = -u^2 d/du; stencils jet9d8 window=9 degree=8 on strictly increasing r
2.7891109900100344,0.3585371839205303,0.25,1.0,1.0,0.0,0.0,0.0,0.0,0.0,0.0,0.0,d/dr at r = r_over_rs = 1/u (r_s = 1); u-column data consumed via d/dr = -u^2 d/du; stencils jet9d8 window=9 degree=8 on strictly increasing r
2.7848099196253977,0.35909093577723117,0.25,1.0,1.0,0.0,0.0,0.0,0.0,0.0,0.0,0.0,d/dr at r = r_over_rs = 1/u (r_s = 1); u-column data consumed via d/dr = -u^2 d/du; stencils jet9d8 window=9 degree=8 on strictly increasing r
2.780522094122686,0.35964468763393204,0.25,1.0,1.0,0.0,0.0,0.0,0.0,0.0,0.0,0.0,d/dr at r = r_over_rs = 1/u (r_s = 1); u-column data consumed via d/dr = -u^2 d/du; stencils jet9d8 window=9 degree=8 on strictly increasing r
2.776247452415755,0.36019843949063285,0.25,1.0,1.0,0.0,0.0,0.0,0.0,0.0,0.0,0.0,d/dr at r = r_over_rs = 1/u (r_s = 1); u-column data consumed via d/dr = -u^2 d/du; stencils jet9d8 window=9 degree=8 on strictly increasing r
2.771985933793527,0.3607521913473337,0.25,1.0,1.0,0.0,0.0,0.0,0.0,0.0,0.0,0.0,d/dr at r = r_over_rs = 1/u (r_s = 1); u-column data consumed via d/dr = -u^2 d/du; stencils jet9d8 window=9 degree=8 on strictly increasing r
2.7677374779171173,0.36130594320403464,0.25,1.0,1.0,0.0,0.0,0.0,0.0,0.0,0.0,0.0,d/dr at r = r_over_rs = 1/u (r_s = 1); u-column data consumed via d/dr = -u^2 d/du; stencils jet9d8 window=9 degree=8 on strictly increasing r
2.7635020248169875,0.36185969506073545,0.25,1.0,1.0,0.0,0.0,0.0,0.0,0.0,0.0,0.0,d/dr at r = r_over_rs = 1/u (r_s = 1); u-column data consumed via d/dr = -u^2 d/du; stencils jet9d8 window=9 degree=8 on strictly increasing r
2.759279514890121,0.3624134469174362,0.25,1.0,1.0,0.0,0.0,0.0,0.0,0.0,0.0,0.0,d/dr at r = r_over_rs = 1/u (r_s = 1); u-column data consumed via d/dr = -u^2 d/du; stencils jet9d8 window=9 degree=8 on strictly increasing r
2.755069888897228,0.3629671987741371,0.25,1.0,1.0,0.0,0.0,0.0,0.0,0.0,0.0,0.0,d/dr at r = r_over_rs = 1/u (r_s = 1); u-column data consumed via d/dr = -u^2 d/du; stencils jet9d8 window=9 degree=8 on strictly increasing r
2.750873087959978,0.363520950630838,0.25,1.0,1.0,0.0,0.0,0.0,0.0,0.0,0.0,0.0,d/dr at r = r_over_rs = 1/u (r_s = 1); u-column data consumed via d/dr = -u^2 d/du; stencils jet9d8 window=9 degree=8 on strictly increasing r
2.746689053558251,0.36407470248753887,0.25,1.0,1.0,0.0,0.0,0.0,0.0,0.0,0.0,0.0,d/dr at r = r_over_rs = 1/u (r_s = 1); u-column data consumed via d/dr = -u^2 d/du; stencils jet9d8 window=9 degree=8 on strictly increasing r
2.74251772752742,0.36462845434423974,0.25,1.0,1.0,0.0,0.0,0.0,0.0,0.0,0.0,0.0,d/dr at r = r_over_rs = 1/u (r_s = 1); u-column data consumed via d/dr = -u^2 d/du; stencils jet9d8 window=9 degree=8 on strictly increasing r
2.738359052055654,0.36518220620094055,0.25,1.0,1.0,0.0,0.0,0.0,0.0,0.0,0.0,0.0,d/dr at r = r_over_rs = 1/u (r_s = 1); u-column data consumed via d/dr = -u^2 d/du; stencils jet9d8 window=9 degree=8 on strictly increasing r
2.734212969681248,0.36573595805764136,0.25,1.0,1.0,0.0,0.0,0.0,0.0,0.0,0.0,0.0,d/dr at r = r_over_rs = 1/u (r_s = 1); u-column data consumed via d/dr = -u^2 d/du; stencils jet9d8 window=9 degree=8 on strictly increasing r
2.7300794232899754,0.3662897099143423,0.25,1.0,1.0,0.0,0.0,0.0,0.0,0.0,0.0,0.0,d/dr at r = r_over_rs = 1/u (r_s = 1); u-column data consumed via d/dr = -u^2 d/du; stencils jet9d8 window=9 degree=8 on strictly increasing r
2.7259583561124687,0.36684346177104316,0.25,1.0,1.0,0.0,0.0,0.0,0.0,0.0,0.0,0.0,d/dr at r = r_over_rs = 1/u (r_s = 1); u-column data consumed via d/dr = -u^2 d/du; stencils jet9d8 window=9 degree=8 on strictly increasing r
2.7218497117216165,0.36739721362774397,0.25,1.0,1.0,0.0,0.0,0.0,0.0,0.0,0.0,0.0,d/dr at r = r_over_rs = 1/u (r_s = 1); u-column data consumed via d/dr = -u^2 d/du; stencils jet9d8 window=9 degree=8 on strictly increasing r
2.7177534340299894,0.36795096548444484,0.25,1.0,1.0,0.0,0.0,0.0,0.0,0.0,0.0,0.0,d/dr at r = r_over_rs = 1/u (r_s = 1); u-column data consumed via d/dr = -u^2 d/du; stencils jet9d8 window=9 degree=8 on strictly increasing r
2.713669467287289,0.3685047173411457,0.25,1.0,1.0,0.0,0.0,0.0,0.0,0.0,0.0,0.0,d/dr at r = r_over_rs = 1/u (r_s = 1); u-column data consumed via d/dr = -u^2 d/du; stencils jet9d8 window=9 degree=8 on strictly increasing r
2.709597756077819,0.3690584691978466,0.25,1.0,1.0,0.0,0.0,0.0,0.0,0.0,0.0,0.0,d/dr at r = r_over_rs = 1/u (r_s = 1); u-column data consumed via d/dr = -u^2 d/du; stencils jet9d8 window=9 degree=8 on strictly increasing r
2.705538245317976,0.3696122210545474,0.25,1.0,1.0,0.0,0.0,0.0,0.0,0.0,0.0,0.0,d/dr at r = r_over_rs = 1/u (r_s = 1); u-column data consumed via d/dr = -u^2 d/du; stencils jet9d8 window=9 degree=8 on strictly increasing r
2.7014908802537665,0.37016597291124825,0.25,1.0,1.0,0.0,0.0,0.0,0.0,0.0,0.0,0.0,d/dr at r = r_over_rs = 1/u (r_s = 1); u-column data consumed via d/dr = -u^2 d/du; stencils jet9d8 window=9 degree=8 on strictly increasing r
2.697455606458348,0.37071972476794907,0.25,1.0,1.0,0.0,0.0,0.0,0.0,0.0,0.0,0.0,d/dr at r = r_over_rs = 1/u (r_s = 1); u-column data consumed via d/dr = -u^2 d/du; stencils jet9d8 window=9 degree=8 on strictly increasing r
2.693432369829585,0.37127347662465,0.25,1.0,1.0,0.0,0.0,0.0,0.0,0.0,0.0,0.0,d/dr at r = r_over_rs = 1/u (r_s = 1); u-column data consumed via d/dr = -u^2 d/du; stencils jet9d8 window=9 degree=8 on strictly increasing r
2.689421116587634,0.37182722848135086,0.25,1.0,1.0,0.0,0.0,0.0,0.0,0.0,0.0,0.0,d/dr at r = r_over_rs = 1/u (r_s = 1); u-column data consumed via d/dr = -u^2 d/du; stencils jet9d8 window=9 degree=8 on strictly increasing r
2.6854217932725475,0.37238098033805167,0.25,1.0,1.0,0.0,0.0,0.0,0.0,0.0,0.0,0.0,d/dr at r = r_over_rs = 1/u (r_s = 1); u-column data consumed via d/dr = -u^2 d/du; stencils jet9d8 window=9 degree=8 on strictly increasing r
2.6814343467418955,0.37293473219475254,0.25,1.0,1.0,0.0,0.0,0.0,0.0,0.0,0.0,0.0,d/dr at r = r_over_rs = 1/u (r_s = 1); u-column data consumed via d/dr = -u^2 d/du; stencils jet9d8 window=9 degree=8 on strictly increasing r
2.677458724168416,0.3734884840514533,0.25,1.0,1.0,0.0,0.0,0.0,0.0,0.0,0.0,0.0,d/dr at r = r_over_rs = 1/u (r_s = 1); u-column data consumed via d/dr = -u^2 d/du; stencils jet9d8 window=9 degree=8 on strictly increasing r
2.673494873037677,0.3740422359081544,0.25,1.0,1.0,0.0,0.0,0.0,0.0,0.0,0.0,0.0,d/dr at r = r_over_rs = 1/u (r_s = 1); u-column data consumed via d/dr = -u^2 d/du; stencils jet9d8 window=9 degree=8 on strictly increasing r
2.669542741145774,0.3745959877648551,0.25,1.0,1.0,0.0,0.0,0.0,0.0,0.0,0.0,0.0,d/dr at r = r_over_rs = 1/u (r_s = 1); u-column data consumed via d/dr = -u^2 d/du; stencils jet9d8 window=9 degree=8 on strictly increasing r
2.6656022765970238,0.37514973962155584,0.25,1.0,1.0,0.0,0.0,0.0,0.0,0.0,0.0,0.0,d/dr at r = r_over_rs = 1/u (r_s = 1); u-column data consumed via d/dr = -u^2 d/du; stencils jet9d8 window=9 degree=8 on strictly increasing r
2.661673427801704,0.3757034914782568,0.25,1.0,1.0,0.0,0.0,0.0,0.0,0.0,0.0,0.0,d/dr at r = r_over_rs = 1/u (r_s = 1); u-column data consumed via d/dr = -u^2 d/du; stencils jet9d8 window=9 degree=8 on strictly increasing r
2.657756143473799,0.3762572433349577,0.25,1.0,1.0,0.0,0.0,0.0,0.0,0.0,0.0,0.0,d/dr at r = r_over_rs = 1/u (r_s = 1); u-column data consumed via d/dr = -u^2 d/du; stencils jet9d8 window=9 degree=8 on strictly increasing r
2.653850372628768,0.37681099519165856,0.25,1.0,1.0,0.0,0.0,0.0,0.0,0.0,0.0,0.0,d/dr at r = r_over_rs = 1/u (r_s = 1); u-column data consumed via d/dr = -u^2 d/du; stencils jet9d8 window=9 degree=8 on strictly increasing r
2.649956064581332,0.3773647470483593,0.25,1.0,1.0,0.0,0.0,0.0,0.0,0.0,0.0,0.0,d/dr at r = r_over_rs = 1/u (r_s = 1); u-column data consumed via d/dr = -u^2 d/du; stencils jet9d8 window=9 degree=8 on strictly increasing r
2.6460731689432797,0.3779184989050602,0.25,1.0,1.0,0.0,0.0,0.0,0.0,0.0,0.0,0.0,d/dr at r = r_over_rs = 1/u (r_s = 1); u-column data consumed via d/dr = -u^2 d/du; stencils jet9d8 window=9 degree=8 on strictly increasing r
2.6422016356213,0.3784722507617611,0.25,1.0,1.0,0.0,0.0,0.0,0.0,0.0,0.0,0.0,d/dr at r = r_over_rs = 1/u (r_s = 1); u-column data consumed via d/dr = -u^2 d/du; stencils jet9d8 window=9 degree=8 on strictly increasing r
2.6383414148148234,0.379026002618462,0.25,1.0,1.0,0.0,0.0,0.0,0.0,0.0,0.0,0.0,d/dr at r = r_over_rs = 1/u (r_s = 1); u-column data consumed via d/dr = -u^2 d/du; stencils jet9d8 window=9 degree=8 on strictly increasing r
2.634492457013888,0.3795797544751628,0.25,1.0,1.0,0.0,0.0,0.0,0.0,0.0,0.0,0.0,d/dr at r = r_over_rs = 1/u (r_s = 1); u-column data consumed via d/dr = -u^2 d/du; stencils jet9d8 window=9 degree=8 on strictly increasing r
2.630654712997021,0.38013350633186366,0.25,1.0,1.0,0.0,0.0,0.0,0.0,0.0,0.0,0.0,d/dr at r = r_over_rs = 1/u (r_s = 1); u-column data consumed via d/dr = -u^2 d/du; stencils jet9d8 window=9 degree=8 on strictly increasing r
2.6268281338291426,0.3806872581885645,0.25,1.0,1.0,0.0,0.0,0.0,0.0,0.0,0.0,0.0,d/dr at r = r_over_rs = 1/u (r_s = 1); u-column data consumed via d/dr = -u^2 d/du; stencils jet9d8 window=9 degree=8 on strictly increasing r
2.6230126708594868,0.3812410100452654,0.25,1.0,1.0,0.0,0.0,0.0,0.0,0.0,0.0,0.0,d/dr at r = r_over_rs = 1/u (r_s = 1); u-column data consumed via d/dr = -u^2 d/du; stencils jet9d8 window=9 degree=8 on strictly increasing r
2.619208275719537,0.3817947619019662,0.25,1.0,1.0,0.0,0.0,0.0,0.0,0.0,0.0,0.0,d/dr at r = r_over_rs = 1/u (r_s = 1); u-column data consumed via d/dr = -u^2 d/du; stencils jet9d8 window=9 degree=8 on strictly increasing r
2.6154149003209826,0.382348513758667,0.25,1.0,1.0,0.0,0.0,0.0,0.0,0.0,0.0,0.0,d/dr at r = r_over_rs = 1/u (r_s = 1); u-column data consumed via d/dr = -u^2 d/du; stencils jet9d8 window=9 degree=8 on strictly increasing r
2.611632496853695,0.38290226561536794,0.25,1.0,1.0,0.0,0.0,0.0,0.0,0.0,0.0,0.0,d/dr at r = r_over_rs = 1/u (r_s = 1); u-column data consumed via d/dr = -u^2 d/du; stencils jet9d8 window=9 degree=8 on strictly increasing r
2.6078610177837165,0.3834560174720688,0.25,1.0,1.0,0.0,0.0,0.0,0.0,0.0,0.0,0.0,d/dr at r = r_over_rs = 1/u (r_s = 1); u-column data consumed via d/dr = -u^2 d/du; stencils jet9d8 window=9 degree=8 on strictly increasing r
2.6041004158512715,0.3840097693287697,0.25,1.0,1.0,0.0,0.0,0.0,0.0,0.0,0.0,0.0,d/dr at r = r_over_rs = 1/u (r_s = 1); u-column data consumed via d/dr = -u^2 d/du; stencils jet9d8 window=9 degree=8 on strictly increasing r
2.60035064406879,0.3845635211854705,0.25,1.0,1.0,0.0,0.0,0.0,0.0,0.0,0.0,0.0,d/dr at r = r_over_rs = 1/u (r_s = 1); u-column data consumed via d/dr = -u^2 d/du; stencils jet9d8 window=9 degree=8 on strictly increasing r
2.596611655718952,0.38511727304217125,0.25,1.0,1.0,0.0,0.0,0.0,0.0,0.0,0.0,0.0,d/dr at r = r_over_rs = 1/u (r_s = 1); u-column data consumed via d/dr = -u^2 d/du; stencils jet9d8 window=9 degree=8 on strictly increasing r
2.5928834043527447,0.38567102489887223,0.25,1.0,1.0,0.0,0.0,0.0,0.0,0.0,0.0,0.0,d/dr at r = r_over_rs = 1/u (r_s = 1); u-column data consumed via d/dr = -u^2 d/du; stencils jet9d8 window=9 degree=8 on strictly increasing r
2.589165843787546,0.3862247767555731,0.25,1.0,1.0,0.0,0.0,0.0,0.0,0.0,0.0,0.0,d/dr at r = r_over_rs = 1/u (r_s = 1); u-column data consumed via d/dr = -u^2 d/du; stencils jet9d8 window=9 degree=8 on strictly increasing r
2.58545892810521,0.3867785286122739,0.25,1.0,1.0,0.0,0.0,0.0,0.0,0.0,0.0,0.0,d/dr at r = r_over_rs = 1/u (r_s = 1); u-column data consumed via d/dr = -u^2 d/du; stencils jet9d8 window=9 degree=8 on strictly increasing r
2.5817626116501797,0.38733228046897467,0.25,1.0,1.0,0.0,0.0,0.0,0.0,0.0,0.0,0.0,d/dr at r = r_over_rs = 1/u (r_s = 1); u-column data consumed via d/dr = -u^2 d/du; stencils jet9d8 window=9 degree=8 on strictly increasing r
2.578076849027611,0.38788603232567564,0.25,1.0,1.0,0.0,0.0,0.0,0.0,0.0,0.0,0.0,d/dr at r = r_over_rs = 1/u (r_s = 1); u-column data consumed via d/dr = -u^2 d/du; stencils jet9d8 window=9 degree=8 on strictly increasing r
2.574401595101519,0.38843978418237657,0.25,1.0,1.0,0.0,0.0,0.0,0.0,0.0,0.0,0.0,d/dr at r = r_over_rs = 1/u (r_s = 1); u-column data consumed via d/dr = -u^2 d/du; stencils jet9d8 window=9 degree=8 on strictly increasing r
2.5707368049929307,0.38899353603907727,0.25,1.0,1.0,0.0,0.0,0.0,0.0,0.0,0.0,0.0,d/dr at r = r_over_rs = 1/u (r_s = 1); u-column data consumed via d/dr = -u^2 d/du; stencils jet9d8 window=9 degree=8 on strictly increasing r
2.567082434078057,0.3895472878957782,0.25,1.0,1.0,0.0,0.0,0.0,0.0,0.0,0.0,0.0,d/dr at r = r_over_rs = 1/u (r_s = 1); u-column data consumed via d/dr = -u^2 d/du; stencils jet9d8 window=9 degree=8 on strictly increasing r
2.5634384379864885,0.39010103975247906,0.25,1.0,1.0,0.0,0.0,0.0,0.0,0.0,0.0,0.0,d/dr at r = r_over_rs = 1/u (r_s = 1); u-column data consumed via d/dr = -u^2 d/du; stencils jet9d8 window=9 degree=8 on strictly increasing r
2.5598047725993927,0.39065479160917993,0.25,1.0,1.0,0.0,0.0,0.0,0.0,0.0,0.0,0.0,d/dr at r = r_over_rs = 1/u (r_s = 1); u-column data consumed via d/dr = -u^2 d/du; stencils jet9d8 window=9 degree=8 on strictly increasing r
2.556181394047737,0.3912085434658808,0.25,1.0,1.0,0.0,0.0,0.0,0.0,0.0,0.0,0.0,d/dr at r = r_over_rs = 1/u (r_s = 1); u-column data consumed via d/dr = -u^2 d/du; stencils jet9d8 window=9 degree=8 on strictly increasing r
2.552568258710524,0.3917622953225815,0.25,1.0,1.0,0.0,0.0,0.0,0.0,0.0,0.0,0.0,d/dr at r = r_over_rs = 1/u (r_s = 1); u-column data consumed via d/dr = -u^2 d/du; stencils jet9d8 window=9 degree=8 on strictly increasing r
2.548965323213035,0.3923160471792825,0.25,1.0,1.0,0.0,0.0,0.0,0.0,0.0,0.0,0.0,d/dr at r = r_over_rs = 1/u (r_s = 1); u-column data consumed via d/dr = -u^2 d/du; stencils jet9d8 window=9 degree=8 on strictly increasing r
2.545372544425104,0.39286979903598324,0.25,1.0,1.0,0.0,0.0,0.0,0.0,0.0,0.0,0.0,d/dr at r = r_over_rs = 1/u (r_s = 1); u-column data consumed via d/dr = -u^2 d/du; stencils jet9d8 window=9 degree=8 on strictly increasing r
2.541789879459388,0.3934235508926841,0.25,1.0,1.0,0.0,0.0,0.0,0.0,0.0,0.0,0.0,d/dr at r = r_over_rs = 1/u (r_s = 1); u-column data consumed via d/dr = -u^2 d/du; stencils jet9d8 window=9 degree=8 on strictly increasing r
2.538217285669665,0.393977302749385,0.25,1.0,1.0,0.0,0.0,0.0,0.0,0.0,0.0,0.0,d/dr at r = r_over_rs = 1/u (r_s = 1); u-column data consumed via d/dr = -u^2 d/du; stencils jet9d8 window=9 degree=8 on strictly increasing r
2.534654720649142,0.3945310546060859,0.25,1.0,1.0,0.0,0.0,0.0,0.0,0.0,0.0,0.0,d/dr at r = r_over_rs = 1/u (r_s = 1); u-column data consumed via d/dr = -u^2 d/du; stencils jet9d8 window=9 degree=8 on strictly increasing r
2.531102142228774,0.3950848064627867,0.25,1.0,1.0,0.0,0.0,0.0,0.0,0.0,0.0,0.0,d/dr at r = r_over_rs = 1/u (r_s = 1); u-column data consumed via d/dr = -u^2 d/du; stencils jet9d8 window=9 degree=8 on strictly increasing r
2.527559508475602,0.39563855831948763,0.25,1.0,1.0,0.0,0.0,0.0,0.0,0.0,0.0,0.0,d/dr at r = r_over_rs = 1/u (r_s = 1); u-column data consumed via d/dr = -u^2 d/du; stencils jet9d8 window=9 degree=8 on strictly increasing r
2.5240267776911054,0.3961923101761885,0.25,1.0,1.0,0.0,0.0,0.0,0.0,0.0,0.0,0.0,d/dr at r = r_over_rs = 1/u (r_s = 1); u-column data consumed via d/dr = -u^2 d/du; stencils jet9d8 window=9 degree=8 on strictly increasing r
2.520503908409562,0.3967460620328893,0.25,1.0,1.0,0.0,0.0,0.0,0.0,0.0,0.0,0.0,d/dr at r = r_over_rs = 1/u (r_s = 1); u-column data consumed via d/dr = -u^2 d/du; stencils jet9d8 window=9 degree=8 on strictly increasing r
2.5169908593964267,0.3972998138895902,0.25,1.0,1.0,0.0,0.0,0.0,0.0,0.0,0.0,0.0,d/dr at r = r_over_rs = 1/u (r_s = 1); u-column data consumed via d/dr = -u^2 d/du; stencils jet9d8 window=9 degree=8 on strictly increasing r
2.5134875896467253,0.39785356574629105,0.25,1.0,1.0,0.0,0.0,0.0,0.0,0.0,0.0,0.0,d/dr at r = r_over_rs = 1/u (r_s = 1); u-column data consumed via d/dr = -u^2 d/du; stencils jet9d8 window=9 degree=8 on strictly increasing r
2.509994058383456,0.3984073176029918,0.25,1.0,1.0,0.0,0.0,0.0,0.0,0.0,0.0,0.0,d/dr at r = r_over_rs = 1/u (r_s = 1); u-column data consumed via d/dr = -u^2 d/du; stencils jet9d8 window=9 degree=8 on strictly increasing r
2.506510225056008,0.3989610694596927,0.25,1.0,1.0,0.0,0.0,0.0,0.0,0.0,0.0,0.0,d/dr at r = r_over_rs = 1/u (r_s = 1); u-column data consumed via d/dr = -u^2 d/du; stencils jet9d8 window=9 degree=8 on strictly increasing r
2.503036049338593,0.3995148213163937,0.25,1.0,1.0,0.0,0.0,0.0,0.0,0.0,0.0,0.0,d/dr at r = r_over_rs = 1/u (r_s = 1); u-column data consumed via d/dr = -u^2 d/du; stencils jet9d8 window=9 degree=8 on strictly increasing r
2.499571491128692,0.4000685731730945,0.25,1.0,1.0,0.0,0.0,0.0,0.0,0.0,0.0,0.0,d/dr at r = r_over_rs = 1/u (r_s = 1); u-column data consumed via d/dr = -u^2 d/du; stencils jet9d8 window=9 degree=8 on strictly increasing r
2.496116510545505,0.40062232502979533,0.25,1.0,1.0,0.0,0.0,0.0,0.0,0.0,0.0,0.0,d/dr at r = r_over_rs = 1/u (r_s = 1); u-column data consumed via d/dr = -u^2 d/du; stencils jet9d8 window=9 degree=8 on strictly increasing r
2.492671067928429,0.40117607688649615,0.25,1.0,1.0,0.0,0.0,0.0,0.0,0.0,0.0,0.0,d/dr at r = r_over_rs = 1/u (r_s = 1); u-column data consumed via d/dr = -u^2 d/du; stencils jet9d8 window=9 degree=8 on strictly increasing r
2.489235123835534,0.401729828743197,0.25,1.0,1.0,0.0,0.0,0.0,0.0,0.0,0.0,0.0,d/dr at r = r_over_rs = 1/u (r_s = 1); u-column data consumed via d/dr = -u^2 d/du; stencils jet9d8 window=9 degree=8 on strictly increasing r
2.4858086390420624,0.4022835805998979,0.25,1.0,1.0,0.0,0.0,0.0,0.0,0.0,0.0,0.0,d/dr at r = r_over_rs = 1/u (r_s = 1); u-column data consumed via d/dr = -u^2 d/du; stencils jet9d8 window=9 degree=8 on strictly increasing r
2.4823915745389336,0.40283733245659875,0.25,1.0,1.0,0.0,0.0,0.0,0.0,0.0,0.0,0.0,d/dr at r = r_over_rs = 1/u (r_s = 1); u-column data consumed via d/dr = -u^2 d/du; stencils jet9d8 window=9 degree=8 on strictly increasing r
2.4789838915312647,0.4033910843132996,0.25,1.0,1.0,0.0,0.0,0.0,0.0,0.0,0.0,0.0,d/dr at r = r_over_rs = 1/u (r_s = 1); u-column data consumed via d/dr = -u^2 d/du; stencils jet9d8 window=9 degree=8 on strictly increasing r
2.475585551436903,0.40394483617000043,0.25,1.0,1.0,0.0,0.0,0.0,0.0,0.0,0.0,0.0,d/dr at r = r_over_rs = 1/u (r_s = 1); u-column data consumed via d/dr = -u^2 d/du; stencils jet9d8 window=9 degree=8 on strictly increasing r
2.472196515884968,0.4044985880267013,0.25,1.0,1.0,0.0,0.0,0.0,0.0,0.0,0.0,0.0,d/dr at r = r_over_rs = 1/u (r_s = 1); u-column data consumed via d/dr = -u^2 d/du; stencils jet9d8 window=9 degree=8 on strictly increasing r
2.468816746714409,0.40505233988340217,0.25,1.0,1.0,0.0,0.0,0.0,0.0,0.0,0.0,0.0,d/dr at r = r_over_rs = 1/u (r_s = 1); u-column data consumed via d/dr = -u^2 d/du; stencils jet9d8 window=9 degree=8 on strictly increasing r
2.465446205972572,0.40560609174010304,0.25,1.0,1.0,0.0,0.0,0.0,0.0,0.0,0.0,0.0,d/dr at r = r_over_rs = 1/u (r_s = 1); u-column data consumed via d/dr = -u^2 d/du; stencils jet9d8 window=9 degree=8 on strictly increasing r
2.46208485591378,0.4061598435968038,0.25,1.0,1.0,0.0,0.0,0.0,0.0,0.0,0.0,0.0,d/dr at r = r_over_rs = 1/u (r_s = 1); u-column data consumed via d/dr = -u^2 d/du; stencils jet9d8 window=9 degree=8 on strictly increasing r
2.45873265899792,0.4067135954535047,0.25,1.0,1.0,0.0,0.0,0.0,0.0,0.0,0.0,0.0,d/dr at r = r_over_rs = 1/u (r_s = 1); u-column data consumed via d/dr = -u^2 d/du; stencils jet9d8 window=9 degree=8 on strictly increasing r
2.455389577889053,0.4072673473102056,0.25,1.0,1.0,0.0,0.0,0.0,0.0,0.0,0.0,0.0,d/dr at r = r_over_rs = 1/u (r_s = 1); u-column data consumed via d/dr = -u^2 d/du; stencils jet9d8 window=9 degree=8 on strictly increasing r
2.4520555754540205,0.40782109916690645,0.25,1.0,1.0,0.0,0.0,0.0,0.0,0.0,0.0,0.0,d/dr at r = r_over_rs = 1/u (r_s = 1); u-column data consumed via d/dr = -u^2 d/du; stencils jet9d8 window=9 degree=8 on strictly increasing r
2.4487306147610743,0.40837485102360727,0.25,1.0,1.0,0.0,0.0,0.0,0.0,0.0,0.0,0.0,d/dr at r = r_over_rs = 1/u (r_s = 1); u-column data consumed via d/dr = -u^2 d/du; stencils jet9d8 window=9 degree=8 on strictly increasing r
2.445414659078509,0.40892860288030825,0.25,1.0,1.0,0.0,0.0,0.0,0.0,0.0,0.0,0.0,d/dr at r = r_over_rs = 1/u (r_s = 1); u-column data consumed via d/dr = -u^2 d/du; stencils jet9d8 window=9 degree=8 on strictly increasing r
2.4421076718733152,0.409482354737009,0.25,1.0,1.0,0.0,0.0,0.0,0.0,0.0,0.0,0.0,d/dr at r = r_over_rs = 1/u (r_s = 1); u-column data consumed via d/dr = -u^2 d/du; stencils jet9d8 window=9 degree=8 on strictly increasing r
2.438809616809829,0.41003610659371,0.25,1.0,1.0,0.0,0.0,0.0,0.0,0.0,0.0,0.0,d/dr at r = r_over_rs = 1/u (r_s = 1); u-column data consumed via d/dr = -u^2 d/du; stencils jet9d8 window=9 degree=8 on strictly increasing r
2.435520457748412,0.41058985845041074,0.25,1.0,1.0,0.0,0.0,0.0,0.0,0.0,0.0,0.0,d/dr at r = r_over_rs = 1/u (r_s = 1); u-column data consumed via d/dr = -u^2 d/du; stencils jet9d8 window=9 degree=8 on strictly increasing r
2.432240158744121,0.4111436103071115,0.25,1.0,1.0,0.0,0.0,0.0,0.0,0.0,0.0,0.0,d/dr at r = r_over_rs = 1/u (r_s = 1); u-column data consumed via d/dr = -u^2 d/du; stencils jet9d8 window=9 degree=8 on strictly increasing r
2.428968684045405,0.4116973621638124,0.25,1.0,1.0,0.0,0.0,0.0,0.0,0.0,0.0,0.0,d/dr at r = r_over_rs = 1/u (r_s = 1); u-column data consumed via d/dr = -u^2 d/du; stencils jet9d8 window=9 degree=8 on strictly increasing r
2.425705998092805,0.4122511140205133,0.25,1.0,1.0,0.0,0.0,0.0,0.0,0.0,0.0,0.0,d/dr at r = r_over_rs = 1/u (r_s = 1); u-column data consumed via d/dr = -u^2 d/du; stencils jet9d8 window=9 degree=8 on strictly increasing r
2.422452065517665,0.41280486587721416,0.25,1.0,1.0,0.0,0.0,0.0,0.0,0.0,0.0,0.0,d/dr at r = r_over_rs = 1/u (r_s = 1); u-column data consumed via d/dr = -u^2 d/du; stencils jet9d8 window=9 degree=8 on strictly increasing r
2.419206851140853,0.41335861773391497,0.25,1.0,1.0,0.0,0.0,0.0,0.0,0.0,0.0,0.0,d/dr at r = r_over_rs = 1/u (r_s = 1); u-column data consumed via d/dr = -u^2 d/du; stencils jet9d8 window=9 degree=8 on strictly increasing r
2.4159703199714957,0.4139123695906158,0.25,1.0,1.0,0.0,0.0,0.0,0.0,0.0,0.0,0.0,d/dr at r = r_over_rs = 1/u (r_s = 1); u-column data consumed via d/dr = -u^2 d/du; stencils jet9d8 window=9 degree=8 on strictly increasing r
2.412742437205718,0.4144661214473167,0.25,1.0,1.0,0.0,0.0,0.0,0.0,0.0,0.0,0.0,d/dr at r = r_over_rs = 1/u (r_s = 1); u-column data consumed via d/dr = -u^2 d/du; stencils jet9d8 window=9 degree=8 on strictly increasing r
2.4095231682253986,0.4150198733040176,0.25,1.0,1.0,0.0,0.0,0.0,0.0,0.0,0.0,0.0,d/dr at r = r_over_rs = 1/u (r_s = 1); u-column data consumed via d/dr = -u^2 d/du; stencils jet9d8 window=9 degree=8 on strictly increasing r
2.4063124785969303,0.41557362516071844,0.25,1.0,1.0,0.0,0.0,0.0,0.0,0.0,0.0,0.0,d/dr at r = r_over_rs = 1/u (r_s = 1); u-column data consumed via d/dr = -u^2 d/du; stencils jet9d8 window=9 degree=8 on strictly increasing r
2.4031103340699924,0.41612737701741925,0.25,1.0,1.0,0.0,0.0,0.0,0.0,0.0,0.0,0.0,d/dr at r = r_over_rs = 1/u (r_s = 1); u-column data consumed via d/dr = -u^2 d/du; stencils jet9d8 window=9 degree=8 on strictly increasing r
2.3999167005763327,0.4166811288741201,0.25,1.0,1.0,0.0,0.0,0.0,0.0,0.0,0.0,0.0,d/dr at r = r_over_rs = 1/u (r_s = 1); u-column data consumed via d/dr = -u^2 d/du; stencils jet9d8 window=9 degree=8 on strictly increasing r
2.396731544228561,0.417234880730821,0.25,1.0,1.0,0.0,0.0,0.0,0.0,0.0,0.0,0.0,d/dr at r = r_over_rs = 1/u (r_s = 1); u-column data consumed via d/dr = -u^2 d/du; stencils jet9d8 window=9 degree=8 on strictly increasing r
2.3935548313189483,0.41778863258752186,0.25,1.0,1.0,0.0,0.0,0.0,0.0,0.0,0.0,0.0,d/dr at r = r_over_rs = 1/u (r_s = 1); u-column data consumed via d/dr = -u^2 d/du; stencils jet9d8 window=9 degree=8 on strictly increasing r
2.39038652831824,0.41834238444422267,0.25,1.0,1.0,0.0,0.0,0.0,0.0,0.0,0.0,0.0,d/dr at r = r_over_rs = 1/u (r_s = 1); u-column data consumed via d/dr = -u^2 d/du; stencils jet9d8 window=9 degree=8 on strictly increasing r
2.387226601874473,0.41889613630092365,0.25,1.0,1.0,0.0,0.0,0.0,0.0,0.0,0.0,0.0,d/dr at r = r_over_rs = 1/u (r_s = 1); u-column data consumed via d/dr = -u^2 d/du; stencils jet9d8 window=9 degree=8 on strictly increasing r
2.38407501881181,0.4194498881576244,0.25,1.0,1.0,0.0,0.0,0.0,0.0,0.0,0.0,0.0,d/dr at r = r_over_rs = 1/u (r_s = 1); u-column data consumed via d/dr = -u^2 d/du; stencils jet9d8 window=9 degree=8 on strictly increasing r
2.380931746129373,0.4200036400143253,0.25,1.0,1.0,0.0,0.0,0.0,0.0,0.0,0.0,0.0,d/dr at r = r_over_rs = 1/u (r_s = 1); u-column data consumed via d/dr = -u^2 d/du; stencils jet9d8 window=9 degree=8 on strictly increasing r
2.377796751000096,0.4205573918710261,0.25,1.0,1.0,0.0,0.0,0.0,0.0,0.0,0.0,0.0,d/dr at r = r_over_rs = 1/u (r_s = 1); u-column data consumed via d/dr = -u^2 d/du; stencils jet9d8 window=9 degree=8 on strictly increasing r
2.37467000076958,0.4211111437277269,0.25,1.0,1.0,0.0,0.0,0.0,0.0,0.0,0.0,0.0,d/dr at r = r_over_rs = 1/u (r_s = 1); u-column data consumed via d/dr = -u^2 d/du; stencils jet9d8 window=9 degree=8 on strictly increasing r
2.3715514629549594,0.4216648955844278,0.25,1.0,1.0,0.0,0.0,0.0,0.0,0.0,0.0,0.0,d/dr at r = r_over_rs = 1/u (r_s = 1); u-column data consumed via d/dr = -u^2 d/du; stencils jet9d8 window=9 degree=8 on strictly increasing r
2.3684411052437784,0.4222186474411287,0.25,1.0,1.0,0.0,0.0,0.0,0.0,0.0,0.0,0.0,d/dr at r = r_over_rs = 1/u (r_s = 1); u-column data consumed via d/dr = -u^2 d/du; stencils jet9d8 window=9 degree=8 on strictly increasing r
2.3653388954928727,0.4227723992978296,0.25,1.0,1.0,0.0,0.0,0.0,0.0,0.0,0.0,0.0,d/dr at r = r_over_rs = 1/u (r_s = 1); u-column data consumed via d/dr = -u^2 d/du; stencils jet9d8 window=9 degree=8 on strictly increasing r
2.362244801727265,0.42332615115453043,0.25,1.0,1.0,0.0,0.0,0.0,0.0,0.0,0.0,0.0,d/dr at r = r_over_rs = 1/u (r_s = 1); u-column data consumed via d/dr = -u^2 d/du; stencils jet9d8 window=9 degree=8 on strictly increasing r
2.3591587921390644,0.4238799030112312,0.25,1.0,1.0,0.0,0.0,0.0,0.0,0.0,0.0,0.0,d/dr at r = r_over_rs = 1/u (r_s = 1); u-column data consumed via d/dr = -u^2 d/du; stencils jet9d8 window=9 degree=8 on strictly increasing r
2.356080835086376,0.42443365486793205,0.25,1.0,1.0,0.0,0.0,0.0,0.0,0.0,0.0,0.0,d/dr at r = r_over_rs = 1/u (r_s = 1); u-column data consumed via d/dr = -u^2 d/du; stencils jet9d8 window=9 degree=8 on strictly increasing r
2.353010899092221,0.424987406724633,0.25,1.0,1.0,0.0,0.0,0.0,0.0,0.0,0.0,0.0,d/dr at r = r_over_rs = 1/u (r_s = 1); u-column data consumed via d/dr = -u^2 d/du; stencils jet9d8 window=9 degree=8 on strictly increasing r
2.3499489528434645,0.4255411585813338,0.25,1.0,1.0,0.0,0.0,0.0,0.0,0.0,0.0,0.0,d/dr at r = r_over_rs = 1/u (r_s = 1); u-column data consumed via d/dr = -u^2 d/du; stencils jet9d8 window=9 degree=8 on strictly increasing r
2.3468949651897475,0.4260949104380347,0.25,1.0,1.0,0.0,0.0,0.0,0.0,0.0,0.0,0.0,d/dr at r = r_over_rs = 1/u (r_s = 1); u-column data consumed via d/dr = -u^2 d/du; stencils jet9d8 window=9 degree=8 on strictly increasing r
2.3438489051424343,0.4266486622947355,0.25,1.0,1.0,0.0,0.0,0.0,0.0,0.0,0.0,0.0,d/dr at r = r_over_rs = 1/u (r_s = 1); u-column data consumed via d/dr = -u^2 d/du; stencils jet9d8 window=9 degree=8 on strictly increasing r
2.3408107418735606,0.42720241415143645,0.25,1.0,1.0,0.0,0.0,0.0,0.0,0.0,0.0,0.0,d/dr at r = r_over_rs = 1/u (r_s = 1); u-column data consumed via d/dr = -u^2 d/du; stencils jet9d8 window=9 degree=8 on strictly increasing r
2.3377804447147983,0.42775616600813715,0.25,1.0,1.0,0.0,0.0,0.0,0.0,0.0,0.0,0.0,d/dr at r = r_over_rs = 1/u (r_s = 1); u-column data consumed via d/dr = -u^2 d/du; stencils jet9d8 window=9 degree=8 on strictly increasing r
2.334757983156417,0.42830991786483813,0.25,1.0,1.0,0.0,0.0,0.0,0.0,0.0,0.0,0.0,d/dr at r = r_over_rs = 1/u (r_s = 1); u-column data consumed via d/dr = -u^2 d/du; stencils jet9d8 window=9 degree=8 on strictly increasing r
2.3317433268462677,0.4288636697215389,0.25,1.0,1.0,0.0,0.0,0.0,0.0,0.0,0.0,0.0,d/dr at r = r_over_rs = 1/u (r_s = 1); u-column data consumed via d/dr = -u^2 d/du; stencils jet9d8 window=9 degree=8 on strictly increasing r
2.32873644558876,0.42941742157823976,0.25,1.0,1.0,0.0,0.0,0.0,0.0,0.0,0.0,0.0,d/dr at r = r_over_rs = 1/u (r_s = 1); u-column data consumed via d/dr = -u^2 d/du; stencils jet9d8 window=9 degree=8 on strictly increasing r
2.3257373093438574,0.4299711734349407,0.25,1.0,1.0,0.0,0.0,0.0,0.0,0.0,0.0,0.0,d/dr at r = r_over_rs = 1/u (r_s = 1); u-column data consumed via d/dr = -u^2 d/du; stencils jet9d8 window=9 degree=8 on strictly increasing r
2.3227458882260787,0.4305249252916415,0.25,1.0,1.0,0.0,0.0,0.0,0.0,0.0,0.0,0.0,d/dr at r = r_over_rs = 1/u (r_s = 1); u-column data consumed via d/dr = -u^2 d/du; stencils jet9d8 window=9 degree=8 on strictly increasing r
2.3197621525035,0.43107867714834236,0.25,1.0,1.0,0.0,0.0,0.0,0.0,0.0,0.0,0.0,d/dr at r = r_over_rs = 1/u (r_s = 1); u-column data consumed via d/dr = -u^2 d/du; stencils jet9d8 window=9 degree=8 on strictly increasing r
2.316786072596774,0.4316324290050432,0.25,1.0,1.0,0.0,0.0,0.0,0.0,0.0,0.0,0.0,d/dr at r = r_over_rs = 1/u (r_s = 1); u-column data consumed via d/dr = -u^2 d/du; stencils jet9d8 window=9 degree=8 on strictly increasing r
2.313817619078151,0.4321861808617441,0.25,1.0,1.0,0.0,0.0,0.0,0.0,0.0,0.0,0.0,d/dr at r = r_over_rs = 1/u (r_s = 1); u-column data consumed via d/dr = -u^2 d/du; stencils jet9d8 window=9 degree=8 on strictly increasing r
2.31085676267051,0.4327399327184449,0.25,1.0,1.0,0.0,0.0,0.0,0.0,0.0,0.0,0.0,d/dr at r = r_over_rs = 1/u (r_s = 1); u-column data consumed via d/dr = -u^2 d/du; stencils jet9d8 window=9 degree=8 on strictly increasing r
2.3079034742463937,0.4332936845751458,0.25,1.0,1.0,0.0,0.0,0.0,0.0,0.0,0.0,0.0,d/dr at r = r_over_rs = 1/u (r_s = 1); u-column data consumed via d/dr = -u^2 d/du; stencils jet9d8 window=9 degree=8 on strictly increasing r
2.304957724827056,0.4338474364318466,0.25,1.0,1.0,0.0,0.0,0.0,0.0,0.0,0.0,0.0,d/dr at r = r_over_rs = 1/u (r_s = 1); u-column data consumed via d/dr = -u^2 d/du; stencils jet9d8 window=9 degree=8 on strictly increasing r
2.302019485581513,0.4344011882885475,0.25,1.0,1.0,0.0,0.0,0.0,0.0,0.0,0.0,0.0,d/dr at r = r_over_rs = 1/u (r_s = 1); u-column data consumed via d/dr = -u^2 d/du; stencils jet9d8 window=9 degree=8 on strictly increasing r
2.2990887278256023,0.4349549401452483,0.25,1.0,1.0,0.0,0.0,0.0,0.0,0.0,0.0,0.0,d/dr at r = r_over_rs = 1/u (r_s = 1); u-column data consumed via d/dr = -u^2 d/du; stencils jet9d8 window=9 degree=8 on strictly increasing r
2.2961654230210504,0.4355086920019492,0.25,1.0,1.0,0.0,0.0,0.0,0.0,0.0,0.0,0.0,d/dr at r = r_over_rs = 1/u (r_s = 1); u-column data consumed via d/dr = -u^2 d/du; stencils jet9d8 window=9 degree=8 on strictly increasing r
2.293249542774545,0.43606244385865006,0.25,1.0,1.0,0.0,0.0,0.0,0.0,0.0,0.0,0.0,d/dr at r = r_over_rs = 1/u (r_s = 1); u-column data consumed via d/dr = -u^2 d/du; stencils jet9d8 window=9 degree=8 on strictly increasing r
2.2903410588368174,0.436616195715351,0.25,1.0,1.0,0.0,0.0,0.0,0.0,0.0,0.0,0.0,d/dr at r = r_over_rs = 1/u (r_s = 1); u-column data consumed via d/dr = -u^2 d/du; stencils jet9d8 window=9 degree=8 on strictly increasing r
2.287439943101729,0.43716994757205174,0.25,1.0,1.0,0.0,0.0,0.0,0.0,0.0,0.0,0.0,d/dr at r = r_over_rs = 1/u (r_s = 1); u-column data consumed via d/dr = -u^2 d/du; stencils jet9d8 window=9 degree=8 on strictly increasing r
2.284546167605366,0.4377236994287526,0.25,1.0,1.0,0.0,0.0,0.0,0.0,0.0,0.0,0.0,d/dr at r = r_over_rs = 1/u (r_s = 1); u-column data consumed via d/dr = -u^2 d/du; stencils jet9d8 window=9 degree=8 on strictly increasing r
2.2816597045251417,0.4382774512854535,0.25,1.0,1.0,0.0,0.0,0.0,0.0,0.0,0.0,0.0,d/dr at r = r_over_rs = 1/u (r_s = 1); u-column data consumed via d/dr = -u^2 d/du; stencils jet9d8 window=9 degree=8 on strictly increasing r
2.278780526178904,0.4388312031421544,0.25,1.0,1.0,0.0,0.0,0.0,0.0,0.0,0.0,0.0,d/dr at r = r_over_rs = 1/u (r_s = 1); u-column data consumed via d/dr = -u^2 d/du; stencils jet9d8 window=9 degree=8 on strictly increasing r
2.275908605024051,0.4393849549988552,0.25,1.0,1.0,0.0,0.0,0.0,0.0,0.0,0.0,0.0,d/dr at r = r_over_rs = 1/u (r_s = 1); u-column data consumed via d/dr = -u^2 d/du; stencils jet9d8 window=9 degree=8 on strictly increasing r
2.273043913656653,0.439938706855556,0.25,1.0,1.0,0.0,0.0,0.0,0.0,0.0,0.0,0.0,d/dr at r = r_over_rs = 1/u (r_s = 1); u-column data consumed via d/dr = -u^2 d/du; stencils jet9d8 window=9 degree=8 on strictly increasing r
2.270186424810579,0.4404924587122569,0.25,1.0,1.0,0.0,0.0,0.0,0.0,0.0,0.0,0.0,d/dr at r = r_over_rs = 1/u (r_s = 1); u-column data consumed via d/dr = -u^2 d/du; stencils jet9d8 window=9 degree=8 on strictly increasing r
2.2673361113566344,0.44104621056895776,0.25,1.0,1.0,0.0,0.0,0.0,0.0,0.0,0.0,0.0,d/dr at r = r_over_rs = 1/u (r_s = 1); u-column data consumed via d/dr = -u^2 d/du; stencils jet9d8 window=9 degree=8 on strictly increasing r
2.2644929463017007,0.44159996242565863,0.25,1.0,1.0,0.0,0.0,0.0,0.0,0.0,0.0,0.0,d/dr at r = r_over_rs = 1/u (r_s = 1); u-column data consumed via d/dr = -u^2 d/du; stencils jet9d8 window=9 degree=8 on strictly increasing r
2.2616569027878834,0.44215371428235956,0.25,1.0,1.0,0.0,0.0,0.0,0.0,0.0,0.0,0.0,d/dr at r = r_over_rs = 1/u (r_s = 1); u-column data consumed via d/dr = -u^2 d/du; stencils jet9d8 window=9 degree=8 on strictly increasing r
2.258827954091668,0.4427074661390603,0.25,1.0,1.0,0.0,0.0,0.0,0.0,0.0,0.0,0.0,d/dr at r = r_over_rs = 1/u (r_s = 1); u-column data consumed via d/dr = -u^2 d/du; stencils jet9d8 window=9 degree=8 on strictly increasing r
2.256006073623077,0.4432612179957612,0.25,1.0,1.0,0.0,0.0,0.0,0.0,0.0,0.0,0.0,d/dr at r = r_over_rs = 1/u (r_s = 1); u-column data consumed via d/dr = -u^2 d/du; stencils jet9d8 window=9 degree=8 on strictly increasing r
2.253191234924841,0.443814969852462,0.25,1.0,1.0,0.0,0.0,0.0,0.0,0.0,0.0,0.0,d/dr at r = r_over_rs = 1/u (r_s = 1); u-column data consumed via d/dr = -u^2 d/du; stencils jet9d8 window=9 degree=8 on strictly increasing r
2.250383411671569,0.44436872170916286,0.25,1.0,1.0,0.0,0.0,0.0,0.0,0.0,0.0,0.0,d/dr at r = r_over_rs = 1/u (r_s = 1); u-column data consumed via d/dr = -u^2 d/du; stencils jet9d8 window=9 degree=8 on strictly increasing r
2.247582577668929,0.44492247356586373,0.25,1.0,1.0,0.0,0.0,0.0,0.0,0.0,0.0,0.0,d/dr at r = r_over_rs = 1/u (r_s = 1); u-column data consumed via d/dr = -u^2 d/du; stencils jet9d8 window=9 degree=8 on strictly increasing r
2.2447887068528334,0.44547622542256454,0.25,1.0,1.0,0.0,0.0,0.0,0.0,0.0,0.0,0.0,d/dr at r = r_over_rs = 1/u (r_s = 1); u-column data consumed via d/dr = -u^2 d/du; stencils jet9d8 window=9 degree=8 on strictly increasing r
2.242001773288629,0.44602997727926547,0.25,1.0,1.0,0.0,0.0,0.0,0.0,0.0,0.0,0.0,d/dr at r = r_over_rs = 1/u (r_s = 1); u-column data consumed via d/dr = -u^2 d/du; stencils jet9d8 window=9 degree=8 on strictly increasing r
2.2392217511702968,0.44658372913596633,0.25,1.0,1.0,0.0,0.0,0.0,0.0,0.0,0.0,0.0,d/dr at r = r_over_rs = 1/u (r_s = 1); u-column data consumed via d/dr = -u^2 d/du; stencils jet9d8 window=9 degree=8 on strictly increasing r
2.2364486148196545,0.44713748099266715,0.25,1.0,1.0,0.0,0.0,0.0,0.0,0.0,0.0,0.0,d/dr at r = r_over_rs = 1/u (r_s = 1); u-column data consumed via d/dr = -u^2 d/du; stencils jet9d8 window=9 degree=8 on strictly increasing r
2.2336823386855644,0.44769123284936807,0.25,1.0,1.0,0.0,0.0,0.0,0.0,0.0,0.0,0.0,d/dr at r = r_over_rs = 1/u (r_s = 1); u-column data consumed via d/dr = -u^2 d/du; stencils jet9d8 window=9 degree=8 on strictly increasing r
2.230922897343152,0.4482449847060689,0.25,1.0,1.0,0.0,0.0,0.0,0.0,0.0,0.0,0.0,d/dr at r = r_over_rs = 1/u (r_s = 1); u-column data consumed via d/dr = -u^2 d/du; stencils jet9d8 window=9 degree=8 on strictly increasing r
2.228170265493023,0.44879873656276975,0.25,1.0,1.0,0.0,0.0,0.0,0.0,0.0,0.0,0.0,d/dr at r = r_over_rs = 1/u (r_s = 1); u-column data consumed via d/dr = -u^2 d/du; stencils jet9d8 window=9 degree=8 on strictly increasing r
2.225424417960494,0.4493524884194706,0.25,1.0,1.0,0.0,0.0,0.0,0.0,0.0,0.0,0.0,d/dr at r = r_over_rs = 1/u (r_s = 1); u-column data consumed via d/dr = -u^2 d/du; stencils jet9d8 window=9 degree=8 on strictly increasing r
2.2226853296948224,0.4499062402761714,0.25,1.0,1.0,0.0,0.0,0.0,0.0,0.0,0.0,0.0,d/dr at r = r_over_rs = 1/u (r_s = 1); u-column data consumed via d/dr = -u^2 d/du; stencils jet9d8 window=9 degree=8 on strictly increasing r
2.2199529757684444,0.45045999213287236,0.25,1.0,1.0,0.0,0.0,0.0,0.0,0.0,0.0,0.0,d/dr at r = r_over_rs = 1/u (r_s = 1); u-column data consumed via d/dr = -u^2 d/du; stencils jet9d8 window=9 degree=8 on strictly increasing r
2.2172273313762223,0.45101374398957317,0.25,1.0,1.0,0.0,0.0,0.0,0.0,0.0,0.0,0.0,d/dr at r = r_over_rs = 1/u (r_s = 1); u-column data consumed via d/dr = -u^2 d/du; stencils jet9d8 window=9 degree=8 on strictly increasing r
2.214508371834689,0.451567495846274,0.25,1.0,1.0,0.0,0.0,0.0,0.0,0.0,0.0,0.0,d/dr at r = r_over_rs = 1/u (r_s = 1); u-column data consumed via d/dr = -u^2 d/du; stencils jet9d8 window=9 degree=8 on strictly increasing r
2.211796072581307,0.45212124770297485,0.25,1.0,1.0,0.0,0.0,0.0,0.0,0.0,0.0,0.0,d/dr at r = r_over_rs = 1/u (r_s = 1); u-column data consumed via d/dr = -u^2 d/du; stencils jet9d8 window=9 degree=8 on strictly increasing r
2.2090904091737253,0.4526749995596757,0.25,1.0,1.0,0.0,0.0,0.0,0.0,0.0,0.0,0.0,d/dr at r = r_over_rs = 1/u (r_s = 1); u-column data consumed via d/dr = -u^2 d/du; stencils jet9d8 window=9 degree=8 on strictly increasing r
2.206391357289049,0.45322875141637653,0.25,1.0,1.0,0.0,0.0,0.0,0.0,0.0,0.0,0.0,d/dr at r = r_over_rs = 1/u (r_s = 1); u-column data consumed via d/dr = -u^2 d/du; stencils jet9d8 window=9 degree=8 on strictly increasing r
2.203698892723106,0.4537825032730775,0.25,1.0,1.0,0.0,0.0,0.0,0.0,0.0,0.0,0.0,d/dr at r = r_over_rs = 1/u (r_s = 1); u-column data consumed via d/dr = -u^2 d/du; stencils jet9d8 window=9 degree=8 on strictly increasing r
2.201012991389728,0.45433625512977827,0.25,1.0,1.0,0.0,0.0,0.0,0.0,0.0,0.0,0.0,d/dr at r = r_over_rs = 1/u (r_s = 1); u-column data consumed via d/dr = -u^2 d/du; stencils jet9d8 window=9 degree=8 on strictly increasing r
2.198333629320029,0.45489000698647913,0.25,1.0,1.0,0.0,0.0,0.0,0.0,0.0,0.0,0.0,d/dr at r = r_over_rs = 1/u (r_s = 1); u-column data consumed via d/dr = -u^2 d/du; stencils jet9d8 window=9 degree=8 on strictly increasing r
2.195660782661693,0.45544375884318,0.25,1.0,1.0,0.0,0.0,0.0,0.0,0.0,0.0,0.0,d/dr at r = r_over_rs = 1/u (r_s = 1); u-column data consumed via d/dr = -u^2 d/du; stencils jet9d8 window=9 degree=8 on strictly increasing r
2.192994427678268,0.4559975106998808,0.25,1.0,1.0,0.0,0.0,0.0,0.0,0.0,0.0,0.0,d/dr at r = r_over_rs = 1/u (r_s = 1); u-column data consumed via d/dr = -u^2 d/du; stencils jet9d8 window=9 degree=8 on strictly increasing r
2.19033454074846,0.45655126255658174,0.25,1.0,1.0,0.0,0.0,0.0,0.0,0.0,0.0,0.0,d/dr at r = r_over_rs = 1/u (r_s = 1); u-column data consumed via d/dr = -u^2 d/du; stencils jet9d8 window=9 degree=8 on strictly increasing r
2.18768109836544,0.4571050144132825,0.25,1.0,1.0,0.0,0.0,0.0,0.0,0.0,0.0,0.0,d/dr at r = r_over_rs = 1/u (r_s = 1); u-column data consumed via d/dr = -u^2 d/du; stencils jet9d8 window=9 degree=8 on strictly increasing r
2.1850340771361454,0.45765876626998336,0.25,1.0,1.0,0.0,0.0,0.0,0.0,0.0,0.0,0.0,d/dr at r = r_over_rs = 1/u (r_s = 1); u-column data consumed via d/dr = -u^2 d/du; stencils jet9d8 window=9 degree=8 on strictly increasing r
2.182393453780599,0.45821251812668434,0.25,1.0,1.0,0.0,0.0,0.0,0.0,0.0,0.0,0.0,d/dr at r = r_over_rs = 1/u (r_s = 1); u-column data consumed via d/dr = -u^2 d/du; stencils jet9d8 window=9 degree=8 on strictly increasing r
2.179759205131224,0.45876626998338516,0.25,1.0,1.0,0.0,0.0,0.0,0.0,0.0,0.0,0.0,d/dr at r = r_over_rs = 1/u (r_s = 1); u-column data consumed via d/dr = -u^2 d/du; stencils jet9d8 window=9 degree=8 on strictly increasing r
2.177131308132163,0.4593200218400859,0.25,1.0,1.0,0.0,0.0,0.0,0.0,0.0,0.0,0.0,d/dr at r = r_over_rs = 1/u (r_s = 1); u-column data consumed via d/dr = -u^2 d/du; stencils jet9d8 window=9 degree=8 on strictly increasing r
2.1745097398386104,0.4598737736967869,0.25,1.0,1.0,0.0,0.0,0.0,0.0,0.0,0.0,0.0,d/dr at r = r_over_rs = 1/u (r_s = 1); u-column data consumed via d/dr = -u^2 d/du; stencils jet9d8 window=9 degree=8 on strictly increasing r
2.171894477416143,0.4604275255534877,0.25,1.0,1.0,0.0,0.0,0.0,0.0,0.0,0.0,0.0,d/dr at r = r_over_rs = 1/u (r_s = 1); u-column data consumed via d/dr = -u^2 d/du; stencils jet9d8 window=9 degree=8 on strictly increasing r
2.169285498140056,0.4609812774101885,0.25,1.0,1.0,0.0,0.0,0.0,0.0,0.0,0.0,0.0,d/dr at r = r_over_rs = 1/u (r_s = 1); u-column data consumed via d/dr = -u^2 d/du; stencils jet9d8 window=9 degree=8 on strictly increasing r
2.166682779394704,0.4615350292668894,0.25,1.0,1.0,0.0,0.0,0.0,0.0,0.0,0.0,0.0,d/dr at r = r_over_rs = 1/u (r_s = 1); u-column data consumed via d/dr = -u^2 d/du; stencils jet9d8 window=9 degree=8 on strictly increasing r
2.164086298672852,0.46208878112359025,0.25,1.0,1.0,0.0,0.0,0.0,0.0,0.0,0.0,0.0,d/dr at r = r_over_rs = 1/u (r_s = 1); u-column data consumed via d/dr = -u^2 d/du; stencils jet9d8 window=9 degree=8 on strictly increasing r
2.1614960335750206,0.4626425329802912,0.25,1.0,1.0,0.0,0.0,0.0,0.0,0.0,0.0,0.0,d/dr at r = r_over_rs = 1/u (r_s = 1); u-column data consumed via d/dr = -u^2 d/du; stencils jet9d8 window=9 degree=8 on strictly increasing r
2.1589119618088475,0.46319628483699193,0.25,1.0,1.0,0.0,0.0,0.0,0.0,0.0,0.0,0.0,d/dr at r = r_over_rs = 1/u (r_s = 1); u-column data consumed via d/dr = -u^2 d/du; stencils jet9d8 window=9 degree=8 on strictly increasing r
2.1563340611884425,0.46375003669369286,0.25,1.0,1.0,0.0,0.0,0.0,0.0,0.0,0.0,0.0,d/dr at r = r_over_rs = 1/u (r_s = 1); u-column data consumed via d/dr = -u^2 d/du; stencils jet9d8 window=9 degree=8 on strictly increasing r
2.153762309633758,0.46430378855039367,0.25,1.0,1.0,0.0,0.0,0.0,0.0,0.0,0.0,0.0,d/dr at r = r_over_rs = 1/u (r_s = 1); u-column data consumed via d/dr = -u^2 d/du; stencils jet9d8 window=9 degree=8 on strictly increasing r
2.1511966851699547,0.46485754040709454,0.25,1.0,1.0,0.0,0.0,0.0,0.0,0.0,0.0,0.0,d/dr at r = r_over_rs = 1/u (r_s = 1); u-column data consumed via d/dr = -u^2 d/du; stencils jet9d8 window=9 degree=8 on strictly increasing r
2.148637165926776,0.4654112922637955,0.25,1.0,1.0,0.0,0.0,0.0,0.0,0.0,0.0,0.0,d/dr at r = r_over_rs = 1/u (r_s = 1); u-column data consumed via d/dr = -u^2 d/du; stencils jet9d8 window=9 degree=8 on strictly increasing r
2.1460837301379305,0.4659650441204963,0.25,1.0,1.0,0.0,0.0,0.0,0.0,0.0,0.0,0.0,d/dr at r = r_over_rs = 1/u (r_s = 1); u-column data consumed via d/dr = -u^2 d/du; stencils jet9d8 window=9 degree=8 on strictly increasing r
2.143536356140469,0.46651879597719714,0.25,1.0,1.0,0.0,0.0,0.0,0.0,0.0,0.0,0.0,d/dr at r = r_over_rs = 1/u (r_s = 1); u-column data consumed via d/dr = -u^2 d/du; stencils jet9d8 window=9 degree=8 on strictly increasing r
2.1409950223741765,0.46707254783389796,0.25,1.0,1.0,0.0,0.0,0.0,0.0,0.0,0.0,0.0,d/dr at r = r_over_rs = 1/u (r_s = 1); u-column data consumed via d/dr = -u^2 d/du; stencils jet9d8 window=9 degree=8 on strictly increasing r
2.138459707380962,0.4676262996905988,0.25,1.0,1.0,0.0,0.0,0.0,0.0,0.0,0.0,0.0,d/dr at r = r_over_rs = 1/u (r_s = 1); u-column data consumed via d/dr = -u^2 d/du; stencils jet9d8 window=9 degree=8 on strictly increasing r
2.1359303898042548,0.46818005154729975,0.25,1.0,1.0,0.0,0.0,0.0,0.0,0.0,0.0,0.0,d/dr at r = r_over_rs = 1/u (r_s = 1); u-column data consumed via d/dr = -u^2 d/du; stencils jet9d8 window=9 degree=8 on strictly increasing r
2.133407048388406,0.4687338034040005,0.25,1.0,1.0,0.0,0.0,0.0,0.0,0.0,0.0,0.0,d/dr at r = r_over_rs = 1/u (r_s = 1); u-column data consumed via d/dr = -u^2 d/du; stencils jet9d8 window=9 degree=8 on strictly increasing r
2.130889661978089,0.4692875552607015,0.25,1.0,1.0,0.0,0.0,0.0,0.0,0.0,0.0,0.0,d/dr at r = r_over_rs = 1/u (r_s = 1); u-column data consumed via d/dr = -u^2 d/du; stencils jet9d8 window=9 degree=8 on strictly increasing r
2.128378209517716,0.46984130711740224,0.25,1.0,1.0,0.0,0.0,0.0,0.0,0.0,0.0,0.0,d/dr at r = r_over_rs = 1/u (r_s = 1); u-column data consumed via d/dr = -u^2 d/du; stencils jet9d8 window=9 degree=8 on strictly increasing r
2.125872670050842,0.47039505897410316,0.25,1.0,1.0,0.0,0.0,0.0,0.0,0.0,0.0,0.0,d/dr at r = r_over_rs = 1/u (r_s = 1); u-column data consumed via d/dr = -u^2 d/du; stencils jet9d8 window=9 degree=8 on strictly increasing r
2.123373022719589,0.4709488108308039,0.25,1.0,1.0,0.0,0.0,0.0,0.0,0.0,0.0,0.0,d/dr at r = r_over_rs = 1/u (r_s = 1); u-column data consumed via d/dr = -u^2 d/du; stencils jet9d8 window=9 degree=8 on strictly increasing r
2.120879246764062,0.47150256268750473,0.25,1.0,1.0,0.0,0.0,0.0,0.0,0.0,0.0,0.0,d/dr at r = r_over_rs = 1/u (r_s = 1); u-column data consumed via d/dr = -u^2 d/du; stencils jet9d8 window=9 degree=8 on strictly increasing r
2.118391321521778,0.4720563145442057,0.25,1.0,1.0,0.0,0.0,0.0,0.0,0.0,0.0,0.0,d/dr at r = r_over_rs = 1/u (r_s = 1); u-column data consumed via d/dr = -u^2 d/du; stencils jet9d8 window=9 degree=8 on strictly increasing r
2.1159092264270947,0.4726100664009065,0.25,1.0,1.0,0.0,0.0,0.0,0.0,0.0,0.0,0.0,d/dr at r = r_over_rs = 1/u (r_s = 1); u-column data consumed via d/dr = -u^2 d/du; stencils jet9d8 window=9 degree=8 on strictly increasing r
2.113432941010642,0.4731638182576074,0.25,1.0,1.0,0.0,0.0,0.0,0.0,0.0,0.0,0.0,d/dr at r = r_over_rs = 1/u (r_s = 1); u-column data consumed via d/dr = -u^2 d/du; stencils jet9d8 window=9 degree=8 on strictly increasing r
2.1109624448987603,0.4737175701143082,0.25,1.0,1.0,0.0,0.0,0.0,0.0,0.0,0.0,0.0,d/dr at r = r_over_rs = 1/u (r_s = 1); u-column data consumed via d/dr = -u^2 d/du; stencils jet9d8 window=9 degree=8 on strictly increasing r
2.1084977178129427,0.4742713219710091,0.25,1.0,1.0,0.0,0.0,0.0,0.0,0.0,0.0,0.0,d/dr at r = r_over_rs = 1/u (r_s = 1); u-column data consumed via d/dr = -u^2 d/du; stencils jet9d8 window=9 degree=8 on strictly increasing r
2.106038739569279,0.4748250738277099,0.25,1.0,1.0,0.0,0.0,0.0,0.0,0.0,0.0,0.0,d/dr at r = r_over_rs = 1/u (r_s = 1); u-column data consumed via d/dr = -u^2 d/du; stencils jet9d8 window=9 degree=8 on strictly increasing r
2.1035854900779043,0.4753788256844108,0.25,1.0,1.0,0.0,0.0,0.0,0.0,0.0,0.0,0.0,d/dr at r = r_over_rs = 1/u (r_s = 1); u-column data consumed via d/dr = -u^2 d/du; stencils jet9d8 window=9 degree=8 on strictly increasing r
2.1011379493424545,0.4759325775411116,0.25,1.0,1.0,0.0,0.0,0.0,0.0,0.0,0.0,0.0,d/dr at r = r_over_rs = 1/u (r_s = 1); u-column data consumed via d/dr = -u^2 d/du; stencils jet9d8 window=9 degree=8 on strictly increasing r
2.098696097459519,0.4764863293978125,0.25,1.0,1.0,0.0,0.0,0.0,0.0,0.0,0.0,0.0,d/dr at r = r_over_rs = 1/u (r_s = 1); u-column data consumed via d/dr = -u^2 d/du; stencils jet9d8 window=9 degree=8 on strictly increasing r
2.0962599146181047,0.4770400812545134,0.25,1.0,1.0,0.0,0.0,0.0,0.0,0.0,0.0,0.0,d/dr at r = r_over_rs = 1/u (r_s = 1); u-column data consumed via d/dr = -u^2 d/du; stencils jet9d8 window=9 degree=8 on strictly increasing r
2.093829381099099,0.4775938331112142,0.25,1.0,1.0,0.0,0.0,0.0,0.0,0.0,0.0,0.0,d/dr at r = r_over_rs = 1/u (r_s = 1); u-column data consumed via d/dr = -u^2 d/du; stencils jet9d8 window=9 degree=8 on strictly increasing r
2.0914044772747364,0.47814758496791504,0.25,1.0,1.0,0.0,0.0,0.0,0.0,0.0,0.0,0.0,d/dr at r = r_over_rs = 1/u (r_s = 1); u-column data consumed via d/dr = -u^2 d/du; stencils jet9d8 window=9 degree=8 on strictly increasing r
2.0889851836080724,0.4787013368246159,0.25,1.0,1.0,0.0,0.0,0.0,0.0,0.0,0.0,0.0,d/dr at r = r_over_rs = 1/u (r_s = 1); u-column data consumed via d/dr = -u^2 d/du; stencils jet9d8 window=9 degree=8 on strictly increasing r
2.0865714806524576,0.4792550886813168,0.25,1.0,1.0,0.0,0.0,0.0,0.0,0.0,0.0,0.0,d/dr at r = r_over_rs = 1/u (r_s = 1); u-column data consumed via d/dr = -u^2 d/du; stencils jet9d8 window=9 degree=8 on strictly increasing r
2.0841633490510167,0.4798088405380176,0.25,1.0,1.0,0.0,0.0,0.0,0.0,0.0,0.0,0.0,d/dr at r = r_over_rs = 1/u (r_s = 1); u-column data consumed via d/dr = -u^2 d/du; stencils jet9d8 window=9 degree=8 on strictly increasing r
2.081760769536131,0.4803625923947185,0.25,1.0,1.0,0.0,0.0,0.0,0.0,0.0,0.0,0.0,d/dr at r = r_over_rs = 1/u (r_s = 1); u-column data consumed via d/dr = -u^2 d/du; stencils jet9d8 window=9 degree=8 on strictly increasing r
2.079363722928925,0.48091634425141944,0.25,1.0,1.0,0.0,0.0,0.0,0.0,0.0,0.0,0.0,d/dr at r = r_over_rs = 1/u (r_s = 1); u-column data consumed via d/dr = -u^2 d/du; stencils jet9d8 window=9 degree=8 on strictly increasing r
2.0769721901387563,0.48147009610812025,0.25,1.0,1.0,0.0,0.0,0.0,0.0,0.0,0.0,0.0,d/dr at r = r_over_rs = 1/u (r_s = 1); u-column data consumed via d/dr = -u^2 d/du; stencils jet9d8 window=9 degree=8 on strictly increasing r
2.074586152162708,0.48202384796482095,0.25,1.0,1.0,0.0,0.0,0.0,0.0,0.0,0.0,0.0,d/dr at r = r_over_rs = 1/u (r_s = 1); u-column data consumed via d/dr = -u^2 d/du; stencils jet9d8 window=9 degree=8 on strictly increasing r
2.0722055900850838,0.4825775998215218,0.25,1.0,1.0,0.0,0.0,0.0,0.0,0.0,0.0,0.0,d/dr at r = r_over_rs = 1/u (r_s = 1); u-column data consumed via d/dr = -u^2 d/du; stencils jet9d8 window=9 degree=8 on strictly increasing r
2.069830485076912,0.48313135167822274,0.25,1.0,1.0,0.0,0.0,0.0,0.0,0.0,0.0,0.0,d/dr at r = r_over_rs = 1/u (r_s = 1); u-column data consumed via d/dr = -u^2 d/du; stencils jet9d8 window=9 degree=8 on strictly increasing r
2.0674608183954475,0.48368510353492367,0.25,1.0,1.0,0.0,0.0,0.0,0.0,0.0,0.0,0.0,d/dr at r = r_over_rs = 1/u (r_s = 1); u-column data consumed via d/dr = -u^2 d/du; stencils jet9d8 window=9 degree=8 on strictly increasing r
2.0650965713836773,0.4842388553916245,0.25,1.0,1.0,0.0,0.0,0.0,0.0,0.0,0.0,0.0,d/dr at r = r_over_rs = 1/u (r_s = 1); u-column data consumed via d/dr = -u^2 d/du; stencils jet9d8 window=9 degree=8 on strictly increasing r
2.062737725469832,0.48479260724832524,0.25,1.0,1.0,0.0,0.0,0.0,0.0,0.0,0.0,0.0,d/dr at r = r_over_rs = 1/u (r_s = 1); u-column data consumed via d/dr = -u^2 d/du; stencils jet9d8 window=9 degree=8 on strictly increasing r
2.0603842621668984,0.4853463591050262,0.25,1.0,1.0,0.0,0.0,0.0,0.0,0.0,0.0,0.0,d/dr at r = r_over_rs = 1/u (r_s = 1); u-column data consumed via d/dr = -u^2 d/du; stencils jet9d8 window=9 degree=8 on strictly increasing r
2.0580361630721407,0.48590011096172697,0.25,1.0,1.0,0.0,0.0,0.0,0.0,0.0,0.0,0.0,d/dr at r = r_over_rs = 1/u (r_s = 1); u-column data consumed via d/dr = -u^2 d/du; stencils jet9d8 window=9 degree=8 on strictly increasing r
2.0556934098666138,0.4864538628184279,0.25,1.0,1.0,0.0,0.0,0.0,0.0,0.0,0.0,0.0,d/dr at r = r_over_rs = 1/u (r_s = 1); u-column data consumed via d/dr = -u^2 d/du; stencils jet9d8 window=9 degree=8 on strictly increasing r
2.0533559843146936,0.48700761467512876,0.25,1.0,1.0,0.0,0.0,0.0,0.0,0.0,0.0,0.0,d/dr at r = r_over_rs = 1/u (r_s = 1); u-column data consumed via d/dr = -u^2 d/du; stencils jet9d8 window=9 degree=8 on strictly increasing r
2.0510238682636,0.4875613665318296,0.25,1.0,1.0,0.0,0.0,0.0,0.0,0.0,0.0,0.0,d/dr at r = r_over_rs = 1/u (r_s = 1); u-column data consumed via d/dr = -u^2 d/du; stencils jet9d8 window=9 degree=8 on strictly increasing r
2.048697043642928,0.48811511838853033,0.25,1.0,1.0,0.0,0.0,0.0,0.0,0.0,0.0,0.0,d/dr at r = r_over_rs = 1/u (r_s = 1); u-column data consumed via d/dr = -u^2 d/du; stencils jet9d8 window=9 degree=8 on strictly increasing r
2.046375492464181,0.48866887024523126,0.25,1.0,1.0,0.0,0.0,0.0,0.0,0.0,0.0,0.0,d/dr at r = r_over_rs = 1/u (r_s = 1); u-column data consumed via d/dr = -u^2 d/du; stencils jet9d8 window=9 degree=8 on strictly increasing r
2.044059196820307,0.4892226221019321,0.25,1.0,1.0,0.0,0.0,0.0,0.0,0.0,0.0,0.0,d/dr at r = r_over_rs = 1/u (r_s = 1); u-column data consumed via d/dr = -u^2 d/du; stencils jet9d8 window=9 degree=8 on strictly increasing r
2.0417481388852394,0.489776373958633,0.25,1.0,1.0,0.0,0.0,0.0,0.0,0.0,0.0,0.0,d/dr at r = r_over_rs = 1/u (r_s = 1); u-column data consumed via d/dr = -u^2 d/du; stencils jet9d8 window=9 degree=8 on strictly increasing r
2.039442300913437,0.4903301258153341,0.25,1.0,1.0,0.0,0.0,0.0,0.0,0.0,0.0,0.0,d/dr at r = r_over_rs = 1/u (r_s = 1); u-column data consumed via d/dr = -u^2 d/du; stencils jet9d8 window=9 degree=8 on strictly increasing r
2.037141665239435,0.49088387767203473,0.25,1.0,1.0,0.0,0.0,0.0,0.0,0.0,0.0,0.0,d/dr at r = r_over_rs = 1/u (r_s = 1); u-column data consumed via d/dr = -u^2 d/du; stencils jet9d8 window=9 degree=8 on strictly increasing r
2.034846214277385,0.49143762952873576,0.25,1.0,1.0,0.0,0.0,0.0,0.0,0.0,0.0,0.0,d/dr at r = r_over_rs = 1/u (r_s = 1); u-column data consumed via d/dr = -u^2 d/du; stencils jet9d8 window=9 degree=8 on strictly increasing r
2.032555930520618,0.49199138138543647,0.25,1.0,1.0,0.0,0.0,0.0,0.0,0.0,0.0,0.0,d/dr at r = r_over_rs = 1/u (r_s = 1); u-column data consumed via d/dr = -u^2 d/du; stencils jet9d8 window=9 degree=8 on strictly increasing r
2.0302707965411884,0.4925451332421374,0.25,1.0,1.0,0.0,0.0,0.0,0.0,0.0,0.0,0.0,d/dr at r = r_over_rs = 1/u (r_s = 1); u-column data consumed via d/dr = -u^2 d/du; stencils jet9d8 window=9 degree=8 on strictly increasing r
2.0279907949894413,0.49309888509883815,0.25,1.0,1.0,0.0,0.0,0.0,0.0,0.0,0.0,0.0,d/dr at r = r_over_rs = 1/u (r_s = 1); u-column data consumed via d/dr = -u^2 d/du; stencils jet9d8 window=9 degree=8 on strictly increasing r
2.025715908593567,0.493652636955539,0.25,1.0,1.0,0.0,0.0,0.0,0.0,0.0,0.0,0.0,d/dr at r = r_over_rs = 1/u (r_s = 1); u-column data consumed via d/dr = -u^2 d/du; stencils jet9d8 window=9 degree=8 on strictly increasing r
2.023446120159168,0.4942063888122399,0.25,1.0,1.0,0.0,0.0,0.0,0.0,0.0,0.0,0.0,d/dr at r = r_over_rs = 1/u (r_s = 1); u-column data consumed via d/dr = -u^2 d/du; stencils jet9d8 window=9 degree=8 on strictly increasing r
2.0211814125688243,0.4947601406689408,0.25,1.0,1.0,0.0,0.0,0.0,0.0,0.0,0.0,0.0,d/dr at r = r_over_rs = 1/u (r_s = 1); u-column data consumed via d/dr = -u^2 d/du; stencils jet9d8 window=9 degree=8 on strictly increasing r
2.018921768781665,0.4953138925256416,0.25,1.0,1.0,0.0,0.0,0.0,0.0,0.0,0.0,0.0,d/dr at r = r_over_rs = 1/u (r_s = 1); u-column data consumed via d/dr = -u^2 d/du; stencils jet9d8 window=9 degree=8 on strictly increasing r
2.016667171832939,0.49586764438234243,0.25,1.0,1.0,0.0,0.0,0.0,0.0,0.0,0.0,0.0,d/dr at r = r_over_rs = 1/u (r_s = 1); u-column data consumed via d/dr = -u^2 d/du; stencils jet9d8 window=9 degree=8 on strictly increasing r
2.01441760483359,0.4964213962390433,0.25,1.0,1.0,0.0,0.0,0.0,0.0,0.0,0.0,0.0,d/dr at r = r_over_rs = 1/u (r_s = 1); u-column data consumed via d/dr = -u^2 d/du; stencils jet9d8 window=9 degree=8 on strictly increasing r
2.012173050969837,0.4969751480957441,0.25,1.0,1.0,0.0,0.0,0.0,0.0,0.0,0.0,0.0,d/dr at r = r_over_rs = 1/u (r_s = 1); u-column data consumed via d/dr = -u^2 d/du; stencils jet9d8 window=9 degree=8 on strictly increasing r
2.009933493502754,0.49752889995244504,0.25,1.0,1.0,0.0,0.0,0.0,0.0,0.0,0.0,0.0,d/dr at r = r_over_rs = 1/u (r_s = 1); u-column data consumed via d/dr = -u^2 d/du; stencils jet9d8 window=9 degree=8 on strictly increasing r
2.007698915767855,0.4980826518091458,0.25,1.0,1.0,0.0,0.0,0.0,0.0,0.0,0.0,0.0,d/dr at r = r_over_rs = 1/u (r_s = 1); u-column data consumed via d/dr = -u^2 d/du; stencils jet9d8 window=9 degree=8 on strictly increasing r
2.0054693011746774,0.4986364036658467,0.25,1.0,1.0,0.0,0.0,0.0,0.0,0.0,0.0,0.0,d/dr at r = r_over_rs = 1/u (r_s = 1); u-column data consumed via d/dr = -u^2 d/du; stencils jet9d8 window=9 degree=8 on strictly increasing r
2.0032446332063767,0.4991901555225476,0.25,1.0,1.0,0.0,0.0,0.0,0.0,0.0,0.0,0.0,d/dr at r = r_over_rs = 1/u (r_s = 1); u-column data consumed via d/dr = -u^2 d/du; stencils jet9d8 window=9 degree=8 on strictly increasing r
2.001024895419314,0.49974390737924845,0.25,1.0,1.0,0.0,0.0,0.0,0.0,0.0,0.0,0.0,d/dr at r = r_over_rs = 1/u (r_s = 1); u-column data consumed via d/dr = -u^2 d/du; stencils jet9d8 window=9 degree=8 on strictly increasing r
1.998810071442653,0.5002976592359494,0.25,1.0,1.0,0.0,0.0,0.0,0.0,0.0,0.0,0.0,d/dr at r = r_over_rs = 1/u (r_s = 1); u-column data consumed via d/dr = -u^2 d/du; stencils jet9d8 window=9 degree=8 on strictly increasing r
1.996600144977958,0.5008514110926501,0.25,1.0,1.0,0.0,0.0,0.0,0.0,0.0,0.0,0.0,d/dr at r = r_over_rs = 1/u (r_s = 1); u-column data consumed via d/dr = -u^2 d/du; stencils jet9d8 window=9 degree=8 on strictly increasing r
1.9943950997987911,0.501405162949351,0.25,1.0,1.0,0.0,0.0,0.0,0.0,0.0,0.0,0.0,d/dr at r = r_over_rs = 1/u (r_s = 1); u-column data consumed via d/dr = -u^2 d/du; stencils jet9d8 window=9 degree=8 on strictly increasing r
1.99219491975032,0.5019589148060518,0.25,1.0,1.0,0.0,0.0,0.0,0.0,0.0,0.0,0.0,d/dr at r = r_over_rs = 1/u (r_s = 1); u-column data consumed via d/dr = -u^2 d/du; stencils jet9d8 window=9 degree=8 on strictly increasing r
1.989999588748918,0.5025126666627527,0.25,1.0,1.0,0.0,0.0,0.0,0.0,0.0,0.0,0.0,d/dr at r = r_over_rs = 1/u (r_s = 1); u-column data consumed via d/dr = -u^2 d/du; stencils jet9d8 window=9 degree=8 on strictly increasing r
1.9878090907817771,0.5030664185194536,0.25,1.0,1.0,0.0,0.0,0.0,0.0,0.0,0.0,0.0,d/dr at r = r_over_rs = 1/u (r_s = 1); u-column data consumed via d/dr = -u^2 d/du; stencils jet9d8 window=9 degree=8 on strictly increasing r
1.9856234099065155,0.5036201703761544,0.25,1.0,1.0,0.0,0.0,0.0,0.0,0.0,0.0,0.0,d/dr at r = r_over_rs = 1/u (r_s = 1); u-column data consumed via d/dr = -u^2 d/du; stencils jet9d8 window=9 degree=8 on strictly increasing r
1.983442530250791,0.5041739222328553,0.25,1.0,1.0,0.0,0.0,0.0,0.0,0.0,0.0,0.0,d/dr at r = r_over_rs = 1/u (r_s = 1); u-column data consumed via d/dr = -u^2 d/du; stencils jet9d8 window=9 degree=8 on strictly increasing r
1.9812664360119183,0.5047276740895562,0.25,1.0,1.0,0.0,0.0,0.0,0.0,0.0,0.0,0.0,d/dr at r = r_over_rs = 1/u (r_s = 1); u-column data consumed via d/dr = -u^2 d/du; stencils jet9d8 window=9 degree=8 on strictly increasing r
1.979095111456487,0.5052814259462569,0.25,1.0,1.0,0.0,0.0,0.0,0.0,0.0,0.0,0.0,d/dr at r = r_over_rs = 1/u (r_s = 1); u-column data consumed via d/dr = -u^2 d/du; stencils jet9d8 window=9 degree=8 on strictly increasing r
1.97692854091998,0.5058351778029578,0.25,1.0,1.0,0.0,0.0,0.0,0.0,0.0,0.0,0.0,d/dr at r = r_over_rs = 1/u (r_s = 1); u-column data consumed via d/dr = -u^2 d/du; stencils jet9d8 window=9 degree=8 on strictly increasing r
1.9747667088064005,0.5063889296596586,0.25,1.0,1.0,0.0,0.0,0.0,0.0,0.0,0.0,0.0,d/dr at r = r_over_rs = 1/u (r_s = 1); u-column data consumed via d/dr = -u^2 d/du; stencils jet9d8 window=9 degree=8 on strictly increasing r
1.9726095995878956,0.5069426815163595,0.25,1.0,1.0,0.0,0.0,0.0,0.0,0.0,0.0,0.0,d/dr at r = r_over_rs = 1/u (r_s = 1); u-column data consumed via d/dr = -u^2 d/du; stencils jet9d8 window=9 degree=8 on strictly increasing r
1.9704571978043843,0.5074964333730604,0.25,1.0,1.0,0.0,0.0,0.0,0.0,0.0,0.0,0.0,d/dr at r = r_over_rs = 1/u (r_s = 1); u-column data consumed via d/dr = -u^2 d/du; stencils jet9d8 window=9 degree=8 on strictly increasing r
1.9683094880631895,0.5080501852297613,0.25,1.0,1.0,0.0,0.0,0.0,0.0,0.0,0.0,0.0,d/dr at r = r_over_rs = 1/u (r_s = 1); u-column data consumed via d/dr = -u^2 d/du; stencils jet9d8 window=9 degree=8 on strictly increasing r
1.9661664550386704,0.508603937086462,0.25,1.0,1.0,0.0,0.0,0.0,0.0,0.0,0.0,0.0,d/dr at r = r_over_rs = 1/u (r_s = 1); u-column data consumed via d/dr = -u^2 d/du; stencils jet9d8 window=9 degree=8 on strictly increasing r
1.9640280834718569,0.5091576889431628,0.25,1.0,1.0,0.0,0.0,0.0,0.0,0.0,0.0,0.0,d/dr at r = r_over_rs = 1/u (r_s = 1); u-column data consumed via d/dr = -u^2 d/du; stencils jet9d8 window=9 degree=8 on strictly increasing r
1.9618943581700885,0.5097114407998639,0.25,1.0,1.0,0.0,0.0,0.0,0.0,0.0,0.0,0.0,d/dr at r = r_over_rs = 1/u (r_s = 1); u-column data consumed via d/dr = -u^2 d/du; stencils jet9d8 window=9 degree=8 on strictly increasing r
1.9597652640066567,0.5102651926565647,0.25,1.0,1.0,0.0,0.0,0.0,0.0,0.0,0.0,0.0,d/dr at r = r_over_rs = 1/u (r_s = 1); u-column data consumed via d/dr = -u^2 d/du; stencils jet9d8 window=9 degree=8 on strictly increasing r
1.9576407859204423,0.5108189445132656,0.25,1.0,1.0,0.0,0.0,0.0,0.0,0.0,0.0,0.0,d/dr at r = r_over_rs = 1/u (r_s = 1); u-column data consumed via d/dr = -u^2 d/du; stencils jet9d8 window=9 degree=8 on strictly increasing r
1.9555209089155647,0.5113726963699665,0.25,1.0,1.0,0.0,0.0,0.0,0.0,0.0,0.0,0.0,d/dr at r = r_over_rs = 1/u (r_s = 1); u-column data consumed via d/dr = -u^2 d/du; stencils jet9d8 window=9 degree=8 on strictly increasing r
1.9534056180610289,0.5119264482266671,0.25,1.0,1.0,0.0,0.0,0.0,0.0,0.0,0.0,0.0,d/dr at r = r_over_rs = 1/u (r_s = 1); u-column data consumed via d/dr = -u^2 d/du; stencils jet9d8 window=9 degree=8 on strictly increasing r
1.9512948984903693,0.5124802000833681,0.25,1.0,1.0,0.0,0.0,0.0,0.0,0.0,0.0,0.0,d/dr at r = r_over_rs = 1/u (r_s = 1); u-column data consumed via d/dr = -u^2 d/du; stencils jet9d8 window=9 degree=8 on strictly increasing r
1.949188735401311,0.513033951940069,0.25,1.0,1.0,0.0,0.0,0.0,0.0,0.0,0.0,0.0,d/dr at r = r_over_rs = 1/u (r_s = 1); u-column data consumed via d/dr = -u^2 d/du; stencils jet9d8 window=9 degree=8 on strictly increasing r
1.947087114055416,0.5135877037967697,0.25,1.0,1.0,0.0,0.0,0.0,0.0,0.0,0.0,0.0,d/dr at r = r_over_rs = 1/u (r_s = 1); u-column data consumed via d/dr = -u^2 d/du; stencils jet9d8 window=9 degree=8 on strictly increasing r
1.94499001977774,0.5141414556534707,0.25,1.0,1.0,0.0,0.0,0.0,0.0,0.0,0.0,0.0,d/dr at r = r_over_rs = 1/u (r_s = 1); u-column data consumed via d/dr = -u^2 d/du; stencils jet9d8 window=9 degree=8 on strictly increasing r
1.9428974379564972,0.5146952075101716,0.25,1.0,1.0,0.0,0.0,0.0,0.0,0.0,0.0,0.0,d/dr at r = r_over_rs = 1/u (r_s = 1); u-column data consumed via d/dr = -u^2 d/du; stencils jet9d8 window=9 degree=8 on strictly increasing r
1.9408093540427136,0.5152489593668724,0.25,1.0,1.0,0.0,0.0,0.0,0.0,0.0,0.0,0.0,d/dr at r = r_over_rs = 1/u (r_s = 1); u-column data consumed via d/dr = -u^2 d/du; stencils jet9d8 window=9 degree=8 on strictly increasing r
1.9387257535498927,0.5158027112235734,0.25,1.0,1.0,0.0,0.0,0.0,0.0,0.0,0.0,0.0,d/dr at r = r_over_rs = 1/u (r_s = 1); u-column data consumed via d/dr = -u^2 d/du; stencils jet9d8 window=9 degree=8 on strictly increasing r
1.9366466220536829,0.516356463080274,0.25,1.0,1.0,0.0,0.0,0.0,0.0,0.0,0.0,0.0,d/dr at r = r_over_rs = 1/u (r_s = 1); u-column data consumed via d/dr = -u^2 d/du; stencils jet9d8 window=9 degree=8 on strictly increasing r
1.9345719451915384,0.516910214936975,0.25,1.0,1.0,0.0,0.0,0.0,0.0,0.0,0.0,0.0,d/dr at r = r_over_rs = 1/u (r_s = 1); u-column data consumed via d/dr = -u^2 d/du; stencils jet9d8 window=9 degree=8 on strictly increasing r
1.9325017086623963,0.5174639667936758,0.25,1.0,1.0,0.0,0.0,0.0,0.0,0.0,0.0,0.0,d/dr at r = r_over_rs = 1/u (r_s = 1); u-column data consumed via d/dr = -u^2 d/du; stencils jet9d8 window=9 degree=8 on strictly increasing r
1.9304358982263412,0.5180177186503767,0.25,1.0,1.0,0.0,0.0,0.0,0.0,0.0,0.0,0.0,d/dr at r = r_over_rs = 1/u (r_s = 1); u-column data consumed via d/dr = -u^2 d/du; stencils jet9d8 window=9 degree=8 on strictly increasing r
1.928374499704283,0.5185714705070775,0.25,1.0,1.0,0.0,0.0,0.0,0.0,0.0,0.0,0.0,d/dr at r = r_over_rs = 1/u (r_s = 1); u-column data consumed via d/dr = -u^2 d/du; stencils jet9d8 window=9 degree=8 on strictly increasing r
1.9263174989776308,0.5191252223637783,0.25,1.0,1.0,0.0,0.0,0.0,0.0,0.0,0.0,0.0,d/dr at r = r_over_rs = 1/u (r_s = 1); u-column data consumed via d/dr = -u^2 d/du; stencils jet9d8 window=9 degree=8 on strictly increasing r
1.9242648819879704,0.5196789742204793,0.25,1.0,1.0,0.0,0.0,0.0,0.0,0.0,0.0,0.0,d/dr at r = r_over_rs = 1/u (r_s = 1); u-column data consumed via d/dr = -u^2 d/du; stencils jet9d8 window=9 degree=8 on strictly increasing r
1.922216634736745,0.5202327260771801,0.25,1.0,1.0,0.0,0.0,0.0,0.0,0.0,0.0,0.0,d/dr at r = r_over_rs = 1/u (r_s = 1); u-column data consumed via d/dr = -u^2 d/du; stencils jet9d8 window=9 degree=8 on strictly increasing r
1.9201727432849365,0.5207864779338809,0.25,1.0,1.0,0.0,0.0,0.0,0.0,0.0,0.0,0.0,d/dr at r = r_over_rs = 1/u (r_s = 1); u-column data consumed via d/dr = -u^2 d/du; stencils jet9d8 window=9 degree=8 on strictly increasing r
1.9181331937527475,0.5213402297905818,0.25,1.0,1.0,0.0,0.0,0.0,0.0,0.0,0.0,0.0,d/dr at r = r_over_rs = 1/u (r_s = 1); u-column data consumed via d/dr = -u^2 d/du; stencils jet9d8 window=9 degree=8 on strictly increasing r
1.916097972319292,0.5218939816472826,0.25,1.0,1.0,0.0,0.0,0.0,0.0,0.0,0.0,0.0,d/dr at r = r_over_rs = 1/u (r_s = 1); u-column data consumed via d/dr = -u^2 d/du; stencils jet9d8 window=9 degree=8 on strictly increasing r
1.914067065222277,0.5224477335039834,0.25,1.0,1.0,0.0,0.0,0.0,0.0,0.0,0.0,0.0,d/dr at r = r_over_rs = 1/u (r_s = 1); u-column data consumed via d/dr = -u^2 d/du; stencils jet9d8 window=9 degree=8 on strictly increasing r
1.9120404587576971,0.5230014853606844,0.25,1.0,1.0,0.0,0.0,0.0,0.0,0.0,0.0,0.0,d/dr at r = r_over_rs = 1/u (r_s = 1); u-column data consumed via d/dr = -u^2 d/du; stencils jet9d8 window=9 degree=8 on strictly increasing r
1.9100181392795244,0.5235552372173852,0.25,1.0,1.0,0.0,0.0,0.0,0.0,0.0,0.0,0.0,d/dr at r = r_over_rs = 1/u (r_s = 1); u-column data consumed via d/dr = -u^2 d/du; stencils jet9d8 window=9 degree=8 on strictly increasing r
1.9080000931994008,0.5241089890740861,0.25,1.0,1.0,0.0,0.0,0.0,0.0,0.0,0.0,0.0,d/dr at r = r_over_rs = 1/u (r_s = 1); u-column data consumed via d/dr = -u^2 d/du; stencils jet9d8 window=9 degree=8 on strictly increasing r
1.9059863069863372,0.5246627409307869,0.25,1.0,1.0,0.0,0.0,0.0,0.0,0.0,0.0,0.0,d/dr at r = r_over_rs = 1/u (r_s = 1); u-column data consumed via d/dr = -u^2 d/du; stencils jet9d8 window=9 degree=8 on strictly increasing r
1.903976767166408,0.5252164927874877,0.25,1.0,1.0,0.0,0.0,0.0,0.0,0.0,0.0,0.0,d/dr at r = r_over_rs = 1/u (r_s = 1); u-column data consumed via d/dr = -u^2 d/du; stencils jet9d8 window=9 degree=8 on strictly increasing r
1.9019714603224516,0.5257702446441886,0.25,1.0,1.0,0.0,0.0,0.0,0.0,0.0,0.0,0.0,d/dr at r = r_over_rs = 1/u (r_s = 1); u-column data consumed via d/dr = -u^2 d/du; stencils jet9d8 window=9 degree=8 on strictly increasing r
1.899970373093772,0.5263239965008893,0.25,1.0,1.0,0.0,0.0,0.0,0.0,0.0,0.0,0.0,d/dr at r = r_over_rs = 1/u (r_s = 1); u-column data consumed via d/dr = -u^2 d/du; stencils jet9d8 window=9 degree=8 on strictly increasing r
1.897973492175841,0.5268777483575905,0.25,1.0,1.0,0.0,0.0,0.0,0.0,0.0,0.0,0.0,d/dr at r = r_over_rs = 1/u (r_s = 1); u-column data consumed via d/dr = -u^2 d/du; stencils jet9d8 window=9 degree=8 on strictly increasing r
1.8959808043200077,0.5274315002142911,0.25,1.0,1.0,0.0,0.0,0.0,0.0,0.0,0.0,0.0,d/dr at r = r_over_rs = 1/u (r_s = 1); u-column data consumed via d/dr = -u^2 d/du; stencils jet9d8 window=9 degree=8 on strictly increasing r
1.893992296333197,0.527985252070992,0.25,1.0,1.0,0.0,0.0,0.0,0.0,0.0,0.0,0.0,d/dr at r = r_over_rs = 1/u (r_s = 1); u-column data consumed via d/dr = -u^2 d/du; stencils jet9d8 window=9 degree=8 on strictly increasing r
1.8920079550776268,0.5285390039276929,0.25,1.0,1.0,0.0,0.0,0.0,0.0,0.0,0.0,0.0,d/dr at r = r_over_rs = 1/u (r_s = 1); u-column data consumed via d/dr = -u^2 d/du; stencils jet9d8 window=9 degree=8 on strictly increasing r
1.8900277674705148,0.5290927557843937,0.25,1.0,1.0,0.0,0.0,0.0,0.0,0.0,0.0,0.0,d/dr at r = r_over_rs = 1/u (r_s = 1); u-column data consumed via d/dr = -u^2 d/du; stencils jet9d8 window=9 degree=8 on strictly increasing r
1.8880517204837912,0.5296465076410946,0.25,1.0,1.0,0.0,0.0,0.0,0.0,0.0,0.0,0.0,d/dr at r = r_over_rs = 1/u (r_s = 1); u-column data consumed via d/dr = -u^2 d/du; stencils jet9d8 window=9 degree=8 on strictly increasing r
1.886079801143813,0.5302002594977955,0.25,1.0,1.0,0.0,0.0,0.0,0.0,0.0,0.0,0.0,d/dr at r = r_over_rs = 1/u (r_s = 1); u-column data consumed via d/dr = -u^2 d/du; stencils jet9d8 window=9 degree=8 on strictly increasing r
1.8841119965310809,0.5307540113544963,0.25,1.0,1.0,0.0,0.0,0.0,0.0,0.0,0.0,0.0,d/dr at r = r_over_rs = 1/u (r_s = 1); u-column data consumed via d/dr = -u^2 d/du; stencils jet9d8 window=9 degree=8 on strictly increasing r
1.8821482937799563,0.5313077632111973,0.25,1.0,1.0,0.0,0.0,0.0,0.0,0.0,0.0,0.0,d/dr at r = r_over_rs = 1/u (r_s = 1); u-column data consumed via d/dr = -u^2 d/du; stencils jet9d8 window=9 degree=8 on strictly increasing r
1.8801886800783827,0.531861515067898,0.25,1.0,1.0,0.0,0.0,0.0,0.0,0.0,0.0,0.0,d/dr at r = r_over_rs = 1/u (r_s = 1); u-column data consumed via d/dr = -u^2 d/du; stencils jet9d8 window=9 degree=8 on strictly increasing r
1.878233142667603,0.5324152669245988,0.25,1.0,1.0,0.0,0.0,0.0,0.0,0.0,0.0,0.0,d/dr at r = r_over_rs = 1/u (r_s = 1); u-column data consumed via d/dr = -u^2 d/du; stencils jet9d8 window=9 degree=8 on strictly increasing r
1.8762816688418869,0.5329690187812998,0.25,1.0,1.0,0.0,0.0,0.0,0.0,0.0,0.0,0.0,d/dr at r = r_over_rs = 1/u (r_s = 1); u-column data consumed via d/dr = -u^2 d/du; stencils jet9d8 window=9 degree=8 on strictly increasing r
1.874334245948254,0.5335227706380006,0.25,1.0,1.0,0.0,0.0,0.0,0.0,0.0,0.0,0.0,d/dr at r = r_over_rs = 1/u (r_s = 1); u-column data consumed via d/dr = -u^2 d/du; stencils jet9d8 window=9 degree=8 on strictly increasing r
1.8723908613861997,0.5340765224947014,0.25,1.0,1.0,0.0,0.0,0.0,0.0,0.0,0.0,0.0,d/dr at r = r_over_rs = 1/u (r_s = 1); u-column data consumed via d/dr = -u^2 d/du; stencils jet9d8 window=9 degree=8 on strictly increasing r
1.8704515026074244,0.5346302743514023,0.25,1.0,1.0,0.0,0.0,0.0,0.0,0.0,0.0,0.0,d/dr at r = r_over_rs = 1/u (r_s = 1); u-column data consumed via d/dr = -u^2 d/du; stencils jet9d8 window=9 degree=8 on strictly increasing r
1.868516157115564,0.535184026208103,0.25,1.0,1.0,0.0,0.0,0.0,0.0,0.0,0.0,0.0,d/dr at r = r_over_rs = 1/u (r_s = 1); u-column data consumed via d/dr = -u^2 d/du; stencils jet9d8 window=9 degree=8 on strictly increasing r
1.8665848124659183,0.535737778064804,0.25,1.0,1.0,0.0,0.0,0.0,0.0,0.0,0.0,0.0,d/dr at r = r_over_rs = 1/u (r_s = 1); u-column data consumed via d/dr = -u^2 d/du; stencils jet9d8 window=9 degree=8 on strictly increasing r
1.8646574562651892,0.536291529921505,0.25,1.0,1.0,0.0,0.0,0.0,0.0,0.0,0.0,0.0,d/dr at r = r_over_rs = 1/u (r_s = 1); u-column data consumed via d/dr = -u^2 d/du; stencils jet9d8 window=9 degree=8 on strictly increasing r
1.862734076171212,0.5368452817782058,0.25,1.0,1.0,0.0,0.0,0.0,0.0,0.0,0.0,0.0,d/dr at r = r_over_rs = 1/u (r_s = 1); u-column data consumed via d/dr = -u^2 d/du; stencils jet9d8 window=9 degree=8 on strictly increasing r
1.860814659892692,0.5373990336349066,0.25,1.0,1.0,0.0,0.0,0.0,0.0,0.0,0.0,0.0,d/dr at r = r_over_rs = 1/u (r_s = 1); u-column data consumed via d/dr = -u^2 d/du; stencils jet9d8 window=9 degree=8 on strictly increasing r
1.8588991951889449,0.5379527854916073,0.25,1.0,1.0,0.0,0.0,0.0,0.0,0.0,0.0,0.0,d/dr at r = r_over_rs = 1/u (r_s = 1); u-column data consumed via d/dr = -u^2 d/du; stencils jet9d8 window=9 degree=8 on strictly increasing r
1.8569876698696337,0.5385065373483083,0.25,1.0,1.0,0.0,0.0,0.0,0.0,0.0,0.0,0.0,d/dr at r = r_over_rs = 1/u (r_s = 1); u-column data consumed via d/dr = -u^2 d/du; stencils jet9d8 window=9 degree=8 on strictly increasing r
1.8550800717945144,0.5390602892050091,0.25,1.0,1.0,0.0,0.0,0.0,0.0,0.0,0.0,0.0,d/dr at r = r_over_rs = 1/u (r_s = 1); u-column data consumed via d/dr = -u^2 d/du; stencils jet9d8 window=9 degree=8 on strictly increasing r
1.8531763888731732,0.5396140410617101,0.25,1.0,1.0,0.0,0.0,0.0,0.0,0.0,0.0,0.0,d/dr at r = r_over_rs = 1/u (r_s = 1); u-column data consumed via d/dr = -u^2 d/du; stencils jet9d8 window=9 degree=8 on strictly increasing r
1.8512766090647763,0.5401677929184109,0.25,1.0,1.0,0.0,0.0,0.0,0.0,0.0,0.0,0.0,d/dr at r = r_over_rs = 1/u (r_s = 1); u-column data consumed via d/dr = -u^2 d/du; stencils jet9d8 window=9 degree=8 on strictly increasing r
1.8493807203778128,0.5407215447751118,0.25,1.0,1.0,0.0,0.0,0.0,0.0,0.0,0.0,0.0,d/dr at r = r_over_rs = 1/u (r_s = 1); u-column data consumed via d/dr = -u^2 d/du; stencils jet9d8 window=9 degree=8 on strictly increasing r
1.847488710869844,0.5412752966318127,0.25,1.0,1.0,0.0,0.0,0.0,0.0,0.0,0.0,0.0,d/dr at r = r_over_rs = 1/u (r_s = 1); u-column data consumed via d/dr = -u^2 d/du; stencils jet9d8 window=9 degree=8 on strictly increasing r
1.8456005686472523,0.5418290484885134,0.25,1.0,1.0,0.0,0.0,0.0,0.0,0.0,0.0,0.0,d/dr at r = r_over_rs = 1/u (r_s = 1); u-column data consumed via d/dr = -u^2 d/du; stencils jet9d8 window=9 degree=8 on strictly increasing r
1.8437162818649904,0.5423828003452144,0.25,1.0,1.0,0.0,0.0,0.0,0.0,0.0,0.0,0.0,d/dr at r = r_over_rs = 1/u (r_s = 1); u-column data consumed via d/dr = -u^2 d/du; stencils jet9d8 window=9 degree=8 on strictly increasing r
1.841835838726337,0.5429365522019152,0.25,1.0,1.0,0.0,0.0,0.0,0.0,0.0,0.0,0.0,d/dr at r = r_over_rs = 1/u (r_s = 1); u-column data consumed via d/dr = -u^2 d/du; stencils jet9d8 window=9 degree=8 on strictly increasing r
1.839959227482647,0.543490304058616,0.25,1.0,1.0,0.0,0.0,0.0,0.0,0.0,0.0,0.0,d/dr at r = r_over_rs = 1/u (r_s = 1); u-column data consumed via d/dr = -u^2 d/du; stencils jet9d8 window=9 degree=8 on strictly increasing r
1.838086436433109,0.5440440559153169,0.25,1.0,1.0,0.0,0.0,0.0,0.0,0.0,0.0,0.0,d/dr at r = r_over_rs = 1/u (r_s = 1); u-column data consumed via d/dr = -u^2 d/du; stencils jet9d8 window=9 degree=8 on strictly increasing r
1.8362174539245024,0.5445978077720177,0.25,1.0,1.0,0.0,0.0,0.0,0.0,0.0,0.0,0.0,d/dr at r = r_over_rs = 1/u (r_s = 1); u-column data consumed via d/dr = -u^2 d/du; stencils jet9d8 window=9 degree=8 on strictly increasing r
1.8343522683509537,0.5451515596287185,0.25,1.0,1.0,0.0,0.0,0.0,0.0,0.0,0.0,0.0,d/dr at r = r_over_rs = 1/u (r_s = 1); u-column data consumed via d/dr = -u^2 d/du; stencils jet9d8 window=9 degree=8 on strictly increasing r
1.832490868153697,0.5457053114854195,0.25,1.0,1.0,0.0,0.0,0.0,0.0,0.0,0.0,0.0,d/dr at r = r_over_rs = 1/u (r_s = 1); u-column data consumed via d/dr = -u^2 d/du; stencils jet9d8 window=9 degree=8 on strictly increasing r
1.8306332418208375,0.5462590633421204,0.25,1.0,1.0,0.0,0.0,0.0,0.0,0.0,0.0,0.0,d/dr at r = r_over_rs = 1/u (r_s = 1); u-column data consumed via d/dr = -u^2 d/du; stencils jet9d8 window=9 degree=8 on strictly increasing r
1.8287793778871115,0.5468128151988211,0.25,1.0,1.0,0.0,0.0,0.0,0.0,0.0,0.0,0.0,d/dr at r = r_over_rs = 1/u (r_s = 1); u-column data consumed via d/dr = -u^2 d/du; stencils jet9d8 window=9 degree=8 on strictly increasing r
1.8269292649336493,0.5473665670555221,0.25,1.0,1.0,0.0,0.0,0.0,0.0,0.0,0.0,0.0,d/dr at r = r_over_rs = 1/u (r_s = 1); u-column data consumed via d/dr = -u^2 d/du; stencils jet9d8 window=9 degree=8 on strictly increasing r
1.8250828915877468,0.5479203189122228,0.25,1.0,1.0,0.0,0.0,0.0,0.0,0.0,0.0,0.0,d/dr at r = r_over_rs = 1/u (r_s = 1); u-column data consumed via d/dr = -u^2 d/du; stencils jet9d8 window=9 degree=8 on strictly increasing r
1.8232402465226247,0.5484740707689237,0.25,1.0,1.0,0.0,0.0,0.0,0.0,0.0,0.0,0.0,d/dr at r = r_over_rs = 1/u (r_s = 1); u-column data consumed via d/dr = -u^2 d/du; stencils jet9d8 window=9 degree=8 on strictly increasing r
1.821401318457203,0.5490278226256246,0.25,1.0,1.0,0.0,0.0,0.0,0.0,0.0,0.0,0.0,d/dr at r = r_over_rs = 1/u (r_s = 1); u-column data consumed via d/dr = -u^2 d/du; stencils jet9d8 window=9 degree=8 on strictly increasing r
1.819566096155868,0.5495815744823253,0.25,1.0,1.0,0.0,0.0,0.0,0.0,0.0,0.0,0.0,d/dr at r = r_over_rs = 1/u (r_s = 1); u-column data consumed via d/dr = -u^2 d/du; stencils jet9d8 window=9 degree=8 on strictly increasing r
1.817734568428242,0.5501353263390263,0.25,1.0,1.0,0.0,0.0,0.0,0.0,0.0,0.0,0.0,d/dr at r = r_over_rs = 1/u (r_s = 1); u-column data consumed via d/dr = -u^2 d/du; stencils jet9d8 window=9 degree=8 on strictly increasing r
1.8159067241289608,0.5506890781957271,0.25,1.0,1.0,0.0,0.0,0.0,0.0,0.0,0.0,0.0,d/dr at r = r_over_rs = 1/u (r_s = 1); u-column data consumed via d/dr = -u^2 d/du; stencils jet9d8 window=9 degree=8 on strictly increasing r
1.8140825521574424,0.551242830052428,0.25,1.0,1.0,0.0,0.0,0.0,0.0,0.0,0.0,0.0,d/dr at r = r_over_rs = 1/u (r_s = 1); u-column data consumed via d/dr = -u^2 d/du; stencils jet9d8 window=9 degree=8 on strictly increasing r
1.812262041457666,0.5517965819091288,0.25,1.0,1.0,0.0,0.0,0.0,0.0,0.0,0.0,0.0,d/dr at r = r_over_rs = 1/u (r_s = 1); u-column data consumed via d/dr = -u^2 d/du; stencils jet9d8 window=9 degree=8 on strictly increasing r
1.8104451810179452,0.5523503337658298,0.25,1.0,1.0,0.0,0.0,0.0,0.0,0.0,0.0,0.0,d/dr at r = r_over_rs = 1/u (r_s = 1); u-column data consumed via d/dr = -u^2 d/du; stencils jet9d8 window=9 degree=8 on strictly increasing r
1.8086319598707092,0.5529040856225307,0.25,1.0,1.0,0.0,0.0,0.0,0.0,0.0,0.0,0.0,d/dr at r = r_over_rs = 1/u (r_s = 1); u-column data consumed via d/dr = -u^2 d/du; stencils jet9d8 window=9 degree=8 on strictly increasing r
1.8068223670922812,0.5534578374792315,0.25,1.0,1.0,0.0,0.0,0.0,0.0,0.0,0.0,0.0,d/dr at r = r_over_rs = 1/u (r_s = 1); u-column data consumed via d/dr = -u^2 d/du; stencils jet9d8 window=9 degree=8 on strictly increasing r
1.8050163918026576,0.5540115893359322,0.25,1.0,1.0,0.0,0.0,0.0,0.0,0.0,0.0,0.0,d/dr at r = r_over_rs = 1/u (r_s = 1); u-column data consumed via d/dr = -u^2 d/du; stencils jet9d8 window=9 degree=8 on strictly increasing r
1.8032140231652904,0.5545653411926331,0.25,1.0,1.0,0.0,0.0,0.0,0.0,0.0,0.0,0.0,d/dr at r = r_over_rs = 1/u (r_s = 1); u-column data consumed via d/dr = -u^2 d/du; stencils jet9d8 window=9 degree=8 on strictly increasing r
1.8014152503868734,0.5551190930493339,0.25,1.0,1.0,0.0,0.0,0.0,0.0,0.0,0.0,0.0,d/dr at r = r_over_rs = 1/u (r_s = 1); u-column data consumed via d/dr = -u^2 d/du; stencils jet9d8 window=9 degree=8 on strictly increasing r
1.799620062717122,0.5556728449060349,0.25,1.0,1.0,0.0,0.0,0.0,0.0,0.0,0.0,0.0,d/dr at r = r_over_rs = 1/u (r_s = 1); u-column data consumed via d/dr = -u^2 d/du; stencils jet9d8 window=9 degree=8 on strictly increasing r
1.7978284494485628,0.5562265967627357,0.25,1.0,1.0,0.0,0.0,0.0,0.0,0.0,0.0,0.0,d/dr at r = r_over_rs = 1/u (r_s = 1); u-column data consumed via d/dr = -u^2 d/du; stencils jet9d8 window=9 degree=8 on strictly increasing r
1.7960403999163186,0.5567803486194365,0.25,1.0,1.0,0.0,0.0,0.0,0.0,0.0,0.0,0.0,d/dr at r = r_over_rs = 1/u (r_s = 1); u-column data consumed via d/dr = -u^2 d/du; stencils jet9d8 window=9 degree=8 on strictly increasing r
1.7942559034978978,0.5573341004761374,0.25,1.0,1.0,0.0,0.0,0.0,0.0,0.0,0.0,0.0,d/dr at r = r_over_rs = 1/u (r_s = 1); u-column data consumed via d/dr = -u^2 d/du; stencils jet9d8 window=9 degree=8 on strictly increasing r
1.792474949612984,0.5578878523328382,0.25,1.0,1.0,0.0,0.0,0.0,0.0,0.0,0.0,0.0,d/dr at r = r_over_rs = 1/u (r_s = 1); u-column data consumed via d/dr = -u^2 d/du; stencils jet9d8 window=9 degree=8 on strictly increasing r
1.7906975277232258,0.5584416041895391,0.25,1.0,1.0,0.0,0.0,0.0,0.0,0.0,0.0,0.0,d/dr at r = r_over_rs = 1/u (r_s = 1); u-column data consumed via d/dr = -u^2 d/du; stencils jet9d8 window=9 degree=8 on strictly increasing r
1.7889236273320317,0.5589953560462398,0.25,1.0,1.0,0.0,0.0,0.0,0.0,0.0,0.0,0.0,d/dr at r = r_over_rs = 1/u (r_s = 1); u-column data consumed via d/dr = -u^2 d/du; stencils jet9d8 window=9 degree=8 on strictly increasing r
1.7871532379843589,0.5595491079029408,0.25,1.0,1.0,0.0,0.0,0.0,0.0,0.0,0.0,0.0,d/dr at r = r_over_rs = 1/u (r_s = 1); u-column data consumed via d/dr = -u^2 d/du; stencils jet9d8 window=9 degree=8 on strictly increasing r
1.7853863492665123,0.5601028597596417,0.25,1.0,1.0,0.0,0.0,0.0,0.0,0.0,0.0,0.0,d/dr at r = r_over_rs = 1/u (r_s = 1); u-column data consumed via d/dr = -u^2 d/du; stencils jet9d8 window=9 degree=8 on strictly increasing r
1.7836229508059387,0.5606566116163425,0.25,1.0,1.0,0.0,0.0,0.0,0.0,0.0,0.0,0.0,d/dr at r = r_over_rs = 1/u (r_s = 1); u-column data consumed via d/dr = -u^2 d/du; stencils jet9d8 window=9 degree=8 on strictly increasing r
1.7818630322710232,0.5612103634730433,0.25,1.0,1.0,0.0,0.0,0.0,0.0,0.0,0.0,0.0,d/dr at r = r_over_rs = 1/u (r_s = 1); u-column data consumed via d/dr = -u^2 d/du; stencils jet9d8 window=9 degree=8 on strictly increasing r
1.7801065833708871,0.5617641153297442,0.25,1.0,1.0,0.0,0.0,0.0,0.0,0.0,0.0,0.0,d/dr at r = r_over_rs = 1/u (r_s = 1); u-column data consumed via d/dr = -u^2 d/du; stencils jet9d8 window=9 degree=8 on strictly increasing r
1.77835359385519,0.562317867186445,0.25,1.0,1.0,0.0,0.0,0.0,0.0,0.0,0.0,0.0,d/dr at r = r_over_rs = 1/u (r_s = 1); u-column data consumed via d/dr = -u^2 d/du; stencils jet9d8 window=9 degree=8 on strictly increasing r
1.776604053513927,0.562871619043146,0.25,1.0,1.0,0.0,0.0,0.0,0.0,0.0,0.0,0.0,d/dr at r = r_over_rs = 1/u (r_s = 1); u-column data consumed via d/dr = -u^2 d/du; stencils jet9d8 window=9 degree=8 on strictly increasing r
1.774857952177233,0.5634253708998468,0.25,1.0,1.0,0.0,0.0,0.0,0.0,0.0,0.0,0.0,d/dr at r = r_over_rs = 1/u (r_s = 1); u-column data consumed via d/dr = -u^2 d/du; stencils jet9d8 window=9 degree=8 on strictly increasing r
1.773115279715184,0.5639791227565476,0.25,1.0,1.0,0.0,0.0,0.0,0.0,0.0,0.0,0.0,d/dr at r = r_over_rs = 1/u (r_s = 1); u-column data consumed via d/dr = -u^2 d/du; stencils jet9d8 window=9 degree=8 on strictly increasing r
1.771376026037602,0.5645328746132485,0.25,1.0,1.0,0.0,0.0,0.0,0.0,0.0,0.0,0.0,d/dr at r = r_over_rs = 1/u (r_s = 1); u-column data consumed via d/dr = -u^2 d/du; stencils jet9d8 window=9 degree=8 on strictly increasing r
1.769640181093861,0.5650866264699493,0.25,1.0,1.0,0.0,0.0,0.0,0.0,0.0,0.0,0.0,d/dr at r = r_over_rs = 1/u (r_s = 1); u-column data consumed via d/dr = -u^2 d/du; stencils jet9d8 window=9 degree=8 on strictly increasing r
1.7679077348726906,0.5656403783266503,0.25,1.0,1.0,0.0,0.0,0.0,0.0,0.0,0.0,0.0,d/dr at r = r_over_rs = 1/u (r_s = 1); u-column data consumed via d/dr = -u^2 d/du; stencils jet9d8 window=9 degree=8 on strictly increasing r
1.766178677401988,0.5661941301833511,0.25,1.0,1.0,0.0,0.0,0.0,0.0,0.0,0.0,0.0,d/dr at r = r_over_rs = 1/u (r_s = 1); u-column data consumed via d/dr = -u^2 d/du; stencils jet9d8 window=9 degree=8 on strictly increasing r
1.7644529987486224,0.5667478820400519,0.25,1.0,1.0,0.0,0.0,0.0,0.0,0.0,0.0,0.0,d/dr at r = r_over_rs = 1/u (r_s = 1); u-column data consumed via d/dr = -u^2 d/du; stencils jet9d8 window=9 degree=8 on strictly increasing r
1.7627306890182464,0.5673016338967528,0.25,1.0,1.0,0.0,0.0,0.0,0.0,0.0,0.0,0.0,d/dr at r = r_over_rs = 1/u (r_s = 1); u-column data consumed via d/dr = -u^2 d/du; stencils jet9d8 window=9 degree=8 on strictly increasing r
1.7610117383551085,0.5678553857534536,0.25,1.0,1.0,0.0,0.0,0.0,0.0,0.0,0.0,0.0,d/dr at r = r_over_rs = 1/u (r_s = 1); u-column data consumed via d/dr = -u^2 d/du; stencils jet9d8 window=9 degree=8 on strictly increasing r
1.759296136941862,0.5684091376101544,0.25,1.0,1.0,0.0,0.0,0.0,0.0,0.0,0.0,0.0,d/dr at r = r_over_rs = 1/u (r_s = 1); u-column data consumed via d/dr = -u^2 d/du; stencils jet9d8 window=9 degree=8 on strictly increasing r
1.7575838749993808,0.5689628894668554,0.25,1.0,1.0,0.0,0.0,0.0,0.0,0.0,0.0,0.0,d/dr at r = r_over_rs = 1/u (r_s = 1); u-column data consumed via d/dr = -u^2 d/du; stencils jet9d8 window=9 degree=8 on strictly increasing r
1.7558749427865723,0.5695166413235562,0.25,1.0,1.0,0.0,0.0,0.0,0.0,0.0,0.0,0.0,d/dr at r = r_over_rs = 1/u (r_s = 1); u-column data consumed via d/dr = -u^2 d/du; stencils jet9d8 window=9 degree=8 on strictly increasing r
1.7541693306001922,0.5700703931802571,0.25,1.0,1.0,0.0,0.0,0.0,0.0,0.0,0.0,0.0,d/dr at r = r_over_rs = 1/u (r_s = 1); u-column data consumed via d/dr = -u^2 d/du; stencils jet9d8 window=9 degree=8 on strictly increasing r
1.752467028774663,0.5706241450369579,0.25,1.0,1.0,0.0,0.0,0.0,0.0,0.0,0.0,0.0,d/dr at r = r_over_rs = 1/u (r_s = 1); u-column data consumed via d/dr = -u^2 d/du; stencils jet9d8 window=9 degree=8 on strictly increasing r
1.7507680276818889,0.5711778968936586,0.25,1.0,1.0,0.0,0.0,0.0,0.0,0.0,0.0,0.0,d/dr at r = r_over_rs = 1/u (r_s = 1); u-column data consumed via d/dr = -u^2 d/du; stencils jet9d8 window=9 degree=8 on strictly increasing r
1.7490723177310743,0.5717316487503596,0.25,1.0,1.0,0.0,0.0,0.0,0.0,0.0,0.0,0.0,d/dr at r = r_over_rs = 1/u (r_s = 1); u-column data consumed via d/dr = -u^2 d/du; stencils jet9d8 window=9 degree=8 on strictly increasing r
1.7473798893685473,0.5722854006070605,0.25,1.0,1.0,0.0,0.0,0.0,0.0,0.0,0.0,0.0,d/dr at r = r_over_rs = 1/u (r_s = 1); u-column data consumed via d/dr = -u^2 d/du; stencils jet9d8 window=9 degree=8 on strictly increasing r
1.7456907330775744,0.5728391524637614,0.25,1.0,1.0,0.0,0.0,0.0,0.0,0.0,0.0,0.0,d/dr at r = r_over_rs = 1/u (r_s = 1); u-column data consumed via d/dr = -u^2 d/du; stencils jet9d8 window=9 degree=8 on strictly increasing r
1.7440048393781873,0.5733929043204622,0.25,1.0,1.0,0.0,0.0,0.0,0.0,0.0,0.0,0.0,d/dr at r = r_over_rs = 1/u (r_s = 1); u-column data consumed via d/dr = -u^2 d/du; stencils jet9d8 window=9 degree=8 on strictly increasing r
1.742322198827002,0.5739466561771631,0.25,1.0,1.0,0.0,0.0,0.0,0.0,0.0,0.0,0.0,d/dr at r = r_over_rs = 1/u (r_s = 1); u-column data consumed via d/dr = -u^2 d/du; stencils jet9d8 window=9 degree=8 on strictly increasing r
1.740642802017044,0.5745004080338639,0.25,1.0,1.0,0.0,0.0,0.0,0.0,0.0,0.0,0.0,d/dr at r = r_over_rs = 1/u (r_s = 1); u-column data consumed via d/dr = -u^2 d/du; stencils jet9d8 window=9 degree=8 on strictly increasing r
1.7389666395775734,0.5750541598905647,0.25,1.0,1.0,0.0,0.0,0.0,0.0,0.0,0.0,0.0,d/dr at r = r_over_rs = 1/u (r_s = 1); u-column data consumed via d/dr = -u^2 d/du; stencils jet9d8 window=9 degree=8 on strictly increasing r
1.7372937021739097,0.5756079117472656,0.25,1.0,1.0,0.0,0.0,0.0,0.0,0.0,0.0,0.0,d/dr at r = r_over_rs = 1/u (r_s = 1); u-column data consumed via d/dr = -u^2 d/du; stencils jet9d8 window=9 degree=8 on strictly increasing r
1.735623980507258,0.5761616636039665,0.25,1.0,1.0,0.0,0.0,0.0,0.0,0.0,0.0,0.0,d/dr at r = r_over_rs = 1/u (r_s = 1); u-column data consumed via d/dr = -u^2 d/du; stencils jet9d8 window=9 degree=8 on strictly increasing r
1.733957465314539,0.5767154154606673,0.25,1.0,1.0,0.0,0.0,0.0,0.0,0.0,0.0,0.0,d/dr at r = r_over_rs = 1/u (r_s = 1); u-column data consumed via d/dr = -u^2 d/du; stencils jet9d8 window=9 degree=8 on strictly increasing r
1.7322941473682154,0.5772691673173682,0.25,1.0,1.0,0.0,0.0,0.0,0.0,0.0,0.0,0.0,d/dr at r = r_over_rs = 1/u (r_s = 1); u-column data consumed via d/dr = -u^2 d/du; stencils jet9d8 window=9 degree=8 on strictly increasing r
1.7306340174761228,0.577822919174069,0.25,1.0,1.0,0.0,0.0,0.0,0.0,0.0,0.0,0.0,d/dr at r = r_over_rs = 1/u (r_s = 1); u-column data consumed via d/dr = -u^2 d/du; stencils jet9d8 window=9 degree=8 on strictly increasing r
1.7289770664812991,0.57837667103077,0.25,1.0,1.0,0.0,0.0,0.0,0.0,0.0,0.0,0.0,d/dr at r = r_over_rs = 1/u (r_s = 1); u-column data consumed via d/dr = -u^2 d/du; stencils jet9d8 window=9 degree=8 on strictly increasing r
1.7273232852618188,0.5789304228874708,0.25,1.0,1.0,0.0,0.0,0.0,0.0,0.0,0.0,0.0,d/dr at r = r_over_rs = 1/u (r_s = 1); u-column data consumed via d/dr = -u^2 d/du; stencils jet9d8 window=9 degree=8 on strictly increasing r
1.725672664730622,0.5794841747441716,0.25,1.0,1.0,0.0,0.0,0.0,0.0,0.0,0.0,0.0,d/dr at r = r_over_rs = 1/u (r_s = 1); u-column data consumed via d/dr = -u^2 d/du; stencils jet9d8 window=9 degree=8 on strictly increasing r
1.724025195835351,0.5800379266008724,0.25,1.0,1.0,0.0,0.0,0.0,0.0,0.0,0.0,0.0,d/dr at r = r_over_rs = 1/u (r_s = 1); u-column data consumed via d/dr = -u^2 d/du; stencils jet9d8 window=9 degree=8 on strictly increasing r
1.7223808695581828,0.5805916784575733,0.25,1.0,1.0,0.0,0.0,0.0,0.0,0.0,0.0,0.0,d/dr at r = r_over_rs = 1/u (r_s = 1); u-column data consumed via d/dr = -u^2 d/du; stencils jet9d8 window=9 degree=8 on strictly increasing r
1.7207396769156664,0.5811454303142741,0.25,1.0,1.0,0.0,0.0,0.0,0.0,0.0,0.0,0.0,d/dr at r = r_over_rs = 1/u (r_s = 1); u-column data consumed via d/dr = -u^2 d/du; stencils jet9d8 window=9 degree=8 on strictly increasing r
1.7191016089585571,0.581699182170975,0.25,1.0,1.0,0.0,0.0,0.0,0.0,0.0,0.0,0.0,d/dr at r = r_over_rs = 1/u (r_s = 1); u-column data consumed via d/dr = -u^2 d/du; stencils jet9d8 window=9 degree=8 on strictly increasing r
1.717466656771656,0.5822529340276758,0.25,1.0,1.0,0.0,0.0,0.0,0.0,0.0,0.0,0.0,d/dr at r = r_over_rs = 1/u (r_s = 1); u-column data consumed via d/dr = -u^2 d/du; stencils jet9d8 window=9 degree=8 on strictly increasing r
1.715834811473646,0.5828066858843768,0.25,1.0,1.0,0.0,0.0,0.0,0.0,0.0,0.0,0.0,d/dr at r = r_over_rs = 1/u (r_s = 1); u-column data consumed via d/dr = -u^2 d/du; stencils jet9d8 window=9 degree=8 on strictly increasing r
1.7142060642169332,0.5833604377410776,0.25,1.0,1.0,0.0,0.0,0.0,0.0,0.0,0.0,0.0,d/dr at r = r_over_rs = 1/u (r_s = 1); u-column data consumed via d/dr = -u^2 d/du; stencils jet9d8 window=9 degree=8 on strictly increasing r
1.712580406187486,0.5839141895977783,0.25,1.0,1.0,0.0,0.0,0.0,0.0,0.0,0.0,0.0,d/dr at r = r_over_rs = 1/u (r_s = 1); u-column data consumed via d/dr = -u^2 d/du; stencils jet9d8 window=9 degree=8 on strictly increasing r
1.710957828604675,0.5844679414544792,0.25,1.0,1.0,0.0,0.0,0.0,0.0,0.0,0.0,0.0,d/dr at r = r_over_rs = 1/u (r_s = 1); u-column data consumed via d/dr = -u^2 d/du; stencils jet9d8 window=9 degree=8 on strictly increasing r
1.7093383227211163,0.5850216933111801,0.25,1.0,1.0,0.0,0.0,0.0,0.0,0.0,0.0,0.0,d/dr at r = r_over_rs = 1/u (r_s = 1); u-column data consumed via d/dr = -u^2 d/du; stencils jet9d8 window=9 degree=8 on strictly increasing r
1.7077218798225156,0.585575445167881,0.25,1.0,1.0,0.0,0.0,0.0,0.0,0.0,0.0,0.0,d/dr at r = r_over_rs = 1/u (r_s = 1); u-column data consumed via d/dr = -u^2 d/du; stencils jet9d8 window=9 degree=8 on strictly increasing r
1.7061084912275075,0.586129197024582,0.25,1.0,1.0,0.0,0.0,0.0,0.0,0.0,0.0,0.0,d/dr at r = r_over_rs = 1/u (r_s = 1); u-column data consumed via d/dr = -u^2 d/du; stencils jet9d8 window=9 degree=8 on strictly increasing r
1.704498148287506,0.5866829488812828,0.25,1.0,1.0,0.0,0.0,0.0,0.0,0.0,0.0,0.0,d/dr at r = r_over_rs = 1/u (r_s = 1); u-column data consumed via d/dr = -u^2 d/du; stencils jet9d8 window=9 degree=8 on strictly increasing r
1.7028908423865448,0.5872367007379835,0.25,1.0,1.0,0.0,0.0,0.0,0.0,0.0,0.0,0.0,d/dr at r = r_over_rs = 1/u (r_s = 1); u-column data consumed via d/dr = -u^2 d/du; stencils jet9d8 window=9 degree=8 on strictly increasing r
1.7012865649411253,0.5877904525946844,0.25,1.0,1.0,0.0,0.0,0.0,0.0,0.0,0.0,0.0,d/dr at r = r_over_rs = 1/u (r_s = 1); u-column data consumed via d/dr = -u^2 d/du; stencils jet9d8 window=9 degree=8 on strictly increasing r
1.699685307400066,0.5883442044513852,0.25,1.0,1.0,0.0,0.0,0.0,0.0,0.0,0.0,0.0,d/dr at r = r_over_rs = 1/u (r_s = 1); u-column data consumed via d/dr = -u^2 d/du; stencils jet9d8 window=9 degree=8 on strictly increasing r
1.6980870612443475,0.5888979563080861,0.25,1.0,1.0,0.0,0.0,0.0,0.0,0.0,0.0,0.0,d/dr at r = r_over_rs = 1/u (r_s = 1); u-column data consumed via d/dr = -u^2 d/du; stencils jet9d8 window=9 degree=8 on strictly increasing r
1.6964918179869626,0.589451708164787,0.25,1.0,1.0,0.0,0.0,0.0,0.0,0.0,0.0,0.0,d/dr at r = r_over_rs = 1/u (r_s = 1); u-column data consumed via d/dr = -u^2 d/du; stencils jet9d8 window=9 degree=8 on strictly increasing r
1.6948995691727673,0.5900054600214878,0.25,1.0,1.0,0.0,0.0,0.0,0.0,0.0,0.0,0.0,d/dr at r = r_over_rs = 1/u (r_s = 1); u-column data consumed via d/dr = -u^2 d/du; stencils jet9d8 window=9 degree=8 on strictly increasing r
1.6933103063783286,0.5905592118781887,0.25,1.0,1.0,0.0,0.0,0.0,0.0,0.0,0.0,0.0,d/dr at r = r_over_rs = 1/u (r_s = 1); u-column data consumed via d/dr = -u^2 d/du; stencils jet9d8 window=9 degree=8 on strictly increasing r
1.6917240212117792,0.5911129637348895,0.25,1.0,1.0,0.0,0.0,0.0,0.0,0.0,0.0,0.0,d/dr at r = r_over_rs = 1/u (r_s = 1); u-column data consumed via d/dr = -u^2 d/du; stencils jet9d8 window=9 degree=8 on strictly increasing r
1.6901407053126676,0.5916667155915903,0.25,1.0,1.0,0.0,0.0,0.0,0.0,0.0,0.0,0.0,d/dr at r = r_over_rs = 1/u (r_s = 1); u-column data consumed via d/dr = -u^2 d/du; stencils jet9d8 window=9 degree=8 on strictly increasing r
1.688560350351811,0.5922204674482913,0.25,1.0,1.0,0.0,0.0,0.0,0.0,0.0,0.0,0.0,d/dr at r = r_over_rs = 1/u (r_s = 1); u-column data consumed via d/dr = -u^2 d/du; stencils jet9d8 window=9 degree=8 on strictly increasing r
1.6869829480311518,0.5927742193049921,0.25,1.0,1.0,0.0,0.0,0.0,0.0,0.0,0.0,0.0,d/dr at r = r_over_rs = 1/u (r_s = 1); u-column data consumed via d/dr = -u^2 d/du; stencils jet9d8 window=9 degree=8 on strictly increasing r
1.6854084900836088,0.593327971161693,0.25,1.0,1.0,0.0,0.0,0.0,0.0,0.0,0.0,0.0,d/dr at r = r_over_rs = 1/u (r_s = 1); u-column data consumed via d/dr = -u^2 d/du; stencils jet9d8 window=9 degree=8 on strictly increasing r
1.6838369682729364,0.5938817230183938,0.25,1.0,1.0,0.0,0.0,0.0,0.0,0.0,0.0,0.0,d/dr at r = r_over_rs = 1/u (r_s = 1); u-column data consumed via d/dr = -u^2 d/du; stencils jet9d8 window=9 degree=8 on strictly increasing r
1.682268374393578,0.5944354748750946,0.25,1.0,1.0,0.0,0.0,0.0,0.0,0.0,0.0,0.0,d/dr at r = r_over_rs = 1/u (r_s = 1); u-column data consumed via d/dr = -u^2 d/du; stencils jet9d8 window=9 degree=8 on strictly increasing r
1.6807027002705244,0.5949892267317956,0.25,1.0,1.0,0.0,0.0,0.0,0.0,0.0,0.0,0.0,d/dr at r = r_over_rs = 1/u (r_s = 1); u-column data consumed via d/dr = -u^2 d/du; stencils jet9d8 window=9 degree=8 on strictly increasing r
1.6791399377591725,0.5955429785884964,0.25,1.0,1.0,0.0,0.0,0.0,0.0,0.0,0.0,0.0,d/dr at r = r_over_rs = 1/u (r_s = 1); u-column data consumed via d/dr = -u^2 d/du; stencils jet9d8 window=9 degree=8 on strictly increasing r
1.677580078745183,0.5960967304451972,0.25,1.0,1.0,0.0,0.0,0.0,0.0,0.0,0.0,0.0,d/dr at r = r_over_rs = 1/u (r_s = 1); u-column data consumed via d/dr = -u^2 d/du; stencils jet9d8 window=9 degree=8 on strictly increasing r
1.6760231151443397,0.5966504823018981,0.25,1.0,1.0,0.0,0.0,0.0,0.0,0.0,0.0,0.0,d/dr at r = r_over_rs = 1/u (r_s = 1); u-column data consumed via d/dr = -u^2 d/du; stencils jet9d8 window=9 degree=8 on strictly increasing r
1.6744690389024115,0.597204234158599,0.25,1.0,1.0,0.0,0.0,0.0,0.0,0.0,0.0,0.0,d/dr at r = r_over_rs = 1/u (r_s = 1); u-column data consumed via d/dr = -u^2 d/du; stencils jet9d8 window=9 degree=8 on strictly increasing r
1.672917841995012,0.5977579860152998,0.25,1.0,1.0,0.0,0.0,0.0,0.0,0.0,0.0,0.0,d/dr at r = r_over_rs = 1/u (r_s = 1); u-column data consumed via d/dr = -u^2 d/du; stencils jet9d8 window=9 degree=8 on strictly increasing r
1.6713695164274618,0.5983117378720006,0.25,1.0,1.0,0.0,0.0,0.0,0.0,0.0,0.0,0.0,d/dr at r = r_over_rs = 1/u (r_s = 1); u-column data consumed via d/dr = -u^2 d/du; stencils jet9d8 window=9 degree=8 on strictly increasing r
1.669824054234651,0.5988654897287015,0.25,1.0,1.0,0.0,0.0,0.0,0.0,0.0,0.0,0.0,d/dr at r = r_over_rs = 1/u (r_s = 1); u-column data consumed via d/dr = -u^2 d/du; stencils jet9d8 window=9 degree=8 on strictly increasing r
1.668281447480903,0.5994192415854023,0.25,1.0,1.0,0.0,0.0,0.0,0.0,0.0,0.0,0.0,d/dr at r = r_over_rs = 1/u (r_s = 1); u-column data consumed via d/dr = -u^2 d/du; stencils jet9d8 window=9 degree=8 on strictly increasing r
1.6667416882598385,0.5999729934421032,0.25,1.0,1.0,0.0,0.0,0.0,0.0,0.0,0.0,0.0,d/dr at r = r_over_rs = 1/u (r_s = 1); u-column data consumed via d/dr = -u^2 d/du; stencils jet9d8 window=9 degree=8 on strictly increasing r
1.6652047686942402,0.6005267452988041,0.25,1.0,1.0,0.0,0.0,0.0,0.0,0.0,0.0,0.0,d/dr at r = r_over_rs = 1/u (r_s = 1); u-column data consumed via d/dr = -u^2 d/du; stencils jet9d8 window=9 degree=8 on strictly increasing r
1.6636706809359196,0.6010804971555049,0.25,1.0,1.0,0.0,0.0,0.0,0.0,0.0,0.0,0.0,d/dr at r = r_over_rs = 1/u (r_s = 1); u-column data consumed via d/dr = -u^2 d/du; stencils jet9d8 window=9 degree=8 on strictly increasing r
1.6621394171655814,0.6016342490122057,0.25,1.0,1.0,0.0,0.0,0.0,0.0,0.0,0.0,0.0,d/dr at r = r_over_rs = 1/u (r_s = 1); u-column data consumed via d/dr = -u^2 d/du; stencils jet9d8 window=9 degree=8 on strictly increasing r
1.660610969592692,0.6021880008689067,0.25,1.0,1.0,0.0,0.0,0.0,0.0,0.0,0.0,0.0,d/dr at r = r_over_rs = 1/u (r_s = 1); u-column data consumed via d/dr = -u^2 d/du; stencils jet9d8 window=9 degree=8 on strictly increasing r
1.6590853304553477,0.6027417527256075,0.25,1.0,1.0,0.0,0.0,0.0,0.0,0.0,0.0,0.0,d/dr at r = r_over_rs = 1/u (r_s = 1); u-column data consumed via d/dr = -u^2 d/du; stencils jet9d8 window=9 degree=8 on strictly increasing r
1.6575624920201415,0.6032955045823085,0.25,1.0,1.0,0.0,0.0,0.0,0.0,0.0,0.0,0.0,d/dr at r = r_over_rs = 1/u (r_s = 1); u-column data consumed via d/dr = -u^2 d/du; stencils jet9d8 window=9 degree=8 on strictly increasing r
1.6560424465820358,0.6038492564390092,0.25,1.0,1.0,0.0,0.0,0.0,0.0,0.0,0.0,0.0,d/dr at r = r_over_rs = 1/u (r_s = 1); u-column data consumed via d/dr = -u^2 d/du; stencils jet9d8 window=9 degree=8 on strictly increasing r
1.654525186464228,0.60440300829571,0.25,1.0,1.0,0.0,0.0,0.0,0.0,0.0,0.0,0.0,d/dr at r = r_over_rs = 1/u (r_s = 1); u-column data consumed via d/dr = -u^2 d/du; stencils jet9d8 window=9 degree=8 on strictly increasing r
1.6530107040180244,0.604956760152411,0.25,1.0,1.0,0.0,0.0,0.0,0.0,0.0,0.0,0.0,d/dr at r = r_over_rs = 1/u (r_s = 1); u-column data consumed via d/dr = -u^2 d/du; stencils jet9d8 window=9 degree=8 on strictly increasing r
1.651498991622712,0.6055105120091117,0.25,1.0,1.0,0.0,0.0,0.0,0.0,0.0,0.0,0.0,d/dr at r = r_over_rs = 1/u (r_s = 1); u-column data consumed via d/dr = -u^2 d/du; stencils jet9d8 window=9 degree=8 on strictly increasing r
1.6499900416854274,0.6060642638658126,0.25,1.0,1.0,0.0,0.0,0.0,0.0,0.0,0.0,0.0,d/dr at r = r_over_rs = 1/u (r_s = 1); u-column data consumed via d/dr = -u^2 d/du; stencils jet9d8 window=9 degree=8 on strictly increasing r
1.6484838466410334,0.6066180157225135,0.25,1.0,1.0,0.0,0.0,0.0,0.0,0.0,0.0,0.0,d/dr at r = r_over_rs = 1/u (r_s = 1); u-column data consumed via d/dr = -u^2 d/du; stencils jet9d8 window=9 degree=8 on strictly increasing r
1.646980398951991,0.6071717675792143,0.25,1.0,1.0,0.0,0.0,0.0,0.0,0.0,0.0,0.0,d/dr at r = r_over_rs = 1/u (r_s = 1); u-column data consumed via d/dr = -u^2 d/du; stencils jet9d8 window=9 degree=8 on strictly increasing r
1.6454796911082326,0.6077255194359152,0.25,1.0,1.0,0.0,0.0,0.0,0.0,0.0,0.0,0.0,d/dr at r = r_over_rs = 1/u (r_s = 1); u-column data consumed via d/dr = -u^2 d/du; stencils jet9d8 window=9 degree=8 on strictly increasing r
1.6439817156270389,0.608279271292616,0.25,1.0,1.0,0.0,0.0,0.0,0.0,0.0,0.0,0.0,d/dr at r = r_over_rs = 1/u (r_s = 1); u-column data consumed via d/dr = -u^2 d/du; stencils jet9d8 window=9 degree=8 on strictly increasing r
1.6424864650529134,0.6088330231493169,0.25,1.0,1.0,0.0,0.0,0.0,0.0,0.0,0.0,0.0,d/dr at r = r_over_rs = 1/u (r_s = 1); u-column data consumed via d/dr = -u^2 d/du; stencils jet9d8 window=9 degree=8 on strictly increasing r
1.640993931957458,0.6093867750060178,0.25,1.0,1.0,0.0,0.0,0.0,0.0,0.0,0.0,0.0,d/dr at r = r_over_rs = 1/u (r_s = 1); u-column data consumed via d/dr = -u^2 d/du; stencils jet9d8 window=9 degree=8 on strictly increasing r
1.639504108939253,0.6099405268627186,0.25,1.0,1.0,0.0,0.0,0.0,0.0,0.0,0.0,0.0,d/dr at r = r_over_rs = 1/u (r_s = 1); u-column data consumed via d/dr = -u^2 d/du; stencils jet9d8 window=9 degree=8 on strictly increasing r
1.6380169886237306,0.6104942787194195,0.25,1.0,1.0,0.0,0.0,0.0,0.0,0.0,0.0,0.0,d/dr at r = r_over_rs = 1/u (r_s = 1); u-column data consumed via d/dr = -u^2 d/du; stencils jet9d8 window=9 degree=8 on strictly increasing r
1.6365325636630563,0.6110480305761204,0.25,1.0,1.0,0.0,0.0,0.0,0.0,0.0,0.0,0.0,d/dr at r = r_over_rs = 1/u (r_s = 1); u-column data consumed via d/dr = -u^2 d/du; stencils jet9d8 window=9 degree=8 on strictly increasing r
1.6350508267360075,0.6116017824328212,0.25,1.0,1.0,0.0,0.0,0.0,0.0,0.0,0.0,0.0,d/dr at r = r_over_rs = 1/u (r_s = 1); u-column data consumed via d/dr = -u^2 d/du; stencils jet9d8 window=9 degree=8 on strictly increasing r
1.6335717705478503,0.6121555342895222,0.25,1.0,1.0,0.0,0.0,0.0,0.0,0.0,0.0,0.0,d/dr at r = r_over_rs = 1/u (r_s = 1); u-column data consumed via d/dr = -u^2 d/du; stencils jet9d8 window=9 degree=8 on strictly increasing r
1.6320953878302251,0.6127092861462229,0.25,1.0,1.0,0.0,0.0,0.0,0.0,0.0,0.0,0.0,d/dr at r = r_over_rs = 1/u (r_s = 1); u-column data consumed via d/dr = -u^2 d/du; stencils jet9d8 window=9 degree=8 on strictly increasing r
1.6306216713410218,0.6132630380029237,0.25,1.0,1.0,0.0,0.0,0.0,0.0,0.0,0.0,0.0,d/dr at r = r_over_rs = 1/u (r_s = 1); u-column data consumed via d/dr = -u^2 d/du; stencils jet9d8 window=9 degree=8 on strictly increasing r
1.629150613864265,0.6138167898596246,0.25,1.0,1.0,0.0,0.0,0.0,0.0,0.0,0.0,0.0,d/dr at r = r_over_rs = 1/u (r_s = 1); u-column data consumed via d/dr = -u^2 d/du; stencils jet9d8 window=9 degree=8 on strictly increasing r
1.627682208209996,0.6143705417163254,0.25,1.0,1.0,0.0,0.0,0.0,0.0,0.0,0.0,0.0,d/dr at r = r_over_rs = 1/u (r_s = 1); u-column data consumed via d/dr = -u^2 d/du; stencils jet9d8 window=9 degree=8 on strictly increasing r
1.6262164472141534,0.6149242935730264,0.25,1.0,1.0,0.0,0.0,0.0,0.0,0.0,0.0,0.0,d/dr at r = r_over_rs = 1/u (r_s = 1); u-column data consumed via d/dr = -u^2 d/du; stencils jet9d8 window=9 degree=8 on strictly increasing r
1.62475332373846,0.6154780454297272,0.25,1.0,1.0,0.0,0.0,0.0,0.0,0.0,0.0,0.0,d/dr at r = r_over_rs = 1/u (r_s = 1); u-column data consumed via d/dr = -u^2 d/du; stencils jet9d8 window=9 degree=8 on strictly increasing r
1.6232928306703032,0.616031797286428,0.25,1.0,1.0,0.0,0.0,0.0,0.0,0.0,0.0,0.0,d/dr at r = r_over_rs = 1/u (r_s = 1); u-column data consumed via d/dr = -u^2 d/du; stencils jet9d8 window=9 degree=8 on strictly increasing r
1.621834960922622,0.616585549143129,0.25,1.0,1.0,0.0,0.0,0.0,0.0,0.0,0.0,0.0,d/dr at r = r_over_rs = 1/u (r_s = 1); u-column data consumed via d/dr = -u^2 d/du; stencils jet9d8 window=9 degree=8 on strictly increasing r
1.6203797074337936,0.6171393009998297,0.25,1.0,1.0,0.0,0.0,0.0,0.0,0.0,0.0,0.0,d/dr at r = r_over_rs = 1/u (r_s = 1); u-column data consumed via d/dr = -u^2 d/du; stencils jet9d8 window=9 degree=8 on strictly increasing r
1.6189270631675154,0.6176930528565306,0.25,1.0,1.0,0.0,0.0,0.0,0.0,0.0,0.0,0.0,d/dr at r = r_over_rs = 1/u (r_s = 1); u-column data consumed via d/dr = -u^2 d/du; stencils jet9d8 window=9 degree=8 on strictly increasing r
1.6174770211126954,0.6182468047132315,0.25,1.0,1.0,0.0,0.0,0.0,0.0,0.0,0.0,0.0,d/dr at r = r_over_rs = 1/u (r_s = 1); u-column data consumed via d/dr = -u^2 d/du; stencils jet9d8 window=9 degree=8 on strictly increasing r
1.6160295742833377,0.6188005565699323,0.25,1.0,1.0,0.0,0.0,0.0,0.0,0.0,0.0,0.0,d/dr at r = r_over_rs = 1/u (r_s = 1); u-column data consumed via d/dr = -u^2 d/du; stencils jet9d8 window=9 degree=8 on strictly increasing r
1.6145847157184294,0.6193543084266332,0.25,1.0,1.0,0.0,0.0,0.0,0.0,0.0,0.0,0.0,d/dr at r = r_over_rs = 1/u (r_s = 1); u-column data consumed via d/dr = -u^2 d/du; stencils jet9d8 window=9 degree=8 on strictly increasing r
1.613142438481832,0.619908060283334,0.25,1.0,1.0,0.0,0.0,0.0,0.0,0.0,0.0,0.0,d/dr at r = r_over_rs = 1/u (r_s = 1); u-column data consumed via d/dr = -u^2 d/du; stencils jet9d8 window=9 degree=8 on strictly increasing r
1.6117027356621676,0.6204618121400348,0.25,1.0,1.0,0.0,0.0,0.0,0.0,0.0,0.0,0.0,d/dr at r = r_over_rs = 1/u (r_s = 1); u-column data consumed via d/dr = -u^2 d/du; stencils jet9d8 window=9 degree=8 on strictly increasing r
1.6102656003727087,0.6210155639967357,0.25,1.0,1.0,0.0,0.0,0.0,0.0,0.0,0.0,0.0,d/dr at r = r_over_rs = 1/u (r_s = 1); u-column data consumed via d/dr = -u^2 d/du; stencils jet9d8 window=9 degree=8 on strictly increasing r
1.6088310257512708,0.6215693158534366,0.25,1.0,1.0,0.0,0.0,0.0,0.0,0.0,0.0,0.0,d/dr at r = r_over_rs = 1/u (r_s = 1); u-column data consumed via d/dr = -u^2 d/du; stencils jet9d8 window=9 degree=8 on strictly increasing r
1.6073990049601,0.6221230677101376,0.25,1.0,1.0,0.0,0.0,0.0,0.0,0.0,0.0,0.0,d/dr at r = r_over_rs = 1/u (r_s = 1); u-column data consumed via d/dr = -u^2 d/du; stencils jet9d8 window=9 degree=8 on strictly increasing r
1.6059695311857674,0.6226768195668383,0.25,1.0,1.0,0.0,0.0,0.0,0.0,0.0,0.0,0.0,d/dr at r = r_over_rs = 1/u (r_s = 1); u-column data consumed via d/dr = -u^2 d/du; stencils jet9d8 window=9 degree=8 on strictly increasing r
1.6045425976390582,0.6232305714235391,0.25,1.0,1.0,0.0,0.0,0.0,0.0,0.0,0.0,0.0,d/dr at r = r_over_rs = 1/u (r_s = 1); u-column data consumed via d/dr = -u^2 d/du; stencils jet9d8 window=9 degree=8 on strictly increasing r
1.6031181975548656,0.62378432328024,0.25,1.0,1.0,0.0,0.0,0.0,0.0,0.0,0.0,0.0,d/dr at r = r_over_rs = 1/u (r_s = 1); u-column data consumed via d/dr = -u^2 d/du; stencils jet9d8 window=9 degree=8 on strictly increasing r
1.6016963241920852,0.6243380751369408,0.25,1.0,1.0,0.0,0.0,0.0,0.0,0.0,0.0,0.0,d/dr at r = r_over_rs = 1/u (r_s = 1); u-column data consumed via d/dr = -u^2 d/du; stencils jet9d8 window=9 degree=8 on strictly increasing r
1.6002769708335054,0.6248918269936418,0.25,1.0,1.0,0.0,0.0,0.0,0.0,0.0,0.0,0.0,d/dr at r = r_over_rs = 1/u (r_s = 1); u-column data consumed via d/dr = -u^2 d/du; stencils jet9d8 window=9 degree=8 on strictly increasing r
1.5988601307857055,0.6254455788503426,0.25,1.0,1.0,0.0,0.0,0.0,0.0,0.0,0.0,0.0,d/dr at r = r_over_rs = 1/u (r_s = 1); u-column data consumed via d/dr = -u^2 d/du; stencils jet9d8 window=9 degree=8 on strictly increasing r
1.5974457973789469,0.6259993307070434,0.25,1.0,1.0,0.0,0.0,0.0,0.0,0.0,0.0,0.0,d/dr at r = r_over_rs = 1/u (r_s = 1); u-column data consumed via d/dr = -u^2 d/du; stencils jet9d8 window=9 degree=8 on strictly increasing r
1.5960339639670704,0.6265530825637443,0.25,1.0,1.0,0.0,0.0,0.0,0.0,0.0,0.0,0.0,d/dr at r = r_over_rs = 1/u (r_s = 1); u-column data consumed via d/dr = -u^2 d/du; stencils jet9d8 window=9 degree=8 on strictly increasing r
1.594624623927393,0.627106834420445,0.25,1.0,1.0,0.0,0.0,0.0,0.0,0.0,0.0,0.0,d/dr at r = r_over_rs = 1/u (r_s = 1); u-column data consumed via d/dr = -u^2 d/du; stencils jet9d8 window=9 degree=8 on strictly increasing r
1.5932177706606006,0.6276605862771459,0.25,1.0,1.0,0.0,0.0,0.0,0.0,0.0,0.0,0.0,d/dr at r = r_over_rs = 1/u (r_s = 1); u-column data consumed via d/dr = -u^2 d/du; stencils jet9d8 window=9 degree=8 on strictly increasing r
1.5918133975906497,0.6282143381338469,0.25,1.0,1.0,0.0,0.0,0.0,0.0,0.0,0.0,0.0,d/dr at r = r_over_rs = 1/u (r_s = 1); u-column data consumed via d/dr = -u^2 d/du; stencils jet9d8 window=9 degree=8 on strictly increasing r
1.590411498164662,0.6287680899905477,0.25,1.0,1.0,0.0,0.0,0.0,0.0,0.0,0.0,0.0,d/dr at r = r_over_rs = 1/u (r_s = 1); u-column data consumed via d/dr = -u^2 d/du; stencils jet9d8 window=9 degree=8 on strictly increasing r
1.5890120658528228,0.6293218418472486,0.25,1.0,1.0,0.0,0.0,0.0,0.0,0.0,0.0,0.0,d/dr at r = r_over_rs = 1/u (r_s = 1); u-column data consumed via d/dr = -u^2 d/du; stencils jet9d8 window=9 degree=8 on strictly increasing r
1.587615094148281,0.6298755937039494,0.25,1.0,1.0,0.0,0.0,0.0,0.0,0.0,0.0,0.0,d/dr at r = r_over_rs = 1/u (r_s = 1); u-column data consumed via d/dr = -u^2 d/du; stencils jet9d8 window=9 degree=8 on strictly increasing r
1.5862205765670458,0.6304293455606502,0.25,1.0,1.0,0.0,0.0,0.0,0.0,0.0,0.0,0.0,d/dr at r = r_over_rs = 1/u (r_s = 1); u-column data consumed via d/dr = -u^2 d/du; stencils jet9d8 window=9 degree=8 on strictly increasing r
1.5848285066478889,0.6309830974173511,0.25,1.0,1.0,0.0,0.0,0.0,0.0,0.0,0.0,0.0,d/dr at r = r_over_rs = 1/u (r_s = 1); u-column data consumed via d/dr = -u^2 d/du; stencils jet9d8 window=9 degree=8 on strictly increasing r
1.5834388779522437,0.631536849274052,0.25,1.0,1.0,0.0,0.0,0.0,0.0,0.0,0.0,0.0,d/dr at r = r_over_rs = 1/u (r_s = 1); u-column data consumed via d/dr = -u^2 d/du; stencils jet9d8 window=9 degree=8 on strictly increasing r
1.5820516840641048,0.6320906011307529,0.25,1.0,1.0,0.0,0.0,0.0,0.0,0.0,0.0,0.0,d/dr at r = r_over_rs = 1/u (r_s = 1); u-column data consumed via d/dr = -u^2 d/du; stencils jet9d8 window=9 degree=8 on strictly increasing r
1.5806669185899325,0.6326443529874537,0.25,1.0,1.0,0.0,0.0,0.0,0.0,0.0,0.0,0.0,d/dr at r = r_over_rs = 1/u (r_s = 1); u-column data consumed via d/dr = -u^2 d/du; stencils jet9d8 window=9 degree=8 on strictly increasing r
1.5792845751585507,0.6331981048441545,0.25,1.0,1.0,0.0,0.0,0.0,0.0,0.0,0.0,0.0,d/dr at r = r_over_rs = 1/u (r_s = 1); u-column data consumed via d/dr = -u^2 d/du; stencils jet9d8 window=9 degree=8 on strictly increasing r
1.5779046474210514,0.6337518567008554,0.25,1.0,1.0,0.0,0.0,0.0,0.0,0.0,0.0,0.0,d/dr at r = r_over_rs = 1/u (r_s = 1); u-column data consumed via d/dr = -u^2 d/du; stencils jet9d8 window=9 degree=8 on strictly increasing r
1.576527129050698,0.6343056085575562,0.25,1.0,1.0,0.0,0.0,0.0,0.0,0.0,0.0,0.0,d/dr at r = r_over_rs = 1/u (r_s = 1); u-column data consumed via d/dr = -u^2 d/du; stencils jet9d8 window=9 degree=8 on strictly increasing r
1.5751520137428263,0.6348593604142572,0.25,1.0,1.0,0.0,0.0,0.0,0.0,0.0,0.0,0.0,d/dr at r = r_over_rs = 1/u (r_s = 1); u-column data consumed via d/dr = -u^2 d/du; stencils jet9d8 window=9 degree=8 on strictly increasing r
1.5737792952147516,0.635413112270958,0.25,1.0,1.0,0.0,0.0,0.0,0.0,0.0,0.0,0.0,d/dr at r = r_over_rs = 1/u (r_s = 1); u-column data consumed via d/dr = -u^2 d/du; stencils jet9d8 window=9 degree=8 on strictly increasing r
1.572408967205669,0.6359668641276588,0.25,1.0,1.0,0.0,0.0,0.0,0.0,0.0,0.0,0.0,d/dr at r = r_over_rs = 1/u (r_s = 1); u-column data consumed via d/dr = -u^2 d/du; stencils jet9d8 window=9 degree=8 on strictly increasing r
1.5710410234765615,0.6365206159843598,0.25,1.0,1.0,0.0,0.0,0.0,0.0,0.0,0.0,0.0,d/dr at r = r_over_rs = 1/u (r_s = 1); u-column data consumed via d/dr = -u^2 d/du; stencils jet9d8 window=9 degree=8 on strictly increasing r
1.569675457810105,0.6370743678410605,0.25,1.0,1.0,0.0,0.0,0.0,0.0,0.0,0.0,0.0,d/dr at r = r_over_rs = 1/u (r_s = 1); u-column data consumed via d/dr = -u^2 d/du; stencils jet9d8 window=9 degree=8 on strictly increasing r
1.5683122640105718,0.6376281196977613,0.25,1.0,1.0,0.0,0.0,0.0,0.0,0.0,0.0,0.0,d/dr at r = r_over_rs = 1/u (r_s = 1); u-column data consumed via d/dr = -u^2 d/du; stencils jet9d8 window=9 degree=8 on strictly increasing r
1.5669514359037386,0.6381818715544623,0.25,1.0,1.0,0.0,0.0,0.0,0.0,0.0,0.0,0.0,d/dr at r = r_over_rs = 1/u (r_s = 1); u-column data consumed via d/dr = -u^2 d/du; stencils jet9d8 window=9 degree=8 on strictly increasing r
1.5655929673367943,0.6387356234111631,0.25,1.0,1.0,0.0,0.0,0.0,0.0,0.0,0.0,0.0,d/dr at r = r_over_rs = 1/u (r_s = 1); u-column data consumed via d/dr = -u^2 d/du; stencils jet9d8 window=9 degree=8 on strictly increasing r
1.5642368521782444,0.639289375267864,0.25,1.0,1.0,0.0,0.0,0.0,0.0,0.0,0.0,0.0,d/dr at r = r_over_rs = 1/u (r_s = 1); u-column data consumed via d/dr = -u^2 d/du; stencils jet9d8 window=9 degree=8 on strictly increasing r
1.562883084317822,0.6398431271245647,0.25,1.0,1.0,0.0,0.0,0.0,0.0,0.0,0.0,0.0,d/dr at r = r_over_rs = 1/u (r_s = 1); u-column data consumed via d/dr = -u^2 d/du; stencils jet9d8 window=9 degree=8 on strictly increasing r
1.561531657666393,0.6403968789812655,0.25,1.0,1.0,0.0,0.0,0.0,0.0,0.0,0.0,0.0,d/dr at r = r_over_rs = 1/u (r_s = 1); u-column data consumed via d/dr = -u^2 d/du; stencils jet9d8 window=9 degree=8 on strictly increasing r
1.5601825661558664,0.6409506308379666,0.25,1.0,1.0,0.0,0.0,0.0,0.0,0.0,0.0,0.0,d/dr at r = r_over_rs = 1/u (r_s = 1); u-column data consumed via d/dr = -u^2 d/du; stencils jet9d8 window=9 degree=8 on strictly increasing r
1.5588358037391048,0.6415043826946674,0.25,1.0,1.0,0.0,0.0,0.0,0.0,0.0,0.0,0.0,d/dr at r = r_over_rs = 1/u (r_s = 1); u-column data consumed via d/dr = -u^2 d/du; stencils jet9d8 window=9 degree=8 on strictly increasing r
1.5574913643898305,0.6420581345513683,0.25,1.0,1.0,0.0,0.0,0.0,0.0,0.0,0.0,0.0,d/dr at r = r_over_rs = 1/u (r_s = 1); u-column data consumed via d/dr = -u^2 d/du; stencils jet9d8 window=9 degree=8 on strictly increasing r
1.5561492421025396,0.6426118864080691,0.25,1.0,1.0,0.0,0.0,0.0,0.0,0.0,0.0,0.0,d/dr at r = r_over_rs = 1/u (r_s = 1); u-column data consumed via d/dr = -u^2 d/du; stencils jet9d8 window=9 degree=8 on strictly increasing r
1.5548094308924092,0.6431656382647699,0.25,1.0,1.0,0.0,0.0,0.0,0.0,0.0,0.0,0.0,d/dr at r = r_over_rs = 1/u (r_s = 1); u-column data consumed via d/dr = -u^2 d/du; stencils jet9d8 window=9 degree=8 on strictly increasing r
1.55347192479521,0.6437193901214708,0.25,1.0,1.0,0.0,0.0,0.0,0.0,0.0,0.0,0.0,d/dr at r = r_over_rs = 1/u (r_s = 1); u-column data consumed via d/dr = -u^2 d/du; stencils jet9d8 window=9 degree=8 on strictly increasing r
1.5521367178672187,0.6442731419781716,0.25,1.0,1.0,0.0,0.0,0.0,0.0,0.0,0.0,0.0,d/dr at r = r_over_rs = 1/u (r_s = 1); u-column data consumed via d/dr = -u^2 d/du; stencils jet9d8 window=9 degree=8 on strictly increasing r
1.5508038041851282,0.6448268938348725,0.25,1.0,1.0,0.0,0.0,0.0,0.0,0.0,0.0,0.0,d/dr at r = r_over_rs = 1/u (r_s = 1); u-column data consumed via d/dr = -u^2 d/du; stencils jet9d8 window=9 degree=8 on strictly increasing r
1.5494731778459605,0.6453806456915733,0.25,1.0,1.0,0.0,0.0,0.0,0.0,0.0,0.0,0.0,d/dr at r = r_over_rs = 1/u (r_s = 1); u-column data consumed via d/dr = -u^2 d/du; stencils jet9d8 window=9 degree=8 on strictly increasing r
1.5481448329669802,0.6459343975482742,0.25,1.0,1.0,0.0,0.0,0.0,0.0,0.0,0.0,0.0,d/dr at r = r_over_rs = 1/u (r_s = 1); u-column data consumed via d/dr = -u^2 d/du; stencils jet9d8 window=9 degree=8 on strictly increasing r
1.5468187636856077,0.6464881494049751,0.25,1.0,1.0,0.0,0.0,0.0,0.0,0.0,0.0,0.0,d/dr at r = r_over_rs = 1/u (r_s = 1); u-column data consumed via d/dr = -u^2 d/du; stencils jet9d8 window=9 degree=8 on strictly increasing r
1.545494964159332,0.6470419012616759,0.25,1.0,1.0,0.0,0.0,0.0,0.0,0.0,0.0,0.0,d/dr at r = r_over_rs = 1/u (r_s = 1); u-column data consumed via d/dr = -u^2 d/du; stencils jet9d8 window=9 degree=8 on strictly increasing r
1.5441734285656266,0.6475956531183767,0.25,1.0,1.0,0.0,0.0,0.0,0.0,0.0,0.0,0.0,d/dr at r = r_over_rs = 1/u (r_s = 1); u-column data consumed via d/dr = -u^2 d/du; stencils jet9d8 window=9 degree=8 on strictly increasing r
1.5428541511018614,0.6481494049750777,0.25,1.0,1.0,0.0,0.0,0.0,0.0,0.0,0.0,0.0,d/dr at r = r_over_rs = 1/u (r_s = 1); u-column data consumed via d/dr = -u^2 d/du; stencils jet9d8 window=9 degree=8 on strictly increasing r
1.541537125985221,0.6487031568317785,0.25,1.0,1.0,0.0,0.0,0.0,0.0,0.0,0.0,0.0,d/dr at r = r_over_rs = 1/u (r_s = 1); u-column data consumed via d/dr = -u^2 d/du; stencils jet9d8 window=9 degree=8 on strictly increasing r
1.5402223474526182,0.6492569086884794,0.25,1.0,1.0,0.0,0.0,0.0,0.0,0.0,0.0,0.0,d/dr at r = r_over_rs = 1/u (r_s = 1); u-column data consumed via d/dr = -u^2 d/du; stencils jet9d8 window=9 degree=8 on strictly increasing r
1.5389098097606106,0.6498106605451802,0.25,1.0,1.0,0.0,0.0,0.0,0.0,0.0,0.0,0.0,d/dr at r = r_over_rs = 1/u (r_s = 1); u-column data consumed via d/dr = -u^2 d/du; stencils jet9d8 window=9 degree=8 on strictly increasing r
1.537599507185316,0.6503644124018811,0.25,1.0,1.0,0.0,0.0,0.0,0.0,0.0,0.0,0.0,d/dr at r = r_over_rs = 1/u (r_s = 1); u-column data consumed via d/dr = -u^2 d/du; stencils jet9d8 window=9 degree=8 on strictly increasing r
1.5362914340223308,0.650918164258582,0.25,1.0,1.0,0.0,0.0,0.0,0.0,0.0,0.0,0.0,d/dr at r = r_over_rs = 1/u (r_s = 1); u-column data consumed via d/dr = -u^2 d/du; stencils jet9d8 window=9 degree=8 on strictly increasing r
1.5349855845866465,0.6514719161152828,0.25,1.0,1.0,0.0,0.0,0.0,0.0,0.0,0.0,0.0,d/dr at r = r_over_rs = 1/u (r_s = 1); u-column data consumed via d/dr = -u^2 d/du; stencils jet9d8 window=9 degree=8 on strictly increasing r
1.5336819532125665,0.6520256679719835,0.25,1.0,1.0,0.0,0.0,0.0,0.0,0.0,0.0,0.0,d/dr at r = r_over_rs = 1/u (r_s = 1); u-column data consumed via d/dr = -u^2 d/du; stencils jet9d8 window=9 degree=8 on strictly increasing r
1.5323805342536247,0.6525794198286845,0.25,1.0,1.0,0.0,0.0,0.0,0.0,0.0,0.0,0.0,d/dr at r = r_over_rs = 1/u (r_s = 1); u-column data consumed via d/dr = -u^2 d/du; stencils jet9d8 window=9 degree=8 on strictly increasing r
1.531081322082506,0.6531331716853853,0.25,1.0,1.0,0.0,0.0,0.0,0.0,0.0,0.0,0.0,d/dr at r = r_over_rs = 1/u (r_s = 1); u-column data consumed via d/dr = -u^2 d/du; stencils jet9d8 window=9 degree=8 on strictly increasing r
1.5297843110909608,0.6536869235420862,0.25,1.0,1.0,0.0,0.0,0.0,0.0,0.0,0.0,0.0,d/dr at r = r_over_rs = 1/u (r_s = 1); u-column data consumed via d/dr = -u^2 d/du; stencils jet9d8 window=9 degree=8 on strictly increasing r
1.5284894956897297,0.6542406753987869,0.25,1.0,1.0,0.0,0.0,0.0,0.0,0.0,0.0,0.0,d/dr at r = r_over_rs = 1/u (r_s = 1); u-column data consumed via d/dr = -u^2 d/du; stencils jet9d8 window=9 degree=8 on strictly increasing r
1.5271968703084575,0.6547944272554879,0.25,1.0,1.0,0.0,0.0,0.0,0.0,0.0,0.0,0.0,d/dr at r = r_over_rs = 1/u (r_s = 1); u-column data consumed via d/dr = -u^2 d/du; stencils jet9d8 window=9 degree=8 on strictly increasing r
1.5259064293956182,0.6553481791121888,0.25,1.0,1.0,0.0,0.0,0.0,0.0,0.0,0.0,0.0,d/dr at r = r_over_rs = 1/u (r_s = 1); u-column data consumed via d/dr = -u^2 d/du; stencils jet9d8 window=9 degree=8 on strictly increasing r
1.524618167418433,0.6559019309688896,0.25,1.0,1.0,0.0,0.0,0.0,0.0,0.0,0.0,0.0,d/dr at r = r_over_rs = 1/u (r_s = 1); u-column data consumed via d/dr = -u^2 d/du; stencils jet9d8 window=9 degree=8 on strictly increasing r
1.523332078862791,0.6564556828255906,0.25,1.0,1.0,0.0,0.0,0.0,0.0,0.0,0.0,0.0,d/dr at r = r_over_rs = 1/u (r_s = 1); u-column data consumed via d/dr = -u^2 d/du; stencils jet9d8 window=9 degree=8 on strictly increasing r
1.5220481582331735,0.6570094346822913,0.25,1.0,1.0,0.0,0.0,0.0,0.0,0.0,0.0,0.0,d/dr at r = r_over_rs = 1/u (r_s = 1); u-column data consumed via d/dr = -u^2 d/du; stencils jet9d8 window=9 degree=8 on strictly increasing r
1.5207664000525705,0.6575631865389922,0.25,1.0,1.0,0.0,0.0,0.0,0.0,0.0,0.0,0.0,d/dr at r = r_over_rs = 1/u (r_s = 1); u-column data consumed via d/dr = -u^2 d/du; stencils jet9d8 window=9 degree=8 on strictly increasing r
1.5194867988624077,0.6581169383956931,0.25,1.0,1.0,0.0,0.0,0.0,0.0,0.0,0.0,0.0,d/dr at r = r_over_rs = 1/u (r_s = 1); u-column data consumed via d/dr = -u^2 d/du; stencils jet9d8 window=9 degree=8 on strictly increasing r
1.5182093492224669,0.6586706902523939,0.25,1.0,1.0,0.0,0.0,0.0,0.0,0.0,0.0,0.0,d/dr at r = r_over_rs = 1/u (r_s = 1); u-column data consumed via d/dr = -u^2 d/du; stencils jet9d8 window=9 degree=8 on strictly increasing r
1.516934045710809,0.6592244421090947,0.25,1.0,1.0,0.0,0.0,0.0,0.0,0.0,0.0,0.0,d/dr at r = r_over_rs = 1/u (r_s = 1); u-column data consumed via d/dr = -u^2 d/du; stencils jet9d8 window=9 degree=8 on strictly increasing r
1.515660882923697,0.6597781939657956,0.25,1.0,1.0,0.0,0.0,0.0,0.0,0.0,0.0,0.0,d/dr at r = r_over_rs = 1/u (r_s = 1); u-column data consumed via d/dr = -u^2 d/du; stencils jet9d8 window=9 degree=8 on strictly increasing r
1.514389855475521,0.6603319458224964,0.25,1.0,1.0,0.0,0.0,0.0,0.0,0.0,0.0,0.0,d/dr at r = r_over_rs = 1/u (r_s = 1); u-column data consumed via d/dr = -u^2 d/du; stencils jet9d8 window=9 degree=8 on strictly increasing r
1.5131209579987206,0.6608856976791974,0.25,1.0,1.0,0.0,0.0,0.0,0.0,0.0,0.0,0.0,d/dr at r = r_over_rs = 1/u (r_s = 1); u-column data consumed via d/dr = -u^2 d/du; stencils jet9d8 window=9 degree=8 on strictly increasing r
1.5118541851437108,0.6614394495358982,0.25,1.0,1.0,0.0,0.0,0.0,0.0,0.0,0.0,0.0,d/dr at r = r_over_rs = 1/u (r_s = 1); u-column data consumed via d/dr = -u^2 d/du; stencils jet9d8 window=9 degree=8 on strictly increasing r
1.5105895315788056,0.661993201392599,0.25,1.0,1.0,0.0,0.0,0.0,0.0,0.0,0.0,0.0,d/dr at r = r_over_rs = 1/u (r_s = 1); u-column data consumed via d/dr = -u^2 d/du; stencils jet9d8 window=9 degree=8 on strictly increasing r
1.5093269919901433,0.6625469532492999,0.25,1.0,1.0,0.0,0.0,0.0,0.0,0.0,0.0,0.0,d/dr at r = r_over_rs = 1/u (r_s = 1); u-column data consumed via d/dr = -u^2 d/du; stencils jet9d8 window=9 degree=8 on strictly increasing r
1.5080665610816142,0.6631007051060007,0.25,1.0,1.0,0.0,0.0,0.0,0.0,0.0,0.0,0.0,d/dr at r = r_over_rs = 1/u (r_s = 1); u-column data consumed via d/dr = -u^2 d/du; stencils jet9d8 window=9 degree=8 on strictly increasing r
1.5068082335747826,0.6636544569627016,0.25,1.0,1.0,0.0,0.0,0.0,0.0,0.0,0.0,0.0,d/dr at r = r_over_rs = 1/u (r_s = 1); u-column data consumed via d/dr = -u^2 d/du; stencils jet9d8 window=9 degree=8 on strictly increasing r
1.5055520042088173,0.6642082088194025,0.25,1.0,1.0,0.0,0.0,0.0,0.0,0.0,0.0,0.0,d/dr at r = r_over_rs = 1/u (r_s = 1); u-column data consumed via d/dr = -u^2 d/du; stencils jet9d8 window=9 degree=8 on strictly increasing r
1.5042978677404153,0.6647619606761033,0.25,1.0,1.0,0.0,0.0,0.0,0.0,0.0,0.0,0.0,d/dr at r = r_over_rs = 1/u (r_s = 1); u-column data consumed via d/dr = -u^2 d/du; stencils jet9d8 window=9 degree=8 on strictly increasing r
1.50304581894373,0.6653157125328043,0.25,1.0,1.0,0.0,0.0,0.0,0.0,0.0,0.0,0.0,d/dr at r = r_over_rs = 1/u (r_s = 1); u-column data consumed via d/dr = -u^2 d/du; stencils jet9d8 window=9 degree=8 on strictly increasing r
1.5017958526102992,0.665869464389505,0.25,1.0,1.0,0.0,0.0,0.0,0.0,0.0,0.0,0.0,d/dr at r = r_over_rs = 1/u (r_s = 1); u-column data consumed via d/dr = -u^2 d/du; stencils jet9d8 window=9 degree=8 on strictly increasing r
1.5005479635489714,0.6664232162462059,0.25,1.0,1.0,0.0,0.0,0.0,0.0,0.0,0.0,0.0,d/dr at r = r_over_rs = 1/u (r_s = 1); u-column data consumed via d/dr = -u^2 d/du; stencils jet9d8 window=9 degree=8 on strictly increasing r
1.499302146585835,0.6669769681029067,0.25,1.0,1.0,0.0,0.0,0.0,0.0,0.0,0.0,0.0,d/dr at r = r_over_rs = 1/u (r_s = 1); u-column data consumed via d/dr = -u^2 d/du; stencils jet9d8 window=9 degree=8 on strictly increasing r
1.4980583965641463,0.6675307199596077,0.25,1.0,1.0,0.0,0.0,0.0,0.0,0.0,0.0,0.0,d/dr at r = r_over_rs = 1/u (r_s = 1); u-column data consumed via d/dr = -u^2 d/du; stencils jet9d8 window=9 degree=8 on strictly increasing r
1.4968167083442594,0.6680844718163085,0.25,1.0,1.0,0.0,0.0,0.0,0.0,0.0,0.0,0.0,d/dr at r = r_over_rs = 1/u (r_s = 1); u-column data consumed via d/dr = -u^2 d/du; stencils jet9d8 window=9 degree=8 on strictly increasing r
1.495577076803554,0.6686382236730093,0.25,1.0,1.0,0.0,0.0,0.0,0.0,0.0,0.0,0.0,d/dr at r = r_over_rs = 1/u (r_s = 1); u-column data consumed via d/dr = -u^2 d/du; stencils jet9d8 window=9 degree=8 on strictly increasing r
1.4943394968363648,0.6691919755297101,0.25,1.0,1.0,0.0,0.0,0.0,0.0,0.0,0.0,0.0,d/dr at r = r_over_rs = 1/u (r_s = 1); u-column data consumed via d/dr = -u^2 d/du; stencils jet9d8 window=9 degree=8 on strictly increasing r
1.4931039633539136,0.669745727386411,0.25,1.0,1.0,0.0,0.0,0.0,0.0,0.0,0.0,0.0,d/dr at r = r_over_rs = 1/u (r_s = 1); u-column data consumed via d/dr = -u^2 d/du; stencils jet9d8 window=9 degree=8 on strictly increasing r
1.4918704712842372,0.6702994792431118,0.25,1.0,1.0,0.0,0.0,0.0,0.0,0.0,0.0,0.0,d/dr at r = r_over_rs = 1/u (r_s = 1); u-column data consumed via d/dr = -u^2 d/du; stencils jet9d8 window=9 degree=8 on strictly increasing r
1.4906390155721188,0.6708532310998128,0.25,1.0,1.0,0.0,0.0,0.0,0.0,0.0,0.0,0.0,d/dr at r = r_over_rs = 1/u (r_s = 1); u-column data consumed via d/dr = -u^2 d/du; stencils jet9d8 window=9 degree=8 on strictly increasing r
1.4894095911790195,0.6714069829565137,0.25,1.0,1.0,0.0,0.0,0.0,0.0,0.0,0.0,0.0,d/dr at r = r_over_rs = 1/u (r_s = 1); u-column data consumed via d/dr = -u^2 d/du; stencils jet9d8 window=9 degree=8 on strictly increasing r
1.4881821930830097,0.6719607348132143,0.25,1.0,1.0,0.0,0.0,0.0,0.0,0.0,0.0,0.0,d/dr at r = r_over_rs = 1/u (r_s = 1); u-column data consumed via d/dr = -u^2 d/du; stencils jet9d8 window=9 degree=8 on strictly increasing r
1.4869568162786977,0.6725144866699153,0.25,1.0,1.0,0.0,0.0,0.0,0.0,0.0,0.0,0.0,d/dr at r = r_over_rs = 1/u (r_s = 1); u-column data consumed via d/dr = -u^2 d/du; stencils jet9d8 window=9 degree=8 on strictly increasing r
1.485733455777167,0.6730682385266161,0.25,1.0,1.0,0.0,0.0,0.0,0.0,0.0,0.0,0.0,d/dr at r = r_over_rs = 1/u (r_s = 1); u-column data consumed via d/dr = -u^2 d/du; stencils jet9d8 window=9 degree=8 on strictly increasing r
1.484512106605904,0.673621990383317,0.25,1.0,1.0,0.0,0.0,0.0,0.0,0.0,0.0,0.0,d/dr at r = r_over_rs = 1/u (r_s = 1); u-column data consumed via d/dr = -u^2 d/du; stencils jet9d8 window=9 degree=8 on strictly increasing r
1.483292763808733,0.6741757422400179,0.25,1.0,1.0,0.0,0.0,0.0,0.0,0.0,0.0,0.0,d/dr at r = r_over_rs = 1/u (r_s = 1); u-column data consumed via d/dr = -u^2 d/du; stencils jet9d8 window=9 degree=8 on strictly increasing r
1.4820754224457475,0.6747294940967188,0.25,1.0,1.0,0.0,0.0,0.0,0.0,0.0,0.0,0.0,d/dr at r = r_over_rs = 1/u (r_s = 1); u-column data consumed via d/dr = -u^2 d/du; stencils jet9d8 window=9 degree=8 on strictly increasing r
1.480860077593246,0.6752832459534197,0.25,1.0,1.0,0.0,0.0,0.0,0.0,0.0,0.0,0.0,d/dr at r = r_over_rs = 1/u (r_s = 1); u-column data consumed via d/dr = -u^2 d/du; stencils jet9d8 window=9 degree=8 on strictly increasing r
1.479646724343663,0.6758369978101204,0.25,1.0,1.0,0.0,0.0,0.0,0.0,0.0,0.0,0.0,d/dr at r = r_over_rs = 1/u (r_s = 1); u-column data consumed via d/dr = -u^2 d/du; stencils jet9d8 window=9 degree=8 on strictly increasing r
1.478435357805504,0.6763907496668212,0.25,1.0,1.0,0.0,0.0,0.0,0.0,0.0,0.0,0.0,d/dr at r = r_over_rs = 1/u (r_s = 1); u-column data consumed via d/dr = -u^2 d/du; stencils jet9d8 window=9 degree=8 on strictly increasing r
1.4772259731032802,0.6769445015235221,0.25,1.0,1.0,0.0,0.0,0.0,0.0,0.0,0.0,0.0,d/dr at r = r_over_rs = 1/u (r_s = 1); u-column data consumed via d/dr = -u^2 d/du; stencils jet9d8 window=9 degree=8 on strictly increasing r
1.476018565377443,0.677498253380223,0.25,1.0,1.0,0.0,0.0,0.0,0.0,0.0,0.0,0.0,d/dr at r = r_over_rs = 1/u (r_s = 1); u-column data consumed via d/dr = -u^2 d/du; stencils jet9d8 window=9 degree=8 on strictly increasing r
1.4748131297843172,0.6780520052369239,0.25,1.0,1.0,0.0,0.0,0.0,0.0,0.0,0.0,0.0,d/dr at r = r_over_rs = 1/u (r_s = 1); u-column data consumed via d/dr = -u^2 d/du; stencils jet9d8 window=9 degree=8 on strictly increasing r
1.4736096614960397,0.6786057570936247,0.25,1.0,1.0,0.0,0.0,0.0,0.0,0.0,0.0,0.0,d/dr at r = r_over_rs = 1/u (r_s = 1); u-column data consumed via d/dr = -u^2 d/du; stencils jet9d8 window=9 degree=8 on strictly increasing r
1.472408155700491,0.6791595089503255,0.25,1.0,1.0,0.0,0.0,0.0,0.0,0.0,0.0,0.0,d/dr at r = r_over_rs = 1/u (r_s = 1); u-column data consumed via d/dr = -u^2 d/du; stencils jet9d8 window=9 degree=8 on strictly increasing r
1.4712086076012345,0.6797132608070263,0.25,1.0,1.0,0.0,0.0,0.0,0.0,0.0,0.0,0.0,d/dr at r = r_over_rs = 1/u (r_s = 1); u-column data consumed via d/dr = -u^2 d/du; stencils jet9d8 window=9 degree=8 on strictly increasing r
1.47001101241745,0.6802670126637274,0.25,1.0,1.0,0.0,0.0,0.0,0.0,0.0,0.0,0.0,d/dr at r = r_over_rs = 1/u (r_s = 1); u-column data consumed via d/dr = -u^2 d/du; stencils jet9d8 window=9 degree=8 on strictly increasing r
1.4688153653838725,0.6808207645204281,0.25,1.0,1.0,0.0,0.0,0.0,0.0,0.0,0.0,0.0,d/dr at r = r_over_rs = 1/u (r_s = 1); u-column data consumed via d/dr = -u^2 d/du; stencils jet9d8 window=9 degree=8 on strictly increasing r
1.467621661750727,0.681374516377129,0.25,1.0,1.0,0.0,0.0,0.0,0.0,0.0,0.0,0.0,d/dr at r = r_over_rs = 1/u (r_s = 1); u-column data consumed via d/dr = -u^2 d/du; stencils jet9d8 window=9 degree=8 on strictly increasing r
1.4664298967836673,0.6819282682338298,0.25,1.0,1.0,0.0,0.0,0.0,0.0,0.0,0.0,0.0,d/dr at r = r_over_rs = 1/u (r_s = 1); u-column data consumed via d/dr = -u^2 d/du; stencils jet9d8 window=9 degree=8 on strictly increasing r
1.4652400657637117,0.6824820200905307,0.25,1.0,1.0,0.0,0.0,0.0,0.0,0.0,0.0,0.0,d/dr at r = r_over_rs = 1/u (r_s = 1); u-column data consumed via d/dr = -u^2 d/du; stencils jet9d8 window=9 degree=8 on strictly increasing r
1.4640521639871824,0.6830357719472315,0.25,1.0,1.0,0.0,0.0,0.0,0.0,0.0,0.0,0.0,d/dr at r = r_over_rs = 1/u (r_s = 1); u-column data consumed via d/dr = -u^2 d/du; stencils jet9d8 window=9 degree=8 on strictly increasing r
1.4628661867656427,0.6835895238039323,0.25,1.0,1.0,0.0,0.0,0.0,0.0,0.0,0.0,0.0,d/dr at r = r_over_rs = 1/u (r_s = 1); u-column data consumed via d/dr = -u^2 d/du; stencils jet9d8 window=9 degree=8 on strictly increasing r
1.4616821294258344,0.6841432756606333,0.25,1.0,1.0,0.0,0.0,0.0,0.0,0.0,0.0,0.0,d/dr at r = r_over_rs = 1/u (r_s = 1); u-column data consumed via d/dr = -u^2 d/du; stencils jet9d8 window=9 degree=8 on strictly increasing r
1.4604999873096185,0.6846970275173341,0.25,1.0,1.0,0.0,0.0,0.0,0.0,0.0,0.0,0.0,d/dr at r = r_over_rs = 1/u (r_s = 1); u-column data consumed via d/dr = -u^2 d/du; stencils jet9d8 window=9 degree=8 on strictly increasing r
1.4593197557739126,0.685250779374035,0.25,1.0,1.0,0.0,0.0,0.0,0.0,0.0,0.0,0.0,d/dr at r = r_over_rs = 1/u (r_s = 1); u-column data consumed via d/dr = -u^2 d/du; stencils jet9d8 window=9 degree=8 on strictly increasing r
1.4581414301906304,0.6858045312307358,0.25,1.0,1.0,0.0,0.0,0.0,0.0,0.0,0.0,0.0,d/dr at r = r_over_rs = 1/u (r_s = 1); u-column data consumed via d/dr = -u^2 d/du; stencils jet9d8 window=9 degree=8 on strictly increasing r
1.4569650059466217,0.6863582830874365,0.25,1.0,1.0,0.0,0.0,0.0,0.0,0.0,0.0,0.0,d/dr at r = r_over_rs = 1/u (r_s = 1); u-column data consumed via d/dr = -u^2 d/du; stencils jet9d8 window=9 degree=8 on strictly increasing r
1.4557904784436104,0.6869120349441376,0.25,1.0,1.0,0.0,0.0,0.0,0.0,0.0,0.0,0.0,d/dr at r = r_over_rs = 1/u (r_s = 1); u-column data consumed via d/dr = -u^2 d/du; stencils jet9d8 window=9 degree=8 on strictly increasing r
1.4546178430981382,0.6874657868008384,0.25,1.0,1.0,0.0,0.0,0.0,0.0,0.0,0.0,0.0,d/dr at r = r_over_rs = 1/u (r_s = 1); u-column data consumed via d/dr = -u^2 d/du; stencils jet9d8 window=9 degree=8 on strictly increasing r
1.4534470953415008,0.6880195386575393,0.25,1.0,1.0,0.0,0.0,0.0,0.0,0.0,0.0,0.0,d/dr at r = r_over_rs = 1/u (r_s = 1); u-column data consumed via d/dr = -u^2 d/du; stencils jet9d8 window=9 degree=8 on strictly increasing r
1.4522782306196924,0.6885732905142401,0.25,1.0,1.0,0.0,0.0,0.0,0.0,0.0,0.0,0.0,d/dr at r = r_over_rs = 1/u (r_s = 1); u-column data consumed via d/dr = -u^2 d/du; stencils jet9d8 window=9 degree=8 on strictly increasing r
1.451111244393343,0.6891270423709409,0.25,1.0,1.0,0.0,0.0,0.0,0.0,0.0,0.0,0.0,d/dr at r = r_over_rs = 1/u (r_s = 1); u-column data consumed via d/dr = -u^2 d/du; stencils jet9d8 window=9 degree=8 on strictly increasing r
1.449946132137662,0.6896807942276417,0.25,1.0,1.0,0.0,0.0,0.0,0.0,0.0,0.0,0.0,d/dr at r = r_over_rs = 1/u (r_s = 1); u-column data consumed via d/dr = -u^2 d/du; stencils jet9d8 window=9 degree=8 on strictly increasing r
1.44878288934238,0.6902345460843426,0.25,1.0,1.0,0.0,0.0,0.0,0.0,0.0,0.0,0.0,d/dr at r = r_over_rs = 1/u (r_s = 1); u-column data consumed via d/dr = -u^2 d/du; stencils jet9d8 window=9 degree=8 on strictly increasing r
1.4476215115116886,0.6907882979410435,0.25,1.0,1.0,0.0,0.0,0.0,0.0,0.0,0.0,0.0,d/dr at r = r_over_rs = 1/u (r_s = 1); u-column data consumed via d/dr = -u^2 d/du; stencils jet9d8 window=9 degree=8 on strictly increasing r
1.446461994164184,0.6913420497977444,0.25,1.0,1.0,0.0,0.0,0.0,0.0,0.0,0.0,0.0,d/dr at r = r_over_rs = 1/u (r_s = 1); u-column data consumed via d/dr = -u^2 d/du; stencils jet9d8 window=9 degree=8 on strictly increasing r
1.4453043328328097,0.6918958016544452,0.25,1.0,1.0,0.0,0.0,0.0,0.0,0.0,0.0,0.0,d/dr at r = r_over_rs = 1/u (r_s = 1); u-column data consumed via d/dr = -u^2 d/du; stencils jet9d8 window=9 degree=8 on strictly increasing r
1.4441485230647972,0.6924495535111461,0.25,1.0,1.0,0.0,0.0,0.0,0.0,0.0,0.0,0.0,d/dr at r = r_over_rs = 1/u (r_s = 1); u-column data consumed via d/dr = -u^2 d/du; stencils jet9d8 window=9 degree=8 on strictly increasing r
1.4429945604216114,0.6930033053678469,0.25,1.0,1.0,0.0,0.0,0.0,0.0,0.0,0.0,0.0,d/dr at r = r_over_rs = 1/u (r_s = 1); u-column data consumed via d/dr = -u^2 d/du; stencils jet9d8 window=9 degree=8 on strictly increasing r
1.4418424404788912,0.6935570572245477,0.25,1.0,1.0,0.0,0.0,0.0,0.0,0.0,0.0,0.0,d/dr at r = r_over_rs = 1/u (r_s = 1); u-column data consumed via d/dr = -u^2 d/du; stencils jet9d8 window=9 degree=8 on strictly increasing r
1.4406921588263952,0.6941108090812487,0.25,1.0,1.0,0.0,0.0,0.0,0.0,0.0,0.0,0.0,d/dr at r = r_over_rs = 1/u (r_s = 1); u-column data consumed via d/dr = -u^2 d/du; stencils jet9d8 window=9 degree=8 on strictly increasing r
1.4395437110679443,0.6946645609379495,0.25,1.0,1.0,0.0,0.0,0.0,0.0,0.0,0.0,0.0,d/dr at r = r_over_rs = 1/u (r_s = 1); u-column data consumed via d/dr = -u^2 d/du; stencils jet9d8 window=9 degree=8 on strictly increasing r
1.4383970928213656,0.6952183127946504,0.25,1.0,1.0,0.0,0.0,0.0,0.0,0.0,0.0,0.0,d/dr at r = r_over_rs = 1/u (r_s = 1); u-column data consumed via d/dr = -u^2 d/du; stencils jet9d8 window=9 degree=8 on strictly increasing r
1.4372522997184376,0.6957720646513512,0.25,1.0,1.0,0.0,0.0,0.0,0.0,0.0,0.0,0.0,d/dr at r = r_over_rs = 1/u (r_s = 1); u-column data consumed via d/dr = -u^2 d/du; stencils jet9d8 window=9 degree=8 on strictly increasing r
1.436109327404833,0.6963258165080521,0.25,1.0,1.0,0.0,0.0,0.0,0.0,0.0,0.0,0.0,d/dr at r = r_over_rs = 1/u (r_s = 1); u-column data consumed via d/dr = -u^2 d/du; stencils jet9d8 window=9 degree=8 on strictly increasing r
1.434968171540066,0.696879568364753,0.25,1.0,1.0,0.0,0.0,0.0,0.0,0.0,0.0,0.0,d/dr at r = r_over_rs = 1/u (r_s = 1); u-column data consumed via d/dr = -u^2 d/du; stencils jet9d8 window=9 degree=8 on strictly increasing r
1.4338288277974347,0.6974333202214538,0.25,1.0,1.0,0.0,0.0,0.0,0.0,0.0,0.0,0.0,d/dr at r = r_over_rs = 1/u (r_s = 1); u-column data consumed via d/dr = -u^2 d/du; stencils jet9d8 window=9 degree=8 on strictly increasing r
1.4326912918639685,0.6979870720781545,0.25,1.0,1.0,0.0,0.0,0.0,0.0,0.0,0.0,0.0,d/dr at r = r_over_rs = 1/u (r_s = 1); u-column data consumed via d/dr = -u^2 d/du; stencils jet9d8 window=9 degree=8 on strictly increasing r
1.4315555594403713,0.6985408239348555,0.25,1.0,1.0,0.0,0.0,0.0,0.0,0.0,0.0,0.0,d/dr at r = r_over_rs = 1/u (r_s = 1); u-column data consumed via d/dr = -u^2 d/du; stencils jet9d8 window=9 degree=8 on strictly increasing r
1.4304216262409717,0.6990945757915562,0.25,1.0,1.0,0.0,0.0,0.0,0.0,0.0,0.0,0.0,d/dr at r = r_over_rs = 1/u (r_s = 1); u-column data consumed via d/dr = -u^2 d/du; stencils jet9d8 window=9 degree=8 on strictly increasing r
1.4292894879936628,0.6996483276482572,0.25,1.0,1.0,0.0,0.0,0.0,0.0,0.0,0.0,0.0,d/dr at r = r_over_rs = 1/u (r_s = 1); u-column data consumed via d/dr = -u^2 d/du; stencils jet9d8 window=9 degree=8 on strictly increasing r
1.428159140439855,0.700202079504958,0.25,1.0,1.0,0.0,0.0,0.0,0.0,0.0,0.0,0.0,d/dr at r = r_over_rs = 1/u (r_s = 1); u-column data consumed via d/dr = -u^2 d/du; stencils jet9d8 window=9 degree=8 on strictly increasing r
1.4270305793344182,0.7007558313616589,0.25,1.0,1.0,0.0,0.0,0.0,0.0,0.0,0.0,0.0,d/dr at r = r_over_rs = 1/u (r_s = 1); u-column data consumed via d/dr = -u^2 d/du; stencils jet9d8 window=9 degree=8 on strictly increasing r
1.42590380044563,0.7013095832183598,0.25,1.0,1.0,0.0,0.0,0.0,0.0,0.0,0.0,0.0,d/dr at r = r_over_rs = 1/u (r_s = 1); u-column data consumed via d/dr = -u^2 d/du; stencils jet9d8 window=9 degree=8 on strictly increasing r
1.424778799555123,0.7018633350750606,0.25,1.0,1.0,0.0,0.0,0.0,0.0,0.0,0.0,0.0,d/dr at r = r_over_rs = 1/u (r_s = 1); u-column data consumed via d/dr = -u^2 d/du; stencils jet9d8 window=9 degree=8 on strictly increasing r
1.4236555724578324,0.7024170869317615,0.25,1.0,1.0,0.0,0.0,0.0,0.0,0.0,0.0,0.0,d/dr at r = r_over_rs = 1/u (r_s = 1); u-column data consumed via d/dr = -u^2 d/du; stencils jet9d8 window=9 degree=8 on strictly increasing r
1.422534114961943,0.7029708387884623,0.25,1.0,1.0,0.0,0.0,0.0,0.0,0.0,0.0,0.0,d/dr at r = r_over_rs = 1/u (r_s = 1); u-column data consumed via d/dr = -u^2 d/du; stencils jet9d8 window=9 degree=8 on strictly increasing r
1.4214144228888372,0.7035245906451632,0.25,1.0,1.0,0.0,0.0,0.0,0.0,0.0,0.0,0.0,d/dr at r = r_over_rs = 1/u (r_s = 1); u-column data consumed via d/dr = -u^2 d/du; stencils jet9d8 window=9 degree=8 on strictly increasing r
1.420296492073043,0.7040783425018641,0.25,1.0,1.0,0.0,0.0,0.0,0.0,0.0,0.0,0.0,d/dr at r = r_over_rs = 1/u (r_s = 1); u-column data consumed via d/dr = -u^2 d/du; stencils jet9d8 window=9 degree=8 on strictly increasing r
1.4191803183621832,0.7046320943585649,0.25,1.0,1.0,0.0,0.0,0.0,0.0,0.0,0.0,0.0,d/dr at r = r_over_rs = 1/u (r_s = 1); u-column data consumed via d/dr = -u^2 d/du; stencils jet9d8 window=9 degree=8 on strictly increasing r
1.4180658976169225,0.7051858462152658,0.25,1.0,1.0,0.0,0.0,0.0,0.0,0.0,0.0,0.0,d/dr at r = r_over_rs = 1/u (r_s = 1); u-column data consumed via d/dr = -u^2 d/du; stencils jet9d8 window=9 degree=8 on strictly increasing r
1.416953225710918,0.7057395980719666,0.25,1.0,1.0,0.0,0.0,0.0,0.0,0.0,0.0,0.0,d/dr at r = r_over_rs = 1/u (r_s = 1); u-column data consumed via d/dr = -u^2 d/du; stencils jet9d8 window=9 degree=8 on strictly increasing r
1.4158422985307673,0.7062933499286674,0.25,1.0,1.0,0.0,0.0,0.0,0.0,0.0,0.0,0.0,d/dr at r = r_over_rs = 1/u (r_s = 1); u-column data consumed via d/dr = -u^2 d/du; stencils jet9d8 window=9 degree=8 on strictly increasing r
1.4147331119759567,0.7068471017853684,0.25,1.0,1.0,0.0,0.0,0.0,0.0,0.0,0.0,0.0,d/dr at r = r_over_rs = 1/u (r_s = 1); u-column data consumed via d/dr = -u^2 d/du; stencils jet9d8 window=9 degree=8 on strictly increasing r
1.413625661958814,0.7074008536420692,0.25,1.0,1.0,0.0,0.0,0.0,0.0,0.0,0.0,0.0,d/dr at r = r_over_rs = 1/u (r_s = 1); u-column data consumed via d/dr = -u^2 d/du; stencils jet9d8 window=9 degree=8 on strictly increasing r
1.4125199444044545,0.7079546054987699,0.25,1.0,1.0,0.0,0.0,0.0,0.0,0.0,0.0,0.0,d/dr at r = r_over_rs = 1/u (r_s = 1); u-column data consumed via d/dr = -u^2 d/du; stencils jet9d8 window=9 degree=8 on strictly increasing r
1.4114159552507335,0.7085083573554709,0.25,1.0,1.0,0.0,0.0,0.0,0.0,0.0,0.0,0.0,d/dr at r = r_over_rs = 1/u (r_s = 1); u-column data consumed via d/dr = -u^2 d/du; stencils jet9d8 window=9 degree=8 on strictly increasing r
1.4103136904481963,0.7090621092121718,0.25,1.0,1.0,0.0,0.0,0.0,0.0,0.0,0.0,0.0,d/dr at r = r_over_rs = 1/u (r_s = 1); u-column data consumed via d/dr = -u^2 d/du; stencils jet9d8 window=9 degree=8 on strictly increasing r
1.4092131459600277,0.7096158610688726,0.25,1.0,1.0,0.0,0.0,0.0,0.0,0.0,0.0,0.0,d/dr at r = r_over_rs = 1/u (r_s = 1); u-column data consumed via d/dr = -u^2 d/du; stencils jet9d8 window=9 degree=8 on strictly increasing r
1.4081143177620037,0.7101696129255733,0.25,1.0,1.0,0.0,0.0,0.0,0.0,0.0,0.0,0.0,d/dr at r = r_over_rs = 1/u (r_s = 1); u-column data consumed via d/dr = -u^2 d/du; stencils jet9d8 window=9 degree=8 on strictly increasing r
1.407017201842441,0.7107233647822743,0.25,1.0,1.0,0.0,0.0,0.0,0.0,0.0,0.0,0.0,d/dr at r = r_over_rs = 1/u (r_s = 1); u-column data consumed via d/dr = -u^2 d/du; stencils jet9d8 window=9 degree=8 on strictly increasing r
1.40592179420215,0.7112771166389752,0.25,1.0,1.0,0.0,0.0,0.0,0.0,0.0,0.0,0.0,d/dr at r = r_over_rs = 1/u (r_s = 1); u-column data consumed via d/dr = -u^2 d/du; stencils jet9d8 window=9 degree=8 on strictly increasing r
1.404828090854386,0.711830868495676,0.25,1.0,1.0,0.0,0.0,0.0,0.0,0.0,0.0,0.0,d/dr at r = r_over_rs = 1/u (r_s = 1); u-column data consumed via d/dr = -u^2 d/du; stencils jet9d8 window=9 degree=8 on strictly increasing r
1.4037360878247986,0.7123846203523769,0.25,1.0,1.0,0.0,0.0,0.0,0.0,0.0,0.0,0.0,d/dr at r = r_over_rs = 1/u (r_s = 1); u-column data consumed via d/dr = -u^2 d/du; stencils jet9d8 window=9 degree=8 on strictly increasing r
1.4026457811513868,0.7129383722090777,0.25,1.0,1.0,0.0,0.0,0.0,0.0,0.0,0.0,0.0,d/dr at r = r_over_rs = 1/u (r_s = 1); u-column data consumed via d/dr = -u^2 d/du; stencils jet9d8 window=9 degree=8 on strictly increasing r
1.4015571668844484,0.7134921240657786,0.25,1.0,1.0,0.0,0.0,0.0,0.0,0.0,0.0,0.0,d/dr at r = r_over_rs = 1/u (r_s = 1); u-column data consumed via d/dr = -u^2 d/du; stencils jet9d8 window=9 degree=8 on strictly increasing r
1.4004702410865335,0.7140458759224796,0.25,1.0,1.0,0.0,0.0,0.0,0.0,0.0,0.0,0.0,d/dr at r = r_over_rs = 1/u (r_s = 1); u-column data consumed via d/dr = -u^2 d/du; stencils jet9d8 window=9 degree=8 on strictly increasing r
1.3993849998323982,0.7145996277791803,0.25,1.0,1.0,0.0,0.0,0.0,0.0,0.0,0.0,0.0,d/dr at r = r_over_rs = 1/u (r_s = 1); u-column data consumed via d/dr = -u^2 d/du; stencils jet9d8 window=9 degree=8 on strictly increasing r
1.398301439208954,0.7151533796358811,0.25,1.0,1.0,0.0,0.0,0.0,0.0,0.0,0.0,0.0,d/dr at r = r_over_rs = 1/u (r_s = 1); u-column data consumed via d/dr = -u^2 d/du; stencils jet9d8 window=9 degree=8 on strictly increasing r
1.397219555315224,0.715707131492582,0.25,1.0,1.0,0.0,0.0,0.0,0.0,0.0,0.0,0.0,d/dr at r = r_over_rs = 1/u (r_s = 1); u-column data consumed via d/dr = -u^2 d/du; stencils jet9d8 window=9 degree=8 on strictly increasing r
1.3961393442622951,0.7162608833492828,0.25,1.0,1.0,0.0,0.0,0.0,0.0,0.0,0.0,0.0,d/dr at r = r_over_rs = 1/u (r_s = 1); u-column data consumed via d/dr = -u^2 d/du; stencils jet9d8 window=9 degree=8 on strictly increasing r
1.3950608021732704,0.7168146352059838,0.25,1.0,1.0,0.0,0.0,0.0,0.0,0.0,0.0,0.0,d/dr at r = r_over_rs = 1/u (r_s = 1); u-column data consumed via d/dr = -u^2 d/du; stencils jet9d8 window=9 degree=8 on strictly increasing r
1.393983925183225,0.7173683870626846,0.25,1.0,1.0,0.0,0.0,0.0,0.0,0.0,0.0,0.0,d/dr at r = r_over_rs = 1/u (r_s = 1); u-column data consumed via d/dr = -u^2 d/du; stencils jet9d8 window=9 degree=8 on strictly increasing r
1.3929087094391566,0.7179221389193854,0.25,1.0,1.0,0.0,0.0,0.0,0.0,0.0,0.0,0.0,d/dr at r = r_over_rs = 1/u (r_s = 1); u-column data consumed via d/dr = -u^2 d/du; stencils jet9d8 window=9 degree=8 on strictly increasing r
1.3918351510999427,0.7184758907760863,0.25,1.0,1.0,0.0,0.0,0.0,0.0,0.0,0.0,0.0,d/dr at r = r_over_rs = 1/u (r_s = 1); u-column data consumed via d/dr = -u^2 d/du; stencils jet9d8 window=9 degree=8 on strictly increasing r
1.3907632463362936,0.7190296426327871,0.25,1.0,1.0,0.0,0.0,0.0,0.0,0.0,0.0,0.0,d/dr at r = r_over_rs = 1/u (r_s = 1); u-column data consumed via d/dr = -u^2 d/du; stencils jet9d8 window=9 degree=8 on strictly increasing r
1.389692991330706,0.719583394489488,0.25,1.0,1.0,0.0,0.0,0.0,0.0,0.0,0.0,0.0,d/dr at r = r_over_rs = 1/u (r_s = 1); u-column data consumed via d/dr = -u^2 d/du; stencils jet9d8 window=9 degree=8 on strictly increasing r
1.3886243822774194,0.7201371463461889,0.25,1.0,1.0,0.0,0.0,0.0,0.0,0.0,0.0,0.0,d/dr at r = r_over_rs = 1/u (r_s = 1); u-column data consumed via d/dr = -u^2 d/du; stencils jet9d8 window=9 degree=8 on strictly increasing r
1.3875574153823695,0.7206908982028897,0.25,1.0,1.0,0.0,0.0,0.0,0.0,0.0,0.0,0.0,d/dr at r = r_over_rs = 1/u (r_s = 1); u-column data consumed via d/dr = -u^2 d/du; stencils jet9d8 window=9 degree=8 on strictly increasing r
1.3864920868631443,0.7212446500595906,0.25,1.0,1.0,0.0,0.0,0.0,0.0,0.0,0.0,0.0,d/dr at r = r_over_rs = 1/u (r_s = 1); u-column data consumed via d/dr = -u^2 d/du; stencils jet9d8 window=9 degree=8 on strictly increasing r
1.385428392948939,0.7217984019162914,0.25,1.0,1.0,0.0,0.0,0.0,0.0,0.0,0.0,0.0,d/dr at r = r_over_rs = 1/u (r_s = 1); u-column data consumed via d/dr = -u^2 d/du; stencils jet9d8 window=9 degree=8 on strictly increasing r
1.3843663298805111,0.7223521537729923,0.25,1.0,1.0,0.0,0.0,0.0,0.0,0.0,0.0,0.0,d/dr at r = r_over_rs = 1/u (r_s = 1); u-column data consumed via d/dr = -u^2 d/du; stencils jet9d8 window=9 degree=8 on strictly increasing r
1.3833058939101373,0.7229059056296931,0.25,1.0,1.0,0.0,0.0,0.0,0.0,0.0,0.0,0.0,d/dr at r = r_over_rs = 1/u (r_s = 1); u-column data consumed via d/dr = -u^2 d/du; stencils jet9d8 window=9 degree=8 on strictly increasing r
1.382247081301568,0.723459657486394,0.25,1.0,1.0,0.0,0.0,0.0,0.0,0.0,0.0,0.0,d/dr at r = r_over_rs = 1/u (r_s = 1); u-column data consumed via d/dr = -u^2 d/du; stencils jet9d8 window=9 degree=8 on strictly increasing r
1.3811898883299838,0.7240134093430949,0.25,1.0,1.0,0.0,0.0,0.0,0.0,0.0,0.0,0.0,d/dr at r = r_over_rs = 1/u (r_s = 1); u-column data consumed via d/dr = -u^2 d/du; stencils jet9d8 window=9 degree=8 on strictly increasing r
1.3801343112819533,0.7245671611997957,0.25,1.0,1.0,0.0,0.0,0.0,0.0,0.0,0.0,0.0,d/dr at r = r_over_rs = 1/u (r_s = 1); u-column data consumed via d/dr = -u^2 d/du; stencils jet9d8 window=9 degree=8 on strictly increasing r
1.3790803464553874,0.7251209130564965,0.25,1.0,1.0,0.0,0.0,0.0,0.0,0.0,0.0,0.0,d/dr at r = r_over_rs = 1/u (r_s = 1); u-column data consumed via d/dr = -u^2 d/du; stencils jet9d8 window=9 degree=8 on strictly increasing r
1.3780279901594972,0.7256746649131974,0.25,1.0,1.0,0.0,0.0,0.0,0.0,0.0,0.0,0.0,d/dr at r = r_over_rs = 1/u (r_s = 1); u-column data consumed via d/dr = -u^2 d/du; stencils jet9d8 window=9 degree=8 on strictly increasing r
1.3769772387147512,0.7262284167698982,0.25,1.0,1.0,0.0,0.0,0.0,0.0,0.0,0.0,0.0,d/dr at r = r_over_rs = 1/u (r_s = 1); u-column data consumed via d/dr = -u^2 d/du; stencils jet9d8 window=9 degree=8 on strictly increasing r
1.3759280884528315,0.7267821686265992,0.25,1.0,1.0,0.0,0.0,0.0,0.0,0.0,0.0,0.0,d/dr at r = r_over_rs = 1/u (r_s = 1); u-column data consumed via d/dr = -u^2 d/du; stencils jet9d8 window=9 degree=8 on strictly increasing r
1.374880535716592,0.7273359204832999,0.25,1.0,1.0,0.0,0.0,0.0,0.0,0.0,0.0,0.0,d/dr at r = r_over_rs = 1/u (r_s = 1); u-column data consumed via d/dr = -u^2 d/du; stencils jet9d8 window=9 degree=8 on strictly increasing r
1.373834576860015,0.7278896723400008,0.25,1.0,1.0,0.0,0.0,0.0,0.0,0.0,0.0,0.0,d/dr at r = r_over_rs = 1/u (r_s = 1); u-column data consumed via d/dr = -u^2 d/du; stencils jet9d8 window=9 degree=8 on strictly increasing r
1.3727902082481698,0.7284434241967017,0.25,1.0,1.0,0.0,0.0,0.0,0.0,0.0,0.0,0.0,d/dr at r = r_over_rs = 1/u (r_s = 1); u-column data consumed via d/dr = -u^2 d/du; stencils jet9d8 window=9 degree=8 on strictly increasing r
1.37174742625717,0.7289971760534025,0.25,1.0,1.0,0.0,0.0,0.0,0.0,0.0,0.0,0.0,d/dr at r = r_over_rs = 1/u (r_s = 1); u-column data consumed via d/dr = -u^2 d/du; stencils jet9d8 window=9 degree=8 on strictly increasing r
1.370706227274132,0.7295509279101033,0.25,1.0,1.0,0.0,0.0,0.0,0.0,0.0,0.0,0.0,d/dr at r = r_over_rs = 1/u (r_s = 1); u-column data consumed via d/dr = -u^2 d/du; stencils jet9d8 window=9 degree=8 on strictly increasing r
1.3696666076971324,0.7301046797668043,0.25,1.0,1.0,0.0,0.0,0.0,0.0,0.0,0.0,0.0,d/dr at r = r_over_rs = 1/u (r_s = 1); u-column data consumed via d/dr = -u^2 d/du; stencils jet9d8 window=9 degree=8 on strictly increasing r
1.368628563935168,0.7306584316235051,0.25,1.0,1.0,0.0,0.0,0.0,0.0,0.0,0.0,0.0,d/dr at r = r_over_rs = 1/u (r_s = 1); u-column data consumed via d/dr = -u^2 d/du; stencils jet9d8 window=9 degree=8 on strictly increasing r
1.367592092408113,0.731212183480206,0.25,1.0,1.0,0.0,0.0,0.0,0.0,0.0,0.0,0.0,d/dr at r = r_over_rs = 1/u (r_s = 1); u-column data consumed via d/dr = -u^2 d/du; stencils jet9d8 window=9 degree=8 on strictly increasing r
1.3665571895466788,0.7317659353369067,0.25,1.0,1.0,0.0,0.0,0.0,0.0,0.0,0.0,0.0,d/dr at r = r_over_rs = 1/u (r_s = 1); u-column data consumed via d/dr = -u^2 d/du; stencils jet9d8 window=9 degree=8 on strictly increasing r
1.3655238517923718,0.7323196871936076,0.25,1.0,1.0,0.0,0.0,0.0,0.0,0.0,0.0,0.0,d/dr at r = r_over_rs = 1/u (r_s = 1); u-column data consumed via d/dr = -u^2 d/du; stencils jet9d8 window=9 degree=8 on strictly increasing r
1.3644920755974543,0.7328734390503086,0.25,1.0,1.0,0.0,0.0,0.0,0.0,0.0,0.0,0.0,d/dr at r = r_over_rs = 1/u (r_s = 1); u-column data consumed via d/dr = -u^2 d/du; stencils jet9d8 window=9 degree=8 on strictly increasing r
1.3634618574249031,0.7334271909070094,0.25,1.0,1.0,0.0,0.0,0.0,0.0,0.0,0.0,0.0,d/dr at r = r_over_rs = 1/u (r_s = 1); u-column data consumed via d/dr = -u^2 d/du; stencils jet9d8 window=9 degree=8 on strictly increasing r
1.3624331937483682,0.7339809427637102,0.25,1.0,1.0,0.0,0.0,0.0,0.0,0.0,0.0,0.0,d/dr at r = r_over_rs = 1/u (r_s = 1); u-column data consumed via d/dr = -u^2 d/du; stencils jet9d8 window=9 degree=8 on strictly increasing r
1.3614060810521342,0.7345346946204111,0.25,1.0,1.0,0.0,0.0,0.0,0.0,0.0,0.0,0.0,d/dr at r = r_over_rs = 1/u (r_s = 1); u-column data consumed via d/dr = -u^2 d/du; stencils jet9d8 window=9 degree=8 on strictly increasing r
1.3603805158310789,0.7350884464771119,0.25,1.0,1.0,0.0,0.0,0.0,0.0,0.0,0.0,0.0,d/dr at r = r_over_rs = 1/u (r_s = 1); u-column data consumed via d/dr = -u^2 d/du; stencils jet9d8 window=9 degree=8 on strictly increasing r
1.3593564945906342,0.7356421983338128,0.25,1.0,1.0,0.0,0.0,0.0,0.0,0.0,0.0,0.0,d/dr at r = r_over_rs = 1/u (r_s = 1); u-column data consumed via d/dr = -u^2 d/du; stencils jet9d8 window=9 degree=8 on strictly increasing r
1.3583340138467468,0.7361959501905135,0.25,1.0,1.0,0.0,0.0,0.0,0.0,0.0,0.0,0.0,d/dr at r = r_over_rs = 1/u (r_s = 1); u-column data consumed via d/dr = -u^2 d/du; stencils jet9d8 window=9 degree=8 on strictly increasing r
1.3573130701258365,0.7367497020472146,0.25,1.0,1.0,0.0,0.0,0.0,0.0,0.0,0.0,0.0,d/dr at r = r_over_rs = 1/u (r_s = 1); u-column data consumed via d/dr = -u^2 d/du; stencils jet9d8 window=9 degree=8 on strictly increasing r
1.35629365996476,0.7373034539039154,0.25,1.0,1.0,0.0,0.0,0.0,0.0,0.0,0.0,0.0,d/dr at r = r_over_rs = 1/u (r_s = 1); u-column data consumed via d/dr = -u^2 d/du; stencils jet9d8 window=9 degree=8 on strictly increasing r
1.355275779910769,0.7378572057606162,0.25,1.0,1.0,0.0,0.0,0.0,0.0,0.0,0.0,0.0,d/dr at r = r_over_rs = 1/u (r_s = 1); u-column data consumed via d/dr = -u^2 d/du; stencils jet9d8 window=9 degree=8 on strictly increasing r
1.3542594265214736,0.7384109576173171,0.25,1.0,1.0,0.0,0.0,0.0,0.0,0.0,0.0,0.0,d/dr at r = r_over_rs = 1/u (r_s = 1); u-column data consumed via d/dr = -u^2 d/du; stencils jet9d8 window=9 degree=8 on strictly increasing r
1.3532445963648012,0.7389647094740179,0.25,1.0,1.0,0.0,0.0,0.0,0.0,0.0,0.0,0.0,d/dr at r = r_over_rs = 1/u (r_s = 1); u-column data consumed via d/dr = -u^2 d/du; stencils jet9d8 window=9 degree=8 on strictly increasing r
1.3522312860189596,0.7395184613307187,0.25,1.0,1.0,0.0,0.0,0.0,0.0,0.0,0.0,0.0,d/dr at r = r_over_rs = 1/u (r_s = 1); u-column data consumed via d/dr = -u^2 d/du; stencils jet9d8 window=9 degree=8 on strictly increasing r
1.3512194920723972,0.7400722131874196,0.25,1.0,1.0,0.0,0.0,0.0,0.0,0.0,0.0,0.0,d/dr at r = r_over_rs = 1/u (r_s = 1); u-column data consumed via d/dr = -u^2 d/du; stencils jet9d8 window=9 degree=8 on strictly increasing r
1.3502092111237662,0.7406259650441205,0.25,1.0,1.0,0.0,0.0,0.0,0.0,0.0,0.0,0.0,d/dr at r = r_over_rs = 1/u (r_s = 1); u-column data consumed via d/dr = -u^2 d/du; stencils jet9d8 window=9 degree=8 on strictly increasing r
1.3492004397818833,0.7411797169008214,0.25,1.0,1.0,0.0,0.0,0.0,0.0,0.0,0.0,0.0,d/dr at r = r_over_rs = 1/u (r_s = 1); u-column data consumed via d/dr = -u^2 d/du; stencils jet9d8 window=9 degree=8 on strictly increasing r
1.3481931746656923,0.7417334687575222,0.25,1.0,1.0,0.0,0.0,0.0,0.0,0.0,0.0,0.0,d/dr at r = r_over_rs = 1/u (r_s = 1); u-column data consumed via d/dr = -u^2 d/du; stencils jet9d8 window=9 degree=8 on strictly increasing r
1.347187412404226,0.742287220614223,0.25,1.0,1.0,0.0,0.0,0.0,0.0,0.0,0.0,0.0,d/dr at r = r_over_rs = 1/u (r_s = 1); u-column data consumed via d/dr = -u^2 d/du; stencils jet9d8 window=9 degree=8 on strictly increasing r
1.3461831496365686,0.742840972470924,0.25,1.0,1.0,0.0,0.0,0.0,0.0,0.0,0.0,0.0,d/dr at r = r_over_rs = 1/u (r_s = 1); u-column data consumed via d/dr = -u^2 d/du; stencils jet9d8 window=9 degree=8 on strictly increasing r
1.3451803830118192,0.7433947243276248,0.25,1.0,1.0,0.0,0.0,0.0,0.0,0.0,0.0,0.0,d/dr at r = r_over_rs = 1/u (r_s = 1); u-column data consumed via d/dr = -u^2 d/du; stencils jet9d8 window=9 degree=8 on strictly increasing r
1.3441791091890525,0.7439484761843257,0.25,1.0,1.0,0.0,0.0,0.0,0.0,0.0,0.0,0.0,d/dr at r = r_over_rs = 1/u (r_s = 1); u-column data consumed via d/dr = -u^2 d/du; stencils jet9d8 window=9 degree=8 on strictly increasing r
1.3431793248372843,0.7445022280410266,0.25,1.0,1.0,0.0,0.0,0.0,0.0,0.0,0.0,0.0,d/dr at r = r_over_rs = 1/u (r_s = 1); u-column data consumed via d/dr = -u^2 d/du; stencils jet9d8 window=9 degree=8 on strictly increasing r
1.3421810266354328,0.7450559798977273,0.25,1.0,1.0,0.0,0.0,0.0,0.0,0.0,0.0,0.0,d/dr at r = r_over_rs = 1/u (r_s = 1); u-column data consumed via d/dr = -u^2 d/du; stencils jet9d8 window=9 degree=8 on strictly increasing r
1.3411842112722812,0.7456097317544282,0.25,1.0,1.0,0.0,0.0,0.0,0.0,0.0,0.0,0.0,d/dr at r = r_over_rs = 1/u (r_s = 1); u-column data consumed via d/dr = -u^2 d/du; stencils jet9d8 window=9 degree=8 on strictly increasing r
1.3401888754464435,0.7461634836111292,0.25,1.0,1.0,0.0,0.0,0.0,0.0,0.0,0.0,0.0,d/dr at r = r_over_rs = 1/u (r_s = 1); u-column data consumed via d/dr = -u^2 d/du; stencils jet9d8 window=9 degree=8 on strictly increasing r
1.3391950158663266,0.7467172354678299,0.25,1.0,1.0,0.0,0.0,0.0,0.0,0.0,0.0,0.0,d/dr at r = r_over_rs = 1/u (r_s = 1); u-column data consumed via d/dr = -u^2 d/du; stencils jet9d8 window=9 degree=8 on strictly increasing r
1.338202629250093,0.7472709873245308,0.25,1.0,1.0,0.0,0.0,0.0,0.0,0.0,0.0,0.0,d/dr at r = r_over_rs = 1/u (r_s = 1); u-column data consumed via d/dr = -u^2 d/du; stencils jet9d8 window=9 degree=8 on strictly increasing r
1.3372117123256269,0.7478247391812316,0.25,1.0,1.0,0.0,0.0,0.0,0.0,0.0,0.0,0.0,d/dr at r = r_over_rs = 1/u (r_s = 1); u-column data consumed via d/dr = -u^2 d/du; stencils jet9d8 window=9 degree=8 on strictly increasing r
1.3362222618304962,0.7483784910379326,0.25,1.0,1.0,0.0,0.0,0.0,0.0,0.0,0.0,0.0,d/dr at r = r_over_rs = 1/u (r_s = 1); u-column data consumed via d/dr = -u^2 d/du; stencils jet9d8 window=9 degree=8 on strictly increasing r
1.335234274511919,0.7489322428946333,0.25,1.0,1.0,0.0,0.0,0.0,0.0,0.0,0.0,0.0,d/dr at r = r_over_rs = 1/u (r_s = 1); u-column data consumed via d/dr = -u^2 d/du; stencils jet9d8 window=9 degree=8 on strictly increasing r
1.334247747126725,0.7494859947513342,0.25,1.0,1.0,0.0,0.0,0.0,0.0,0.0,0.0,0.0,d/dr at r = r_over_rs = 1/u (r_s = 1); u-column data consumed via d/dr = -u^2 d/du; stencils jet9d8 window=9 degree=8 on strictly increasing r
1.3332626764413222,0.7500397466080351,0.25,1.0,1.0,0.0,0.0,0.0,0.0,0.0,0.0,0.0,d/dr at r = r_over_rs = 1/u (r_s = 1); u-column data consumed via d/dr = -u^2 d/du; stencils jet9d8 window=9 degree=8 on strictly increasing r
1.3322790592316616,0.7505934984647359,0.25,1.0,1.0,0.0,0.0,0.0,0.0,0.0,0.0,0.0,d/dr at r = r_over_rs = 1/u (r_s = 1); u-column data consumed via d/dr = -u^2 d/du; stencils jet9d8 window=9 degree=8 on strictly increasing r
1.3312968922832005,0.7511472503214367,0.25,1.0,1.0,0.0,0.0,0.0,0.0,0.0,0.0,0.0,d/dr at r = r_over_rs = 1/u (r_s = 1); u-column data consumed via d/dr = -u^2 d/du; stencils jet9d8 window=9 degree=8 on strictly increasing r
1.3303161723908683,0.7517010021781377,0.25,1.0,1.0,0.0,0.0,0.0,0.0,0.0,0.0,0.0,d/dr at r = r_over_rs = 1/u (r_s = 1); u-column data consumed via d/dr = -u^2 d/du; stencils jet9d8 window=9 degree=8 on strictly increasing r
1.329336896359033,0.7522547540348384,0.25,1.0,1.0,0.0,0.0,0.0,0.0,0.0,0.0,0.0,d/dr at r = r_over_rs = 1/u (r_s = 1); u-column data consumed via d/dr = -u^2 d/du; stencils jet9d8 window=9 degree=8 on strictly increasing r
1.3283590610014635,0.7528085058915394,0.25,1.0,1.0,0.0,0.0,0.0,0.0,0.0,0.0,0.0,d/dr at r = r_over_rs = 1/u (r_s = 1); u-column data consumed via d/dr = -u^2 d/du; stencils jet9d8 window=9 degree=8 on strictly increasing r
1.327382663141298,0.7533622577482402,0.25,1.0,1.0,0.0,0.0,0.0,0.0,0.0,0.0,0.0,d/dr at r = r_over_rs = 1/u (r_s = 1); u-column data consumed via d/dr = -u^2 d/du; stencils jet9d8 window=9 degree=8 on strictly increasing r
1.3264076996110077,0.7539160096049409,0.25,1.0,1.0,0.0,0.0,0.0,0.0,0.0,0.0,0.0,d/dr at r = r_over_rs = 1/u (r_s = 1); u-column data consumed via d/dr = -u^2 d/du; stencils jet9d8 window=9 degree=8 on strictly increasing r
1.3254341672523626,0.7544697614616419,0.25,1.0,1.0,0.0,0.0,0.0,0.0,0.0,0.0,0.0,d/dr at r = r_over_rs = 1/u (r_s = 1); u-column data consumed via d/dr = -u^2 d/du; stencils jet9d8 window=9 degree=8 on strictly increasing r
1.3244620629163997,0.7550235133183427,0.25,1.0,1.0,0.0,0.0,0.0,0.0,0.0,0.0,0.0,d/dr at r = r_over_rs = 1/u (r_s = 1); u-column data consumed via d/dr = -u^2 d/du; stencils jet9d8 window=9 degree=8 on strictly increasing r
1.3234913834633857,0.7555772651750436,0.25,1.0,1.0,0.0,0.0,0.0,0.0,0.0,0.0,0.0,d/dr at r = r_over_rs = 1/u (r_s = 1); u-column data consumed via d/dr = -u^2 d/du; stencils jet9d8 window=9 degree=8 on strictly increasing r
1.322522125762786,0.7561310170317445,0.25,1.0,1.0,0.0,0.0,0.0,0.0,0.0,0.0,0.0,d/dr at r = r_over_rs = 1/u (r_s = 1); u-column data consumed via d/dr = -u^2 d/du; stencils jet9d8 window=9 degree=8 on strictly increasing r
1.3215542866932288,0.7566847688884453,0.25,1.0,1.0,0.0,0.0,0.0,0.0,0.0,0.0,0.0,d/dr at r = r_over_rs = 1/u (r_s = 1); u-column data consumed via d/dr = -u^2 d/du; stencils jet9d8 window=9 degree=8 on strictly increasing r
1.3205878631424732,0.7572385207451462,0.25,1.0,1.0,0.0,0.0,0.0,0.0,0.0,0.0,0.0,d/dr at r = r_over_rs = 1/u (r_s = 1); u-column data consumed via d/dr = -u^2 d/du; stencils jet9d8 window=9 degree=8 on strictly increasing r
1.3196228520073756,0.757792272601847,0.25,1.0,1.0,0.0,0.0,0.0,0.0,0.0,0.0,0.0,d/dr at r = r_over_rs = 1/u (r_s = 1); u-column data consumed via d/dr = -u^2 d/du; stencils jet9d8 window=9 degree=8 on strictly increasing r
1.3186592501938554,0.7583460244585479,0.25,1.0,1.0,0.0,0.0,0.0,0.0,0.0,0.0,0.0,d/dr at r = r_over_rs = 1/u (r_s = 1); u-column data consumed via d/dr = -u^2 d/du; stencils jet9d8 window=9 degree=8 on strictly increasing r
1.3176970546168638,0.7588997763152487,0.25,1.0,1.0,0.0,0.0,0.0,0.0,0.0,0.0,0.0,d/dr at r = r_over_rs = 1/u (r_s = 1); u-column data consumed via d/dr = -u^2 d/du; stencils jet9d8 window=9 degree=8 on strictly increasing r
1.316736262200349,0.7594535281719493,0.25,1.0,1.0,0.0,0.0,0.0,0.0,0.0,0.0,0.0,d/dr at r = r_over_rs = 1/u (r_s = 1); u-column data consumed via d/dr = -u^2 d/du; stencils jet9d8 window=9 degree=8 on strictly increasing r
1.3157768698772232,0.7600072800286505,0.25,1.0,1.0,0.0,0.0,0.0,0.0,0.0,0.0,0.0,d/dr at r = r_over_rs = 1/u (r_s = 1); u-column data consumed via d/dr = -u^2 d/du; stencils jet9d8 window=9 degree=8 on strictly increasing r
1.314818874589334,0.7605610318853511,0.25,1.0,1.0,0.0,0.0,0.0,0.0,0.0,0.0,0.0,d/dr at r = r_over_rs = 1/u (r_s = 1); u-column data consumed via d/dr = -u^2 d/du; stencils jet9d8 window=9 degree=8 on strictly increasing r
1.3138622732874257,0.7611147837420521,0.25,1.0,1.0,0.0,0.0,0.0,0.0,0.0,0.0,0.0,d/dr at r = r_over_rs = 1/u (r_s = 1); u-column data consumed via d/dr = -u^2 d/du; stencils jet9d8 window=9 degree=8 on strictly increasing r
1.312907062931112,0.7616685355987531,0.25,1.0,1.0,0.0,0.0,0.0,0.0,0.0,0.0,0.0,d/dr at r = r_over_rs = 1/u (r_s = 1); u-column data consumed via d/dr = -u^2 d/du; stencils jet9d8 window=9 degree=8 on strictly increasing r
1.3119532404888417,0.7622222874554538,0.25,1.0,1.0,0.0,0.0,0.0,0.0,0.0,0.0,0.0,d/dr at r = r_over_rs = 1/u (r_s = 1); u-column data consumed via d/dr = -u^2 d/du; stencils jet9d8 window=9 degree=8 on strictly increasing r
1.311000802937866,0.7627760393121548,0.25,1.0,1.0,0.0,0.0,0.0,0.0,0.0,0.0,0.0,d/dr at r = r_over_rs = 1/u (r_s = 1); u-column data consumed via d/dr = -u^2 d/du; stencils jet9d8 window=9 degree=8 on strictly increasing r
1.310049747264208,0.7633297911688556,0.25,1.0,1.0,0.0,0.0,0.0,0.0,0.0,0.0,0.0,d/dr at r = r_over_rs = 1/u (r_s = 1); u-column data consumed via d/dr = -u^2 d/du; stencils jet9d8 window=9 degree=8 on strictly increasing r
1.309100070462631,0.7638835430255563,0.25,1.0,1.0,0.0,0.0,0.0,0.0,0.0,0.0,0.0,d/dr at r = r_over_rs = 1/u (r_s = 1); u-column data consumed via d/dr = -u^2 d/du; stencils jet9d8 window=9 degree=8 on strictly increasing r
1.3081517695366045,0.7644372948822573,0.25,1.0,1.0,0.0,0.0,0.0,0.0,0.0,0.0,0.0,d/dr at r = r_over_rs = 1/u (r_s = 1); u-column data consumed via d/dr = -u^2 d/du; stencils jet9d8 window=9 degree=8 on strictly increasing r
1.307204841498276,0.7649910467389581,0.25,1.0,1.0,0.0,0.0,0.0,0.0,0.0,0.0,0.0,d/dr at r = r_over_rs = 1/u (r_s = 1); u-column data consumed via d/dr = -u^2 d/du; stencils jet9d8 window=9 degree=8 on strictly increasing r
1.306259283368437,0.765544798595659,0.25,1.0,1.0,0.0,0.0,0.0,0.0,0.0,0.0,0.0,d/dr at r = r_over_rs = 1/u (r_s = 1); u-column data consumed via d/dr = -u^2 d/du; stencils jet9d8 window=9 degree=8 on strictly increasing r
1.305315092176493,0.76609855045236,0.25,1.0,1.0,0.0,0.0,0.0,0.0,0.0,0.0,0.0,d/dr at r = r_over_rs = 1/u (r_s = 1); u-column data consumed via d/dr = -u^2 d/du; stencils jet9d8 window=9 degree=8 on strictly increasing r
1.304372264960433,0.7666523023090606,0.25,1.0,1.0,0.0,0.0,0.0,0.0,0.0,0.0,0.0,d/dr at r = r_over_rs = 1/u (r_s = 1); u-column data consumed via d/dr = -u^2 d/du; stencils jet9d8 window=9 degree=8 on strictly increasing r
1.3034307987667957,0.7672060541657615,0.25,1.0,1.0,0.0,0.0,0.0,0.0,0.0,0.0,0.0,d/dr at r = r_over_rs = 1/u (r_s = 1); u-column data consumed via d/dr = -u^2 d/du; stencils jet9d8 window=9 degree=8 on strictly increasing r
1.302490690650642,0.7677598060224624,0.25,1.0,1.0,0.0,0.0,0.0,0.0,0.0,0.0,0.0,d/dr at r = r_over_rs = 1/u (r_s = 1); u-column data consumed via d/dr = -u^2 d/du; stencils jet9d8 window=9 degree=8 on strictly increasing r
1.3015519376755231,0.7683135578791631,0.25,1.0,1.0,0.0,0.0,0.0,0.0,0.0,0.0,0.0,d/dr at r = r_over_rs = 1/u (r_s = 1); u-column data consumed via d/dr = -u^2 d/du; stencils jet9d8 window=9 degree=8 on strictly increasing r
1.3006145369134483,0.7688673097358644,0.25,1.0,1.0,0.0,0.0,0.0,0.0,0.0,0.0,0.0,d/dr at r = r_over_rs = 1/u (r_s = 1); u-column data consumed via d/dr = -u^2 d/du; stencils jet9d8 window=9 degree=8 on strictly increasing r
1.2996784854448584,0.769421061592565,0.25,1.0,1.0,0.0,0.0,0.0,0.0,0.0,0.0,0.0,d/dr at r = r_over_rs = 1/u (r_s = 1); u-column data consumed via d/dr = -u^2 d/du; stencils jet9d8 window=9 degree=8 on strictly increasing r
1.2987437803585904,0.7699748134492659,0.25,1.0,1.0,0.0,0.0,0.0,0.0,0.0,0.0,0.0,d/dr at r = r_over_rs = 1/u (r_s = 1); u-column data consumed via d/dr = -u^2 d/du; stencils jet9d8 window=9 degree=8 on strictly increasing r
1.2978104187518515,0.7705285653059667,0.25,1.0,1.0,0.0,0.0,0.0,0.0,0.0,0.0,0.0,d/dr at r = r_over_rs = 1/u (r_s = 1); u-column data consumed via d/dr = -u^2 d/du; stencils jet9d8 window=9 degree=8 on strictly increasing r
1.2968783977301868,0.7710823171626676,0.25,1.0,1.0,0.0,0.0,0.0,0.0,0.0,0.0,0.0,d/dr at r = r_over_rs = 1/u (r_s = 1); u-column data consumed via d/dr = -u^2 d/du; stencils jet9d8 window=9 degree=8 on strictly increasing r
1.2959477144074505,0.7716360690193682,0.25,1.0,1.0,0.0,0.0,0.0,0.0,0.0,0.0,0.0,d/dr at r = r_over_rs = 1/u (r_s = 1); u-column data consumed via d/dr = -u^2 d/du; stencils jet9d8 window=9 degree=8 on strictly increasing r
1.2950183659057746,0.7721898208760692,0.25,1.0,1.0,0.0,0.0,0.0,0.0,0.0,0.0,0.0,d/dr at r = r_over_rs = 1/u (r_s = 1); u-column data consumed via d/dr = -u^2 d/du; stencils jet9d8 window=9 degree=8 on strictly increasing r
1.2940903493555418,0.7727435727327702,0.25,1.0,1.0,0.0,0.0,0.0,0.0,0.0,0.0,0.0,d/dr at r = r_over_rs = 1/u (r_s = 1); u-column data consumed via d/dr = -u^2 d/du; stencils jet9d8 window=9 degree=8 on strictly increasing r
1.2931636618953537,0.7732973245894708,0.25,1.0,1.0,0.0,0.0,0.0,0.0,0.0,0.0,0.0,d/dr at r = r_over_rs = 1/u (r_s = 1); u-column data consumed via d/dr = -u^2 d/du; stencils jet9d8 window=9 degree=8 on strictly increasing r
1.2922383006720013,0.7738510764461718,0.25,1.0,1.0,0.0,0.0,0.0,0.0,0.0,0.0,0.0,d/dr at r = r_over_rs = 1/u (r_s = 1); u-column data consumed via d/dr = -u^2 d/du; stencils jet9d8 window=9 degree=8 on strictly increasing r
1.291314262840438,0.7744048283028727,0.25,1.0,1.0,0.0,0.0,0.0,0.0,0.0,0.0,0.0,d/dr at r = r_over_rs = 1/u (r_s = 1); u-column data consumed via d/dr = -u^2 d/du; stencils jet9d8 window=9 degree=8 on strictly increasing r
1.2903915455637482,0.7749585801595735,0.25,1.0,1.0,0.0,0.0,0.0,0.0,0.0,0.0,0.0,d/dr at r = r_over_rs = 1/u (r_s = 1); u-column data consumed via d/dr = -u^2 d/du; stencils jet9d8 window=9 degree=8 on strictly increasing r
1.2894701460131195,0.7755123320162742,0.25,1.0,1.0,0.0,0.0,0.0,0.0,0.0,0.0,0.0,d/dr at r = r_over_rs = 1/u (r_s = 1); u-column data consumed via d/dr = -u^2 d/du; stencils jet9d8 window=9 degree=8 on strictly increasing r
1.2885500613678122,0.7760660838729753,0.25,1.0,1.0,0.0,0.0,0.0,0.0,0.0,0.0,0.0,d/dr at r = r_over_rs = 1/u (r_s = 1); u-column data consumed via d/dr = -u^2 d/du; stencils jet9d8 window=9 degree=8 on strictly increasing r
1.2876312888151331,0.7766198357296763,0.25,1.0,1.0,0.0,0.0,0.0,0.0,0.0,0.0,0.0,d/dr at r = r_over_rs = 1/u (r_s = 1); u-column data consumed via d/dr = -u^2 d/du; stencils jet9d8 window=9 degree=8 on strictly increasing r
1.2867138255504051,0.777173587586377,0.25,1.0,1.0,0.0,0.0,0.0,0.0,0.0,0.0,0.0,d/dr at r = r_over_rs = 1/u (r_s = 1); u-column data consumed via d/dr = -u^2 d/du; stencils jet9d8 window=9 degree=8 on strictly increasing r
1.2857976687769384,0.7777273394430778,0.25,1.0,1.0,0.0,0.0,0.0,0.0,0.0,0.0,0.0,d/dr at r = r_over_rs = 1/u (r_s = 1); u-column data consumed via d/dr = -u^2 d/du; stencils jet9d8 window=9 degree=8 on strictly increasing r
1.2848828157060026,0.7782810912997786,0.25,1.0,1.0,0.0,0.0,0.0,0.0,0.0,0.0,0.0,d/dr at r = r_over_rs = 1/u (r_s = 1); u-column data consumed via d/dr = -u^2 d/du; stencils jet9d8 window=9 degree=8 on strictly increasing r
1.283969263556799,0.7788348431564794,0.25,1.0,1.0,0.0,0.0,0.0,0.0,0.0,0.0,0.0,d/dr at r = r_over_rs = 1/u (r_s = 1); u-column data consumed via d/dr = -u^2 d/du; stencils jet9d8 window=9 degree=8 on strictly increasing r
1.2830570095564318,0.7793885950131803,0.25,1.0,1.0,0.0,0.0,0.0,0.0,0.0,0.0,0.0,d/dr at r = r_over_rs = 1/u (r_s = 1); u-column data consumed via d/dr = -u^2 d/du; stencils jet9d8 window=9 degree=8 on strictly increasing r
1.2821460509398794,0.7799423468698814,0.25,1.0,1.0,0.0,0.0,0.0,0.0,0.0,0.0,0.0,d/dr at r = r_over_rs = 1/u (r_s = 1); u-column data consumed via d/dr = -u^2 d/du; stencils jet9d8 window=9 degree=8 on strictly increasing r
1.2812363849499688,0.7804960987265821,0.25,1.0,1.0,0.0,0.0,0.0,0.0,0.0,0.0,0.0,d/dr at r = r_over_rs = 1/u (r_s = 1); u-column data consumed via d/dr = -u^2 d/du; stencils jet9d8 window=9 degree=8 on strictly increasing r
1.2803280088373443,0.781049850583283,0.25,1.0,1.0,0.0,0.0,0.0,0.0,0.0,0.0,0.0,d/dr at r = r_over_rs = 1/u (r_s = 1); u-column data consumed via d/dr = -u^2 d/du; stencils jet9d8 window=9 degree=8 on strictly increasing r
1.279420919860443,0.7816036024399838,0.25,1.0,1.0,0.0,0.0,0.0,0.0,0.0,0.0,0.0,d/dr at r = r_over_rs = 1/u (r_s = 1); u-column data consumed via d/dr = -u^2 d/du; stencils jet9d8 window=9 degree=8 on strictly increasing r
1.278515115285465,0.7821573542966845,0.25,1.0,1.0,0.0,0.0,0.0,0.0,0.0,0.0,0.0,d/dr at r = r_over_rs = 1/u (r_s = 1); u-column data consumed via d/dr = -u^2 d/du; stencils jet9d8 window=9 degree=8 on strictly increasing r
1.2776105923863472,0.7827111061533856,0.25,1.0,1.0,0.0,0.0,0.0,0.0,0.0,0.0,0.0,d/dr at r = r_over_rs = 1/u (r_s = 1); u-column data consumed via d/dr = -u^2 d/du; stencils jet9d8 window=9 degree=8 on strictly increasing r
1.276707348444736,0.7832648580100864,0.25,1.0,1.0,0.0,0.0,0.0,0.0,0.0,0.0,0.0,d/dr at r = r_over_rs = 1/u (r_s = 1); u-column data consumed via d/dr = -u^2 d/du; stencils jet9d8 window=9 degree=8 on strictly increasing r
1.275805380749959,0.7838186098667872,0.25,1.0,1.0,0.0,0.0,0.0,0.0,0.0,0.0,0.0,d/dr at r = r_over_rs = 1/u (r_s = 1); u-column data consumed via d/dr = -u^2 d/du; stencils jet9d8 window=9 degree=8 on strictly increasing r
1.2749046865989986,0.7843723617234881,0.25,1.0,1.0,0.0,0.0,0.0,0.0,0.0,0.0,0.0,d/dr at r = r_over_rs = 1/u (r_s = 1); u-column data consumed via d/dr = -u^2 d/du; stencils jet9d8 window=9 degree=8 on strictly increasing r
1.2740052632964656,0.7849261135801889,0.25,1.0,1.0,0.0,0.0,0.0,0.0,0.0,0.0,0.0,d/dr at r = r_over_rs = 1/u (r_s = 1); u-column data consumed via d/dr = -u^2 d/du; stencils jet9d8 window=9 degree=8 on strictly increasing r
1.2731071081545706,0.7854798654368897,0.25,1.0,1.0,0.0,0.0,0.0,0.0,0.0,0.0,0.0,d/dr at r = r_over_rs = 1/u (r_s = 1); u-column data consumed via d/dr = -u^2 d/du; stencils jet9d8 window=9 degree=8 on strictly increasing r
1.272210218493099,0.7860336172935907,0.25,1.0,1.0,0.0,0.0,0.0,0.0,0.0,0.0,0.0,d/dr at r = r_over_rs = 1/u (r_s = 1); u-column data consumed via d/dr = -u^2 d/du; stencils jet9d8 window=9 degree=8 on strictly increasing r
1.2713145916393838,0.7865873691502915,0.25,1.0,1.0,0.0,0.0,0.0,0.0,0.0,0.0,0.0,d/dr at r = r_over_rs = 1/u (r_s = 1); u-column data consumed via d/dr = -u^2 d/du; stencils jet9d8 window=9 degree=8 on strictly increasing r
1.2704202249282777,0.7871411210069925,0.25,1.0,1.0,0.0,0.0,0.0,0.0,0.0,0.0,0.0,d/dr at r = r_over_rs = 1/u (r_s = 1); u-column data consumed via d/dr = -u^2 d/du; stencils jet9d8 window=9 degree=8 on strictly increasing r
1.2695271157021295,0.7876948728636932,0.25,1.0,1.0,0.0,0.0,0.0,0.0,0.0,0.0,0.0,d/dr at r = r_over_rs = 1/u (r_s = 1); u-column data consumed via d/dr = -u^2 d/du; stencils jet9d8 window=9 degree=8 on strictly increasing r
1.2686352613107543,0.7882486247203941,0.25,1.0,1.0,0.0,0.0,0.0,0.0,0.0,0.0,0.0,d/dr at r = r_over_rs = 1/u (r_s = 1); u-column data consumed via d/dr = -u^2 d/du; stencils jet9d8 window=9 degree=8 on strictly increasing r
1.267744659111411,0.7888023765770948,0.25,1.0,1.0,0.0,0.0,0.0,0.0,0.0,0.0,0.0,d/dr at r = r_over_rs = 1/u (r_s = 1); u-column data consumed via d/dr = -u^2 d/du; stencils jet9d8 window=9 degree=8 on strictly increasing r
1.2668553064687724,0.7893561284337958,0.25,1.0,1.0,0.0,0.0,0.0,0.0,0.0,0.0,0.0,d/dr at r = r_over_rs = 1/u (r_s = 1); u-column data consumed via d/dr = -u^2 d/du; stencils jet9d8 window=9 degree=8 on strictly increasing r
1.2659672007549023,0.7899098802904966,0.25,1.0,1.0,0.0,0.0,0.0,0.0,0.0,0.0,0.0,d/dr at r = r_over_rs = 1/u (r_s = 1); u-column data consumed via d/dr = -u^2 d/du; stencils jet9d8 window=9 degree=8 on strictly increasing r
1.265080339349228,0.7904636321471975,0.25,1.0,1.0,0.0,0.0,0.0,0.0,0.0,0.0,0.0,d/dr at r = r_over_rs = 1/u (r_s = 1); u-column data consumed via d/dr = -u^2 d/du; stencils jet9d8 window=9 degree=8 on strictly increasing r
1.2641947196385153,0.7910173840038983,0.25,1.0,1.0,0.0,0.0,0.0,0.0,0.0,0.0,0.0,d/dr at r = r_over_rs = 1/u (r_s = 1); u-column data consumed via d/dr = -u^2 d/du; stencils jet9d8 window=9 degree=8 on strictly increasing r
1.2633103390168416,0.7915711358605992,0.25,1.0,1.0,0.0,0.0,0.0,0.0,0.0,0.0,0.0,d/dr at r = r_over_rs = 1/u (r_s = 1); u-column data consumed via d/dr = -u^2 d/du; stencils jet9d8 window=9 degree=8 on strictly increasing r
1.2624271948855723,0.7921248877173,0.25,1.0,1.0,0.0,0.0,0.0,0.0,0.0,0.0,0.0,d/dr at r = r_over_rs = 1/u (r_s = 1); u-column data consumed via d/dr = -u^2 d/du; stencils jet9d8 window=9 degree=8 on strictly increasing r
1.2615452846533337,0.7926786395740006,0.25,1.0,1.0,0.0,0.0,0.0,0.0,0.0,0.0,0.0,d/dr at r = r_over_rs = 1/u (r_s = 1); u-column data consumed via d/dr = -u^2 d/du; stencils jet9d8 window=9 degree=8 on strictly increasing r
1.2606646057359874,0.7932323914307017,0.25,1.0,1.0,0.0,0.0,0.0,0.0,0.0,0.0,0.0,d/dr at r = r_over_rs = 1/u (r_s = 1); u-column data consumed via d/dr = -u^2 d/du; stencils jet9d8 window=9 degree=8 on strictly increasing r
1.2597851555566075,0.7937861432874026,0.25,1.0,1.0,0.0,0.0,0.0,0.0,0.0,0.0,0.0,d/dr at r = r_over_rs = 1/u (r_s = 1); u-column data consumed via d/dr = -u^2 d/du; stencils jet9d8 window=9 degree=8 on strictly increasing r
1.2589069315454526,0.7943398951441035,0.25,1.0,1.0,0.0,0.0,0.0,0.0,0.0,0.0,0.0,d/dr at r = r_over_rs = 1/u (r_s = 1); u-column data consumed via d/dr = -u^2 d/du; stencils jet9d8 window=9 degree=8 on strictly increasing r
1.258029931139943,0.7948936470008043,0.25,1.0,1.0,0.0,0.0,0.0,0.0,0.0,0.0,0.0,d/dr at r = r_over_rs = 1/u (r_s = 1); u-column data consumed via d/dr = -u^2 d/du; stencils jet9d8 window=9 degree=8 on strictly increasing r
1.2571541517846336,0.7954473988575052,0.25,1.0,1.0,0.0,0.0,0.0,0.0,0.0,0.0,0.0,d/dr at r = r_over_rs = 1/u (r_s = 1); u-column data consumed via d/dr = -u^2 d/du; stencils jet9d8 window=9 degree=8 on strictly increasing r
1.2562795909311908,0.7960011507142061,0.25,1.0,1.0,0.0,0.0,0.0,0.0,0.0,0.0,0.0,d/dr at r = r_over_rs = 1/u (r_s = 1); u-column data consumed via d/dr = -u^2 d/du; stencils jet9d8 window=9 degree=8 on strictly increasing r
1.2554062460383677,0.7965549025709069,0.25,1.0,1.0,0.0,0.0,0.0,0.0,0.0,0.0,0.0,d/dr at r = r_over_rs = 1/u (r_s = 1); u-column data consumed via d/dr = -u^2 d/du; stencils jet9d8 window=9 degree=8 on strictly increasing r
1.2545341145719784,0.7971086544276078,0.25,1.0,1.0,0.0,0.0,0.0,0.0,0.0,0.0,0.0,d/dr at r = r_over_rs = 1/u (r_s = 1); u-column data consumed via d/dr = -u^2 d/du; stencils jet9d8 window=9 degree=8 on strictly increasing r
1.253663194004874,0.7976624062843088,0.25,1.0,1.0,0.0,0.0,0.0,0.0,0.0,0.0,0.0,d/dr at r = r_over_rs = 1/u (r_s = 1); u-column data consumed via d/dr = -u^2 d/du; stencils jet9d8 window=9 degree=8 on strictly increasing r
1.2527934818169195,0.7982161581410094,0.25,1.0,1.0,0.0,0.0,0.0,0.0,0.0,0.0,0.0,d/dr at r = r_over_rs = 1/u (r_s = 1); u-column data consumed via d/dr = -u^2 d/du; stencils jet9d8 window=9 degree=8 on strictly increasing r
1.2519249754949664,0.7987699099977104,0.25,1.0,1.0,0.0,0.0,0.0,0.0,0.0,0.0,0.0,d/dr at r = r_over_rs = 1/u (r_s = 1); u-column data consumed via d/dr = -u^2 d/du; stencils jet9d8 window=9 degree=8 on strictly increasing r
1.251057672532832,0.7993236618544112,0.25,1.0,1.0,0.0,0.0,0.0,0.0,0.0,0.0,0.0,d/dr at r = r_over_rs = 1/u (r_s = 1); u-column data consumed via d/dr = -u^2 d/du; stencils jet9d8 window=9 degree=8 on strictly increasing r
1.2501915704312727,0.7998774137111121,0.25,1.0,1.0,0.0,0.0,0.0,0.0,0.0,0.0,0.0,d/dr at r = r_over_rs = 1/u (r_s = 1); u-column data consumed via d/dr = -u^2 d/du; stencils jet9d8 window=9 degree=8 on strictly increasing r
1.2493266666979617,0.8004311655678129,0.25,1.0,1.0,0.0,0.0,0.0,0.0,0.0,0.0,0.0,d/dr at r = r_over_rs = 1/u (r_s = 1); u-column data consumed via d/dr = -u^2 d/du; stencils jet9d8 window=9 degree=8 on strictly increasing r
1.248462958847464,0.8009849174245137,0.25,1.0,1.0,0.0,0.0,0.0,0.0,0.0,0.0,0.0,d/dr at r = r_over_rs = 1/u (r_s = 1); u-column data consumed via d/dr = -u^2 d/du; stencils jet9d8 window=9 degree=8 on strictly increasing r
1.2476004444012123,0.8015386692812149,0.25,1.0,1.0,0.0,0.0,0.0,0.0,0.0,0.0,0.0,d/dr at r = r_over_rs = 1/u (r_s = 1); u-column data consumed via d/dr = -u^2 d/du; stencils jet9d8 window=9 degree=8 on strictly increasing r
1.246739120887486,0.8020924211379155,0.25,1.0,1.0,0.0,0.0,0.0,0.0,0.0,0.0,0.0,d/dr at r = r_over_rs = 1/u (r_s = 1); u-column data consumed via d/dr = -u^2 d/du; stencils jet9d8 window=9 degree=8 on strictly increasing r
1.2458789858413832,0.8026461729946163,0.25,1.0,1.0,0.0,0.0,0.0,0.0,0.0,0.0,0.0,d/dr at r = r_over_rs = 1/u (r_s = 1); u-column data consumed via d/dr = -u^2 d/du; stencils jet9d8 window=9 degree=8 on strictly increasing r
1.2450200368048006,0.8031999248513172,0.25,1.0,1.0,0.0,0.0,0.0,0.0,0.0,0.0,0.0,d/dr at r = r_over_rs = 1/u (r_s = 1); u-column data consumed via d/dr = -u^2 d/du; stencils jet9d8 window=9 degree=8 on strictly increasing r
1.244162271326409,0.803753676708018,0.25,1.0,1.0,0.0,0.0,0.0,0.0,0.0,0.0,0.0,d/dr at r = r_over_rs = 1/u (r_s = 1); u-column data consumed via d/dr = -u^2 d/du; stencils jet9d8 window=9 degree=8 on strictly increasing r
1.24330568696163,0.8043074285647189,0.25,1.0,1.0,0.0,0.0,0.0,0.0,0.0,0.0,0.0,d/dr at r = r_over_rs = 1/u (r_s = 1); u-column data consumed via d/dr = -u^2 d/du; stencils jet9d8 window=9 degree=8 on strictly increasing r
1.2424502812726126,0.8048611804214197,0.25,1.0,1.0,0.0,0.0,0.0,0.0,0.0,0.0,0.0,d/dr at r = r_over_rs = 1/u (r_s = 1); u-column data consumed via d/dr = -u^2 d/du; stencils jet9d8 window=9 degree=8 on strictly increasing r
1.2415960518282103,0.8054149322781207,0.25,1.0,1.0,0.0,0.0,0.0,0.0,0.0,0.0,0.0,d/dr at r = r_over_rs = 1/u (r_s = 1); u-column data consumed via d/dr = -u^2 d/du; stencils jet9d8 window=9 degree=8 on strictly increasing r
1.2407429962039582,0.8059686841348215,0.25,1.0,1.0,0.0,0.0,0.0,0.0,0.0,0.0,0.0,d/dr at r = r_over_rs = 1/u (r_s = 1); u-column data consumed via d/dr = -u^2 d/du; stencils jet9d8 window=9 degree=8 on strictly increasing r
1.2398911119820497,0.8065224359915222,0.25,1.0,1.0,0.0,0.0,0.0,0.0,0.0,0.0,0.0,d/dr at r = r_over_rs = 1/u (r_s = 1); u-column data consumed via d/dr = -u^2 d/du; stencils jet9d8 window=9 degree=8 on strictly increasing r
1.2390403967513135,0.8070761878482231,0.25,1.0,1.0,0.0,0.0,0.0,0.0,0.0,0.0,0.0,d/dr at r = r_over_rs = 1/u (r_s = 1); u-column data consumed via d/dr = -u^2 d/du; stencils jet9d8 window=9 degree=8 on strictly increasing r
1.2381908481071917,0.807629939704924,0.25,1.0,1.0,0.0,0.0,0.0,0.0,0.0,0.0,0.0,d/dr at r = r_over_rs = 1/u (r_s = 1); u-column data consumed via d/dr = -u^2 d/du; stencils jet9d8 window=9 degree=8 on strictly increasing r
1.2373424636517167,0.8081836915616248,0.25,1.0,1.0,0.0,0.0,0.0,0.0,0.0,0.0,0.0,d/dr at r = r_over_rs = 1/u (r_s = 1); u-column data consumed via d/dr = -u^2 d/du; stencils jet9d8 window=9 degree=8 on strictly increasing r
1.236495240993488,0.8087374434183258,0.25,1.0,1.0,0.0,0.0,0.0,0.0,0.0,0.0,0.0,d/dr at r = r_over_rs = 1/u (r_s = 1); u-column data consumed via d/dr = -u^2 d/du; stencils jet9d8 window=9 degree=8 on strictly increasing r
1.2356491777476506,0.8092911952750267,0.25,1.0,1.0,0.0,0.0,0.0,0.0,0.0,0.0,0.0,d/dr at r = r_over_rs = 1/u (r_s = 1); u-column data consumed via d/dr = -u^2 d/du; stencils jet9d8 window=9 degree=8 on strictly increasing r
1.234804271535873,0.8098449471317273,0.25,1.0,1.0,0.0,0.0,0.0,0.0,0.0,0.0,0.0,d/dr at r = r_over_rs = 1/u (r_s = 1); u-column data consumed via d/dr = -u^2 d/du; stencils jet9d8 window=9 degree=8 on strictly increasing r
1.2339605199863222,0.8103986989884283,0.25,1.0,1.0,0.0,0.0,0.0,0.0,0.0,0.0,0.0,d/dr at r = r_over_rs = 1/u (r_s = 1); u-column data consumed via d/dr = -u^2 d/du; stencils jet9d8 window=9 degree=8 on strictly increasing r
1.2331179207336462,0.810952450845129,0.25,1.0,1.0,0.0,0.0,0.0,0.0,0.0,0.0,0.0,d/dr at r = r_over_rs = 1/u (r_s = 1); u-column data consumed via d/dr = -u^2 d/du; stencils jet9d8 window=9 degree=8 on strictly increasing r
1.2322764714189471,0.81150620270183,0.25,1.0,1.0,0.0,0.0,0.0,0.0,0.0,0.0,0.0,d/dr at r = r_over_rs = 1/u (r_s = 1); u-column data consumed via d/dr = -u^2 d/du; stencils jet9d8 window=9 degree=8 on strictly increasing r
1.2314361696897629,0.8120599545585307,0.25,1.0,1.0,0.0,0.0,0.0,0.0,0.0,0.0,0.0,d/dr at r = r_over_rs = 1/u (r_s = 1); u-column data consumed via d/dr = -u^2 d/du; stencils jet9d8 window=9 degree=8 on strictly increasing r
1.230597013200042,0.8126137064152318,0.25,1.0,1.0,0.0,0.0,0.0,0.0,0.0,0.0,0.0,d/dr at r = r_over_rs = 1/u (r_s = 1); u-column data consumed via d/dr = -u^2 d/du; stencils jet9d8 window=9 degree=8 on strictly increasing r
1.229758999610125,0.8131674582719327,0.25,1.0,1.0,0.0,0.0,0.0,0.0,0.0,0.0,0.0,d/dr at r = r_over_rs = 1/u (r_s = 1); u-column data consumed via d/dr = -u^2 d/du; stencils jet9d8 window=9 degree=8 on strictly increasing r
1.2289221265867207,0.8137212101286334,0.25,1.0,1.0,0.0,0.0,0.0,0.0,0.0,0.0,0.0,d/dr at r = r_over_rs = 1/u (r_s = 1); u-column data consumed via d/dr = -u^2 d/du; stencils jet9d8 window=9 degree=8 on strictly increasing r
1.2280863918028844,0.8142749619853342,0.25,1.0,1.0,0.0,0.0,0.0,0.0,0.0,0.0,0.0,d/dr at r = r_over_rs = 1/u (r_s = 1); u-column data consumed via d/dr = -u^2 d/du; stencils jet9d8 window=9 degree=8 on strictly increasing r
1.2272517929379974,0.8148287138420351,0.25,1.0,1.0,0.0,0.0,0.0,0.0,0.0,0.0,0.0,d/dr at r = r_over_rs = 1/u (r_s = 1); u-column data consumed via d/dr = -u^2 d/du; stencils jet9d8 window=9 degree=8 on strictly increasing r
1.226418327677745,0.815382465698736,0.25,1.0,1.0,0.0,0.0,0.0,0.0,0.0,0.0,0.0,d/dr at r = r_over_rs = 1/u (r_s = 1); u-column data consumed via d/dr = -u^2 d/du; stencils jet9d8 window=9 degree=8 on strictly increasing r
1.225585993714095,0.8159362175554369,0.25,1.0,1.0,0.0,0.0,0.0,0.0,0.0,0.0,0.0,d/dr at r = r_over_rs = 1/u (r_s = 1); u-column data consumed via d/dr = -u^2 d/du; stencils jet9d8 window=9 degree=8 on strictly increasing r
1.2247547887452763,0.8164899694121378,0.25,1.0,1.0,0.0,0.0,0.0,0.0,0.0,0.0,0.0,d/dr at r = r_over_rs = 1/u (r_s = 1); u-column data consumed via d/dr = -u^2 d/du; stencils jet9d8 window=9 degree=8 on strictly increasing r
1.2239247104757591,0.8170437212688385,0.25,1.0,1.0,0.0,0.0,0.0,0.0,0.0,0.0,0.0,d/dr at r = r_over_rs = 1/u (r_s = 1); u-column data consumed via d/dr = -u^2 d/du; stencils jet9d8 window=9 degree=8 on strictly increasing r
1.2230957566162306,0.8175974731255395,0.25,1.0,1.0,0.0,0.0,0.0,0.0,0.0,0.0,0.0,d/dr at r = r_over_rs = 1/u (r_s = 1); u-column data consumed via d/dr = -u^2 d/du; stencils jet9d8 window=9 degree=8 on strictly increasing r
1.2222679248835775,0.8181512249822405,0.25,1.0,1.0,0.0,0.0,0.0,0.0,0.0,0.0,0.0,d/dr at r = r_over_rs = 1/u (r_s = 1); u-column data consumed via d/dr = -u^2 d/du; stencils jet9d8 window=9 degree=8 on strictly increasing r
1.2214412130008634,0.8187049768389412,0.25,1.0,1.0,0.0,0.0,0.0,0.0,0.0,0.0,0.0,d/dr at r = r_over_rs = 1/u (r_s = 1); u-column data consumed via d/dr = -u^2 d/du; stencils jet9d8 window=9 degree=8 on strictly increasing r
1.2206156186973067,0.819258728695642,0.25,1.0,1.0,0.0,0.0,0.0,0.0,0.0,0.0,0.0,d/dr at r = r_over_rs = 1/u (r_s = 1); u-column data consumed via d/dr = -u^2 d/du; stencils jet9d8 window=9 degree=8 on strictly increasing r
1.2197911397082626,0.8198124805523427,0.25,1.0,1.0,0.0,0.0,0.0,0.0,0.0,0.0,0.0,d/dr at r = r_over_rs = 1/u (r_s = 1); u-column data consumed via d/dr = -u^2 d/du; stencils jet9d8 window=9 degree=8 on strictly increasing r
1.2189677737751996,0.8203662324090437,0.25,1.0,1.0,0.0,0.0,0.0,0.0,0.0,0.0,0.0,d/dr at r = r_over_rs = 1/u (r_s = 1); u-column data consumed via d/dr = -u^2 d/du; stencils jet9d8 window=9 degree=8 on strictly increasing r
1.218145518645681,0.8209199842657448,0.25,1.0,1.0,0.0,0.0,0.0,0.0,0.0,0.0,0.0,d/dr at r = r_over_rs = 1/u (r_s = 1); u-column data consumed via d/dr = -u^2 d/du; stencils jet9d8 window=9 degree=8 on strictly increasing r
1.2173243720733442,0.8214737361224455,0.25,1.0,1.0,0.0,0.0,0.0,0.0,0.0,0.0,0.0,d/dr at r = r_over_rs = 1/u (r_s = 1); u-column data consumed via d/dr = -u^2 d/du; stencils jet9d8 window=9 degree=8 on strictly increasing r
1.216504331817878,0.8220274879791462,0.25,1.0,1.0,0.0,0.0,0.0,0.0,0.0,0.0,0.0,d/dr at r = r_over_rs = 1/u (r_s = 1); u-column data consumed via d/dr = -u^2 d/du; stencils jet9d8 window=9 degree=8 on strictly increasing r
1.2156853956450044,0.8225812398358471,0.25,1.0,1.0,0.0,0.0,0.0,0.0,0.0,0.0,0.0,d/dr at r = r_over_rs = 1/u (r_s = 1); u-column data consumed via d/dr = -u^2 d/du; stencils jet9d8 window=9 degree=8 on strictly increasing r
1.214867561326458,0.823134991692548,0.25,1.0,1.0,0.0,0.0,0.0,0.0,0.0,0.0,0.0,d/dr at r = r_over_rs = 1/u (r_s = 1); u-column data consumed via d/dr = -u^2 d/du; stencils jet9d8 window=9 degree=8 on strictly increasing r
1.2140508266399654,0.8236887435492488,0.25,1.0,1.0,0.0,0.0,0.0,0.0,0.0,0.0,0.0,d/dr at r = r_over_rs = 1/u (r_s = 1); u-column data consumed via d/dr = -u^2 d/du; stencils jet9d8 window=9 degree=8 on strictly increasing r
1.2132351893692253,0.8242424954059495,0.25,1.0,1.0,0.0,0.0,0.0,0.0,0.0,0.0,0.0,d/dr at r = r_over_rs = 1/u (r_s = 1); u-column data consumed via d/dr = -u^2 d/du; stencils jet9d8 window=9 degree=8 on strictly increasing r
1.2124206473038874,0.8247962472626506,0.25,1.0,1.0,0.0,0.0,0.0,0.0,0.0,0.0,0.0,d/dr at r = r_over_rs = 1/u (r_s = 1); u-column data consumed via d/dr = -u^2 d/du; stencils jet9d8 window=9 degree=8 on strictly increasing r
1.211607198239535,0.8253499991193513,0.25,1.0,1.0,0.0,0.0,0.0,0.0,0.0,0.0,0.0,d/dr at r = r_over_rs = 1/u (r_s = 1); u-column data consumed via d/dr = -u^2 d/du; stencils jet9d8 window=9 degree=8 on strictly increasing r
1.210794839977662,0.8259037509760523,0.25,1.0,1.0,0.0,0.0,0.0,0.0,0.0,0.0,0.0,d/dr at r = r_over_rs = 1/u (r_s = 1); u-column data consumed via d/dr = -u^2 d/du; stencils jet9d8 window=9 degree=8 on strictly increasing r
1.2099835703256554,0.8264575028327531,0.25,1.0,1.0,0.0,0.0,0.0,0.0,0.0,0.0,0.0,d/dr at r = r_over_rs = 1/u (r_s = 1); u-column data consumed via d/dr = -u^2 d/du; stencils jet9d8 window=9 degree=8 on strictly increasing r
1.2091733870967742,0.8270112546894539,0.25,1.0,1.0,0.0,0.0,0.0,0.0,0.0,0.0,0.0,d/dr at r = r_over_rs = 1/u (r_s = 1); u-column data consumed via d/dr = -u^2 d/du; stencils jet9d8 window=9 degree=8 on strictly increasing r
1.2083642881101306,0.8275650065461548,0.25,1.0,1.0,0.0,0.0,0.0,0.0,0.0,0.0,0.0,d/dr at r = r_over_rs = 1/u (r_s = 1); u-column data consumed via d/dr = -u^2 d/du; stencils jet9d8 window=9 degree=8 on strictly increasing r
1.2075562711906704,0.8281187584028556,0.25,1.0,1.0,0.0,0.0,0.0,0.0,0.0,0.0,0.0,d/dr at r = r_over_rs = 1/u (r_s = 1); u-column data consumed via d/dr = -u^2 d/du; stencils jet9d8 window=9 degree=8 on strictly increasing r
1.2067493341691524,0.8286725102595566,0.25,1.0,1.0,0.0,0.0,0.0,0.0,0.0,0.0,0.0,d/dr at r = r_over_rs = 1/u (r_s = 1); u-column data consumed via d/dr = -u^2 d/du; stencils jet9d8 window=9 degree=8 on strictly increasing r
1.2059434748821307,0.8292262621162574,0.25,1.0,1.0,0.0,0.0,0.0,0.0,0.0,0.0,0.0,d/dr at r = r_over_rs = 1/u (r_s = 1); u-column data consumed via d/dr = -u^2 d/du; stencils jet9d8 window=9 degree=8 on strictly increasing r
1.2051386911719342,0.8297800139729581,0.25,1.0,1.0,0.0,0.0,0.0,0.0,0.0,0.0,0.0,d/dr at r = r_over_rs = 1/u (r_s = 1); u-column data consumed via d/dr = -u^2 d/du; stencils jet9d8 window=9 degree=8 on strictly increasing r
1.2043349808866468,0.8303337658296591,0.25,1.0,1.0,0.0,0.0,0.0,0.0,0.0,0.0,0.0,d/dr at r = r_over_rs = 1/u (r_s = 1); u-column data consumed via d/dr = -u^2 d/du; stencils jet9d8 window=9 degree=8 on strictly increasing r
1.2035323418800907,0.8308875176863598,0.25,1.0,1.0,0.0,0.0,0.0,0.0,0.0,0.0,0.0,d/dr at r = r_over_rs = 1/u (r_s = 1); u-column data consumed via d/dr = -u^2 d/du; stencils jet9d8 window=9 degree=8 on strictly increasing r
1.202730772011804,0.831441269543061,0.25,1.0,1.0,0.0,0.0,0.0,0.0,0.0,0.0,0.0,d/dr at r = r_over_rs = 1/u (r_s = 1); u-column data consumed via d/dr = -u^2 d/du; stencils jet9d8 window=9 degree=8 on strictly increasing r
1.2019302691470246,0.8319950213997617,0.25,1.0,1.0,0.0,0.0,0.0,0.0,0.0,0.0,0.0,d/dr at r = r_over_rs = 1/u (r_s = 1); u-column data consumed via d/dr = -u^2 d/du; stencils jet9d8 window=9 degree=8 on strictly increasing r
1.201130831156669,0.8325487732564625,0.25,1.0,1.0,0.0,0.0,0.0,0.0,0.0,0.0,0.0,d/dr at r = r_over_rs = 1/u (r_s = 1); u-column data consumed via d/dr = -u^2 d/du; stencils jet9d8 window=9 degree=8 on strictly increasing r
1.200332455917315,0.8331025251131634,0.25,1.0,1.0,0.0,0.0,0.0,0.0,0.0,0.0,0.0,d/dr at r = r_over_rs = 1/u (r_s = 1); u-column data consumed via d/dr = -u^2 d/du; stencils jet9d8 window=9 degree=8 on strictly increasing r
1.199535141311182,0.8336562769698642,0.25,1.0,1.0,0.0,0.0,0.0,0.0,0.0,0.0,0.0,d/dr at r = r_over_rs = 1/u (r_s = 1); u-column data consumed via d/dr = -u^2 d/du; stencils jet9d8 window=9 degree=8 on strictly increasing r
1.1987388852261127,0.8342100288265651,0.25,1.0,1.0,0.0,0.0,0.0,0.0,0.0,0.0,0.0,d/dr at r = r_over_rs = 1/u (r_s = 1); u-column data consumed via d/dr = -u^2 d/du; stencils jet9d8 window=9 degree=8 on strictly increasing r
1.1979436855555543,0.834763780683266,0.25,1.0,1.0,0.0,0.0,0.0,0.0,0.0,0.0,0.0,d/dr at r = r_over_rs = 1/u (r_s = 1); u-column data consumed via d/dr = -u^2 d/du; stencils jet9d8 window=9 degree=8 on strictly increasing r
1.1971495401985397,0.8353175325399668,0.25,1.0,1.0,0.0,0.0,0.0,0.0,0.0,0.0,0.0,d/dr at r = r_over_rs = 1/u (r_s = 1); u-column data consumed via d/dr = -u^2 d/du; stencils jet9d8 window=9 degree=8 on strictly increasing r
1.1963564470596697,0.8358712843966676,0.25,1.0,1.0,0.0,0.0,0.0,0.0,0.0,0.0,0.0,d/dr at r = r_over_rs = 1/u (r_s = 1); u-column data consumed via d/dr = -u^2 d/du; stencils jet9d8 window=9 degree=8 on strictly increasing r
1.1955644040490936,0.8364250362533685,0.25,1.0,1.0,0.0,0.0,0.0,0.0,0.0,0.0,0.0,d/dr at r = r_over_rs = 1/u (r_s = 1); u-column data consumed via d/dr = -u^2 d/du; stencils jet9d8 window=9 degree=8 on strictly increasing r
1.1947734090824915,0.8369787881100694,0.25,1.0,1.0,0.0,0.0,0.0,0.0,0.0,0.0,0.0,d/dr at r = r_over_rs = 1/u (r_s = 1); u-column data consumed via d/dr = -u^2 d/du; stencils jet9d8 window=9 degree=8 on strictly increasing r
1.1939834600810564,0.8375325399667702,0.25,1.0,1.0,0.0,0.0,0.0,0.0,0.0,0.0,0.0,d/dr at r = r_over_rs = 1/u (r_s = 1); u-column data consumed via d/dr = -u^2 d/du; stencils jet9d8 window=9 degree=8 on strictly increasing r
1.1931945549714746,0.838086291823471,0.25,1.0,1.0,0.0,0.0,0.0,0.0,0.0,0.0,0.0,d/dr at r = r_over_rs = 1/u (r_s = 1); u-column data consumed via d/dr = -u^2 d/du; stencils jet9d8 window=9 degree=8 on strictly increasing r
1.192406691685909,0.8386400436801719,0.25,1.0,1.0,0.0,0.0,0.0,0.0,0.0,0.0,0.0,d/dr at r = r_over_rs = 1/u (r_s = 1); u-column data consumed via d/dr = -u^2 d/du; stencils jet9d8 window=9 degree=8 on strictly increasing r
1.19161986816198,0.8391937955368728,0.25,1.0,1.0,0.0,0.0,0.0,0.0,0.0,0.0,0.0,d/dr at r = r_over_rs = 1/u (r_s = 1); u-column data consumed via d/dr = -u^2 d/du; stencils jet9d8 window=9 degree=8 on strictly increasing r
1.1908340823427486,0.8397475473935736,0.25,1.0,1.0,0.0,0.0,0.0,0.0,0.0,0.0,0.0,d/dr at r = r_over_rs = 1/u (r_s = 1); u-column data consumed via d/dr = -u^2 d/du; stencils jet9d8 window=9 degree=8 on strictly increasing r
1.190049332176697,0.8403012992502745,0.25,1.0,1.0,0.0,0.0,0.0,0.0,0.0,0.0,0.0,d/dr at r = r_over_rs = 1/u (r_s = 1); u-column data consumed via d/dr = -u^2 d/du; stencils jet9d8 window=9 degree=8 on strictly increasing r
1.1892656156177124,0.8408550511069753,0.25,1.0,1.0,0.0,0.0,0.0,0.0,0.0,0.0,0.0,d/dr at r = r_over_rs = 1/u (r_s = 1); u-column data consumed via d/dr = -u^2 d/du; stencils jet9d8 window=9 degree=8 on strictly increasing r
1.1884829306250675,0.8414088029636763,0.25,1.0,1.0,0.0,0.0,0.0,0.0,0.0,0.0,0.0,d/dr at r = r_over_rs = 1/u (r_s = 1); u-column data consumed via d/dr = -u^2 d/du; stencils jet9d8 window=9 degree=8 on strictly increasing r
1.1877012751634048,0.8419625548203771,0.25,1.0,1.0,0.0,0.0,0.0,0.0,0.0,0.0,0.0,d/dr at r = r_over_rs = 1/u (r_s = 1); u-column data consumed via d/dr = -u^2 d/du; stencils jet9d8 window=9 degree=8 on strictly increasing r
1.186920647202717,0.8425163066770779,0.25,1.0,1.0,0.0,0.0,0.0,0.0,0.0,0.0,0.0,d/dr at r = r_over_rs = 1/u (r_s = 1); u-column data consumed via d/dr = -u^2 d/du; stencils jet9d8 window=9 degree=8 on strictly increasing r
1.18614104471833,0.8430700585337788,0.25,1.0,1.0,0.0,0.0,0.0,0.0,0.0,0.0,0.0,d/dr at r = r_over_rs = 1/u (r_s = 1); u-column data consumed via d/dr = -u^2 d/du; stencils jet9d8 window=9 degree=8 on strictly increasing r
1.1853624656908868,0.8436238103904795,0.25,1.0,1.0,0.0,0.0,0.0,0.0,0.0,0.0,0.0,d/dr at r = r_over_rs = 1/u (r_s = 1); u-column data consumed via d/dr = -u^2 d/du; stencils jet9d8 window=9 degree=8 on strictly increasing r
1.1845849081063278,0.8441775622471804,0.25,1.0,1.0,0.0,0.0,0.0,0.0,0.0,0.0,0.0,d/dr at r = r_over_rs = 1/u (r_s = 1); u-column data consumed via d/dr = -u^2 d/du; stencils jet9d8 window=9 degree=8 on strictly increasing r
1.183808369955875,0.8447313141038814,0.25,1.0,1.0,0.0,0.0,0.0,0.0,0.0,0.0,0.0,d/dr at r = r_over_rs = 1/u (r_s = 1); u-column data consumed via d/dr = -u^2 d/du; stencils jet9d8 window=9 degree=8 on strictly increasing r
1.1830328492360145,0.8452850659605822,0.25,1.0,1.0,0.0,0.0,0.0,0.0,0.0,0.0,0.0,d/dr at r = r_over_rs = 1/u (r_s = 1); u-column data consumed via d/dr = -u^2 d/du; stencils jet9d8 window=9 degree=8 on strictly increasing r
1.1822583439484788,0.8458388178172829,0.25,1.0,1.0,0.0,0.0,0.0,0.0,0.0,0.0,0.0,d/dr at r = r_over_rs = 1/u (r_s = 1); u-column data consumed via d/dr = -u^2 d/du; stencils jet9d8 window=9 degree=8 on strictly increasing r
1.1814848521002297,0.8463925696739837,0.25,1.0,1.0,0.0,0.0,0.0,0.0,0.0,0.0,0.0,d/dr at r = r_over_rs = 1/u (r_s = 1); u-column data consumed via d/dr = -u^2 d/du; stencils jet9d8 window=9 degree=8 on strictly increasing r
1.1807123717034411,0.8469463215306847,0.25,1.0,1.0,0.0,0.0,0.0,0.0,0.0,0.0,0.0,d/dr at r = r_over_rs = 1/u (r_s = 1); u-column data consumed via d/dr = -u^2 d/du; stencils jet9d8 window=9 degree=8 on strictly increasing r
1.1799409007754833,0.8475000733873856,0.25,1.0,1.0,0.0,0.0,0.0,0.0,0.0,0.0,0.0,d/dr at r = r_over_rs = 1/u (r_s = 1); u-column data consumed via d/dr = -u^2 d/du; stencils jet9d8 window=9 degree=8 on strictly increasing r
1.179170437338904,0.8480538252440866,0.25,1.0,1.0,0.0,0.0,0.0,0.0,0.0,0.0,0.0,d/dr at r = r_over_rs = 1/u (r_s = 1); u-column data consumed via d/dr = -u^2 d/du; stencils jet9d8 window=9 degree=8 on strictly increasing r
1.178400979421413,0.8486075771007873,0.25,1.0,1.0,0.0,0.0,0.0,0.0,0.0,0.0,0.0,d/dr at r = r_over_rs = 1/u (r_s = 1); u-column data consumed via d/dr = -u^2 d/du; stencils jet9d8 window=9 degree=8 on strictly increasing r
1.177632525055864,0.8491613289574883,0.25,1.0,1.0,0.0,0.0,0.0,0.0,0.0,0.0,0.0,d/dr at r = r_over_rs = 1/u (r_s = 1); u-column data consumed via d/dr = -u^2 d/du; stencils jet9d8 window=9 degree=8 on strictly increasing r
1.1768650722802394,0.849715080814189,0.25,1.0,1.0,0.0,0.0,0.0,0.0,0.0,0.0,0.0,d/dr at r = r_over_rs = 1/u (r_s = 1); u-column data consumed via d/dr = -u^2 d/du; stencils jet9d8 window=9 degree=8 on strictly increasing r
1.176098619137632,0.85026883267089,0.25,1.0,1.0,0.0,0.0,0.0,0.0,0.0,0.0,0.0,d/dr at r = r_over_rs = 1/u (r_s = 1); u-column data consumed via d/dr = -u^2 d/du; stencils jet9d8 window=9 degree=8 on strictly increasing r
1.17533316367623,0.8508225845275909,0.25,1.0,1.0,0.0,0.0,0.0,0.0,0.0,0.0,0.0,d/dr at r = r_over_rs = 1/u (r_s = 1); u-column data consumed via d/dr = -u^2 d/du; stencils jet9d8 window=9 degree=8 on strictly increasing r
1.1745687039492994,0.8513763363842916,0.25,1.0,1.0,0.0,0.0,0.0,0.0,0.0,0.0,0.0,d/dr at r = r_over_rs = 1/u (r_s = 1); u-column data consumed via d/dr = -u^2 d/du; stencils jet9d8 window=9 degree=8 on strictly increasing r
1.1738052380151665,0.8519300882409926,0.25,1.0,1.0,0.0,0.0,0.0,0.0,0.0,0.0,0.0,d/dr at r = r_over_rs = 1/u (r_s = 1); u-column data consumed via d/dr = -u^2 d/du; stencils jet9d8 window=9 degree=8 on strictly increasing r
1.1730427639372043,0.8524838400976934,0.25,1.0,1.0,0.0,0.0,0.0,0.0,0.0,0.0,0.0,d/dr at r = r_over_rs = 1/u (r_s = 1); u-column data consumed via d/dr = -u^2 d/du; stencils jet9d8 window=9 degree=8 on strictly increasing r
1.172281279783814,0.8530375919543941,0.25,1.0,1.0,0.0,0.0,0.0,0.0,0.0,0.0,0.0,d/dr at r = r_over_rs = 1/u (r_s = 1); u-column data consumed via d/dr = -u^2 d/du; stencils jet9d8 window=9 degree=8 on strictly increasing r
1.171520783628408,0.8535913438110951,0.25,1.0,1.0,0.0,0.0,0.0,0.0,0.0,0.0,0.0,d/dr at r = r_over_rs = 1/u (r_s = 1); u-column data consumed via d/dr = -u^2 d/du; stencils jet9d8 window=9 degree=8 on strictly increasing r
1.1707612735493969,0.8541450956677957,0.25,1.0,1.0,0.0,0.0,0.0,0.0,0.0,0.0,0.0,d/dr at r = r_over_rs = 1/u (r_s = 1); u-column data consumed via d/dr = -u^2 d/du; stencils jet9d8 window=9 degree=8 on strictly increasing r
1.1700027476301689,0.8546988475244968,0.25,1.0,1.0,0.0,0.0,0.0,0.0,0.0,0.0,0.0,d/dr at r = r_over_rs = 1/u (r_s = 1); u-column data consumed via d/dr = -u^2 d/du; stencils jet9d8 window=9 degree=8 on strictly increasing r
1.169245203959078,0.8552525993811977,0.25,1.0,1.0,0.0,0.0,0.0,0.0,0.0,0.0,0.0,d/dr at r = r_over_rs = 1/u (r_s = 1); u-column data consumed via d/dr = -u^2 d/du; stencils jet9d8 window=9 degree=8 on strictly increasing r
1.1684886406294248,0.8558063512378984,0.25,1.0,1.0,0.0,0.0,0.0,0.0,0.0,0.0,0.0,d/dr at r = r_over_rs = 1/u (r_s = 1); u-column data consumed via d/dr = -u^2 d/du; stencils jet9d8 window=9 degree=8 on strictly increasing r
1.167733055739442,0.8563601030945992,0.25,1.0,1.0,0.0,0.0,0.0,0.0,0.0,0.0,0.0,d/dr at r = r_over_rs = 1/u (r_s = 1); u-column data consumed via d/dr = -u^2 d/du; stencils jet9d8 window=9 degree=8 on strictly increasing r
1.1669784473922782,0.8569138549513,0.25,1.0,1.0,0.0,0.0,0.0,0.0,0.0,0.0,0.0,d/dr at r = r_over_rs = 1/u (r_s = 1); u-column data consumed via d/dr = -u^2 d/du; stencils jet9d8 window=9 degree=8 on strictly increasing r
1.1662248136959814,0.857467606808001,0.25,1.0,1.0,0.0,0.0,0.0,0.0,0.0,0.0,0.0,d/dr at r = r_over_rs = 1/u (r_s = 1); u-column data consumed via d/dr = -u^2 d/du; stencils jet9d8 window=9 degree=8 on strictly increasing r
1.1654721527634846,0.8580213586647019,0.25,1.0,1.0,0.0,0.0,0.0,0.0,0.0,0.0,0.0,d/dr at r = r_over_rs = 1/u (r_s = 1); u-column data consumed via d/dr = -u^2 d/du; stencils jet9d8 window=9 degree=8 on strictly increasing r
1.1647204627125889,0.8585751105214025,0.25,1.0,1.0,0.0,0.0,0.0,0.0,0.0,0.0,0.0,d/dr at r = r_over_rs = 1/u (r_s = 1); u-column data consumed via d/dr = -u^2 d/du; stencils jet9d8 window=9 degree=8 on strictly increasing r
1.163969741665947,0.8591288623781035,0.25,1.0,1.0,0.0,0.0,0.0,0.0,0.0,0.0,0.0,d/dr at r = r_over_rs = 1/u (r_s = 1); u-column data consumed via d/dr = -u^2 d/du; stencils jet9d8 window=9 degree=8 on strictly increasing r
1.1632199877510505,0.8596826142348042,0.25,1.0,1.0,0.0,0.0,0.0,0.0,0.0,0.0,0.0,d/dr at r = r_over_rs = 1/u (r_s = 1); u-column data consumed via d/dr = -u^2 d/du; stencils jet9d8 window=9 degree=8 on strictly increasing r
1.1624711991002106,0.8602363660915054,0.25,1.0,1.0,0.0,0.0,0.0,0.0,0.0,0.0,0.0,d/dr at r = r_over_rs = 1/u (r_s = 1); u-column data consumed via d/dr = -u^2 d/du; stencils jet9d8 window=9 degree=8 on strictly increasing r
1.1617233738505466,0.8607901179482061,0.25,1.0,1.0,0.0,0.0,0.0,0.0,0.0,0.0,0.0,d/dr at r = r_over_rs = 1/u (r_s = 1); u-column data consumed via d/dr = -u^2 d/du; stencils jet9d8 window=9 degree=8 on strictly increasing r
1.1609765101439666,0.861343869804907,0.25,1.0,1.0,0.0,0.0,0.0,0.0,0.0,0.0,0.0,d/dr at r = r_over_rs = 1/u (r_s = 1); u-column data consumed via d/dr = -u^2 d/du; stencils jet9d8 window=9 degree=8 on strictly increasing r
1.1602306061271543,0.8618976216616079,0.25,1.0,1.0,0.0,0.0,0.0,0.0,0.0,0.0,0.0,d/dr at r = r_over_rs = 1/u (r_s = 1); u-column data consumed via d/dr = -u^2 d/du; stencils jet9d8 window=9 degree=8 on strictly increasing r
1.1594856599515535,0.8624513735183088,0.25,1.0,1.0,0.0,0.0,0.0,0.0,0.0,0.0,0.0,d/dr at r = r_over_rs = 1/u (r_s = 1); u-column data consumed via d/dr = -u^2 d/du; stencils jet9d8 window=9 degree=8 on strictly increasing r
1.1587416697733526,0.8630051253750095,0.25,1.0,1.0,0.0,0.0,0.0,0.0,0.0,0.0,0.0,d/dr at r = r_over_rs = 1/u (r_s = 1); u-column data consumed via d/dr = -u^2 d/du; stencils jet9d8 window=9 degree=8 on strictly increasing r
1.157998633753469,0.8635588772317102,0.25,1.0,1.0,0.0,0.0,0.0,0.0,0.0,0.0,0.0,d/dr at r = r_over_rs = 1/u (r_s = 1); u-column data consumed via d/dr = -u^2 d/du; stencils jet9d8 window=9 degree=8 on strictly increasing r
1.1572565500575336,0.8641126290884112,0.25,1.0,1.0,0.0,0.0,0.0,0.0,0.0,0.0,0.0,d/dr at r = r_over_rs = 1/u (r_s = 1); u-column data consumed via d/dr = -u^2 d/du; stencils jet9d8 window=9 degree=8 on strictly increasing r
1.1565154168558782,0.8646663809451122,0.25,1.0,1.0,0.0,0.0,0.0,0.0,0.0,0.0,0.0,d/dr at r = r_over_rs = 1/u (r_s = 1); u-column data consumed via d/dr = -u^2 d/du; stencils jet9d8 window=9 degree=8 on strictly increasing r
1.1557752323235175,0.8652201328018129,0.25,1.0,1.0,0.0,0.0,0.0,0.0,0.0,0.0,0.0,d/dr at r = r_over_rs = 1/u (r_s = 1); u-column data consumed via d/dr = -u^2 d/du; stencils jet9d8 window=9 degree=8 on strictly increasing r
1.155035994640135,0.8657738846585138,0.25,1.0,1.0,0.0,0.0,0.0,0.0,0.0,0.0,0.0,d/dr at r = r_over_rs = 1/u (r_s = 1); u-column data consumed via d/dr = -u^2 d/du; stencils jet9d8 window=9 degree=8 on strictly increasing r
1.1542977019900689,0.8663276365152147,0.25,1.0,1.0,0.0,0.0,0.0,0.0,0.0,0.0,0.0,d/dr at r = r_over_rs = 1/u (r_s = 1); u-column data consumed via d/dr = -u^2 d/du; stencils jet9d8 window=9 degree=8 on strictly increasing r
1.1535603525622966,0.8668813883719155,0.25,1.0,1.0,0.0,0.0,0.0,0.0,0.0,0.0,0.0,d/dr at r = r_over_rs = 1/u (r_s = 1); u-column data consumed via d/dr = -u^2 d/du; stencils jet9d8 window=9 degree=8 on strictly increasing r
1.1528239445504196,0.8674351402286165,0.25,1.0,1.0,0.0,0.0,0.0,0.0,0.0,0.0,0.0,d/dr at r = r_over_rs = 1/u (r_s = 1); u-column data consumed via d/dr = -u^2 d/du; stencils jet9d8 window=9 degree=8 on strictly increasing r
1.1520884761526498,0.8679888920853174,0.25,1.0,1.0,0.0,0.0,0.0,0.0,0.0,0.0,0.0,d/dr at r = r_over_rs = 1/u (r_s = 1); u-column data consumed via d/dr = -u^2 d/du; stencils jet9d8 window=9 degree=8 on strictly increasing r
1.1513539455717936,0.8685426439420181,0.25,1.0,1.0,0.0,0.0,0.0,0.0,0.0,0.0,0.0,d/dr at r = r_over_rs = 1/u (r_s = 1); u-column data consumed via d/dr = -u^2 d/du; stencils jet9d8 window=9 degree=8 on strictly increasing r
1.1506203510152375,0.8690963957987191,0.25,1.0,1.0,0.0,0.0,0.0,0.0,0.0,0.0,0.0,d/dr at r = r_over_rs = 1/u (r_s = 1); u-column data consumed via d/dr = -u^2 d/du; stencils jet9d8 window=9 degree=8 on strictly increasing r
1.1498876906949351,0.8696501476554198,0.25,1.0,1.0,0.0,0.0,0.0,0.0,0.0,0.0,0.0,d/dr at r = r_over_rs = 1/u (r_s = 1); u-column data consumed via d/dr = -u^2 d/du; stencils jet9d8 window=9 degree=8 on strictly increasing r
1.1491559628273895,0.8702038995121207,0.25,1.0,1.0,0.0,0.0,0.0,0.0,0.0,0.0,0.0,d/dr at r = r_over_rs = 1/u (r_s = 1); u-column data consumed via d/dr = -u^2 d/du; stencils jet9d8 window=9 degree=8 on strictly increasing r
1.148425165633642,0.8707576513688217,0.25,1.0,1.0,0.0,0.0,0.0,0.0,0.0,0.0,0.0,d/dr at r = r_over_rs = 1/u (r_s = 1); u-column data consumed via d/dr = -u^2 d/du; stencils jet9d8 window=9 degree=8 on strictly increasing r
1.1476952973392558,0.8713114032255223,0.25,1.0,1.0,0.0,0.0,0.0,0.0,0.0,0.0,0.0,d/dr at r = r_over_rs = 1/u (r_s = 1); u-column data consumed via d/dr = -u^2 d/du; stencils jet9d8 window=9 degree=8 on strictly increasing r
1.1469663561743015,0.8718651550822233,0.25,1.0,1.0,0.0,0.0,0.0,0.0,0.0,0.0,0.0,d/dr at r = r_over_rs = 1/u (r_s = 1); u-column data consumed via d/dr = -u^2 d/du; stencils jet9d8 window=9 degree=8 on strictly increasing r
1.146238340373345,0.8724189069389241,0.25,1.0,1.0,0.0,0.0,0.0,0.0,0.0,0.0,0.0,d/dr at r = r_over_rs = 1/u (r_s = 1); u-column data consumed via d/dr = -u^2 d/du; stencils jet9d8 window=9 degree=8 on strictly increasing r
1.14551124817543,0.8729726587956249,0.25,1.0,1.0,0.0,0.0,0.0,0.0,0.0,0.0,0.0,d/dr at r = r_over_rs = 1/u (r_s = 1); u-column data consumed via d/dr = -u^2 d/du; stencils jet9d8 window=9 degree=8 on strictly increasing r
1.1447850778240662,0.8735264106523257,0.25,1.0,1.0,0.0,0.0,0.0,0.0,0.0,0.0,0.0,d/dr at r = r_over_rs = 1/u (r_s = 1); u-column data consumed via d/dr = -u^2 d/du; stencils jet9d8 window=9 degree=8 on strictly increasing r
1.1440598275672147,0.8740801625090266,0.25,1.0,1.0,0.0,0.0,0.0,0.0,0.0,0.0,0.0,d/dr at r = r_over_rs = 1/u (r_s = 1); u-column data consumed via d/dr = -u^2 d/du; stencils jet9d8 window=9 degree=8 on strictly increasing r
1.143335495657273,0.8746339143657276,0.25,1.0,1.0,0.0,0.0,0.0,0.0,0.0,0.0,0.0,d/dr at r = r_over_rs = 1/u (r_s = 1); u-column data consumed via d/dr = -u^2 d/du; stencils jet9d8 window=9 degree=8 on strictly increasing r
1.1426120803510622,0.8751876662224284,0.25,1.0,1.0,0.0,0.0,0.0,0.0,0.0,0.0,0.0,d/dr at r = r_over_rs = 1/u (r_s = 1); u-column data consumed via d/dr = -u^2 d/du; stencils jet9d8 window=9 degree=8 on strictly increasing r
1.141889579909812,0.8757414180791292,0.25,1.0,1.0,0.0,0.0,0.0,0.0,0.0,0.0,0.0,d/dr at r = r_over_rs = 1/u (r_s = 1); u-column data consumed via d/dr = -u^2 d/du; stencils jet9d8 window=9 degree=8 on strictly increasing r
1.1411679925991474,0.8762951699358301,0.25,1.0,1.0,0.0,0.0,0.0,0.0,0.0,0.0,0.0,d/dr at r = r_over_rs = 1/u (r_s = 1); u-column data consumed via d/dr = -u^2 d/du; stencils jet9d8 window=9 degree=8 on strictly increasing r
1.1404473166890745,0.8768489217925309,0.25,1.0,1.0,0.0,0.0,0.0,0.0,0.0,0.0,0.0,d/dr at r = r_over_rs = 1/u (r_s = 1); u-column data consumed via d/dr = -u^2 d/du; stencils jet9d8 window=9 degree=8 on strictly increasing r
1.1397275504539666,0.8774026736492319,0.25,1.0,1.0,0.0,0.0,0.0,0.0,0.0,0.0,0.0,d/dr at r = r_over_rs = 1/u (r_s = 1); u-column data consumed via d/dr = -u^2 d/du; stencils jet9d8 window=9 degree=8 on strictly increasing r
1.1390086921725509,0.8779564255059327,0.25,1.0,1.0,0.0,0.0,0.0,0.0,0.0,0.0,0.0,d/dr at r = r_over_rs = 1/u (r_s = 1); u-column data consumed via d/dr = -u^2 d/du; stencils jet9d8 window=9 degree=8 on strictly increasing r
1.1382907401278946,0.8785101773626335,0.25,1.0,1.0,0.0,0.0,0.0,0.0,0.0,0.0,0.0,d/dr at r = r_over_rs = 1/u (r_s = 1); u-column data consumed via d/dr = -u^2 d/du; stencils jet9d8 window=9 degree=8 on strictly increasing r
1.1375736926073905,0.8790639292193344,0.25,1.0,1.0,0.0,0.0,0.0,0.0,0.0,0.0,0.0,d/dr at r = r_over_rs = 1/u (r_s = 1); u-column data consumed via d/dr = -u^2 d/du; stencils jet9d8 window=9 degree=8 on strictly increasing r
1.1368575479027447,0.8796176810760352,0.25,1.0,1.0,0.0,0.0,0.0,0.0,0.0,0.0,0.0,d/dr at r = r_over_rs = 1/u (r_s = 1); u-column data consumed via d/dr = -u^2 d/du; stencils jet9d8 window=9 degree=8 on strictly increasing r
1.136142304309962,0.880171432932736,0.25,1.0,1.0,0.0,0.0,0.0,0.0,0.0,0.0,0.0,d/dr at r = r_over_rs = 1/u (r_s = 1); u-column data consumed via d/dr = -u^2 d/du; stencils jet9d8 window=9 degree=8 on strictly increasing r
1.135427960129333,0.8807251847894368,0.25,1.0,1.0,0.0,0.0,0.0,0.0,0.0,0.0,0.0,d/dr at r = r_over_rs = 1/u (r_s = 1); u-column data consumed via d/dr = -u^2 d/du; stencils jet9d8 window=9 degree=8 on strictly increasing r
1.1347145136654193,0.8812789366461377,0.25,1.0,1.0,0.0,0.0,0.0,0.0,0.0,0.0,0.0,d/dr at r = r_over_rs = 1/u (r_s = 1); u-column data consumed via d/dr = -u^2 d/du; stencils jet9d8 window=9 degree=8 on strictly increasing r
1.1340019632270424,0.8818326885028387,0.25,1.0,1.0,0.0,0.0,0.0,0.0,0.0,0.0,0.0,d/dr at r = r_over_rs = 1/u (r_s = 1); u-column data consumed via d/dr = -u^2 d/du; stencils jet9d8 window=9 degree=8 on strictly increasing r
1.1332903071272689,0.8823864403595395,0.25,1.0,1.0,0.0,0.0,0.0,0.0,0.0,0.0,0.0,d/dr at r = r_over_rs = 1/u (r_s = 1); u-column data consumed via d/dr = -u^2 d/du; stencils jet9d8 window=9 degree=8 on strictly increasing r
1.1325795436833967,0.8829401922162402,0.25,1.0,1.0,0.0,0.0,0.0,0.0,0.0,0.0,0.0,d/dr at r = r_over_rs = 1/u (r_s = 1); u-column data consumed via d/dr = -u^2 d/du; stencils jet9d8 window=9 degree=8 on strictly increasing r
1.1318696712169427,0.8834939440729412,0.25,1.0,1.0,0.0,0.0,0.0,0.0,0.0,0.0,0.0,d/dr at r = r_over_rs = 1/u (r_s = 1); u-column data consumed via d/dr = -u^2 d/du; stencils jet9d8 window=9 degree=8 on strictly increasing r
1.1311606880536298,0.884047695929642,0.25,1.0,1.0,0.0,0.0,0.0,0.0,0.0,0.0,0.0,d/dr at r = r_over_rs = 1/u (r_s = 1); u-column data consumed via d/dr = -u^2 d/du; stencils jet9d8 window=9 degree=8 on strictly increasing r
1.1304525925233724,0.884601447786343,0.25,1.0,1.0,0.0,0.0,0.0,0.0,0.0,0.0,0.0,d/dr at r = r_over_rs = 1/u (r_s = 1); u-column data consumed via d/dr = -u^2 d/du; stencils jet9d8 window=9 degree=8 on strictly increasing r
1.1297453829602646,0.8851551996430438,0.25,1.0,1.0,0.0,0.0,0.0,0.0,0.0,0.0,0.0,d/dr at r = r_over_rs = 1/u (r_s = 1); u-column data consumed via d/dr = -u^2 d/du; stencils jet9d8 window=9 degree=8 on strictly increasing r
1.1290390577025666,0.8857089514997447,0.25,1.0,1.0,0.0,0.0,0.0,0.0,0.0,0.0,0.0,d/dr at r = r_over_rs = 1/u (r_s = 1); u-column data consumed via d/dr = -u^2 d/du; stencils jet9d8 window=9 degree=8 on strictly increasing r
1.1283336150926917,0.8862627033564455,0.25,1.0,1.0,0.0,0.0,0.0,0.0,0.0,0.0,0.0,d/dr at r = r_over_rs = 1/u (r_s = 1); u-column data consumed via d/dr = -u^2 d/du; stencils jet9d8 window=9 degree=8 on strictly increasing r
1.127629053477193,0.8868164552131464,0.25,1.0,1.0,0.0,0.0,0.0,0.0,0.0,0.0,0.0,d/dr at r = r_over_rs = 1/u (r_s = 1); u-column data consumed via d/dr = -u^2 d/du; stencils jet9d8 window=9 degree=8 on strictly increasing r
1.1269253712067522,0.8873702070698472,0.25,1.0,1.0,0.0,0.0,0.0,0.0,0.0,0.0,0.0,d/dr at r = r_over_rs = 1/u (r_s = 1); u-column data consumed via d/dr = -u^2 d/du; stencils jet9d8 window=9 degree=8 on strictly increasing r
1.1262225666361632,0.887923958926548,0.25,1.0,1.0,0.0,0.0,0.0,0.0,0.0,0.0,0.0,d/dr at r = r_over_rs = 1/u (r_s = 1); u-column data consumed via d/dr = -u^2 d/du; stencils jet9d8 window=9 degree=8 on strictly increasing r
1.125520638124323,0.8884777107832489,0.25,1.0,1.0,0.0,0.0,0.0,0.0,0.0,0.0,0.0,d/dr at r = r_over_rs = 1/u (r_s = 1); u-column data consumed via d/dr = -u^2 d/du; stencils jet9d8 window=9 degree=8 on strictly increasing r
1.1248195840342172,0.8890314626399497,0.25,1.0,1.0,0.0,0.0,0.0,0.0,0.0,0.0,0.0,d/dr at r = r_over_rs = 1/u (r_s = 1); u-column data consumed via d/dr = -u^2 d/du; stencils jet9d8 window=9 degree=8 on strictly increasing r
1.1241194027329071,0.8895852144966506,0.25,1.0,1.0,0.0,0.0,0.0,0.0,0.0,0.0,0.0,d/dr at r = r_over_rs = 1/u (r_s = 1); u-column data consumed via d/dr = -u^2 d/du; stencils jet9d8 window=9 degree=8 on strictly increasing r
1.123420092591518,0.8901389663533512,0.25,1.0,1.0,0.0,0.0,0.0,0.0,0.0,0.0,0.0,d/dr at r = r_over_rs = 1/u (r_s = 1); u-column data consumed via d/dr = -u^2 d/du; stencils jet9d8 window=9 degree=8 on strictly increasing r
1.1227216519852246,0.8906927182100522,0.25,1.0,1.0,0.0,0.0,0.0,0.0,0.0,0.0,0.0,d/dr at r = r_over_rs = 1/u (r_s = 1); u-column data consumed via d/dr = -u^2 d/du; stencils jet9d8 window=9 degree=8 on strictly increasing r
1.1220240792932412,0.8912464700667532,0.25,1.0,1.0,0.0,0.0,0.0,0.0,0.0,0.0,0.0,d/dr at r = r_over_rs = 1/u (r_s = 1); u-column data consumed via d/dr = -u^2 d/du; stencils jet9d8 window=9 degree=8 on strictly increasing r
1.1213273728988074,0.891800221923454,0.25,1.0,1.0,0.0,0.0,0.0,0.0,0.0,0.0,0.0,d/dr at r = r_over_rs = 1/u (r_s = 1); u-column data consumed via d/dr = -u^2 d/du; stencils jet9d8 window=9 degree=8 on strictly increasing r
1.120631531189175,0.892353973780155,0.25,1.0,1.0,0.0,0.0,0.0,0.0,0.0,0.0,0.0,d/dr at r = r_over_rs = 1/u (r_s = 1); u-column data consumed via d/dr = -u^2 d/du; stencils jet9d8 window=9 degree=8 on strictly increasing r
1.119936552555598,0.8929077256368558,0.25,1.0,1.0,0.0,0.0,0.0,0.0,0.0,0.0,0.0,d/dr at r = r_over_rs = 1/u (r_s = 1); u-column data consumed via d/dr = -u^2 d/du; stencils jet9d8 window=9 degree=8 on strictly increasing r
1.1192424353933177,0.8934614774935564,0.25,1.0,1.0,0.0,0.0,0.0,0.0,0.0,0.0,0.0,d/dr at r = r_over_rs = 1/u (r_s = 1); u-column data consumed via d/dr = -u^2 d/du; stencils jet9d8 window=9 degree=8 on strictly increasing r
1.1185491781015509,0.8940152293502575,0.25,1.0,1.0,0.0,0.0,0.0,0.0,0.0,0.0,0.0,d/dr at r = r_over_rs = 1/u (r_s = 1); u-column data consumed via d/dr = -u^2 d/du; stencils jet9d8 window=9 degree=8 on strictly increasing r
1.1178567790834797,0.894568981206958,0.25,1.0,1.0,0.0,0.0,0.0,0.0,0.0,0.0,0.0,d/dr at r = r_over_rs = 1/u (r_s = 1); u-column data consumed via d/dr = -u^2 d/du; stencils jet9d8 window=9 degree=8 on strictly increasing r
1.1171652367462352,0.8951227330636592,0.25,1.0,1.0,0.0,0.0,0.0,0.0,0.0,0.0,0.0,d/dr at r = r_over_rs = 1/u (r_s = 1); u-column data consumed via d/dr = -u^2 d/du; stencils jet9d8 window=9 degree=8 on strictly increasing r
1.1164745495008903,0.8956764849203601,0.25,1.0,1.0,0.0,0.0,0.0,0.0,0.0,0.0,0.0,d/dr at r = r_over_rs = 1/u (r_s = 1); u-column data consumed via d/dr = -u^2 d/du; stencils jet9d8 window=9 degree=8 on strictly increasing r
1.1157847157624432,0.8962302367770608,0.25,1.0,1.0,0.0,0.0,0.0,0.0,0.0,0.0,0.0,d/dr at r = r_over_rs = 1/u (r_s = 1); u-column data consumed via d/dr = -u^2 d/du; stencils jet9d8 window=9 degree=8 on strictly increasing r
1.115095733949807,0.8967839886337617,0.25,1.0,1.0,0.0,0.0,0.0,0.0,0.0,0.0,0.0,d/dr at r = r_over_rs = 1/u (r_s = 1); u-column data consumed via d/dr = -u^2 d/du; stencils jet9d8 window=9 degree=8 on strictly increasing r
1.1144076024857985,0.8973377404904626,0.25,1.0,1.0,0.0,0.0,0.0,0.0,0.0,0.0,0.0,d/dr at r = r_over_rs = 1/u (r_s = 1); u-column data consumed via d/dr = -u^2 d/du; stencils jet9d8 window=9 degree=8 on strictly increasing r
1.1137203197971242,0.8978914923471635,0.25,1.0,1.0,0.0,0.0,0.0,0.0,0.0,0.0,0.0,d/dr at r = r_over_rs = 1/u (r_s = 1); u-column data consumed via d/dr = -u^2 d/du; stencils jet9d8 window=9 degree=8 on strictly increasing r
1.1130338843143703,0.8984452442038642,0.25,1.0,1.0,0.0,0.0,0.0,0.0,0.0,0.0,0.0,d/dr at r = r_over_rs = 1/u (r_s = 1); u-column data consumed via d/dr = -u^2 d/du; stencils jet9d8 window=9 degree=8 on strictly increasing r
1.112348294471989,0.8989989960605652,0.25,1.0,1.0,0.0,0.0,0.0,0.0,0.0,0.0,0.0,d/dr at r = r_over_rs = 1/u (r_s = 1); u-column data consumed via d/dr = -u^2 d/du; stencils jet9d8 window=9 degree=8 on strictly increasing r
1.111663548708288,0.899552747917266,0.25,1.0,1.0,0.0,0.0,0.0,0.0,0.0,0.0,0.0,d/dr at r = r_over_rs = 1/u (r_s = 1); u-column data consumed via d/dr = -u^2 d/du; stencils jet9d8 window=9 degree=8 on strictly increasing r
1.110979645465418,0.9001064997739668,0.25,1.0,1.0,0.0,0.0,0.0,0.0,0.0,0.0,0.0,d/dr at r = r_over_rs = 1/u (r_s = 1); u-column data consumed via d/dr = -u^2 d/du; stencils jet9d8 window=9 degree=8 on strictly increasing r
1.1102965831893603,0.9006602516306679,0.25,1.0,1.0,0.0,0.0,0.0,0.0,0.0,0.0,0.0,d/dr at r = r_over_rs = 1/u (r_s = 1); u-column data consumed via d/dr = -u^2 d/du; stencils jet9d8 window=9 degree=8 on strictly increasing r
1.109614360329917,0.9012140034873686,0.25,1.0,1.0,0.0,0.0,0.0,0.0,0.0,0.0,0.0,d/dr at r = r_over_rs = 1/u (r_s = 1); u-column data consumed via d/dr = -u^2 d/du; stencils jet9d8 window=9 degree=8 on strictly increasing r
1.1089329753406965,0.9017677553440693,0.25,1.0,1.0,0.0,0.0,0.0,0.0,0.0,0.0,0.0,d/dr at r = r_over_rs = 1/u (r_s = 1); u-column data consumed via d/dr = -u^2 d/du; stencils jet9d8 window=9 degree=8 on strictly increasing r
1.1082524266791036,0.9023215072007703,0.25,1.0,1.0,0.0,0.0,0.0,0.0,0.0,0.0,0.0,d/dr at r = r_over_rs = 1/u (r_s = 1); u-column data consumed via d/dr = -u^2 d/du; stencils jet9d8 window=9 degree=8 on strictly increasing r
1.1075727128063286,0.9028752590574711,0.25,1.0,1.0,0.0,0.0,0.0,0.0,0.0,0.0,0.0,d/dr at r = r_over_rs = 1/u (r_s = 1); u-column data consumed via d/dr = -u^2 d/du; stencils jet9d8 window=9 degree=8 on strictly increasing r
1.1068938321873332,0.903429010914172,0.25,1.0,1.0,0.0,0.0,0.0,0.0,0.0,0.0,0.0,d/dr at r = r_over_rs = 1/u (r_s = 1); u-column data consumed via d/dr = -u^2 d/du; stencils jet9d8 window=9 degree=8 on strictly increasing r
1.1062157832908417,0.9039827627708726,0.25,1.0,1.0,0.0,0.0,0.0,0.0,0.0,0.0,0.0,d/dr at r = r_over_rs = 1/u (r_s = 1); u-column data consumed via d/dr = -u^2 d/du; stencils jet9d8 window=9 degree=8 on strictly increasing r
1.1055385645893263,0.9045365146275737,0.25,1.0,1.0,0.0,0.0,0.0,0.0,0.0,0.0,0.0,d/dr at r = r_over_rs = 1/u (r_s = 1); u-column data consumed via d/dr = -u^2 d/du; stencils jet9d8 window=9 degree=8 on strictly increasing r
1.1048621745589997,0.9050902664842745,0.25,1.0,1.0,0.0,0.0,0.0,0.0,0.0,0.0,0.0,d/dr at r = r_over_rs = 1/u (r_s = 1); u-column data consumed via d/dr = -u^2 d/du; stencils jet9d8 window=9 degree=8 on strictly increasing r
1.1041866116797996,0.9056440183409755,0.25,1.0,1.0,0.0,0.0,0.0,0.0,0.0,0.0,0.0,d/dr at r = r_over_rs = 1/u (r_s = 1); u-column data consumed via d/dr = -u^2 d/du; stencils jet9d8 window=9 degree=8 on strictly increasing r
1.1035118744353805,0.9061977701976763,0.25,1.0,1.0,0.0,0.0,0.0,0.0,0.0,0.0,0.0,d/dr at r = r_over_rs = 1/u (r_s = 1); u-column data consumed via d/dr = -u^2 d/du; stencils jet9d8 window=9 degree=8 on strictly increasing r
1.1028379613131003,0.9067515220543771,0.25,1.0,1.0,0.0,0.0,0.0,0.0,0.0,0.0,0.0,d/dr at r = r_over_rs = 1/u (r_s = 1); u-column data consumed via d/dr = -u^2 d/du; stencils jet9d8 window=9 degree=8 on strictly increasing r
1.10216487080401,0.9073052739110778,0.25,1.0,1.0,0.0,0.0,0.0,0.0,0.0,0.0,0.0,d/dr at r = r_over_rs = 1/u (r_s = 1); u-column data consumed via d/dr = -u^2 d/du; stencils jet9d8 window=9 degree=8 on strictly increasing r
1.1014926014028414,0.9078590257677789,0.25,1.0,1.0,0.0,0.0,0.0,0.0,0.0,0.0,0.0,d/dr at r = r_over_rs = 1/u (r_s = 1); u-column data consumed via d/dr = -u^2 d/du; stencils jet9d8 window=9 degree=8 on strictly increasing r
1.100821151607998,0.9084127776244798,0.25,1.0,1.0,0.0,0.0,0.0,0.0,0.0,0.0,0.0,d/dr at r = r_over_rs = 1/u (r_s = 1); u-column data consumed via d/dr = -u^2 d/du; stencils jet9d8 window=9 degree=8 on strictly increasing r
1.1001505199215416,0.9089665294811805,0.25,1.0,1.0,0.0,0.0,0.0,0.0,0.0,0.0,0.0,d/dr at r = r_over_rs = 1/u (r_s = 1); u-column data consumed via d/dr = -u^2 d/du; stencils jet9d8 window=9 degree=8 on strictly increasing r
1.0994807048491817,0.9095202813378815,0.25,1.0,1.0,0.0,0.0,0.0,0.0,0.0,0.0,0.0,d/dr at r = r_over_rs = 1/u (r_s = 1); u-column data consumed via d/dr = -u^2 d/du; stencils jet9d8 window=9 degree=8 on strictly increasing r
1.0988117049002657,0.9100740331945824,0.25,1.0,1.0,0.0,0.0,0.0,0.0,0.0,0.0,0.0,d/dr at r = r_over_rs = 1/u (r_s = 1); u-column data consumed via d/dr = -u^2 d/du; stencils jet9d8 window=9 degree=8 on strictly increasing r
1.0981435185877662,0.9106277850512831,0.25,1.0,1.0,0.0,0.0,0.0,0.0,0.0,0.0,0.0,d/dr at r = r_over_rs = 1/u (r_s = 1); u-column data consumed via d/dr = -u^2 d/du; stencils jet9d8 window=9 degree=8 on strictly increasing r
1.0974761444282704,0.911181536907984,0.25,1.0,1.0,0.0,0.0,0.0,0.0,0.0,0.0,0.0,d/dr at r = r_over_rs = 1/u (r_s = 1); u-column data consumed via d/dr = -u^2 d/du; stencils jet9d8 window=9 degree=8 on strictly increasing r
1.09680958094197,0.9117352887646848,0.25,1.0,1.0,0.0,0.0,0.0,0.0,0.0,0.0,0.0,d/dr at r = r_over_rs = 1/u (r_s = 1); u-column data consumed via d/dr = -u^2 d/du; stencils jet9d8 window=9 degree=8 on strictly increasing r
1.096143826652649,0.9122890406213859,0.25,1.0,1.0,0.0,0.0,0.0,0.0,0.0,0.0,0.0,d/dr at r = r_over_rs = 1/u (r_s = 1); u-column data consumed via d/dr = -u^2 d/du; stencils jet9d8 window=9 degree=8 on strictly increasing r
1.095478880087675,0.9128427924780864,0.25,1.0,1.0,0.0,0.0,0.0,0.0,0.0,0.0,0.0,d/dr at r = r_over_rs = 1/u (r_s = 1); u-column data consumed via d/dr = -u^2 d/du; stencils jet9d8 window=9 degree=8 on strictly increasing r
1.094814739777984,0.9133965443347873,0.25,1.0,1.0,0.0,0.0,0.0,0.0,0.0,0.0,0.0,d/dr at r = r_over_rs = 1/u (r_s = 1); u-column data consumed via d/dr = -u^2 d/du; stencils jet9d8 window=9 degree=8 on strictly increasing r
1.0941514042580744,0.9139502961914883,0.25,1.0,1.0,0.0,0.0,0.0,0.0,0.0,0.0,0.0,d/dr at r = r_over_rs = 1/u (r_s = 1); u-column data consumed via d/dr = -u^2 d/du; stencils jet9d8 window=9 degree=8 on strictly increasing r
1.093488872065994,0.9145040480481891,0.25,1.0,1.0,0.0,0.0,0.0,0.0,0.0,0.0,0.0,d/dr at r = r_over_rs = 1/u (r_s = 1); u-column data consumed via d/dr = -u^2 d/du; stencils jet9d8 window=9 degree=8 on strictly increasing r
1.092827141743329,0.9150577999048899,0.25,1.0,1.0,0.0,0.0,0.0,0.0,0.0,0.0,0.0,d/dr at r = r_over_rs = 1/u (r_s = 1); u-column data consumed via d/dr = -u^2 d/du; stencils jet9d8 window=9 degree=8 on strictly increasing r
1.0921662118351936,0.9156115517615909,0.25,1.0,1.0,0.0,0.0,0.0,0.0,0.0,0.0,0.0,d/dr at r = r_over_rs = 1/u (r_s = 1); u-column data consumed via d/dr = -u^2 d/du; stencils jet9d8 window=9 degree=8 on strictly increasing r
1.09150608089022,0.9161653036182917,0.25,1.0,1.0,0.0,0.0,0.0,0.0,0.0,0.0,0.0,d/dr at r = r_over_rs = 1/u (r_s = 1); u-column data consumed via d/dr = -u^2 d/du; stencils jet9d8 window=9 degree=8 on strictly increasing r
1.0908467474605466,0.9167190554749926,0.25,1.0,1.0,0.0,0.0,0.0,0.0,0.0,0.0,0.0,d/dr at r = r_over_rs = 1/u (r_s = 1); u-column data consumed via d/dr = -u^2 d/du; stencils jet9d8 window=9 degree=8 on strictly increasing r
1.0901882101018088,0.9172728073316933,0.25,1.0,1.0,0.0,0.0,0.0,0.0,0.0,0.0,0.0,d/dr at r = r_over_rs = 1/u (r_s = 1); u-column data consumed via d/dr = -u^2 d/du; stencils jet9d8 window=9 degree=8 on strictly increasing r
1.0895304673731268,0.9178265591883943,0.25,1.0,1.0,0.0,0.0,0.0,0.0,0.0,0.0,0.0,d/dr at r = r_over_rs = 1/u (r_s = 1); u-column data consumed via d/dr = -u^2 d/du; stencils jet9d8 window=9 degree=8 on strictly increasing r
1.088873517837097,0.9183803110450951,0.25,1.0,1.0,0.0,0.0,0.0,0.0,0.0,0.0,0.0,d/dr at r = r_over_rs = 1/u (r_s = 1); u-column data consumed via d/dr = -u^2 d/du; stencils jet9d8 window=9 degree=8 on strictly increasing r
1.0882173600597798,0.9189340629017959,0.25,1.0,1.0,0.0,0.0,0.0,0.0,0.0,0.0,0.0,d/dr at r = r_over_rs = 1/u (r_s = 1); u-column data consumed via d/dr = -u^2 d/du; stencils jet9d8 window=9 degree=8 on strictly increasing r
1.08756199261069,0.919487814758497,0.25,1.0,1.0,0.0,0.0,0.0,0.0,0.0,0.0,0.0,d/dr at r = r_over_rs = 1/u (r_s = 1); u-column data consumed via d/dr = -u^2 d/du; stencils jet9d8 window=9 degree=8 on strictly increasing r
1.0869074140627872,0.9200415666151975,0.25,1.0,1.0,0.0,0.0,0.0,0.0,0.0,0.0,0.0,d/dr at r = r_over_rs = 1/u (r_s = 1); u-column data consumed via d/dr = -u^2 d/du; stencils jet9d8 window=9 degree=8 on strictly increasing r
1.0862536229924629,0.9205953184718986,0.25,1.0,1.0,0.0,0.0,0.0,0.0,0.0,0.0,0.0,d/dr at r = r_over_rs = 1/u (r_s = 1); u-column data consumed via d/dr = -u^2 d/du; stencils jet9d8 window=9 degree=8 on strictly increasing r
1.0856006179795332,0.9211490703285994,0.25,1.0,1.0,0.0,0.0,0.0,0.0,0.0,0.0,0.0,d/dr at r = r_over_rs = 1/u (r_s = 1); u-column data consumed via d/dr = -u^2 d/du; stencils jet9d8 window=9 degree=8 on strictly increasing r
1.0849483976072267,0.9217028221853001,0.25,1.0,1.0,0.0,0.0,0.0,0.0,0.0,0.0,0.0,d/dr at r = r_over_rs = 1/u (r_s = 1); u-column data consumed via d/dr = -u^2 d/du; stencils jet9d8 window=9 degree=8 on strictly increasing r
1.0842969604621744,0.922256574042001,0.25,1.0,1.0,0.0,0.0,0.0,0.0,0.0,0.0,0.0,d/dr at r = r_over_rs = 1/u (r_s = 1); u-column data consumed via d/dr = -u^2 d/du; stencils jet9d8 window=9 degree=8 on strictly increasing r
1.0836463051344,0.922810325898702,0.25,1.0,1.0,0.0,0.0,0.0,0.0,0.0,0.0,0.0,d/dr at r = r_over_rs = 1/u (r_s = 1); u-column data consumed via d/dr = -u^2 d/du; stencils jet9d8 window=9 degree=8 on strictly increasing r
1.08299643021731,0.9233640777554029,0.25,1.0,1.0,0.0,0.0,0.0,0.0,0.0,0.0,0.0,d/dr at r = r_over_rs = 1/u (r_s = 1); u-column data consumed via d/dr = -u^2 d/du; stencils jet9d8 window=9 degree=8 on strictly increasing r
1.0823473343076826,0.9239178296121036,0.25,1.0,1.0,0.0,0.0,0.0,0.0,0.0,0.0,0.0,d/dr at r = r_over_rs = 1/u (r_s = 1); u-column data consumed via d/dr = -u^2 d/du; stencils jet9d8 window=9 degree=8 on strictly increasing r
1.0816990160056577,0.9244715814688045,0.25,1.0,1.0,0.0,0.0,0.0,0.0,0.0,0.0,0.0,d/dr at r = r_over_rs = 1/u (r_s = 1); u-column data consumed via d/dr = -u^2 d/du; stencils jet9d8 window=9 degree=8 on strictly increasing r
1.081051473914728,0.9250253333255053,0.25,1.0,1.0,0.0,0.0,0.0,0.0,0.0,0.0,0.0,d/dr at r = r_over_rs = 1/u (r_s = 1); u-column data consumed via d/dr = -u^2 d/du; stencils jet9d8 window=9 degree=8 on strictly increasing r
1.0804047066417275,0.9255790851822062,0.25,1.0,1.0,0.0,0.0,0.0,0.0,0.0,0.0,0.0,d/dr at r = r_over_rs = 1/u (r_s = 1); u-column data consumed via d/dr = -u^2 d/du; stencils jet9d8 window=9 degree=8 on strictly increasing r
1.079758712796823,0.926132837038907,0.25,1.0,1.0,0.0,0.0,0.0,0.0,0.0,0.0,0.0,d/dr at r = r_over_rs = 1/u (r_s = 1); u-column data consumed via d/dr = -u^2 d/du; stencils jet9d8 window=9 degree=8 on strictly increasing r
1.0791134909935025,0.9266865888956077,0.25,1.0,1.0,0.0,0.0,0.0,0.0,0.0,0.0,0.0,d/dr at r = r_over_rs = 1/u (r_s = 1); u-column data consumed via d/dr = -u^2 d/du; stencils jet9d8 window=9 degree=8 on strictly increasing r
1.0784690398485663,0.9272403407523089,0.25,1.0,1.0,0.0,0.0,0.0,0.0,0.0,0.0,0.0,d/dr at r = r_over_rs = 1/u (r_s = 1); u-column data consumed via d/dr = -u^2 d/du; stencils jet9d8 window=9 degree=8 on strictly increasing r
1.0778253579821178,0.9277940926090097,0.25,1.0,1.0,0.0,0.0,0.0,0.0,0.0,0.0,0.0,d/dr at r = r_over_rs = 1/u (r_s = 1); u-column data consumed via d/dr = -u^2 d/du; stencils jet9d8 window=9 degree=8 on strictly increasing r
1.0771824440175517,0.9283478444657105,0.25,1.0,1.0,0.0,0.0,0.0,0.0,0.0,0.0,0.0,d/dr at r = r_over_rs = 1/u (r_s = 1); u-column data consumed via d/dr = -u^2 d/du; stencils jet9d8 window=9 degree=8 on strictly increasing r
1.0765402965815458,0.9289015963224113,0.25,1.0,1.0,0.0,0.0,0.0,0.0,0.0,0.0,0.0,d/dr at r = r_over_rs = 1/u (r_s = 1); u-column data consumed via d/dr = -u^2 d/du; stencils jet9d8 window=9 degree=8 on strictly increasing r
1.0758989143040505,0.9294553481791121,0.25,1.0,1.0,0.0,0.0,0.0,0.0,0.0,0.0,0.0,d/dr at r = r_over_rs = 1/u (r_s = 1); u-column data consumed via d/dr = -u^2 d/du; stencils jet9d8 window=9 degree=8 on strictly increasing r
1.0752582958182793,0.9300091000358132,0.25,1.0,1.0,0.0,0.0,0.0,0.0,0.0,0.0,0.0,d/dr at r = r_over_rs = 1/u (r_s = 1); u-column data consumed via d/dr = -u^2 d/du; stencils jet9d8 window=9 degree=8 on strictly increasing r
1.0746184397606993,0.930562851892514,0.25,1.0,1.0,0.0,0.0,0.0,0.0,0.0,0.0,0.0,d/dr at r = r_over_rs = 1/u (r_s = 1); u-column data consumed via d/dr = -u^2 d/du; stencils jet9d8 window=9 degree=8 on strictly increasing r
1.0739793447710209,0.9311166037492148,0.25,1.0,1.0,0.0,0.0,0.0,0.0,0.0,0.0,0.0,d/dr at r = r_over_rs = 1/u (r_s = 1); u-column data consumed via d/dr = -u^2 d/du; stencils jet9d8 window=9 degree=8 on strictly increasing r
1.073341009492189,0.9316703556059155,0.25,1.0,1.0,0.0,0.0,0.0,0.0,0.0,0.0,0.0,d/dr at r = r_over_rs = 1/u (r_s = 1); u-column data consumed via d/dr = -u^2 d/du; stencils jet9d8 window=9 degree=8 on strictly increasing r
1.072703432570372,0.9322241074626165,0.25,1.0,1.0,0.0,0.0,0.0,0.0,0.0,0.0,0.0,d/dr at r = r_over_rs = 1/u (r_s = 1); u-column data consumed via d/dr = -u^2 d/du; stencils jet9d8 window=9 degree=8 on strictly increasing r
1.0720666126549545,0.9327778593193171,0.25,1.0,1.0,0.0,0.0,0.0,0.0,0.0,0.0,0.0,d/dr at r = r_over_rs = 1/u (r_s = 1); u-column data consumed via d/dr = -u^2 d/du; stencils jet9d8 window=9 degree=8 on strictly increasing r
1.071430548398525,0.9333316111760181,0.25,1.0,1.0,0.0,0.0,0.0,0.0,0.0,0.0,0.0,d/dr at r = r_over_rs = 1/u (r_s = 1); u-column data consumed via d/dr = -u^2 d/du; stencils jet9d8 window=9 degree=8 on strictly increasing r
1.0707952384568689,0.9338853630327191,0.25,1.0,1.0,0.0,0.0,0.0,0.0,0.0,0.0,0.0,d/dr at r = r_over_rs = 1/u (r_s = 1); u-column data consumed via d/dr = -u^2 d/du; stencils jet9d8 window=9 degree=8 on strictly increasing r
1.0701606814889577,0.9344391148894199,0.25,1.0,1.0,0.0,0.0,0.0,0.0,0.0,0.0,0.0,d/dr at r = r_over_rs = 1/u (r_s = 1); u-column data consumed via d/dr = -u^2 d/du; stencils jet9d8 window=9 degree=8 on strictly increasing r
1.0695268761569392,0.9349928667461209,0.25,1.0,1.0,0.0,0.0,0.0,0.0,0.0,0.0,0.0,d/dr at r = r_over_rs = 1/u (r_s = 1); u-column data consumed via d/dr = -u^2 d/du; stencils jet9d8 window=9 degree=8 on strictly increasing r
1.06889382112613,0.9355466186028214,0.25,1.0,1.0,0.0,0.0,0.0,0.0,0.0,0.0,0.0,d/dr at r = r_over_rs = 1/u (r_s = 1); u-column data consumed via d/dr = -u^2 d/du; stencils jet9d8 window=9 degree=8 on strictly increasing r
1.068261515065003,0.9361003704595224,0.25,1.0,1.0,0.0,0.0,0.0,0.0,0.0,0.0,0.0,d/dr at r = r_over_rs = 1/u (r_s = 1); u-column data consumed via d/dr = -u^2 d/du; stencils jet9d8 window=9 degree=8 on strictly increasing r
1.0676299566451817,0.9366541223162231,0.25,1.0,1.0,0.0,0.0,0.0,0.0,0.0,0.0,0.0,d/dr at r = r_over_rs = 1/u (r_s = 1); u-column data consumed via d/dr = -u^2 d/du; stencils jet9d8 window=9 degree=8 on strictly increasing r
1.0669991445414275,0.9372078741729243,0.25,1.0,1.0,0.0,0.0,0.0,0.0,0.0,0.0,0.0,d/dr at r = r_over_rs = 1/u (r_s = 1); u-column data consumed via d/dr = -u^2 d/du; stencils jet9d8 window=9 degree=8 on strictly increasing r
1.0663690774316337,0.9377616260296251,0.25,1.0,1.0,0.0,0.0,0.0,0.0,0.0,0.0,0.0,d/dr at r = r_over_rs = 1/u (r_s = 1); u-column data consumed via d/dr = -u^2 d/du; stencils jet9d8 window=9 degree=8 on strictly increasing r
1.0657397539968134,0.9383153778863259,0.25,1.0,1.0,0.0,0.0,0.0,0.0,0.0,0.0,0.0,d/dr at r = r_over_rs = 1/u (r_s = 1); u-column data consumed via d/dr = -u^2 d/du; stencils jet9d8 window=9 degree=8 on strictly increasing r
1.0651111729210918,0.9388691297430268,0.25,1.0,1.0,0.0,0.0,0.0,0.0,0.0,0.0,0.0,d/dr at r = r_over_rs = 1/u (r_s = 1); u-column data consumed via d/dr = -u^2 d/du; stencils jet9d8 window=9 degree=8 on strictly increasing r
1.064483332891697,0.9394228815997275,0.25,1.0,1.0,0.0,0.0,0.0,0.0,0.0,0.0,0.0,d/dr at r = r_over_rs = 1/u (r_s = 1); u-column data consumed via d/dr = -u^2 d/du; stencils jet9d8 window=9 degree=8 on strictly increasing r
1.0638562325989498,0.9399766334564286,0.25,1.0,1.0,0.0,0.0,0.0,0.0,0.0,0.0,0.0,d/dr at r = r_over_rs = 1/u (r_s = 1); u-column data consumed via d/dr = -u^2 d/du; stencils jet9d8 window=9 degree=8 on strictly increasing r
1.0632298707362566,0.9405303853131292,0.25,1.0,1.0,0.0,0.0,0.0,0.0,0.0,0.0,0.0,d/dr at r = r_over_rs = 1/u (r_s = 1); u-column data consumed via d/dr = -u^2 d/du; stencils jet9d8 window=9 degree=8 on strictly increasing r
1.0626042460000975,0.9410841371698304,0.25,1.0,1.0,0.0,0.0,0.0,0.0,0.0,0.0,0.0,d/dr at r = r_over_rs = 1/u (r_s = 1); u-column data consumed via d/dr = -u^2 d/du; stencils jet9d8 window=9 degree=8 on strictly increasing r
1.0619793570900211,0.941637889026531,0.25,1.0,1.0,0.0,0.0,0.0,0.0,0.0,0.0,0.0,d/dr at r = r_over_rs = 1/u (r_s = 1); u-column data consumed via d/dr = -u^2 d/du; stencils jet9d8 window=9 degree=8 on strictly increasing r
1.0613552027086306,0.942191640883232,0.25,1.0,1.0,0.0,0.0,0.0,0.0,0.0,0.0,0.0,d/dr at r = r_over_rs = 1/u (r_s = 1); u-column data consumed via d/dr = -u^2 d/du; stencils jet9d8 window=9 degree=8 on strictly increasing r
1.0607317815615798,0.9427453927399326,0.25,1.0,1.0,0.0,0.0,0.0,0.0,0.0,0.0,0.0,d/dr at r = r_over_rs = 1/u (r_s = 1); u-column data consumed via d/dr = -u^2 d/du; stencils jet9d8 window=9 degree=8 on strictly increasing r
1.06010909235756,0.9432991445966336,0.25,1.0,1.0,0.0,0.0,0.0,0.0,0.0,0.0,0.0,d/dr at r = r_over_rs = 1/u (r_s = 1); u-column data consumed via d/dr = -u^2 d/du; stencils jet9d8 window=9 degree=8 on strictly increasing r
1.059487133808294,0.9438528964533346,0.25,1.0,1.0,0.0,0.0,0.0,0.0,0.0,0.0,0.0,d/dr at r = r_over_rs = 1/u (r_s = 1); u-column data consumed via d/dr = -u^2 d/du; stencils jet9d8 window=9 degree=8 on strictly increasing r
1.0588659046285265,0.9444066483100352,0.25,1.0,1.0,0.0,0.0,0.0,0.0,0.0,0.0,0.0,d/dr at r = r_over_rs = 1/u (r_s = 1); u-column data consumed via d/dr = -u^2 d/du; stencils jet9d8 window=9 degree=8 on strictly increasing r
1.058245403536013,0.9449604001667362,0.25,1.0,1.0,0.0,0.0,0.0,0.0,0.0,0.0,0.0,d/dr at r = r_over_rs = 1/u (r_s = 1); u-column data consumed via d/dr = -u^2 d/du; stencils jet9d8 window=9 degree=8 on strictly increasing r
1.0576256292515147,0.9455141520234371,0.25,1.0,1.0,0.0,0.0,0.0,0.0,0.0,0.0,0.0,d/dr at r = r_over_rs = 1/u (r_s = 1); u-column data consumed via d/dr = -u^2 d/du; stencils jet9d8 window=9 degree=8 on strictly increasing r
1.0570065804987874,0.9460679038801378,0.25,1.0,1.0,0.0,0.0,0.0,0.0,0.0,0.0,0.0,d/dr at r = r_over_rs = 1/u (r_s = 1); u-column data consumed via d/dr = -u^2 d/du; stencils jet9d8 window=9 degree=8 on strictly increasing r
1.0563882560045723,0.946621655736839,0.25,1.0,1.0,0.0,0.0,0.0,0.0,0.0,0.0,0.0,d/dr at r = r_over_rs = 1/u (r_s = 1); u-column data consumed via d/dr = -u^2 d/du; stencils jet9d8 window=9 degree=8 on strictly increasing r
1.05577065449859,0.9471754075935395,0.25,1.0,1.0,0.0,0.0,0.0,0.0,0.0,0.0,0.0,d/dr at r = r_over_rs = 1/u (r_s = 1); u-column data consumed via d/dr = -u^2 d/du; stencils jet9d8 window=9 degree=8 on strictly increasing r
1.0551537747135278,0.9477291594502404,0.25,1.0,1.0,0.0,0.0,0.0,0.0,0.0,0.0,0.0,d/dr at r = r_over_rs = 1/u (r_s = 1); u-column data consumed via d/dr = -u^2 d/du; stencils jet9d8 window=9 degree=8 on strictly increasing r
1.0545376153850343,0.9482829113069414,0.25,1.0,1.0,0.0,0.0,0.0,0.0,0.0,0.0,0.0,d/dr at r = r_over_rs = 1/u (r_s = 1); u-column data consumed via d/dr = -u^2 d/du; stencils jet9d8 window=9 degree=8 on strictly increasing r
1.0539221752517105,0.9488366631636419,0.25,1.0,1.0,0.0,0.0,0.0,0.0,0.0,0.0,0.0,d/dr at r = r_over_rs = 1/u (r_s = 1); u-column data consumed via d/dr = -u^2 d/du; stencils jet9d8 window=9 degree=8 on strictly increasing r
1.053307453055098,0.9493904150203429,0.25,1.0,1.0,0.0,0.0,0.0,0.0,0.0,0.0,0.0,d/dr at r = r_over_rs = 1/u (r_s = 1); u-column data consumed via d/dr = -u^2 d/du; stencils jet9d8 window=9 degree=8 on strictly increasing r
1.0526934475396754,0.9499441668770439,0.25,1.0,1.0,0.0,0.0,0.0,0.0,0.0,0.0,0.0,d/dr at r = r_over_rs = 1/u (r_s = 1); u-column data consumed via d/dr = -u^2 d/du; stencils jet9d8 window=9 degree=8 on strictly increasing r
1.0520801574528456,0.9504979187337446,0.25,1.0,1.0,0.0,0.0,0.0,0.0,0.0,0.0,0.0,d/dr at r = r_over_rs = 1/u (r_s = 1); u-column data consumed via d/dr = -u^2 d/du; stencils jet9d8 window=9 degree=8 on strictly increasing r
1.0514675815449286,0.9510516705904457,0.25,1.0,1.0,0.0,0.0,0.0,0.0,0.0,0.0,0.0,d/dr at r = r_over_rs = 1/u (r_s = 1); u-column data consumed via d/dr = -u^2 d/du; stencils jet9d8 window=9 degree=8 on strictly increasing r
1.0508557185691547,0.9516054224471463,0.25,1.0,1.0,0.0,0.0,0.0,0.0,0.0,0.0,0.0,d/dr at r = r_over_rs = 1/u (r_s = 1); u-column data consumed via d/dr = -u^2 d/du; stencils jet9d8 window=9 degree=8 on strictly increasing r
1.050244567281653,0.9521591743038472,0.25,1.0,1.0,0.0,0.0,0.0,0.0,0.0,0.0,0.0,d/dr at r = r_over_rs = 1/u (r_s = 1); u-column data consumed via d/dr = -u^2 d/du; stencils jet9d8 window=9 degree=8 on strictly increasing r
1.0496341264414453,0.952712926160548,0.25,1.0,1.0,0.0,0.0,0.0,0.0,0.0,0.0,0.0,d/dr at r = r_over_rs = 1/u (r_s = 1); u-column data consumed via d/dr = -u^2 d/du; stencils jet9d8 window=9 degree=8 on strictly increasing r
1.0490243948104367,0.953266678017249,0.25,1.0,1.0,0.0,0.0,0.0,0.0,0.0,0.0,0.0,d/dr at r = r_over_rs = 1/u (r_s = 1); u-column data consumed via d/dr = -u^2 d/du; stencils jet9d8 window=9 degree=8 on strictly increasing r
1.0484153711534077,0.9538204298739499,0.25,1.0,1.0,0.0,0.0,0.0,0.0,0.0,0.0,0.0,d/dr at r = r_over_rs = 1/u (r_s = 1); u-column data consumed via d/dr = -u^2 d/du; stencils jet9d8 window=9 degree=8 on strictly increasing r
1.0478070542380056,0.9543741817306506,0.25,1.0,1.0,0.0,0.0,0.0,0.0,0.0,0.0,0.0,d/dr at r = r_over_rs = 1/u (r_s = 1); u-column data consumed via d/dr = -u^2 d/du; stencils jet9d8 window=9 degree=8 on strictly increasing r
1.0471994428347358,0.9549279335873515,0.25,1.0,1.0,0.0,0.0,0.0,0.0,0.0,0.0,0.0,d/dr at r = r_over_rs = 1/u (r_s = 1); u-column data consumed via d/dr = -u^2 d/du; stencils jet9d8 window=9 degree=8 on strictly increasing r
1.046592535716954,0.9554816854440524,0.25,1.0,1.0,0.0,0.0,0.0,0.0,0.0,0.0,0.0,d/dr at r = r_over_rs = 1/u (r_s = 1); u-column data consumed via d/dr = -u^2 d/du; stencils jet9d8 window=9 degree=8 on strictly increasing r
1.0459863316608589,0.9560354373007534,0.25,1.0,1.0,0.0,0.0,0.0,0.0,0.0,0.0,0.0,d/dr at r = r_over_rs = 1/u (r_s = 1); u-column data consumed via d/dr = -u^2 d/du; stencils jet9d8 window=9 degree=8 on strictly increasing r
1.0453808294454814,0.9565891891574543,0.25,1.0,1.0,0.0,0.0,0.0,0.0,0.0,0.0,0.0,d/dr at r = r_over_rs = 1/u (r_s = 1); u-column data consumed via d/dr = -u^2 d/du; stencils jet9d8 window=9 degree=8 on strictly increasing r
1.0447760278526792,0.9571429410141549,0.25,1.0,1.0,0.0,0.0,0.0,0.0,0.0,0.0,0.0,d/dr at r = r_over_rs = 1/u (r_s = 1); u-column data consumed via d/dr = -u^2 d/du; stencils jet9d8 window=9 degree=8 on strictly increasing r
1.0441719256671265,0.9576966928708557,0.25,1.0,1.0,0.0,0.0,0.0,0.0,0.0,0.0,0.0,d/dr at r = r_over_rs = 1/u (r_s = 1); u-column data consumed via d/dr = -u^2 d/du; stencils jet9d8 window=9 degree=8 on strictly increasing r
1.0435685216763069,0.9582504447275567,0.25,1.0,1.0,0.0,0.0,0.0,0.0,0.0,0.0,0.0,d/dr at r = r_over_rs = 1/u (r_s = 1); u-column data consumed via d/dr = -u^2 d/du; stencils jet9d8 window=9 degree=8 on strictly increasing r
1.042965814670506,0.9588041965842573,0.25,1.0,1.0,0.0,0.0,0.0,0.0,0.0,0.0,0.0,d/dr at r = r_over_rs = 1/u (r_s = 1); u-column data consumed via d/dr = -u^2 d/du; stencils jet9d8 window=9 degree=8 on strictly increasing r
1.0423638034428009,0.9593579484409586,0.25,1.0,1.0,0.0,0.0,0.0,0.0,0.0,0.0,0.0,d/dr at r = r_over_rs = 1/u (r_s = 1); u-column data consumed via d/dr = -u^2 d/du; stencils jet9d8 window=9 degree=8 on strictly increasing r
1.0417624867890554,0.9599117002976594,0.25,1.0,1.0,0.0,0.0,0.0,0.0,0.0,0.0,0.0,d/dr at r = r_over_rs = 1/u (r_s = 1); u-column data consumed via d/dr = -u^2 d/du; stencils jet9d8 window=9 degree=8 on strictly increasing r
1.041161863507909,0.9604654521543602,0.25,1.0,1.0,0.0,0.0,0.0,0.0,0.0,0.0,0.0,d/dr at r = r_over_rs = 1/u (r_s = 1); u-column data consumed via d/dr = -u^2 d/du; stencils jet9d8 window=9 degree=8 on strictly increasing r
1.0405619324007709,0.9610192040110607,0.25,1.0,1.0,0.0,0.0,0.0,0.0,0.0,0.0,0.0,d/dr at r = r_over_rs = 1/u (r_s = 1); u-column data consumed via d/dr = -u^2 d/du; stencils jet9d8 window=9 degree=8 on strictly increasing r
1.0399626922718102,0.9615729558677617,0.25,1.0,1.0,0.0,0.0,0.0,0.0,0.0,0.0,0.0,d/dr at r = r_over_rs = 1/u (r_s = 1); u-column data consumed via d/dr = -u^2 d/du; stencils jet9d8 window=9 degree=8 on strictly increasing r
1.0393641419279505,0.9621267077244625,0.25,1.0,1.0,0.0,0.0,0.0,0.0,0.0,0.0,0.0,d/dr at r = r_over_rs = 1/u (r_s = 1); u-column data consumed via d/dr = -u^2 d/du; stencils jet9d8 window=9 degree=8 on strictly increasing r
1.0387662801788593,0.9626804595811636,0.25,1.0,1.0,0.0,0.0,0.0,0.0,0.0,0.0,0.0,d/dr at r = r_over_rs = 1/u (r_s = 1); u-column data consumed via d/dr = -u^2 d/du; stencils jet9d8 window=9 degree=8 on strictly increasing r
1.0381691058369424,0.9632342114378644,0.25,1.0,1.0,0.0,0.0,0.0,0.0,0.0,0.0,0.0,d/dr at r = r_over_rs = 1/u (r_s = 1); u-column data consumed via d/dr = -u^2 d/du; stencils jet9d8 window=9 degree=8 on strictly increasing r
1.037572617717334,0.9637879632945655,0.25,1.0,1.0,0.0,0.0,0.0,0.0,0.0,0.0,0.0,d/dr at r = r_over_rs = 1/u (r_s = 1); u-column data consumed via d/dr = -u^2 d/du; stencils jet9d8 window=9 degree=8 on strictly increasing r
1.0369768146378906,0.9643417151512661,0.25,1.0,1.0,0.0,0.0,0.0,0.0,0.0,0.0,0.0,d/dr at r = r_over_rs = 1/u (r_s = 1); u-column data consumed via d/dr = -u^2 d/du; stencils jet9d8 window=9 degree=8 on strictly increasing r
1.0363816954191818,0.964895467007967,0.25,1.0,1.0,0.0,0.0,0.0,0.0,0.0,0.0,0.0,d/dr at r = r_over_rs = 1/u (r_s = 1); u-column data consumed via d/dr = -u^2 d/du; stencils jet9d8 window=9 degree=8 on strictly increasing r
1.0357872588844834,0.9654492188646678,0.25,1.0,1.0,0.0,0.0,0.0,0.0,0.0,0.0,0.0,d/dr at r = r_over_rs = 1/u (r_s = 1); u-column data consumed via d/dr = -u^2 d/du; stencils jet9d8 window=9 degree=8 on strictly increasing r
1.0351935038597695,0.9660029707213688,0.25,1.0,1.0,0.0,0.0,0.0,0.0,0.0,0.0,0.0,d/dr at r = r_over_rs = 1/u (r_s = 1); u-column data consumed via d/dr = -u^2 d/du; stencils jet9d8 window=9 degree=8 on strictly increasing r
1.0346004291737043,0.9665567225780697,0.25,1.0,1.0,0.0,0.0,0.0,0.0,0.0,0.0,0.0,d/dr at r = r_over_rs = 1/u (r_s = 1); u-column data consumed via d/dr = -u^2 d/du; stencils jet9d8 window=9 degree=8 on strictly increasing r
1.0340080336576356,0.9671104744347704,0.25,1.0,1.0,0.0,0.0,0.0,0.0,0.0,0.0,0.0,d/dr at r = r_over_rs = 1/u (r_s = 1); u-column data consumed via d/dr = -u^2 d/du; stencils jet9d8 window=9 degree=8 on strictly increasing r
1.0334163161455852,0.9676642262914712,0.25,1.0,1.0,0.0,0.0,0.0,0.0,0.0,0.0,0.0,d/dr at r = r_over_rs = 1/u (r_s = 1); u-column data consumed via d/dr = -u^2 d/du; stencils jet9d8 window=9 degree=8 on strictly increasing r
1.0328252754742426,0.968217978148172,0.25,1.0,1.0,0.0,0.0,0.0,0.0,0.0,0.0,0.0,d/dr at r = r_over_rs = 1/u (r_s = 1); u-column data consumed via d/dr = -u^2 d/du; stencils jet9d8 window=9 degree=8 on strictly increasing r
1.0322349104829576,0.9687717300048729,0.25,1.0,1.0,0.0,0.0,0.0,0.0,0.0,0.0,0.0,d/dr at r = r_over_rs = 1/u (r_s = 1); u-column data consumed via d/dr = -u^2 d/du; stencils jet9d8 window=9 degree=8 on strictly increasing r
1.0316452200137318,0.9693254818615739,0.25,1.0,1.0,0.0,0.0,0.0,0.0,0.0,0.0,0.0,d/dr at r = r_over_rs = 1/u (r_s = 1); u-column data consumed via d/dr = -u^2 d/du; stencils jet9d8 window=9 degree=8 on strictly increasing r
1.0310562029112118,0.9698792337182747,0.25,1.0,1.0,0.0,0.0,0.0,0.0,0.0,0.0,0.0,d/dr at r = r_over_rs = 1/u (r_s = 1); u-column data consumed via d/dr = -u^2 d/du; stencils jet9d8 window=9 degree=8 on strictly increasing r
1.0304678580226807,0.9704329855749755,0.25,1.0,1.0,0.0,0.0,0.0,0.0,0.0,0.0,0.0,d/dr at r = r_over_rs = 1/u (r_s = 1); u-column data consumed via d/dr = -u^2 d/du; stencils jet9d8 window=9 degree=8 on strictly increasing r
1.0298801841980516,0.9709867374316763,0.25,1.0,1.0,0.0,0.0,0.0,0.0,0.0,0.0,0.0,d/dr at r = r_over_rs = 1/u (r_s = 1); u-column data consumed via d/dr = -u^2 d/du; stencils jet9d8 window=9 degree=8 on strictly increasing r
1.0292931802898595,0.9715404892883772,0.25,1.0,1.0,0.0,0.0,0.0,0.0,0.0,0.0,0.0,d/dr at r = r_over_rs = 1/u (r_s = 1); u-column data consumed via d/dr = -u^2 d/du; stencils jet9d8 window=9 degree=8 on strictly increasing r
1.0287068451532542,0.9720942411450781,0.25,1.0,1.0,0.0,0.0,0.0,0.0,0.0,0.0,0.0,d/dr at r = r_over_rs = 1/u (r_s = 1); u-column data consumed via d/dr = -u^2 d/du; stencils jet9d8 window=9 degree=8 on strictly increasing r
1.0281211776459924,0.972647993001779,0.25,1.0,1.0,0.0,0.0,0.0,0.0,0.0,0.0,0.0,d/dr at r = r_over_rs = 1/u (r_s = 1); u-column data consumed via d/dr = -u^2 d/du; stencils jet9d8 window=9 degree=8 on strictly increasing r
1.027536176628431,0.9732017448584797,0.25,1.0,1.0,0.0,0.0,0.0,0.0,0.0,0.0,0.0,d/dr at r = r_over_rs = 1/u (r_s = 1); u-column data consumed via d/dr = -u^2 d/du; stencils jet9d8 window=9 degree=8 on strictly increasing r
1.0269518409635183,0.9737554967151807,0.25,1.0,1.0,0.0,0.0,0.0,0.0,0.0,0.0,0.0,d/dr at r = r_over_rs = 1/u (r_s = 1); u-column data consumed via d/dr = -u^2 d/du; stencils jet9d8 window=9 degree=8 on strictly increasing r
1.0263681695167888,0.9743092485718815,0.25,1.0,1.0,0.0,0.0,0.0,0.0,0.0,0.0,0.0,d/dr at r = r_over_rs = 1/u (r_s = 1); u-column data consumed via d/dr = -u^2 d/du; stencils jet9d8 window=9 degree=8 on strictly increasing r
1.025785161156354,0.9748630004285822,0.25,1.0,1.0,0.0,0.0,0.0,0.0,0.0,0.0,0.0,d/dr at r = r_over_rs = 1/u (r_s = 1); u-column data consumed via d/dr = -u^2 d/du; stencils jet9d8 window=9 degree=8 on strictly increasing r
1.025202814752895,0.9754167522852835,0.25,1.0,1.0,0.0,0.0,0.0,0.0,0.0,0.0,0.0,d/dr at r = r_over_rs = 1/u (r_s = 1); u-column data consumed via d/dr = -u^2 d/du; stencils jet9d8 window=9 degree=8 on strictly increasing r
1.0246211291796583,0.9759705041419839,0.25,1.0,1.0,0.0,0.0,0.0,0.0,0.0,0.0,0.0,d/dr at r = r_over_rs = 1/u (r_s = 1); u-column data consumed via d/dr = -u^2 d/du; stencils jet9d8 window=9 degree=8 on strictly increasing r
1.024040103312443,0.976524255998685,0.25,1.0,1.0,0.0,0.0,0.0,0.0,0.0,0.0,0.0,d/dr at r = r_over_rs = 1/u (r_s = 1); u-column data consumed via d/dr = -u^2 d/du; stencils jet9d8 window=9 degree=8 on strictly increasing r
1.0234597360295994,0.9770780078553858,0.25,1.0,1.0,0.0,0.0,0.0,0.0,0.0,0.0,0.0,d/dr at r = r_over_rs = 1/u (r_s = 1); u-column data consumed via d/dr = -u^2 d/du; stencils jet9d8 window=9 degree=8 on strictly increasing r
1.0228800262120177,0.9776317597120865,0.25,1.0,1.0,0.0,0.0,0.0,0.0,0.0,0.0,0.0,d/dr at r = r_over_rs = 1/u (r_s = 1); u-column data consumed via d/dr = -u^2 d/du; stencils jet9d8 window=9 degree=8 on strictly increasing r
1.022300972743122,0.9781855115687876,0.25,1.0,1.0,0.0,0.0,0.0,0.0,0.0,0.0,0.0,d/dr at r = r_over_rs = 1/u (r_s = 1); u-column data consumed via d/dr = -u^2 d/du; stencils jet9d8 window=9 degree=8 on strictly increasing r
1.021722574508865,0.9787392634254882,0.25,1.0,1.0,0.0,0.0,0.0,0.0,0.0,0.0,0.0,d/dr at r = r_over_rs = 1/u (r_s = 1); u-column data consumed via d/dr = -u^2 d/du; stencils jet9d8 window=9 degree=8 on strictly increasing r
1.021144830397717,0.9792930152821891,0.25,1.0,1.0,0.0,0.0,0.0,0.0,0.0,0.0,0.0,d/dr at r = r_over_rs = 1/u (r_s = 1); u-column data consumed via d/dr = -u^2 d/du; stencils jet9d8 window=9 degree=8 on strictly increasing r
1.0205677393006627,0.9798467671388902,0.25,1.0,1.0,0.0,0.0,0.0,0.0,0.0,0.0,0.0,d/dr at r = r_over_rs = 1/u (r_s = 1); u-column data consumed via d/dr = -u^2 d/du; stencils jet9d8 window=9 degree=8 on strictly increasing r
1.0199913001111918,0.980400518995591,0.25,1.0,1.0,0.0,0.0,0.0,0.0,0.0,0.0,0.0,d/dr at r = r_over_rs = 1/u (r_s = 1); u-column data consumed via d/dr = -u^2 d/du; stencils jet9d8 window=9 degree=8 on strictly increasing r
1.0194155117252923,0.9809542708522917,0.25,1.0,1.0,0.0,0.0,0.0,0.0,0.0,0.0,0.0,d/dr at r = r_over_rs = 1/u (r_s = 1); u-column data consumed via d/dr = -u^2 d/du; stencils jet9d8 window=9 degree=8 on strictly increasing r
1.018840373041444,0.9815080227089925,0.25,1.0,1.0,0.0,0.0,0.0,0.0,0.0,0.0,0.0,d/dr at r = r_over_rs = 1/u (r_s = 1); u-column data consumed via d/dr = -u^2 d/du; stencils jet9d8 window=9 degree=8 on strictly increasing r
1.0182658829606106,0.9820617745656934,0.25,1.0,1.0,0.0,0.0,0.0,0.0,0.0,0.0,0.0,d/dr at r = r_over_rs = 1/u (r_s = 1); u-column data consumed via d/dr = -u^2 d/du; stencils jet9d8 window=9 degree=8 on strictly increasing r
1.017692040386234,0.9826155264223945,0.25,1.0,1.0,0.0,0.0,0.0,0.0,0.0,0.0,0.0,d/dr at r = r_over_rs = 1/u (r_s = 1); u-column data consumed via d/dr = -u^2 d/du; stencils jet9d8 window=9 degree=8 on strictly increasing r
1.0171188442242265,0.983169278279095,0.25,1.0,1.0,0.0,0.0,0.0,0.0,0.0,0.0,0.0,d/dr at r = r_over_rs = 1/u (r_s = 1); u-column data consumed via d/dr = -u^2 d/du; stencils jet9d8 window=9 degree=8 on strictly increasing r
1.0165462933829628,0.983723030135796,0.25,1.0,1.0,0.0,0.0,0.0,0.0,0.0,0.0,0.0,d/dr at r = r_over_rs = 1/u (r_s = 1); u-column data consumed via d/dr = -u^2 d/du; stencils jet9d8 window=9 degree=8 on strictly increasing r
1.0159743867732756,0.9842767819924968,0.25,1.0,1.0,0.0,0.0,0.0,0.0,0.0,0.0,0.0,d/dr at r = r_over_rs = 1/u (r_s = 1); u-column data consumed via d/dr = -u^2 d/du; stencils jet9d8 window=9 degree=8 on strictly increasing r
1.0154031233084464,0.9848305338491977,0.25,1.0,1.0,0.0,0.0,0.0,0.0,0.0,0.0,0.0,d/dr at r = r_over_rs = 1/u (r_s = 1); u-column data consumed via d/dr = -u^2 d/du; stencils jet9d8 window=9 degree=8 on strictly increasing r
1.0148325019042,0.9853842857058985,0.25,1.0,1.0,0.0,0.0,0.0,0.0,0.0,0.0,0.0,d/dr at r = r_over_rs = 1/u (r_s = 1); u-column data consumed via d/dr = -u^2 d/du; stencils jet9d8 window=9 degree=8 on strictly increasing r
1.0142625214786969,0.9859380375625991,0.25,1.0,1.0,0.0,0.0,0.0,0.0,0.0,0.0,0.0,d/dr at r = r_over_rs = 1/u (r_s = 1); u-column data consumed via d/dr = -u^2 d/du; stencils jet9d8 window=9 degree=8 on strictly increasing r
1.013693180952526,0.9864917894193003,0.25,1.0,1.0,0.0,0.0,0.0,0.0,0.0,0.0,0.0,d/dr at r = r_over_rs = 1/u (r_s = 1); u-column data consumed via d/dr = -u^2 d/du; stencils jet9d8 window=9 degree=8 on strictly increasing r
1.0131244792487,0.9870455412760013,0.25,1.0,1.0,0.0,0.0,0.0,0.0,0.0,0.0,0.0,d/dr at r = r_over_rs = 1/u (r_s = 1); u-column data consumed via d/dr = -u^2 d/du; stencils jet9d8 window=9 degree=8 on strictly increasing r
1.012556415292646,0.9875992931327021,0.25,1.0,1.0,0.0,0.0,0.0,0.0,0.0,0.0,0.0,d/dr at r = r_over_rs = 1/u (r_s = 1); u-column data consumed via d/dr = -u^2 d/du; stencils jet9d8 window=9 degree=8 on strictly increasing r
1.0119889880122002,0.9881530449894029,0.25,1.0,1.0,0.0,0.0,0.0,0.0,0.0,0.0,0.0,d/dr at r = r_over_rs = 1/u (r_s = 1); u-column data consumed via d/dr = -u^2 d/du; stencils jet9d8 window=9 degree=8 on strictly increasing r
1.0114221963376004,0.9887067968461037,0.25,1.0,1.0,0.0,0.0,0.0,0.0,0.0,0.0,0.0,d/dr at r = r_over_rs = 1/u (r_s = 1); u-column data consumed via d/dr = -u^2 d/du; stencils jet9d8 window=9 degree=8 on strictly increasing r
1.0108560392014805,0.9892605487028042,0.25,1.0,1.0,0.0,0.0,0.0,0.0,0.0,0.0,0.0,d/dr at r = r_over_rs = 1/u (r_s = 1); u-column data consumed via d/dr = -u^2 d/du; stencils jet9d8 window=9 degree=8 on strictly increasing r
1.010290515538861,0.9898143005595055,0.25,1.0,1.0,0.0,0.0,0.0,0.0,0.0,0.0,0.0,d/dr at r = r_over_rs = 1/u (r_s = 1); u-column data consumed via d/dr = -u^2 d/du; stencils jet9d8 window=9 degree=8 on strictly increasing r
1.009725624287147,0.9903680524162064,0.25,1.0,1.0,0.0,0.0,0.0,0.0,0.0,0.0,0.0,d/dr at r = r_over_rs = 1/u (r_s = 1); u-column data consumed via d/dr = -u^2 d/du; stencils jet9d8 window=9 degree=8 on strictly increasing r
1.0091613643861173,0.9909218042729071,0.25,1.0,1.0,0.0,0.0,0.0,0.0,0.0,0.0,0.0,d/dr at r = r_over_rs = 1/u (r_s = 1); u-column data consumed via d/dr = -u^2 d/du; stencils jet9d8 window=9 degree=8 on strictly increasing r
1.008597734777919,0.9914755561296079,0.25,1.0,1.0,0.0,0.0,0.0,0.0,0.0,0.0,0.0,d/dr at r = r_over_rs = 1/u (r_s = 1); u-column data consumed via d/dr = -u^2 d/du; stencils jet9d8 window=9 degree=8 on strictly increasing r
1.0080347344070617,0.9920293079863088,0.25,1.0,1.0,0.0,0.0,0.0,0.0,0.0,0.0,0.0,d/dr at r = r_over_rs = 1/u (r_s = 1); u-column data consumed via d/dr = -u^2 d/du; stencils jet9d8 window=9 degree=8 on strictly increasing r
1.0074723622204105,0.9925830598430097,0.25,1.0,1.0,0.0,0.0,0.0,0.0,0.0,0.0,0.0,d/dr at r = r_over_rs = 1/u (r_s = 1); u-column data consumed via d/dr = -u^2 d/du; stencils jet9d8 window=9 degree=8 on strictly increasing r
1.006910617167179,0.9931368116997107,0.25,1.0,1.0,0.0,0.0,0.0,0.0,0.0,0.0,0.0,d/dr at r = r_over_rs = 1/u (r_s = 1); u-column data consumed via d/dr = -u^2 d/du; stencils jet9d8 window=9 degree=8 on strictly increasing r
1.0063494981989234,0.9936905635564114,0.25,1.0,1.0,0.0,0.0,0.0,0.0,0.0,0.0,0.0,d/dr at r = r_over_rs = 1/u (r_s = 1); u-column data consumed via d/dr = -u^2 d/du; stencils jet9d8 window=9 degree=8 on strictly increasing r
1.0057890042695352,0.9942443154131124,0.25,1.0,1.0,0.0,0.0,0.0,0.0,0.0,0.0,0.0,d/dr at r = r_over_rs = 1/u (r_s = 1); u-column data consumed via d/dr = -u^2 d/du; stencils jet9d8 window=9 degree=8 on strictly increasing r
1.005229134335236,0.994798067269813,0.25,1.0,1.0,0.0,0.0,0.0,0.0,0.0,0.0,0.0,d/dr at r = r_over_rs = 1/u (r_s = 1); u-column data consumed via d/dr = -u^2 d/du; stencils jet9d8 window=9 degree=8 on strictly increasing r
1.0046698873545687,0.995351819126514,0.25,1.0,1.0,0.0,0.0,0.0,0.0,0.0,0.0,0.0,d/dr at r = r_over_rs = 1/u (r_s = 1); u-column data consumed via d/dr = -u^2 d/du; stencils jet9d8 window=9 degree=8 on strictly increasing r
1.0041112622883943,0.9959055709832149,0.25,1.0,1.0,0.0,0.0,0.0,0.0,0.0,0.0,0.0,d/dr at r = r_over_rs = 1/u (r_s = 1); u-column data consumed via d/dr = -u^2 d/du; stencils jet9d8 window=9 degree=8 on strictly increasing r
1.0035532580998825,0.9964593228399157,0.25,1.0,1.0,0.0,0.0,0.0,0.0,0.0,0.0,0.0,d/dr at r = r_over_rs = 1/u (r_s = 1); u-column data consumed via d/dr = -u^2 d/du; stencils jet9d8 window=9 degree=8 on strictly increasing r
1.0029958737545064,0.9970130746966167,0.25,1.0,1.0,0.0,0.0,0.0,0.0,0.0,0.0,0.0,d/dr at r = r_over_rs = 1/u (r_s = 1); u-column data consumed via d/dr = -u^2 d/du; stencils jet9d8 window=9 degree=8 on strictly increasing r
1.0024391082200372,0.9975668265533173,0.25,1.0,1.0,0.0,0.0,0.0,0.0,0.0,0.0,0.0,d/dr at r = r_over_rs = 1/u (r_s = 1); u-column data consumed via d/dr = -u^2 d/du; stencils jet9d8 window=9 degree=8 on strictly increasing r
1.0018829604665356,0.9981205784100183,0.25,1.0,1.0,0.0,0.0,0.0,0.0,0.0,0.0,0.0,d/dr at r = r_over_rs = 1/u (r_s = 1); u-column data consumed via d/dr = -u^2 d/du; stencils jet9d8 window=9 degree=8 on strictly increasing r
1.0013274294663477,0.9986743302667189,0.25,1.0,1.0,0.0,0.0,0.0,0.0,0.0,0.0,0.0,d/dr at r = r_over_rs = 1/u (r_s = 1); u-column data consumed via d/dr = -u^2 d/du; stencils jet9d8 window=9 degree=8 on strictly increasing r
1.0007725141940964,0.99922808212342,0.25,1.0,1.0,0.0,0.0,0.0,0.0,0.0,0.0,0.0,d/dr at r = r_over_rs = 1/u (r_s = 1); u-column data consumed via d/dr = -u^2 d/du; stencils jet9d8 window=9 degree=8 on strictly increasing r
1.0002182136266775,0.9997818339801209,0.25,1.0,1.0,0.0,0.0,0.0,0.0,0.0,0.0,0.0,d/dr at r = r_over_rs = 1/u (r_s = 1); u-column data consumed via d/dr = -u^2 d/du; stencils jet9d8 window=9 degree=8 on strictly increasing r
0.999664526743252,1.0003355858368217,0.25,1.0,1.0,0.0,0.0,0.0,0.0,0.0,0.0,0.0,d/dr at r = r_over_rs = 1/u (r_s = 1); u-column data consumed via d/dr = -u^2 d/du; stencils jet9d8 window=9 degree=8 on strictly increasing r
0.9991114525252393,1.0008893376935226,0.25,1.0,1.0,0.0,0.0,0.0,0.0,0.0,0.0,0.0,d/dr at r = r_over_rs = 1/u (r_s = 1); u-column data consumed via d/dr = -u^2 d/du; stencils jet9d8 window=9 degree=8 on strictly increasing r
0.9985589899563124,1.0014430895502233,0.25,1.0,1.0,0.0,0.0,0.0,0.0,0.0,0.0,0.0,d/dr at r = r_over_rs = 1/u (r_s = 1); u-column data consumed via d/dr = -u^2 d/du; stencils jet9d8 window=9 degree=8 on strictly increasing r
0.9980071380223908,1.0019968414069242,0.25,1.0,1.0,0.0,0.0,0.0,0.0,0.0,0.0,0.0,d/dr at r = r_over_rs = 1/u (r_s = 1); u-column data consumed via d/dr = -u^2 d/du; stencils jet9d8 window=9 degree=8 on strictly increasing r
0.9974558957116348,1.002550593263625,0.25,1.0,1.0,0.0,0.0,0.0,0.0,0.0,0.0,0.0,d/dr at r = r_over_rs = 1/u (r_s = 1); u-column data consumed via d/dr = -u^2 d/du; stencils jet9d8 window=9 degree=8 on strictly increasing r
0.996905262014438,1.0031043451203263,0.25,1.0,1.0,0.0,0.0,0.0,0.0,0.0,0.0,0.0,d/dr at r = r_over_rs = 1/u (r_s = 1); u-column data consumed via d/dr = -u^2 d/du; stencils jet9d8 window=9 degree=8 on strictly increasing r
0.9963552359234236,1.003658096977027,0.25,1.0,1.0,0.0,0.0,0.0,0.0,0.0,0.0,0.0,d/dr at r = r_over_rs = 1/u (r_s = 1); u-column data consumed via d/dr = -u^2 d/du; stencils jet9d8 window=9 degree=8 on strictly increasing r
0.9958058164334356,1.0042118488337277,0.25,1.0,1.0,0.0,0.0,0.0,0.0,0.0,0.0,0.0,d/dr at r = r_over_rs = 1/u (r_s = 1); u-column data consumed via d/dr = -u^2 d/du; stencils jet9d8 window=9 degree=8 on strictly increasing r
0.9952570025415342,1.0047656006904286,0.25,1.0,1.0,0.0,0.0,0.0,0.0,0.0,0.0,0.0,d/dr at r = r_over_rs = 1/u (r_s = 1); u-column data consumed via d/dr = -u^2 d/du; stencils jet9d8 window=9 degree=8 on strictly increasing r
0.9947087932469896,1.0053193525471293,0.25,1.0,1.0,0.0,0.0,0.0,0.0,0.0,0.0,0.0,d/dr at r = r_over_rs = 1/u (r_s = 1); u-column data consumed via d/dr = -u^2 d/du; stencils jet9d8 window=9 degree=8 on strictly increasing r
0.9941611875512756,1.0058731044038303,0.25,1.0,1.0,0.0,0.0,0.0,0.0,0.0,0.0,0.0,d/dr at r = r_over_rs = 1/u (r_s = 1); u-column data consumed via d/dr = -u^2 d/du; stencils jet9d8 window=9 degree=8 on strictly increasing r
0.9936141844580632,1.0064268562605312,0.25,1.0,1.0,0.0,0.0,0.0,0.0,0.0,0.0,0.0,d/dr at r = r_over_rs = 1/u (r_s = 1); u-column data consumed via d/dr = -u^2 d/du; stencils jet9d8 window=9 degree=8 on strictly increasing r
0.9930677829732156,1.006980608117232,0.25,1.0,1.0,0.0,0.0,0.0,0.0,0.0,0.0,0.0,d/dr at r = r_over_rs = 1/u (r_s = 1); u-column data consumed via d/dr = -u^2 d/du; stencils jet9d8 window=9 degree=8 on strictly increasing r
0.9925219821047812,1.007534359973933,0.25,1.0,1.0,0.0,0.0,0.0,0.0,0.0,0.0,0.0,d/dr at r = r_over_rs = 1/u (r_s = 1); u-column data consumed via d/dr = -u^2 d/du; stencils jet9d8 window=9 degree=8 on strictly increasing r
0.991976780862988,1.0080881118306337,0.25,1.0,1.0,0.0,0.0,0.0,0.0,0.0,0.0,0.0,d/dr at r = r_over_rs = 1/u (r_s = 1); u-column data consumed via d/dr = -u^2 d/du; stencils jet9d8 window=9 degree=8 on strictly increasing r
0.9914321782602378,1.0086418636873347,0.25,1.0,1.0,0.0,0.0,0.0,0.0,0.0,0.0,0.0,d/dr at r = r_over_rs = 1/u (r_s = 1); u-column data consumed via d/dr = -u^2 d/du; stencils jet9d8 window=9 degree=8 on strictly increasing r
0.9908881733110996,1.0091956155440354,0.25,1.0,1.0,0.0,0.0,0.0,0.0,0.0,0.0,0.0,d/dr at r = r_over_rs = 1/u (r_s = 1); u-column data consumed via d/dr = -u^2 d/du; stencils jet9d8 window=9 degree=8 on strictly increasing r
0.9903447650323042,1.0097493674007363,0.25,1.0,1.0,0.0,0.0,0.0,0.0,0.0,0.0,0.0,d/dr at r = r_over_rs = 1/u (r_s = 1); u-column data consumed via d/dr = -u^2 d/du; stencils jet9d8 window=9 degree=8 on strictly increasing r
0.9898019524427384,1.010303119257437,0.25,1.0,1.0,0.0,0.0,0.0,0.0,0.0,0.0,0.0,d/dr at r = r_over_rs = 1/u (r_s = 1); u-column data consumed via d/dr = -u^2 d/du; stencils jet9d8 window=9 degree=8 on strictly increasing r
0.9892597345634384,1.010856871114138,0.25,1.0,1.0,0.0,0.0,0.0,0.0,0.0,0.0,0.0,d/dr at r = r_over_rs = 1/u (r_s = 1); u-column data consumed via d/dr = -u^2 d/du; stencils jet9d8 window=9 degree=8 on strictly increasing r
0.9887181104175848,1.0114106229708388,0.25,1.0,1.0,0.0,0.0,0.0,0.0,0.0,0.0,0.0,d/dr at r = r_over_rs = 1/u (r_s = 1); u-column data consumed via d/dr = -u^2 d/du; stencils jet9d8 window=9 degree=8 on strictly increasing r
0.9881770790304958,1.0119643748275398,0.25,1.0,1.0,0.0,0.0,0.0,0.0,0.0,0.0,0.0,d/dr at r = r_over_rs = 1/u (r_s = 1); u-column data consumed via d/dr = -u^2 d/du; stencils jet9d8 window=9 degree=8 on strictly increasing r
0.9876366394296222,1.0125181266842407,0.25,1.0,1.0,0.0,0.0,0.0,0.0,0.0,0.0,0.0,d/dr at r = r_over_rs = 1/u (r_s = 1); u-column data consumed via d/dr = -u^2 d/du; stencils jet9d8 window=9 degree=8 on strictly increasing r
0.9870967906445416,1.0130718785409414,0.25,1.0,1.0,0.0,0.0,0.0,0.0,0.0,0.0,0.0,d/dr at r = r_over_rs = 1/u (r_s = 1); u-column data consumed via d/dr = -u^2 d/du; stencils jet9d8 window=9 degree=8 on strictly increasing r
0.9865575317069508,1.0136256303976423,0.25,1.0,1.0,0.0,0.0,0.0,0.0,0.0,0.0,0.0,d/dr at r = r_over_rs = 1/u (r_s = 1); u-column data consumed via d/dr = -u^2 d/du; stencils jet9d8 window=9 degree=8 on strictly increasing r
0.9860188616506628,1.0141793822543432,0.25,1.0,1.0,0.0,0.0,0.0,0.0,0.0,0.0,0.0,d/dr at r = r_over_rs = 1/u (r_s = 1); u-column data consumed via d/dr = -u^2 d/du; stencils jet9d8 window=9 degree=8 on strictly increasing r
0.9854807795115996,1.0147331341110437,0.25,1.0,1.0,0.0,0.0,0.0,0.0,0.0,0.0,0.0,d/dr at r = r_over_rs = 1/u (r_s = 1); u-column data consumed via d/dr = -u^2 d/du; stencils jet9d8 window=9 degree=8 on strictly increasing r
0.984943284327785,1.0152868859677449,0.25,1.0,1.0,0.0,0.0,0.0,0.0,0.0,0.0,0.0,d/dr at r = r_over_rs = 1/u (r_s = 1); u-column data consumed via d/dr = -u^2 d/du; stencils jet9d8 window=9 degree=8 on strictly increasing r
0.984406375139342,1.015840637824446,0.25,1.0,1.0,0.0,0.0,0.0,0.0,0.0,0.0,0.0,d/dr at r = r_over_rs = 1/u (r_s = 1); u-column data consumed via d/dr = -u^2 d/du; stencils jet9d8 window=9 degree=8 on strictly increasing r
0.9838700509884852,1.0163943896811465,0.25,1.0,1.0,0.0,0.0,0.0,0.0,0.0,0.0,0.0,d/dr at r = r_over_rs = 1/u (r_s = 1); u-column data consumed via d/dr = -u^2 d/du; stencils jet9d8 window=9 degree=8 on strictly increasing r
0.9833343109195144,1.0169481415378474,0.25,1.0,1.0,0.0,0.0,0.0,0.0,0.0,0.0,0.0,d/dr at r = r_over_rs = 1/u (r_s = 1); u-column data consumed via d/dr = -u^2 d/du; stencils jet9d8 window=9 degree=8 on strictly increasing r
0.9827991539788106,1.0175018933945483,0.25,1.0,1.0,0.0,0.0,0.0,0.0,0.0,0.0,0.0,d/dr at r = r_over_rs = 1/u (r_s = 1); u-column data consumed via d/dr = -u^2 d/du; stencils jet9d8 window=9 degree=8 on strictly increasing r
0.9822645792148296,1.018055645251249,0.25,1.0,1.0,0.0,0.0,0.0,0.0,0.0,0.0,0.0,d/dr at r = r_over_rs = 1/u (r_s = 1); u-column data consumed via d/dr = -u^2 d/du; stencils jet9d8 window=9 degree=8 on strictly increasing r
0.981730585678096,1.01860939710795,0.25,1.0,1.0,0.0,0.0,0.0,0.0,0.0,0.0,0.0,d/dr at r = r_over_rs = 1/u (r_s = 1); u-column data consumed via d/dr = -u^2 d/du; stencils jet9d8 window=9 degree=8 on strictly increasing r
0.9811971724211984,1.0191631489646509,0.25,1.0,1.0,0.0,0.0,0.0,0.0,0.0,0.0,0.0,d/dr at r = r_over_rs = 1/u (r_s = 1); u-column data consumed via d/dr = -u^2 d/du; stencils jet9d8 window=9 degree=8 on strictly increasing r
0.9806643384987828,1.019716900821352,0.25,1.0,1.0,0.0,0.0,0.0,0.0,0.0,0.0,0.0,d/dr at r = r_over_rs = 1/u (r_s = 1); u-column data consumed via d/dr = -u^2 d/du; stencils jet9d8 window=9 degree=8 on strictly increasing r
0.9801320829675488,1.0202706526780523,0.25,1.0,1.0,0.0,0.0,0.0,0.0,0.0,0.0,0.0,d/dr at r = r_over_rs = 1/u (r_s = 1); u-column data consumed via d/dr = -u^2 d/du; stencils jet9d8 window=9 degree=8 on strictly increasing r
0.9796004048862408,1.0208244045347534,0.25,1.0,1.0,0.0,0.0,0.0,0.0,0.0,0.0,0.0,d/dr at r = r_over_rs = 1/u (r_s = 1); u-column data consumed via d/dr = -u^2 d/du; stencils jet9d8 window=9 degree=8 on strictly increasing r
0.979069303315646,1.0213781563914541,0.25,1.0,1.0,0.0,0.0,0.0,0.0,0.0,0.0,0.0,d/dr at r = r_over_rs = 1/u (r_s = 1); u-column data consumed via d/dr = -u^2 d/du; stencils jet9d8 window=9 degree=8 on strictly increasing r
0.978538777318587,1.021931908248155,0.25,1.0,1.0,0.0,0.0,0.0,0.0,0.0,0.0,0.0,d/dr at r = r_over_rs = 1/u (r_s = 1); u-column data consumed via d/dr = -u^2 d/du; stencils jet9d8 window=9 degree=8 on strictly increasing r
0.978008825959916,1.022485660104856,0.25,1.0,1.0,0.0,0.0,0.0,0.0,0.0,0.0,0.0,d/dr at r = r_over_rs = 1/u (r_s = 1); u-column data consumed via d/dr = -u^2 d/du; stencils jet9d8 window=9 degree=8 on strictly increasing r
0.9774794483065108,1.0230394119615571,0.25,1.0,1.0,0.0,0.0,0.0,0.0,0.0,0.0,0.0,d/dr at r = r_over_rs = 1/u (r_s = 1); u-column data consumed via d/dr = -u^2 d/du; stencils jet9d8 window=9 degree=8 on strictly increasing r
0.9769506434272685,1.0235931638182574,0.25,1.0,1.0,0.0,0.0,0.0,0.0,0.0,0.0,0.0,d/dr at r = r_over_rs = 1/u (r_s = 1); u-column data consumed via d/dr = -u^2 d/du; stencils jet9d8 window=9 degree=8 on strictly increasing r
0.976422410393098,1.0241469156749587,0.25,1.0,1.0,0.0,0.0,0.0,0.0,0.0,0.0,0.0,d/dr at r = r_over_rs = 1/u (r_s = 1); u-column data consumed via d/dr = -u^2 d/du; stencils jet9d8 window=9 degree=8 on strictly increasing r
0.9758947482769194,1.0247006675316594,0.25,1.0,1.0,0.0,0.0,0.0,0.0,0.0,0.0,0.0,d/dr at r = r_over_rs = 1/u (r_s = 1); u-column data consumed via d/dr = -u^2 d/du; stencils jet9d8 window=9 degree=8 on strictly increasing r
0.9753676561536536,1.0252544193883604,0.25,1.0,1.0,0.0,0.0,0.0,0.0,0.0,0.0,0.0,d/dr at r = r_over_rs = 1/u (r_s = 1); u-column data consumed via d/dr = -u^2 d/du; stencils jet9d8 window=9 degree=8 on strictly increasing r
0.97484113310022,1.0258081712450613,0.25,1.0,1.0,0.0,0.0,0.0,0.0,0.0,0.0,0.0,d/dr at r = r_over_rs = 1/u (r_s = 1); u-column data consumed via d/dr = -u^2 d/du; stencils jet9d8 window=9 degree=8 on strictly increasing r
0.97431517819553,1.0263619231017618,0.25,1.0,1.0,0.0,0.0,0.0,0.0,0.0,0.0,0.0,d/dr at r = r_over_rs = 1/u (r_s = 1); u-column data consumed via d/dr = -u^2 d/du; stencils jet9d8 window=9 degree=8 on strictly increasing r
0.973789790520481,1.026915674958463,0.25,1.0,1.0,0.0,0.0,0.0,0.0,0.0,0.0,0.0,d/dr at r = r_over_rs = 1/u (r_s = 1); u-column data consumed via d/dr = -u^2 d/du; stencils jet9d8 window=9 degree=8 on strictly increasing r
0.9732649691579532,1.0274694268151634,0.25,1.0,1.0,0.0,0.0,0.0,0.0,0.0,0.0,0.0,d/dr at r = r_over_rs = 1/u (r_s = 1); u-column data consumed via d/dr = -u^2 d/du; stencils jet9d8 window=9 degree=8 on strictly increasing r
0.9727407131928012,1.0280231786718645,0.25,1.0,1.0,0.0,0.0,0.0,0.0,0.0,0.0,0.0,d/dr at r = r_over_rs = 1/u (r_s = 1); u-column data consumed via d/dr = -u^2 d/du; stencils jet9d8 window=9 degree=8 on strictly increasing r
0.9722170217118516,1.0285769305285655,0.25,1.0,1.0,0.0,0.0,0.0,0.0,0.0,0.0,0.0,d/dr at r = r_over_rs = 1/u (r_s = 1); u-column data consumed via d/dr = -u^2 d/du; stencils jet9d8 window=9 degree=8 on strictly increasing r
0.971693893803896,1.0291306823852664,0.25,1.0,1.0,0.0,0.0,0.0,0.0,0.0,0.0,0.0,d/dr at r = r_over_rs = 1/u (r_s = 1); u-column data consumed via d/dr = -u^2 d/du; stencils jet9d8 window=9 degree=8 on strictly increasing r
0.971171328559686,1.0296844342419673,0.25,1.0,1.0,0.0,0.0,0.0,0.0,0.0,0.0,0.0,d/dr at r = r_over_rs = 1/u (r_s = 1); u-column data consumed via d/dr = -u^2 d/du; stencils jet9d8 window=9 degree=8 on strictly increasing r
0.9706493250719284,1.0302381860986682,0.25,1.0,1.0,0.0,0.0,0.0,0.0,0.0,0.0,0.0,d/dr at r = r_over_rs = 1/u (r_s = 1); u-column data consumed via d/dr = -u^2 d/du; stencils jet9d8 window=9 degree=8 on strictly increasing r
0.9701278824352796,1.0307919379553687,0.25,1.0,1.0,0.0,0.0,0.0,0.0,0.0,0.0,0.0,d/dr at r = r_over_rs = 1/u (r_s = 1); u-column data consumed via d/dr = -u^2 d/du; stencils jet9d8 window=9 degree=8 on strictly increasing r
0.9696069997463398,1.0313456898120696,0.25,1.0,1.0,0.0,0.0,0.0,0.0,0.0,0.0,0.0,d/dr at r = r_over_rs = 1/u (r_s = 1); u-column data consumed via d/dr = -u^2 d/du; stencils jet9d8 window=9 degree=8 on strictly increasing r
0.9690866761036488,1.0318994416687706,0.25,1.0,1.0,0.0,0.0,0.0,0.0,0.0,0.0,0.0,d/dr at r = r_over_rs = 1/u (r_s = 1); u-column data consumed via d/dr = -u^2 d/du; stencils jet9d8 window=9 degree=8 on strictly increasing r
0.9685669106076812,1.0324531935254713,0.25,1.0,1.0,0.0,0.0,0.0,0.0,0.0,0.0,0.0,d/dr at r = r_over_rs = 1/u (r_s = 1); u-column data consumed via d/dr = -u^2 d/du; stencils jet9d8 window=9 degree=8 on strictly increasing r
0.9680477023608384,1.0330069453821724,0.25,1.0,1.0,0.0,0.0,0.0,0.0,0.0,0.0,0.0,d/dr at r = r_over_rs = 1/u (r_s = 1); u-column data consumed via d/dr = -u^2 d/du; stencils jet9d8 window=9 degree=8 on strictly increasing r
0.9675290504674476,1.0335606972388731,0.25,1.0,1.0,0.0,0.0,0.0,0.0,0.0,0.0,0.0,d/dr at r = r_over_rs = 1/u (r_s = 1); u-column data consumed via d/dr = -u^2 d/du; stencils jet9d8 window=9 degree=8 on strictly increasing r
0.967010954033753,1.034114449095574,0.25,1.0,1.0,0.0,0.0,0.0,0.0,0.0,0.0,0.0,d/dr at r = r_over_rs = 1/u (r_s = 1); u-column data consumed via d/dr = -u^2 d/du; stencils jet9d8 window=9 degree=8 on strictly increasing r
0.9664934121679132,1.0346682009522747,0.25,1.0,1.0,0.0,0.0,0.0,0.0,0.0,0.0,0.0,d/dr at r = r_over_rs = 1/u (r_s = 1); u-column data consumed via d/dr = -u^2 d/du; stencils jet9d8 window=9 degree=8 on strictly increasing r
0.9659764239799936,1.0352219528089757,0.25,1.0,1.0,0.0,0.0,0.0,0.0,0.0,0.0,0.0,d/dr at r = r_over_rs = 1/u (r_s = 1); u-column data consumed via d/dr = -u^2 d/du; stencils jet9d8 window=9 degree=8 on strictly increasing r
0.965459988581964,1.0357757046656768,0.25,1.0,1.0,0.0,0.0,0.0,0.0,0.0,0.0,0.0,d/dr at r = r_over_rs = 1/u (r_s = 1); u-column data consumed via d/dr = -u^2 d/du; stencils jet9d8 window=9 degree=8 on strictly increasing r
0.9649441050876923,1.0363294565223773,0.25,1.0,1.0,0.0,0.0,0.0,0.0,0.0,0.0,0.0,d/dr at r = r_over_rs = 1/u (r_s = 1); u-column data consumed via d/dr = -u^2 d/du; stencils jet9d8 window=9 degree=8 on strictly increasing r
0.9644287726129384,1.0368832083790782,0.25,1.0,1.0,0.0,0.0,0.0,0.0,0.0,0.0,0.0,d/dr at r = r_over_rs = 1/u (r_s = 1); u-column data consumed via d/dr = -u^2 d/du; stencils jet9d8 window=9 degree=8 on strictly increasing r
0.9639139902753504,1.0374369602357791,0.25,1.0,1.0,0.0,0.0,0.0,0.0,0.0,0.0,0.0,d/dr at r = r_over_rs = 1/u (r_s = 1); u-column data consumed via d/dr = -u^2 d/du; stencils jet9d8 window=9 degree=8 on strictly increasing r
0.9633997571944602,1.0379907120924798,0.25,1.0,1.0,0.0,0.0,0.0,0.0,0.0,0.0,0.0,d/dr at r = r_over_rs = 1/u (r_s = 1); u-column data consumed via d/dr = -u^2 d/du; stencils jet9d8 window=9 degree=8 on strictly increasing r
0.9628860724916763,1.0385444639491808,0.25,1.0,1.0,0.0,0.0,0.0,0.0,0.0,0.0,0.0,d/dr at r = r_over_rs = 1/u (r_s = 1); u-column data consumed via d/dr = -u^2 d/du; stencils jet9d8 window=9 degree=8 on strictly increasing r
0.9623729352902808,1.0390982158058817,0.25,1.0,1.0,0.0,0.0,0.0,0.0,0.0,0.0,0.0,d/dr at r = r_over_rs = 1/u (r_s = 1); u-column data consumed via d/dr = -u^2 d/du; stencils jet9d8 window=9 degree=8 on strictly increasing r
0.9618603447154236,1.0396519676625824,0.25,1.0,1.0,0.0,0.0,0.0,0.0,0.0,0.0,0.0,d/dr at r = r_over_rs = 1/u (r_s = 1); u-column data consumed via d/dr = -u^2 d/du; stencils jet9d8 window=9 degree=8 on strictly increasing r
0.9613482998941172,1.0402057195192833,0.25,1.0,1.0,0.0,0.0,0.0,0.0,0.0,0.0,0.0,d/dr at r = r_over_rs = 1/u (r_s = 1); u-column data consumed via d/dr = -u^2 d/du; stencils jet9d8 window=9 degree=8 on strictly increasing r
0.9608367999552324,1.0407594713759842,0.25,1.0,1.0,0.0,0.0,0.0,0.0,0.0,0.0,0.0,d/dr at r = r_over_rs = 1/u (r_s = 1); u-column data consumed via d/dr = -u^2 d/du; stencils jet9d8 window=9 degree=8 on strictly increasing r
0.9603258440294928,1.0413132232326852,0.25,1.0,1.0,0.0,0.0,0.0,0.0,0.0,0.0,0.0,d/dr at r = r_over_rs = 1/u (r_s = 1); u-column data consumed via d/dr = -u^2 d/du; stencils jet9d8 window=9 degree=8 on strictly increasing r
0.9598154312494704,1.0418669750893856,0.25,1.0,1.0,0.0,0.0,0.0,0.0,0.0,0.0,0.0,d/dr at r = r_over_rs = 1/u (r_s = 1); u-column data consumed via d/dr = -u^2 d/du; stencils jet9d8 window=9 degree=8 on strictly increasing r
0.9593055607495794,1.0424207269460868,0.25,1.0,1.0,0.0,0.0,0.0,0.0,0.0,0.0,0.0,d/dr at r = r_over_rs = 1/u (r_s = 1); u-column data consumed via d/dr = -u^2 d/du; stencils jet9d8 window=9 degree=8 on strictly increasing r
0.9587962316660736,1.0429744788027877,0.25,1.0,1.0,0.0,0.0,0.0,0.0,0.0,0.0,0.0,d/dr at r = r_over_rs = 1/u (r_s = 1); u-column data consumed via d/dr = -u^2 d/du; stencils jet9d8 window=9 degree=8 on strictly increasing r
0.9582874431370396,1.0435282306594884,0.25,1.0,1.0,0.0,0.0,0.0,0.0,0.0,0.0,0.0,d/dr at r = r_over_rs = 1/u (r_s = 1); u-column data consumed via d/dr = -u^2 d/du; stencils jet9d8 window=9 degree=8 on strictly increasing r
0.957779194302392,1.0440819825161893,0.25,1.0,1.0,0.0,0.0,0.0,0.0,0.0,0.0,0.0,d/dr at r = r_over_rs = 1/u (r_s = 1); u-column data consumed via d/dr = -u^2 d/du; stencils jet9d8 window=9 degree=8 on strictly increasing r
0.95727148430387,1.0446357343728903,0.25,1.0,1.0,0.0,0.0,0.0,0.0,0.0,0.0,0.0,d/dr at r = r_over_rs = 1/u (r_s = 1); u-column data consumed via d/dr = -u^2 d/du; stencils jet9d8 window=9 degree=8 on strictly increasing r
0.9567643122850316,1.045189486229591,0.25,1.0,1.0,0.0,0.0,0.0,0.0,0.0,0.0,0.0,d/dr at r = r_over_rs = 1/u (r_s = 1); u-column data consumed via d/dr = -u^2 d/du; stencils jet9d8 window=9 degree=8 on strictly increasing r
0.9562576773912476,1.045743238086292,0.25,1.0,1.0,0.0,0.0,0.0,0.0,0.0,0.0,0.0,d/dr at r = r_over_rs = 1/u (r_s = 1); u-column data consumed via d/dr = -u^2 d/du; stencils jet9d8 window=9 degree=8 on strictly increasing r
0.9557515787696996,1.0462969899429928,0.25,1.0,1.0,0.0,0.0,0.0,0.0,0.0,0.0,0.0,d/dr at r = r_over_rs = 1/u (r_s = 1); u-column data consumed via d/dr = -u^2 d/du; stencils jet9d8 window=9 degree=8 on strictly increasing r
0.955246015569373,1.0468507417996937,0.25,1.0,1.0,0.0,0.0,0.0,0.0,0.0,0.0,0.0,d/dr at r = r_over_rs = 1/u (r_s = 1); u-column data consumed via d/dr = -u^2 d/du; stencils jet9d8 window=9 degree=8 on strictly increasing r
0.9547409869410532,1.0474044936563942,0.25,1.0,1.0,0.0,0.0,0.0,0.0,0.0,0.0,0.0,d/dr at r = r_over_rs = 1/u (r_s = 1); u-column data consumed via d/dr = -u^2 d/du; stencils jet9d8 window=9 degree=8 on strictly increasing r
0.9542364920373194,1.0479582455130954,0.25,1.0,1.0,0.0,0.0,0.0,0.0,0.0,0.0,0.0,d/dr at r = r_over_rs = 1/u (r_s = 1); u-column data consumed via d/dr = -u^2 d/du; stencils jet9d8 window=9 degree=8 on strictly increasing r
0.9537325300125424,1.0485119973697963,0.25,1.0,1.0,0.0,0.0,0.0,0.0,0.0,0.0,0.0,d/dr at r = r_over_rs = 1/u (r_s = 1); u-column data consumed via d/dr = -u^2 d/du; stencils jet9d8 window=9 degree=8 on strictly increasing r
0.953229100022878,1.049065749226497,0.25,1.0,1.0,0.0,0.0,0.0,0.0,0.0,0.0,0.0,d/dr at r = r_over_rs = 1/u (r_s = 1); u-column data consumed via d/dr = -u^2 d/du; stencils jet9d8 window=9 degree=8 on strictly increasing r
0.9527262012262624,1.049619501083198,0.25,1.0,1.0,0.0,0.0,0.0,0.0,0.0,0.0,0.0,d/dr at r = r_over_rs = 1/u (r_s = 1); u-column data consumed via d/dr = -u^2 d/du; stencils jet9d8 window=9 degree=8 on strictly increasing r
0.9522238327824084,1.0501732529398986,0.25,1.0,1.0,0.0,0.0,0.0,0.0,0.0,0.0,0.0,d/dr at r = r_over_rs = 1/u (r_s = 1); u-column data consumed via d/dr = -u^2 d/du; stencils jet9d8 window=9 degree=8 on strictly increasing r
0.9517219938527998,1.0507270047965995,0.25,1.0,1.0,0.0,0.0,0.0,0.0,0.0,0.0,0.0,d/dr at r = r_over_rs = 1/u (r_s = 1); u-column data consumed via d/dr = -u^2 d/du; stencils jet9d8 window=9 degree=8 on strictly increasing r
0.951220683600687,1.0512807566533005,0.25,1.0,1.0,0.0,0.0,0.0,0.0,0.0,0.0,0.0,d/dr at r = r_over_rs = 1/u (r_s = 1); u-column data consumed via d/dr = -u^2 d/du; stencils jet9d8 window=9 degree=8 on strictly increasing r
0.9507199011910832,1.0518345085100014,0.25,1.0,1.0,0.0,0.0,0.0,0.0,0.0,0.0,0.0,d/dr at r = r_over_rs = 1/u (r_s = 1); u-column data consumed via d/dr = -u^2 d/du; stencils jet9d8 window=9 degree=8 on strictly increasing r
0.9502196457907583,1.052388260366702,0.25,1.0,1.0,0.0,0.0,0.0,0.0,0.0,0.0,0.0,d/dr at r = r_over_rs = 1/u (r_s = 1); u-column data consumed via d/dr = -u^2 d/du; stencils jet9d8 window=9 degree=8 on strictly increasing r
0.9497199165682352,1.052942012223403,0.25,1.0,1.0,0.0,0.0,0.0,0.0,0.0,0.0,0.0,d/dr at r = r_over_rs = 1/u (r_s = 1); u-column data consumed via d/dr = -u^2 d/du; stencils jet9d8 window=9 degree=8 on strictly increasing r
0.9492207126937852,1.053495764080104,0.25,1.0,1.0,0.0,0.0,0.0,0.0,0.0,0.0,0.0,d/dr at r = r_over_rs = 1/u (r_s = 1); u-column data consumed via d/dr = -u^2 d/du; stencils jet9d8 window=9 degree=8 on strictly increasing r
0.948722033339423,1.0540495159368048,0.25,1.0,1.0,0.0,0.0,0.0,0.0,0.0,0.0,0.0,d/dr at r = r_over_rs = 1/u (r_s = 1); u-column data consumed via d/dr = -u^2 d/du; stencils jet9d8 window=9 degree=8 on strictly increasing r
0.9482238776789026,1.0546032677935055,0.25,1.0,1.0,0.0,0.0,0.0,0.0,0.0,0.0,0.0,d/dr at r = r_over_rs = 1/u (r_s = 1); u-column data consumed via d/dr = -u^2 d/du; stencils jet9d8 window=9 degree=8 on strictly increasing r
0.947726244887712,1.0551570196502067,0.25,1.0,1.0,0.0,0.0,0.0,0.0,0.0,0.0,0.0,d/dr at r = r_over_rs = 1/u (r_s = 1); u-column data consumed via d/dr = -u^2 d/du; stencils jet9d8 window=9 degree=8 on strictly increasing r
0.9472291341430698,1.0557107715069074,0.25,1.0,1.0,0.0,0.0,0.0,0.0,0.0,0.0,0.0,d/dr at r = r_over_rs = 1/u (r_s = 1); u-column data consumed via d/dr = -u^2 d/du; stencils jet9d8 window=9 degree=8 on strictly increasing r
0.9467325446239192,1.0562645233636083,0.25,1.0,1.0,0.0,0.0,0.0,0.0,0.0,0.0,0.0,d/dr at r = r_over_rs = 1/u (r_s = 1); u-column data consumed via d/dr = -u^2 d/du; stencils jet9d8 window=9 degree=8 on strictly increasing r
0.946236475510925,1.056818275220309,0.25,1.0,1.0,0.0,0.0,0.0,0.0,0.0,0.0,0.0,d/dr at r = r_over_rs = 1/u (r_s = 1); u-column data consumed via d/dr = -u^2 d/du; stencils jet9d8 window=9 degree=8 on strictly increasing r
0.945740925986468,1.05737202707701,0.25,1.0,1.0,0.0,0.0,0.0,0.0,0.0,0.0,0.0,d/dr at r = r_over_rs = 1/u (r_s = 1); u-column data consumed via d/dr = -u^2 d/du; stencils jet9d8 window=9 degree=8 on strictly increasing r
0.9452458952346408,1.0579257789337106,0.25,1.0,1.0,0.0,0.0,0.0,0.0,0.0,0.0,0.0,d/dr at r = r_over_rs = 1/u (r_s = 1); u-column data consumed via d/dr = -u^2 d/du; stencils jet9d8 window=9 degree=8 on strictly increasing r
0.9447513824412436,1.0584795307904113,0.25,1.0,1.0,0.0,0.0,0.0,0.0,0.0,0.0,0.0,d/dr at r = r_over_rs = 1/u (r_s = 1); u-column data consumed via d/dr = -u^2 d/du; stencils jet9d8 window=9 degree=8 on strictly increasing r
0.944257386793779,1.0590332826471125,0.25,1.0,1.0,0.0,0.0,0.0,0.0,0.0,0.0,0.0,d/dr at r = r_over_rs = 1/u (r_s = 1); u-column data consumed via d/dr = -u^2 d/du; stencils jet9d8 window=9 degree=8 on strictly increasing r
0.9437639074814492,1.0595870345038132,0.25,1.0,1.0,0.0,0.0,0.0,0.0,0.0,0.0,0.0,d/dr at r = r_over_rs = 1/u (r_s = 1); u-column data consumed via d/dr = -u^2 d/du; stencils jet9d8 window=9 degree=8 on strictly increasing r
0.9432709436951496,1.060140786360514,0.25,1.0,1.0,0.0,0.0,0.0,0.0,0.0,0.0,0.0,d/dr at r = r_over_rs = 1/u (r_s = 1); u-column data consumed via d/dr = -u^2 d/du; stencils jet9d8 window=9 degree=8 on strictly increasing r
0.9427784946274648,1.060694538217215,0.25,1.0,1.0,0.0,0.0,0.0,0.0,0.0,0.0,0.0,d/dr at r = r_over_rs = 1/u (r_s = 1); u-column data consumed via d/dr = -u^2 d/du; stencils jet9d8 window=9 degree=8 on strictly increasing r
0.942286559472666,1.0612482900739157,0.25,1.0,1.0,0.0,0.0,0.0,0.0,0.0,0.0,0.0,d/dr at r = r_over_rs = 1/u (r_s = 1); u-column data consumed via d/dr = -u^2 d/du; stencils jet9d8 window=9 degree=8 on strictly increasing r
0.941795137426704,1.0618020419306167,0.25,1.0,1.0,0.0,0.0,0.0,0.0,0.0,0.0,0.0,d/dr at r = r_over_rs = 1/u (r_s = 1); u-column data consumed via d/dr = -u^2 d/du; stencils jet9d8 window=9 degree=8 on strictly increasing r
0.9413042276872065,1.0623557937873174,0.25,1.0,1.0,0.0,0.0,0.0,0.0,0.0,0.0,0.0,d/dr at r = r_over_rs = 1/u (r_s = 1); u-column data consumed via d/dr = -u^2 d/du; stencils jet9d8 window=9 degree=8 on strictly increasing r
0.9408138294534728,1.0629095456440185,0.25,1.0,1.0,0.0,0.0,0.0,0.0,0.0,0.0,0.0,d/dr at r = r_over_rs = 1/u (r_s = 1); u-column data consumed via d/dr = -u^2 d/du; stencils jet9d8 window=9 degree=8 on strictly increasing r
0.9403239419264712,1.0634632975007194,0.25,1.0,1.0,0.0,0.0,0.0,0.0,0.0,0.0,0.0,d/dr at r = r_over_rs = 1/u (r_s = 1); u-column data consumed via d/dr = -u^2 d/du; stencils jet9d8 window=9 degree=8 on strictly increasing r
0.939834564308832,1.0640170493574201,0.25,1.0,1.0,0.0,0.0,0.0,0.0,0.0,0.0,0.0,d/dr at r = r_over_rs = 1/u (r_s = 1); u-column data consumed via d/dr = -u^2 d/du; stencils jet9d8 window=9 degree=8 on strictly increasing r
0.9393456958048452,1.064570801214121,0.25,1.0,1.0,0.0,0.0,0.0,0.0,0.0,0.0,0.0,d/dr at r = r_over_rs = 1/u (r_s = 1); u-column data consumed via d/dr = -u^2 d/du; stencils jet9d8 window=9 degree=8 on strictly increasing r
0.9388573356204554,1.0651245530708218,0.25,1.0,1.0,0.0,0.0,0.0,0.0,0.0,0.0,0.0,d/dr at r = r_over_rs = 1/u (r_s = 1); u-column data consumed via d/dr = -u^2 d/du; stencils jet9d8 window=9 degree=8 on strictly increasing r
0.9383694829632574,1.0656783049275227,0.25,1.0,1.0,0.0,0.0,0.0,0.0,0.0,0.0,0.0,d/dr at r = r_over_rs = 1/u (r_s = 1); u-column data consumed via d/dr = -u^2 d/du; stencils jet9d8 window=9 degree=8 on strictly increasing r
0.9378821370424928,1.0662320567842234,0.25,1.0,1.0,0.0,0.0,0.0,0.0,0.0,0.0,0.0,d/dr at r = r_over_rs = 1/u (r_s = 1); u-column data consumed via d/dr = -u^2 d/du; stencils jet9d8 window=9 degree=8 on strictly increasing r
0.9373952970690445,1.0667858086409243,0.25,1.0,1.0,0.0,0.0,0.0,0.0,0.0,0.0,0.0,d/dr at r = r_over_rs = 1/u (r_s = 1); u-column data consumed via d/dr = -u^2 d/du; stencils jet9d8 window=9 degree=8 on strictly increasing r
0.936908962255433,1.0673395604976252,0.25,1.0,1.0,0.0,0.0,0.0,0.0,0.0,0.0,0.0,d/dr at r = r_over_rs = 1/u (r_s = 1); u-column data consumed via d/dr = -u^2 d/du; stencils jet9d8 window=9 degree=8 on strictly increasing r
0.9364231318158128,1.067893312354326,0.25,1.0,1.0,0.0,0.0,0.0,0.0,0.0,0.0,0.0,d/dr at r = r_over_rs = 1/u (r_s = 1); u-column data consumed via d/dr = -u^2 d/du; stencils jet9d8 window=9 degree=8 on strictly increasing r
0.9359378049659668,1.068447064211027,0.25,1.0,1.0,0.0,0.0,0.0,0.0,0.0,0.0,0.0,d/dr at r = r_over_rs = 1/u (r_s = 1); u-column data consumed via d/dr = -u^2 d/du; stencils jet9d8 window=9 degree=8 on strictly increasing r
0.9354529809233034,1.0690008160677278,0.25,1.0,1.0,0.0,0.0,0.0,0.0,0.0,0.0,0.0,d/dr at r = r_over_rs = 1/u (r_s = 1); u-column data consumed via d/dr = -u^2 d/du; stencils jet9d8 window=9 degree=8 on strictly increasing r
0.9349686589068514,1.0695545679244287,0.25,1.0,1.0,0.0,0.0,0.0,0.0,0.0,0.0,0.0,d/dr at r = r_over_rs = 1/u (r_s = 1); u-column data consumed via d/dr = -u^2 d/du; stencils jet9d8 window=9 degree=8 on strictly increasing r
0.934484838137256,1.0701083197811296,0.25,1.0,1.0,0.0,0.0,0.0,0.0,0.0,0.0,0.0,d/dr at r = r_over_rs = 1/u (r_s = 1); u-column data consumed via d/dr = -u^2 d/du; stencils jet9d8 window=9 degree=8 on strictly increasing r
0.9340015178367757,1.0706620716378301,0.25,1.0,1.0,0.0,0.0,0.0,0.0,0.0,0.0,0.0,d/dr at r = r_over_rs = 1/u (r_s = 1); u-column data consumed via d/dr = -u^2 d/du; stencils jet9d8 window=9 degree=8 on strictly increasing r
0.9335186972292752,1.0712158234945313,0.25,1.0,1.0,0.0,0.0,0.0,0.0,0.0,0.0,0.0,d/dr at r = r_over_rs = 1/u (r_s = 1); u-column data consumed via d/dr = -u^2 d/du; stencils jet9d8 window=9 degree=8 on strictly increasing r
0.9330363755402252,1.0717695753512322,0.25,1.0,1.0,0.0,0.0,0.0,0.0,0.0,0.0,0.0,d/dr at r = r_over_rs = 1/u (r_s = 1); u-column data consumed via d/dr = -u^2 d/du; stencils jet9d8 window=9 degree=8 on strictly increasing r
0.9325545519966956,1.072323327207933,0.25,1.0,1.0,0.0,0.0,0.0,0.0,0.0,0.0,0.0,d/dr at r = r_over_rs = 1/u (r_s = 1); u-column data consumed via d/dr = -u^2 d/du; stencils jet9d8 window=9 degree=8 on strictly increasing r
0.9320732258273516,1.072877079064634,0.25,1.0,1.0,0.0,0.0,0.0,0.0,0.0,0.0,0.0,d/dr at r = r_over_rs = 1/u (r_s = 1); u-column data consumed via d/dr = -u^2 d/du; stencils jet9d8 window=9 degree=8 on strictly increasing r
0.9315923962624508,1.0734308309213347,0.25,1.0,1.0,0.0,0.0,0.0,0.0,0.0,0.0,0.0,d/dr at r = r_over_rs = 1/u (r_s = 1); u-column data consumed via d/dr = -u^2 d/du; stencils jet9d8 window=9 degree=8 on strictly increasing r
0.931112062533838,1.0739845827780354,0.25,1.0,1.0,0.0,0.0,0.0,0.0,0.0,0.0,0.0,d/dr at r = r_over_rs = 1/u (r_s = 1); u-column data consumed via d/dr = -u^2 d/du; stencils jet9d8 window=9 degree=8 on strictly increasing r
0.9306322238749408,1.0745383346347364,0.25,1.0,1.0,0.0,0.0,0.0,0.0,0.0,0.0,0.0,d/dr at r = r_over_rs = 1/u (r_s = 1); u-column data consumed via d/dr = -u^2 d/du; stencils jet9d8 window=9 degree=8 on strictly increasing r
0.9301528795207672,1.0750920864914373,0.25,1.0,1.0,0.0,0.0,0.0,0.0,0.0,0.0,0.0,d/dr at r = r_over_rs = 1/u (r_s = 1); u-column data consumed via d/dr = -u^2 d/du; stencils jet9d8 window=9 degree=8 on strictly increasing r
0.9296740287078998,1.0756458383481382,0.25,1.0,1.0,0.0,0.0,0.0,0.0,0.0,0.0,0.0,d/dr at r = r_over_rs = 1/u (r_s = 1); u-column data consumed via d/dr = -u^2 d/du; stencils jet9d8 window=9 degree=8 on strictly increasing r
0.9291956706744932,1.076199590204839,0.25,1.0,1.0,0.0,0.0,0.0,0.0,0.0,0.0,0.0,d/dr at r = r_over_rs = 1/u (r_s = 1); u-column data consumed via d/dr = -u^2 d/du; stencils jet9d8 window=9 degree=8 on strictly increasing r
0.928717804660268,1.07675334206154,0.25,1.0,1.0,0.0,0.0,0.0,0.0,0.0,0.0,0.0,d/dr at r = r_over_rs = 1/u (r_s = 1); u-column data consumed via d/dr = -u^2 d/du; stencils jet9d8 window=9 degree=8 on strictly increasing r
0.9282404299065092,1.0773070939182408,0.25,1.0,1.0,0.0,0.0,0.0,0.0,0.0,0.0,0.0,d/dr at r = r_over_rs = 1/u (r_s = 1); u-column data consumed via d/dr = -u^2 d/du; stencils jet9d8 window=9 degree=8 on strictly increasing r
0.9277635456560606,1.0778608457749415,0.25,1.0,1.0,0.0,0.0,0.0,0.0,0.0,0.0,0.0,d/dr at r = r_over_rs = 1/u (r_s = 1); u-column data consumed via d/dr = -u^2 d/du; stencils jet9d8 window=9 degree=8 on strictly increasing r
0.9272871511533204,1.0784145976316424,0.25,1.0,1.0,0.0,0.0,0.0,0.0,0.0,0.0,0.0,d/dr at r = r_over_rs = 1/u (r_s = 1); u-column data consumed via d/dr = -u^2 d/du; stencils jet9d8 window=9 degree=8 on strictly increasing r
0.9268112456442388,1.0789683494883435,0.25,1.0,1.0,0.0,0.0,0.0,0.0,0.0,0.0,0.0,d/dr at r = r_over_rs = 1/u (r_s = 1); u-column data consumed via d/dr = -u^2 d/du; stencils jet9d8 window=9 degree=8 on strictly increasing r
0.9263358283763136,1.079522101345044,0.25,1.0,1.0,0.0,0.0,0.0,0.0,0.0,0.0,0.0,d/dr at r = r_over_rs = 1/u (r_s = 1); u-column data consumed via d/dr = -u^2 d/du; stencils jet9d8 window=9 degree=8 on strictly increasing r
0.925860898598584,1.0800758532017452,0.25,1.0,1.0,0.0,0.0,0.0,0.0,0.0,0.0,0.0,d/dr at r = r_over_rs = 1/u (r_s = 1); u-column data consumed via d/dr = -u^2 d/du; stencils jet9d8 window=9 degree=8 on strictly increasing r
0.9253864555616308,1.0806296050584456,0.25,1.0,1.0,0.0,0.0,0.0,0.0,0.0,0.0,0.0,d/dr at r = r_over_rs = 1/u (r_s = 1); u-column data consumed via d/dr = -u^2 d/du; stencils jet9d8 window=9 degree=8 on strictly increasing r
0.924912498517568,1.081183356915147,0.25,1.0,1.0,0.0,0.0,0.0,0.0,0.0,0.0,0.0,d/dr at r = r_over_rs = 1/u (r_s = 1); u-column data consumed via d/dr = -u^2 d/du; stencils jet9d8 window=9 degree=8 on strictly increasing r
0.9244390267200432,1.0817371087718473,0.25,1.0,1.0,0.0,0.0,0.0,0.0,0.0,0.0,0.0,d/dr at r = r_over_rs = 1/u (r_s = 1); u-column data consumed via d/dr = -u^2 d/du; stencils jet9d8 window=9 degree=8 on strictly increasing r
0.923966039424229,1.0822908606285484,0.25,1.0,1.0,0.0,0.0,0.0,0.0,0.0,0.0,0.0,d/dr at r = r_over_rs = 1/u (r_s = 1); u-column data consumed via d/dr = -u^2 d/du; stencils jet9d8 window=9 degree=8 on strictly increasing r
0.9234935358868234,1.0828446124852493,0.25,1.0,1.0,0.0,0.0,0.0,0.0,0.0,0.0,0.0,d/dr at r = r_over_rs = 1/u (r_s = 1); u-column data consumed via d/dr = -u^2 d/du; stencils jet9d8 window=9 degree=8 on strictly increasing r
0.9230215153660438,1.08339836434195,0.25,1.0,1.0,0.0,0.0,0.0,0.0,0.0,0.0,0.0,d/dr at r = r_over_rs = 1/u (r_s = 1); u-column data consumed via d/dr = -u^2 d/du; stencils jet9d8 window=9 degree=8 on strictly increasing r
0.9225499771216228,1.083952116198651,0.25,1.0,1.0,0.0,0.0,0.0,0.0,0.0,0.0,0.0,d/dr at r = r_over_rs = 1/u (r_s = 1); u-column data consumed via d/dr = -u^2 d/du; stencils jet9d8 window=9 degree=8 on strictly increasing r
0.9220789204148052,1.0845058680553519,0.25,1.0,1.0,0.0,0.0,0.0,0.0,0.0,0.0,0.0,d/dr at r = r_over_rs = 1/u (r_s = 1); u-column data consumed via d/dr = -u^2 d/du; stencils jet9d8 window=9 degree=8 on strictly increasing r
0.921608344508344,1.085059619912053,0.25,1.0,1.0,0.0,0.0,0.0,0.0,0.0,0.0,0.0,d/dr at r = r_over_rs = 1/u (r_s = 1); u-column data consumed via d/dr = -u^2 d/du; stencils jet9d8 window=9 degree=8 on strictly increasing r
0.9211382486664969,1.0856133717687533,0.25,1.0,1.0,0.0,0.0,0.0,0.0,0.0,0.0,0.0,d/dr at r = r_over_rs = 1/u (r_s = 1); u-column data consumed via d/dr = -u^2 d/du; stencils jet9d8 window=9 degree=8 on strictly increasing r
0.9206686321550204,1.0861671236254544,0.25,1.0,1.0,0.0,0.0,0.0,0.0,0.0,0.0,0.0,d/dr at r = r_over_rs = 1/u (r_s = 1); u-column data consumed via d/dr = -u^2 d/du; stencils jet9d8 window=9 degree=8 on strictly increasing r
0.9201994942411692,1.0867208754821553,0.25,1.0,1.0,0.0,0.0,0.0,0.0,0.0,0.0,0.0,d/dr at r = r_over_rs = 1/u (r_s = 1); u-column data consumed via d/dr = -u^2 d/du; stencils jet9d8 window=9 degree=8 on strictly increasing r
0.9197308341936904,1.087274627338856,0.25,1.0,1.0,0.0,0.0,0.0,0.0,0.0,0.0,0.0,d/dr at r = r_over_rs = 1/u (r_s = 1); u-column data consumed via d/dr = -u^2 d/du; stencils jet9d8 window=9 degree=8 on strictly increasing r
0.9192626512828196,1.0878283791955567,0.25,1.0,1.0,0.0,0.0,0.0,0.0,0.0,0.0,0.0,d/dr at r = r_over_rs = 1/u (r_s = 1); u-column data consumed via d/dr = -u^2 d/du; stencils jet9d8 window=9 degree=8 on strictly increasing r
0.9187949447802776,1.0883821310522577,0.25,1.0,1.0,0.0,0.0,0.0,0.0,0.0,0.0,0.0,d/dr at r = r_over_rs = 1/u (r_s = 1); u-column data consumed via d/dr = -u^2 d/du; stencils jet9d8 window=9 degree=8 on strictly increasing r
0.918327713959267,1.0889358829089586,0.25,1.0,1.0,0.0,0.0,0.0,0.0,0.0,0.0,0.0,d/dr at r = r_over_rs = 1/u (r_s = 1); u-column data consumed via d/dr = -u^2 d/du; stencils jet9d8 window=9 degree=8 on strictly increasing r
0.9178609580944678,1.0894896347656595,0.25,1.0,1.0,0.0,0.0,0.0,0.0,0.0,0.0,0.0,d/dr at r = r_over_rs = 1/u (r_s = 1); u-column data consumed via d/dr = -u^2 d/du; stencils jet9d8 window=9 degree=8 on strictly increasing r
0.9173946764620338,1.0900433866223604,0.25,1.0,1.0,0.0,0.0,0.0,0.0,0.0,0.0,0.0,d/dr at r = r_over_rs = 1/u (r_s = 1); u-column data consumed via d/dr = -u^2 d/du; stencils jet9d8 window=9 degree=8 on strictly increasing r
0.9169288683395894,1.0905971384790611,0.25,1.0,1.0,0.0,0.0,0.0,0.0,0.0,0.0,0.0,d/dr at r = r_over_rs = 1/u (r_s = 1); u-column data consumed via d/dr = -u^2 d/du; stencils jet9d8 window=9 degree=8 on strictly increasing r
0.9164635330062244,1.0911508903357623,0.25,1.0,1.0,0.0,0.0,0.0,0.0,0.0,0.0,0.0,d/dr at r = r_over_rs = 1/u (r_s = 1); u-column data consumed via d/dr = -u^2 d/du; stencils jet9d8 window=9 degree=8 on strictly increasing r
0.9159986697424928,1.0917046421924628,0.25,1.0,1.0,0.0,0.0,0.0,0.0,0.0,0.0,0.0,d/dr at r = r_over_rs = 1/u (r_s = 1); u-column data consumed via d/dr = -u^2 d/du; stencils jet9d8 window=9 degree=8 on strictly increasing r
0.9155342778304058,1.092258394049164,0.25,1.0,1.0,0.0,0.0,0.0,0.0,0.0,0.0,0.0,d/dr at r = r_over_rs = 1/u (r_s = 1); u-column data consumed via d/dr = -u^2 d/du; stencils jet9d8 window=9 degree=8 on strictly increasing r
0.9150703565534314,1.0928121459058646,0.25,1.0,1.0,0.0,0.0,0.0,0.0,0.0,0.0,0.0,d/dr at r = r_over_rs = 1/u (r_s = 1); u-column data consumed via d/dr = -u^2 d/du; stencils jet9d8 window=9 degree=8 on strictly increasing r
0.9146069051964882,1.0933658977625655,0.25,1.0,1.0,0.0,0.0,0.0,0.0,0.0,0.0,0.0,d/dr at r = r_over_rs = 1/u (r_s = 1); u-column data consumed via d/dr = -u^2 d/du; stencils jet9d8 window=9 degree=8 on strictly increasing r
0.9141439230459432,1.0939196496192667,0.25,1.0,1.0,0.0,0.0,0.0,0.0,0.0,0.0,0.0,d/dr at r = r_over_rs = 1/u (r_s = 1); u-column data consumed via d/dr = -u^2 d/du; stencils jet9d8 window=9 degree=8 on strictly increasing r
0.913681409389608,1.0944734014759672,0.25,1.0,1.0,0.0,0.0,0.0,0.0,0.0,0.0,0.0,d/dr at r = r_over_rs = 1/u (r_s = 1); u-column data consumed via d/dr = -u^2 d/du; stencils jet9d8 window=9 degree=8 on strictly increasing r
0.9132193635167338,1.095027153332668,0.25,1.0,1.0,0.0,0.0,0.0,0.0,0.0,0.0,0.0,d/dr at r = r_over_rs = 1/u (r_s = 1); u-column data consumed via d/dr = -u^2 d/du; stencils jet9d8 window=9 degree=8 on strictly increasing r
0.9127577847180094,1.095580905189369,0.25,1.0,1.0,0.0,0.0,0.0,0.0,0.0,0.0,0.0,d/dr at r = r_over_rs = 1/u (r_s = 1); u-column data consumed via d/dr = -u^2 d/du; stencils jet9d8 window=9 degree=8 on strictly increasing r
0.9122966722855572,1.0961346570460697,0.25,1.0,1.0,0.0,0.0,0.0,0.0,0.0,0.0,0.0,d/dr at r = r_over_rs = 1/u (r_s = 1); u-column data consumed via d/dr = -u^2 d/du; stencils jet9d8 window=9 degree=8 on strictly increasing r
0.9118360255129287,1.0966884089027706,0.25,1.0,1.0,0.0,0.0,0.0,0.0,0.0,0.0,0.0,d/dr at r = r_over_rs = 1/u (r_s = 1); u-column data consumed via d/dr = -u^2 d/du; stencils jet9d8 window=9 degree=8 on strictly increasing r
0.9113758436951018,1.0972421607594716,0.25,1.0,1.0,0.0,0.0,0.0,0.0,0.0,0.0,0.0,d/dr at r = r_over_rs = 1/u (r_s = 1); u-column data consumed via d/dr = -u^2 d/du; stencils jet9d8 window=9 degree=8 on strictly increasing r
0.9109161261284772,1.0977959126161725,0.25,1.0,1.0,0.0,0.0,0.0,0.0,0.0,0.0,0.0,d/dr at r = r_over_rs = 1/u (r_s = 1); u-column data consumed via d/dr = -u^2 d/du; stencils jet9d8 window=9 degree=8 on strictly increasing r
0.910456872110874,1.0983496644728732,0.25,1.0,1.0,0.0,0.0,0.0,0.0,0.0,0.0,0.0,d/dr at r = r_over_rs = 1/u (r_s = 1); u-column data consumed via d/dr = -u^2 d/du; stencils jet9d8 window=9 degree=8 on strictly increasing r
0.9099980809415268,1.0989034163295741,0.25,1.0,1.0,0.0,0.0,0.0,0.0,0.0,0.0,0.0,d/dr at r = r_over_rs = 1/u (r_s = 1); u-column data consumed via d/dr = -u^2 d/du; stencils jet9d8 window=9 degree=8 on strictly increasing r
0.909539751921082,1.099457168186275,0.25,1.0,1.0,0.0,0.0,0.0,0.0,0.0,0.0,0.0,d/dr at r = r_over_rs = 1/u (r_s = 1); u-column data consumed via d/dr = -u^2 d/du; stencils jet9d8 window=9 degree=8 on strictly increasing r
0.9090818843515948,1.100010920042976,0.25,1.0,1.0,0.0,0.0,0.0,0.0,0.0,0.0,0.0,d/dr at r = r_over_rs = 1/u (r_s = 1); u-column data consumed via d/dr = -u^2 d/du; stencils jet9d8 window=9 degree=8 on strictly increasing r
0.9086244775365244,1.1005646718996764,0.25,1.0,1.0,0.0,0.0,0.0,0.0,0.0,0.0,0.0,d/dr at r = r_over_rs = 1/u (r_s = 1); u-column data consumed via d/dr = -u^2 d/du; stencils jet9d8 window=9 degree=8 on strictly increasing r
0.908167530780731,1.1011184237563776,0.25,1.0,1.0,0.0,0.0,0.0,0.0,0.0,0.0,0.0,d/dr at r = r_over_rs = 1/u (r_s = 1); u-column data consumed via d/dr = -u^2 d/du; stencils jet9d8 window=9 degree=8 on strictly increasing r
0.9077110433904731,1.1016721756130785,0.25,1.0,1.0,0.0,0.0,0.0,0.0,0.0,0.0,0.0,d/dr at r = r_over_rs = 1/u (r_s = 1); u-column data consumed via d/dr = -u^2 d/du; stencils jet9d8 window=9 degree=8 on strictly increasing r
0.9072550146734032,1.1022259274697792,0.25,1.0,1.0,0.0,0.0,0.0,0.0,0.0,0.0,0.0,d/dr at r = r_over_rs = 1/u (r_s = 1); u-column data consumed via d/dr = -u^2 d/du; stencils jet9d8 window=9 degree=8 on strictly increasing r
0.906799443938564,1.10277967932648,0.25,1.0,1.0,0.0,0.0,0.0,0.0,0.0,0.0,0.0,d/dr at r = r_over_rs = 1/u (r_s = 1); u-column data consumed via d/dr = -u^2 d/du; stencils jet9d8 window=9 degree=8 on strictly increasing r
0.9063443304963856,1.1033334311831808,0.25,1.0,1.0,0.0,0.0,0.0,0.0,0.0,0.0,0.0,d/dr at r = r_over_rs = 1/u (r_s = 1); u-column data consumed via d/dr = -u^2 d/du; stencils jet9d8 window=9 degree=8 on strictly increasing r
0.9058896736586818,1.1038871830398818,0.25,1.0,1.0,0.0,0.0,0.0,0.0,0.0,0.0,0.0,d/dr at r = r_over_rs = 1/u (r_s = 1); u-column data consumed via d/dr = -u^2 d/du; stencils jet9d8 window=9 degree=8 on strictly increasing r
0.9054354727386464,1.1044409348965827,0.25,1.0,1.0,0.0,0.0,0.0,0.0,0.0,0.0,0.0,d/dr at r = r_over_rs = 1/u (r_s = 1); u-column data consumed via d/dr = -u^2 d/du; stencils jet9d8 window=9 degree=8 on strictly increasing r
0.9049817270508504,1.1049946867532836,0.25,1.0,1.0,0.0,0.0,0.0,0.0,0.0,0.0,0.0,d/dr at r = r_over_rs = 1/u (r_s = 1); u-column data consumed via d/dr = -u^2 d/du; stencils jet9d8 window=9 degree=8 on strictly increasing r
0.9045284359112375,1.1055484386099843,0.25,1.0,1.0,0.0,0.0,0.0,0.0,0.0,0.0,0.0,d/dr at r = r_over_rs = 1/u (r_s = 1); u-column data consumed via d/dr = -u^2 d/du; stencils jet9d8 window=9 degree=8 on strictly increasing r
0.9040755986371216,1.1061021904666852,0.25,1.0,1.0,0.0,0.0,0.0,0.0,0.0,0.0,0.0,d/dr at r = r_over_rs = 1/u (r_s = 1); u-column data consumed via d/dr = -u^2 d/du; stencils jet9d8 window=9 degree=8 on strictly increasing r
0.9036232145471828,1.1066559423233864,0.25,1.0,1.0,0.0,0.0,0.0,0.0,0.0,0.0,0.0,d/dr at r = r_over_rs = 1/u (r_s = 1); u-column data consumed via d/dr = -u^2 d/du; stencils jet9d8 window=9 degree=8 on strictly increasing r
0.9031712829614646,1.1072096941800869,0.25,1.0,1.0,0.0,0.0,0.0,0.0,0.0,0.0,0.0,d/dr at r = r_over_rs = 1/u (r_s = 1); u-column data consumed via d/dr = -u^2 d/du; stencils jet9d8 window=9 degree=8 on strictly increasing r
0.9027198032013696,1.1077634460367878,0.25,1.0,1.0,0.0,0.0,0.0,0.0,0.0,0.0,0.0,d/dr at r = r_over_rs = 1/u (r_s = 1); u-column data consumed via d/dr = -u^2 d/du; stencils jet9d8 window=9 degree=8 on strictly increasing r
0.9022687745896566,1.1083171978934887,0.25,1.0,1.0,0.0,0.0,0.0,0.0,0.0,0.0,0.0,d/dr at r = r_over_rs = 1/u (r_s = 1); u-column data consumed via d/dr = -u^2 d/du; stencils jet9d8 window=9 degree=8 on strictly increasing r
0.901818196450438,1.1088709497501892,0.25,1.0,1.0,0.0,0.0,0.0,0.0,0.0,0.0,0.0,d/dr at r = r_over_rs = 1/u (r_s = 1); u-column data consumed via d/dr = -u^2 d/du; stencils jet9d8 window=9 degree=8 on strictly increasing r
0.9013680681091744,1.1094247016068903,0.25,1.0,1.0,0.0,0.0,0.0,0.0,0.0,0.0,0.0,d/dr at r = r_over_rs = 1/u (r_s = 1); u-column data consumed via d/dr = -u^2 d/du; stencils jet9d8 window=9 degree=8 on strictly increasing r
0.9009183888926736,1.109978453463591,0.25,1.0,1.0,0.0,0.0,0.0,0.0,0.0,0.0,0.0,d/dr at r = r_over_rs = 1/u (r_s = 1); u-column data consumed via d/dr = -u^2 d/du; stencils jet9d8 window=9 degree=8 on strictly increasing r
0.9004691581290855,1.110532205320292,0.25,1.0,1.0,0.0,0.0,0.0,0.0,0.0,0.0,0.0,d/dr at r = r_over_rs = 1/u (r_s = 1); u-column data consumed via d/dr = -u^2 d/du; stencils jet9d8 window=9 degree=8 on strictly increasing r
0.9000203751478993,1.1110859571769929,0.25,1.0,1.0,0.0,0.0,0.0,0.0,0.0,0.0,0.0,d/dr at r = r_over_rs = 1/u (r_s = 1); u-column data consumed via d/dr = -u^2 d/du; stencils jet9d8 window=9 degree=8 on strictly increasing r
0.8995720392799408,1.1116397090336938,0.25,1.0,1.0,0.0,0.0,0.0,0.0,0.0,0.0,0.0,d/dr at r = r_over_rs = 1/u (r_s = 1); u-column data consumed via d/dr = -u^2 d/du; stencils jet9d8 window=9 degree=8 on strictly increasing r
0.899124149857368,1.1121934608903947,0.25,1.0,1.0,0.0,0.0,0.0,0.0,0.0,0.0,0.0,d/dr at r = r_over_rs = 1/u (r_s = 1); u-column data consumed via d/dr = -u^2 d/du; stencils jet9d8 window=9 degree=8 on strictly increasing r
0.8986767062136686,1.1127472127470954,0.25,1.0,1.0,0.0,0.0,0.0,0.0,0.0,0.0,0.0,d/dr at r = r_over_rs = 1/u (r_s = 1); u-column data consumed via d/dr = -u^2 d/du; stencils jet9d8 window=9 degree=8 on strictly increasing r
0.8982297076836557,1.1133009646037964,0.25,1.0,1.0,0.0,0.0,0.0,0.0,0.0,0.0,0.0,d/dr at r = r_over_rs = 1/u (r_s = 1); u-column data consumed via d/dr = -u^2 d/du; stencils jet9d8 window=9 degree=8 on strictly increasing r
0.8977831536034663,1.1138547164604973,0.25,1.0,1.0,0.0,0.0,0.0,0.0,0.0,0.0,0.0,d/dr at r = r_over_rs = 1/u (r_s = 1); u-column data consumed via d/dr = -u^2 d/du; stencils jet9d8 window=9 degree=8 on strictly increasing r
0.8973370433105561,1.114408468317198,0.25,1.0,1.0,0.0,0.0,0.0,0.0,0.0,0.0,0.0,d/dr at r = r_over_rs = 1/u (r_s = 1); u-column data consumed via d/dr = -u^2 d/du; stencils jet9d8 window=9 degree=8 on strictly increasing r
0.8968913761436971,1.114962220173899,0.25,1.0,1.0,0.0,0.0,0.0,0.0,0.0,0.0,0.0,d/dr at r = r_over_rs = 1/u (r_s = 1); u-column data consumed via d/dr = -u^2 d/du; stencils jet9d8 window=9 degree=8 on strictly increasing r
0.8964461514429745,1.1155159720305998,0.25,1.0,1.0,0.0,0.0,0.0,0.0,0.0,0.0,0.0,d/dr at r = r_over_rs = 1/u (r_s = 1); u-column data consumed via d/dr = -u^2 d/du; stencils jet9d8 window=9 degree=8 on strictly increasing r
0.8960013685497833,1.1160697238873005,0.25,1.0,1.0,0.0,0.0,0.0,0.0,0.0,0.0,0.0,d/dr at r = r_over_rs = 1/u (r_s = 1); u-column data consumed via d/dr = -u^2 d/du; stencils jet9d8 window=9 degree=8 on strictly increasing r
0.8955570268068243,1.1166234757440014,0.25,1.0,1.0,0.0,0.0,0.0,0.0,0.0,0.0,0.0,d/dr at r = r_over_rs = 1/u (r_s = 1); u-column data consumed via d/dr = -u^2 d/du; stencils jet9d8 window=9 degree=8 on strictly increasing r
0.8951131255581022,1.1171772276007024,0.25,1.0,1.0,0.0,0.0,0.0,0.0,0.0,0.0,0.0,d/dr at r = r_over_rs = 1/u (r_s = 1); u-column data consumed via d/dr = -u^2 d/du; stencils jet9d8 window=9 degree=8 on strictly increasing r
0.8946696641489216,1.117730979457403,0.25,1.0,1.0,0.0,0.0,0.0,0.0,0.0,0.0,0.0,d/dr at r = r_over_rs = 1/u (r_s = 1); u-column data consumed via d/dr = -u^2 d/du; stencils jet9d8 window=9 degree=8 on strictly increasing r
0.8942266419258834,1.118284731314104,0.25,1.0,1.0,0.0,0.0,0.0,0.0,0.0,0.0,0.0,d/dr at r = r_over_rs = 1/u (r_s = 1); u-column data consumed via d/dr = -u^2 d/du; stencils jet9d8 window=9 degree=8 on strictly increasing r
0.8937840582368826,1.118838483170805,0.25,1.0,1.0,0.0,0.0,0.0,0.0,0.0,0.0,0.0,d/dr at r = r_over_rs = 1/u (r_s = 1); u-column data consumed via d/dr = -u^2 d/du; stencils jet9d8 window=9 degree=8 on strictly increasing r
0.8933419124311041,1.1193922350275058,0.25,1.0,1.0,0.0,0.0,0.0,0.0,0.0,0.0,0.0,d/dr at r = r_over_rs = 1/u (r_s = 1); u-column data consumed via d/dr = -u^2 d/du; stencils jet9d8 window=9 degree=8 on strictly increasing r
0.8929002038590206,1.1199459868842065,0.25,1.0,1.0,0.0,0.0,0.0,0.0,0.0,0.0,0.0,d/dr at r = r_over_rs = 1/u (r_s = 1); u-column data consumed via d/dr = -u^2 d/du; stencils jet9d8 window=9 degree=8 on strictly increasing r
0.8924589318723879,1.1204997387409075,0.25,1.0,1.0,0.0,0.0,0.0,0.0,0.0,0.0,0.0,d/dr at r = r_over_rs = 1/u (r_s = 1); u-column data consumed via d/dr = -u^2 d/du; stencils jet9d8 window=9 degree=8 on strictly increasing r
0.8920180958242434,1.1210534905976084,0.25,1.0,1.0,0.0,0.0,0.0,0.0,0.0,0.0,0.0,d/dr at r = r_over_rs = 1/u (r_s = 1); u-column data consumed via d/dr = -u^2 d/du; stencils jet9d8 window=9 degree=8 on strictly increasing r
0.8915776950689019,1.121607242454309,0.25,1.0,1.0,0.0,0.0,0.0,0.0,0.0,0.0,0.0,d/dr at r = r_over_rs = 1/u (r_s = 1); u-column data consumed via d/dr = -u^2 d/du; stencils jet9d8 window=9 degree=8 on strictly increasing r
0.8911377289619525,1.12216099431101,0.25,1.0,1.0,0.0,0.0,0.0,0.0,0.0,0.0,0.0,d/dr at r = r_over_rs = 1/u (r_s = 1); u-column data consumed via d/dr = -u^2 d/du; stencils jet9d8 window=9 degree=8 on strictly increasing r
0.8906981968602559,1.122714746167711,0.25,1.0,1.0,0.0,0.0,0.0,0.0,0.0,0.0,0.0,d/dr at r = r_over_rs = 1/u (r_s = 1); u-column data consumed via d/dr = -u^2 d/du; stencils jet9d8 window=9 degree=8 on strictly increasing r
0.890259098121941,1.1232684980244116,0.25,1.0,1.0,0.0,0.0,0.0,0.0,0.0,0.0,0.0,d/dr at r = r_over_rs = 1/u (r_s = 1); u-column data consumed via d/dr = -u^2 d/du; stencils jet9d8 window=9 degree=8 on strictly increasing r
0.8898204321064016,1.1238222498811126,0.25,1.0,1.0,0.0,0.0,0.0,0.0,0.0,0.0,0.0,d/dr at r = r_over_rs = 1/u (r_s = 1); u-column data consumed via d/dr = -u^2 d/du; stencils jet9d8 window=9 degree=8 on strictly increasing r
0.8893821981742936,1.1243760017378135,0.25,1.0,1.0,0.0,0.0,0.0,0.0,0.0,0.0,0.0,d/dr at r = r_over_rs = 1/u (r_s = 1); u-column data consumed via d/dr = -u^2 d/du; stencils jet9d8 window=9 degree=8 on strictly increasing r
0.8889443956875323,1.1249297535945142,0.25,1.0,1.0,0.0,0.0,0.0,0.0,0.0,0.0,0.0,d/dr at r = r_over_rs = 1/u (r_s = 1); u-column data consumed via d/dr = -u^2 d/du; stencils jet9d8 window=9 degree=8 on strictly increasing r
0.8885070240092876,1.1254835054512151,0.25,1.0,1.0,0.0,0.0,0.0,0.0,0.0,0.0,0.0,d/dr at r = r_over_rs = 1/u (r_s = 1); u-column data consumed via d/dr = -u^2 d/du; stencils jet9d8 window=9 degree=8 on strictly increasing r
0.8880700825039832,1.126037257307916,0.25,1.0,1.0,0.0,0.0,0.0,0.0,0.0,0.0,0.0,d/dr at r = r_over_rs = 1/u (r_s = 1); u-column data consumed via d/dr = -u^2 d/du; stencils jet9d8 window=9 degree=8 on strictly increasing r
0.887633570537292,1.126591009164617,0.25,1.0,1.0,0.0,0.0,0.0,0.0,0.0,0.0,0.0,d/dr at r = r_over_rs = 1/u (r_s = 1); u-column data consumed via d/dr = -u^2 d/du; stencils jet9d8 window=9 degree=8 on strictly increasing r
0.8871974874761336,1.1271447610213177,0.25,1.0,1.0,0.0,0.0,0.0,0.0,0.0,0.0,0.0,d/dr at r = r_over_rs = 1/u (r_s = 1); u-column data consumed via d/dr = -u^2 d/du; stencils jet9d8 window=9 degree=8 on strictly increasing r
0.8867618326886705,1.1276985128780186,0.25,1.0,1.0,0.0,0.0,0.0,0.0,0.0,0.0,0.0,d/dr at r = r_over_rs = 1/u (r_s = 1); u-column data consumed via d/dr = -u^2 d/du; stencils jet9d8 window=9 degree=8 on strictly increasing r
0.8863266055443063,1.1282522647347195,0.25,1.0,1.0,0.0,0.0,0.0,0.0,0.0,0.0,0.0,d/dr at r = r_over_rs = 1/u (r_s = 1); u-column data consumed via d/dr = -u^2 d/du; stencils jet9d8 window=9 degree=8 on strictly increasing r
0.8858918054136821,1.1288060165914202,0.25,1.0,1.0,0.0,0.0,0.0,0.0,0.0,0.0,0.0,d/dr at r = r_over_rs = 1/u (r_s = 1); u-column data consumed via d/dr = -u^2 d/du; stencils jet9d8 window=9 degree=8 on strictly increasing r
0.8854574316686725,1.1293597684481211,0.25,1.0,1.0,0.0,0.0,0.0,0.0,0.0,0.0,0.0,d/dr at r = r_over_rs = 1/u (r_s = 1); u-column data consumed via d/dr = -u^2 d/du; stencils jet9d8 window=9 degree=8 on strictly increasing r
0.8850234836823843,1.129913520304822,0.25,1.0,1.0,0.0,0.0,0.0,0.0,0.0,0.0,0.0,d/dr at r = r_over_rs = 1/u (r_s = 1); u-column data consumed via d/dr = -u^2 d/du; stencils jet9d8 window=9 degree=8 on strictly increasing r
0.8845899608291522,1.1304672721615228,0.25,1.0,1.0,0.0,0.0,0.0,0.0,0.0,0.0,0.0,d/dr at r = r_over_rs = 1/u (r_s = 1); u-column data consumed via d/dr = -u^2 d/du; stencils jet9d8 window=9 degree=8 on strictly increasing r
0.8841568624845363,1.1310210240182237,0.25,1.0,1.0,0.0,0.0,0.0,0.0,0.0,0.0,0.0,d/dr at r = r_over_rs = 1/u (r_s = 1); u-column data consumed via d/dr = -u^2 d/du; stencils jet9d8 window=9 degree=8 on strictly increasing r
0.8837241880253189,1.1315747758749246,0.25,1.0,1.0,0.0,0.0,0.0,0.0,0.0,0.0,0.0,d/dr at r = r_over_rs = 1/u (r_s = 1); u-column data consumed via d/dr = -u^2 d/du; stencils jet9d8 window=9 degree=8 on strictly increasing r
0.8832919368295021,1.1321285277316253,0.25,1.0,1.0,0.0,0.0,0.0,0.0,0.0,0.0,0.0,d/dr at r = r_over_rs = 1/u (r_s = 1); u-column data consumed via d/dr = -u^2 d/du; stencils jet9d8 window=9 degree=8 on strictly increasing r
0.8828601082763036,1.1326822795883262,0.25,1.0,1.0,0.0,0.0,0.0,0.0,0.0,0.0,0.0,d/dr at r = r_over_rs = 1/u (r_s = 1); u-column data consumed via d/dr = -u^2 d/du; stencils jet9d8 window=9 degree=8 on strictly increasing r
0.8824287017461548,1.1332360314450272,0.25,1.0,1.0,0.0,0.0,0.0,0.0,0.0,0.0,0.0,d/dr at r = r_over_rs = 1/u (r_s = 1); u-column data consumed via d/dr = -u^2 d/du; stencils jet9d8 window=9 degree=8 on strictly increasing r
0.8819977166206978,1.133789783301728,0.25,1.0,1.0,0.0,0.0,0.0,0.0,0.0,0.0,0.0,d/dr at r = r_over_rs = 1/u (r_s = 1); u-column data consumed via d/dr = -u^2 d/du; stencils jet9d8 window=9 degree=8 on strictly increasing r
0.8815671522827822,1.1343435351584288,0.25,1.0,1.0,0.0,0.0,0.0,0.0,0.0,0.0,0.0,d/dr at r = r_over_rs = 1/u (r_s = 1); u-column data consumed via d/dr = -u^2 d/du; stencils jet9d8 window=9 degree=8 on strictly increasing r
0.8811370081164611,1.1348972870151297,0.25,1.0,1.0,0.0,0.0,0.0,0.0,0.0,0.0,0.0,d/dr at r = r_over_rs = 1/u (r_s = 1); u-column data consumed via d/dr = -u^2 d/du; stencils jet9d8 window=9 degree=8 on strictly increasing r
0.8807072835069903,1.1354510388718306,0.25,1.0,1.0,0.0,0.0,0.0,0.0,0.0,0.0,0.0,d/dr at r = r_over_rs = 1/u (r_s = 1); u-column data consumed via d/dr = -u^2 d/du; stencils jet9d8 window=9 degree=8 on strictly increasing r
0.880277977840824,1.1360047907285313,0.25,1.0,1.0,0.0,0.0,0.0,0.0,0.0,0.0,0.0,d/dr at r = r_over_rs = 1/u (r_s = 1); u-column data consumed via d/dr = -u^2 d/du; stencils jet9d8 window=9 degree=8 on strictly increasing r
0.8798490905056116,1.1365585425852323,0.25,1.0,1.0,0.0,0.0,0.0,0.0,0.0,0.0,0.0,d/dr at r = r_over_rs = 1/u (r_s = 1); u-column data consumed via d/dr = -u^2 d/du; stencils jet9d8 window=9 degree=8 on strictly increasing r
0.8794206208901958,1.1371122944419332,0.25,1.0,1.0,0.0,0.0,0.0,0.0,0.0,0.0,0.0,d/dr at r = r_over_rs = 1/u (r_s = 1); u-column data consumed via d/dr = -u^2 d/du; stencils jet9d8 window=9 degree=8 on strictly increasing r
0.8789925683846093,1.1376660462986339,0.25,1.0,1.0,0.0,0.0,0.0,0.0,0.0,0.0,0.0,d/dr at r = r_over_rs = 1/u (r_s = 1); u-column data consumed via d/dr = -u^2 d/du; stencils jet9d8 window=9 degree=8 on strictly increasing r
0.8785649323800712,1.1382197981553348,0.25,1.0,1.0,0.0,0.0,0.0,0.0,0.0,0.0,0.0,d/dr at r = r_over_rs = 1/u (r_s = 1); u-column data consumed via d/dr = -u^2 d/du; stencils jet9d8 window=9 degree=8 on strictly increasing r
0.8781377122689853,1.1387735500120357,0.25,1.0,1.0,0.0,0.0,0.0,0.0,0.0,0.0,0.0,d/dr at r = r_over_rs = 1/u (r_s = 1); u-column data consumed via d/dr = -u^2 d/du; stencils jet9d8 window=9 degree=8 on strictly increasing r
0.8777109074449367,1.1393273018687364,0.25,1.0,1.0,0.0,0.0,0.0,0.0,0.0,0.0,0.0,d/dr at r = r_over_rs = 1/u (r_s = 1); u-column data consumed via d/dr = -u^2 d/du; stencils jet9d8 window=9 degree=8 on strictly increasing r
0.8772845173026883,1.1398810537254374,0.25,1.0,1.0,0.0,0.0,0.0,0.0,0.0,0.0,0.0,d/dr at r = r_over_rs = 1/u (r_s = 1); u-column data consumed via d/dr = -u^2 d/du; stencils jet9d8 window=9 degree=8 on strictly increasing r
0.876858541238179,1.1404348055821383,0.25,1.0,1.0,0.0,0.0,0.0,0.0,0.0,0.0,0.0,d/dr at r = r_over_rs = 1/u (r_s = 1); u-column data consumed via d/dr = -u^2 d/du; stencils jet9d8 window=9 degree=8 on strictly increasing r
0.8764329786485202,1.1409885574388392,0.25,1.0,1.0,0.0,0.0,0.0,0.0,0.0,0.0,0.0,d/dr at r = r_over_rs = 1/u (r_s = 1); u-column data consumed via d/dr = -u^2 d/du; stencils jet9d8 window=9 degree=8 on strictly increasing r
0.8760078289319934,1.14154230929554,0.25,1.0,1.0,0.0,0.0,0.0,0.0,0.0,0.0,0.0,d/dr at r = r_over_rs = 1/u (r_s = 1); u-column data consumed via d/dr = -u^2 d/du; stencils jet9d8 window=9 degree=8 on strictly increasing r
0.8755830914880465,1.1420960611522408,0.25,1.0,1.0,0.0,0.0,0.0,0.0,0.0,0.0,0.0,d/dr at r = r_over_rs = 1/u (r_s = 1); u-column data consumed via d/dr = -u^2 d/du; stencils jet9d8 window=9 degree=8 on strictly increasing r
0.875158765717292,1.1426498130089418,0.25,1.0,1.0,0.0,0.0,0.0,0.0,0.0,0.0,0.0,d/dr at r = r_over_rs = 1/u (r_s = 1); u-column data consumed via d/dr = -u^2 d/du; stencils jet9d8 window=9 degree=8 on strictly increasing r
0.874734851021504,1.1432035648656425,0.25,1.0,1.0,0.0,0.0,0.0,0.0,0.0,0.0,0.0,d/dr at r = r_over_rs = 1/u (r_s = 1); u-column data consumed via d/dr = -u^2 d/du; stencils jet9d8 window=9 degree=8 on strictly increasing r
0.8743113468036142,1.1437573167223434,0.25,1.0,1.0,0.0,0.0,0.0,0.0,0.0,0.0,0.0,d/dr at r = r_over_rs = 1/u (r_s = 1); u-column data consumed via d/dr = -u^2 d/du; stencils jet9d8 window=9 degree=8 on strictly increasing r
0.873888252467711,1.1443110685790443,0.25,1.0,1.0,0.0,0.0,0.0,0.0,0.0,0.0,0.0,d/dr at r = r_over_rs = 1/u (r_s = 1); u-column data consumed via d/dr = -u^2 d/du; stencils jet9d8 window=9 degree=8 on strictly increasing r
0.8734655674190354,1.144864820435745,0.25,1.0,1.0,0.0,0.0,0.0,0.0,0.0,0.0,0.0,d/dr at r = r_over_rs = 1/u (r_s = 1); u-column data consumed via d/dr = -u^2 d/du; stencils jet9d8 window=9 degree=8 on strictly increasing r
0.873043291063978,1.145418572292446,0.25,1.0,1.0,0.0,0.0,0.0,0.0,0.0,0.0,0.0,d/dr at r = r_over_rs = 1/u (r_s = 1); u-column data consumed via d/dr = -u^2 d/du; stencils jet9d8 window=9 degree=8 on strictly increasing r
0.8726214228100776,1.1459723241491468,0.25,1.0,1.0,0.0,0.0,0.0,0.0,0.0,0.0,0.0,d/dr at r = r_over_rs = 1/u (r_s = 1); u-column data consumed via d/dr = -u^2 d/du; stencils jet9d8 window=9 degree=8 on strictly increasing r
0.8721999620660174,1.1465260760058475,0.25,1.0,1.0,0.0,0.0,0.0,0.0,0.0,0.0,0.0,d/dr at r = r_over_rs = 1/u (r_s = 1); u-column data consumed via d/dr = -u^2 d/du; stencils jet9d8 window=9 degree=8 on strictly increasing r
0.8717789082416219,1.1470798278625485,0.25,1.0,1.0,0.0,0.0,0.0,0.0,0.0,0.0,0.0,d/dr at r = r_over_rs = 1/u (r_s = 1); u-column data consumed via d/dr = -u^2 d/du; stencils jet9d8 window=9 degree=8 on strictly increasing r
0.871358260747855,1.1476335797192494,0.25,1.0,1.0,0.0,0.0,0.0,0.0,0.0,0.0,0.0,d/dr at r = r_over_rs = 1/u (r_s = 1); u-column data consumed via d/dr = -u^2 d/du; stencils jet9d8 window=9 degree=8 on strictly increasing r
0.8709380189968173,1.1481873315759503,0.25,1.0,1.0,0.0,0.0,0.0,0.0,0.0,0.0,0.0,d/dr at r = r_over_rs = 1/u (r_s = 1); u-column data consumed via d/dr = -u^2 d/du; stencils jet9d8 window=9 degree=8 on strictly increasing r
0.8705181824017427,1.148741083432651,0.25,1.0,1.0,0.0,0.0,0.0,0.0,0.0,0.0,0.0,d/dr at r = r_over_rs = 1/u (r_s = 1); u-column data consumed via d/dr = -u^2 d/du; stencils jet9d8 window=9 degree=8 on strictly increasing r
0.8700987503769955,1.149294835289352,0.25,1.0,1.0,0.0,0.0,0.0,0.0,0.0,0.0,0.0,d/dr at r = r_over_rs = 1/u (r_s = 1); u-column data consumed via d/dr = -u^2 d/du; stencils jet9d8 window=9 degree=8 on strictly increasing r
0.8696797223380688,1.1498485871460529,0.25,1.0,1.0,0.0,0.0,0.0,0.0,0.0,0.0,0.0,d/dr at r = r_over_rs = 1/u (r_s = 1); u-column data consumed via d/dr = -u^2 d/du; stencils jet9d8 window=9 degree=8 on strictly increasing r
0.8692610977015811,1.1504023390027536,0.25,1.0,1.0,0.0,0.0,0.0,0.0,0.0,0.0,0.0,d/dr at r = r_over_rs = 1/u (r_s = 1); u-column data consumed via d/dr = -u^2 d/du; stencils jet9d8 window=9 degree=8 on strictly increasing r
0.868842875885273,1.1509560908594545,0.25,1.0,1.0,0.0,0.0,0.0,0.0,0.0,0.0,0.0,d/dr at r = r_over_rs = 1/u (r_s = 1); u-column data consumed via d/dr = -u^2 d/du; stencils jet9d8 window=9 degree=8 on strictly increasing r
0.8684250563080057,1.1515098427161554,0.25,1.0,1.0,0.0,0.0,0.0,0.0,0.0,0.0,0.0,d/dr at r = r_over_rs = 1/u (r_s = 1); u-column data consumed via d/dr = -u^2 d/du; stencils jet9d8 window=9 degree=8 on strictly increasing r
0.8680076383897576,1.1520635945728561,0.25,1.0,1.0,0.0,0.0,0.0,0.0,0.0,0.0,0.0,d/dr at r = r_over_rs = 1/u (r_s = 1); u-column data consumed via d/dr = -u^2 d/du; stencils jet9d8 window=9 degree=8 on strictly increasing r
0.8675906215516215,1.152617346429557,0.25,1.0,1.0,0.0,0.0,0.0,0.0,0.0,0.0,0.0,d/dr at r = r_over_rs = 1/u (r_s = 1); u-column data consumed via d/dr = -u^2 d/du; stencils jet9d8 window=9 degree=8 on strictly increasing r
0.8671740052158023,1.153171098286258,0.25,1.0,1.0,0.0,0.0,0.0,0.0,0.0,0.0,0.0,d/dr at r = r_over_rs = 1/u (r_s = 1); u-column data consumed via d/dr = -u^2 d/du; stencils jet9d8 window=9 degree=8 on strictly increasing r
0.8667577888056147,1.1537248501429587,0.25,1.0,1.0,0.0,0.0,0.0,0.0,0.0,0.0,0.0,d/dr at r = r_over_rs = 1/u (r_s = 1); u-column data consumed via d/dr = -u^2 d/du; stencils jet9d8 window=9 degree=8 on strictly increasing r
0.8663419717454789,1.1542786019996596,0.25,1.0,1.0,0.0,0.0,0.0,0.0,0.0,0.0,0.0,d/dr at r = r_over_rs = 1/u (r_s = 1); u-column data consumed via d/dr = -u^2 d/du; stencils jet9d8 window=9 degree=8 on strictly increasing r
0.8659265534609202,1.1548323538563605,0.25,1.0,1.0,0.0,0.0,0.0,0.0,0.0,0.0,0.0,d/dr at r = r_over_rs = 1/u (r_s = 1); u-column data consumed via d/dr = -u^2 d/du; stencils jet9d8 window=9 degree=8 on strictly increasing r
0.8655115333785645,1.1553861057130614,0.25,1.0,1.0,0.0,0.0,0.0,0.0,0.0,0.0,0.0,d/dr at r = r_over_rs = 1/u (r_s = 1); u-column data consumed via d/dr = -u^2 d/du; stencils jet9d8 window=9 degree=8 on strictly increasing r
0.8650969109261369,1.1559398575697621,0.25,1.0,1.0,0.0,0.0,0.0,0.0,0.0,0.0,0.0,d/dr at r = r_over_rs = 1/u (r_s = 1); u-column data consumed via d/dr = -u^2 d/du; stencils jet9d8 window=9 degree=8 on strictly increasing r
0.8646826855324583,1.156493609426463,0.25,1.0,1.0,0.0,0.0,0.0,0.0,0.0,0.0,0.0,d/dr at r = r_over_rs = 1/u (r_s = 1); u-column data consumed via d/dr = -u^2 d/du; stencils jet9d8 window=9 degree=8 on strictly increasing r
0.8642688566274429,1.157047361283164,0.25,1.0,1.0,0.0,0.0,0.0,0.0,0.0,0.0,0.0,d/dr at r = r_over_rs = 1/u (r_s = 1); u-column data consumed via d/dr = -u^2 d/du; stencils jet9d8 window=9 degree=8 on strictly increasing r
0.8638554236420962,1.1576011131398647,0.25,1.0,1.0,0.0,0.0,0.0,0.0,0.0,0.0,0.0,d/dr at r = r_over_rs = 1/u (r_s = 1); u-column data consumed via d/dr = -u^2 d/du; stencils jet9d8 window=9 degree=8 on strictly increasing r
0.8634423860085114,1.1581548649965656,0.25,1.0,1.0,0.0,0.0,0.0,0.0,0.0,0.0,0.0,d/dr at r = r_over_rs = 1/u (r_s = 1); u-column data consumed via d/dr = -u^2 d/du; stencils jet9d8 window=9 degree=8 on strictly increasing r
0.8630297431598676,1.1587086168532665,0.25,1.0,1.0,0.0,0.0,0.0,0.0,0.0,0.0,0.0,d/dr at r = r_over_rs = 1/u (r_s = 1); u-column data consumed via d/dr = -u^2 d/du; stencils jet9d8 window=9 degree=8 on strictly increasing r
0.862617494530427,1.1592623687099672,0.25,1.0,1.0,0.0,0.0,0.0,0.0,0.0,0.0,0.0,d/dr at r = r_over_rs = 1/u (r_s = 1); u-column data consumed via d/dr = -u^2 d/du; stencils jet9d8 window=9 degree=8 on strictly increasing r
0.8622056395555319,1.1598161205666682,0.25,1.0,1.0,0.0,0.0,0.0,0.0,0.0,0.0,0.0,d/dr at r = r_over_rs = 1/u (r_s = 1); u-column data consumed via d/dr = -u^2 d/du; stencils jet9d8 window=9 degree=8 on strictly increasing r
0.8617941776716028,1.160369872423369,0.25,1.0,1.0,0.0,0.0,0.0,0.0,0.0,0.0,0.0,d/dr at r = r_over_rs = 1/u (r_s = 1); u-column data consumed via d/dr = -u^2 d/du; stencils jet9d8 window=9 degree=8 on strictly increasing r
0.8613831083161355,1.1609236242800698,0.25,1.0,1.0,0.0,0.0,0.0,0.0,0.0,0.0,0.0,d/dr at r = r_over_rs = 1/u (r_s = 1); u-column data consumed via d/dr = -u^2 d/du; stencils jet9d8 window=9 degree=8 on strictly increasing r
0.8609724309276983,1.1614773761367707,0.25,1.0,1.0,0.0,0.0,0.0,0.0,0.0,0.0,0.0,d/dr at r = r_over_rs = 1/u (r_s = 1); u-column data consumed via d/dr = -u^2 d/du; stencils jet9d8 window=9 degree=8 on strictly increasing r
0.8605621449459296,1.1620311279934716,0.25,1.0,1.0,0.0,0.0,0.0,0.0,0.0,0.0,0.0,d/dr at r = r_over_rs = 1/u (r_s = 1); u-column data consumed via d/dr = -u^2 d/du; stencils jet9d8 window=9 degree=8 on strictly increasing r
0.8601522498115358,1.1625848798501726,0.25,1.0,1.0,0.0,0.0,0.0,0.0,0.0,0.0,0.0,d/dr at r = r_over_rs = 1/u (r_s = 1); u-column data consumed via d/dr = -u^2 d/du; stencils jet9d8 window=9 degree=8 on strictly increasing r
0.8597427449662884,1.1631386317068733,0.25,1.0,1.0,0.0,0.0,0.0,0.0,0.0,0.0,0.0,d/dr at r = r_over_rs = 1/u (r_s = 1); u-column data consumed via d/dr = -u^2 d/du; stencils jet9d8 window=9 degree=8 on strictly increasing r
0.8593336298530209,1.1636923835635742,0.25,1.0,1.0,0.0,0.0,0.0,0.0,0.0,0.0,0.0,d/dr at r = r_over_rs = 1/u (r_s = 1); u-column data consumed via d/dr = -u^2 d/du; stencils jet9d8 window=9 degree=8 on strictly increasing r
0.8589249039156271,1.164246135420275,0.25,1.0,1.0,0.0,0.0,0.0,0.0,0.0,0.0,0.0,d/dr at r = r_over_rs = 1/u (r_s = 1); u-column data consumed via d/dr = -u^2 d/du; stencils jet9d8 window=9 degree=8 on strictly increasing r
0.8585165665990588,1.1647998872769758,0.25,1.0,1.0,0.0,0.0,0.0,0.0,0.0,0.0,0.0,d/dr at r = r_over_rs = 1/u (r_s = 1); u-column data consumed via d/dr = -u^2 d/du; stencils jet9d8 window=9 degree=8 on strictly increasing r
0.858108617349322,1.1653536391336767,0.25,1.0,1.0,0.0,0.0,0.0,0.0,0.0,0.0,0.0,d/dr at r = r_over_rs = 1/u (r_s = 1); u-column data consumed via d/dr = -u^2 d/du; stencils jet9d8 window=9 degree=8 on strictly increasing r
0.8577010556134754,1.1659073909903777,0.25,1.0,1.0,0.0,0.0,0.0,0.0,0.0,0.0,0.0,d/dr at r = r_over_rs = 1/u (r_s = 1); u-column data consumed via d/dr = -u^2 d/du; stencils jet9d8 window=9 degree=8 on strictly increasing r
0.8572938808396284,1.1664611428470784,0.25,1.0,1.0,0.0,0.0,0.0,0.0,0.0,0.0,0.0,d/dr at r = r_over_rs = 1/u (r_s = 1); u-column data consumed via d/dr = -u^2 d/du; stencils jet9d8 window=9 degree=8 on strictly increasing r
0.8568870924769368,1.1670148947037793,0.25,1.0,1.0,0.0,0.0,0.0,0.0,0.0,0.0,0.0,d/dr at r = r_over_rs = 1/u (r_s = 1); u-column data consumed via d/dr = -u^2 d/du; stencils jet9d8 window=9 degree=8 on strictly increasing r
0.8564806899756021,1.1675686465604802,0.25,1.0,1.0,0.0,0.0,0.0,0.0,0.0,0.0,0.0,d/dr at r = r_over_rs = 1/u (r_s = 1); u-column data consumed via d/dr = -u^2 d/du; stencils jet9d8 window=9 degree=8 on strictly increasing r
0.8560746727868683,1.168122398417181,0.25,1.0,1.0,0.0,0.0,0.0,0.0,0.0,0.0,0.0,d/dr at r = r_over_rs = 1/u (r_s = 1); u-column data consumed via d/dr = -u^2 d/du; stencils jet9d8 window=9 degree=8 on strictly increasing r
0.8556690403630192,1.1686761502738818,0.25,1.0,1.0,0.0,0.0,0.0,0.0,0.0,0.0,0.0,d/dr at r = r_over_rs = 1/u (r_s = 1); u-column data consumed via d/dr = -u^2 d/du; stencils jet9d8 window=9 degree=8 on strictly increasing r
0.8552637921573761,1.1692299021305828,0.25,1.0,1.0,0.0,0.0,0.0,0.0,0.0,0.0,0.0,d/dr at r = r_over_rs = 1/u (r_s = 1); u-column data consumed via d/dr = -u^2 d/du; stencils jet9d8 window=9 degree=8 on strictly increasing r
0.8548589276242962,1.1697836539872837,0.25,1.0,1.0,0.0,0.0,0.0,0.0,0.0,0.0,0.0,d/dr at r = r_over_rs = 1/u (r_s = 1); u-column data consumed via d/dr = -u^2 d/du; stencils jet9d8 window=9 degree=8 on strictly increasing r
0.8544544462191686,1.1703374058439844,0.25,1.0,1.0,0.0,0.0,0.0,0.0,0.0,0.0,0.0,d/dr at r = r_over_rs = 1/u (r_s = 1); u-column data consumed via d/dr = -u^2 d/du; stencils jet9d8 window=9 degree=8 on strictly increasing r
0.8540503473984128,1.1708911577006853,0.25,1.0,1.0,0.0,0.0,0.0,0.0,0.0,0.0,0.0,d/dr at r = r_over_rs = 1/u (r_s = 1); u-column data consumed via d/dr = -u^2 d/du; stencils jet9d8 window=9 degree=8 on strictly increasing r
0.8536466306194764,1.1714449095573862,0.25,1.0,1.0,0.0,0.0,0.0,0.0,0.0,0.0,0.0,d/dr at r = r_over_rs = 1/u (r_s = 1); u-column data consumed via d/dr = -u^2 d/du; stencils jet9d8 window=9 degree=8 on strictly increasing r
0.8532432953408324,1.171998661414087,0.25,1.0,1.0,0.0,0.0,0.0,0.0,0.0,0.0,0.0,d/dr at r = r_over_rs = 1/u (r_s = 1); u-column data consumed via d/dr = -u^2 d/du; stencils jet9d8 window=9 degree=8 on strictly increasing r
0.8528403410219763,1.1725524132707879,0.25,1.0,1.0,0.0,0.0,0.0,0.0,0.0,0.0,0.0,d/dr at r = r_over_rs = 1/u (r_s = 1); u-column data consumed via d/dr = -u^2 d/du; stencils jet9d8 window=9 degree=8 on strictly increasing r
0.8524377671234247,1.1731061651274888,0.25,1.0,1.0,0.0,0.0,0.0,0.0,0.0,0.0,0.0,d/dr at r = r_over_rs = 1/u (r_s = 1); u-column data consumed via d/dr = -u^2 d/du; stencils jet9d8 window=9 degree=8 on strictly increasing r
0.8520355731067121,1.1736599169841895,0.25,1.0,1.0,0.0,0.0,0.0,0.0,0.0,0.0,0.0,d/dr at r = r_over_rs = 1/u (r_s = 1); u-column data consumed via d/dr = -u^2 d/du; stencils jet9d8 window=9 degree=8 on strictly increasing r
0.8516337584343886,1.1742136688408904,0.25,1.0,1.0,0.0,0.0,0.0,0.0,0.0,0.0,0.0,d/dr at r = r_over_rs = 1/u (r_s = 1); u-column data consumed via d/dr = -u^2 d/du; stencils jet9d8 window=9 degree=8 on strictly increasing r
0.8512323225700179,1.1747674206975913,0.25,1.0,1.0,0.0,0.0,0.0,0.0,0.0,0.0,0.0,d/dr at r = r_over_rs = 1/u (r_s = 1); u-column data consumed via d/dr = -u^2 d/du; stencils jet9d8 window=9 degree=8 on strictly increasing r
0.8508312649781749,1.175321172554292,0.25,1.0,1.0,0.0,0.0,0.0,0.0,0.0,0.0,0.0,d/dr at r = r_over_rs = 1/u (r_s = 1); u-column data consumed via d/dr = -u^2 d/du; stencils jet9d8 window=9 degree=8 on strictly increasing r
0.8504305851244423,1.175874924410993,0.25,1.0,1.0,0.0,0.0,0.0,0.0,0.0,0.0,0.0,d/dr at r = r_over_rs = 1/u (r_s = 1); u-column data consumed via d/dr = -u^2 d/du; stencils jet9d8 window=9 degree=8 on strictly increasing r
0.8500302824754096,1.1764286762676939,0.25,1.0,1.0,0.0,0.0,0.0,0.0,0.0,0.0,0.0,d/dr at r = r_over_rs = 1/u (r_s = 1); u-column data consumed via d/dr = -u^2 d/du; stencils jet9d8 window=9 degree=8 on strictly increasing r
0.8496303564986701,1.1769824281243948,0.25,1.0,1.0,0.0,0.0,0.0,0.0,0.0,0.0,0.0,d/dr at r = r_over_rs = 1/u (r_s = 1); u-column data consumed via d/dr = -u^2 d/du; stencils jet9d8 window=9 degree=8 on strictly increasing r
0.8492308066628189,1.1775361799810955,0.25,1.0,1.0,0.0,0.0,0.0,0.0,0.0,0.0,0.0,d/dr at r = r_over_rs = 1/u (r_s = 1); u-column data consumed via d/dr = -u^2 d/du; stencils jet9d8 window=9 degree=8 on strictly increasing r
0.8488316324374492,1.1780899318377964,0.25,1.0,1.0,0.0,0.0,0.0,0.0,0.0,0.0,0.0,d/dr at r = r_over_rs = 1/u (r_s = 1); u-column data consumed via d/dr = -u^2 d/du; stencils jet9d8 window=9 degree=8 on strictly increasing r
0.848432833293152,1.1786436836944973,0.25,1.0,1.0,0.0,0.0,0.0,0.0,0.0,0.0,0.0,d/dr at r = r_over_rs = 1/u (r_s = 1); u-column data consumed via d/dr = -u^2 d/du; stencils jet9d8 window=9 degree=8 on strictly increasing r
0.8480344087015124,1.179197435551198,0.25,1.0,1.0,0.0,0.0,0.0,0.0,0.0,0.0,0.0,d/dr at r = r_over_rs = 1/u (r_s = 1); u-column data consumed via d/dr = -u^2 d/du; stencils jet9d8 window=9 degree=8 on strictly increasing r
0.8476363581351074,1.179751187407899,0.25,1.0,1.0,0.0,0.0,0.0,0.0,0.0,0.0,0.0,d/dr at r = r_over_rs = 1/u (r_s = 1); u-column data consumed via d/dr = -u^2 d/du; stencils jet9d8 window=9 degree=8 on strictly increasing r
0.847238681067504,1.1803049392646,0.25,1.0,1.0,0.0,0.0,0.0,0.0,0.0,0.0,0.0,d/dr at r = r_over_rs = 1/u (r_s = 1); u-column data consumed via d/dr = -u^2 d/du; stencils jet9d8 window=9 degree=8 on strictly increasing r
0.8468413769732569,1.1808586911213006,0.25,1.0,1.0,0.0,0.0,0.0,0.0,0.0,0.0,0.0,d/dr at r = r_over_rs = 1/u (r_s = 1); u-column data consumed via d/dr = -u^2 d/du; stencils jet9d8 window=9 degree=8 on strictly increasing r
0.8464444453279053,1.1814124429780015,0.25,1.0,1.0,0.0,0.0,0.0,0.0,0.0,0.0,0.0,d/dr at r = r_over_rs = 1/u (r_s = 1); u-column data consumed via d/dr = -u^2 d/du; stencils jet9d8 window=9 degree=8 on strictly increasing r
0.8460478856079717,1.1819661948347024,0.25,1.0,1.0,0.0,0.0,0.0,0.0,0.0,0.0,0.0,d/dr at r = r_over_rs = 1/u (r_s = 1); u-column data consumed via d/dr = -u^2 d/du; stencils jet9d8 window=9 degree=8 on strictly increasing r
0.8456516972909593,1.1825199466914034,0.25,1.0,1.0,0.0,0.0,0.0,0.0,0.0,0.0,0.0,d/dr at r = r_over_rs = 1/u (r_s = 1); u-column data consumed via d/dr = -u^2 d/du; stencils jet9d8 window=9 degree=8 on strictly increasing r
0.8452558798553493,1.183073698548104,0.25,1.0,1.0,0.0,0.0,0.0,0.0,0.0,0.0,0.0,d/dr at r = r_over_rs = 1/u (r_s = 1); u-column data consumed via d/dr = -u^2 d/du; stencils jet9d8 window=9 degree=8 on strictly increasing r
0.8448604327805985,1.183627450404805,0.25,1.0,1.0,0.0,0.0,0.0,0.0,0.0,0.0,0.0,d/dr at r = r_over_rs = 1/u (r_s = 1); u-column data consumed via d/dr = -u^2 d/du; stencils jet9d8 window=9 degree=8 on strictly increasing r
0.8444653555471381,1.184181202261506,0.25,1.0,1.0,0.0,0.0,0.0,0.0,0.0,0.0,0.0,d/dr at r = r_over_rs = 1/u (r_s = 1); u-column data consumed via d/dr = -u^2 d/du; stencils jet9d8 window=9 degree=8 on strictly increasing r
0.8440706476363702,1.1847349541182066,0.25,1.0,1.0,0.0,0.0,0.0,0.0,0.0,0.0,0.0,d/dr at r = r_over_rs = 1/u (r_s = 1); u-column data consumed via d/dr = -u^2 d/du; stencils jet9d8 window=9 degree=8 on strictly increasing r
0.843676308530666,1.1852887059749075,0.25,1.0,1.0,0.0,0.0,0.0,0.0,0.0,0.0,0.0,d/dr at r = r_over_rs = 1/u (r_s = 1); u-column data consumed via d/dr = -u^2 d/du; stencils jet9d8 window=9 degree=8 on strictly increasing r
0.8432823377133639,1.1858424578316085,0.25,1.0,1.0,0.0,0.0,0.0,0.0,0.0,0.0,0.0,d/dr at r = r_over_rs = 1/u (r_s = 1); u-column data consumed via d/dr = -u^2 d/du; stencils jet9d8 window=9 degree=8 on strictly increasing r
0.8428887346687669,1.1863962096883092,0.25,1.0,1.0,0.0,0.0,0.0,0.0,0.0,0.0,0.0,d/dr at r = r_over_rs = 1/u (r_s = 1); u-column data consumed via d/dr = -u^2 d/du; stencils jet9d8 window=9 degree=8 on strictly increasing r
0.8424954988821398,1.18694996154501,0.25,1.0,1.0,0.0,0.0,0.0,0.0,0.0,0.0,0.0,d/dr at r = r_over_rs = 1/u (r_s = 1); u-column data consumed via d/dr = -u^2 d/du; stencils jet9d8 window=9 degree=8 on strictly increasing r
0.8421026298397082,1.187503713401711,0.25,1.0,1.0,0.0,0.0,0.0,0.0,0.0,0.0,0.0,d/dr at r = r_over_rs = 1/u (r_s = 1); u-column data consumed via d/dr = -u^2 d/du; stencils jet9d8 window=9 degree=8 on strictly increasing r
0.8417101270286553,1.1880574652584117,0.25,1.0,1.0,0.0,0.0,0.0,0.0,0.0,0.0,0.0,d/dr at r = r_over_rs = 1/u (r_s = 1); u-column data consumed via d/dr = -u^2 d/du; stencils jet9d8 window=9 degree=8 on strictly increasing r
0.8413179899371197,1.1886112171151126,0.25,1.0,1.0,0.0,0.0,0.0,0.0,0.0,0.0,0.0,d/dr at r = r_over_rs = 1/u (r_s = 1); u-column data consumed via d/dr = -u^2 d/du; stencils jet9d8 window=9 degree=8 on strictly increasing r
0.8409262180541939,1.1891649689718136,0.25,1.0,1.0,0.0,0.0,0.0,0.0,0.0,0.0,0.0,d/dr at r = r_over_rs = 1/u (r_s = 1); u-column data consumed via d/dr = -u^2 d/du; stencils jet9d8 window=9 degree=8 on strictly increasing r
0.8405348108699212,1.1897187208285145,0.25,1.0,1.0,0.0,0.0,0.0,0.0,0.0,0.0,0.0,d/dr at r = r_over_rs = 1/u (r_s = 1); u-column data consumed via d/dr = -u^2 d/du; stencils jet9d8 window=9 degree=8 on strictly increasing r
0.8401437678752943,1.1902724726852152,0.25,1.0,1.0,0.0,0.0,0.0,0.0,0.0,0.0,0.0,d/dr at r = r_over_rs = 1/u (r_s = 1); u-column data consumed via d/dr = -u^2 d/du; stencils jet9d8 window=9 degree=8 on strictly increasing r
0.8397530885622521,1.1908262245419161,0.25,1.0,1.0,0.0,0.0,0.0,0.0,0.0,0.0,0.0,d/dr at r = r_over_rs = 1/u (r_s = 1); u-column data consumed via d/dr = -u^2 d/du; stencils jet9d8 window=9 degree=8 on strictly increasing r
0.8393627724236786,1.191379976398617,0.25,1.0,1.0,0.0,0.0,0.0,0.0,0.0,0.0,0.0,d/dr at r = r_over_rs = 1/u (r_s = 1); u-column data consumed via d/dr = -u^2 d/du; stencils jet9d8 window=9 degree=8 on strictly increasing r
0.8389728189534001,1.1919337282553177,0.25,1.0,1.0,0.0,0.0,0.0,0.0,0.0,0.0,0.0,d/dr at r = r_over_rs = 1/u (r_s = 1); u-column data consumed via d/dr = -u^2 d/du; stencils jet9d8 window=9 degree=8 on strictly increasing r
0.838583227646183,1.1924874801120187,0.25,1.0,1.0,0.0,0.0,0.0,0.0,0.0,0.0,0.0,d/dr at r = r_over_rs = 1/u (r_s = 1); u-column data consumed via d/dr = -u^2 d/du; stencils jet9d8 window=9 degree=8 on strictly increasing r
0.8381939979977314,1.1930412319687196,0.25,1.0,1.0,0.0,0.0,0.0,0.0,0.0,0.0,0.0,d/dr at r = r_over_rs = 1/u (r_s = 1); u-column data consumed via d/dr = -u^2 d/du; stencils jet9d8 window=9 degree=8 on strictly increasing r
0.8378051295046861,1.1935949838254203,0.25,1.0,1.0,0.0,0.0,0.0,0.0,0.0,0.0,0.0,d/dr at r = r_over_rs = 1/u (r_s = 1); u-column data consumed via d/dr = -u^2 d/du; stencils jet9d8 window=9 degree=8 on strictly increasing r
0.8374166216646207,1.1941487356821212,0.25,1.0,1.0,0.0,0.0,0.0,0.0,0.0,0.0,0.0,d/dr at r = r_over_rs = 1/u (r_s = 1); u-column data consumed via d/dr = -u^2 d/du; stencils jet9d8 window=9 degree=8 on strictly increasing r
0.8370284739760406,1.1947024875388221,0.25,1.0,1.0,0.0,0.0,0.0,0.0,0.0,0.0,0.0,d/dr at r = r_over_rs = 1/u (r_s = 1); u-column data consumed via d/dr = -u^2 d/du; stencils jet9d8 window=9 degree=8 on strictly increasing r
0.836640685938381,1.1952562393955228,0.25,1.0,1.0,0.0,0.0,0.0,0.0,0.0,0.0,0.0,d/dr at r = r_over_rs = 1/u (r_s = 1); u-column data consumed via d/dr = -u^2 d/du; stencils jet9d8 window=9 degree=8 on strictly increasing r
0.8362532570520036,1.1958099912522238,0.25,1.0,1.0,0.0,0.0,0.0,0.0,0.0,0.0,0.0,d/dr at r = r_over_rs = 1/u (r_s = 1); u-column data consumed via d/dr = -u^2 d/du; stencils jet9d8 window=9 degree=8 on strictly increasing r
0.8358661868181955,1.1963637431089247,0.25,1.0,1.0,0.0,0.0,0.0,0.0,0.0,0.0,0.0,d/dr at r = r_over_rs = 1/u (r_s = 1); u-column data consumed via d/dr = -u^2 d/du; stencils jet9d8 window=9 degree=8 on strictly increasing r
0.8354794747391666,1.1969174949656256,0.25,1.0,1.0,0.0,0.0,0.0,0.0,0.0,0.0,0.0,d/dr at r = r_over_rs = 1/u (r_s = 1); u-column data consumed via d/dr = -u^2 d/du; stencils jet9d8 window=9 degree=8 on strictly increasing r
0.835093120318048,1.1974712468223263,0.25,1.0,1.0,0.0,0.0,0.0,0.0,0.0,0.0,0.0,d/dr at r = r_over_rs = 1/u (r_s = 1); u-column data consumed via d/dr = -u^2 d/du; stencils jet9d8 window=9 degree=8 on strictly increasing r
0.834707123058889,1.1980249986790272,0.25,1.0,1.0,0.0,0.0,0.0,0.0,0.0,0.0,0.0,d/dr at r = r_over_rs = 1/u (r_s = 1); u-column data consumed via d/dr = -u^2 d/du; stencils jet9d8 window=9 degree=8 on strictly increasing r
0.8343214824666552,1.1985787505357282,0.25,1.0,1.0,0.0,0.0,0.0,0.0,0.0,0.0,0.0,d/dr at r = r_over_rs = 1/u (r_s = 1); u-column data consumed via d/dr = -u^2 d/du; stencils jet9d8 window=9 degree=8 on strictly increasing r
0.8339361980472274,1.1991325023924289,0.25,1.0,1.0,0.0,0.0,0.0,0.0,0.0,0.0,0.0,d/dr at r = r_over_rs = 1/u (r_s = 1); u-column data consumed via d/dr = -u^2 d/du; stencils jet9d8 window=9 degree=8 on strictly increasing r
0.8335512693073981,1.1996862542491298,0.25,1.0,1.0,0.0,0.0,0.0,0.0,0.0,0.0,0.0,d/dr at r = r_over_rs = 1/u (r_s = 1); u-column data consumed via d/dr = -u^2 d/du; stencils jet9d8 window=9 degree=8 on strictly increasing r
0.83316669575487,1.2002400061058307,0.25,1.0,1.0,0.0,0.0,0.0,0.0,0.0,0.0,0.0,d/dr at r = r_over_rs = 1/u (r_s = 1); u-column data consumed via d/dr = -u^2 d/du; stencils jet9d8 window=9 degree=8 on strictly increasing r
0.8327824768982545,1.2007937579625314,0.25,1.0,1.0,0.0,0.0,0.0,0.0,0.0,0.0,0.0,d/dr at r = r_over_rs = 1/u (r_s = 1); u-column data consumed via d/dr = -u^2 d/du; stencils jet9d8 window=9 degree=8 on strictly increasing r
0.8323986122470681,1.2013475098192323,0.25,1.0,1.0,0.0,0.0,0.0,0.0,0.0,0.0,0.0,d/dr at r = r_over_rs = 1/u (r_s = 1); u-column data consumed via d/dr = -u^2 d/du; stencils jet9d8 window=9 degree=8 on strictly increasing r
0.832015101311732,1.2019012616759333,0.25,1.0,1.0,0.0,0.0,0.0,0.0,0.0,0.0,0.0,d/dr at r = r_over_rs = 1/u (r_s = 1); u-column data consumed via d/dr = -u^2 d/du; stencils jet9d8 window=9 degree=8 on strictly increasing r
0.8316319436035688,1.202455013532634,0.25,1.0,1.0,0.0,0.0,0.0,0.0,0.0,0.0,0.0,d/dr at r = r_over_rs = 1/u (r_s = 1); u-column data consumed via d/dr = -u^2 d/du; stencils jet9d8 window=9 degree=8 on strictly increasing r
0.831249138634801,1.2030087653893349,0.25,1.0,1.0,0.0,0.0,0.0,0.0,0.0,0.0,0.0,d/dr at r = r_over_rs = 1/u (r_s = 1); u-column data consumed via d/dr = -u^2 d/du; stencils jet9d8 window=9 degree=8 on strictly increasing r
0.8308666859185488,1.2035625172460358,0.25,1.0,1.0,0.0,0.0,0.0,0.0,0.0,0.0,0.0,d/dr at r = r_over_rs = 1/u (r_s = 1); u-column data consumed via d/dr = -u^2 d/du; stencils jet9d8 window=9 degree=8 on strictly increasing r
0.830484584968828,1.2041162691027367,0.25,1.0,1.0,0.0,0.0,0.0,0.0,0.0,0.0,0.0,d/dr at r = r_over_rs = 1/u (r_s = 1); u-column data consumed via d/dr = -u^2 d/du; stencils jet9d8 window=9 degree=8 on strictly increasing r
0.8301028353005483,1.2046700209594374,0.25,1.0,1.0,0.0,0.0,0.0,0.0,0.0,0.0,0.0,d/dr at r = r_over_rs = 1/u (r_s = 1); u-column data consumed via d/dr = -u^2 d/du; stencils jet9d8 window=9 degree=8 on strictly increasing r
0.8297214364295102,1.2052237728161384,0.25,1.0,1.0,0.0,0.0,0.0,0.0,0.0,0.0,0.0,d/dr at r = r_over_rs = 1/u (r_s = 1); u-column data consumed via d/dr = -u^2 d/du; stencils jet9d8 window=9 degree=8 on strictly increasing r
0.8293403878724043,1.2057775246728393,0.25,1.0,1.0,0.0,0.0,0.0,0.0,0.0,0.0,0.0,d/dr at r = r_over_rs = 1/u (r_s = 1); u-column data consumed via d/dr = -u^2 d/du; stencils jet9d8 window=9 degree=8 on strictly increasing r
0.8289596891468084,1.20633127652954,0.25,1.0,1.0,0.0,0.0,0.0,0.0,0.0,0.0,0.0,d/dr at r = r_over_rs = 1/u (r_s = 1); u-column data consumed via d/dr = -u^2 d/du; stencils jet9d8 window=9 degree=8 on strictly increasing r
0.8285793397711856,1.206885028386241,0.25,1.0,1.0,0.0,0.0,0.0,0.0,0.0,0.0,0.0,d/dr at r = r_over_rs = 1/u (r_s = 1); u-column data consumed via d/dr = -u^2 d/du; stencils jet9d8 window=9 degree=8 on strictly increasing r
0.8281993392648824,1.2074387802429418,0.25,1.0,1.0,0.0,0.0,0.0,0.0,0.0,0.0,0.0,d/dr at r = r_over_rs = 1/u (r_s = 1); u-column data consumed via d/dr = -u^2 d/du; stencils jet9d8 window=9 degree=8 on strictly increasing r
0.8278196871481271,1.2079925320996425,0.25,1.0,1.0,0.0,0.0,0.0,0.0,0.0,0.0,0.0,d/dr at r = r_over_rs = 1/u (r_s = 1); u-column data consumed via d/dr = -u^2 d/du; stencils jet9d8 window=9 degree=8 on strictly increasing r
0.8274403829420266,1.2085462839563434,0.25,1.0,1.0,0.0,0.0,0.0,0.0,0.0,0.0,0.0,d/dr at r = r_over_rs = 1/u (r_s = 1); u-column data consumed via d/dr = -u^2 d/du; stencils jet9d8 window=9 degree=8 on strictly increasing r
0.8270614261685654,1.2091000358130444,0.25,1.0,1.0,0.0,0.0,0.0,0.0,0.0,0.0,0.0,d/dr at r = r_over_rs = 1/u (r_s = 1); u-column data consumed via d/dr = -u^2 d/du; stencils jet9d8 window=9 degree=8 on strictly increasing r
0.8266828163506037,1.209653787669745,0.25,1.0,1.0,0.0,0.0,0.0,0.0,0.0,0.0,0.0,d/dr at r = r_over_rs = 1/u (r_s = 1); u-column data consumed via d/dr = -u^2 d/du; stencils jet9d8 window=9 degree=8 on strictly increasing r
0.8263045530118742,1.210207539526446,0.25,1.0,1.0,0.0,0.0,0.0,0.0,0.0,0.0,0.0,d/dr at r = r_over_rs = 1/u (r_s = 1); u-column data consumed via d/dr = -u^2 d/du; stencils jet9d8 window=9 degree=8 on strictly increasing r
0.8259266356769814,1.210761291383147,0.25,1.0,1.0,0.0,0.0,0.0,0.0,0.0,0.0,0.0,d/dr at r = r_over_rs = 1/u (r_s = 1); u-column data consumed via d/dr = -u^2 d/du; stencils jet9d8 window=9 degree=8 on strictly increasing r
0.8255490638713994,1.2113150432398478,0.25,1.0,1.0,0.0,0.0,0.0,0.0,0.0,0.0,0.0,d/dr at r = r_over_rs = 1/u (r_s = 1); u-column data consumed via d/dr = -u^2 d/du; stencils jet9d8 window=9 degree=8 on strictly increasing r
0.8251718371214689,1.2118687950965485,0.25,1.0,1.0,0.0,0.0,0.0,0.0,0.0,0.0,0.0,d/dr at r = r_over_rs = 1/u (r_s = 1); u-column data consumed via d/dr = -u^2 d/du; stencils jet9d8 window=9 degree=8 on strictly increasing r
0.8247949549543965,1.2124225469532495,0.25,1.0,1.0,0.0,0.0,0.0,0.0,0.0,0.0,0.0,d/dr at r = r_over_rs = 1/u (r_s = 1); u-column data consumed via d/dr = -u^2 d/du; stencils jet9d8 window=9 degree=8 on strictly increasing r
0.8244184168982517,1.2129762988099504,0.25,1.0,1.0,0.0,0.0,0.0,0.0,0.0,0.0,0.0,d/dr at r = r_over_rs = 1/u (r_s = 1); u-column data consumed via d/dr = -u^2 d/du; stencils jet9d8 window=9 degree=8 on strictly increasing r
0.824042222481966,1.213530050666651,0.25,1.0,1.0,0.0,0.0,0.0,0.0,0.0,0.0,0.0,d/dr at r = r_over_rs = 1/u (r_s = 1); u-column data consumed via d/dr = -u^2 d/du; stencils jet9d8 window=9 degree=8 on strictly increasing r
0.8236663712353297,1.214083802523352,0.25,1.0,1.0,0.0,0.0,0.0,0.0,0.0,0.0,0.0,d/dr at r = r_over_rs = 1/u (r_s = 1); u-column data consumed via d/dr = -u^2 d/du; stencils jet9d8 window=9 degree=8 on strictly increasing r
0.823290862688991,1.214637554380053,0.25,1.0,1.0,0.0,0.0,0.0,0.0,0.0,0.0,0.0,d/dr at r = r_over_rs = 1/u (r_s = 1); u-column data consumed via d/dr = -u^2 d/du; stencils jet9d8 window=9 degree=8 on strictly increasing r
0.8229156963744536,1.2151913062367536,0.25,1.0,1.0,0.0,0.0,0.0,0.0,0.0,0.0,0.0,d/dr at r = r_over_rs = 1/u (r_s = 1); u-column data consumed via d/dr = -u^2 d/du; stencils jet9d8 window=9 degree=8 on strictly increasing r
0.8225408718240743,1.2157450580934546,0.25,1.0,1.0,0.0,0.0,0.0,0.0,0.0,0.0,0.0,d/dr at r = r_over_rs = 1/u (r_s = 1); u-column data consumed via d/dr = -u^2 d/du; stencils jet9d8 window=9 degree=8 on strictly increasing r
0.8221663885710622,1.2162988099501555,0.25,1.0,1.0,0.0,0.0,0.0,0.0,0.0,0.0,0.0,d/dr at r = r_over_rs = 1/u (r_s = 1); u-column data consumed via d/dr = -u^2 d/du; stencils jet9d8 window=9 degree=8 on strictly increasing r
0.8217922461494757,1.2168525618068562,0.25,1.0,1.0,0.0,0.0,0.0,0.0,0.0,0.0,0.0,d/dr at r = r_over_rs = 1/u (r_s = 1); u-column data consumed via d/dr = -u^2 d/du; stencils jet9d8 window=9 degree=8 on strictly increasing r
0.8214184440942208,1.2174063136635571,0.25,1.0,1.0,0.0,0.0,0.0,0.0,0.0,0.0,0.0,d/dr at r = r_over_rs = 1/u (r_s = 1); u-column data consumed via d/dr = -u^2 d/du; stencils jet9d8 window=9 degree=8 on strictly increasing r
0.8210449819410497,1.217960065520258,0.25,1.0,1.0,0.0,0.0,0.0,0.0,0.0,0.0,0.0,d/dr at r = r_over_rs = 1/u (r_s = 1); u-column data consumed via d/dr = -u^2 d/du; stencils jet9d8 window=9 degree=8 on strictly increasing r
0.8206718592265584,1.218513817376959,0.25,1.0,1.0,0.0,0.0,0.0,0.0,0.0,0.0,0.0,d/dr at r = r_over_rs = 1/u (r_s = 1); u-column data consumed via d/dr = -u^2 d/du; stencils jet9d8 window=9 degree=8 on strictly increasing r
0.820299075488185,1.2190675692336597,0.25,1.0,1.0,0.0,0.0,0.0,0.0,0.0,0.0,0.0,d/dr at r = r_over_rs = 1/u (r_s = 1); u-column data consumed via d/dr = -u^2 d/du; stencils jet9d8 window=9 degree=8 on strictly increasing r
0.8199266302642072,1.2196213210903606,0.25,1.0,1.0,0.0,0.0,0.0,0.0,0.0,0.0,0.0,d/dr at r = r_over_rs = 1/u (r_s = 1); u-column data consumed via d/dr = -u^2 d/du; stencils jet9d8 window=9 degree=8 on strictly increasing r
0.8195545230937413,1.2201750729470615,0.25,1.0,1.0,0.0,0.0,0.0,0.0,0.0,0.0,0.0,d/dr at r = r_over_rs = 1/u (r_s = 1); u-column data consumed via d/dr = -u^2 d/du; stencils jet9d8 window=9 degree=8 on strictly increasing r
0.81918275351674,1.2207288248037622,0.25,1.0,1.0,0.0,0.0,0.0,0.0,0.0,0.0,0.0,d/dr at r = r_over_rs = 1/u (r_s = 1); u-column data consumed via d/dr = -u^2 d/du; stencils jet9d8 window=9 degree=8 on strictly increasing r
0.8188113210739898,1.2212825766604631,0.25,1.0,1.0,0.0,0.0,0.0,0.0,0.0,0.0,0.0,d/dr at r = r_over_rs = 1/u (r_s = 1); u-column data consumed via d/dr = -u^2 d/du; stencils jet9d8 window=9 degree=8 on strictly increasing r
0.8184402253071101,1.221836328517164,0.25,1.0,1.0,0.0,0.0,0.0,0.0,0.0,0.0,0.0,d/dr at r = r_over_rs = 1/u (r_s = 1); u-column data consumed via d/dr = -u^2 d/du; stencils jet9d8 window=9 degree=8 on strictly increasing r
0.8180694657585512,1.2223900803738648,0.25,1.0,1.0,0.0,0.0,0.0,0.0,0.0,0.0,0.0,d/dr at r = r_over_rs = 1/u (r_s = 1); u-column data consumed via d/dr = -u^2 d/du; stencils jet9d8 window=9 degree=8 on strictly increasing r
0.8176990419715913,1.2229438322305657,0.25,1.0,1.0,0.0,0.0,0.0,0.0,0.0,0.0,0.0,d/dr at r = r_over_rs = 1/u (r_s = 1); u-column data consumed via d/dr = -u^2 d/du; stencils jet9d8 window=9 degree=8 on strictly increasing r
0.817328953490336,1.2234975840872666,0.25,1.0,1.0,0.0,0.0,0.0,0.0,0.0,0.0,0.0,d/dr at r = r_over_rs = 1/u (r_s = 1); u-column data consumed via d/dr = -u^2 d/du; stencils jet9d8 window=9 degree=8 on strictly increasing r
0.816959199859716,1.2240513359439673,0.25,1.0,1.0,0.0,0.0,0.0,0.0,0.0,0.0,0.0,d/dr at r = r_over_rs = 1/u (r_s = 1); u-column data consumed via d/dr = -u^2 d/du; stencils jet9d8 window=9 degree=8 on strictly increasing r
0.8165897806254846,1.2246050878006682,0.25,1.0,1.0,0.0,0.0,0.0,0.0,0.0,0.0,0.0,d/dr at r = r_over_rs = 1/u (r_s = 1); u-column data consumed via d/dr = -u^2 d/du; stencils jet9d8 window=9 degree=8 on strictly increasing r
0.8162206953342167,1.2251588396573692,0.25,1.0,1.0,0.0,0.0,0.0,0.0,0.0,0.0,0.0,d/dr at r = r_over_rs = 1/u (r_s = 1); u-column data consumed via d/dr = -u^2 d/du; stencils jet9d8 window=9 degree=8 on strictly increasing r
0.8158519435333066,1.22571259151407,0.25,1.0,1.0,0.0,0.0,0.0,0.0,0.0,0.0,0.0,d/dr at r = r_over_rs = 1/u (r_s = 1); u-column data consumed via d/dr = -u^2 d/du; stencils jet9d8 window=9 degree=8 on strictly increasing r
0.8154835247709661,1.2262663433707708,0.25,1.0,1.0,0.0,0.0,0.0,0.0,0.0,0.0,0.0,d/dr at r = r_over_rs = 1/u (r_s = 1); u-column data consumed via d/dr = -u^2 d/du; stencils jet9d8 window=9 degree=8 on strictly increasing r
0.8151154385962225,1.2268200952274717,0.25,1.0,1.0,0.0,0.0,0.0,0.0,0.0,0.0,0.0,d/dr at r = r_over_rs = 1/u (r_s = 1); u-column data consumed via d/dr = -u^2 d/du; stencils jet9d8 window=9 degree=8 on strictly increasing r
0.8147476845589171,1.2273738470841726,0.25,1.0,1.0,0.0,0.0,0.0,0.0,0.0,0.0,0.0,d/dr at r = r_over_rs = 1/u (r_s = 1); u-column data consumed via d/dr = -u^2 d/du; stencils jet9d8 window=9 degree=8 on strictly increasing r
0.8143802622097035,1.2279275989408733,0.25,1.0,1.0,0.0,0.0,0.0,0.0,0.0,0.0,0.0,d/dr at r = r_over_rs = 1/u (r_s = 1); u-column data consumed via d/dr = -u^2 d/du; stencils jet9d8 window=9 degree=8 on strictly increasing r
0.8140131711000448,1.2284813507975743,0.25,1.0,1.0,0.0,0.0,0.0,0.0,0.0,0.0,0.0,d/dr at r = r_over_rs = 1/u (r_s = 1); u-column data consumed via d/dr = -u^2 d/du; stencils jet9d8 window=9 degree=8 on strictly increasing r
0.8136464107822132,1.2290351026542752,0.25,1.0,1.0,0.0,0.0,0.0,0.0,0.0,0.0,0.0,d/dr at r = r_over_rs = 1/u (r_s = 1); u-column data consumed via d/dr = -u^2 d/du; stencils jet9d8 window=9 degree=8 on strictly increasing r
0.8132799808092873,1.2295888545109759,0.25,1.0,1.0,0.0,0.0,0.0,0.0,0.0,0.0,0.0,d/dr at r = r_over_rs = 1/u (r_s = 1); u-column data consumed via d/dr = -u^2 d/du; stencils jet9d8 window=9 degree=8 on strictly increasing r
0.8129138807351498,1.2301426063676768,0.25,1.0,1.0,0.0,0.0,0.0,0.0,0.0,0.0,0.0,d/dr at r = r_over_rs = 1/u (r_s = 1); u-column data consumed via d/dr = -u^2 d/du; stencils jet9d8 window=9 degree=8 on strictly increasing r
0.8125481101144871,1.2306963582243777,0.25,1.0,1.0,0.0,0.0,0.0,0.0,0.0,0.0,0.0,d/dr at r = r_over_rs = 1/u (r_s = 1); u-column data consumed via d/dr = -u^2 d/du; stencils jet9d8 window=9 degree=8 on strictly increasing r
0.8121826685027865,1.2312501100810784,0.25,1.0,1.0,0.0,0.0,0.0,0.0,0.0,0.0,0.0,d/dr at r = r_over_rs = 1/u (r_s = 1); u-column data consumed via d/dr = -u^2 d/du; stencils jet9d8 window=9 degree=8 on strictly increasing r
0.8118175554563344,1.2318038619377794,0.25,1.0,1.0,0.0,0.0,0.0,0.0,0.0,0.0,0.0,d/dr at r = r_over_rs = 1/u (r_s = 1); u-column data consumed via d/dr = -u^2 d/du; stencils jet9d8 window=9 degree=8 on strictly increasing r
0.8114527705322147,1.2323576137944803,0.25,1.0,1.0,0.0,0.0,0.0,0.0,0.0,0.0,0.0,d/dr at r = r_over_rs = 1/u (r_s = 1); u-column data consumed via d/dr = -u^2 d/du; stencils jet9d8 window=9 degree=8 on strictly increasing r
0.8110883132883072,1.2329113656511812,0.25,1.0,1.0,0.0,0.0,0.0,0.0,0.0,0.0,0.0,d/dr at r = r_over_rs = 1/u (r_s = 1); u-column data consumed via d/dr = -u^2 d/du; stencils jet9d8 window=9 degree=8 on strictly increasing r
0.810724183283286,1.233465117507882,0.25,1.0,1.0,0.0,0.0,0.0,0.0,0.0,0.0,0.0,d/dr at r = r_over_rs = 1/u (r_s = 1); u-column data consumed via d/dr = -u^2 d/du; stencils jet9d8 window=9 degree=8 on strictly increasing r
0.8103603800766166,1.2340188693645828,0.25,1.0,1.0,0.0,0.0,0.0,0.0,0.0,0.0,0.0,d/dr at r = r_over_rs = 1/u (r_s = 1); u-column data consumed via d/dr = -u^2 d/du; stencils jet9d8 window=9 degree=8 on strictly increasing r
0.8099969032285552,1.2345726212212838,0.25,1.0,1.0,0.0,0.0,0.0,0.0,0.0,0.0,0.0,d/dr at r = r_over_rs = 1/u (r_s = 1); u-column data consumed via d/dr = -u^2 d/du; stencils jet9d8 window=9 degree=8 on strictly increasing r
0.8096337523001471,1.2351263730779845,0.25,1.0,1.0,0.0,0.0,0.0,0.0,0.0,0.0,0.0,d/dr at r = r_over_rs = 1/u (r_s = 1); u-column data consumed via d/dr = -u^2 d/du; stencils jet9d8 window=9 degree=8 on strictly increasing r
0.8092709268532237,1.2356801249346854,0.25,1.0,1.0,0.0,0.0,0.0,0.0,0.0,0.0,0.0,d/dr at r = r_over_rs = 1/u (r_s = 1); u-column data consumed via d/dr = -u^2 d/du; stencils jet9d8 window=9 degree=8 on strictly increasing r
0.8089084264504016,1.2362338767913863,0.25,1.0,1.0,0.0,0.0,0.0,0.0,0.0,0.0,0.0,d/dr at r = r_over_rs = 1/u (r_s = 1); u-column data consumed via d/dr = -u^2 d/du; stencils jet9d8 window=9 degree=8 on strictly increasing r
0.8085462506550815,1.236787628648087,0.25,1.0,1.0,0.0,0.0,0.0,0.0,0.0,0.0,0.0,d/dr at r = r_over_rs = 1/u (r_s = 1); u-column data consumed via d/dr = -u^2 d/du; stencils jet9d8 window=9 degree=8 on strictly increasing r
0.8081843990314446,1.237341380504788,0.25,1.0,1.0,0.0,0.0,0.0,0.0,0.0,0.0,0.0,d/dr at r = r_over_rs = 1/u (r_s = 1); u-column data consumed via d/dr = -u^2 d/du; stencils jet9d8 window=9 degree=8 on strictly increasing r
0.8078228711444525,1.2378951323614888,0.25,1.0,1.0,0.0,0.0,0.0,0.0,0.0,0.0,0.0,d/dr at r = r_over_rs = 1/u (r_s = 1); u-column data consumed via d/dr = -u^2 d/du; stencils jet9d8 window=9 degree=8 on strictly increasing r
0.8074616665598451,1.2384488842181895,0.25,1.0,1.0,0.0,0.0,0.0,0.0,0.0,0.0,0.0,d/dr at r = r_over_rs = 1/u (r_s = 1); u-column data consumed via d/dr = -u^2 d/du; stencils jet9d8 window=9 degree=8 on strictly increasing r
0.807100784844138,1.2390026360748905,0.25,1.0,1.0,0.0,0.0,0.0,0.0,0.0,0.0,0.0,d/dr at r = r_over_rs = 1/u (r_s = 1); u-column data consumed via d/dr = -u^2 d/du; stencils jet9d8 window=9 degree=8 on strictly increasing r
0.8067402255646219,1.2395563879315914,0.25,1.0,1.0,0.0,0.0,0.0,0.0,0.0,0.0,0.0,d/dr at r = r_over_rs = 1/u (r_s = 1); u-column data consumed via d/dr = -u^2 d/du; stencils jet9d8 window=9 degree=8 on strictly increasing r
0.8063799882893602,1.2401101397882923,0.25,1.0,1.0,0.0,0.0,0.0,0.0,0.0,0.0,0.0,d/dr at r = r_over_rs = 1/u (r_s = 1); u-column data consumed via d/dr = -u^2 d/du; stencils jet9d8 window=9 degree=8 on strictly increasing r
0.8060200725871877,1.240663891644993,0.25,1.0,1.0,0.0,0.0,0.0,0.0,0.0,0.0,0.0,d/dr at r = r_over_rs = 1/u (r_s = 1); u-column data consumed via d/dr = -u^2 d/du; stencils jet9d8 window=9 degree=8 on strictly increasing r
0.805660478027708,1.241217643501694,0.25,1.0,1.0,0.0,0.0,0.0,0.0,0.0,0.0,0.0,d/dr at r = r_over_rs = 1/u (r_s = 1); u-column data consumed via d/dr = -u^2 d/du; stencils jet9d8 window=9 degree=8 on strictly increasing r
0.8053012041812931,1.2417713953583949,0.25,1.0,1.0,0.0,0.0,0.0,0.0,0.0,0.0,0.0,d/dr at r = r_over_rs = 1/u (r_s = 1); u-column data consumed via d/dr = -u^2 d/du; stencils jet9d8 window=9 degree=8 on strictly increasing r
0.8049422506190809,1.2423251472150956,0.25,1.0,1.0,0.0,0.0,0.0,0.0,0.0,0.0,0.0,d/dr at r = r_over_rs = 1/u (r_s = 1); u-column data consumed via d/dr = -u^2 d/du; stencils jet9d8 window=9 degree=8 on strictly increasing r
0.8045836169129731,1.2428788990717965,0.25,1.0,1.0,0.0,0.0,0.0,0.0,0.0,0.0,0.0,d/dr at r = r_over_rs = 1/u (r_s = 1); u-column data consumed via d/dr = -u^2 d/du; stencils jet9d8 window=9 degree=8 on strictly increasing r
0.8042253026356344,1.2434326509284974,0.25,1.0,1.0,0.0,0.0,0.0,0.0,0.0,0.0,0.0,d/dr at r = r_over_rs = 1/u (r_s = 1); u-column data consumed via d/dr = -u^2 d/du; stencils jet9d8 window=9 degree=8 on strictly increasing r
0.8038673073604906,1.2439864027851981,0.25,1.0,1.0,0.0,0.0,0.0,0.0,0.0,0.0,0.0,d/dr at r = r_over_rs = 1/u (r_s = 1); u-column data consumed via d/dr = -u^2 d/du; stencils jet9d8 window=9 degree=8 on strictly increasing r
0.8035096306617263,1.244540154641899,0.25,1.0,1.0,0.0,0.0,0.0,0.0,0.0,0.0,0.0,d/dr at r = r_over_rs = 1/u (r_s = 1); u-column data consumed via d/dr = -u^2 d/du; stencils jet9d8 window=9 degree=8 on strictly increasing r
0.8031522721142836,1.2450939064986,0.25,1.0,1.0,0.0,0.0,0.0,0.0,0.0,0.0,0.0,d/dr at r = r_over_rs = 1/u (r_s = 1); u-column data consumed via d/dr = -u^2 d/du; stencils jet9d8 window=9 degree=8 on strictly increasing r
0.802795231293861,1.2456476583553007,0.25,1.0,1.0,0.0,0.0,0.0,0.0,0.0,0.0,0.0,d/dr at r = r_over_rs = 1/u (r_s = 1); u-column data consumed via d/dr = -u^2 d/du; stencils jet9d8 window=9 degree=8 on strictly increasing r
0.8024385077769104,1.2462014102120016,0.25,1.0,1.0,0.0,0.0,0.0,0.0,0.0,0.0,0.0,d/dr at r = r_over_rs = 1/u (r_s = 1); u-column data consumed via d/dr = -u^2 d/du; stencils jet9d8 window=9 degree=8 on strictly increasing r
0.8020821011406367,1.2467551620687025,0.25,1.0,1.0,0.0,0.0,0.0,0.0,0.0,0.0,0.0,d/dr at r = r_over_rs = 1/u (r_s = 1); u-column data consumed via d/dr = -u^2 d/du; stencils jet9d8 window=9 degree=8 on strictly increasing r
0.8017260109629955,1.2473089139254034,0.25,1.0,1.0,0.0,0.0,0.0,0.0,0.0,0.0,0.0,d/dr at r = r_over_rs = 1/u (r_s = 1); u-column data consumed via d/dr = -u^2 d/du; stencils jet9d8 window=9 degree=8 on strictly increasing r
0.8013702368226916,1.2478626657821041,0.25,1.0,1.0,0.0,0.0,0.0,0.0,0.0,0.0,0.0,d/dr at r = r_over_rs = 1/u (r_s = 1); u-column data consumed via d/dr = -u^2 d/du; stencils jet9d8 window=9 degree=8 on strictly increasing r
0.8010147782991769,1.248416417638805,0.25,1.0,1.0,0.0,0.0,0.0,0.0,0.0,0.0,0.0,d/dr at r = r_over_rs = 1/u (r_s = 1); u-column data consumed via d/dr = -u^2 d/du; stencils jet9d8 window=9 degree=8 on strictly increasing r
0.8006596349726495,1.248970169495506,0.25,1.0,1.0,0.0,0.0,0.0,0.0,0.0,0.0,0.0,d/dr at r = r_over_rs = 1/u (r_s = 1); u-column data consumed via d/dr = -u^2 d/du; stencils jet9d8 window=9 degree=8 on strictly increasing r
0.8003048064240519,1.2495239213522067,0.25,1.0,1.0,0.0,0.0,0.0,0.0,0.0,0.0,0.0,d/dr at r = r_over_rs = 1/u (r_s = 1); u-column data consumed via d/dr = -u^2 d/du; stencils jet9d8 window=9 degree=8 on strictly increasing r
0.7999502922350684,1.2500776732089076,0.25,1.0,1.0,0.0,0.0,0.0,0.0,0.0,0.0,0.0,d/dr at r = r_over_rs = 1/u (r_s = 1); u-column data consumed via d/dr = -u^2 d/du; stencils jet9d8 window=9 degree=8 on strictly increasing r
0.7995960919881249,1.2506314250656085,0.25,1.0,1.0,0.0,0.0,0.0,0.0,0.0,0.0,0.0,d/dr at r = r_over_rs = 1/u (r_s = 1); u-column data consumed via d/dr = -u^2 d/du; stencils jet9d8 window=9 degree=8 on strictly increasing r
0.7992422052663862,1.2511851769223092,0.25,1.0,1.0,0.0,0.0,0.0,0.0,0.0,0.0,0.0,d/dr at r = r_over_rs = 1/u (r_s = 1); u-column data consumed via d/dr = -u^2 d/du; stencils jet9d8 window=9 degree=8 on strictly increasing r
0.7988886316537546,1.2517389287790102,0.25,1.0,1.0,0.0,0.0,0.0,0.0,0.0,0.0,0.0,d/dr at r = r_over_rs = 1/u (r_s = 1); u-column data consumed via d/dr = -u^2 d/du; stencils jet9d8 window=9 degree=8 on strictly increasing r
0.7985353707348687,1.252292680635711,0.25,1.0,1.0,0.0,0.0,0.0,0.0,0.0,0.0,0.0,d/dr at r = r_over_rs = 1/u (r_s = 1); u-column data consumed via d/dr = -u^2 d/du; stencils jet9d8 window=9 degree=8 on strictly increasing r
0.7981824220951012,1.252846432492412,0.25,1.0,1.0,0.0,0.0,0.0,0.0,0.0,0.0,0.0,d/dr at r = r_over_rs = 1/u (r_s = 1); u-column data consumed via d/dr = -u^2 d/du; stencils jet9d8 window=9 degree=8 on strictly increasing r
0.7978297853205577,1.2534001843491127,0.25,1.0,1.0,0.0,0.0,0.0,0.0,0.0,0.0,0.0,d/dr at r = r_over_rs = 1/u (r_s = 1); u-column data consumed via d/dr = -u^2 d/du; stencils jet9d8 window=9 degree=8 on strictly increasing r
0.7974774599980746,1.2539539362058136,0.25,1.0,1.0,0.0,0.0,0.0,0.0,0.0,0.0,0.0,d/dr at r = r_over_rs = 1/u (r_s = 1); u-column data consumed via d/dr = -u^2 d/du; stencils jet9d8 window=9 degree=8 on strictly increasing r
0.7971254457152184,1.2545076880625146,0.25,1.0,1.0,0.0,0.0,0.0,0.0,0.0,0.0,0.0,d/dr at r = r_over_rs = 1/u (r_s = 1); u-column data consumed via d/dr = -u^2 d/du; stencils jet9d8 window=9 degree=8 on strictly increasing r
0.7967737420602828,1.2550614399192153,0.25,1.0,1.0,0.0,0.0,0.0,0.0,0.0,0.0,0.0,d/dr at r = r_over_rs = 1/u (r_s = 1); u-column data consumed via d/dr = -u^2 d/du; stencils jet9d8 window=9 degree=8 on strictly increasing r
0.7964223486222882,1.2556151917759162,0.25,1.0,1.0,0.0,0.0,0.0,0.0,0.0,0.0,0.0,d/dr at r = r_over_rs = 1/u (r_s = 1); u-column data consumed via d/dr = -u^2 d/du; stencils jet9d8 window=9 degree=8 on strictly increasing r
0.7960712649909796,1.256168943632617,0.25,1.0,1.0,0.0,0.0,0.0,0.0,0.0,0.0,0.0,d/dr at r = r_over_rs = 1/u (r_s = 1); u-column data consumed via d/dr = -u^2 d/du; stencils jet9d8 window=9 degree=8 on strictly increasing r
0.795720490756825,1.2567226954893178,0.25,1.0,1.0,0.0,0.0,0.0,0.0,0.0,0.0,0.0,d/dr at r = r_over_rs = 1/u (r_s = 1); u-column data consumed via d/dr = -u^2 d/du; stencils jet9d8 window=9 degree=8 on strictly increasing r
0.795370025511014,1.2572764473460187,0.25,1.0,1.0,0.0,0.0,0.0,0.0,0.0,0.0,0.0,d/dr at r = r_over_rs = 1/u (r_s = 1); u-column data consumed via d/dr = -u^2 d/du; stencils jet9d8 window=9 degree=8 on strictly increasing r
0.7950198688454561,1.2578301992027197,0.25,1.0,1.0,0.0,0.0,0.0,0.0,0.0,0.0,0.0,d/dr at r = r_over_rs = 1/u (r_s = 1); u-column data consumed via d/dr = -u^2 d/du; stencils jet9d8 window=9 degree=8 on strictly increasing r
0.794670020352779,1.2583839510594204,0.25,1.0,1.0,0.0,0.0,0.0,0.0,0.0,0.0,0.0,d/dr at r = r_over_rs = 1/u (r_s = 1); u-column data consumed via d/dr = -u^2 d/du; stencils jet9d8 window=9 degree=8 on strictly increasing r
0.7943204796263271,1.2589377029161213,0.25,1.0,1.0,0.0,0.0,0.0,0.0,0.0,0.0,0.0,d/dr at r = r_over_rs = 1/u (r_s = 1); u-column data consumed via d/dr = -u^2 d/du; stencils jet9d8 window=9 degree=8 on strictly increasing r
0.7939712462601604,1.2594914547728222,0.25,1.0,1.0,0.0,0.0,0.0,0.0,0.0,0.0,0.0,d/dr at r = r_over_rs = 1/u (r_s = 1); u-column data consumed via d/dr = -u^2 d/du; stencils jet9d8 window=9 degree=8 on strictly increasing r
0.7936223198490518,1.2600452066295231,0.25,1.0,1.0,0.0,0.0,0.0,0.0,0.0,0.0,0.0,d/dr at r = r_over_rs = 1/u (r_s = 1); u-column data consumed via d/dr = -u^2 d/du; stencils jet9d8 window=9 degree=8 on strictly increasing r
0.7932736999884871,1.2605989584862238,0.25,1.0,1.0,0.0,0.0,0.0,0.0,0.0,0.0,0.0,d/dr at r = r_over_rs = 1/u (r_s = 1); u-column data consumed via d/dr = -u^2 d/du; stencils jet9d8 window=9 degree=8 on strictly increasing r
0.7929253862746616,1.2611527103429248,0.25,1.0,1.0,0.0,0.0,0.0,0.0,0.0,0.0,0.0,d/dr at r = r_over_rs = 1/u (r_s = 1); u-column data consumed via d/dr = -u^2 d/du; stencils jet9d8 window=9 degree=8 on strictly increasing r
0.7925773783044802,1.2617064621996257,0.25,1.0,1.0,0.0,0.0,0.0,0.0,0.0,0.0,0.0,d/dr at r = r_over_rs = 1/u (r_s = 1); u-column data consumed via d/dr = -u^2 d/du; stencils jet9d8 window=9 degree=8 on strictly increasing r
0.7922296756755549,1.2622602140563264,0.25,1.0,1.0,0.0,0.0,0.0,0.0,0.0,0.0,0.0,d/dr at r = r_over_rs = 1/u (r_s = 1); u-column data consumed via d/dr = -u^2 d/du; stencils jet9d8 window=9 degree=8 on strictly increasing r
0.7918822779862035,1.2628139659130273,0.25,1.0,1.0,0.0,0.0,0.0,0.0,0.0,0.0,0.0,d/dr at r = r_over_rs = 1/u (r_s = 1); u-column data consumed via d/dr = -u^2 d/du; stencils jet9d8 window=9 degree=8 on strictly increasing r
0.791535184835448,1.2633677177697282,0.25,1.0,1.0,0.0,0.0,0.0,0.0,0.0,0.0,0.0,d/dr at r = r_over_rs = 1/u (r_s = 1); u-column data consumed via d/dr = -u^2 d/du; stencils jet9d8 window=9 degree=8 on strictly increasing r
0.7911883958230135,1.263921469626429,0.25,1.0,1.0,0.0,0.0,0.0,0.0,0.0,0.0,0.0,d/dr at r = r_over_rs = 1/u (r_s = 1); u-column data consumed via d/dr = -u^2 d/du; stencils jet9d8 window=9 degree=8 on strictly increasing r
0.7908419105493255,1.2644752214831299,0.25,1.0,1.0,0.0,0.0,0.0,0.0,0.0,0.0,0.0,d/dr at r = r_over_rs = 1/u (r_s = 1); u-column data consumed via d/dr = -u^2 d/du; stencils jet9d8 window=9 degree=8 on strictly increasing r
0.7904957286155099,1.2650289733398308,0.25,1.0,1.0,0.0,0.0,0.0,0.0,0.0,0.0,0.0,d/dr at r = r_over_rs = 1/u (r_s = 1); u-column data consumed via d/dr = -u^2 d/du; stencils jet9d8 window=9 degree=8 on strictly increasing r
0.7901498496233904,1.2655827251965315,0.25,1.0,1.0,0.0,0.0,0.0,0.0,0.0,0.0,0.0,d/dr at r = r_over_rs = 1/u (r_s = 1); u-column data consumed via d/dr = -u^2 d/du; stencils jet9d8 window=9 degree=8 on strictly increasing r
0.7898042731754871,1.2661364770532324,0.25,1.0,1.0,0.0,0.0,0.0,0.0,0.0,0.0,0.0,d/dr at r = r_over_rs = 1/u (r_s = 1); u-column data consumed via d/dr = -u^2 d/du; stencils jet9d8 window=9 degree=8 on strictly increasing r
0.7894589988750154,1.2666902289099333,0.25,1.0,1.0,0.0,0.0,0.0,0.0,0.0,0.0,0.0,d/dr at r = r_over_rs = 1/u (r_s = 1); u-column data consumed via d/dr = -u^2 d/du; stencils jet9d8 window=9 degree=8 on strictly increasing r
0.7891140263258841,1.2672439807666342,0.25,1.0,1.0,0.0,0.0,0.0,0.0,0.0,0.0,0.0,d/dr at r = r_over_rs = 1/u (r_s = 1); u-column data consumed via d/dr = -u^2 d/du; stencils jet9d8 window=9 degree=8 on strictly increasing r
0.7887693551326944,1.267797732623335,0.25,1.0,1.0,0.0,0.0,0.0,0.0,0.0,0.0,0.0,d/dr at r = r_over_rs = 1/u (r_s = 1); u-column data consumed via d/dr = -u^2 d/du; stencils jet9d8 window=9 degree=8 on strictly increasing r
0.7884249849007373,1.2683514844800359,0.25,1.0,1.0,0.0,0.0,0.0,0.0,0.0,0.0,0.0,d/dr at r = r_over_rs = 1/u (r_s = 1); u-column data consumed via d/dr = -u^2 d/du; stencils jet9d8 window=9 degree=8 on strictly increasing r
0.7880809152359933,1.2689052363367368,0.25,1.0,1.0,0.0,0.0,0.0,0.0,0.0,0.0,0.0,d/dr at r = r_over_rs = 1/u (r_s = 1); u-column data consumed via d/dr = -u^2 d/du; stencils jet9d8 window=9 degree=8 on strictly increasing r
0.7877371457451307,1.2694589881934375,0.25,1.0,1.0,0.0,0.0,0.0,0.0,0.0,0.0,0.0,d/dr at r = r_over_rs = 1/u (r_s = 1); u-column data consumed via d/dr = -u^2 d/du; stencils jet9d8 window=9 degree=8 on strictly increasing r
0.7873936760355028,1.2700127400501384,0.25,1.0,1.0,0.0,0.0,0.0,0.0,0.0,0.0,0.0,d/dr at r = r_over_rs = 1/u (r_s = 1); u-column data consumed via d/dr = -u^2 d/du; stencils jet9d8 window=9 degree=8 on strictly increasing r
0.7870505057151485,1.2705664919068393,0.25,1.0,1.0,0.0,0.0,0.0,0.0,0.0,0.0,0.0,d/dr at r = r_over_rs = 1/u (r_s = 1); u-column data consumed via d/dr = -u^2 d/du; stencils jet9d8 window=9 degree=8 on strictly increasing r
0.7867076343927891,1.27112024376354,0.25,1.0,1.0,0.0,0.0,0.0,0.0,0.0,0.0,0.0,d/dr at r = r_over_rs = 1/u (r_s = 1); u-column data consumed via d/dr = -u^2 d/du; stencils jet9d8 window=9 degree=8 on strictly increasing r
0.7863650616778274,1.271673995620241,0.25,1.0,1.0,0.0,0.0,0.0,0.0,0.0,0.0,0.0,d/dr at r = r_over_rs = 1/u (r_s = 1); u-column data consumed via d/dr = -u^2 d/du; stencils jet9d8 window=9 degree=8 on strictly increasing r
0.7860227871803466,1.272227747476942,0.25,1.0,1.0,0.0,0.0,0.0,0.0,0.0,0.0,0.0,d/dr at r = r_over_rs = 1/u (r_s = 1); u-column data consumed via d/dr = -u^2 d/du; stencils jet9d8 window=9 degree=8 on strictly increasing r
0.7856808105111083,1.2727814993336426,0.25,1.0,1.0,0.0,0.0,0.0,0.0,0.0,0.0,0.0,d/dr at r = r_over_rs = 1/u (r_s = 1); u-column data consumed via d/dr = -u^2 d/du; stencils jet9d8 window=9 degree=8 on strictly increasing r
0.7853391312815511,1.2733352511903435,0.25,1.0,1.0,0.0,0.0,0.0,0.0,0.0,0.0,0.0,d/dr at r = r_over_rs = 1/u (r_s = 1); u-column data consumed via d/dr = -u^2 d/du; stencils jet9d8 window=9 degree=8 on strictly increasing r
0.7849977491037893,1.2738890030470444,0.25,1.0,1.0,0.0,0.0,0.0,0.0,0.0,0.0,0.0,d/dr at r = r_over_rs = 1/u (r_s = 1); u-column data consumed via d/dr = -u^2 d/du; stencils jet9d8 window=9 degree=8 on strictly increasing r
0.7846566635906113,1.2744427549037454,0.25,1.0,1.0,0.0,0.0,0.0,0.0,0.0,0.0,0.0,d/dr at r = r_over_rs = 1/u (r_s = 1); u-column data consumed via d/dr = -u^2 d/du; stencils jet9d8 window=9 degree=8 on strictly increasing r
0.7843158743554784,1.274996506760446,0.25,1.0,1.0,0.0,0.0,0.0,0.0,0.0,0.0,0.0,d/dr at r = r_over_rs = 1/u (r_s = 1); u-column data consumed via d/dr = -u^2 d/du; stencils jet9d8 window=9 degree=8 on strictly increasing r
0.783975381012523,1.275550258617147,0.25,1.0,1.0,0.0,0.0,0.0,0.0,0.0,0.0,0.0,d/dr at r = r_over_rs = 1/u (r_s = 1); u-column data consumed via d/dr = -u^2 d/du; stencils jet9d8 window=9 degree=8 on strictly increasing r
0.7836351831765469,1.276104010473848,0.25,1.0,1.0,0.0,0.0,0.0,0.0,0.0,0.0,0.0,d/dr at r = r_over_rs = 1/u (r_s = 1); u-column data consumed via d/dr = -u^2 d/du; stencils jet9d8 window=9 degree=8 on strictly increasing r
0.7832952804630211,1.2766577623305486,0.25,1.0,1.0,0.0,0.0,0.0,0.0,0.0,0.0,0.0,d/dr at r = r_over_rs = 1/u (r_s = 1); u-column data consumed via d/dr = -u^2 d/du; stencils jet9d8 window=9 degree=8 on strictly increasing r
0.7829556724880824,1.2772115141872495,0.25,1.0,1.0,0.0,0.0,0.0,0.0,0.0,0.0,0.0,d/dr at r = r_over_rs = 1/u (r_s = 1); u-column data consumed via d/dr = -u^2 d/du; stencils jet9d8 window=9 degree=8 on strictly increasing r
0.7826163588685339,1.2777652660439505,0.25,1.0,1.0,0.0,0.0,0.0,0.0,0.0,0.0,0.0,d/dr at r = r_over_rs = 1/u (r_s = 1); u-column data consumed via d/dr = -u^2 d/du; stencils jet9d8 window=9 degree=8 on strictly increasing r
0.7822773392218423,1.2783190179006512,0.25,1.0,1.0,0.0,0.0,0.0,0.0,0.0,0.0,0.0,d/dr at r = r_over_rs = 1/u (r_s = 1); u-column data consumed via d/dr = -u^2 d/du; stencils jet9d8 window=9 degree=8 on strictly increasing r
0.7819386131661368,1.278872769757352,0.25,1.0,1.0,0.0,0.0,0.0,0.0,0.0,0.0,0.0,d/dr at r = r_over_rs = 1/u (r_s = 1); u-column data consumed via d/dr = -u^2 d/du; stencils jet9d8 window=9 degree=8 on strictly increasing r
0.7816001803202077,1.279426521614053,0.25,1.0,1.0,0.0,0.0,0.0,0.0,0.0,0.0,0.0,d/dr at r = r_over_rs = 1/u (r_s = 1); u-column data consumed via d/dr = -u^2 d/du; stencils jet9d8 window=9 degree=8 on strictly increasing r
0.7812620403035055,1.2799802734707537,0.25,1.0,1.0,0.0,0.0,0.0,0.0,0.0,0.0,0.0,d/dr at r = r_over_rs = 1/u (r_s = 1); u-column data consumed via d/dr = -u^2 d/du; stencils jet9d8 window=9 degree=8 on strictly increasing r
0.7809241927361381,1.2805340253274546,0.25,1.0,1.0,0.0,0.0,0.0,0.0,0.0,0.0,0.0,d/dr at r = r_over_rs = 1/u (r_s = 1); u-column data consumed via d/dr = -u^2 d/du; stencils jet9d8 window=9 degree=8 on strictly increasing r
0.780586637238871,1.2810877771841556,0.25,1.0,1.0,0.0,0.0,0.0,0.0,0.0,0.0,0.0,d/dr at r = r_over_rs = 1/u (r_s = 1); u-column data consumed via d/dr = -u^2 d/du; stencils jet9d8 window=9 degree=8 on strictly increasing r
0.7802493734331246,1.2816415290408565,0.25,1.0,1.0,0.0,0.0,0.0,0.0,0.0,0.0,0.0,d/dr at r = r_over_rs = 1/u (r_s = 1); u-column data consumed via d/dr = -u^2 d/du; stencils jet9d8 window=9 degree=8 on strictly increasing r
0.7799124009409737,1.2821952808975572,0.25,1.0,1.0,0.0,0.0,0.0,0.0,0.0,0.0,0.0,d/dr at r = r_over_rs = 1/u (r_s = 1); u-column data consumed via d/dr = -u^2 d/du; stencils jet9d8 window=9 degree=8 on strictly increasing r
0.7795757193851452,1.2827490327542581,0.25,1.0,1.0,0.0,0.0,0.0,0.0,0.0,0.0,0.0,d/dr at r = r_over_rs = 1/u (r_s = 1); u-column data consumed via d/dr = -u^2 d/du; stencils jet9d8 window=9 degree=8 on strictly increasing r
0.7792393283890178,1.283302784610959,0.25,1.0,1.0,0.0,0.0,0.0,0.0,0.0,0.0,0.0,d/dr at r = r_over_rs = 1/u (r_s = 1); u-column data consumed via d/dr = -u^2 d/du; stencils jet9d8 window=9 degree=8 on strictly increasing r
0.7789032275766195,1.2838565364676597,0.25,1.0,1.0,0.0,0.0,0.0,0.0,0.0,0.0,0.0,d/dr at r = r_over_rs = 1/u (r_s = 1); u-column data consumed via d/dr = -u^2 d/du; stencils jet9d8 window=9 degree=8 on strictly increasing r
0.7785674165726266,1.2844102883243607,0.25,1.0,1.0,0.0,0.0,0.0,0.0,0.0,0.0,0.0,d/dr at r = r_over_rs = 1/u (r_s = 1); u-column data consumed via d/dr = -u^2 d/du; stencils jet9d8 window=9 degree=8 on strictly increasing r
0.7782318950023629,1.2849640401810616,0.25,1.0,1.0,0.0,0.0,0.0,0.0,0.0,0.0,0.0,d/dr at r = r_over_rs = 1/u (r_s = 1); u-column data consumed via d/dr = -u^2 d/du; stencils jet9d8 window=9 degree=8 on strictly increasing r
0.7778966624917976,1.2855177920377623,0.25,1.0,1.0,0.0,0.0,0.0,0.0,0.0,0.0,0.0,d/dr at r = r_over_rs = 1/u (r_s = 1); u-column data consumed via d/dr = -u^2 d/du; stencils jet9d8 window=9 degree=8 on strictly increasing r
0.7775617186675435,1.2860715438944632,0.25,1.0,1.0,0.0,0.0,0.0,0.0,0.0,0.0,0.0,d/dr at r = r_over_rs = 1/u (r_s = 1); u-column data consumed via d/dr = -u^2 d/du; stencils jet9d8 window=9 degree=8 on strictly increasing r
0.7772270631568571,1.2866252957511641,0.25,1.0,1.0,0.0,0.0,0.0,0.0,0.0,0.0,0.0,d/dr at r = r_over_rs = 1/u (r_s = 1); u-column data consumed via d/dr = -u^2 d/du; stencils jet9d8 window=9 degree=8 on strictly increasing r
0.7768926955876359,1.2871790476078648,0.25,1.0,1.0,0.0,0.0,0.0,0.0,0.0,0.0,0.0,d/dr at r = r_over_rs = 1/u (r_s = 1); u-column data consumed via d/dr = -u^2 d/du; stencils jet9d8 window=9 degree=8 on strictly increasing r
0.7765586155884172,1.2877327994645658,0.25,1.0,1.0,0.0,0.0,0.0,0.0,0.0,0.0,0.0,d/dr at r = r_over_rs = 1/u (r_s = 1); u-column data consumed via d/dr = -u^2 d/du; stencils jet9d8 window=9 degree=8 on strictly increasing r
0.7762248227883773,1.2882865513212667,0.25,1.0,1.0,0.0,0.0,0.0,0.0,0.0,0.0,0.0,d/dr at r = r_over_rs = 1/u (r_s = 1); u-column data consumed via d/dr = -u^2 d/du; stencils jet9d8 window=9 degree=8 on strictly increasing r
0.7758913168173299,1.2888403031779676,0.25,1.0,1.0,0.0,0.0,0.0,0.0,0.0,0.0,0.0,d/dr at r = r_over_rs = 1/u (r_s = 1); u-column data consumed via d/dr = -u^2 d/du; stencils jet9d8 window=9 degree=8 on strictly increasing r
0.7755580973057246,1.2893940550346683,0.25,1.0,1.0,0.0,0.0,0.0,0.0,0.0,0.0,0.0,d/dr at r = r_over_rs = 1/u (r_s = 1); u-column data consumed via d/dr = -u^2 d/du; stencils jet9d8 window=9 degree=8 on strictly increasing r
0.7752251638846449,1.2899478068913692,0.25,1.0,1.0,0.0,0.0,0.0,0.0,0.0,0.0,0.0,d/dr at r = r_over_rs = 1/u (r_s = 1); u-column data consumed via d/dr = -u^2 d/du; stencils jet9d8 window=9 degree=8 on strictly increasing r
0.7748925161858085,1.2905015587480702,0.25,1.0,1.0,0.0,0.0,0.0,0.0,0.0,0.0,0.0,d/dr at r = r_over_rs = 1/u (r_s = 1); u-column data consumed via d/dr = -u^2 d/du; stencils jet9d8 window=9 degree=8 on strictly increasing r
0.7745601538415644,1.2910553106047709,0.25,1.0,1.0,0.0,0.0,0.0,0.0,0.0,0.0,0.0,d/dr at r = r_over_rs = 1/u (r_s = 1); u-column data consumed via d/dr = -u^2 d/du; stencils jet9d8 window=9 degree=8 on strictly increasing r
0.774228076484892,1.2916090624614718,0.25,1.0,1.0,0.0,0.0,0.0,0.0,0.0,0.0,0.0,d/dr at r = r_over_rs = 1/u (r_s = 1); u-column data consumed via d/dr = -u^2 d/du; stencils jet9d8 window=9 degree=8 on strictly increasing r
0.7738962837494001,1.2921628143181727,0.25,1.0,1.0,0.0,0.0,0.0,0.0,0.0,0.0,0.0,d/dr at r = r_over_rs = 1/u (r_s = 1); u-column data consumed via d/dr = -u^2 d/du; stencils jet9d8 window=9 degree=8 on strictly increasing r
0.7735647752693254,1.2927165661748734,0.25,1.0,1.0,0.0,0.0,0.0,0.0,0.0,0.0,0.0,d/dr at r = r_over_rs = 1/u (r_s = 1); u-column data consumed via d/dr = -u^2 d/du; stencils jet9d8 window=9 degree=8 on strictly increasing r
0.7732335506795306,1.2932703180315743,0.25,1.0,1.0,0.0,0.0,0.0,0.0,0.0,0.0,0.0,d/dr at r = r_over_rs = 1/u (r_s = 1); u-column data consumed via d/dr = -u^2 d/du; stencils jet9d8 window=9 degree=8 on strictly increasing r
0.7729026096155038,1.2938240698882753,0.25,1.0,1.0,0.0,0.0,0.0,0.0,0.0,0.0,0.0,d/dr at r = r_over_rs = 1/u (r_s = 1); u-column data consumed via d/dr = -u^2 d/du; stencils jet9d8 window=9 degree=8 on strictly increasing r
0.7725719517133571,1.294377821744976,0.25,1.0,1.0,0.0,0.0,0.0,0.0,0.0,0.0,0.0,d/dr at r = r_over_rs = 1/u (r_s = 1); u-column data consumed via d/dr = -u^2 d/du; stencils jet9d8 window=9 degree=8 on strictly increasing r
0.7722415766098245,1.2949315736016769,0.25,1.0,1.0,0.0,0.0,0.0,0.0,0.0,0.0,0.0,d/dr at r = r_over_rs = 1/u (r_s = 1); u-column data consumed via d/dr = -u^2 d/du; stencils jet9d8 window=9 degree=8 on strictly increasing r
0.7719114839422615,1.2954853254583778,0.25,1.0,1.0,0.0,0.0,0.0,0.0,0.0,0.0,0.0,d/dr at r = r_over_rs = 1/u (r_s = 1); u-column data consumed via d/dr = -u^2 d/du; stencils jet9d8 window=9 degree=8 on strictly increasing r
0.7715816733486432,1.2960390773150787,0.25,1.0,1.0,0.0,0.0,0.0,0.0,0.0,0.0,0.0,d/dr at r = r_over_rs = 1/u (r_s = 1); u-column data consumed via d/dr = -u^2 d/du; stencils jet9d8 window=9 degree=8 on strictly increasing r
0.7712521444675634,1.2965928291717794,0.25,1.0,1.0,0.0,0.0,0.0,0.0,0.0,0.0,0.0,d/dr at r = r_over_rs = 1/u (r_s = 1); u-column data consumed via d/dr = -u^2 d/du; stencils jet9d8 window=9 degree=8 on strictly increasing r
0.7709228969382327,1.2971465810284803,0.25,1.0,1.0,0.0,0.0,0.0,0.0,0.0,0.0,0.0,d/dr at r = r_over_rs = 1/u (r_s = 1); u-column data consumed via d/dr = -u^2 d/du; stencils jet9d8 window=9 degree=8 on strictly increasing r
0.7705939304004776,1.2977003328851813,0.25,1.0,1.0,0.0,0.0,0.0,0.0,0.0,0.0,0.0,d/dr at r = r_over_rs = 1/u (r_s = 1); u-column data consumed via d/dr = -u^2 d/du; stencils jet9d8 window=9 degree=8 on strictly increasing r
0.7702652444947395,1.298254084741882,0.25,1.0,1.0,0.0,0.0,0.0,0.0,0.0,0.0,0.0,d/dr at r = r_over_rs = 1/u (r_s = 1); u-column data consumed via d/dr = -u^2 d/du; stencils jet9d8 window=9 degree=8 on strictly increasing r
0.7699368388620724,1.298807836598583,0.25,1.0,1.0,0.0,0.0,0.0,0.0,0.0,0.0,0.0,d/dr at r = r_over_rs = 1/u (r_s = 1); u-column data consumed via d/dr = -u^2 d/du; stencils jet9d8 window=9 degree=8 on strictly increasing r
0.7696087131441426,1.2993615884552838,0.25,1.0,1.0,0.0,0.0,0.0,0.0,0.0,0.0,0.0,d/dr at r = r_over_rs = 1/u (r_s = 1); u-column data consumed via d/dr = -u^2 d/du; stencils jet9d8 window=9 degree=8 on strictly increasing r
0.769280866983227,1.2999153403119845,0.25,1.0,1.0,0.0,0.0,0.0,0.0,0.0,0.0,0.0,d/dr at r = r_over_rs = 1/u (r_s = 1); u-column data consumed via d/dr = -u^2 d/du; stencils jet9d8 window=9 degree=8 on strictly increasing r
0.7689533000222113,1.3004690921686854,0.25,1.0,1.0,0.0,0.0,0.0,0.0,0.0,0.0,0.0,d/dr at r = r_over_rs = 1/u (r_s = 1); u-column data consumed via d/dr = -u^2 d/du; stencils jet9d8 window=9 degree=8 on strictly increasing r
0.7686260119045899,1.3010228440253864,0.25,1.0,1.0,0.0,0.0,0.0,0.0,0.0,0.0,0.0,d/dr at r = r_over_rs = 1/u (r_s = 1); u-column data consumed via d/dr = -u^2 d/du; stencils jet9d8 window=9 degree=8 on strictly increasing r
0.7682990022744635,1.301576595882087,0.25,1.0,1.0,0.0,0.0,0.0,0.0,0.0,0.0,0.0,d/dr at r = r_over_rs = 1/u (r_s = 1); u-column data consumed via d/dr = -u^2 d/du; stencils jet9d8 window=9 degree=8 on strictly increasing r
0.767972270776538,1.302130347738788,0.25,1.0,1.0,0.0,0.0,0.0,0.0,0.0,0.0,0.0,d/dr at r = r_over_rs = 1/u (r_s = 1); u-column data consumed via d/dr = -u^2 d/du; stencils jet9d8 window=9 degree=8 on strictly increasing r
0.7676458170561238,1.302684099595489,0.25,1.0,1.0,0.0,0.0,0.0,0.0,0.0,0.0,0.0,d/dr at r = r_over_rs = 1/u (r_s = 1); u-column data consumed via d/dr = -u^2 d/du; stencils jet9d8 window=9 degree=8 on strictly increasing r
0.7673196407591341,1.3032378514521898,0.25,1.0,1.0,0.0,0.0,0.0,0.0,0.0,0.0,0.0,d/dr at r = r_over_rs = 1/u (r_s = 1); u-column data consumed via d/dr = -u^2 d/du; stencils jet9d8 window=9 degree=8 on strictly increasing r
0.7669937415320836,1.3037916033088905,0.25,1.0,1.0,0.0,0.0,0.0,0.0,0.0,0.0,0.0,d/dr at r = r_over_rs = 1/u (r_s = 1); u-column data consumed via d/dr = -u^2 d/du; stencils jet9d8 window=9 degree=8 on strictly increasing r
0.766668119022087,1.3043453551655915,0.25,1.0,1.0,0.0,0.0,0.0,0.0,0.0,0.0,0.0,d/dr at r = r_over_rs = 1/u (r_s = 1); u-column data consumed via d/dr = -u^2 d/du; stencils jet9d8 window=9 degree=8 on strictly increasing r
0.7663427728768585,1.3048991070222924,0.25,1.0,1.0,0.0,0.0,0.0,0.0,0.0,0.0,0.0,d/dr at r = r_over_rs = 1/u (r_s = 1); u-column data consumed via d/dr = -u^2 d/du; stencils jet9d8 window=9 degree=8 on strictly increasing r
0.7660177027447097,1.305452858878993,0.25,1.0,1.0,0.0,0.0,0.0,0.0,0.0,0.0,0.0,d/dr at r = r_over_rs = 1/u (r_s = 1); u-column data consumed via d/dr = -u^2 d/du; stencils jet9d8 window=9 degree=8 on strictly increasing r
0.7656929082745487,1.306006610735694,0.25,1.0,1.0,0.0,0.0,0.0,0.0,0.0,0.0,0.0,d/dr at r = r_over_rs = 1/u (r_s = 1); u-column data consumed via d/dr = -u^2 d/du; stencils jet9d8 window=9 degree=8 on strictly increasing r
0.7653683891158789,1.306560362592395,0.25,1.0,1.0,0.0,0.0,0.0,0.0,0.0,0.0,0.0,d/dr at r = r_over_rs = 1/u (r_s = 1); u-column data consumed via d/dr = -u^2 d/du; stencils jet9d8 window=9 degree=8 on strictly increasing r
0.7650441449187978,1.3071141144490956,0.25,1.0,1.0,0.0,0.0,0.0,0.0,0.0,0.0,0.0,d/dr at r = r_over_rs = 1/u (r_s = 1); u-column data consumed via d/dr = -u^2 d/du; stencils jet9d8 window=9 degree=8 on strictly increasing r
0.7647201753339951,1.3076678663057966,0.25,1.0,1.0,0.0,0.0,0.0,0.0,0.0,0.0,0.0,d/dr at r = r_over_rs = 1/u (r_s = 1); u-column data consumed via d/dr = -u^2 d/du; stencils jet9d8 window=9 degree=8 on strictly increasing r
0.7643964800127523,1.3082216181624975,0.25,1.0,1.0,0.0,0.0,0.0,0.0,0.0,0.0,0.0,d/dr at r = r_over_rs = 1/u (r_s = 1); u-column data consumed via d/dr = -u^2 d/du; stencils jet9d8 window=9 degree=8 on strictly increasing r
0.7640730586069412,1.3087753700191982,0.25,1.0,1.0,0.0,0.0,0.0,0.0,0.0,0.0,0.0,d/dr at r = r_over_rs = 1/u (r_s = 1); u-column data consumed via d/dr = -u^2 d/du; stencils jet9d8 window=9 degree=8 on strictly increasing r
0.7637499107690221,1.3093291218758991,0.25,1.0,1.0,0.0,0.0,0.0,0.0,0.0,0.0,0.0,d/dr at r = r_over_rs = 1/u (r_s = 1); u-column data consumed via d/dr = -u^2 d/du; stencils jet9d8 window=9 degree=8 on strictly increasing r
0.7634270361520433,1.3098828737326,0.25,1.0,1.0,0.0,0.0,0.0,0.0,0.0,0.0,0.0,d/dr at r = r_over_rs = 1/u (r_s = 1); u-column data consumed via d/dr = -u^2 d/du; stencils jet9d8 window=9 degree=8 on strictly increasing r
0.7631044344096395,1.310436625589301,0.25,1.0,1.0,0.0,0.0,0.0,0.0,0.0,0.0,0.0,d/dr at r = r_over_rs = 1/u (r_s = 1); u-column data consumed via d/dr = -u^2 d/du; stencils jet9d8 window=9 degree=8 on strictly increasing r
0.7627821051960306,1.3109903774460017,0.25,1.0,1.0,0.0,0.0,0.0,0.0,0.0,0.0,0.0,d/dr at r = r_over_rs = 1/u (r_s = 1); u-column data consumed via d/dr = -u^2 d/du; stencils jet9d8 window=9 degree=8 on strictly increasing r
0.7624600481660204,1.3115441293027026,0.25,1.0,1.0,0.0,0.0,0.0,0.0,0.0,0.0,0.0,d/dr at r = r_over_rs = 1/u (r_s = 1); u-column data consumed via d/dr = -u^2 d/du; stencils jet9d8 window=9 degree=8 on strictly increasing r
0.7621382629749957,1.3120978811594035,0.25,1.0,1.0,0.0,0.0,0.0,0.0,0.0,0.0,0.0,d/dr at r = r_over_rs = 1/u (r_s = 1); u-column data consumed via d/dr = -u^2 d/du; stencils jet9d8 window=9 degree=8 on strictly increasing r
0.7618167492789243,1.3126516330161042,0.25,1.0,1.0,0.0,0.0,0.0,0.0,0.0,0.0,0.0,d/dr at r = r_over_rs = 1/u (r_s = 1); u-column data consumed via d/dr = -u^2 d/du; stencils jet9d8 window=9 degree=8 on strictly increasing r
0.7614955067343546,1.3132053848728051,0.25,1.0,1.0,0.0,0.0,0.0,0.0,0.0,0.0,0.0,d/dr at r = r_over_rs = 1/u (r_s = 1); u-column data consumed via d/dr = -u^2 d/du; stencils jet9d8 window=9 degree=8 on strictly increasing r
0.7611745349984144,1.313759136729506,0.25,1.0,1.0,0.0,0.0,0.0,0.0,0.0,0.0,0.0,d/dr at r = r_over_rs = 1/u (r_s = 1); u-column data consumed via d/dr = -u^2 d/du; stencils jet9d8 window=9 degree=8 on strictly increasing r
0.7608538337288087,1.3143128885862068,0.25,1.0,1.0,0.0,0.0,0.0,0.0,0.0,0.0,0.0,d/dr at r = r_over_rs = 1/u (r_s = 1); u-column data consumed via d/dr = -u^2 d/du; stencils jet9d8 window=9 degree=8 on strictly increasing r
0.7605334025838194,1.3148666404429077,0.25,1.0,1.0,0.0,0.0,0.0,0.0,0.0,0.0,0.0,d/dr at r = r_over_rs = 1/u (r_s = 1); u-column data consumed via d/dr = -u^2 d/du; stencils jet9d8 window=9 degree=8 on strictly increasing r
0.7602132412223039,1.3154203922996086,0.25,1.0,1.0,0.0,0.0,0.0,0.0,0.0,0.0,0.0,d/dr at r = r_over_rs = 1/u (r_s = 1); u-column data consumed via d/dr = -u^2 d/du; stencils jet9d8 window=9 degree=8 on strictly increasing r
0.7598933493036939,1.3159741441563093,0.25,1.0,1.0,0.0,0.0,0.0,0.0,0.0,0.0,0.0,d/dr at r = r_over_rs = 1/u (r_s = 1); u-column data consumed via d/dr = -u^2 d/du; stencils jet9d8 window=9 degree=8 on strictly increasing r
0.7595737264879937,1.3165278960130102,0.25,1.0,1.0,0.0,0.0,0.0,0.0,0.0,0.0,0.0,d/dr at r = r_over_rs = 1/u (r_s = 1); u-column data consumed via d/dr = -u^2 d/du; stencils jet9d8 window=9 degree=8 on strictly increasing r
0.7592543724357796,1.3170816478697112,0.25,1.0,1.0,0.0,0.0,0.0,0.0,0.0,0.0,0.0,d/dr at r = r_over_rs = 1/u (r_s = 1); u-column data consumed via d/dr = -u^2 d/du; stencils jet9d8 window=9 degree=8 on strictly increasing r
0.7589352868081987,1.317635399726412,0.25,1.0,1.0,0.0,0.0,0.0,0.0,0.0,0.0,0.0,d/dr at r = r_over_rs = 1/u (r_s = 1); u-column data consumed via d/dr = -u^2 d/du; stencils jet9d8 window=9 degree=8 on strictly increasing r
0.7586164692669671,1.3181891515831128,0.25,1.0,1.0,0.0,0.0,0.0,0.0,0.0,0.0,0.0,d/dr at r = r_over_rs = 1/u (r_s = 1); u-column data consumed via d/dr = -u^2 d/du; stencils jet9d8 window=9 degree=8 on strictly increasing r
0.7582979194743694,1.3187429034398137,0.25,1.0,1.0,0.0,0.0,0.0,0.0,0.0,0.0,0.0,d/dr at r = r_over_rs = 1/u (r_s = 1); u-column data consumed via d/dr = -u^2 d/du; stencils jet9d8 window=9 degree=8 on strictly increasing r
0.757979637093257,1.3192966552965146,0.25,1.0,1.0,0.0,0.0,0.0,0.0,0.0,0.0,0.0,d/dr at r = r_over_rs = 1/u (r_s = 1); u-column data consumed via d/dr = -u^2 d/du; stencils jet9d8 window=9 degree=8 on strictly increasing r
0.7576616217870474,1.3198504071532153,0.25,1.0,1.0,0.0,0.0,0.0,0.0,0.0,0.0,0.0,d/dr at r = r_over_rs = 1/u (r_s = 1); u-column data consumed via d/dr = -u^2 d/du; stencils jet9d8 window=9 degree=8 on strictly increasing r
0.7573438732197223,1.3204041590099163,0.25,1.0,1.0,0.0,0.0,0.0,0.0,0.0,0.0,0.0,d/dr at r = r_over_rs = 1/u (r_s = 1); u-column data consumed via d/dr = -u^2 d/du; stencils jet9d8 window=9 degree=8 on strictly increasing r
0.757026391055827,1.3209579108666172,0.25,1.0,1.0,0.0,0.0,0.0,0.0,0.0,0.0,0.0,d/dr at r = r_over_rs = 1/u (r_s = 1); u-column data consumed via d/dr = -u^2 d/du; stencils jet9d8 window=9 degree=8 on strictly increasing r
0.7567091749604694,1.3215116627233179,0.25,1.0,1.0,0.0,0.0,0.0,0.0,0.0,0.0,0.0,d/dr at r = r_over_rs = 1/u (r_s = 1); u-column data consumed via d/dr = -u^2 d/du; stencils jet9d8 window=9 degree=8 on strictly increasing r
0.756392224599318,1.3220654145800188,0.25,1.0,1.0,0.0,0.0,0.0,0.0,0.0,0.0,0.0,d/dr at r = r_over_rs = 1/u (r_s = 1); u-column data consumed via d/dr = -u^2 d/du; stencils jet9d8 window=9 degree=8 on strictly increasing r
0.7560755396386014,1.3226191664367197,0.25,1.0,1.0,0.0,0.0,0.0,0.0,0.0,0.0,0.0,d/dr at r = r_over_rs = 1/u (r_s = 1); u-column data consumed via d/dr = -u^2 d/du; stencils jet9d8 window=9 degree=8 on strictly increasing r
0.7557591197451071,1.3231729182934204,0.25,1.0,1.0,0.0,0.0,0.0,0.0,0.0,0.0,0.0,d/dr at r = r_over_rs = 1/u (r_s = 1); u-column data consumed via d/dr = -u^2 d/du; stencils jet9d8 window=9 degree=8 on strictly increasing r
0.7554429645861799,1.3237266701501214,0.25,1.0,1.0,0.0,0.0,0.0,0.0,0.0,0.0,0.0,d/dr at r = r_over_rs = 1/u (r_s = 1); u-column data consumed via d/dr = -u^2 d/du; stencils jet9d8 window=9 degree=8 on strictly increasing r
0.7551270738297212,1.3242804220068223,0.25,1.0,1.0,0.0,0.0,0.0,0.0,0.0,0.0,0.0,d/dr at r = r_over_rs = 1/u (r_s = 1); u-column data consumed via d/dr = -u^2 d/du; stencils jet9d8 window=9 degree=8 on strictly increasing r
0.7548114471441875,1.3248341738635232,0.25,1.0,1.0,0.0,0.0,0.0,0.0,0.0,0.0,0.0,d/dr at r = r_over_rs = 1/u (r_s = 1); u-column data consumed via d/dr = -u^2 d/du; stencils jet9d8 window=9 degree=8 on strictly increasing r
0.7544960841985896,1.325387925720224,0.25,1.0,1.0,0.0,0.0,0.0,0.0,0.0,0.0,0.0,d/dr at r = r_over_rs = 1/u (r_s = 1); u-column data consumed via d/dr = -u^2 d/du; stencils jet9d8 window=9 degree=8 on strictly increasing r
0.7541809846624907,1.3259416775769248,0.25,1.0,1.0,0.0,0.0,0.0,0.0,0.0,0.0,0.0,d/dr at r = r_over_rs = 1/u (r_s = 1); u-column data consumed via d/dr = -u^2 d/du; stencils jet9d8 window=9 degree=8 on strictly increasing r
0.7538661482060065,1.3264954294336258,0.25,1.0,1.0,0.0,0.0,0.0,0.0,0.0,0.0,0.0,d/dr at r = r_over_rs = 1/u (r_s = 1); u-column data consumed via d/dr = -u^2 d/du; stencils jet9d8 window=9 degree=8 on strictly increasing r
0.753551574499803,1.3270491812903265,0.25,1.0,1.0,0.0,0.0,0.0,0.0,0.0,0.0,0.0,d/dr at r = r_over_rs = 1/u (r_s = 1); u-column data consumed via d/dr = -u^2 d/du; stencils jet9d8 window=9 degree=8 on strictly increasing r
0.7532372632150953,1.3276029331470274,0.25,1.0,1.0,0.0,0.0,0.0,0.0,0.0,0.0,0.0,d/dr at r = r_over_rs = 1/u (r_s = 1); u-column data consumed via d/dr = -u^2 d/du; stencils jet9d8 window=9 degree=8 on strictly increasing r
0.7529232140236473,1.3281566850037283,0.25,1.0,1.0,0.0,0.0,0.0,0.0,0.0,0.0,0.0,d/dr at r = r_over_rs = 1/u (r_s = 1); u-column data consumed via d/dr = -u^2 d/du; stencils jet9d8 window=9 degree=8 on strictly increasing r
0.7526094265977701,1.328710436860429,0.25,1.0,1.0,0.0,0.0,0.0,0.0,0.0,0.0,0.0,d/dr at r = r_over_rs = 1/u (r_s = 1); u-column data consumed via d/dr = -u^2 d/du; stencils jet9d8 window=9 degree=8 on strictly increasing r
0.7522959006103203,1.32926418871713,0.25,1.0,1.0,0.0,0.0,0.0,0.0,0.0,0.0,0.0,d/dr at r = r_over_rs = 1/u (r_s = 1); u-column data consumed via d/dr = -u^2 d/du; stencils jet9d8 window=9 degree=8 on strictly increasing r
0.7519826357347,1.3298179405738308,0.25,1.0,1.0,0.0,0.0,0.0,0.0,0.0,0.0,0.0,d/dr at r = r_over_rs = 1/u (r_s = 1); u-column data consumed via d/dr = -u^2 d/du; stencils jet9d8 window=9 degree=8 on strictly increasing r
0.7516696316448549,1.3303716924305318,0.25,1.0,1.0,0.0,0.0,0.0,0.0,0.0,0.0,0.0,d/dr at r = r_over_rs = 1/u (r_s = 1); u-column data consumed via d/dr = -u^2 d/du; stencils jet9d8 window=9 degree=8 on strictly increasing r
0.7513568880152733,1.3309254442872325,0.25,1.0,1.0,0.0,0.0,0.0,0.0,0.0,0.0,0.0,d/dr at r = r_over_rs = 1/u (r_s = 1); u-column data consumed via d/dr = -u^2 d/du; stencils jet9d8 window=9 degree=8 on strictly increasing r
0.7510444045209849,1.3314791961439334,0.25,1.0,1.0,0.0,0.0,0.0,0.0,0.0,0.0,0.0,d/dr at r = r_over_rs = 1/u (r_s = 1); u-column data consumed via d/dr = -u^2 d/du; stencils jet9d8 window=9 degree=8 on strictly increasing r
0.7507321808375598,1.3320329480006343,0.25,1.0,1.0,0.0,0.0,0.0,0.0,0.0,0.0,0.0,d/dr at r = r_over_rs = 1/u (r_s = 1); u-column data consumed via d/dr = -u^2 d/du; stencils jet9d8 window=9 degree=8 on strictly increasing r
0.7504202166411076,1.332586699857335,0.25,1.0,1.0,0.0,0.0,0.0,0.0,0.0,0.0,0.0,d/dr at r = r_over_rs = 1/u (r_s = 1); u-column data consumed via d/dr = -u^2 d/du; stencils jet9d8 window=9 degree=8 on strictly increasing r
0.7501085116082759,1.333140451714036,0.25,1.0,1.0,0.0,0.0,0.0,0.0,0.0,0.0,0.0,d/dr at r = r_over_rs = 1/u (r_s = 1); u-column data consumed via d/dr = -u^2 d/du; stencils jet9d8 window=9 degree=8 on strictly increasing r
0.749797065416249,1.3336942035707369,0.25,1.0,1.0,0.0,0.0,0.0,0.0,0.0,0.0,0.0,d/dr at r = r_over_rs = 1/u (r_s = 1); u-column data consumed via d/dr = -u^2 d/du; stencils jet9d8 window=9 degree=8 on strictly increasing r
0.749485877742748,1.3342479554274376,0.25,1.0,1.0,0.0,0.0,0.0,0.0,0.0,0.0,0.0,d/dr at r = r_over_rs = 1/u (r_s = 1); u-column data consumed via d/dr = -u^2 d/du; stencils jet9d8 window=9 degree=8 on strictly increasing r
0.7491749482660278,1.3348017072841385,0.25,1.0,1.0,0.0,0.0,0.0,0.0,0.0,0.0,0.0,d/dr at r = r_over_rs = 1/u (r_s = 1); u-column data consumed via d/dr = -u^2 d/du; stencils jet9d8 window=9 degree=8 on strictly increasing r
0.7488642766648774,1.3353554591408394,0.25,1.0,1.0,0.0,0.0,0.0,0.0,0.0,0.0,0.0,d/dr at r = r_over_rs = 1/u (r_s = 1); u-column data consumed via d/dr = -u^2 d/du; stencils jet9d8 window=9 degree=8 on strictly increasing r
0.7485538626186188,1.3359092109975401,0.25,1.0,1.0,0.0,0.0,0.0,0.0,0.0,0.0,0.0,d/dr at r = r_over_rs = 1/u (r_s = 1); u-column data consumed via d/dr = -u^2 d/du; stencils jet9d8 window=9 degree=8 on strictly increasing r
0.7482437058071045,1.336462962854241,0.25,1.0,1.0,0.0,0.0,0.0,0.0,0.0,0.0,0.0,d/dr at r = r_over_rs = 1/u (r_s = 1); u-column data consumed via d/dr = -u^2 d/du; stencils jet9d8 window=9 degree=8 on strictly increasing r
0.7479338059107183,1.337016714710942,0.25,1.0,1.0,0.0,0.0,0.0,0.0,0.0,0.0,0.0,d/dr at r = r_over_rs = 1/u (r_s = 1); u-column data consumed via d/dr = -u^2 d/du; stencils jet9d8 window=9 degree=8 on strictly increasing r
0.747624162610373,1.337570466567643,0.25,1.0,1.0,0.0,0.0,0.0,0.0,0.0,0.0,0.0,d/dr at r = r_over_rs = 1/u (r_s = 1); u-column data consumed via d/dr = -u^2 d/du; stencils jet9d8 window=9 degree=8 on strictly increasing r
0.7473147755875096,1.3381242184243436,0.25,1.0,1.0,0.0,0.0,0.0,0.0,0.0,0.0,0.0,d/dr at r = r_over_rs = 1/u (r_s = 1); u-column data consumed via d/dr = -u^2 d/du; stencils jet9d8 window=9 degree=8 on strictly increasing r
0.7470056445240958,1.3386779702810445,0.25,1.0,1.0,0.0,0.0,0.0,0.0,0.0,0.0,0.0,d/dr at r = r_over_rs = 1/u (r_s = 1); u-column data consumed via d/dr = -u^2 d/du; stencils jet9d8 window=9 degree=8 on strictly increasing r
0.7466967691026258,1.3392317221377454,0.25,1.0,1.0,0.0,0.0,0.0,0.0,0.0,0.0,0.0,d/dr at r = r_over_rs = 1/u (r_s = 1); u-column data consumed via d/dr = -u^2 d/du; stencils jet9d8 window=9 degree=8 on strictly increasing r
0.7463881490061187,1.3397854739944461,0.25,1.0,1.0,0.0,0.0,0.0,0.0,0.0,0.0,0.0,d/dr at r = r_over_rs = 1/u (r_s = 1); u-column data consumed via d/dr = -u^2 d/du; stencils jet9d8 window=9 degree=8 on strictly increasing r
0.746079783918117,1.340339225851147,0.25,1.0,1.0,0.0,0.0,0.0,0.0,0.0,0.0,0.0,d/dr at r = r_over_rs = 1/u (r_s = 1); u-column data consumed via d/dr = -u^2 d/du; stencils jet9d8 window=9 degree=8 on strictly increasing r
0.7457716735226864,1.340892977707848,0.25,1.0,1.0,0.0,0.0,0.0,0.0,0.0,0.0,0.0,d/dr at r = r_over_rs = 1/u (r_s = 1); u-column data consumed via d/dr = -u^2 d/du; stencils jet9d8 window=9 degree=8 on strictly increasing r
0.7454638175044142,1.3414467295645487,0.25,1.0,1.0,0.0,0.0,0.0,0.0,0.0,0.0,0.0,d/dr at r = r_over_rs = 1/u (r_s = 1); u-column data consumed via d/dr = -u^2 d/du; stencils jet9d8 window=9 degree=8 on strictly increasing r
0.745156215548408,1.3420004814212496,0.25,1.0,1.0,0.0,0.0,0.0,0.0,0.0,0.0,0.0,d/dr at r = r_over_rs = 1/u (r_s = 1); u-column data consumed via d/dr = -u^2 d/du; stencils jet9d8 window=9 degree=8 on strictly increasing r
0.7448488673402953,1.3425542332779505,0.25,1.0,1.0,0.0,0.0,0.0,0.0,0.0,0.0,0.0,d/dr at r = r_over_rs = 1/u (r_s = 1); u-column data consumed via d/dr = -u^2 d/du; stencils jet9d8 window=9 degree=8 on strictly increasing r
0.7445417725662219,1.3431079851346512,0.25,1.0,1.0,0.0,0.0,0.0,0.0,0.0,0.0,0.0,d/dr at r = r_over_rs = 1/u (r_s = 1); u-column data consumed via d/dr = -u^2 d/du; stencils jet9d8 window=9 degree=8 on strictly increasing r
0.7442349309128508,1.3436617369913522,0.25,1.0,1.0,0.0,0.0,0.0,0.0,0.0,0.0,0.0,d/dr at r = r_over_rs = 1/u (r_s = 1); u-column data consumed via d/dr = -u^2 d/du; stencils jet9d8 window=9 degree=8 on strictly increasing r
0.7439283420673615,1.344215488848053,0.25,1.0,1.0,0.0,0.0,0.0,0.0,0.0,0.0,0.0,d/dr at r = r_over_rs = 1/u (r_s = 1); u-column data consumed via d/dr = -u^2 d/du; stencils jet9d8 window=9 degree=8 on strictly increasing r
0.7436220057174489,1.344769240704754,0.25,1.0,1.0,0.0,0.0,0.0,0.0,0.0,0.0,0.0,d/dr at r = r_over_rs = 1/u (r_s = 1); u-column data consumed via d/dr = -u^2 d/du; stencils jet9d8 window=9 degree=8 on strictly increasing r
0.743315921551322,1.3453229925614547,0.25,1.0,1.0,0.0,0.0,0.0,0.0,0.0,0.0,0.0,d/dr at r = r_over_rs = 1/u (r_s = 1); u-column data consumed via d/dr = -u^2 d/du; stencils jet9d8 window=9 degree=8 on strictly increasing r
0.7430100892577026,1.3458767444181556,0.25,1.0,1.0,0.0,0.0,0.0,0.0,0.0,0.0,0.0,d/dr at r = r_over_rs = 1/u (r_s = 1); u-column data consumed via d/dr = -u^2 d/du; stencils jet9d8 window=9 degree=8 on strictly increasing r
0.742704508525825,1.3464304962748566,0.25,1.0,1.0,0.0,0.0,0.0,0.0,0.0,0.0,0.0,d/dr at r = r_over_rs = 1/u (r_s = 1); u-column data consumed via d/dr = -u^2 d/du; stencils jet9d8 window=9 degree=8 on strictly increasing r
0.7423991790454345,1.3469842481315573,0.25,1.0,1.0,0.0,0.0,0.0,0.0,0.0,0.0,0.0,d/dr at r = r_over_rs = 1/u (r_s = 1); u-column data consumed via d/dr = -u^2 d/du; stencils jet9d8 window=9 degree=8 on strictly increasing r
0.7420941005067861,1.3475379999882582,0.25,1.0,1.0,0.0,0.0,0.0,0.0,0.0,0.0,0.0,d/dr at r = r_over_rs = 1/u (r_s = 1); u-column data consumed via d/dr = -u^2 d/du; stencils jet9d8 window=9 degree=8 on strictly increasing r
0.741789272600644,1.348091751844959,0.25,1.0,1.0,0.0,0.0,0.0,0.0,0.0,0.0,0.0,d/dr at r = r_over_rs = 1/u (r_s = 1); u-column data consumed via d/dr = -u^2 d/du; stencils jet9d8 window=9 degree=8 on strictly increasing r
0.7414846950182801,1.3486455037016598,0.25,1.0,1.0,0.0,0.0,0.0,0.0,0.0,0.0,0.0,d/dr at r = r_over_rs = 1/u (r_s = 1); u-column data consumed via d/dr = -u^2 d/du; stencils jet9d8 window=9 degree=8 on strictly increasing r
0.7411803674514733,1.3491992555583607,0.25,1.0,1.0,0.0,0.0,0.0,0.0,0.0,0.0,0.0,d/dr at r = r_over_rs = 1/u (r_s = 1); u-column data consumed via d/dr = -u^2 d/du; stencils jet9d8 window=9 degree=8 on strictly increasing r
0.7408762895925082,1.3497530074150617,0.25,1.0,1.0,0.0,0.0,0.0,0.0,0.0,0.0,0.0,d/dr at r = r_over_rs = 1/u (r_s = 1); u-column data consumed via d/dr = -u^2 d/du; stencils jet9d8 window=9 degree=8 on strictly increasing r
0.7405724611341742,1.3503067592717624,0.25,1.0,1.0,0.0,0.0,0.0,0.0,0.0,0.0,0.0,d/dr at r = r_over_rs = 1/u (r_s = 1); u-column data consumed via d/dr = -u^2 d/du; stencils jet9d8 window=9 degree=8 on strictly increasing r
0.7402688817697645,1.3508605111284633,0.25,1.0,1.0,0.0,0.0,0.0,0.0,0.0,0.0,0.0,d/dr at r = r_over_rs = 1/u (r_s = 1); u-column data consumed via d/dr = -u^2 d/du; stencils jet9d8 window=9 degree=8 on strictly increasing r
0.7399655511930748,1.3514142629851642,0.25,1.0,1.0,0.0,0.0,0.0,0.0,0.0,0.0,0.0,d/dr at r = r_over_rs = 1/u (r_s = 1); u-column data consumed via d/dr = -u^2 d/du; stencils jet9d8 window=9 degree=8 on strictly increasing r
0.7396624690984027,1.3519680148418651,0.25,1.0,1.0,0.0,0.0,0.0,0.0,0.0,0.0,0.0,d/dr at r = r_over_rs = 1/u (r_s = 1); u-column data consumed via d/dr = -u^2 d/du; stencils jet9d8 window=9 degree=8 on strictly increasing r
0.7393596351805466,1.3525217666985658,0.25,1.0,1.0,0.0,0.0,0.0,0.0,0.0,0.0,0.0,d/dr at r = r_over_rs = 1/u (r_s = 1); u-column data consumed via d/dr = -u^2 d/du; stencils jet9d8 window=9 degree=8 on strictly increasing r
0.7390570491348039,1.3530755185552668,0.25,1.0,1.0,0.0,0.0,0.0,0.0,0.0,0.0,0.0,d/dr at r = r_over_rs = 1/u (r_s = 1); u-column data consumed via d/dr = -u^2 d/du; stencils jet9d8 window=9 degree=8 on strictly increasing r
0.7387547106569711,1.3536292704119677,0.25,1.0,1.0,0.0,0.0,0.0,0.0,0.0,0.0,0.0,d/dr at r = r_over_rs = 1/u (r_s = 1); u-column data consumed via d/dr = -u^2 d/du; stencils jet9d8 window=9 degree=8 on strictly increasing r
0.7384526194433422,1.3541830222686684,0.25,1.0,1.0,0.0,0.0,0.0,0.0,0.0,0.0,0.0,d/dr at r = r_over_rs = 1/u (r_s = 1); u-column data consumed via d/dr = -u^2 d/du; stencils jet9d8 window=9 degree=8 on strictly increasing r
0.7381507751907077,1.3547367741253693,0.25,1.0,1.0,0.0,0.0,0.0,0.0,0.0,0.0,0.0,d/dr at r = r_over_rs = 1/u (r_s = 1); u-column data consumed via d/dr = -u^2 d/du; stencils jet9d8 window=9 degree=8 on strictly increasing r
0.7378491775963536,1.3552905259820702,0.25,1.0,1.0,0.0,0.0,0.0,0.0,0.0,0.0,0.0,d/dr at r = r_over_rs = 1/u (r_s = 1); u-column data consumed via d/dr = -u^2 d/du; stencils jet9d8 window=9 degree=8 on strictly increasing r
0.7375478263580607,1.355844277838771,0.25,1.0,1.0,0.0,0.0,0.0,0.0,0.0,0.0,0.0,d/dr at r = r_over_rs = 1/u (r_s = 1); u-column data consumed via d/dr = -u^2 d/du; stencils jet9d8 window=9 degree=8 on strictly increasing r
0.7372467211741028,1.3563980296954719,0.25,1.0,1.0,0.0,0.0,0.0,0.0,0.0,0.0,0.0,d/dr at r = r_over_rs = 1/u (r_s = 1); u-column data consumed via d/dr = -u^2 d/du; stencils jet9d8 window=9 degree=8 on strictly increasing r
0.7369458617432468,1.3569517815521728,0.25,1.0,1.0,0.0,0.0,0.0,0.0,0.0,0.0,0.0,d/dr at r = r_over_rs = 1/u (r_s = 1); u-column data consumed via d/dr = -u^2 d/du; stencils jet9d8 window=9 degree=8 on strictly increasing r
0.7366452477647509,1.3575055334088735,0.25,1.0,1.0,0.0,0.0,0.0,0.0,0.0,0.0,0.0,d/dr at r = r_over_rs = 1/u (r_s = 1); u-column data consumed via d/dr = -u^2 d/du; stencils jet9d8 window=9 degree=8 on strictly increasing r
0.7363448789383636,1.3580592852655744,0.25,1.0,1.0,0.0,0.0,0.0,0.0,0.0,0.0,0.0,d/dr at r = r_over_rs = 1/u (r_s = 1); u-column data consumed via d/dr = -u^2 d/du; stencils jet9d8 window=9 degree=8 on strictly increasing r
0.7360447549643231,1.3586130371222753,0.25,1.0,1.0,0.0,0.0,0.0,0.0,0.0,0.0,0.0,d/dr at r = r_over_rs = 1/u (r_s = 1); u-column data consumed via d/dr = -u^2 d/du; stencils jet9d8 window=9 degree=8 on strictly increasing r
0.7357448755433562,1.3591667889789762,0.25,1.0,1.0,0.0,0.0,0.0,0.0,0.0,0.0,0.0,d/dr at r = r_over_rs = 1/u (r_s = 1); u-column data consumed via d/dr = -u^2 d/du; stencils jet9d8 window=9 degree=8 on strictly increasing r
0.7354452403766772,1.359720540835677,0.25,1.0,1.0,0.0,0.0,0.0,0.0,0.0,0.0,0.0,d/dr at r = r_over_rs = 1/u (r_s = 1); u-column data consumed via d/dr = -u^2 d/du; stencils jet9d8 window=9 degree=8 on strictly increasing r
0.7351458491659867,1.3602742926923779,0.25,1.0,1.0,0.0,0.0,0.0,0.0,0.0,0.0,0.0,d/dr at r = r_over_rs = 1/u (r_s = 1); u-column data consumed via d/dr = -u^2 d/du; stencils jet9d8 window=9 degree=8 on strictly increasing r
0.7348467016134709,1.3608280445490788,0.25,1.0,1.0,0.0,0.0,0.0,0.0,0.0,0.0,0.0,d/dr at r = r_over_rs = 1/u (r_s = 1); u-column data consumed via d/dr = -u^2 d/du; stencils jet9d8 window=9 degree=8 on strictly increasing r
0.734547797421801,1.3613817964057795,0.25,1.0,1.0,0.0,0.0,0.0,0.0,0.0,0.0,0.0,d/dr at r = r_over_rs = 1/u (r_s = 1); u-column data consumed via d/dr = -u^2 d/du; stencils jet9d8 window=9 degree=8 on strictly increasing r
0.734249136294131,1.3619355482624804,0.25,1.0,1.0,0.0,0.0,0.0,0.0,0.0,0.0,0.0,d/dr at r = r_over_rs = 1/u (r_s = 1); u-column data consumed via d/dr = -u^2 d/du; stencils jet9d8 window=9 degree=8 on strictly increasing r
0.733950717934098,1.3624893001191813,0.25,1.0,1.0,0.0,0.0,0.0,0.0,0.0,0.0,0.0,d/dr at r = r_over_rs = 1/u (r_s = 1); u-column data consumed via d/dr = -u^2 d/du; stencils jet9d8 window=9 degree=8 on strictly increasing r
0.733652542045821,1.363043051975882,0.25,1.0,1.0,0.0,0.0,0.0,0.0,0.0,0.0,0.0,d/dr at r = r_over_rs = 1/u (r_s = 1); u-column data consumed via d/dr = -u^2 d/du; stencils jet9d8 window=9 degree=8 on strictly increasing r
0.7333546083338988,1.363596803832583,0.25,1.0,1.0,0.0,0.0,0.0,0.0,0.0,0.0,0.0,d/dr at r = r_over_rs = 1/u (r_s = 1); u-column data consumed via d/dr = -u^2 d/du; stencils jet9d8 window=9 degree=8 on strictly increasing r
0.7330569165034102,1.364150555689284,0.25,1.0,1.0,0.0,0.0,0.0,0.0,0.0,0.0,0.0,d/dr at r = r_over_rs = 1/u (r_s = 1); u-column data consumed via d/dr = -u^2 d/du; stencils jet9d8 window=9 degree=8 on strictly increasing r
0.7327594662599132,1.3647043075459846,0.25,1.0,1.0,0.0,0.0,0.0,0.0,0.0,0.0,0.0,d/dr at r = r_over_rs = 1/u (r_s = 1); u-column data consumed via d/dr = -u^2 d/du; stencils jet9d8 window=9 degree=8 on strictly increasing r
0.7324622573094425,1.3652580594026855,0.25,1.0,1.0,0.0,0.0,0.0,0.0,0.0,0.0,0.0,d/dr at r = r_over_rs = 1/u (r_s = 1); u-column data consumed via d/dr = -u^2 d/du; stencils jet9d8 window=9 degree=8 on strictly increasing r
0.7321652893585106,1.3658118112593864,0.25,1.0,1.0,0.0,0.0,0.0,0.0,0.0,0.0,0.0,d/dr at r = r_over_rs = 1/u (r_s = 1); u-column data consumed via d/dr = -u^2 d/du; stencils jet9d8 window=9 degree=8 on strictly increasing r
0.7318685621141048,1.3663655631160874,0.25,1.0,1.0,0.0,0.0,0.0,0.0,0.0,0.0,0.0,d/dr at r = r_over_rs = 1/u (r_s = 1); u-column data consumed via d/dr = -u^2 d/du; stencils jet9d8 window=9 degree=8 on strictly increasing r
0.7315720752836882,1.366919314972788,0.25,1.0,1.0,0.0,0.0,0.0,0.0,0.0,0.0,0.0,d/dr at r = r_over_rs = 1/u (r_s = 1); u-column data consumed via d/dr = -u^2 d/du; stencils jet9d8 window=9 degree=8 on strictly increasing r
0.7312758285751968,1.367473066829489,0.25,1.0,1.0,0.0,0.0,0.0,0.0,0.0,0.0,0.0,d/dr at r = r_over_rs = 1/u (r_s = 1); u-column data consumed via d/dr = -u^2 d/du; stencils jet9d8 window=9 degree=8 on strictly increasing r
0.73097982169704,1.36802681868619,0.25,1.0,1.0,0.0,0.0,0.0,0.0,0.0,0.0,0.0,d/dr at r = r_over_rs = 1/u (r_s = 1); u-column data consumed via d/dr = -u^2 d/du; stencils jet9d8 window=9 degree=8 on strictly increasing r
0.7306840543580992,1.3685805705428906,0.25,1.0,1.0,0.0,0.0,0.0,0.0,0.0,0.0,0.0,d/dr at r = r_over_rs = 1/u (r_s = 1); u-column data consumed via d/dr = -u^2 d/du; stencils jet9d8 window=9 degree=8 on strictly increasing r
0.7303885262677265,1.3691343223995915,0.25,1.0,1.0,0.0,0.0,0.0,0.0,0.0,0.0,0.0,d/dr at r = r_over_rs = 1/u (r_s = 1); u-column data consumed via d/dr = -u^2 d/du; stencils jet9d8 window=9 degree=8 on strictly increasing r
0.7300932371357441,1.3696880742562925,0.25,1.0,1.0,0.0,0.0,0.0,0.0,0.0,0.0,0.0,d/dr at r = r_over_rs = 1/u (r_s = 1); u-column data consumed via d/dr = -u^2 d/du; stencils jet9d8 window=9 degree=8 on strictly increasing r
0.7297981866724434,1.3702418261129932,0.25,1.0,1.0,0.0,0.0,0.0,0.0,0.0,0.0,0.0,d/dr at r = r_over_rs = 1/u (r_s = 1); u-column data consumed via d/dr = -u^2 d/du; stencils jet9d8 window=9 degree=8 on strictly increasing r
0.7295033745885838,1.370795577969694,0.25,1.0,1.0,0.0,0.0,0.0,0.0,0.0,0.0,0.0,d/dr at r = r_over_rs = 1/u (r_s = 1); u-column data consumed via d/dr = -u^2 d/du; stencils jet9d8 window=9 degree=8 on strictly increasing r
0.729208800595392,1.371349329826395,0.25,1.0,1.0,0.0,0.0,0.0,0.0,0.0,0.0,0.0,d/dr at r = r_over_rs = 1/u (r_s = 1); u-column data consumed via d/dr = -u^2 d/du; stencils jet9d8 window=9 degree=8 on strictly increasing r
0.7289144644045606,1.3719030816830957,0.25,1.0,1.0,0.0,0.0,0.0,0.0,0.0,0.0,0.0,d/dr at r = r_over_rs = 1/u (r_s = 1); u-column data consumed via d/dr = -u^2 d/du; stencils jet9d8 window=9 degree=8 on strictly increasing r
0.7286203657282482,1.3724568335397966,0.25,1.0,1.0,0.0,0.0,0.0,0.0,0.0,0.0,0.0,d/dr at r = r_over_rs = 1/u (r_s = 1); u-column data consumed via d/dr = -u^2 d/du; stencils jet9d8 window=9 degree=8 on strictly increasing r
0.7283265042790769,1.3730105853964976,0.25,1.0,1.0,0.0,0.0,0.0,0.0,0.0,0.0,0.0,d/dr at r = r_over_rs = 1/u (r_s = 1); u-column data consumed via d/dr = -u^2 d/du; stencils jet9d8 window=9 degree=8 on strictly increasing r
0.7280328797701328,1.3735643372531985,0.25,1.0,1.0,0.0,0.0,0.0,0.0,0.0,0.0,0.0,d/dr at r = r_over_rs = 1/u (r_s = 1); u-column data consumed via d/dr = -u^2 d/du; stencils jet9d8 window=9 degree=8 on strictly increasing r
0.7277394919149646,1.3741180891098992,0.25,1.0,1.0,0.0,0.0,0.0,0.0,0.0,0.0,0.0,d/dr at r = r_over_rs = 1/u (r_s = 1); u-column data consumed via d/dr = -u^2 d/du; stencils jet9d8 window=9 degree=8 on strictly increasing r
0.7274463404275818,1.3746718409666001,0.25,1.0,1.0,0.0,0.0,0.0,0.0,0.0,0.0,0.0,d/dr at r = r_over_rs = 1/u (r_s = 1); u-column data consumed via d/dr = -u^2 d/du; stencils jet9d8 window=9 degree=8 on strictly increasing r
0.7271534250224554,1.375225592823301,0.25,1.0,1.0,0.0,0.0,0.0,0.0,0.0,0.0,0.0,d/dr at r = r_over_rs = 1/u (r_s = 1); u-column data consumed via d/dr = -u^2 d/du; stencils jet9d8 window=9 degree=8 on strictly increasing r
0.7268607454145157,1.3757793446800017,0.25,1.0,1.0,0.0,0.0,0.0,0.0,0.0,0.0,0.0,d/dr at r = r_over_rs = 1/u (r_s = 1); u-column data consumed via d/dr = -u^2 d/du; stencils jet9d8 window=9 degree=8 on strictly increasing r
0.7265683013191516,1.3763330965367027,0.25,1.0,1.0,0.0,0.0,0.0,0.0,0.0,0.0,0.0,d/dr at r = r_over_rs = 1/u (r_s = 1); u-column data consumed via d/dr = -u^2 d/du; stencils jet9d8 window=9 degree=8 on strictly increasing r
0.7262760924522103,1.3768868483934036,0.25,1.0,1.0,0.0,0.0,0.0,0.0,0.0,0.0,0.0,d/dr at r = r_over_rs = 1/u (r_s = 1); u-column data consumed via d/dr = -u^2 d/du; stencils jet9d8 window=9 degree=8 on strictly increasing r
0.7259841185299956,1.3774406002501043,0.25,1.0,1.0,0.0,0.0,0.0,0.0,0.0,0.0,0.0,d/dr at r = r_over_rs = 1/u (r_s = 1); u-column data consumed via d/dr = -u^2 d/du; stencils jet9d8 window=9 degree=8 on strictly increasing r
0.7256923792692673,1.3779943521068052,0.25,1.0,1.0,0.0,0.0,0.0,0.0,0.0,0.0,0.0,d/dr at r = r_over_rs = 1/u (r_s = 1); u-column data consumed via d/dr = -u^2 d/du; stencils jet9d8 window=9 degree=8 on strictly increasing r
0.7254008743872405,1.3785481039635061,0.25,1.0,1.0,0.0,0.0,0.0,0.0,0.0,0.0,0.0,d/dr at r = r_over_rs = 1/u (r_s = 1); u-column data consumed via d/dr = -u^2 d/du; stencils jet9d8 window=9 degree=8 on strictly increasing r
0.7251096036015847,1.3791018558202068,0.25,1.0,1.0,0.0,0.0,0.0,0.0,0.0,0.0,0.0,d/dr at r = r_over_rs = 1/u (r_s = 1); u-column data consumed via d/dr = -u^2 d/du; stencils jet9d8 window=9 degree=8 on strictly increasing r
0.7248185666304219,1.3796556076769078,0.25,1.0,1.0,0.0,0.0,0.0,0.0,0.0,0.0,0.0,d/dr at r = r_over_rs = 1/u (r_s = 1); u-column data consumed via d/dr = -u^2 d/du; stencils jet9d8 window=9 degree=8 on strictly increasing r
0.7245277631923271,1.3802093595336087,0.25,1.0,1.0,0.0,0.0,0.0,0.0,0.0,0.0,0.0,d/dr at r = r_over_rs = 1/u (r_s = 1); u-column data consumed via d/dr = -u^2 d/du; stencils jet9d8 window=9 degree=8 on strictly increasing r
0.7242371930063268,1.3807631113903096,0.25,1.0,1.0,0.0,0.0,0.0,0.0,0.0,0.0,0.0,d/dr at r = r_over_rs = 1/u (r_s = 1); u-column data consumed via d/dr = -u^2 d/du; stencils jet9d8 window=9 degree=8 on strictly increasing r
0.7239468557918978,1.3813168632470103,0.25,1.0,1.0,0.0,0.0,0.0,0.0,0.0,0.0,0.0,d/dr at r = r_over_rs = 1/u (r_s = 1); u-column data consumed via d/dr = -u^2 d/du; stencils jet9d8 window=9 degree=8 on strictly increasing r
0.7236567512689664,1.3818706151037112,0.25,1.0,1.0,0.0,0.0,0.0,0.0,0.0,0.0,0.0,d/dr at r = r_over_rs = 1/u (r_s = 1); u-column data consumed via d/dr = -u^2 d/du; stencils jet9d8 window=9 degree=8 on strictly increasing r
0.7233668791579081,1.3824243669604122,0.25,1.0,1.0,0.0,0.0,0.0,0.0,0.0,0.0,0.0,d/dr at r = r_over_rs = 1/u (r_s = 1); u-column data consumed via d/dr = -u^2 d/du; stencils jet9d8 window=9 degree=8 on strictly increasing r
0.7230772391795459,1.3829781188171129,0.25,1.0,1.0,0.0,0.0,0.0,0.0,0.0,0.0,0.0,d/dr at r = r_over_rs = 1/u (r_s = 1); u-column data consumed via d/dr = -u^2 d/du; stencils jet9d8 window=9 degree=8 on strictly increasing r
0.7227878310551499,1.3835318706738138,0.25,1.0,1.0,0.0,0.0,0.0,0.0,0.0,0.0,0.0,d/dr at r = r_over_rs = 1/u (r_s = 1); u-column data consumed via d/dr = -u^2 d/du; stencils jet9d8 window=9 degree=8 on strictly increasing r
0.7224986545064362,1.3840856225305147,0.25,1.0,1.0,0.0,0.0,0.0,0.0,0.0,0.0,0.0,d/dr at r = r_over_rs = 1/u (r_s = 1); u-column data consumed via d/dr = -u^2 d/du; stencils jet9d8 window=9 degree=8 on strictly increasing r
0.7222097092555663,1.3846393743872154,0.25,1.0,1.0,0.0,0.0,0.0,0.0,0.0,0.0,0.0,d/dr at r = r_over_rs = 1/u (r_s = 1); u-column data consumed via d/dr = -u^2 d/du; stencils jet9d8 window=9 degree=8 on strictly increasing r
0.7219209950251455,1.3851931262439163,0.25,1.0,1.0,0.0,0.0,0.0,0.0,0.0,0.0,0.0,d/dr at r = r_over_rs = 1/u (r_s = 1); u-column data consumed via d/dr = -u^2 d/du; stencils jet9d8 window=9 degree=8 on strictly increasing r
0.7216325115382228,1.3857468781006173,0.25,1.0,1.0,0.0,0.0,0.0,0.0,0.0,0.0,0.0,d/dr at r = r_over_rs = 1/u (r_s = 1); u-column data consumed via d/dr = -u^2 d/du; stencils jet9d8 window=9 degree=8 on strictly increasing r
0.7213442585182901,1.386300629957318,0.25,1.0,1.0,0.0,0.0,0.0,0.0,0.0,0.0,0.0,d/dr at r = r_over_rs = 1/u (r_s = 1); u-column data consumed via d/dr = -u^2 d/du; stencils jet9d8 window=9 degree=8 on strictly increasing r
0.72105623568928,1.3868543818140189,0.25,1.0,1.0,0.0,0.0,0.0,0.0,0.0,0.0,0.0,d/dr at r = r_over_rs = 1/u (r_s = 1); u-column data consumed via d/dr = -u^2 d/du; stencils jet9d8 window=9 degree=8 on strictly increasing r
0.7207684427755667,1.3874081336707198,0.25,1.0,1.0,0.0,0.0,0.0,0.0,0.0,0.0,0.0,d/dr at r = r_over_rs = 1/u (r_s = 1); u-column data consumed via d/dr = -u^2 d/du; stencils jet9d8 window=9 degree=8 on strictly increasing r
0.7204808795019637,1.3879618855274207,0.25,1.0,1.0,0.0,0.0,0.0,0.0,0.0,0.0,0.0,d/dr at r = r_over_rs = 1/u (r_s = 1); u-column data consumed via d/dr = -u^2 d/du; stencils jet9d8 window=9 degree=8 on strictly increasing r
0.720193545593724,1.3885156373841214,0.25,1.0,1.0,0.0,0.0,0.0,0.0,0.0,0.0,0.0,d/dr at r = r_over_rs = 1/u (r_s = 1); u-column data consumed via d/dr = -u^2 d/du; stencils jet9d8 window=9 degree=8 on strictly increasing r
0.7199064407765381,1.3890693892408223,0.25,1.0,1.0,0.0,0.0,0.0,0.0,0.0,0.0,0.0,d/dr at r = r_over_rs = 1/u (r_s = 1); u-column data consumed via d/dr = -u^2 d/du; stencils jet9d8 window=9 degree=8 on strictly increasing r
0.7196195647765341,1.3896231410975233,0.25,1.0,1.0,0.0,0.0,0.0,0.0,0.0,0.0,0.0,d/dr at r = r_over_rs = 1/u (r_s = 1); u-column data consumed via d/dr = -u^2 d/du; stencils jet9d8 window=9 degree=8 on strictly increasing r
0.7193329173202767,1.390176892954224,0.25,1.0,1.0,0.0,0.0,0.0,0.0,0.0,0.0,0.0,d/dr at r = r_over_rs = 1/u (r_s = 1); u-column data consumed via d/dr = -u^2 d/du; stencils jet9d8 window=9 degree=8 on strictly increasing r
0.7190464981347655,1.390730644810925,0.25,1.0,1.0,0.0,0.0,0.0,0.0,0.0,0.0,0.0,d/dr at r = r_over_rs = 1/u (r_s = 1); u-column data consumed via d/dr = -u^2 d/du; stencils jet9d8 window=9 degree=8 on strictly increasing r
0.7187603069474352,1.3912843966676258,0.25,1.0,1.0,0.0,0.0,0.0,0.0,0.0,0.0,0.0,d/dr at r = r_over_rs = 1/u (r_s = 1); u-column data consumed via d/dr = -u^2 d/du; stencils jet9d8 window=9 degree=8 on strictly increasing r
0.7184743434861542,1.3918381485243265,0.25,1.0,1.0,0.0,0.0,0.0,0.0,0.0,0.0,0.0,d/dr at r = r_over_rs = 1/u (r_s = 1); u-column data consumed via d/dr = -u^2 d/du; stencils jet9d8 window=9 degree=8 on strictly increasing r
0.7181886074792236,1.3923919003810274,0.25,1.0,1.0,0.0,0.0,0.0,0.0,0.0,0.0,0.0,d/dr at r = r_over_rs = 1/u (r_s = 1); u-column data consumed via d/dr = -u^2 d/du; stencils jet9d8 window=9 degree=8 on strictly increasing r
0.7179030986553767,1.3929456522377284,0.25,1.0,1.0,0.0,0.0,0.0,0.0,0.0,0.0,0.0,d/dr at r = r_over_rs = 1/u (r_s = 1); u-column data consumed via d/dr = -u^2 d/du; stencils jet9d8 window=9 degree=8 on strictly increasing r
0.7176178167437781,1.393499404094429,0.25,1.0,1.0,0.0,0.0,0.0,0.0,0.0,0.0,0.0,d/dr at r = r_over_rs = 1/u (r_s = 1); u-column data consumed via d/dr = -u^2 d/du; stencils jet9d8 window=9 degree=8 on strictly increasing r
0.7173327614740224,1.39405315595113,0.25,1.0,1.0,0.0,0.0,0.0,0.0,0.0,0.0,0.0,d/dr at r = r_over_rs = 1/u (r_s = 1); u-column data consumed via d/dr = -u^2 d/du; stencils jet9d8 window=9 degree=8 on strictly increasing r
0.7170479325761338,1.394606907807831,0.25,1.0,1.0,0.0,0.0,0.0,0.0,0.0,0.0,0.0,d/dr at r = r_over_rs = 1/u (r_s = 1); u-column data consumed via d/dr = -u^2 d/du; stencils jet9d8 window=9 degree=8 on strictly increasing r
0.7167633297805655,1.3951606596645318,0.25,1.0,1.0,0.0,0.0,0.0,0.0,0.0,0.0,0.0,d/dr at r = r_over_rs = 1/u (r_s = 1); u-column data consumed via d/dr = -u^2 d/du; stencils jet9d8 window=9 degree=8 on strictly increasing r
0.7164789528181978,1.3957144115212325,0.25,1.0,1.0,0.0,0.0,0.0,0.0,0.0,0.0,0.0,d/dr at r = r_over_rs = 1/u (r_s = 1); u-column data consumed via d/dr = -u^2 d/du; stencils jet9d8 window=9 degree=8 on strictly increasing r
0.7161948014203386,1.3962681633779335,0.25,1.0,1.0,0.0,0.0,0.0,0.0,0.0,0.0,0.0,d/dr at r = r_over_rs = 1/u (r_s = 1); u-column data consumed via d/dr = -u^2 d/du; stencils jet9d8 window=9 degree=8 on strictly increasing r
0.7159108753187214,1.3968219152346344,0.25,1.0,1.0,0.0,0.0,0.0,0.0,0.0,0.0,0.0,d/dr at r = r_over_rs = 1/u (r_s = 1); u-column data consumed via d/dr = -u^2 d/du; stencils jet9d8 window=9 degree=8 on strictly increasing r
0.7156271742455053,1.397375667091335,0.25,1.0,1.0,0.0,0.0,0.0,0.0,0.0,0.0,0.0,d/dr at r = r_over_rs = 1/u (r_s = 1); u-column data consumed via d/dr = -u^2 d/du; stencils jet9d8 window=9 degree=8 on strictly increasing r
0.7153436979332732,1.397929418948036,0.25,1.0,1.0,0.0,0.0,0.0,0.0,0.0,0.0,0.0,d/dr at r = r_over_rs = 1/u (r_s = 1); u-column data consumed via d/dr = -u^2 d/du; stencils jet9d8 window=9 degree=8 on strictly increasing r
0.7150604461150322,1.398483170804737,0.25,1.0,1.0,0.0,0.0,0.0,0.0,0.0,0.0,0.0,d/dr at r = r_over_rs = 1/u (r_s = 1); u-column data consumed via d/dr = -u^2 d/du; stencils jet9d8 window=9 degree=8 on strictly increasing r
0.714777418524212,1.3990369226614376,0.25,1.0,1.0,0.0,0.0,0.0,0.0,0.0,0.0,0.0,d/dr at r = r_over_rs = 1/u (r_s = 1); u-column data consumed via d/dr = -u^2 d/du; stencils jet9d8 window=9 degree=8 on strictly increasing r
0.7144946148946637,1.3995906745181386,0.25,1.0,1.0,0.0,0.0,0.0,0.0,0.0,0.0,0.0,d/dr at r = r_over_rs = 1/u (r_s = 1); u-column data consumed via d/dr = -u^2 d/du; stencils jet9d8 window=9 degree=8 on strictly increasing r
0.7142120349606599,1.4001444263748395,0.25,1.0,1.0,0.0,0.0,0.0,0.0,0.0,0.0,0.0,d/dr at r = r_over_rs = 1/u (r_s = 1); u-column data consumed via d/dr = -u^2 d/du; stencils jet9d8 window=9 degree=8 on strictly increasing r
0.7139296784568935,1.4006981782315402,0.25,1.0,1.0,0.0,0.0,0.0,0.0,0.0,0.0,0.0,d/dr at r = r_over_rs = 1/u (r_s = 1); u-column data consumed via d/dr = -u^2 d/du; stencils jet9d8 window=9 degree=8 on strictly increasing r
0.7136475451184763,1.4012519300882411,0.25,1.0,1.0,0.0,0.0,0.0,0.0,0.0,0.0,0.0,d/dr at r = r_over_rs = 1/u (r_s = 1); u-column data consumed via d/dr = -u^2 d/du; stencils jet9d8 window=9 degree=8 on strictly increasing r
0.7133656346809389,1.401805681944942,0.25,1.0,1.0,0.0,0.0,0.0,0.0,0.0,0.0,0.0,d/dr at r = r_over_rs = 1/u (r_s = 1); u-column data consumed via d/dr = -u^2 d/du; stencils jet9d8 window=9 degree=8 on strictly increasing r
0.7130839468802299,1.402359433801643,0.25,1.0,1.0,0.0,0.0,0.0,0.0,0.0,0.0,0.0,d/dr at r = r_over_rs = 1/u (r_s = 1); u-column data consumed via d/dr = -u^2 d/du; stencils jet9d8 window=9 degree=8 on strictly increasing r
0.7128024814527144,1.4029131856583437,0.25,1.0,1.0,0.0,0.0,0.0,0.0,0.0,0.0,0.0,d/dr at r = r_over_rs = 1/u (r_s = 1); u-column data consumed via d/dr = -u^2 d/du; stencils jet9d8 window=9 degree=8 on strictly increasing r
0.7125212381351737,1.4034669375150446,0.25,1.0,1.0,0.0,0.0,0.0,0.0,0.0,0.0,0.0,d/dr at r = r_over_rs = 1/u (r_s = 1); u-column data consumed via d/dr = -u^2 d/du; stencils jet9d8 window=9 degree=8 on strictly increasing r
0.7122402166648043,1.4040206893717455,0.25,1.0,1.0,0.0,0.0,0.0,0.0,0.0,0.0,0.0,d/dr at r = r_over_rs = 1/u (r_s = 1); u-column data consumed via d/dr = -u^2 d/du; stencils jet9d8 window=9 degree=8 on strictly increasing r
0.7119594167792176,1.4045744412284462,0.25,1.0,1.0,0.0,0.0,0.0,0.0,0.0,0.0,0.0,d/dr at r = r_over_rs = 1/u (r_s = 1); u-column data consumed via d/dr = -u^2 d/du; stencils jet9d8 window=9 degree=8 on strictly increasing r
0.7116788382164378,1.4051281930851471,0.25,1.0,1.0,0.0,0.0,0.0,0.0,0.0,0.0,0.0,d/dr at r = r_over_rs = 1/u (r_s = 1); u-column data consumed via d/dr = -u^2 d/du; stencils jet9d8 window=9 degree=8 on strictly increasing r
0.7113984807149025,1.405681944941848,0.25,1.0,1.0,0.0,0.0,0.0,0.0,0.0,0.0,0.0,d/dr at r = r_over_rs = 1/u (r_s = 1); u-column data consumed via d/dr = -u^2 d/du; stencils jet9d8 window=9 degree=8 on strictly increasing r
0.7111183440134614,1.4062356967985488,0.25,1.0,1.0,0.0,0.0,0.0,0.0,0.0,0.0,0.0,d/dr at r = r_over_rs = 1/u (r_s = 1); u-column data consumed via d/dr = -u^2 d/du; stencils jet9d8 window=9 degree=8 on strictly increasing r
0.7108384278513747,1.4067894486552497,0.25,1.0,1.0,0.0,0.0,0.0,0.0,0.0,0.0,0.0,d/dr at r = r_over_rs = 1/u (r_s = 1); u-column data consumed via d/dr = -u^2 d/du; stencils jet9d8 window=9 degree=8 on strictly increasing r
0.7105587319683138,1.4073432005119506,0.25,1.0,1.0,0.0,0.0,0.0,0.0,0.0,0.0,0.0,d/dr at r = r_over_rs = 1/u (r_s = 1); u-column data consumed via d/dr = -u^2 d/du; stencils jet9d8 window=9 degree=8 on strictly increasing r
0.710279256104359,1.4078969523686515,0.25,1.0,1.0,0.0,0.0,0.0,0.0,0.0,0.0,0.0,d/dr at r = r_over_rs = 1/u (r_s = 1); u-column data consumed via d/dr = -u^2 d/du; stencils jet9d8 window=9 degree=8 on strictly increasing r
0.71,1.4084507042253522,0.25,1.0,1.0,0.0,0.0,0.0,0.0,0.0,0.0,0.0,d/dr at r = r_over_rs = 1/u (r_s = 1); u-column data consumed via d/dr = -u^2 d/du; stencils jet9d8 window=9 degree=8 on strictly increasing r
