u,x,L,mode,root_re,root_im,psi_coordinate_weight,scalar_coordinate_weight,vector_coordinate_weight,positive
0.7079894973743436,1.412450331125828,6,0,-3393.2342546207233,0.0,0.9678718561525446,0.03210560754078449,2.253630667088648e-05,False
0.7079894973743436,1.412450331125828,6,1,129.20492285269023,0.0,0.5602438538174817,0.4386431533961697,0.0011129927863486474,True
0.7079894973743436,1.412450331125828,6,2,963795.546252701,0.0,0.9933556244354681,0.006644352274535245,2.3289996670851796e-08,True
0.7079632408102026,1.4125027153324892,6,0,-3581.593384902397,0.0,0.9714285517333114,0.02855285674115686,1.8591525531754777e-05,False
0.7079632408102026,1.4125027153324892,6,1,142.90475743069314,0.0,0.539842063572387,0.459008240615656,0.0011496958119570294,True
0.7079632408102026,1.4125027153324892,6,2,235859.93105959205,0.0,0.9934558791579282,0.006544103182811203,1.7659260602248594e-08,True
0.7079369842460614,1.41255510342489,6,0,-3732.458599432857,0.0,0.974551832479679,0.025433400492506537,1.4767027814496735e-05,False
0.7079369842460614,1.41255510342489,6,1,143.4810099669058,0.0,0.5462497033701382,0.4525949886734915,0.0011553079563701425,True
0.7079369842460614,1.41255510342489,6,2,121783.14235658155,0.0,0.9935692256198934,0.0064307624759916806,1.190411500674765e-08,True
0.7079107276819204,1.4126074954034622,6,0,-3978.104796822063,0.0,0.9773209928634915,0.02266725820197782,1.1748934530755319e-05,False
0.7079107276819204,1.4126074954034622,6,1,140.06419499660797,0.0,0.5583460723069441,0.44051586414767224,0.001138063545383664,True
0.7079107276819204,1.4126074954034622,6,2,76584.15724180493,0.0,0.9936969393811879,0.006303054187706014,6.43110616428864e-09,True
0.7078844711177794,1.4126598912686386,6,0,-3804.236089044508,0.0,0.9793685100723691,0.02062115845183853,1.033147579233083e-05,False
0.7078844711177794,1.4126598912686386,6,1,146.83214561953974,0.0,0.5160021679912619,0.4828196759589934,0.0011781560497447737,True
0.7078844711177794,1.4126598912686386,6,2,51832.55039700976,0.0,0.9938254561835916,0.006174541482291739,2.334116548929266e-09,True
0.7078582145536384,1.4127122910208516,6,0,-3645.027213947213,0.0,0.9815213213608807,0.018470204101802064,8.474537317280135e-06,False
0.7078582145536384,1.4127122910208516,6,1,161.52169160252126,0.0,0.49797941907712945,0.5008368404821704,0.001183740440700165,True
0.7078582145536384,1.4127122910208516,6,2,35814.885623503294,0.0,0.9939773516486908,0.006022648296754205,5.4554957586604974e-11,True
0.7078319579894974,1.4127646946605337,6,0,-4489.669339770307,0.0,0.984257294249004,0.015737166519888605,5.539231107480608e-06,False
0.7078319579894974,1.4127646946605337,6,1,148.38715087907264,0.0,0.5119865164186905,0.48681642393286784,0.0011970596484415278,True
0.7078319579894974,1.4127646946605337,6,2,25152.928800824557,0.0,0.9942213620434103,0.005778634520713804,3.4358758784788308e-09,True
0.7078057014253563,1.412817102188118,6,0,-5871.805978784751,0.0,0.986482310017057,0.013514308704196225,3.3812787467987333e-06,False
0.7078057014253563,1.412817102188118,6,1,149.27989016405795,0.0,0.6020065444201937,0.3969195567283358,0.0010738988514706032,True
0.7078057014253563,1.412817102188118,6,2,17769.441155133474,0.0,0.9945623825826886,0.005437593862528024,2.355478327105384e-08,True
0.7077794448612152,1.4128695136040363,6,0,-7401.265529266767,0.0,0.9881027066533545,0.01189511589378112,2.1774528643801637e-06,False
0.7077794448612152,1.4128695136040363,6,1,144.8692334314134,0.0,0.6634522356219993,0.3355798836005551,0.0009678807774457398,True
0.7077794448612152,1.4128695136040363,6,2,12528.65142921215,0.0,0.9949799665716994,0.005019957017052268,7.641124837928094e-08,True
0.7077531882970742,1.412921928908722,6,0,-9136.211426494661,0.0,0.9892615027449202,0.01073700893513591,1.4883199438312237e-06,False
0.7077531882970742,1.412921928908722,6,1,138.3292181294907,0.0,0.6871466873374231,0.31192441649737657,0.000928896165200248,True
0.7077531882970742,1.412921928908722,6,2,8828.47335408104,0.0,0.9954655251018303,0.004534292293197949,1.826049717830585e-07,True
0.7077269317329332,1.4129743481026076,6,0,-11247.695791930451,0.0,0.9900238912478748,0.009975037968995846,1.0707831292142126e-06,False
0.7077269317329332,1.4129743481026076,6,1,147.6990311329929,0.0,0.7838535396296876,0.21545020179681532,0.0006962585734969332,True
0.7077269317329332,1.4129743481026076,6,2,6366.224904885439,0.0,0.9959744856630922,0.004025150287464966,3.640494428231274e-07,True
0.7077006751687922,1.4130267711861262,6,0,-13427.469796796824,0.0,0.9905668411026426,0.009432326654539372,8.322428180942814e-07,False
0.7077006751687922,1.4130267711861262,6,1,128.33366036671592,0.0,0.7889333375269094,0.21037599591852243,0.0006906665545682793,True
0.7077006751687922,1.4130267711861262,6,2,4514.456298547504,0.0,0.9964914372675485,0.003507946091752156,6.166406992270102e-07,True
0.7076744186046511,1.413079198159711,6,0,-14364.270799198046,0.0,0.9911326785036059,0.008866683934871873,6.375615222823192e-07,False
0.7076744186046511,1.413079198159711,6,1,145.90912424005316,0.0,0.8421991050401351,0.15728518802488456,0.0005157069349804374,True
0.7076744186046511,1.413079198159711,6,2,2815.8207974439915,0.0,0.9970531277311443,0.0029457391994113205,1.1330694442770602e-06,True
0.7076481620405101,1.4131316290237943,6,0,-14675.167567275263,0.0,0.9917290434088663,0.008270484588328872,4.720028048415705e-07,False
0.7076481620405101,1.4131316290237943,6,1,144.43221380046785,0.0,0.8655644878714035,0.13403159423816655,0.0004039178904298939,True
0.7076481620405101,1.4131316290237943,6,2,1539.8628565216898,0.0,0.9977259493319905,0.002271769971156761,2.2806968527638103e-06,True
0.707621905476369,1.4131840637788098,6,0,-15625.0515397225,0.0,0.9922342844541738,0.007765374180098595,3.413657276238846e-07,False
0.707621905476369,1.4131840637788098,6,1,157.99135060098328,0.0,0.8414342038608724,0.15814389800363396,0.00042189813549364926,True
0.707621905476369,1.4131840637788098,6,2,759.8554393788063,0.0,0.9985366809886207,0.0014588193579449045,4.499653434312124e-06,True
0.707595648912228,1.4132365024251905,6,0,-16765.536232644703,0.0,0.9926432980442111,0.007356453733559751,2.482222290615306e-07,False
0.707595648912228,1.4132365024251905,6,1,175.31141358874476,0.0,0.06292605090634257,0.9346344948251976,0.002439454268459919,True
0.707595648912228,1.4132365024251905,6,2,398.46895975284303,0.0,0.9996829763609048,0.00031048758760347924,6.536051491777724e-06,True
0.707569392348087,1.413288944963369,6,0,-17869.803369106845,0.0,0.9930039170324103,0.006995904570219263,1.7839737046884e-07,False
0.707569392348087,1.413288944963369,6,1,161.94246266150407,0.0,0.8968761239217379,0.10272824444148279,0.00039563163677931246,True
0.707569392348087,1.413288944963369,6,2,428.1126349058748,0.0,0.9989185512241886,0.0010764000053912514,5.0487704202263735e-06,True
0.7075431357839459,1.4133413913937796,6,0,-19472.320979944798,0.0,0.9931852110966616,0.006814644366510916,1.4453682750171662e-07,False
0.7075431357839459,1.4133413913937796,6,1,168.22547642322468,0.0,0.9188088265145564,0.08078480187912955,0.0004063716063141067,True
0.7075431357839459,1.4133413913937796,6,2,472.95907469687165,0.0,0.9951087866845221,0.004885775516298821,5.4377991790720685e-06,True
0.7075168792198049,1.4133938417168548,6,0,-21282.89708427118,0.0,0.9931622735673732,0.006837579433003449,1.469996233878572e-07,False
0.7075168792198049,1.4133938417168548,6,1,37.4688307140204,0.0,0.9976212167688187,0.0023064424187541955,7.234081242710864e-05,True
0.7075168792198049,1.4133938417168548,6,2,241.98160994710753,0.0,0.9626502519861219,0.037330455065282174,1.9292948595895435e-05,True
0.7074906226556639,1.4134462959330285,6,0,-22995.866931924935,0.0,0.993139111223668,0.006860739871545042,1.489047869468859e-07,False
0.7074906226556639,1.4134462959330285,6,1,-192.66289282136526,0.0,0.9997084145244101,0.0002653025496377164,2.6282925952201948e-05,False
0.7074906226556639,1.4134462959330285,6,2,193.3849691938685,0.0,0.6082007671532726,0.3909138919087023,0.0008853409380250805,True
0.7074643660915229,1.4134987540427335,6,0,-24546.5407808635,0.0,0.9931549216077707,0.006844932180608985,1.4621162019819677e-07,False
0.7074643660915229,1.4134987540427335,6,1,-443.0441028593347,0.0,0.9994134559290877,0.0005605496512226375,2.5994419689542768e-05,False
0.7074643660915229,1.4134987540427335,6,2,190.35015508717404,0.0,0.5205070726202871,0.4783086179449959,0.0011843094347169965,True
0.7074381095273818,1.4135512160464043,6,0,-26008.195261312463,0.0,0.9931622674233831,0.006837587924416705,1.4465220012761142e-07,False
0.7074381095273818,1.4135512160464043,6,1,-653.8030134278788,0.0,0.9988908070848413,0.0010857281799440137,2.3464735214628847e-05,False
0.7074381095273818,1.4135512160464043,6,2,179.84271964171236,0.0,0.3034375743652663,0.6945770295034461,0.0019853961312875676,True
0.7074118529632408,1.413603681944474,6,0,-27469.269679665627,0.0,0.9931556173614781,0.006844236735801926,1.4590271998108522e-07,False
0.7074118529632408,1.413603681944474,6,1,-943.6130871507647,0.0,0.9987050421547873,0.0012723027898440978,2.2655055368570747e-05,False
0.7074118529632408,1.413603681944474,6,2,189.61163039875365,0.0,0.27083527469905316,0.7269621390760618,0.0022025862248850644,True
0.7073855963990997,1.413656151737376,6,0,-28712.78898729254,0.0,0.9931701935518147,0.006829662006602182,1.4444158321252037e-07,False
0.7073855963990997,1.413656151737376,6,1,-1150.5788632302247,0.0,0.9984162136685951,0.001560555946332935,2.3230385071875133e-05,False
0.7073855963990997,1.413656151737376,6,2,177.62411386227026,0.0,0.25915342816672604,0.738531455739313,0.002315116093961016,True
0.7073593398349587,1.4137086254255444,6,0,-29725.296708222082,0.0,0.993260117564809,0.006739751017016444,1.31418174573625e-07,False
0.7073593398349587,1.4137086254255444,6,1,-1099.9956501971217,0.0,0.9973686369786072,0.0026021683054755374,2.9194715917259247e-05,False
0.7073593398349587,1.4137086254255444,6,2,189.8820063281376,0.0,0.287430907889768,0.7103706351327077,0.002198456977524299,True
0.7073330832708177,1.4137611030094128,6,0,-30770.308660975617,0.0,0.9933508428495375,0.006649038624915867,1.1852554661675563e-07,False
0.7073330832708177,1.4137611030094128,6,1,-992.1783639370327,0.0,0.9958704838278057,0.004091809085880184,3.770708631413086e-05,False
0.7073330832708177,1.4137611030094128,6,2,194.00424901913198,0.0,0.3292913280817622,0.6686933589399222,0.0020153129783155384,True
0.7073068267066767,1.413813584489415,6,0,-31903.538491416,0.0,0.9933901966416192,0.006609689508921276,1.1384945951483663e-07,False
0.7073068267066767,1.413813584489415,6,1,-1078.3243809951555,0.0,0.9951598091803708,0.004797080960366199,4.310985926291025e-05,False
0.7073068267066767,1.413813584489415,6,2,193.64326552047882,0.0,0.38312461995112684,0.6150638333556895,0.0018115466931837715,True
0.7072805701425356,1.413866069865985,6,0,-32994.14416270495,0.0,0.9934322602788671,0.006567631229579986,1.084915529574894e-07,False
0.7072805701425356,1.413866069865985,6,1,-1088.161456339323,0.0,0.9936945502202825,0.006259041553431668,4.640822628572502e-05,False
0.7072805701425356,1.413866069865985,6,2,194.92059408152957,0.0,0.344005338194371,0.6539921854421695,0.002002476363459481,True
0.7072543135783946,1.4139185591395569,6,0,-34076.730854380134,0.0,0.9934694689070335,0.006530426913189501,1.0417977711904455e-07,False
0.7072543135783946,1.4139185591395569,6,1,-1143.9330596354578,0.0,0.9926448283310547,0.00730327807024048,5.189359870484994e-05,False
0.7072543135783946,1.4139185591395569,6,2,205.2567134200384,0.0,0.37092727254576485,0.6271706780932422,0.0019020493609928808,True
0.7072280570142535,1.4139710523105646,6,0,-35066.074864372735,0.0,0.9935036318466209,0.006496267454905585,1.0069847338457587e-07,False
0.7072280570142535,1.4139710523105646,6,1,-1179.7745875084738,0.0,0.9914061251352742,0.008537783559083693,5.609130564207956e-05,False
0.7072280570142535,1.4139710523105646,6,2,197.6019377672143,0.0,0.36432123390210197,0.6337381696696924,0.0019405964282056232,True
0.7072018004501125,1.4140235493794422,6,0,-36026.620535739996,0.0,0.9935763587862623,0.006423549525349686,9.168838804566284e-08,False
0.7072018004501125,1.4140235493794422,6,1,-1006.2080101027451,0.0,0.988747765550748,0.011179559333673764,7.267511557829585e-05,False
0.7072018004501125,1.4140235493794422,6,2,208.74090949084245,0.0,0.4094387392100096,0.5888640841244225,0.0016971766655678416,True
0.7071755438859715,1.4140760503466236,6,0,-37084.73800201255,0.0,0.9936312821428938,0.00636863270277152,8.515433468926081e-08,False
0.7071755438859715,1.4140760503466236,6,1,-873.4321943471605,0.0,0.9858604481290374,0.014052556350522162,8.699552044044896e-05,False
0.7071755438859715,1.4140760503466236,6,2,218.23392651204597,0.0,0.4189628536132181,0.5794062013945842,0.0016309449921975323,True
0.7071492873218305,1.4141285552125435,6,0,-38152.680095366435,0.0,0.9936238774405379,0.006376035448388973,8.711107313287566e-08,False
0.7071492873218305,1.4141285552125435,6,1,-1131.9871742005644,0.0,0.9864172790734488,0.013501511044429974,8.120988212125658e-05,False
0.7071492873218305,1.4141285552125435,6,2,209.13782165902379,0.0,0.41405531485344405,0.5842360449611144,0.0017086401854416362,True
0.7071230307576895,1.4141810639776362,6,0,-39321.37061554046,0.0,0.9936055356991119,0.006394374397075285,8.990381293887058e-08,False
0.7071230307576895,1.4141810639776362,6,1,-1392.1080541744645,0.0,0.9862944792472484,0.013638017780474946,6.750297227663436e-05,False
0.7071230307576895,1.4141810639776362,6,2,212.10060800100692,0.0,0.3302726028491813,0.6675080887910342,0.0022193083597844897,True
0.7070967741935483,1.414233576642336,6,0,-40406.84051548086,0.0,0.9935959599710181,0.006403947982068675,9.204691320202385e-08,False
0.7070967741935483,1.414233576642336,6,1,-1694.5852306789534,0.0,0.9875627597756057,0.012371206963754825,6.603326063938056e-05,False
0.7070967741935483,1.414233576642336,6,2,213.89006025909575,0.0,0.37065985728432166,0.6272770920331906,0.00206305068248778,True
0.7070705176294073,1.4142860932070769,6,0,-41450.319111231,0.0,0.9935881321232807,0.006411774298739596,9.357797977887008e-08,False
0.7070705176294073,1.4142860932070769,6,1,-1882.4745488144022,0.0,0.9872698640034927,0.012671673933225073,5.846206328211099e-05,False
0.7070705176294073,1.4142860932070769,6,2,208.32996700592003,0.0,0.2975117633917416,0.6999671472040458,0.002521089404212506,True
0.7070442610652663,1.4143386136722935,6,0,-42617.23247377793,0.0,0.9935620830124772,0.006437819368745755,9.761877706817834e-08,False
0.7070442610652663,1.4143386136722935,6,1,-2275.004760801699,0.0,0.9889647991198689,0.010981383692541547,5.381718758966585e-05,False
0.7070442610652663,1.4143386136722935,6,2,220.96918520304015,0.0,0.32203949650494634,0.67550000124879,0.0024605022462636642,True
0.7070180045011253,1.4143911380384209,6,0,-43693.184556862165,0.0,0.9935584477644009,0.0064414537725375354,9.846306144904087e-08,False
0.7070180045011253,1.4143911380384209,6,1,-2484.978032873337,0.0,0.9892040234214233,0.010744313474573967,5.1663104002771323e-05,False
0.7070180045011253,1.4143911380384209,6,2,204.51231082918417,0.0,0.31605296838085356,0.6813980864199543,0.002548945199192271,True
0.7069917479369843,1.4144436663058932,6,0,-44582.48792389149,0.0,0.9936307026610325,0.006369208331492251,8.900747522828707e-08,False
0.7069917479369843,1.4144436663058932,6,1,-2208.739524316429,0.0,0.9856834621826331,0.014253847155632684,6.269066173417367e-05,False
0.7069917479369843,1.4144436663058932,6,2,224.5667261797208,0.0,0.32037765042298744,0.6771146383642846,0.0025077112127278537,True
0.7069654913728431,1.4144961984751456,6,0,-45406.110051187374,0.0,0.9937288209228518,0.006271102167870508,7.69092777337999e-08,False
0.7069654913728431,1.4144961984751456,6,1,-1698.498146357804,0.0,0.9791949455896032,0.020717696990087076,8.735742030967007e-05,False
0.7069654913728431,1.4144961984751456,6,2,220.8298424185647,0.0,0.347154721573295,0.6505709126573453,0.0022743657693595526,True
0.7069392348087021,1.4145487345466123,6,0,-46417.06562035309,0.0,0.9938077949381179,0.006192137597647495,6.74642346153008e-08,False
0.7069392348087021,1.4145487345466123,6,1,-1246.7552081784925,0.0,0.9717180815243215,0.028162200631826017,0.00011971784385248556,False
0.7069392348087021,1.4145487345466123,6,2,231.1933118707616,0.0,0.3767925553186039,0.6211804576338179,0.002026987047578348,True
0.7069129782445611,1.414601274520728,6,0,-47455.42414351646,0.0,0.9938849966722804,0.006114944447224659,5.888049490854292e-08,False
0.7069129782445611,1.414601274520728,6,1,-767.7771547778357,0.0,0.9644845909819448,0.03532618145654538,0.00018922756150985235,False
0.7069129782445611,1.414601274520728,6,2,241.31920068749494,0.0,0.4550920691043637,0.5434621295193074,0.0014458013763289626,True
0.7068867216804201,1.4146538183979285,6,0,-48378.25384301806,0.0,0.9939639103858283,0.006036038681845005,5.0932326634686135e-08,False
0.7068867216804201,1.4146538183979285,6,1,-226.17126119158686,0.0,0.9685924564301036,0.03096271632236151,0.00044482724753497273,False
0.7068867216804201,1.4146538183979285,6,2,282.33908406559,0.0,0.5992028961574486,0.4002568637656833,0.0005402400768681684,True
0.7068604651162791,1.414706366178648,6,0,-49545.698090546604,0.0,0.9939891897111685,0.0060107618601001455,4.8428731331064826e-08,False
0.7068604651162791,1.414706366178648,6,1,-56.443523827366455,0.0,0.97104613846045,0.028381460713543055,0.000572400826007019,False
0.7068604651162791,1.414706366178648,6,2,291.1551229580236,0.0,0.6218373330171246,0.3777547717130036,0.0004078952698718056,True
0.706834208552138,1.4147589178633215,6,0,-50875.34718872395,0.0,0.9939595840644231,0.006040364314784784,5.162079213497629e-08,False
0.706834208552138,1.4147589178633215,6,1,-571.385973998013,0.0,0.9620728208391411,0.037612662123980005,0.0003145170368787985,False
0.706834208552138,1.4147589178633215,6,2,270.2893504525283,0.0,0.5381949583368557,0.46091350793835706,0.0008915337247872489,True
0.706807951987997,1.4148114734523842,6,0,-52065.89088930603,0.0,0.9939442996900497,0.006055647131800447,5.317814990748856e-08,False
0.706807951987997,1.4148114734523842,6,1,-716.8029751270212,0.0,0.9531291091704791,0.04667908512151966,0.0001918057080012476,False
0.706807951987997,1.4148114734523842,6,2,250.50749485901906,0.0,0.37622744010990555,0.6218484017014956,0.001924158188598879,True
0.7067816954238559,1.4148640329462714,6,0,-53229.57984881395,0.0,0.9939380577470067,0.0060618880639961336,5.418899723128744e-08,False
0.7067816954238559,1.4148640329462714,6,1,-1036.3785906098062,0.0,0.9600870189040311,0.03971297306973374,0.00020000802623512524,False
0.7067816954238559,1.4148640329462714,6,2,258.8397095014249,0.0,0.43747136264065345,0.5609632598283978,0.0015653775309489104,True
0.7067554388597149,1.414916596345418,6,0,-54534.84853216687,0.0,0.9939271059768138,0.006072838959882143,5.5063304221463175e-08,False
0.7067554388597149,1.414916596345418,6,1,-1188.4382598206296,0.0,0.95830988914075,0.04153420586929126,0.00015590498995872906,False
0.7067554388597149,1.414916596345418,6,2,246.07261151415207,0.0,0.34831653724602185,0.6494582954796366,0.002225167274341409,True
0.7067291822955739,1.4149691636502597,6,0,-55863.87486171319,0.0,0.9939119800358489,0.006087963339669168,5.6624481962494995e-08,False
0.7067291822955739,1.4149691636502597,6,1,-1546.2721035485597,0.0,0.9636152919182209,0.03623832511415114,0.00014638296762800894,False
0.7067291822955739,1.4149691636502597,6,2,258.0205841134746,0.0,0.3761430912642613,0.6217567503111966,0.002100158424542117,True
0.7067029257314328,1.4150217348612315,6,0,-57083.29850984471,0.0,0.9939155672736718,0.006084376672257581,5.6054070653281065e-08,False
0.7067029257314328,1.4150217348612315,6,1,-1601.0005562197869,0.0,0.9624677504188847,0.03739591879047219,0.0001363307906431211,False
0.7067029257314328,1.4150217348612315,6,2,242.2368356621304,0.0,0.3369960340394291,0.6606081457321447,0.0023958202284262782,True
0.7066766691672918,1.4150743099787686,6,0,-58327.22477435601,0.0,0.9939467737525516,0.006053173730790557,5.2516657905188297e-08,False
0.7066766691672918,1.4150743099787686,6,1,-1451.0439208972982,0.0,0.9591279790952865,0.040708306600823536,0.00016371430388987263,False
0.7066766691672918,1.4150743099787686,6,2,266.7688307343075,0.0,0.37609288912307415,0.6218250288780213,0.002082081998904531,True
0.7066504126031508,1.415126889003307,6,0,-59627.25755757101,0.0,0.9939703449577889,0.006029605371378234,4.9670832932354246e-08,False
0.7066504126031508,1.415126889003307,6,1,-1230.0423662235462,0.0,0.9523864924307152,0.04744747623511048,0.00016603133417441332,False
0.7066504126031508,1.415126889003307,6,2,250.36179438744307,0.0,0.3281938278874123,0.6693945992029637,0.00241157290962409,True
0.7066241560390097,1.415179471935282,6,0,-61023.44817780608,0.0,0.9939765757900774,0.006023375386292967,4.882362967169705e-08,False
0.7066241560390097,1.415179471935282,6,1,-1408.2833135739843,0.0,0.9566546309307824,0.043153972528287496,0.00019139654093008052,False
0.7066241560390097,1.415179471935282,6,2,274.56315586857033,0.0,0.40879443720062814,0.5893637454111804,0.001841817388191357,True
0.7065978994748687,1.4152320587751288,6,0,-62418.013738229994,0.0,0.9939886595993335,0.006011293334706979,4.706595964150221e-08,False
0.7065978994748687,1.4152320587751288,6,1,-1207.1025943827613,0.0,0.9480699429248729,0.05176764110240025,0.0001624159727269175,False
0.7065978994748687,1.4152320587751288,6,2,249.87265288478497,0.0,0.28925349081444585,0.7079996033794774,0.0027469058060766915,True
0.7065716429107276,1.4152846495232838,6,0,-63822.90478793914,0.0,0.9939946374581463,0.006005316239075893,4.630277788894297e-08,False
0.7065716429107276,1.4152846495232838,6,1,-1447.495237092928,0.0,0.9550360639419133,0.044762014067239966,0.00020192199084656607,False
0.7065716429107276,1.4152846495232838,6,2,289.5188353628419,0.0,0.41185649931156465,0.5863251696044137,0.0018183310840216367,True
0.7065453863465866,1.415337244180182,6,0,-65307.98748522118,0.0,0.9940072573556181,0.005992698194515407,4.444986652418652e-08,False
0.7065453863465866,1.415337244180182,6,1,-1193.9940317355451,0.0,0.9453006708352171,0.05452925139921528,0.0001700777655676701,False
0.7065453863465866,1.415337244180182,6,2,247.77572055374839,0.0,0.28579348196275756,0.7114244817590218,0.002782036278220568,True
0.7065191297824456,1.41538984274626,6,0,-66818.96445839586,0.0,0.9940340497676088,0.005965908760385199,4.1472005998771714e-08,False
0.7065191297824456,1.41538984274626,6,1,-1129.9568967839398,0.0,0.947597249281421,0.05215180262967219,0.00025094808890679623,False
0.7065191297824456,1.41538984274626,6,2,295.3745149679364,0.0,0.42316642739188615,0.5751675719246424,0.0016660006834715202,True
0.7064928732183046,1.4154424452219527,6,0,-68429.80784414419,0.0,0.994044911613,0.005955048553169215,3.9833830716084516e-08,False
0.7064928732183046,1.4154424452219527,6,1,-904.4478669028073,0.0,0.9372351586764601,0.06254986449010233,0.00021497683343753144,False
0.7064928732183046,1.4154424452219527,6,2,266.52634307407175,0.0,0.3208403595531021,0.6767229163792482,0.0024367240676498214,True
0.7064666166541635,1.4154950516076965,6,0,-70029.30428976938,0.0,0.9940294153926093,0.005970543606881433,4.100050938480097e-08,False
0.7064666166541635,1.4154950516076965,6,1,-1348.4797121347347,0.0,0.9487643699999823,0.051020361620996005,0.00021526837902178633,False
0.7064666166541635,1.4154950516076965,6,2,279.8061558024178,0.0,0.38436658098425314,0.6136414593678957,0.0019919596478511067,True
0.7064403600900224,1.4155476619039278,6,0,-71728.3065108085,0.0,0.9940151834949232,0.0059847747541389405,4.175093783660818e-08,False
0.7064403600900224,1.4155476619039278,6,1,-1536.0981793923315,0.0,0.9491441977326208,0.050688854933876204,0.00016694733350291707,False
0.7064403600900224,1.4155476619039278,6,2,274.9681663120945,0.0,0.296983190663183,0.7002727248811939,0.0027440844556231823,True
0.7064141035258814,1.4156002761110815,6,0,-73613.897311906,0.0,0.9940042134145579,0.005995744441338785,4.214410327433246e-08,False
0.7064141035258814,1.4156002761110815,6,1,-1853.1418540515933,0.0,0.9553158572979521,0.0445196730262829,0.0001644696757650701,False
0.7064141035258814,1.4156002761110815,6,2,271.91331827264304,0.0,0.34051164647241017,0.6570357094784187,0.0024526440491710907,True
0.7063878469617404,1.415652894229595,6,0,-75398.75641976255,0.0,0.9939916568293652,0.006008300464704332,4.2705930471550835e-08,False
0.7063878469617404,1.415652894229595,6,1,-2081.8092909530083,0.0,0.9576989452653555,0.04216001566030175,0.00014103907434278142,False
0.7063878469617404,1.415652894229595,6,2,279.4714382354109,0.0,0.2954148460174005,0.7017216336396692,0.0028635203429302402,True
0.7063615903975994,1.4157055162599037,6,0,-77259.67266689365,0.0,0.9939718340853549,0.006028121891641461,4.4023003626787593e-08,False
0.7063615903975994,1.4157055162599037,6,1,-2480.1933748218235,0.0,0.96332367127714,0.03655166018300834,0.00012466853985169048,False
0.7063615903975994,1.4157055162599037,6,2,272.8125941039197,0.0,0.2924501609871447,0.7046077370392709,0.002942101973584396,True
0.7063353338334584,1.415758142202444,6,0,-79198.19395917408,0.0,0.9939744520368595,0.006025504985429089,4.297771141874908e-08,False
0.7063353338334584,1.415758142202444,6,1,-2565.5991618368257,0.0,0.9640035611378809,0.03587045131682108,0.00012598754529804135,False
0.7063353338334584,1.415758142202444,6,2,274.6905504792615,0.0,0.3048921405575443,0.6922443085599664,0.0028635508824893844,True
0.7063090772693172,1.4158107720576525,6,0,-81077.56427728146,0.0,0.994010315052353,0.005989646237114,3.871053304885266e-08,False
0.7063090772693172,1.4158107720576525,6,1,-2066.8402399452884,0.0,0.955209429381839,0.04464467914137536,0.00014589147678564603,False
0.7063090772693172,1.4158107720576525,6,2,282.14038056428063,0.0,0.2834190618466105,0.7135932515715336,0.002987686581855862,True
0.7062828207051762,1.4158634058259647,6,0,-83125.1546589603,0.0,0.9940477860677723,0.005952179421048615,3.4511179052281293e-08,False
0.7062828207051762,1.4158634058259647,6,1,-1557.2985594561421,0.0,0.9456502930913545,0.05415931486697694,0.00019039204166863667,False
0.7062828207051762,1.4158634058259647,6,2,280.24836706602173,0.0,0.31781140921986356,0.6795770274353944,0.002611563344742036,True
0.7062565641410352,1.415916043507818,6,0,-85251.19264565152,0.0,0.9940785511787812,0.005921417723625164,3.1097593531976367e-08,False
0.7062565641410352,1.415916043507818,6,1,-1078.1764573095577,0.0,0.9350936305540847,0.06466484575975125,0.0002415236861640192,False
0.7062565641410352,1.415916043507818,6,2,291.54937192132076,0.0,0.3349380955875632,0.6626982792080107,0.002363625204426111,True
0.7062303075768942,1.4159686851036484,6,0,-87431.40537057967,0.0,0.9941119042950272,0.005888068023425951,2.768154672730595e-08,False
0.7062303075768942,1.4159686851036484,6,1,-507.01035945391845,0.0,0.9257327159110907,0.07390031290454029,0.00036697118436895885,False
0.7062303075768942,1.4159686851036484,6,2,292.61772165235305,0.0,0.3971053135095124,0.6012092368614823,0.001685449629005261,True
0.7062040510127532,1.4160213306138925,6,0,-89828.52351115526,0.0,0.9941378793678015,0.005862095671026287,2.4961172277006905e-08,False
0.7062040510127532,1.4160213306138925,6,1,-60.042522625930935,0.0,0.9434784204995145,0.05570712489640315,0.0008144546040823718,False
0.7062040510127532,1.4160213306138925,6,2,340.7699925831582,0.0,0.5431103105923152,0.456310449956655,0.000579239451029747,True
0.7061777944486122,1.4160739800389872,6,0,-92404.68457202753,0.0,0.9941327417229617,0.005867233588599982,2.4688438304895964e-08,False
0.7061777944486122,1.4160739800389872,6,1,-117.70038575578862,0.0,0.9318655762285185,0.06752609630644028,0.0006083274650412747,False
0.7061777944486122,1.4160739800389872,6,2,317.7245220051751,0.0,0.48722704417660767,0.5118525263610059,0.0009204294623864864,True
0.706151537884471,1.4161266333793692,6,0,-95073.8548118744,0.0,0.9941117993817178,0.005888174948985105,2.5669297190000725e-08,False
0.706151537884471,1.4161266333793692,6,1,-590.3677190370264,0.0,0.9295424703184779,0.07008409983390601,0.0003734298476159781,False
0.706151537884471,1.4161266333793692,6,2,304.0879794525807,0.0,0.40452189235588165,0.593860560160729,0.001617547483389377,True
0.70612528132033,1.4161792906354749,6,0,-97839.13903293562,0.0,0.9941006576688226,0.005899316531556085,2.5799621431118873e-08,False
0.70612528132033,1.4161792906354749,6,1,-750.6150255181478,0.0,0.9264844119920782,0.07324405574462062,0.00027153226330120495,False
0.70612528132033,1.4161792906354749,6,2,300.10034173541317,0.0,0.30666101979444277,0.6908508796995865,0.002488100505970743,True
0.706099024756189,1.416231951807741,6,0,-100806.05591246218,0.0,0.9940912228259049,0.005908751367716024,2.580637901247366e-08,False
0.706099024756189,1.416231951807741,6,1,-1034.8039052517972,0.0,0.9358722614077384,0.063858530398441,0.000269208193820702,False
0.706099024756189,1.416231951807741,6,2,298.50818125285764,0.0,0.3458826463315824,0.651918646513772,0.002198707154645699,True
0.706072768192048,1.4162846168966048,6,0,-103849.6122883214,0.0,0.9940795399926246,0.005920434073853916,2.5933521478657682e-08,False
0.706072768192048,1.4162846168966048,6,1,-1212.516339376505,0.0,0.9366324113540221,0.06315857797352965,0.00020901067244830237,False
0.706072768192048,1.4162846168966048,6,2,295.55706567889683,0.0,0.2603612805557935,0.7366243824902924,0.0030143369539142087,True
0.706046511627907,1.4163372859025032,6,0,-107004.44908895913,0.0,0.9940679968635205,0.0059319770316961385,2.6104783340879567e-08,False
0.706046511627907,1.4163372859025032,6,1,-1565.3022573499861,0.0,0.9456757232586086,0.05412182337226612,0.00020245336912523847,False
0.706046511627907,1.4163372859025032,6,2,299.4848057693266,0.0,0.2993361457855296,0.6979623753546312,0.0027014788598393345,True
0.7060202550637659,1.4163899588258737,6,0,-110360.52149227483,0.0,0.9940701541887205,0.005929820720604414,2.509067499702279e-08,False
0.7060202550637659,1.4163899588258737,6,1,-1453.3621884922854,0.0,0.9422963575347832,0.057514000453872414,0.00018964201134423326,False
0.7060202550637659,1.4163899588258737,6,2,288.1215303567561,0.0,0.247424149873805,0.7494043989935026,0.0031714511326924443,True
0.7059939984996249,1.416442635667152,6,0,-113846.22343826048,0.0,0.9940806133809668,0.005919363115226048,2.3503807264945382e-08,False
0.7059939984996249,1.416442635667152,6,1,-1281.2892284359132,0.0,0.9401563964066532,0.05961923601697746,0.00022436757636944273,False
0.7059939984996249,1.416442635667152,6,2,309.05932982104684,0.0,0.2943614368791416,0.702951253150079,0.0026873099707793225,True
0.7059677419354838,1.4164953164267764,6,0,-117498.81206057135,0.0,0.9940823884127458,0.0059175889849502694,2.260230402492687e-08,False
0.7059677419354838,1.4164953164267764,6,1,-1182.0173631405528,0.0,0.9373906557133711,0.06239390018287036,0.00021544410375854675,False
0.7059677419354838,1.4164953164267764,6,2,291.2329907139832,0.0,0.2563895382520012,0.7405971046163682,0.0030133571316307145,True
0.7059414853713428,1.416548001105184,6,0,-121475.80539030836,0.0,0.9940810195375148,0.005918958548231304,2.19142539382247e-08,False
0.7059414853713428,1.416548001105184,6,1,-1245.0696652666547,0.0,0.9399095896290625,0.05986941770863316,0.0002209926623043441,False
0.7059414853713428,1.416548001105184,6,2,302.3700023712625,0.0,0.27703490501116995,0.7201403719581739,0.0028247230306561177,True
0.7059152288072018,1.4166006897028114,6,0,-125713.91475789202,0.0,0.9940810257923655,0.0059189530875732406,2.11200611770305e-08,False
0.7059152288072018,1.4166006897028114,6,1,-1208.1140059236568,0.0,0.9391256980072166,0.06065837916222012,0.00021592283056322018,False
0.7059152288072018,1.4166006897028114,6,2,299.8680847854758,0.0,0.2589590683882024,0.7380537914781243,0.0029871401336733234,True
0.7058889722430608,1.4166533822200966,6,0,-130020.30442398343,0.0,0.9940792714163637,0.005920708080645834,2.0502990496497165e-08,False
0.7058889722430608,1.4166533822200966,6,1,-1238.0972266388792,0.0,0.9400514798637717,0.05973899864214758,0.0002095214940807329,False
0.7058889722430608,1.4166533822200966,6,2,300.97360517482565,0.0,0.245414173851115,0.7514830629082185,0.003102763240666484,True
0.7058627156789197,1.4167060786574772,6,0,-134730.1460320977,0.0,0.9940836374454046,0.0059163431197966935,1.9434798652020433e-08,False
0.7058627156789197,1.4167060786574772,6,1,-1111.4108268146103,0.0,0.9388798068211041,0.06089079108693169,0.00022940209196424665,False
0.7058627156789197,1.4167060786574772,6,2,296.9613624554875,0.0,0.26764249167513177,0.7295018139367362,0.002855694388132045,True
0.7058364591147787,1.41675877901539,6,0,-139803.17079568366,0.0,0.9940904250978929,0.005909556697330015,1.8204777045199718e-08,False
0.7058364591147787,1.41675877901539,6,1,-849.7012252566212,0.0,0.9330843982497691,0.06666967797416416,0.00024592377606681,False
0.7058364591147787,1.41675877901539,6,2,308.3958347286047,0.0,0.2551706914078175,0.741913743292907,0.00291556529927547,True
0.7058102025506376,1.4168114832942726,6,0,-145100.19294394064,0.0,0.9940852069057394,0.005914775245167726,1.784909281042795e-08,False
0.7058102025506376,1.4168114832942726,6,1,-980.6804690320292,0.0,0.9373603537279073,0.062405062401300164,0.0002345838707925909,False
0.7058102025506376,1.4168114832942726,6,2,299.0298117411329,0.0,0.25416496203935895,0.7429038880672094,0.0029311498934315766,True
0.7057839459864966,1.4168641914945632,6,0,-150943.83250607902,0.0,0.9940737125324859,0.005926269592666158,1.787484796818012e-08,False
0.7057839459864966,1.4168641914945632,6,1,-1293.3489936699864,0.0,0.9439696664962544,0.05583277506900647,0.00019755843473914154,False
0.7057839459864966,1.4168641914945632,6,2,300.2179956477904,0.0,0.22278876717322096,0.7739167579445303,0.00329447488224871,True
0.7057576894223556,1.4169169036166989,6,0,-157140.51033325796,0.0,0.9940644105419559,0.005935571701658985,1.775638505414624e-08,False
0.7057576894223556,1.4169169036166989,6,1,-1557.9418696557998,0.0,0.9495043033325432,0.05032190096554198,0.00017379570191469775,False
0.7057576894223556,1.4169169036166989,6,2,302.19948991253256,0.0,0.20154634184266382,0.7949094956478636,0.00354416250947267,True
0.7057314328582145,1.416969619661118,6,0,-163733.99585079463,0.0,0.9940568203212475,0.005943162149508447,1.7529244122228716e-08,False
0.7057314328582145,1.416969619661118,6,1,-1791.4630436770212,0.0,0.954433817239066,0.04540746374492098,0.00015871901601312215,False
0.7057314328582145,1.416969619661118,6,2,292.95189981787945,0.0,0.19427169843392417,0.8020845102757251,0.003643791290350672,True
0.7057051762940735,1.4170223396282575,6,0,-170934.42462221681,0.0,0.9940469794646744,0.005953003102608242,1.7432717341856446e-08,False
0.7057051762940735,1.4170223396282575,6,1,-2092.0810248960584,0.0,0.959441090744836,0.040422339866710455,0.00013656938845365226,False
0.7057051762940735,1.4170223396282575,6,2,306.634296248004,0.0,0.16215919637675455,0.833830232942849,0.004010570680396586,True
0.7056789197299325,1.417075063518556,6,0,-178568.8940067346,0.0,0.9940379526330602,0.005962030059179876,1.7307759953587317e-08,False
0.7056789197299325,1.417075063518556,6,1,-2438.535472221681,0.0,0.9652772494144949,0.03459761694835217,0.00012513363715293307,False
0.7056789197299325,1.417075063518556,6,2,288.8475539170859,0.0,0.1754969385892292,0.8205949979636473,0.003908063447123462,True
0.7056526631657914,1.417127791332451,6,0,-186838.20946317486,0.0,0.9940430706112329,0.0059569131541002155,1.623466705187074e-08,False
0.7056526631657914,1.417127791332451,6,1,-2222.2730954507138,0.0,0.9626126345088177,0.03726017665517444,0.00012718883600781747,False
0.7056526631657914,1.417127791332451,6,2,299.7416769723454,0.0,0.1470484450317829,0.8487752660134998,0.004176288954717147,True
0.7056264066016504,1.417180523070381,6,0,-195781.69223191944,0.0,0.9940565487996271,0.00594343650072558,1.4699647241361854e-08,False
0.7056264066016504,1.417180523070381,6,1,-1705.2663301157486,0.0,0.9556358808988162,0.04421034416432011,0.00015377493686361392,False
0.7056264066016504,1.417180523070381,6,2,297.09373282322025,0.0,0.1663804156790087,0.8297195399242434,0.0039000443967480087,True
0.7056001500375093,1.4172332587327832,6,0,-205336.65685223392,0.0,0.9940672304852894,0.005932756088579671,1.3426130904910087e-08,False
0.7056001500375093,1.4172332587327832,6,1,-1202.0674854266983,0.0,0.9471409081411825,0.05268121352973272,0.00017787832908488631,False
0.7056001500375093,1.4172332587327832,6,2,295.9932379604507,0.0,0.15473841997564988,0.8413446696752791,0.003916910349071066,True
0.7055738934733683,1.4172859983200965,6,0,-216093.88342652918,0.0,0.9940764479581196,0.005923539758249309,1.2283631173432728e-08,False
0.7055738934733683,1.4172859983200965,6,1,-727.3804167384402,0.0,0.9391193555684674,0.060660791046427416,0.000219853385105272,False
0.7055738934733683,1.4172859983200965,6,2,298.1949143406676,0.0,0.1834729630213535,0.8130305958642126,0.0034964411144339743,True
0.7055476369092273,1.4173387418327583,6,0,-228042.19627862723,0.0,0.9940864133600917,0.005913575483976847,1.1155931454204272e-08,False
0.7055476369092273,1.4173387418327583,6,1,-162.1052491768949,0.0,0.936970292997744,0.06267478699937568,0.0003549200028802957,False
0.7055476369092273,1.4173387418327583,6,2,301.20429375562577,0.0,0.32861743864270504,0.6693814797008103,0.002001081656484729,True
0.7055213803450863,1.4173914892712076,6,0,-241044.74784924285,0.0,0.9940887779895631,0.005911211517693878,1.0492743098293906e-08,False
0.7055213803450863,1.4173914892712076,6,1,123.54030938753283,0.0,0.9431687360516963,0.056352034308135845,0.0004792296401679066,True
0.7055213803450863,1.4173914892712076,6,2,315.305743111576,0.0,0.41833797090824704,0.5803914972559451,0.0012705318358079542,True
0.7054951237809453,1.4174442406358827,6,0,-255656.33659337767,0.0,0.9940802560486587,0.005919733533743466,1.0417597855774532e-08,False
0.7054951237809453,1.4174442406358827,6,1,-224.93949182303183,0.0,0.9380073178311599,0.06169645601338171,0.00029622615545836625,False
0.7054951237809453,1.4174442406358827,6,2,291.3420022955034,0.0,0.2600324167046274,0.7374117084171952,0.0025558748781774436,True
0.7054688672168041,1.417496995927222,6,0,-271874.59563141735,0.0,0.9940723969340847,0.005927592756484128,1.0309431249294161e-08,False
0.7054688672168041,1.417496995927222,6,1,-579.8460369680272,0.0,0.9437013109044555,0.05607172243941428,0.00022696665613024217,False
0.7054688672168041,1.417496995927222,6,2,304.1643012603138,0.0,0.18824187592875485,0.8084552900872064,0.003302833984038602,True
0.7054426106526631,1.4175497551456633,6,0,-289952.0397760361,0.0,0.9940676677576029,0.005932322200595696,1.0041801391624948e-08,False
0.7054426106526631,1.4175497551456633,6,1,-681.6212296425973,0.0,0.9427702282445865,0.05705918877772031,0.00017058297769319042,False
0.7054426106526631,1.4175497551456633,6,2,289.37431134453084,0.0,0.05836546101066201,0.9367688193434518,0.00486571964588619,True
0.7054163540885221,1.4176025182916454,6,0,-310071.7625898706,0.0,0.9940628851211946,0.005937105073338174,9.805467229615949e-09,False
0.7054163540885221,1.4176025182916454,6,1,-1035.021659246467,0.0,0.9554461637191131,0.04437048244570315,0.00018335383518382163,False
0.7054163540885221,1.4176025182916454,6,2,298.2335735091416,0.0,0.17196630069173474,0.8245038545319657,0.003529844776299468,True
0.7053900975243811,1.4176552853656073,6,0,-332587.35048317694,0.0,0.9940581826450993,0.005941807789311849,9.565588919779555e-09,False
0.7053900975243811,1.4176552853656073,6,1,-1150.5415647843045,0.0,0.9550352948668801,0.04483383522963631,0.0001308699034835463,False
0.7053900975243811,1.4176552853656073,6,2,293.3139198762323,0.0,0.020518117112577235,0.9740156216228968,0.005466261264526014,True
0.7053638409602401,1.4177080563679871,6,0,-358390.7245875284,0.0,0.9940555053151596,0.005944485438964936,9.245875482926258e-09,False
0.7053638409602401,1.4177080563679871,6,1,-1436.002475620047,0.0,0.9636659973393826,0.03619161029228486,0.00014239236833244847,False
0.7053638409602401,1.4177080563679871,6,2,288.5047215687931,0.0,0.1160566664745836,0.8797941985480935,0.004149134977322908,True
0.705337584396099,1.4177608312992245,6,0,-387364.10482742963,0.0,0.9940574451031847,0.005942546181992759,8.714822516728117e-09,False
0.705337584396099,1.4177608312992245,6,1,-1164.9830975049572,0.0,0.9587736329581649,0.041096271912025806,0.00013009512980928026,False
0.705337584396099,1.4177608312992245,6,2,290.8440306494579,0.0,0.02731901669232786,0.9674221639211978,0.005258819386474312,True
0.7053113278319579,1.4178136101597567,6,0,-420661.16596756724,0.0,0.9940590959760642,0.00594089579036116,8.23357459250819e-09,False
0.7053113278319579,1.4178136101597567,6,1,-1043.1518997866576,0.0,0.9591802572290948,0.04067674500257373,0.00014299776833127018,False
0.7053113278319579,1.4178136101597567,6,2,289.5582894781556,0.0,0.05602713767636183,0.9392256915120194,0.004747170811618889,True
0.7052850712678169,1.4178663929500237,6,0,-459501.1844372765,0.0,0.9940585833034872,0.005941408824070411,7.872442398788999e-09,False
0.7052850712678169,1.4178663929500237,6,1,-1051.4003422051364,0.0,0.9604849988758555,0.03938019033186012,0.00013481079228443656,False
0.7052850712678169,1.4178663929500237,6,2,284.8899320752051,0.0,0.03611673828309176,0.9588759602647632,0.005007301452144942,True
0.7052588147036759,1.4179191796704642,6,0,-504911.0794799453,0.0,0.9940585992539,0.005941393236718452,7.509381398344466e-09,False
0.7052588147036759,1.4179191796704642,6,1,-1033.9072779917,0.0,0.9615018224071685,0.03836847634975267,0.00012970124307879572,False
0.7052588147036759,1.4179191796704642,6,2,284.3431882438287,0.0,0.02378889831747042,0.9710355612543917,0.00517554042813786,True
0.7052325581395349,1.4179719703215168,6,0,-558636.0384651058,0.0,0.9940585652062512,0.005941427623065444,7.170683218755497e-09,False
0.7052325581395349,1.4179719703215168,6,1,-1043.576249156062,0.0,0.9630035892381242,0.03687241247558016,0.00012399828629564483,False
0.7052325581395349,1.4179719703215168,6,2,289.2349083637692,0.0,0.014459241384740494,0.9802223266822115,0.005318431933047898,True
0.7052063015753938,1.4180247649036213,6,0,-622118.0534121044,0.0,0.9940589504417516,0.0059410427192323,6.839016025158607e-09,False
0.7052063015753938,1.4180247649036213,6,1,-1025.923892806062,0.0,0.9643829933924137,0.035496132663111316,0.00012087394447497076,False
0.7052063015753938,1.4180247649036213,6,2,276.5618577341544,0.0,0.01003980556870908,0.9845987762041162,0.005361418227174786,True
0.7051800450112528,1.418077563417216,6,0,-698814.8208971289,0.0,0.99406106280168,0.005938930741714331,6.456605544059177e-09,False
0.7051800450112528,1.418077563417216,6,1,-784.7380943156143,0.0,0.9617593927160186,0.03811382646378285,0.0001267808201984627,False
0.7051800450112528,1.418077563417216,6,2,284.39237134767296,0.0,0.005126903031821491,0.9894513077828797,0.0054217891852987215,True
0.7051537884471117,1.4181303658627404,6,0,-793599.4552408567,0.0,0.9940619761147826,0.0059380177382371635,6.146980132367114e-09,False
0.7051537884471117,1.4181303658627404,6,1,-671.0807116164743,0.0,0.9602995406167174,0.03958169551673785,0.00011876386654464458,False
0.7051537884471117,1.4181303658627404,6,2,283.15273192242745,0.0,0.002312455910704908,0.9918318487839138,0.005855695305381111,True
0.7051275318829707,1.4181831722406335,6,0,-911594.5368420859,0.0,0.9940611198762025,0.005938874190579314,5.933218289822417e-09,False
0.7051275318829707,1.4181831722406335,6,1,-958.4069138669545,0.0,0.9681333758782589,0.031754596718843085,0.0001120274028979772,False
0.7051275318829707,1.4181831722406335,6,2,273.9918820497815,0.0,0.0014594250513982872,0.9930637931267764,0.005476781821825306,True
0.7051012753188297,1.418235982551335,6,0,-1059653.7928659455,0.0,0.9940607516293856,0.005939242649720021,5.720894495699864e-09,False
0.7051012753188297,1.418235982551335,6,1,-1193.0015786327456,0.0,0.9721322078184128,0.02777582649455883,9.196568702843854e-05,False
0.7051012753188297,1.418235982551335,6,2,283.0786882759444,0.0,0.012323222606097382,0.9817996600944394,0.005877117299463125,True
0.7050750187546886,1.4182887967952846,6,0,-1251439.886415386,0.0,0.9940611787899782,0.005938815712335034,5.497686770532186e-09,False
0.7050750187546886,1.4182887967952846,6,1,-1423.5889774821371,0.0,0.9768403863483489,0.02307391977371688,8.569387793425623e-05,False
0.7050750187546886,1.4182887967952846,6,2,271.78098075760175,0.0,0.004728702076461092,0.9895516738574122,0.0057196240661266705,True
0.7050487621905476,1.4183416149729209,6,0,-1509087.5730973738,0.0,0.9940619303564143,0.005938064363267266,5.280318391433075e-09,False
0.7050487621905476,1.4183416149729209,6,1,-1632.5440369674452,0.0,0.9799847993913576,0.01994158570854902,7.3614900093374e-05,False
0.7050487621905476,1.4183416149729209,6,2,279.2824442519454,0.0,0.026992661992171707,0.9671574456149761,0.005849892392852325,True
0.7050225056264066,1.4183944370846835,6,0,-1863331.4943597768,0.0,0.9940628534629076,0.005937141458124146,5.078968149345637e-09,False
0.7050225056264066,1.4183944370846835,6,1,-1982.9661365443599,0.0,0.9844177404182171,0.015516838637649502,6.542094413343183e-05,False
0.7050225056264066,1.4183944370846835,6,2,273.39418420873955,0.0,0.017928555658152212,0.9763089944750081,0.00576244986683961,True
0.7049962490622655,1.4184472631310123,6,0,-2368201.761801848,0.0,0.9940648575199481,0.005935137621056271,4.85899574268971e-09,False
0.7049962490622655,1.4184472631310123,6,1,-2016.7455364508496,0.0,0.9855784981249602,0.014361910597876063,5.959127716366709e-05,False
0.7049962490622655,1.4184472631310123,6,2,267.60373163845605,0.0,0.05268933789232276,0.9415537726854533,0.005756889422224016,True
0.7049699924981245,1.4185000931123466,6,0,-3134666.5282533807,0.0,0.9940677716955367,0.0059322236765487315,4.627914475933675e-09,False
0.7049699924981245,1.4185000931123466,6,1,-1655.1347899685145,0.0,0.9837103215975592,0.016224479699568684,6.519870287208564e-05,False
0.7049699924981245,1.4185000931123466,6,2,275.6126873645716,0.0,0.05390038979360073,0.9403826718785953,0.005716938327804028,True
0.7049437359339834,1.4185529270291268,6,0,-4389651.321049725,0.0,0.9940704730969486,0.005929522476169324,4.42688209597e-09,False
0.7049437359339834,1.4185529270291268,6,1,-1126.7135621637417,0.0,0.9789739462283705,0.020958896784770066,6.715698685940822e-05,False
0.7049437359339834,1.4185529270291268,6,2,267.6658731238443,0.0,0.17508220045663855,0.8194207926740915,0.005497006869269872,True
0.7049174793698424,1.4186057648817918,6,0,-6635936.165855234,0.0,0.9940727854434259,0.005927210294299533,4.262274618442682e-09,False
0.7049174793698424,1.4186057648817918,6,1,-736.5164375604384,0.0,0.975354447888102,0.024571499061839266,7.405305005870592e-05,False
0.7049174793698424,1.4186057648817918,6,2,272.213111718772,0.0,0.1969933951944548,0.7976012532951274,0.005405351510417715,True
0.7048912228057014,1.4186586066707818,6,0,-11186945.727845311,0.0,0.9940749340555916,0.005925061819054028,4.125354439038433e-09,False
0.7048912228057014,1.4186586066707818,6,1,-221.80694639905167,0.0,0.9639770462511851,0.03595796498703944,6.498876177553291e-05,False
0.7048912228057014,1.4186586066707818,6,2,268.3537583145071,0.0,0.5353186482662113,0.46053906636406766,0.004142285369721002,True
0.7048649662415604,1.4187114523965367,6,0,-21982724.933477886,0.0,0.9940769200022136,0.0059230759819692055,4.015817213096861e-09,False
0.7048649662415604,1.4187114523965367,6,1,171.63712332825386,0.0,0.8833921595649779,0.11660502399442683,2.8164405953313888e-06,True
0.7048649662415604,1.4187114523965367,6,2,333.60074635225567,0.0,0.9962630329109554,0.0029856470531884377,0.0007513200358561249,True
0.7048387096774194,1.4187643020594969,6,0,-48741606.60819437,0.0,0.9940788360032264,0.005921160066544381,3.930229249897179e-09,False
0.7048387096774194,1.4187643020594969,6,1,114.33361108375593,0.0,0.9231419034924679,0.07685350968111489,4.586826417211627e-06,True
0.7048387096774194,1.4187643020594969,6,2,310.7453660235874,0.0,0.9764945163088924,0.022448415084782507,0.001057068606325125,True
0.7048124531132783,1.4188171556601012,6,0,-61603855.84317602,0.0,0.994080835514593,0.005919160621778699,3.863628380026219e-09,False
0.7048124531132783,1.4188171556601012,6,1,-236.23999433556668,0.0,0.9712826904558157,0.028660951924324028,5.6357619860258224e-05,False
0.7048124531132783,1.4188171556601012,6,2,264.1738874203001,0.0,0.6058036566010538,0.390729284743657,0.0034670586552890976,True
0.7047861965491372,1.418870013198791,6,0,-28253180.72819226,0.0,0.9940828620699868,0.005917134110806985,3.819206227904253e-09,False
0.7047861965491372,1.418870013198791,6,1,-378.777535296312,0.0,0.9734080101356619,0.026551746839732247,4.024302460578446e-05,False
0.7047861965491372,1.418870013198791,6,2,290.3956726997134,0.0,0.7711876037644714,0.22642139060875513,0.002391005626773626,True
0.7047599399849962,1.4189228746760056,6,0,-12753708.492677942,0.0,0.9940847949297463,0.005915201270390133,3.799863487209177e-09,False
0.7047599399849962,1.4189228746760056,6,1,-591.2244680040569,0.0,0.982381721499564,0.017566428108101825,5.1850392334094276e-05,False
0.7047599399849962,1.4189228746760056,6,2,259.35839902202486,0.0,0.5039309919662948,0.4923798618845091,0.00368914614919622,True
0.7047336834208552,1.4189757400921856,6,0,-6835574.479232967,0.0,0.9940864832471271,0.005913512942680468,3.81019243507161e-09,False
0.7047336834208552,1.4189757400921856,6,1,-735.0671618180756,0.0,0.9842047351457205,0.015756528736751603,3.8736117527910916e-05,False
0.7047336834208552,1.4189757400921856,6,2,278.69749333524817,0.0,0.6934641803253005,0.3039238926555712,0.0026119270191282545,True
0.7047074268567142,1.419028609447771,6,0,-4094211.6125561735,0.0,0.9940877935477653,0.005912202593477438,3.858757237359809e-09,False
0.7047074268567142,1.419028609447771,6,1,-963.0183782134083,0.0,0.9887811114427625,0.011179534252773642,3.935430446384875e-05,False
0.7047074268567142,1.419028609447771,6,2,263.83259053393226,0.0,0.5841511517137986,0.41278727741713356,0.003061570869067814,True
0.7046811702925732,1.4190814827432026,6,0,-2686799.0205644784,0.0,0.9940890615841527,0.005910934483296161,3.932551227076649e-09,False
0.7046811702925732,1.4190814827432026,6,1,-884.0369608051484,0.0,0.988748720632612,0.011216824231328488,3.4455136059454544e-05,False
0.7046811702925732,1.4190814827432026,6,2,266.19772363554017,0.0,0.6950772111528414,0.30248645967605065,0.0024363291711080024,True
0.7046549137284321,1.4191343599789206,6,0,-1874555.7360633193,0.0,0.9940904995651197,0.005909496407715061,4.027165092265061e-09,False
0.7046549137284321,1.4191343599789206,6,1,-690.4041622558248,0.0,0.9877390654517486,0.012228405310549698,3.2529237701653885e-05,False
0.7046549137284321,1.4191343599789206,6,2,277.84679922795755,0.0,0.7587498770683567,0.23919055690061927,0.0020595660310240497,True
0.704628657164291,1.4191872411553654,6,0,-1369325.7705261898,0.0,0.9940912714501693,0.005908724376840267,4.172990326000625e-09,False
0.704628657164291,1.4191872411553654,6,1,-622.6090002267136,0.0,0.9874863709001181,0.012486789439398023,2.6839660483746585e-05,False
0.704628657164291,1.4191872411553654,6,2,275.39229765198365,0.0,0.8382548279022212,0.16019886063132086,0.0015463114664580285,True
0.70460240060015,1.4192401262729777,6,0,-1034446.1888936196,0.0,0.9940914498764524,0.005908545750967757,4.372579889591252e-09,False
0.70460240060015,1.4192401262729777,6,1,-654.3932351557488,0.0,0.9898327021879073,0.01013854282612421,2.8754985968467115e-05,False
0.70460240060015,1.4192401262729777,6,2,270.23126663616256,0.0,0.7948145510668098,0.2034363785080147,0.0017490704251756709,True
0.704576144036009,1.4192930153321976,6,0,-800703.6012941302,0.0,0.9940912111810216,0.005908784193080987,4.625897401133921e-09,False
0.704576144036009,1.4192930153321976,6,1,-569.7709303108239,0.0,0.9885208493625848,0.01145960195727999,1.9548680135257826e-05,False
0.704576144036009,1.4192930153321976,6,2,295.7433203057858,0.0,0.9042532529536561,0.09471407670790198,0.0010326703384418842,True
0.704549887471868,1.4193459083334663,6,0,-636051.6311056908,0.0,0.9940900826491909,0.0059099124007213856,4.9500878362488225e-09,False
0.704549887471868,1.4193459083334663,6,1,-611.6513407556536,0.0,0.9911191025915252,0.008858632967397827,2.226444107688043e-05,False
0.704549887471868,1.4193459083334663,6,2,276.91855832479035,0.0,0.8674952608982932,0.1312781664880856,0.00122657261362128,True
0.704523630907727,1.4193988052772246,6,0,-513871.21025604504,0.0,0.9940899047879648,0.005910089930175881,5.281859347235093e-09,False
0.704523630907727,1.4193988052772246,6,1,-440.130785886242,0.0,0.9889008926294429,0.011083794081198505,1.5313289358548794e-05,False
0.704523630907727,1.4193988052772246,6,2,294.09129985023975,0.0,0.93410504431724,0.06511513025659481,0.0007798254261652232,True
0.7044973743435858,1.4194517061639131,6,0,-420335.15438589785,0.0,0.9940899589806539,0.0059100353579298335,5.66141630108721e-09,False
0.7044973743435858,1.4194517061639131,6,1,-279.81363908994996,0.0,0.9863920579236941,0.013597616965706298,1.0325110599677852e-05,False
0.7044973743435858,1.4194517061639131,6,2,321.69316625244346,0.0,0.9613844022912379,0.03804651804335532,0.0005690796654068156,True
0.7044711177794448,1.4195046109939728,6,0,-348898.48202081636,0.0,0.9940854175020597,0.005914576205243818,6.29269652511341e-09,False
0.7044711177794448,1.4195046109939728,6,1,-346.9681722203661,0.0,0.9886534351711526,0.011337706035472217,8.858793375176552e-06,False
0.7044711177794448,1.4195046109939728,6,2,319.85281896789945,0.0,0.965570658504583,0.03393318107838711,0.000496160417029913,True
0.7044448612153038,1.4195575197678445,6,0,-293488.5240223606,0.0,0.9940767199401435,0.005923272869086132,7.190770531035319e-09,False
0.7044448612153038,1.4195575197678445,6,1,-553.5902736779655,0.0,0.9938913354421802,0.006095315818695942,1.3348739123892084e-05,False
0.7044448612153038,1.4195575197678445,6,2,293.3739454595079,0.0,0.9346251902137418,0.06471027638851515,0.0006645333977430816,True
0.7044186046511628,1.4196104324859689,6,0,-248801.7192509632,0.0,0.9940662126525476,0.005933779055323568,8.29212890275333e-09,False
0.7044186046511628,1.4196104324859689,6,1,-646.3444108396742,0.0,0.9949348826568606,0.005055400111378779,9.71723176071856e-06,False
0.7044186046511628,1.4196104324859689,6,2,316.2535110279008,0.0,0.9538055171835151,0.04569905834903776,0.000495424467447203,True
0.7043923480870218,1.4196633491487878,6,0,-212571.86478574833,0.0,0.994053068125197,0.005946922191398448,9.683404542445074e-09,False
0.7043923480870218,1.4196633491487878,6,1,-791.3288705074912,0.0,0.9970439017880217,0.002944792860044681,1.1305351933703787e-05,False
0.7043923480870218,1.4196633491487878,6,2,286.20283738744934,0.0,0.9330240029167967,0.06638239649445013,0.000593600588753225,True
0.7043660915228807,1.4197162697567418,6,0,-183456.90210416756,0.0,0.9940342391858684,0.005965749261993415,1.1552138063154829e-08,False
0.7043660915228807,1.4197162697567418,6,1,-904.5342064225187,0.0,0.9978263466404462,0.0021652395664738047,8.413793079889266e-06,False
0.7043660915228807,1.4197162697567418,6,2,318.7889454634909,0.0,0.9509117771885883,0.048642307254597145,0.0004459155568145646,True
0.7043398349587396,1.4197691943102724,6,0,-159297.65391231238,0.0,0.9940127788108755,0.005987207342505247,1.384661926191561e-08,False
0.7043398349587396,1.4197691943102724,6,1,-1036.8378135031192,0.0,0.9988383204144692,0.0011529114001582262,8.768185372643259e-06,False
0.7043398349587396,1.4197691943102724,6,2,281.4540590539515,0.0,0.9375542628940107,0.061945658079512585,0.0005000790264767681,True
0.7043135783945986,1.419822122809821,6,0,-138711.19958711424,0.0,0.9940047657800496,0.005995218747073987,1.547287638836598e-08,False
0.7043135783945986,1.419822122809821,6,1,-818.0487457762337,0.0,0.998328732160872,0.0016648634257626933,6.404413365325921e-06,False
0.7043135783945986,1.419822122809821,6,2,326.78071689370046,0.0,0.9633870764190517,0.03627673658114171,0.0003361869998064994,True
0.7042873218304576,1.419875055255828,6,0,-121525.69148522451,0.0,0.9940082077167717,0.005991775833204761,1.645002367071417e-08,False
0.7042873218304576,1.419875055255828,6,1,-494.23326413747776,0.0,0.9967074584725955,0.003288648542504082,3.8929849004646904e-06,False
0.7042873218304576,1.419875055255828,6,2,352.48778392544097,0.0,0.9795991326757711,0.02016348435475387,0.00023738296947494418,True
0.7042610652663166,1.4199279916487355,6,0,-107195.57620510296,0.0,0.994011510796447,0.005988471658626827,1.7544926245437166e-08,False
0.7042610652663166,1.4199279916487355,6,1,-237.89967279175684,0.0,0.9928523891266783,0.007147145560494052,4.653128277367768e-07,False
0.7042610652663166,1.4199279916487355,6,2,419.80207377928565,0.0,0.9913868808458941,0.008458759952640305,0.00015435920146553936,True
0.7042348087021755,1.4199809319889851,6,0,-94906.61046049501,0.0,0.9940189567927297,0.005981024731896498,1.8475373732328386e-08,False
0.7042348087021755,1.4199809319889851,6,1,-35.96847384444829,0.0,0.9779795058116372,0.022012572766879648,7.921421483220224e-06,False
0.7042348087021755,1.4199809319889851,6,2,565.9685131089338,0.0,0.9981222367471816,0.0017842976957307638,9.34655570876682e-05,True
0.7042085521380345,1.4200338762770186,6,0,-84563.52399546646,0.0,0.9940338841176761,0.005966096954410767,1.8927913171345456e-08,False
0.7042085521380345,1.4200338762770186,6,1,82.30388540435045,0.0,0.9080652560309469,0.09179721304273726,0.00013753092631581655,True
0.7042085521380345,1.4200338762770186,6,2,852.3022836352335,0.0,0.9999103678937298,2.3887140181384275e-05,6.57449660887008e-05,True
0.7041822955738934,1.4200868245132767,6,0,-76034.05375917516,0.0,0.994028495652039,0.005971483265569589,2.1082391400912243e-08,False
0.7041822955738934,1.4200868245132767,6,1,112.90354935203153,0.0,0.8780211622595752,0.12176517893157221,0.00021365880885255674,True
0.7041822955738934,1.4200868245132767,6,2,929.4802751656279,0.0,0.9999396764088735,7.38409368628603e-08,6.024975018965456e-05,True
0.7041560390097524,1.4201397766982016,6,0,-68909.2276037356,0.0,0.9939900480179882,0.006009925654313263,2.6327698522007002e-08,False
0.7041560390097524,1.4201397766982016,6,1,33.49039181193575,0.0,0.9472693582162834,0.05266171878341787,6.89230002986922e-05,True
0.7041560390097524,1.4201397766982016,6,2,829.8148727700391,0.0,0.9996388351637405,0.0003022576579923939,5.890717826716231e-05,True
0.7041297824456114,1.420192732832235,6,0,-62630.37470517343,0.0,0.9939505092882605,0.0060494582470919,3.2464647676269527e-08,False
0.7041297824456114,1.420192732832235,6,1,13.037244626316529,0.0,0.976607081784124,0.02337428281937403,1.863539650193838e-05,True
0.7041297824456114,1.420192732832235,6,2,665.4004817239719,0.0,0.9987451371327234,0.0011924258624108658,6.243700486563639e-05,True
0.7041035258814703,1.420245692915819,6,0,-57193.346680617105,0.0,0.9939148520678815,0.00608510918882837,3.874329010080876e-08,False
0.7041035258814703,1.420245692915819,6,1,-53.13990978270282,0.0,0.9805212340947281,0.019461963812011845,1.6802093260062202e-05,False
0.7041035258814703,1.420245692915819,6,2,755.3416247446846,0.0,0.9986054592294046,0.0013384849093413026,5.605586125409909e-05,True
0.7040772693173293,1.4202986569493947,6,0,-52637.48746070337,0.0,0.9938690020874565,0.006130950908654289,4.700388917371464e-08,False
0.7040772693173293,1.4202986569493947,6,1,-71.62975567705799,0.0,0.990087605131611,0.009907711323875346,4.683544513657229e-06,False
0.7040772693173293,1.4202986569493947,6,2,603.678223185456,0.0,0.9974435684442923,0.002496222065511021,6.020949019666423e-05,True
0.7040510127531883,1.4203516249334045,6,0,-48637.95706240459,0.0,0.9938156577818605,0.006184285337747863,5.6880391590212636e-08,False
0.7040510127531883,1.4203516249334045,6,1,-141.96853716418622,0.0,0.9927204989508983,0.007275927663646439,3.5733854552569316e-06,False
0.7040510127531883,1.4203516249334045,6,2,666.563915902011,0.0,0.9971631859339245,0.002782046740035848,5.476732603971722e-05,True
0.7040247561890473,1.4204045968682903,6,0,-45090.35354196052,0.0,0.9937766133611234,0.006223320652227025,6.59866493871022e-08,False
0.7040247561890473,1.4204045968682903,6,1,-138.53168985831473,0.0,0.9942075687380298,0.0057899398685365205,2.4913934336281243e-06,False
0.7040247561890473,1.4204045968682903,6,2,609.617414116825,0.0,0.9968256791213232,0.0031204920183105504,5.38288603661493e-05,True
0.7039984996249062,1.420457572754494,6,0,-41790.98316714803,0.0,0.9937701440072245,0.006229785221686815,7.077108867606913e-08,False
0.7039984996249062,1.420457572754494,6,1,-87.03402598050333,0.0,0.9910274911635936,0.008965548167230851,6.9606691756438516e-06,False
0.7039984996249062,1.420457572754494,6,2,709.8096105129918,0.0,0.9977220183997666,0.002230314099263306,4.76675009701103e-05,True
0.7039722430607651,1.4205105525924586,6,0,-39024.92858606342,0.0,0.9937549973448593,0.00624492560527484,7.704986583059284e-08,False
0.7039722430607651,1.4205105525924586,6,1,-73.04888730988655,0.0,0.9879447072482026,0.012042408975210845,1.2883776586624746e-05,False
0.7039722430607651,1.4205105525924586,6,2,790.6552645996554,0.0,0.9982299740983621,0.0017268198363001666,4.3206065337663285e-05,True
0.7039459864966241,1.4205635363826252,6,0,-36773.23630226879,0.0,0.9937228909505899,0.006277022508755992,8.654065418665157e-08,False
0.7039459864966241,1.4205635363826252,6,1,-51.68942193195572,0.0,0.9898747826423283,0.010115393560627073,9.82379704463489e-06,False
0.7039459864966241,1.4205635363826252,6,2,708.0597756243594,0.0,0.9979927763899836,0.0019633669273488533,4.385668266750015e-05,True
0.7039197299324831,1.4206165241254365,6,0,-34723.083606967906,0.0,0.9936992112682647,0.006300694225987571,9.450574784952937e-08,False
0.7039197299324831,1.4206165241254365,6,1,-74.77947791917117,0.0,0.9878688928786589,0.012116438994365018,1.4668126976160635e-05,False
0.7039197299324831,1.4206165241254365,6,2,838.9296592018112,0.0,0.9983100330005102,0.0016494156377681144,4.055136172174741e-05,True
0.7038934733683421,1.4206695158213345,6,0,-33028.72375063018,0.0,0.9936684170026623,0.006331478258804949,1.0473853264278526e-07,False
0.7038934733683421,1.4206695158213345,6,1,-55.19775808874641,0.0,0.989779814577911,0.010209090519180097,1.1094902908963553e-05,False
0.7038934733683421,1.4206695158213345,6,2,753.0844903626958,0.0,0.9980797188664603,0.0018784989750255268,4.178215851422754e-05,True
0.7038672168042011,1.4207225114707622,6,0,-31490.06436994492,0.0,0.9936581310796788,0.006341757820075471,1.1110024576675128e-07,False
0.7038672168042011,1.4207225114707622,6,1,-55.74256663331471,0.0,0.987246257663236,0.01273757721481231,1.616512195168986e-05,False
0.7038672168042011,1.4207225114707622,6,2,806.6501470226323,0.0,0.9983872462595381,0.0015726115330938772,4.014220736800214e-05,True
0.7038409602400599,1.4207755110741618,6,0,-30053.062416860375,0.0,0.9936794382233223,0.006320449998192658,1.1177848500521761e-07,False
0.7038409602400599,1.4207755110741618,6,1,-13.828070179524193,0.0,0.9808829915836056,0.019089372633342327,2.7635783052064365e-05,False
0.7038409602400599,1.4207755110741618,6,2,880.4889266762553,0.0,0.9988183223364597,0.0011415246616278641,4.015300191244113e-05,True
0.7038147036759189,1.4208285146319757,6,0,-29063.041715794654,0.0,0.9936596540576426,0.00634022613678445,1.198055729784597e-07,False
0.7038147036759189,1.4208285146319757,6,1,-23.56691530297446,0.0,0.9816331976118423,0.018340757170249366,2.6045217908297254e-05,False
0.7038147036759189,1.4208285146319757,6,2,862.0818207055701,0.0,0.9987903080909218,0.0011688130954268935,4.0878813651334836e-05,True
0.7037884471117779,1.4208815221446465,6,0,-28372.940751311366,0.0,0.9935912314747611,0.006408630614220201,1.379110187209144e-07,False
0.7037884471117779,1.4208815221446465,6,1,-67.55138266310765,0.0,0.9900844799703138,0.009905386696420018,1.0133333266129055e-05,False
0.7037884471117779,1.4208815221446465,6,2,729.4661952601311,0.0,0.9980520377901712,0.0019034435935101422,4.451861631870678e-05,True
0.7037621905476369,1.420934533612617,6,0,-27755.557330668813,0.0,0.9935278953402336,0.0064719494524150475,1.5520735145657701e-07,False
0.7037621905476369,1.420934533612617,6,1,-137.75096266607417,0.0,0.993601304443191,0.006393741930021394,4.953626787712768e-06,False
0.7037621905476369,1.420934533612617,6,2,722.2573199160836,0.0,0.9974382353389548,0.002514420207140979,4.7344453904266386e-05,True
0.7037359339834959,1.4209875490363295,6,0,-27301.338465268775,0.0,0.9934734787259155,0.006526348837282301,1.7243680219080115e-07,False
0.7037359339834959,1.4209875490363295,6,1,-181.9415015122904,0.0,0.9965085725039804,0.0034904033961238212,1.024099895825352e-06,False
0.7037359339834959,1.4209875490363295,6,2,568.2709658490501,0.0,0.9961340890215953,0.003809292474314171,5.6618504090586194e-05,True
0.7037096774193548,1.4210405684162275,6,0,-26980.177998805906,0.0,0.9934078031819918,0.006592005993827574,1.908241806193274e-07,False
0.7037096774193548,1.4210405684162275,6,1,-275.733163389633,0.0,0.997635424608725,0.0023642457938184386,3.295974565249056e-07,False
0.7037096774193548,1.4210405684162275,6,2,593.1933258317353,0.0,0.9953756466143874,0.004563717157887206,6.0636227725383445e-05,True
0.7036834208552137,1.4210935917527534,6,0,-26799.657009365863,0.0,0.9933283837107828,0.006671400667343306,2.1562187388666333e-07,False
0.7036834208552137,1.4210935917527534,6,1,-386.4759516578704,0.0,0.9990618376465216,0.0009380130517773906,1.493017010554823e-07,False
0.7036834208552137,1.4210935917527534,6,2,460.11153350602683,0.0,0.9924710939536682,0.007449583724056148,7.932232227566795e-05,True
0.7036571642910727,1.42114661904635,6,0,-26406.437407069476,0.0,0.9933508067810649,0.00664897995590551,2.132630294892918e-07,False
0.7036571642910727,1.42114661904635,6,1,-398.138029152451,0.0,0.9988210986062775,0.001178722032830581,1.793608918319413e-07,False
0.7036571642910727,1.42114661904635,6,2,473.6408327320857,0.0,0.992408083986091,0.007506060902483606,8.585511142537638e-05,True
0.7036309077269317,1.4211996502974604,6,0,-25887.72471608724,0.0,0.9934671665039566,0.006532645716851952,1.8777919146962295e-07,False
0.7036309077269317,1.4211996502974604,6,1,-291.2493320364158,0.0,0.9970096772603996,0.0029903168147712555,5.924829174375417e-09,False
0.7036309077269317,1.4211996502974604,6,2,512.2397214693844,0.0,0.994386283045134,0.005528071827312465,8.564512755351064e-05,True
0.7036046511627907,1.421252685506528,6,0,-25541.465983739472,0.0,0.9935790604797089,0.006420774405182803,1.65115108274118e-07,False
0.7036046511627907,1.421252685506528,6,1,-172.70716772844798,0.0,0.9937539043467178,0.006245585687650837,5.099656313186286e-07,False
0.7036046511627907,1.421252685506528,6,2,519.0941553918018,0.0,0.9959318254864644,0.003979414096233971,8.876041730158227e-05,True
0.7035783945986497,1.4213057246739953,6,0,-25309.038440908625,0.0,0.9936899299177846,0.006309927328719019,1.4275349641342276e-07,False
0.7035783945986497,1.4213057246739953,6,1,-73.74128774978094,0.0,0.9823903353663919,0.017599315687904068,1.0348945703982926e-05,False
0.7035783945986497,1.4213057246739953,6,2,676.6199278286076,0.0,0.9984856239381327,0.0014365265770497266,7.784948481755793e-05,True
0.7035521380345086,1.421358767800306,6,0,-25282.723186605966,0.0,0.9938180238779767,0.006181857435253013,1.1868677038081463e-07,False
0.7035521380345086,1.421358767800306,6,1,55.842843346956165,0.0,0.9437762168444811,0.056148754999183925,7.502815633498886e-05,True
0.7035521380345086,1.421358767800306,6,2,767.3772051691695,0.0,0.9998076750761445,0.00011893027154693145,7.339465230844299e-05,True
0.7035258814703675,1.4214118148859032,6,0,-25450.517216367585,0.0,0.9938927723046753,0.006107122580594664,1.0511472994479482e-07,False
0.7035258814703675,1.4214118148859032,6,1,75.0407699253648,0.0,0.8969589753861378,0.10286573778796244,0.00017528682589978452,True
0.7035258814703675,1.4214118148859032,6,2,997.7420998100323,0.0,0.9999053070081766,1.7136918031481322e-05,7.755607379183942e-05,True
0.7034996249062265,1.42146486593123,6,0,-25806.035013535322,0.0,0.993857204905505,0.0061426806275227995,1.1446697226164852e-07,False
0.7034996249062265,1.42146486593123,6,1,54.09977120115206,0.0,0.9454373268854485,0.054503635697149735,5.903741740174561e-05,True
0.7034996249062265,1.42146486593123,6,2,688.0394467740499,0.0,0.9997911769013269,0.00011917679254620058,8.964630612686985e-05,True
0.7034733683420855,1.42151792093673,6,0,-26294.69233077788,0.0,0.9938178061893129,0.006182071097918384,1.2271276875868823e-07,False
0.7034733683420855,1.42151792093673,6,1,-56.700540121800046,0.0,0.9732324177820423,0.02675651510197581,1.1067115981763553e-05,False
0.7034733683420855,1.42151792093673,6,2,634.984513495422,0.0,0.9988192301401617,0.0010659498546849587,0.00011482000515333581,True
0.7034471117779445,1.4215709799028469,6,0,-26796.422978114173,0.0,0.9938048689470412,0.006195004045612859,1.270073458242221e-07,False
0.7034471117779445,1.4215709799028469,6,1,-125.27580312554224,0.0,0.9863060303544836,0.01369396514033621,4.50518017704705e-09,False
0.7034471117779445,1.4215709799028469,6,2,443.2354901219383,0.0,0.9951508540568318,0.004672568682180959,0.00017657726098728845,True
0.7034208552138034,1.4216240428300235,6,0,-27298.192209873694,0.0,0.9937937345466302,0.00620613547658607,1.299767836774681e-07,False
0.7034208552138034,1.4216240428300235,6,1,-238.80408107108997,0.0,0.9889673662958465,0.011032087207350095,5.464968035860804e-07,False
0.7034208552138034,1.4216240428300235,6,2,435.1976686446059,0.0,0.9927410985798554,0.007047595058199291,0.0002113063619453543,True
0.7033945986496624,1.4216771097187042,6,0,-27899.275465441362,0.0,0.9937648237011739,0.006235039326853095,1.3697197301828778e-07,False
0.7033945986496624,1.4216771097187042,6,1,-432.7641041356792,0.0,0.9936288910539209,0.006365751955177001,5.356990902082606e-06,False
0.7033945986496624,1.4216771097187042,6,2,372.5913433244214,0.0,0.9810367865784644,0.018628502800773165,0.0003347106207624042,True
0.7033683420855213,1.421730180569332,6,0,-28477.36634626769,0.0,0.9937825620447763,0.006217303771242666,1.3418398108241563e-07,False
0.7033683420855213,1.421730180569332,6,1,-526.9761516050946,0.0,0.9945879185972605,0.005402298466916608,9.782935822806719e-06,False
0.7033683420855213,1.421730180569332,6,2,311.44036374804955,0.0,0.9662298128581746,0.03328211123281439,0.0004880759090110145,True
0.7033420855213803,1.4217832553823508,6,0,-28954.917640616353,0.0,0.9938851098324945,0.006114777417491387,1.127500142361983e-07,False
0.7033420855213803,1.4217832553823508,6,1,-303.2722208299128,0.0,0.9875187260460494,0.012477570598634503,3.703355315998012e-06,False
0.7033420855213803,1.4217832553823508,6,2,403.8266901863198,0.0,0.9868986492598608,0.01275583943977786,0.00034551130036137743,True
0.7033158289572393,1.4218363341582043,6,0,-29619.179146488368,0.0,0.993930710961233,0.006069184684900291,1.0435386671608913e-07,False
0.7033158289572393,1.4218363341582043,6,1,-280.86908236302264,0.0,0.9865473105175848,0.013446473348886727,6.2161335284991186e-06,False
0.7033158289572393,1.4218363341582043,6,2,362.2556886126882,0.0,0.9824943455565367,0.017073655283867305,0.00043199915959602294,True
0.7032895723930983,1.421889416897337,6,0,-30430.809661497,0.0,0.9939055201747424,0.006094370350521587,1.0947473587920768e-07,False
0.7032895723930983,1.421889416897337,6,1,-521.7851681359928,0.0,0.9912249574850098,0.008760566106202716,1.4476408787499897e-05,False
0.7032895723930983,1.421889416897337,6,2,317.5963213448129,0.0,0.9557978074692305,0.043503842263272315,0.0006983502674972478,True
0.7032633158289572,1.421942503600192,6,0,-31256.674344192026,0.0,0.993890993173778,0.006108894625299787,1.1220092229025144e-07,False
0.7032633158289572,1.421942503600192,6,1,-726.4063926792604,0.0,0.9924843872119276,0.007498195466355831,1.741732171659048e-05,False
0.7032633158289572,1.421942503600192,6,2,321.84945620906865,0.0,0.93812559472378,0.06100726577129576,0.0008671395049241956,True
0.7032370592648162,1.4219955942672136,6,0,-32125.915334964393,0.0,0.9938872110228709,0.006112675773401193,1.1320372781842789e-07,False
0.7032370592648162,1.4219955942672136,6,1,-960.9760489815259,0.0,0.9941221835509195,0.005853134489504503,2.4681959575905473e-05,False
0.7032370592648162,1.4219955942672136,6,2,279.6421264877897,0.0,0.8659355032641947,0.13259279827277637,0.0014716984630290032,True
0.7032108027006752,1.4220486888988455,6,0,-33054.58959908798,0.0,0.9938716191626925,0.006128265217144482,1.1562016294628475e-07,False
0.7032108027006752,1.4220486888988455,6,1,-1168.7585768418892,0.0,0.9942608944804214,0.005715433319123266,2.367220045535148e-05,False
0.7032108027006752,1.4220486888988455,6,2,305.7576886043591,0.0,0.8712928284307584,0.12724883974239737,0.0014583318268442478,True
0.7031845461365341,1.4221017874955326,6,0,-34024.58639302097,0.0,0.9938521044992954,0.006147775659139074,1.1984156552368241e-07,False
0.7031845461365341,1.4221017874955326,6,1,-1519.648974205255,0.0,0.9956216055134588,0.004349466168340689,2.8928318200588083e-05,False
0.7031845461365341,1.4221017874955326,6,2,268.5559900760439,0.0,0.7359054007135227,0.26161491928990255,0.002479679996574751,True
0.7031582895723931,1.4221548900577183,6,0,-34908.997612808605,0.0,0.9939085898909676,0.00609130274519518,1.0736383719851425e-07,False
0.7031582895723931,1.4221548900577183,6,1,-1412.2203348086775,0.0,0.9939722091805405,0.005997561874497804,3.0228944961643313e-05,False
0.7031582895723931,1.4221548900577183,6,2,290.25111687822493,0.0,0.7837064063639972,0.21405177933687858,0.0022418142991241486,True
0.703132033008252,1.4222079965858474,6,0,-35794.5416820215,0.0,0.9940134297380379,0.005986483337440157,8.692452202712011e-08,False
0.703132033008252,1.4222079965858474,6,1,-1085.2946531976,0.0,0.990511987700816,0.009450819763652911,3.719253553097878e-05,False
0.703132033008252,1.4222079965858474,6,2,290.0219003273462,0.0,0.7795316996695042,0.21803054186614193,0.0024377584643538795,True
0.703105776444111,1.4222611070803637,6,0,-36792.80641350652,0.0,0.9941033688013537,0.0058965605207527486,7.067789357503104e-08,False
0.703105776444111,1.4222611070803637,6,1,-735.9295413069663,0.0,0.9846501241424144,0.015310024546621335,3.985131096427702e-05,False
0.703105776444111,1.4222611070803637,6,2,302.2403103626786,0.0,0.8393909310435234,0.15845921803669116,0.0021498509197854683,True
0.70307951987997,1.422314221541712,6,0,-37883.983367767876,0.0,0.9941846366499969,0.005815306150000521,5.7200002549481155e-08,False
0.70307951987997,1.422314221541712,6,1,-374.16288324914746,0.0,0.9729390325318582,0.027028977126203918,3.199034193790586e-05,False
0.70307951987997,1.422314221541712,6,2,332.09240825004923,0.0,0.9273459995843915,0.07112094955542926,0.0015330508601793292,True
0.703053263315829,1.4223673399703365,6,0,-39064.5185800068,0.0,0.9942681977231514,0.005731757479618479,4.479723006609069e-08,False
0.703053263315829,1.4223673399703365,6,1,4.048578562026615,0.0,0.9422972749223602,0.057694564757970614,8.16031966918633e-06,True
0.703053263315829,1.4223673399703365,6,2,357.64780262420106,0.0,0.985993770110373,0.013047024421397027,0.0009592054682299708,True
0.7030270067516879,1.4224204623666814,6,0,-40353.86493956422,0.0,0.9943105805454022,0.005689380862476686,3.859212103541618e-08,False
0.7030270067516879,1.4224204623666814,6,1,105.06508318530591,0.0,0.8480027781472503,0.15193495597810228,6.226587464746345e-05,True
0.7030270067516879,1.4224204623666814,6,2,595.9255636999258,0.0,0.9983738022682491,0.001152288225388634,0.00047390950636223264,True
0.7030007501875468,1.422473588731192,6,0,-41738.99169836888,0.0,0.9942917163265859,0.00570824317703665,4.0496377431812836e-08,False
0.7030007501875468,1.422473588731192,6,1,-95.24967537175786,0.0,0.9586574848218519,0.04129258881044715,4.992636770098855e-05,False
0.7030007501875468,1.422473588731192,6,2,305.13630543297523,0.0,0.8931261351950015,0.10458129609857897,0.0022925687064194586,True
0.7029744936234058,1.4225267190643125,6,0,-43165.62079664468,0.0,0.9942767405716546,0.005723217879820476,4.154852501375319e-08,False
0.7029744936234058,1.4225267190643125,6,1,-267.8564617927505,0.0,0.95496900808731,0.0450000958157378,3.089609695222605e-05,False
0.7029744936234058,1.4225267190643125,6,2,372.4273039483778,0.0,0.9480252926637558,0.05033273476978207,0.0016419725664621465,True
0.7029482370592648,1.4225798533664875,6,0,-44641.73048416521,0.0,0.9942731730988075,0.005726785599016547,4.1302175958715884e-08,False
0.7029482370592648,1.4225798533664875,6,1,-526.5830730097524,0.0,0.9708836183530579,0.029036538774903475,7.984287203868823e-05,False
0.7029482370592648,1.4225798533664875,6,2,304.7686664184203,0.0,0.646773517896196,0.34881850588962354,0.004407976214180563,True
0.7029219804951238,1.4226329916381624,6,0,-46181.39388458751,0.0,0.9942679339465725,0.005732025048538036,4.100488945051588e-08,False
0.7029219804951238,1.4226329916381624,6,1,-666.2593389529063,0.0,0.9701171026368417,0.029810294244809396,7.260311834886963e-05,False
0.7029219804951238,1.4226329916381624,6,2,319.28680814054576,0.0,0.7136013797182381,0.2824338432272766,0.00396477705448523,True
0.7028957239309828,1.4226861338797814,6,0,-47772.952051260676,0.0,0.9942578632884754,0.005742095345038175,4.136648644053958e-08,False
0.7028957239309828,1.4226861338797814,6,1,-943.1391880615465,0.0,0.974562464465809,0.025352567150530452,8.496838366055893e-05,False
0.7028957239309828,1.4226861338797814,6,2,314.99641632612094,0.0,0.5201988224419088,0.47442067887124456,0.005380498686846552,True
0.7028694673668416,1.4227392800917895,6,0,-49422.135286734374,0.0,0.9942617514705229,0.0057382087125641135,3.981691306334191e-08,False
0.7028694673668416,1.4227392800917895,6,1,-1073.1803722089398,0.0,0.9751043635887935,0.024803628122553795,9.200828865283909e-05,False
0.7028694673668416,1.4227392800917895,6,2,306.60366855674664,0.0,0.41789326656454545,0.5760019629629513,0.0061047704725033375,True
0.7028432108027006,1.4227924302746322,6,0,-51120.09298703418,0.0,0.9942918006430713,0.005708164411073742,3.494585499429816e-08,False
0.7028432108027006,1.4227924302746322,6,1,-908.3517899042322,0.0,0.969996848759511,0.02990595668620213,9.719455428694853e-05,False
0.7028432108027006,1.4227924302746322,6,2,322.796361687385,0.0,0.4748676968345213,0.5191672035537902,0.005965099611688456,True
0.7028169542385596,1.4228455844287538,6,0,-52905.11033229822,0.0,0.9943151742333388,0.005684794633578156,3.113308291494214e-08,False
0.7028169542385596,1.4228455844287538,6,1,-798.2121707192534,0.0,0.9658674713672564,0.03402718580638062,0.00010534282636296731,False
0.7028169542385596,1.4228455844287538,6,2,322.0534921363678,0.0,0.46959682240205436,0.5242267653866419,0.006176412211303821,True
0.7027906976744186,1.4228987425545996,6,0,-54797.29579973661,0.0,0.9943233172521178,0.005676653635561314,2.911232084774893e-08,False
0.7027906976744186,1.4228987425545996,6,1,-852.2924728874905,0.0,0.9655750209650247,0.034308422736416246,0.00011655629855921294,False
0.7027906976744186,1.4228987425545996,6,2,322.1617958036779,0.0,0.36506190835697017,0.6280516404323113,0.00688645121071853,True
0.7027644411102776,1.4229519046526151,6,0,-56779.79699078928,0.0,0.994333702730601,0.005666270433380396,2.6836018623673686e-08,False
0.7027644411102776,1.4229519046526151,6,1,-818.3066218304125,0.0,0.9621174705702285,0.03776626354978441,0.00011626587998717193,False
0.7027644411102776,1.4229519046526151,6,2,329.4542350420501,0.0,0.4286379807842858,0.5646733715522598,0.006688647663454541,True
0.7027381845461365,1.4230050707232451,6,0,-58841.1944639207,0.0,0.9943399966877942,0.005659978252595924,2.505960988395735e-08,False
0.7027381845461365,1.4230050707232451,6,1,-896.266359418835,0.0,0.9630197686698565,0.03684637640308092,0.00013385492706253919,False
0.7027381845461365,1.4230050707232451,6,2,332.3904212602856,0.0,0.2579569548074223,0.7344241647682601,0.0076188804243174976,True
0.7027119279819954,1.4230582407669357,6,0,-60995.355105481605,0.0,0.9943510833583252,0.005648893843681728,2.279799300314844e-08,False
0.7027119279819954,1.4230582407669357,6,1,-799.9202541091588,0.0,0.9578154200589065,0.042055379315096335,0.00012920062599725568,False
0.7027119279819954,1.4230582407669357,6,2,330.9721812287364,0.0,0.38730746876799604,0.6055180778989663,0.007174453333037631,True
0.7026856714178544,1.4231114147841313,6,0,-63274.04447775066,0.0,0.9943734073489621,0.005626573125833565,1.952520441278266e-08,False
0.7026856714178544,1.4231114147841313,6,1,-632.2551708018896,0.0,0.9532900763291082,0.04655487668477009,0.0001550469861216781,False
0.7026856714178544,1.4231114147841313,6,2,340.52946109581393,0.0,0.2631424062142026,0.7289299286555628,0.007927665130234665,True
0.7026594148537134,1.4231645927752778,6,0,-65677.58377656701,0.0,0.9943782622440116,0.00562171976796905,1.798801933637117e-08,False
0.7026594148537134,1.4231645927752778,6,1,-570.9651051424422,0.0,0.9473593375784914,0.052498339874987886,0.0001423225465207245,False
0.7026594148537134,1.4231645927752778,6,2,346.84645246313966,0.0,0.43015624599783703,0.5625469841093153,0.007296769892847705,True
0.7026331582895724,1.4232177747408206,6,0,-68201.0879067393,0.0,0.9943631963079016,0.005636785485179081,1.820691920269998e-08,False
0.7026331582895724,1.4232177747408206,6,1,-902.5405010785347,0.0,0.9565114975671883,0.04332491370870189,0.00016358872410983835,False
0.7026331582895724,1.4232177747408206,6,2,338.68423058146425,0.0,0.1624136441582933,0.8292804533928055,0.008305902448901116,True
0.7026069017254313,1.4232709606812055,6,0,-70840.06039230584,0.0,0.9943495954362336,0.005650386321464457,1.8242301960270528e-08,False
0.7026069017254313,1.4232709606812055,6,1,-1142.4315260521323,0.0,0.9592572259309701,0.04058685274447992,0.00015592132454999484,False
0.7026069017254313,1.4232709606812055,6,2,350.0682429289358,0.0,0.16721984646155574,0.8244501273762253,0.00833002616221898,True
0.7025806451612903,1.423324150596878,6,0,-73611.19931246279,0.0,0.9943396339646785,0.00566034811436815,1.7920953380922062e-08,False
0.7025806451612903,1.423324150596878,6,1,-1366.7027187690683,0.0,0.9622516563187293,0.037589617040744906,0.00015872664052576937,False
0.7025806451612903,1.423324150596878,6,2,342.2248280749911,0.0,0.10437910291187613,0.8871895017458601,0.008431395342263781,True
0.7025543885971492,1.4233773444882836,6,0,-76535.2004375573,0.0,0.9943255989308805,0.00567438317253705,1.7896582446550334e-08,False
0.7025543885971492,1.4233773444882836,6,1,-1647.4425273734391,0.0,0.9652555060649542,0.03459065740209409,0.00015383653295174577,False
0.7025543885971492,1.4233773444882836,6,2,357.8313902626432,0.0,0.08403610760108826,0.9074958274596368,0.00846806493927504,True
0.7025281320330082,1.4234305423558684,6,0,-79616.01516020184,0.0,0.9943084695680685,0.005691512307055312,1.8124876252424754e-08,False
0.7025281320330082,1.4234305423558684,6,1,-1990.2630421732042,0.0,0.9690004941641717,0.03085098176179379,0.00014852407403449197,False
0.7025281320330082,1.4234305423558684,6,2,348.1546426554865,0.0,0.053457828227562704,0.9380903896996263,0.008451782072810998,True
0.7025018754688672,1.4234837442000778,6,0,-82855.94641169341,0.0,0.9943141969089543,0.005685786797114948,1.6293930701993525e-08,False
0.7025018754688672,1.4234837442000778,6,1,-1931.5940357508107,0.0,0.9671019750569657,0.032743037493047904,0.0001549874499864498,False
0.7025018754688672,1.4234837442000778,6,2,356.7712659420672,0.0,0.05406686272553876,0.937417465810391,0.00851567146407032,True
0.7024756189047261,1.4235369500213586,6,0,-86294.69198179561,0.0,0.9943398838160002,0.005660103214648757,1.2969350955717901e-08,False
0.7024756189047261,1.4235369500213586,6,1,-1465.682570396252,0.0,0.9589220380730005,0.040901016441310944,0.00017694548568861456,False
0.7024756189047261,1.4235369500213586,6,2,361.219522041372,0.0,0.07272087597614667,0.9186331513407389,0.008645972683114463,True
0.7024493623405851,1.4235901598201557,6,0,-89992.95189564611,0.0,0.994361379370724,0.005638610345639014,1.0283636888680136e-08,False
0.7024493623405851,1.4235901598201557,6,1,-998.5179118716851,0.0,0.9485250376870767,0.05127745592762049,0.0001975063853028418,False
0.7024493623405851,1.4235901598201557,6,2,361.8468350369867,0.0,0.11465781414563204,0.8765327724336137,0.008809413420754112,True
0.7024231057764441,1.4236433735969156,6,0,-93953.6138457855,0.0,0.9943783165631169,0.0056216752710678995,8.165815170018988e-09,False
0.7024231057764441,1.4236433735969156,6,1,-574.9395431891033,0.0,0.9363834205921533,0.06339862900781162,0.00021795040003517882,False
0.7024231057764441,1.4236433735969156,6,2,368.01582189260625,0.0,0.16273236689454149,0.8283191234287128,0.00894850967674575,True
0.702396849212303,1.4236965913520845,6,0,-98211.84086177945,0.0,0.9943965905459784,0.005603403249145353,6.204876187919629e-09,False
0.702396849212303,1.4236965913520845,6,1,-27.270990093331775,0.0,0.9054591353514615,0.0943577400443005,0.00018312460423800745,False
0.702396849212303,1.4236965913520845,6,2,372.98329274230304,0.0,0.5534522934899656,0.4387246476041285,0.007823058905905848,True
0.702370592648162,1.4237498130861086,6,0,-102794.65207290213,0.0,0.9944015437688015,0.005598451106059186,5.1251392738719255e-09,False
0.702370592648162,1.4237498130861086,6,1,229.46968490281506,0.0,0.8439236873288155,0.1560266210297932,4.969164139118141e-05,True
0.702370592648162,1.4237498130861086,6,2,411.5309145762683,0.0,0.9586754565632927,0.03769994298607448,0.0036246004506328066,True
0.702344336084021,1.4238030387994338,6,0,-107675.26199670673,0.0,0.9943841572349051,0.005615837587635853,5.177459016874269e-09,False
0.702344336084021,1.4238030387994338,6,1,-5.153813431107401,0.0,0.9035275905997284,0.09628537670408714,0.00018703269618446731,False
0.702344336084021,1.4238030387994338,6,2,375.974711688265,0.0,0.5629748925780713,0.42927251313718684,0.007752594284741829,True
0.7023180795198799,1.423856268492507,6,0,-112904.01688800332,0.0,0.994364746498788,0.0056352481923516405,5.308860293927839e-09,False
0.7023180795198799,1.423856268492507,6,1,-346.1586774407589,0.0,0.9269805056755911,0.07278663150640069,0.0002328628180081061,False
0.7023180795198799,1.423856268492507,6,2,378.9550148199668,0.0,0.22443855894554054,0.7666528492739609,0.008908591780498527,True
0.7022918229557389,1.423909502165774,6,0,-118524.83717787726,0.0,0.9943511030597434,0.005648891788293136,5.151963423896738e-09,False
0.7022918229557389,1.423909502165774,6,1,-522.139373425908,0.0,0.9331825604773678,0.06658844526414619,0.00022899425848604122,False
0.7022918229557389,1.423909502165774,6,2,378.39524836194437,0.0,0.19415795921450638,0.7970050058222082,0.008837034963285398,True
0.7022655663915979,1.4239627398196812,6,0,-124584.90256516523,0.0,0.9943370096507396,0.005662985338433064,5.010827473257071e-09,False
0.7022655663915979,1.4239627398196812,6,1,-723.755758625963,0.0,0.9395156861565337,0.060260378496310156,0.00022393534715611587,False
0.7022655663915979,1.4239627398196812,6,2,376.9309693349579,0.0,0.1621409343795474,0.8291048165038368,0.008754249116615792,True
0.7022393098274569,1.4240159814546756,6,0,-131147.67292230733,0.0,0.9943215180907182,0.005678476979726696,4.9295550991781834e-09,False
0.7022393098274569,1.4240159814546756,6,1,-993.9561484542172,0.0,0.9467918796067996,0.052990442541093696,0.0002176778521068564,False
0.7022393098274569,1.4240159814546756,6,2,382.6716403891169,0.0,0.11841715026867443,0.8729339404970615,0.008648909234264056,True
0.7022130532633158,1.4240692270712034,6,0,-138265.4778008963,0.0,0.9943100498589041,0.0056899454814680886,4.659627846274511e-09,False
0.7022130532633158,1.4240692270712034,6,1,-1140.412434300617,0.0,0.9504956504905009,0.049292069074869625,0.0002122804346295255,False
0.7022130532633158,1.4240692270712034,6,2,374.8198974938997,0.0,0.10688564151186204,0.8845488608135808,0.008565497674557077,True
0.7021867966991747,1.4241224766697116,6,0,-146039.66718004565,0.0,0.9943076739068494,0.0056923220998100895,3.993340579931507e-09,False
0.7021867966991747,1.4241224766697116,6,1,-966.3792444001782,0.0,0.9465027566159636,0.05328613425827545,0.00021110912576098096,False
0.7021867966991747,1.4241224766697116,6,2,384.1890053180127,0.0,0.17088679970024837,0.8205798034318319,0.008533396867919705,True
0.7021605401350337,1.4241757302506466,6,0,-154582.40646568916,0.0,0.9943043747983911,0.005695621784425015,3.417183771229921e-09,False
0.7021605401350337,1.4241757302506466,6,1,-837.4257557882781,0.0,0.9445933061853263,0.05518569806931171,0.0002209957453619379,False
0.7021605401350337,1.4241757302506466,6,2,381.8686476420167,0.0,0.1645795228868151,0.8269331697525761,0.008487307360608775,True
0.7021342835708927,1.424228987814455,6,0,-163983.68563890766,0.0,0.9942958973088453,0.005704099608429111,3.0827256861113406e-09,False
0.7021342835708927,1.424228987814455,6,1,-852.8598197082865,0.0,0.9456050552873855,0.05418014926065858,0.0002147954519559816,False
0.7021342835708927,1.424228987814455,6,2,380.85677890515313,0.0,0.1931529940037408,0.7984803112172899,0.008366694778969336,True
0.7021080270067517,1.424282249361584,6,0,-174382.6968717909,0.0,0.9942881844853012,0.005711812773507912,2.7411908078303448e-09,False
0.7021080270067517,1.424282249361584,6,1,-824.371670630952,0.0,0.945216521917833,0.05457871911597151,0.00020475896619532688,False
0.7021080270067517,1.424282249361584,6,2,382.9698735128233,0.0,0.26094964255274977,0.7309189848880662,0.008131372559184193,True
0.7020817704426107,1.4243355148924803,6,0,-185940.35672344078,0.0,0.9942797853180586,0.005720212233842841,2.4480984939228837e-09,False
0.7020817704426107,1.4243355148924803,6,1,-890.5212074478726,0.0,0.9490747670567611,0.05071201090293287,0.00021322204030613682,False
0.7020817704426107,1.4243355148924803,6,2,385.5013645540265,0.0,0.1867513142014874,0.8050769454295478,0.008171740368964875,True
0.7020555138784697,1.4243887844075909,6,0,-198842.04049319777,0.0,0.9942726096333908,0.005727388226562535,2.1400466966286195e-09,False
0.7020555138784697,1.4243887844075909,6,1,-796.8667034618819,0.0,0.9465686658596745,0.05323900118134996,0.00019233295897558004,False
0.7020555138784697,1.4243887844075909,6,2,379.14494088703293,0.0,0.34295730456869244,0.6494113175188885,0.00763137791241904,True
0.7020292573143285,1.4244420579073631,6,0,-213362.9107102921,0.0,0.9942695188112337,0.005730479448535519,1.7402306463779133e-09,False
0.7020292573143285,1.4244420579073631,6,1,-607.4263017294637,0.0,0.9439632811774181,0.0558311906528216,0.00020552816976024245,False
0.7020292573143285,1.4244420579073631,6,2,386.0149235400268,0.0,0.3266991454721731,0.665670360204698,0.007630494323128817,True
0.7020030007501875,1.4244953353922438,6,0,-229801.2102302525,0.0,0.9942621022575758,0.005737896239411983,1.5030121474480171e-09,False
0.7020030007501875,1.4244953353922438,6,1,-543.3162125598789,0.0,0.9423725577501547,0.05743958483937478,0.00018785741047055732,False
0.7020030007501875,1.4244953353922438,6,2,386.66480273691525,0.0,0.4532753742219631,0.5397688661746086,0.0069557596034282385,True
0.7019767441860465,1.4245486168626802,6,0,-248489.1307123208,0.0,0.9942494543760965,0.005750544199895615,1.424007856806488e-09,False
0.7019767441860465,1.4245486168626802,6,1,-815.4071856527999,0.0,0.952304535018365,0.047514780637250134,0.00018068434438479943,False
0.7019767441860465,1.4245486168626802,6,2,378.73004583813423,0.0,0.38896176097416063,0.6040095805245299,0.007028658501309433,True
0.7019504876219055,1.4246019023191194,6,0,-269889.5401527489,0.0,0.9942378033914561,0.005762195277657451,1.3308864869899162e-09,False
0.7019504876219055,1.4246019023191194,6,1,-1087.2301810719468,0.0,0.9599330122499261,0.039898702529516945,0.00016828522055687315,False
0.7019504876219055,1.4246019023191194,6,2,383.87933250414716,0.0,0.3632229250346998,0.6298362903819851,0.006940784583315177,True
0.7019242310577645,1.4246551917620087,6,0,-294611.7724443451,0.0,0.9942280785126049,0.005771920282848027,1.2045472261674793e-09,False
0.7019242310577645,1.4246551917620087,6,1,-1278.332411552583,0.0,0.965054193541135,0.03479064960084709,0.0001551568580179881,False
0.7019242310577645,1.4246551917620087,6,2,373.0484902646266,0.0,0.376088638376473,0.6172065034313519,0.006704858192175095,True
0.7018979744936233,1.424708485191796,6,0,-323459.87387635343,0.0,0.9942183547194973,0.005781644185668569,1.0948340968745817e-09,False
0.7018979744936233,1.424708485191796,6,1,-1540.9104102039628,0.0,0.9705338441008949,0.02932508018097941,0.0001410757181255989,False
0.7018979744936233,1.424708485191796,6,2,382.4173777045988,0.0,0.3818513816436227,0.6116498799657226,0.006498738390654652,True
0.7018717179294823,1.424761782608928,6,0,-357458.71400730684,0.0,0.9942087940786392,0.005791204923757753,9.976031639055005e-10,False
0.7018717179294823,1.424761782608928,6,1,-1845.297098132027,0.0,0.9758546573352344,0.024020307834036515,0.00012503483072910727,False
0.7018717179294823,1.424761782608928,6,2,370.23949579280304,0.0,0.39934147879802634,0.5944264296933502,0.006232091508623438,True
0.7018454613653413,1.4248150840138527,6,0,-398037.0996932799,0.0,0.9942046432784785,0.005795355915353252,8.06168340961262e-10,False
0.7018454613653413,1.4248150840138527,6,1,-1841.8964423890752,0.0,0.9774284737788396,0.022448300780241674,0.00012322544091889065,False
0.7018454613653413,1.4248150840138527,6,2,370.6588346853463,0.0,0.3908659447905755,0.6029781248505601,0.006155930358864398,True
0.7018192048012003,1.4248683894070175,6,0,-447269.022230053,0.0,0.9942049386393449,0.005795060791053593,5.696014558437227e-10,False
0.7018192048012003,1.4248683894070175,6,1,-1327.179362493569,0.0,0.9721979207330795,0.02768356696749593,0.00011851229942445568,False
0.7018192048012003,1.4248683894070175,6,2,379.5238500352563,0.0,0.5916435575443384,0.4034484694592527,0.004907972996408984,True
0.7017929482370593,1.42492169878887,6,0,-507939.9737704518,0.0,0.994204513962974,0.005795485644546291,3.924796057912908e-10,False
0.7017929482370593,1.42492169878887,6,1,-935.7463253309717,0.0,0.9683625796440165,0.03151051905291441,0.00012690130306912393,False
0.7017929482370593,1.42492169878887,6,2,372.3986313540189,0.0,0.6199017345618163,0.3754156512539768,0.004682614184207035,True
0.7017666916729182,1.424975012159858,6,0,-583894.4854462559,0.0,0.9942031600137863,0.005796839720075394,2.661382530446406e-10,False
0.7017666916729182,1.424975012159858,6,1,-483.0140754004965,0.0,0.9572419577837078,0.04265559341506958,0.00010244880122268311,False
0.7017666916729182,1.424975012159858,6,2,394.76500762806353,0.0,0.8348357974390581,0.1621160833299206,0.0030481192310211802,True
0.7017404351087771,1.4250283295204291,6,0,-680658.6765272713,0.0,0.9942019325779136,0.005798067252420027,1.696663171972699e-10,False
0.7017404351087771,1.4250283295204291,6,1,-29.44166437241309,0.0,0.9271255131295796,0.07282670067906857,4.778619135192751e-05,False
0.7017404351087771,1.4250283295204291,6,2,424.44993589982914,0.0,0.9676460686706381,0.03070732366160974,0.001646607667752253,True
0.7017141785446361,1.4250816508710318,6,0,-806246.7475938727,0.0,0.9941989118410882,0.005801088045911065,1.1300073823714349e-10,False
0.7017141785446361,1.4250816508710318,6,1,164.79869660688,0.0,0.8380056748008398,0.16198405274872224,1.0272450437852857e-05,True
0.7017141785446361,1.4250816508710318,6,2,564.8611904535531,0.0,0.999153164642266,8.134283684893768e-05,0.0007654925208851268,True
0.7016879219804951,1.425134976212113,6,0,-972311.3402683282,0.0,0.9941934942715083,0.00580650564097503,8.751668482873095e-11,False
0.7016879219804951,1.425134976212113,6,1,14.446382587478727,0.0,0.9216157648027432,0.0783642435959904,1.9991601266369744e-05,True
0.7016879219804951,1.425134976212113,6,2,455.3370974440138,0.0,0.9881744920602631,0.010721788492542655,0.0011037194471941894,True
0.7016616654163541,1.4251883055441217,6,0,-1196385.8118535266,0.0,0.9941886791465545,0.00581132078680873,6.663676947381108e-11,False
0.7016616654163541,1.4251883055441217,6,1,-236.97262481535103,0.0,0.9555999825645798,0.04434771225895115,5.230517646899815e-05,False
0.7016616654163541,1.4251883055441217,6,2,426.2214561234967,0.0,0.9553335789469053,0.043229520676064094,0.0014369003770305453,True
0.701635408852213,1.425241638867505,6,0,-1504911.2751693379,0.0,0.9941852249590835,0.005814774994637177,4.627930797186285e-11,False
0.701635408852213,1.425241638867505,6,1,-382.33939999495806,0.0,0.9663438536991215,0.03359962816591671,5.6518134961896907e-05,False
0.701635408852213,1.425241638867505,6,2,415.2790147045398,0.0,0.9416253060763587,0.05691532862849556,0.0014593652951456891,True
0.701609152288072,1.4252949761827116,6,0,-1935141.333680508,0.0,0.9941823565789247,0.005817643390179412,3.089582957517622e-11,False
0.701609152288072,1.4252949761827116,6,1,-544.740161450127,0.0,0.9749018985086454,0.025039647629018103,5.8453862336562134e-05,False
0.701609152288072,1.4252949761827116,6,2,400.39320106958405,0.0,0.9259590336110749,0.07255159903686266,0.0014893673520624008,True
0.701582895723931,1.4253483174901895,6,0,-2528084.7105402383,0.0,0.9941799055804452,0.005820094399285028,2.0269732139760293e-11,False
0.701582895723931,1.4253483174901895,6,1,-719.3874693622685,0.0,0.9806059619802043,0.0193420122366823,5.202578311334583e-05,False
0.701582895723931,1.4253483174901895,6,2,409.354935977045,0.0,0.9283207193782348,0.07033906828959528,0.0013402123321699904,True
0.7015566391597899,1.425401662790387,6,0,-3287653.903645915,0.0,0.9941779937588555,0.0058220062281555155,1.29889799378817e-11,False
0.7015566391597899,1.425401662790387,6,1,-852.4660625027841,0.0,0.9854211861340874,0.014526865499308348,5.194836660437845e-05,False
0.7015566391597899,1.425401662790387,6,2,385.8346532433071,0.0,0.9136549570771649,0.08497161583067349,0.001373427092161513,True
0.7015303825956489,1.425455012083752,6,0,-4061298.3851065366,0.0,0.9941765467984852,0.0058234531930802455,8.434565553659024e-12,False
0.7015303825956489,1.425455012083752,6,1,-672.4534590236026,0.0,0.9835543325945644,0.016406652333298997,3.901507213669782e-05,False
0.7015303825956489,1.425455012083752,6,2,423.93183814397327,0.0,0.9530913602303299,0.045949336023464175,0.0009593037462059345,True
0.7015041260315078,1.425508365370734,6,0,-4421254.727859384,0.0,0.994175013148951,0.005824986844212178,6.836893872331285e-12,False
0.7015041260315078,1.425508365370734,6,1,-544.5477345240597,0.0,0.9830384646518938,0.016928811924507545,3.272342359863944e-05,False
0.7015041260315078,1.425508365370734,6,2,432.8409432197954,0.0,0.9654668347014135,0.03374116988346012,0.0007919954151264785,True
0.7014778694673668,1.4255617226517805,6,0,-4016472.9500241447,0.0,0.9941731559565021,0.00582684403545263,8.04519875750496e-12,False
0.7014778694673668,1.4255617226517805,6,1,-533.1460081039692,0.0,0.9845349122277299,0.015437955001839443,2.7132770430639103e-05,False
0.7014778694673668,1.4255617226517805,6,2,443.8403070797519,0.0,0.9723507055590819,0.026985715327615487,0.0006635791133026656,True
0.7014516129032258,1.4256150839273396,6,0,-3127482.1777128824,0.0,0.994171050384655,0.005828949602672466,1.2672499242095588e-11,False
0.7014516129032258,1.4256150839273396,6,1,-503.0371366936811,0.0,0.9855980993751526,0.014379766606166038,2.2134018681249854e-05,False
0.7014516129032258,1.4256150839273396,6,2,459.4907148641662,0.0,0.9780701850505952,0.021374150733488872,0.0005556642159159769,True
0.7014253563390848,1.425668449197861,6,0,-2252422.6407700786,0.0,0.9941684733283729,0.0058315266477944406,2.3832738332119427e-11,False
0.7014253563390848,1.425668449197861,6,1,-478.5222979918802,0.0,0.9862517190483627,0.013731988547165867,1.6292404471385732e-05,False
0.7014253563390848,1.425668449197861,6,2,494.0618788980319,0.0,0.984005455992197,0.015547638820216677,0.0004469051875862595,True
0.7013990997749437,1.4257218184637928,6,0,-1594004.5485510726,0.0,0.9941654121491796,0.005834587804265642,4.655467594712274e-11,False
0.7013990997749437,1.4257218184637928,6,1,-445.88905010490305,0.0,0.987726988698905,0.012258466829028395,1.454447206672129e-05,False
0.7013990997749437,1.4257218184637928,6,2,482.49089311997403,0.0,0.9852964707333014,0.014303946712147169,0.0003995825545514435,True
0.7013728432108026,1.425775191725584,6,0,-1142436.7243306,0.0,0.9941624339350271,0.005837565980387168,8.458574111166892e-11,False
0.7013728432108026,1.425775191725584,6,1,-268.0193395447782,0.0,0.9817191165499454,0.018276807305068136,4.07614498660063e-06,False
0.7013728432108026,1.425775191725584,6,2,587.3423258674239,0.0,0.9940099832071738,0.005713518861838799,0.00027649793098733286,True
0.7013465866466616,1.4258285689836827,6,0,-837945.1277880484,0.0,0.994158147206904,0.005841852636336391,1.5675967414721655e-10,False
0.7013465866466616,1.4258285689836827,6,1,-231.95871968829744,0.0,0.981453864156584,0.018544345060946224,1.790782469751754e-06,False
0.7013465866466616,1.4258285689836827,6,2,621.3241217355445,0.0,0.995453393327439,0.004314297231112121,0.00023230944144892534,True
0.7013203300825206,1.4258819502385385,6,0,-630180.6631113178,0.0,0.9941508766576228,0.005849123039499359,3.02877773717209e-10,False
0.7013203300825206,1.4258819502385385,6,1,-359.1137229357471,0.0,0.9895322159284549,0.010462474400663987,5.309670881270263e-06,False
0.7013203300825206,1.4258819502385385,6,2,563.7325199373562,0.0,0.9924927557186765,0.007272054682271602,0.0002351895990518475,True
0.7012940735183796,1.4259353354906,6,0,-485541.008802483,0.0,0.9941413630410172,0.005858636402755852,5.562269107217054e-10,False
0.7012940735183796,1.4259353354906,6,1,-455.78618093659423,0.0,0.9922404526411136,0.007755342848840276,4.204510046153912e-06,False
0.7012940735183796,1.4259353354906,6,2,613.7235313046084,0.0,0.9928934863554044,0.00690802354310466,0.00019849010149100481,True
0.7012678169542386,1.425988724740316,6,0,-382453.6864408349,0.0,0.9941298713534594,0.005870127687013571,9.595271115414348e-10,False
0.7012678169542386,1.425988724740316,6,1,-552.5769100247741,0.0,0.9955728120094054,0.0044205053935944955,6.682597000057098e-06,False
0.7012678169542386,1.425988724740316,6,2,541.6869222967767,0.0,0.9899882244189515,0.009806996293975691,0.00020477928707289918,True
0.7012415603900974,1.4260421179881362,6,0,-307355.85738748807,0.0,0.9941147322726239,0.005885266115319519,1.6120566749788987e-09,False
0.7012415603900974,1.4260421179881362,6,1,-612.8728280733545,0.0,0.996376959384989,0.0036189797999857005,4.060815025257741e-06,False
0.7012415603900974,1.4260421179881362,6,2,628.033507377387,0.0,0.9921335533756379,0.007706662972459049,0.00015978365190304423,True
0.7012153038259564,1.426095515234509,6,0,-251558.31823867353,0.0,0.9940948841307464,0.0059051132160386445,2.6532150543284307e-09,False
0.7012153038259564,1.426095515234509,6,1,-756.9261392690147,0.0,0.9983882385250352,0.0016057815390032244,5.97993596155231e-06,False
0.7012153038259564,1.426095515234509,6,2,545.0051907429405,0.0,0.9889953494464302,0.010836865126129858,0.0001677854274398921,True
0.7011890472618154,1.4261489164798835,6,0,-209172.3993837051,0.0,0.9940790928555914,0.005920903323527704,3.820880900189573e-09,False
0.7011890472618154,1.4261489164798835,6,1,-655.0395779452731,0.0,0.9979215591822016,0.002075462355208155,2.978462590272218e-06,False
0.7011890472618154,1.4261489164798835,6,2,647.5548549258896,0.0,0.9926574294676891,0.007216477473925771,0.00012609305838516473,True
0.7011627906976744,1.4262023217247095,6,0,-176443.96191365228,0.0,0.9940724349074695,0.00592756029231055,4.800219851313372e-09,False
0.7011627906976744,1.4262023217247095,6,1,-446.87424011203984,0.0,0.9965668089407336,0.003431736328539154,1.4547307272691096e-06,False
0.7011627906976744,1.4262023217247095,6,2,683.5088621896998,0.0,0.994477744104845,0.005409814270270926,0.00011244162488414094,True
0.7011365341335334,1.4262557309694366,6,0,-150991.58794191875,0.0,0.9940681480665656,0.005931846118733138,5.814701263674891e-09,False
0.7011365341335334,1.4262557309694366,6,1,-256.78366492017375,0.0,0.9914325909019949,0.00856701581538514,3.932826199902049e-07,False
0.7011365341335334,1.4262557309694366,6,2,870.7058874473058,0.0,0.9972556191999105,0.002656651420610556,8.772937947903454e-05,True
0.7011102775693923,1.4263091442145135,6,0,-130923.36027132925,0.0,0.994065470005396,0.00593452310071767,6.89388645026016e-09,False
0.7011102775693923,1.4263091442145135,6,1,-113.81774737031864,0.0,0.983609143581519,0.01638509599383369,5.760424647196135e-06,False
0.7011102775693923,1.4263091442145135,6,2,966.5673386930558,0.0,0.9983404800460628,0.0015799735099811577,7.954644395595307e-05,True
0.7010840210052512,1.42636256146039,6,0,-114865.8656196528,0.0,0.9940696281420858,0.005930364182269211,7.675645040156156e-09,False
0.7010840210052512,1.42636256146039,6,1,0.3696692227014469,0.0,0.9514445872924635,0.04850133327183317,5.407943570334599e-05,True
0.7010840210052512,1.42636256146039,6,2,1238.0565155932702,0.0,0.999422083771659,0.00050655618222852,7.136004611262569e-05,True
0.7010577644411102,1.4264159827075154,6,0,-102020.21058010503,0.0,0.9940673804972942,0.005932610520041926,8.98266396132836e-09,False
0.7010577644411102,1.4264159827075154,6,1,56.29999781987369,0.0,0.9172309114252986,0.08264797472801973,0.00012111384668180574,True
0.7010577644411102,1.4264159827075154,6,2,1391.1442813407355,0.0,0.99968532168669,0.0002453935357114087,6.928477759859695e-05,True
0.7010315078769692,1.4264694079563391,6,0,-91668.20828288351,0.0,0.9940417030429891,0.005958284709795618,1.224721523666995e-08,False
0.7010315078769692,1.4264694079563391,6,1,12.055752225548414,0.0,0.9506635318629407,0.04927523742890569,6.123070815359671e-05,True
0.7010315078769692,1.4264694079563391,6,2,1277.2977669206095,0.0,0.9994046617534015,0.000530020758819667,6.531748777878749e-05,True
0.7010052513128282,1.426522837207311,6,0,-83114.70595680924,0.0,0.9940095039345165,0.005990479433484443,1.6631999028268232e-08,False
0.7010052513128282,1.426522837207311,6,1,-57.30636703807378,0.0,0.9730147561242151,0.02695919442778817,2.6049447996758587e-05,False
0.7010052513128282,1.426522837207311,6,2,1244.4199187373572,0.0,0.9989697519162373,0.0009679656433063038,6.22824404565236e-05,True
0.7009789947486872,1.4265762704608815,6,0,-75936.18289243712,0.0,0.9939815451689252,0.00601843351096917,2.1320105523970848e-08,False
0.7009789947486872,1.4265762704608815,6,1,-71.54550931572425,0.0,0.9829107785032797,0.017077364678281456,1.185681843886987e-05,False
0.7009789947486872,1.4265762704608815,6,2,1082.023965688502,0.0,0.9985370720933489,0.0014007079801233106,6.221992652782822e-05,True
0.7009527381845461,1.4266297077174996,6,0,-69885.4615060886,0.0,0.9939508908806987,0.006049082301550264,2.681775111105731e-08,False
0.7009527381845461,1.4266297077174996,6,1,-145.6700653813906,0.0,0.9850073576468057,0.01498078720926953,1.1855143924785895e-05,False
0.7009527381845461,1.4266297077174996,6,2,1232.4945962006468,0.0,0.9984829046459801,0.0014597541674816795,5.734118653815315e-05,True
0.700926481620405,1.4266831489776153,6,0,-64778.379806470475,0.0,0.9939127092200285,0.0060872566375121725,3.4142459301531844e-08,False
0.700926481620405,1.4266831489776153,6,1,-166.12648286507698,0.0,0.9928502780221804,0.0071476290857381405,2.092892081442674e-06,False
0.700926481620405,1.4266831489776153,6,2,962.0076835995934,0.0,0.9975971316889708,0.002341644130745705,6.122418028354324e-05,True
0.700900225056264,1.4267365942416783,6,0,-60334.72025124904,0.0,0.9938826286493124,0.006117330450378677,4.090030900858961e-08,False
0.700900225056264,1.4267365942416783,6,1,-220.2254480726,0.0,0.9921336196016767,0.007862189877683702,4.190520639500618e-06,False
0.700900225056264,1.4267365942416783,6,2,1131.2513001656298,0.0,0.9978767977207456,0.0020679943921355893,5.520788711885756e-05,True
0.700873968492123,1.426790043510139,6,0,-56351.720625717164,0.0,0.9938740014922727,0.00612595329438435,4.5213342996814226e-08,False
0.700873968492123,1.426790043510139,6,1,-163.61795981290325,0.0,0.9919221756329388,0.008074265502011171,3.558865049936454e-06,False
0.700873968492123,1.426790043510139,6,2,1035.4241248170101,0.0,0.9978235508997709,0.0021183255860038404,5.812351422521597e-05,True
0.700847711927982,1.4268434967834474,6,0,-52891.93512342443,0.0,0.9938670876653659,0.0061328630789677365,4.925566639308048e-08,False
0.700847711927982,1.4268434967834474,6,1,-148.15486818725753,0.0,0.9883375002686795,0.011654112602124771,8.387129195751812e-06,False
0.700847711927982,1.4268434967834474,6,2,1171.3842848988652,0.0,0.9982618259444354,0.0016824110972835343,5.576295828120417e-05,True
0.700821455363841,1.4268969540620533,6,0,-49939.540277956556,0.0,0.9938453723160813,0.006154571548027303,5.613589140445012e-08,False
0.700821455363841,1.4268969540620533,6,1,-142.47480402785936,0.0,0.9897359257912357,0.010257741986316841,6.332222447486763e-06,False
0.700821455363841,1.4268969540620533,6,2,1098.9602889298646,0.0,0.9981163630646597,0.0018268756538513168,5.676128148909432e-05,True
0.7007951987996999,1.4269504153464077,6,0,-47296.79737714749,0.0,0.9938275043893134,0.006172432999961221,6.261072540030441e-08,False
0.7007951987996999,1.4269504153464077,6,1,-148.33604115134239,0.0,0.9890088310860123,0.010983519704686747,7.649209300988314e-06,False
0.7007951987996999,1.4269504153464077,6,2,1151.459676528461,0.0,0.9982114901655418,0.0017325931992454612,5.5916635212815966e-05,True
0.7007689422355589,1.4270038806369598,6,0,-44952.452038583295,0.0,0.9938060870049318,0.00619384276409226,7.023097588672894e-08,False
0.7007689422355589,1.4270038806369598,6,1,-147.27693416174358,0.0,0.9899648004419901,0.01002892396950916,6.275588500746378e-06,False
0.7007689422355589,1.4270038806369598,6,2,1118.1049970426761,0.0,0.9981113270874574,0.0018319667250934785,5.670618744922029e-05,True
0.7007426856714178,1.4270573499341606,6,0,-42809.66970359353,0.0,0.9937926431867751,0.00620728015936448,7.665386042261386e-08,False
0.7007426856714178,1.4270573499341606,6,1,-142.37537498884384,0.0,0.9887559624554174,0.011236042066869114,7.995477713498176e-06,False
0.7007426856714178,1.4270573499341606,6,2,1138.328109822376,0.0,0.9982408265536528,0.0017028875265746454,5.628591977256525e-05,True
0.7007164291072768,1.4271108232384602,6,0,-40777.068649944995,0.0,0.9938020124016443,0.006197908901282293,7.869707349564516e-08,False
0.7007164291072768,1.4271108232384602,6,1,-92.13433513987633,0.0,0.9838483617451501,0.016137440503453098,1.419775139678584e-05,False
0.7007164291072768,1.4271108232384602,6,2,1202.5696364829143,0.0,0.9985730001436834,0.0013696793103521098,5.7320545964377555e-05,True
0.7006901725431358,1.4271643005503094,6,0,-39045.156109328265,0.0,0.9937858958053939,0.006214018116995931,8.607761006384879e-08,False
0.7006901725431358,1.4271643005503094,6,1,-93.9366696012839,0.0,0.9833841875858345,0.016600734711820046,1.5077702345560433e-05,False
0.7006901725431358,1.4271643005503094,6,2,1212.0119494813937,0.0,0.9986063521331326,0.0013363555963069827,5.729227056042515e-05,True
0.7006639159789947,1.4272177818701586,6,0,-37599.06336160176,0.0,0.9937320163807776,0.006267881293589843,1.0232563260914054e-07,False
0.7006639159789947,1.4272177818701586,6,1,-148.09713176768454,0.0,0.9898489528845762,0.010144491862985747,6.555252438133654e-06,False
0.7006639159789947,1.4272177818701586,6,2,1113.2058643941616,0.0,0.998145503809076,0.0017971300947925647,5.736609613150779e-05,True
0.7006376594148537,1.4272712671984582,6,0,-36254.13914185558,0.0,0.9936764766678106,0.00632340315284273,1.2017934664627263e-07,False
0.7006376594148537,1.4272712671984582,6,1,-207.15513245962575,0.0,0.9933361776493498,0.006660778705378007,3.043645272217363e-06,False
0.7006376594148537,1.4272712671984582,6,2,1077.6679822337899,0.0,0.9977305192569755,0.002212274973047256,5.720576997721982e-05,True
0.7006114028507127,1.427324756535659,6,0,-34985.39902323471,0.0,0.9936249823132777,0.006374879056364743,1.3863035773744445e-07,False
0.7006114028507127,1.427324756535659,6,1,-251.98401236916968,0.0,0.9952997759058074,0.004698799375738362,1.4247184541386753e-06,False
0.7006114028507127,1.427324756535659,6,2,1010.0918963719853,0.0,0.9973611973814138,0.0025813511389203977,5.7451479665783814e-05,True
0.7005851462865716,1.4273782498822118,6,0,-33856.09288966515,0.0,0.9935588783636637,0.006440959373229592,1.622631065325412e-07,False
0.7005851462865716,1.4273782498822118,6,1,-313.9974063625561,0.0,0.9970758121870186,0.0029238028148303127,3.849981511042318e-07,False
0.7005851462865716,1.4273782498822118,6,2,974.5662811665413,0.0,0.9968545944050334,0.003087509103789173,5.78964911774004e-05,True
0.7005588897224306,1.4274317472385674,6,0,-32834.679329168146,0.0,0.9934814094744819,0.00651839925665989,1.912688581457052e-07,False
0.7005588897224306,1.4274317472385674,6,1,-385.6900065348648,0.0,0.9981611499358801,0.0018387623865115169,8.76776084232762e-08,False
0.7005588897224306,1.4274317472385674,6,2,935.5199854047634,0.0,0.9964468247606281,0.0034964537579859826,5.6721481385877335e-05,True
0.7005326331582895,1.4274852486051768,6,0,-31617.289979485602,0.0,0.9934688835027806,0.006530914608804788,2.0188841458661987e-07,False
0.7005326331582895,1.4274852486051768,6,1,-366.2331798422973,0.0,0.9981408809881731,0.0018590817837431575,3.7228083750667654e-08,False
0.7005326331582895,1.4274852486051768,6,2,905.6545167915663,0.0,0.9963570115039164,0.003583897472389416,5.909102369419584e-05,True
0.7005063765941485,1.4275387539824904,6,0,-30246.013402044806,0.0,0.9935282326950489,0.006471578001903775,1.8930304744986573e-07,False
0.7005063765941485,1.4275387539824904,6,1,-268.9023750829645,0.0,0.9955554376014841,0.004443211569764458,1.3508287514820997e-06,False
0.7005063765941485,1.4275387539824904,6,2,1031.7042440528076,0.0,0.997342732785877,0.002599272550807118,5.799466331583853e-05,True
0.7004801200300075,1.42759226337096,6,0,-29023.03865678656,0.0,0.9935853231193952,0.006414498396591636,1.7848401325092694e-07,False
0.7004801200300075,1.42759226337096,6,1,-168.92168152521432,0.0,0.9914945630704972,0.00850080159141,4.635338092907822e-06,False
0.7004801200300075,1.42759226337096,6,2,1077.6227421834467,0.0,0.9979901049298545,0.0019501959088094,5.9699161336044255e-05,True
0.7004538634658665,1.4276457767710358,6,0,-27919.03229717678,0.0,0.993645302828755,0.006354530615972383,1.6655527268459858e-07,False
0.7004538634658665,1.4276457767710358,6,1,-84.174100721589,0.0,0.9819935137039401,0.017989605883399474,1.6880412660445312e-05,False
0.7004538634658665,1.4276457767710358,6,2,1212.219199461832,0.0,0.9987133152117026,0.0012262215997698583,6.0463188527501506e-05,True
0.7004276069017255,1.4276992941831697,6,0,-26882.990280368966,0.0,0.9937251276283121,0.006274722790591084,1.495810968065715e-07,False
0.7004276069017255,1.4276992941831697,6,1,9.84238544032063,0.0,0.952245474770034,0.04768530534811114,6.921988185489805e-05,True
0.7004276069017255,1.4276992941831697,6,2,1382.3443920680468,0.0,0.9994095740425644,0.000527676727580075,6.274922985564352e-05,True
0.7004013503375843,1.4277528156078123,6,0,-26057.73321765233,0.0,0.9937536595381757,0.006246193520888647,1.4694093566105031e-07,False
0.7004013503375843,1.4277528156078123,6,1,41.62779142047833,0.0,0.9264177230255776,0.07346070174808646,0.00012157522633603077,True
0.7004013503375843,1.4277528156078123,6,2,1519.0477940601168,0.0,0.9996259885610894,0.0003090460226003458,6.496541631022583e-05,True
0.7003750937734433,1.4278063410454156,6,0,-25488.021423217277,0.0,0.9936837328317973,0.006316093507153911,1.736610487046649e-07,False
0.7003750937734433,1.4278063410454156,6,1,2.772393623416245,0.0,0.9587400899525905,0.04120324931615596,5.6660731253488815e-05,True
0.7003750937734433,1.4278063410454156,6,2,1328.783547603241,0.0,0.9993293187423268,0.0006077678056612952,6.291345201192691e-05,True
0.7003488372093023,1.4278598704964305,6,0,-24947.44971222768,0.0,0.9936103014624104,0.006389496153396497,2.0238419321606768e-07,False
0.7003488372093023,1.4278598704964305,6,1,-59.062856694675745,0.0,0.9760287785429467,0.023944867311204522,2.6354145848798813e-05,False
0.7003488372093023,1.4278598704964305,6,2,1292.5522559909462,0.0,0.9989670344106732,0.0009709944433717833,6.197114595502193e-05,True
0.7003225806451613,1.4279134039613082,6,0,-24381.90295276368,0.0,0.9935557838256007,0.006443988068928508,2.2810547075479784e-07,False
0.7003225806451613,1.4279134039613082,6,1,-82.81002984278302,0.0,0.9831853281319862,0.016799821348987817,1.4850519025889789e-05,False
0.7003225806451613,1.4279134039613082,6,2,1174.2326250012982,0.0,0.998665815024846,0.0012719945058100339,6.219046934400512e-05,True
0.7002963240810203,1.4279669414405003,6,0,-23858.155015576547,0.0,0.9934934459525769,0.006506297141712893,2.56905710235707e-07,False
0.7002963240810203,1.4279669414405003,6,1,-133.4482891666622,0.0,0.9876111506530977,0.012379442696931819,9.406649970484013e-06,False
0.7002963240810203,1.4279669414405003,6,2,1166.2380826692633,0.0,0.9984066745705694,0.0015319437248580115,6.138170457269806e-05,True
0.7002700675168791,1.428020482934459,6,0,-23391.74762704961,0.0,0.9934146658356735,0.006585039300564301,2.9486376214957985e-07,False
0.7002700675168791,1.428020482934459,6,1,-179.2647889874472,0.0,0.9923818897166957,0.007614471551519743,3.6387317845609235e-06,False
0.7002700675168791,1.428020482934459,6,2,1060.6113884815668,0.0,0.9978966975654578,0.002040994606959498,6.230782758262153e-05,True
0.7002438109527381,1.428074028443635,6,0,-22856.61069830524,0.0,0.9933709836067759,0.006628696145239358,3.202479848314855e-07,False
0.7002438109527381,1.428074028443635,6,1,-205.34053358474088,0.0,0.9931624793784599,0.006834360549767773,3.1600717722851436e-06,False
0.7002438109527381,1.428074028443635,6,2,1058.4962691058772,0.0,0.9978116006231851,0.002126782155611541,6.161722120341857e-05,True
0.7002175543885971,1.4281275779684806,6,0,-22204.483347188936,0.0,0.9933917547639779,0.006607924583552009,3.206524701481323e-07,False
0.7002175543885971,1.4281275779684806,6,1,-164.7936685897655,0.0,0.9913980551494346,0.008597333526009528,4.61132455590788e-06,False
0.7002175543885971,1.4281275779684806,6,2,1081.7534977614241,0.0,0.9980338119561082,0.0019032169897683139,6.297105412344773e-05,True
0.7079894973743436,1.412450331125828,12,0,-3570.844374884729,0.0,0.9683764305167643,0.03159434022329856,2.9229259937155358e-05,False
0.7079894973743436,1.412450331125828,12,1,158.12384377222858,0.0,0.9704447272136382,0.029448104510738333,0.0001071682756236232,True
0.7079894973743436,1.412450331125828,12,2,272345.94869896054,0.0,0.9928765062488739,0.007123403430334663,9.032079134950514e-08,True
0.7079632408102026,1.4125027153324892,12,0,-3744.3851071299687,0.0,0.9719790480981317,0.027996860951339065,2.4090950529132107e-05,False
0.7079632408102026,1.4125027153324892,12,1,166.37775999327792,0.0,0.9709221246845234,0.028974474339833568,0.00010340097564297717,True
0.7079632408102026,1.4125027153324892,12,2,66810.4043088814,0.0,0.9931995510941384,0.006800404615967263,4.428989437406733e-08,True
0.7079369842460614,1.41255510342489,12,0,-3875.9720112809164,0.0,0.9751134089303322,0.024866955338250084,1.963573141768067e-05,False
0.7079369842460614,1.41255510342489,12,1,170.57779491039267,0.0,0.9720920772296746,0.027809002981692903,9.891978863249792e-05,True
0.7079369842460614,1.41255510342489,12,2,34647.8912659357,0.0,0.9935408875912939,0.006459100660719922,1.1747986120474306e-08,True
0.7079107276819204,1.4126074954034622,12,0,-4093.934829420392,0.0,0.9776846188869192,0.022299276455410164,1.61046576707565e-05,False
0.7079107276819204,1.4126074954034622,12,1,172.11509915905953,0.0,0.973781988144725,0.026124602196104865,9.340965917008062e-05,True
0.7079107276819204,1.4126074954034622,12,2,21996.693829986463,0.0,0.9938988753430885,0.006101124612532439,4.437902479743478e-11,True
0.7078844711177794,1.4126598912686386,12,0,-3787.526094957106,0.0,0.9792604572964849,0.020724576634752648,1.4966068762418913e-05,False
0.7078844711177794,1.4126598912686386,12,1,185.73741862362786,0.0,0.9715956030545276,0.028317330775195222,8.706617027702395e-05,True
0.7078844711177794,1.4126598912686386,12,2,15007.245202779797,0.0,0.9942114799152024,0.005788505918381523,1.4166416130156594e-08,True
0.7078582145536384,1.4127122910208516,12,0,-3500.1156257873713,0.0,0.9812459548153997,0.018740966196487182,1.3078988113025563e-05,False
0.7078582145536384,1.4127122910208516,12,1,204.59837320326,0.0,0.9691011013017443,0.030818607085940673,8.029161231504308e-05,True
0.7078582145536384,1.4127122910208516,12,2,10440.967531350338,0.0,0.994545696814247,0.00545423930672981,6.387902328239457e-08,True
0.7078319579894974,1.4127646946605337,12,0,-4216.5308936116235,0.0,0.9835587446510052,0.01643188412968266,9.371219312147663e-06,False
0.7078319579894974,1.4127646946605337,12,1,195.82407936093026,0.0,0.9741529349469004,0.02577209361014085,7.497144295874836e-05,True
0.7078319579894974,1.4127646946605337,12,2,7627.422548778769,0.0,0.9950360519707357,0.00496374743749454,2.005917697072959e-07,True
0.7078057014253563,1.412817102188118,12,0,-5285.011826742551,0.0,0.985145103757589,0.014848024774067221,6.871468343803736e-06,False
0.7078057014253563,1.412817102188118,12,1,184.57297130664568,0.0,0.9816005570605203,0.018333846915752922,6.559602372687587e-05,True
0.7078057014253563,1.412817102188118,12,2,5835.5127162347235,0.0,0.9955602860412632,0.00443926279659004,4.511621467374236e-07,True
0.7077794448612152,1.4128695136040363,12,0,-6214.9789291049365,0.0,0.9861710315948858,0.013823441084876516,5.527320237671906e-06,False
0.7077794448612152,1.4128695136040363,12,1,174.26135765867113,0.0,0.9864294531806759,0.013515007506053792,5.553931327030738e-05,True
0.7077794448612152,1.4128695136040363,12,2,4557.56013241603,0.0,0.9960211940865851,0.003978001197972132,8.04715442855101e-07,True
0.7077531882970742,1.412921928908722,12,0,-7063.043943161923,0.0,0.9868560200275387,0.013139237827950305,4.742144511029779e-06,False
0.7077531882970742,1.412921928908722,12,1,163.83662246453062,0.0,0.9898109232763356,0.010143054545265399,4.6022178399006004e-05,True
0.7077531882970742,1.412921928908722,12,2,3606.816850349655,0.0,0.9964075341278658,0.0035912145147356375,1.2513573986032251e-06,True
0.7077269317329332,1.4129743481026076,12,0,-8044.362218189053,0.0,0.9872306661225128,0.012765076270394103,4.25760709302595e-06,False
0.7077269317329332,1.4129743481026076,12,1,150.95644483233636,0.0,0.9935465777216016,0.006418716162012975,3.470611638550999e-05,True
0.7077269317329332,1.4129743481026076,12,2,2978.9360469527614,0.0,0.9966970927079006,0.0033011222088134094,1.7850832860562421e-06,True
0.7077006751687922,1.4130267711861262,12,0,-8940.007105847753,0.0,0.9874940834188866,0.012501937786728914,3.978794384536687e-06,False
0.7077006751687922,1.4130267711861262,12,1,130.20992306649356,0.0,0.9955850371692384,0.0043883631453393085,2.659968542230774e-05,True
0.7077006751687922,1.4130267711861262,12,2,2423.5169216348945,0.0,0.9969104125601932,0.003087199199857929,2.3882399488637067e-06,True
0.7076744186046511,1.413079198159711,12,0,-8731.075946629904,0.0,0.9882434118785496,0.011753143145035047,3.4449764153695212e-06,False
0.7076744186046511,1.413079198159711,12,1,127.72565510776329,0.0,0.9971100314813836,0.0028736783918476955,1.6290126768696057e-05,True
0.7076744186046511,1.413079198159711,12,2,1680.2260642649453,0.0,0.9971094248042157,0.002886921393288613,3.65380249571638e-06,True
0.7076481620405101,1.4131316290237943,12,0,-7985.494320452519,0.0,0.9894104821017093,0.010586829444488176,2.688453802514506e-06,False
0.7076481620405101,1.4131316290237943,12,1,131.34286053988322,0.0,0.9980444631578479,0.0019486102450811827,6.926597070933854e-06,True
0.7076481620405101,1.4131316290237943,12,2,976.7230999171721,0.0,0.9972330563287457,0.002760301993521491,6.641677732835246e-06,True
0.707621905476369,1.4131840637788098,12,0,-7627.399284411516,0.0,0.9905400136491191,0.009458028202822554,1.958148058359897e-06,False
0.707621905476369,1.4131840637788098,12,1,138.71407732089762,0.0,0.9991478031383734,0.000851671142822299,5.257188043908226e-07,True
0.707621905476369,1.4131840637788098,12,2,512.9001214985088,0.0,0.9965383795502368,0.003446270332229419,1.535011753376653e-05,True
0.707595648912228,1.4132365024251905,12,0,-7461.60986294243,0.0,0.9915836052579526,0.008415067565056793,1.3271769905317842e-06,False
0.707595648912228,1.4132365024251905,12,1,144.02291608482713,0.0,0.9999706365816634,2.5101032466874613e-05,4.262385869761263e-06,True
0.707595648912228,1.4132365024251905,12,2,298.79058072512163,0.0,0.9724733988414095,0.027407255586652562,0.00011934557193793225,True
0.707569392348087,1.413288944963369,12,0,-7391.71111958371,0.0,0.9925830360173081,0.007416170399190082,7.935835018327254e-07,False
0.707569392348087,1.413288944963369,12,1,149.83064908578402,0.0,0.9985006505963145,0.0014532424188360186,4.6106984849384325e-05,True
0.707569392348087,1.413288944963369,12,2,370.77239641142745,0.0,0.9889913175262913,0.011008320336430467,3.621372781272561e-07,True
0.7075431357839459,1.4133413913937796,12,0,-7763.147897268211,0.0,0.9930286873977654,0.006970738070292006,5.745319425799642e-07,False
0.7075431357839459,1.4133413913937796,12,1,130.24648947954512,0.0,0.9972850341226774,0.002621478717639248,9.34871596832253e-05,True
0.7075431357839459,1.4133413913937796,12,2,486.270447799845,0.0,0.9884003610166345,0.011598581041936224,1.057941429247387e-06,True
0.7075168792198049,1.4133938417168548,12,0,-8430.04357852581,0.0,0.9928371815686154,0.007162162085071715,6.563463128216631e-07,False
0.7075168792198049,1.4133938417168548,12,1,-14.773442515180154,0.0,0.9998631075329067,9.04469330448279e-05,4.644553404839106e-05,False
0.7075168792198049,1.4133938417168548,12,2,357.5561117656905,0.0,0.9720244821078542,0.027962880327923538,1.2637564222124952e-05,True
0.7074906226556639,1.4134462959330285,12,0,-9075.139852983992,0.0,0.9926534501762083,0.007345814788287717,7.350355040029421e-07,False
0.7074906226556639,1.4134462959330285,12,1,-181.77132449207022,0.0,0.9999156625396105,5.6300543395113404e-05,2.8036916994354087e-05,False
0.7074906226556639,1.4134462959330285,12,2,307.4789934777668,0.0,0.9119157675619199,0.08791865860485303,0.00016557383322704126,True
0.7074643660915229,1.4134987540427335,12,0,-9616.696595913734,0.0,0.992608185489249,0.007391057768347854,7.567424032180549e-07,False
0.7074643660915229,1.4134987540427335,12,1,-358.25567731719434,0.0,0.9998448624728039,0.00012984315812754693,2.5294369068478444e-05,False
0.7074643660915229,1.4134987540427335,12,2,299.1560872336471,0.0,0.8758096357388442,0.12388821406479697,0.00030215019635878475,True
0.7074381095273818,1.4135512160464043,12,0,-10141.347849422278,0.0,0.9925450596815112,0.007454154261602827,7.860568860251053e-07,False
0.7074381095273818,1.4135512160464043,12,1,-509.30930797021216,0.0,0.9997673898687195,0.00021022314329383515,2.2386987986575776e-05,False
0.7074381095273818,1.4135512160464043,12,2,290.61842518121193,0.0,0.8067207367484653,0.19268040860414834,0.0005988546473864504,True
0.7074118529632408,1.413603681944474,12,0,-10692.551501786118,0.0,0.992431215744117,0.007567940627300215,8.436285827986263e-07,False
0.7074118529632408,1.413603681944474,12,1,-720.4215198402836,0.0,0.999767327725829,0.00021288448215439854,1.9787792016663146e-05,False
0.7074118529632408,1.413603681944474,12,2,290.76060076803134,0.0,0.7386794059094742,0.26036794941091174,0.0009526446796139966,True
0.7073855963990997,1.413656151737376,12,0,-11135.167445698848,0.0,0.9924032263714596,0.007595911594622827,8.620339175765541e-07,False
0.7073855963990997,1.413656151737376,12,1,-872.3715662760035,0.0,0.9997422186641767,0.00023852489493953786,1.925644088375217e-05,False
0.7073855963990997,1.413656151737376,12,2,286.52011679383685,0.0,0.7180063396872363,0.2808836466392319,0.0011100136735318815,True
0.7073593398349587,1.4137086254255444,12,0,-11363.47288489335,0.0,0.9926741976321579,0.007325070550622127,7.318172199841147e-07,False
0.7073593398349587,1.4137086254255444,12,1,-842.3959596516478,0.0,0.9994956378676189,0.00047969205745409686,2.467007492696254e-05,False
0.7073593398349587,1.4137086254255444,12,2,294.4346887382858,0.0,0.8149707112583581,0.18435646319134463,0.0006728255502971875,True
0.7073330832708177,1.4137611030094128,12,0,-11609.432489862564,0.0,0.9929513522739376,0.007048042535722889,6.051903395846162e-07,False
0.7073330832708177,1.4137611030094128,12,1,-763.303076548119,0.0,0.9991179691242076,0.0008493287592227899,3.270211656961744e-05,False
0.7073330832708177,1.4137611030094128,12,2,303.0124221315005,0.0,0.8730224721763629,0.12657294322694534,0.0004045845966917532,True
0.7073068267066767,1.413813584489415,12,0,-11966.650464921308,0.0,0.9930370046297353,0.0069624243279324365,5.710423320875645e-07,False
0.7073068267066767,1.413813584489415,12,1,-829.9120670434332,0.0,0.99894177712766,0.0010224890702401177,3.5733802099839664e-05,False
0.7073068267066767,1.413813584489415,12,2,305.51481543677863,0.0,0.8861981629841263,0.11344648901938807,0.0003553479964856278,True
0.7072805701425356,1.413866069865985,12,0,-12306.030203222877,0.0,0.9931388069276106,0.006860664474770362,5.285976190065768e-07,False
0.7072805701425356,1.413866069865985,12,1,-837.4372082991011,0.0,0.9986472524131577,0.001313801278286073,3.894630855635451e-05,False
0.7072805701425356,1.413866069865985,12,2,308.8390009807484,0.0,0.8898228754735953,0.1098294447178644,0.00034767980854044135,True
0.7072543135783946,1.4139185591395569,12,0,-12650.066597583611,0.0,0.993223688775172,0.006775815734432895,4.954903951991007e-07,False
0.7072543135783946,1.4139185591395569,12,1,-880.6419602556016,0.0,0.9984041048018945,0.001553539303311628,4.235589479398926e-05,False
0.7072543135783946,1.4139185591395569,12,2,315.37366395497395,0.0,0.8974925688599484,0.10218916208392936,0.00031826905612221276,True
0.7072280570142535,1.4139710523105646,12,0,-12969.04000277615,0.0,0.9932982916425951,0.006701240077521608,4.6827988339708826e-07,False
0.7072280570142535,1.4139710523105646,12,1,-908.1727581334846,0.0,0.9981514441606862,0.0018033101163808525,4.524572293299067e-05,False
0.7072280570142535,1.4139710523105646,12,2,315.64021741217124,0.0,0.9007325960929896,0.09895949207757515,0.0003079118294353005,True
0.7072018004501125,1.4140235493794422,12,0,-13234.205192780744,0.0,0.9935145738064101,0.006485042442883879,3.8375070613455415e-07,False
0.7072018004501125,1.4140235493794422,12,1,-767.0796876222912,0.0,0.9974960686210804,0.002443919559581891,6.001181933764718e-05,False
0.7072018004501125,1.4140235493794422,12,2,333.6414502709275,0.0,0.9206456967546182,0.07915741271267414,0.00019689053270775635,True
0.7071755438859715,1.4140760503466236,12,0,-13557.431529353798,0.0,0.9936665983760969,0.006333073535098976,3.2808880415963323e-07,False
0.7071755438859715,1.4140760503466236,12,1,-657.8816046086989,0.0,0.9969124213963966,0.0030130850222505404,7.449358135295093e-05,False
0.7071755438859715,1.4140760503466236,12,2,350.73945848407874,0.0,0.9301430823096706,0.06971322189269087,0.00014369579763849106,True
0.7071492873218305,1.4141285552125435,12,0,-13945.776071146527,0.0,0.9936012103969504,0.006398434141445813,3.554616037284692e-07,False
0.7071492873218305,1.4141285552125435,12,1,-864.1970609677236,0.0,0.9970193729852209,0.0029167096831623066,6.391733161680013e-05,False
0.7071492873218305,1.4141285552125435,12,2,337.2379485521426,0.0,0.9211294961805806,0.07866597803358223,0.000204525785837174,True
0.7071230307576895,1.4141810639776362,12,0,-14383.042411796238,0.0,0.9934986261882237,0.006500978104092631,3.957076836597801e-07,False
0.7071230307576895,1.4141810639776362,12,1,-1074.7961195350363,0.0,0.9972114007443952,0.002736460229175289,5.213902642961137e-05,False
0.7071230307576895,1.4141810639776362,12,2,327.00575903280304,0.0,0.9027911886533035,0.09687649919202432,0.00033231215467202283,True
0.7070967741935483,1.414233576642336,12,0,-14789.249825866591,0.0,0.9934217002916357,0.006577870531815749,4.291765485650659e-07,False
0.7070967741935483,1.414233576642336,12,1,-1318.67721055839,0.0,0.9975242006558435,0.002428797686303283,4.7001657853190074e-05,False
0.7070967741935483,1.414233576642336,12,2,323.688215747272,0.0,0.8973196262751469,0.10229416130088616,0.00038621242396696536,True
0.7070705176294073,1.4142860932070769,12,0,-15183.735857878708,0.0,0.9933524361868943,0.006647105427499525,4.5838560622678557e-07,False
0.7070705176294073,1.4142860932070769,12,1,-1470.935275857615,0.0,0.9976647844324152,0.0022934749356694436,4.1740631915255816e-05,False
0.7070705176294073,1.4142860932070769,12,2,319.1217667481698,0.0,0.8792534422059809,0.1202211467421216,0.0005254110518975711,True
0.7070442610652663,1.4143386136722935,12,0,-15652.418846040287,0.0,0.9932101054660812,0.006789374017823117,5.205160956630163e-07,False
0.7070442610652663,1.4143386136722935,12,1,-1783.9990699018676,0.0,0.9981334534789648,0.0018305444478433225,3.6002073191900896e-05,False
0.7070442610652663,1.4143386136722935,12,2,320.6156347804767,0.0,0.866956622832908,0.13240510155747534,0.000638275609616733,True
0.7070180045011253,1.4143911380384209,12,0,-16061.330940268832,0.0,0.9931535009694381,0.006845953110618089,5.459199437560107e-07,False
0.7070180045011253,1.4143911380384209,12,1,-1951.316658371368,0.0,0.998280319966242,0.0016859146490078648,3.3765384750111056e-05,False
0.7070180045011253,1.4143911380384209,12,2,314.662572067688,0.0,0.8586769187814279,0.14060320195551454,0.0007198792630574658,True
0.7069917479369843,1.4144436663058932,12,0,-16283.860759587275,0.0,0.9933943173755793,0.006605241420775313,4.412036454467431e-07,False
0.7069917479369843,1.4144436663058932,12,1,-1737.8684370766389,0.0,0.9974932424086499,0.0024647012550736342,4.2056336276478314e-05,False
0.7069917479369843,1.4144436663058932,12,2,324.5076855241275,0.0,0.8809229701809158,0.11851417182045598,0.0005628579986282409,True
0.7069654913728431,1.4144961984751456,12,0,-16470.879062301374,0.0,0.9937192951434729,0.006280390233762874,3.1462276413047014e-07,False
0.7069654913728431,1.4144961984751456,12,1,-1321.4628153434837,0.0,0.9959802363034608,0.003958333168449201,6.14305280900043e-05,False
0.7069654913728431,1.4144961984751456,12,2,334.3879902933321,0.0,0.9092491400924753,0.09040981651882686,0.00034104338869786103,True
0.7069392348087021,1.4145487345466123,12,0,-16765.92691960418,0.0,0.9939634516419212,0.006036318472146875,2.2988593189576906e-07,False
0.7069392348087021,1.4145487345466123,12,1,-943.3870903973502,0.0,0.9944287339710941,0.005481329404047754,8.993662485813367e-05,False
0.7069392348087021,1.4145487345466123,12,2,358.83090872024553,0.0,0.9275619626754081,0.07224390800485944,0.00019412931973238835,True
0.7069129782445611,1.414601274520728,12,0,-17095.23096490271,0.0,0.9941888154450472,0.005811022848019088,1.617069336956799e-07,False
0.7069129782445611,1.414601274520728,12,1,-551.3249168805505,0.0,0.9933198950446716,0.006524188949518232,0.00015591600581016816,False
0.7069129782445611,1.414601274520728,12,2,414.1408005016085,0.0,0.9442212822303268,0.05571175688300129,6.696088667201976e-05,True
0.7068867216804201,1.4146538183979285,12,0,-17410.92082272816,0.0,0.9944047430813494,0.005595150323843421,1.0659480723118385e-07,False
0.7068867216804201,1.4146538183979285,12,1,-168.2725493478805,0.0,0.99540725855222,0.004168052652441089,0.0004246887953388769,False
0.7068867216804201,1.4146538183979285,12,2,574.9293404995221,0.0,0.9563405762144982,0.04365777112086184,1.6526646399340213e-06,True
0.7068604651162791,1.414706366178648,12,0,-17817.683310705706,0.0,0.9944588070650056,0.005541099136629151,9.379836522634502e-08,False
0.7068604651162791,1.414706366178648,12,1,-66.06567674203522,0.0,0.9968538129497381,0.0025306995642827225,0.0006154874859791689,False
0.7068604651162791,1.414706366178648,12,2,635.9974521603943,0.0,0.9582209188883896,0.04177895030901288,1.308025976026718e-07,True
0.706834208552138,1.4147589178633215,12,0,-18276.4722782367,0.0,0.9943518091819233,0.00564807278298896,1.1803508775995269e-07,False
0.706834208552138,1.4147589178633215,12,1,-399.3696218728317,0.0,0.9930429054847942,0.006700944843085391,0.00025614967212040415,False
0.706834208552138,1.4147589178633215,12,2,495.1719643635437,0.0,0.950810312552878,0.049167912248962234,2.177519815987511e-05,True
0.706807951987997,1.4148114734523842,12,0,-18696.43916339828,0.0,0.9942830109508285,0.005716854801492793,1.342476787524971e-07,False
0.706807951987997,1.4148114734523842,12,1,-497.857676687774,0.0,0.9921758403223992,0.007649315195959113,0.00017484448164161386,False
0.706807951987997,1.4148114734523842,12,2,428.8470154120354,0.0,0.9436653470153563,0.05626852354502465,6.612943961908337e-05,True
0.7067816954238559,1.4148640329462714,12,0,-19109.48987053767,0.0,0.9942396865197186,0.0057601683259551895,1.4515432631935476e-07,False
0.7067816954238559,1.4148640329462714,12,1,-754.4088663354258,0.0,0.992315648255935,0.0075366771422255,0.00014767460183948126,False
0.7067816954238559,1.4148640329462714,12,2,417.28572735925,0.0,0.9400348900244201,0.05986848971555841,9.662026002138614e-05,True
0.7067554388597149,1.414916596345418,12,0,-19574.517837871113,0.0,0.9941833917237175,0.0058164497955311804,1.5848075126856646e-07,False
0.7067554388597149,1.414916596345418,12,1,-876.8601399941696,0.0,0.9923747808120638,0.00750578938049352,0.00011942980744276721,False
0.7067554388597149,1.414916596345418,12,2,388.68509202574353,0.0,0.9325552338412343,0.0672845791282842,0.00016018703048147954,True
0.7067291822955739,1.4149691636502597,12,0,-20054.025207931332,0.0,0.9941110940816432,0.005888728632984132,1.7728537253324272e-07,False
0.7067291822955739,1.4149691636502597,12,1,-1175.041308419372,0.0,0.9930669643063877,0.006832508679353645,0.00010052701425854048,False
0.7067291822955739,1.4149691636502597,12,2,380.0404212502809,0.0,0.9274715684466985,0.072312929692439,0.00021550186086249175,True
0.7067029257314328,1.4150217348612315,12,0,-20490.265496859633,0.0,0.9940992856762494,0.005900535671814533,1.786519360976129e-07,False
0.7067029257314328,1.4150217348612315,12,1,-1220.7389386204916,0.0,0.9930707362756097,0.006833995388355296,9.526833603505082e-05,False
0.7067029257314328,1.4150217348612315,12,2,369.9083316389858,0.0,0.9238593570639736,0.07589015232095718,0.00025049061506912586,True
0.7066766691672918,1.4150743099787686,12,0,-20918.87222763944,0.0,0.9941799687171745,0.0058198777297867755,1.5355303865271076e-07,False
0.7066766691672918,1.4150743099787686,12,1,-1091.135024641319,0.0,0.9923256064477168,0.0075610297719136705,0.00011336378036953527,False
0.7066766691672918,1.4150743099787686,12,2,391.28311273974094,0.0,0.9306245419563707,0.06918677311987581,0.000188684923753513,True
0.7066504126031508,1.415126889003307,12,0,-21372.758456534422,0.0,0.9942356688106854,0.005764195011050467,1.361782640053507e-07,False
0.7066504126031508,1.415126889003307,12,1,-904.0964807908559,0.0,0.9915855394153791,0.008288122272614277,0.0001263383120065511,False
0.7066504126031508,1.415126889003307,12,2,392.59969599000425,0.0,0.9325211777785428,0.06731134489772961,0.00016747732372761014,True
0.7066241560390097,1.415179471935282,12,0,-21867.124946150016,0.0,0.9942355230347313,0.005764342949465688,1.3401580304012932e-07,False
0.7066241560390097,1.415179471935282,12,1,-1051.1816232722276,0.0,0.991767051257661,0.008104141073684592,0.00012880766865441503,False
0.7066241560390097,1.415179471935282,12,2,405.3013887913991,0.0,0.934648763051994,0.06519568032524325,0.0001555566227628236,True
0.7065978994748687,1.4152320587751288,12,0,-22360.731352898394,0.0,0.9942548602435651,0.005745013523267029,1.2623316783013812e-07,False
0.7065978994748687,1.4152320587751288,12,1,-880.164323229499,0.0,0.9911591509684725,0.008712421091191448,0.0001284279403360903,False
0.7065978994748687,1.4152320587751288,12,2,391.453574476947,0.0,0.9317353153245351,0.06808778622382979,0.00017689845163506435,True
0.7065716429107276,1.4152846495232838,12,0,-22860.61002576215,0.0,0.9942540127672669,0.0057458629615755015,1.242711575504973e-07,False
0.7065716429107276,1.4152846495232838,12,1,-1080.1023256866113,0.0,0.9914720994396585,0.008394742946238362,0.00013315761410310172,False
0.7065716429107276,1.4152846495232838,12,2,412.7894863795062,0.0,0.9350788169786282,0.06476687987859125,0.00015430314278062196,True
0.7065453863465866,1.415337244180182,12,0,-23386.84243329529,0.0,0.9942758976706695,0.005723986467223513,1.1586210700146426e-07,False
0.7065453863465866,1.415337244180182,12,1,-866.3416772273946,0.0,0.9908170421802242,0.009048269020593051,0.000134688799182789,False
0.7065453863465866,1.415337244180182,12,2,394.02235514917254,0.0,0.9327192319750581,0.06711047987015886,0.00017028815478298647,True
0.7065191297824456,1.41538984274626,12,0,-23919.652105046924,0.0,0.9943432861807244,0.005656616375083889,9.74441917718773e-08,False
0.7065191297824456,1.41538984274626,12,1,-814.1277052513209,0.0,0.99042574318474,0.009398479049270629,0.00017577776598942817,False
0.7065191297824456,1.41538984274626,12,2,443.3198276033734,0.0,0.9409639408590695,0.058940029772832546,9.60293680980037e-05,True
0.7064928732183046,1.4154424452219527,12,0,-24490.90747882025,0.0,0.9943603919310938,0.0056395172354749105,9.083343122250555e-08,False
0.7064928732183046,1.4154424452219527,12,1,-625.7176955204709,0.0,0.989986668753637,0.009829679496961893,0.00018365174940110837,False
0.7064928732183046,1.4154424452219527,12,2,432.03724598041964,0.0,0.9408691095401451,0.05903724162920509,9.364883064968824e-05,True
0.7064666166541635,1.4154950516076965,12,0,-25066.52077455391,0.0,0.9942932612471925,0.005706635231998552,1.0352080887133714e-07,False
0.7064666166541635,1.4154950516076965,12,1,-993.1390366470902,0.0,0.9907153748500804,0.009137598542125036,0.00014702660779448087,False
0.7064666166541635,1.4154950516076965,12,2,416.6838879714819,0.0,0.9363551772705108,0.06350087995403011,0.0001439427754591304,True
0.7064403600900224,1.4155476619039278,12,0,-25681.7315749991,0.0,0.9942297750865249,0.005770109573033769,1.1534044129167251e-07,False
0.7064403600900224,1.4155476619039278,12,1,-1149.9825279302904,0.0,0.9911927500760412,0.008688942141302794,0.00011830778265601203,False
0.7064403600900224,1.4155476619039278,12,2,392.07498274467224,0.0,0.9278460723326526,0.07192214736096464,0.0002317803063827315,True
0.7064141035258814,1.4156002761110815,12,0,-26362.11254249124,0.0,0.9941772527208788,0.005822622526195629,1.247529256120505e-07,False
0.7064141035258814,1.4156002761110815,12,1,-1419.8672344879915,0.0,0.9919982718582889,0.007895247084824114,0.00010648105688695776,False
0.7064141035258814,1.4156002761110815,12,2,383.9903380152724,0.0,0.9260007135511604,0.07373476484133644,0.0002645216075030851,True
0.7063878469617404,1.415652894229595,12,0,-27018.545221820506,0.0,0.9941171629074448,0.0058827007359056474,1.3635664962976283e-07,False
0.7063878469617404,1.415652894229595,12,1,-1615.3088861464878,0.0,0.9926524208194293,0.007255892184241172,9.168699632951362e-05,False
0.7063878469617404,1.415652894229595,12,2,375.9183225653562,0.0,0.9182072463895364,0.08143964043976656,0.00035311317069705535,True
0.7063615903975994,1.4157055162599037,12,0,-27717.0351597859,0.0,0.9940305498093279,0.005969294491607723,1.5569906435330034e-07,False
0.7063615903975994,1.4157055162599037,12,1,-1955.3899042988514,0.0,0.9937502696812365,0.006171870742420648,7.785957634282496e-05,False
0.7063615903975994,1.4157055162599037,12,2,365.5266140278917,0.0,0.9108725366495665,0.08868377550878236,0.0004436878416511211,True
0.7063353338334584,1.415758142202444,12,0,-28419.41503807308,0.0,0.9940222969401133,0.00597754957393231,1.5348595439758117e-07,False
0.7063353338334584,1.415758142202444,12,1,-2027.9395135224527,0.0,0.9938686331880179,0.006054104503942954,7.72623080391867e-05,False
0.7063353338334584,1.415758142202444,12,2,364.36911621169486,0.0,0.9114764502721473,0.08807812774102626,0.00044542198682634546,True
0.7063090772693172,1.4158107720576525,12,0,-29065.27710883332,0.0,0.9941290292465272,0.00587084959365268,1.2115981995980637e-07,False
0.7063090772693172,1.4158107720576525,12,1,-1602.6101907307159,0.0,0.9923417649213564,0.007563489847406333,9.474523123730607e-05,False
0.7063090772693172,1.4158107720576525,12,2,373.90875057820494,0.0,0.9189009402642931,0.08074122866362436,0.0003578310720825286,True
0.7062828207051762,1.4158634058259647,12,0,-29777.667222281412,0.0,0.9942387564780859,0.0057611518489590445,9.167295507796618e-08,False
0.7062828207051762,1.4158634058259647,12,1,-1166.4385856990243,0.0,0.990650663493228,0.00922018317026812,0.00012915333650406028,False
0.7062828207051762,1.4158634058259647,12,2,392.86084485549145,0.0,0.9311469923696487,0.06863645277291924,0.00021655485743204397,True
0.7062565641410352,1.415916043507818,12,0,-30532.956526285532,0.0,0.9943239099680237,0.005676019398975665,7.06330005633705e-08,False
0.7062565641410352,1.415916043507818,12,1,-763.3528774313356,0.0,0.9893621093066436,0.01045544598319909,0.00018244471015728994,False
0.7062565641410352,1.415916043507818,12,2,429.026567357655,0.0,0.9401783515633972,0.059708061330512076,0.00011358710609070069,True
0.7062303075768942,1.4159686851036484,12,0,-31319.95374411454,0.0,0.9944146378621898,0.005585310866136522,5.1271673705189825e-08,False
0.7062303075768942,1.4159686851036484,12,1,-324.8951047967285,0.0,0.9898984975786487,0.009745854019965522,0.0003556484013857386,False
0.7062303075768942,1.4159686851036484,12,2,521.4229007606658,0.0,0.9508686580722856,0.04911245692081232,1.8885006901963755e-05,True
0.7062040510127532,1.4160213306138925,12,0,-32190.290636096564,0.0,0.9944817212148627,0.005518240674382638,3.811075475531303e-08,False
0.7062040510127532,1.4160213306138925,12,1,-60.292980135725536,0.0,0.9946636399214343,0.004375806480601426,0.0009605535979643751,False
0.7062040510127532,1.4160213306138925,12,2,712.8121458435465,0.0,0.9565038251836189,0.04349488268367689,1.292132704254341e-06,True
0.7061777944486122,1.4160739800389872,12,0,-33110.09734809779,0.0,0.9944546270237878,0.005545333278768654,3.969744355356193e-08,False
0.7061777944486122,1.4160739800389872,12,1,-85.14723759925923,0.0,0.99365559485113,0.005570558614324705,0.000773846534545161,False
0.7061777944486122,1.4160739800389872,12,2,662.9210136675009,0.0,0.9562644869252832,0.043735434382960736,7.869175611333846e-08,True
0.706151537884471,1.4161266333793692,12,0,-34062.867120296076,0.0,0.9943784135282208,0.005621537386305551,4.9085473721517264e-08,False
0.706151537884471,1.4161266333793692,12,1,-385.4845157421541,0.0,0.9897389180204159,0.009928268427633953,0.0003328135519501888,False
0.706151537884471,1.4161266333793692,12,2,517.346924118537,0.0,0.9501976565264406,0.04977827920556776,2.4064267991621667e-05,True
0.70612528132033,1.4161792906354749,12,0,-35059.28595527911,0.0,0.9943316284473063,0.005668317536280157,5.401641360997511e-08,False
0.70612528132033,1.4161792906354749,12,1,-495.09729096585914,0.0,0.9891985738217575,0.010557290676754698,0.0002441355014878436,False
0.70612528132033,1.4161792906354749,12,2,463.5614595554076,0.0,0.9457706754206912,0.054169300835260135,6.002374404861933e-05,True
0.706099024756189,1.416231951807741,12,0,-36130.933044512996,0.0,0.9942902570033084,0.005709684838616465,5.815807508980164e-08,False
0.706099024756189,1.416231951807741,12,1,-726.4124233995873,0.0,0.9894339097824866,0.010364525575916949,0.00020156464159644432,False
0.706099024756189,1.416231951807741,12,2,441.46569853426047,0.0,0.9426071480429865,0.057298635178754706,9.421677825881572e-05,True
0.706072768192048,1.4162846168966048,12,0,-37239.26793034526,0.0,0.9942409211205742,0.005759015103662679,6.37757631953496e-08,False
0.706072768192048,1.4162846168966048,12,1,-868.6863563170873,0.0,0.989755432678861,0.010085289474614501,0.0001592778465244311,False
0.706072768192048,1.4162846168966048,12,2,409.05815482474674,0.0,0.9361132478507959,0.06372312874271588,0.00016362340648828235,True
0.706046511627907,1.4163372859025032,12,0,-38395.11594414753,0.0,0.9941912903322537,0.005808639898388849,6.976935745235431e-08,False
0.706046511627907,1.4163372859025032,12,1,-1168.815450784828,0.0,0.9906699254372751,0.009193959348034509,0.00013611521469039767,False
0.706046511627907,1.4163372859025032,12,2,396.85325141391036,0.0,0.9325024561359365,0.06728399219547486,0.00021355166858864991,True
0.7060202550637659,1.4163899588258737,12,0,-39613.684058581835,0.0,0.9941875174172528,0.005812415765178816,6.681756852863626e-08,False
0.7060202550637659,1.4163899588258737,12,1,-1073.4316053044497,0.0,0.9904662104165604,0.00939766230611663,0.00013612727732304893,False
0.7060202550637659,1.4163899588258737,12,2,389.2283567640337,0.0,0.9314478185488674,0.06832790097397139,0.00022428047716131322,True
0.7059939984996249,1.416442635667152,12,0,-40873.38656265068,0.0,0.9942113083418707,0.005788632658812315,5.8999316936626235e-08,False
0.7059939984996249,1.416442635667152,12,1,-928.9382898056559,0.0,0.9899917935253926,0.009847503639830278,0.00016070283477721676,False
0.7059939984996249,1.416442635667152,12,2,411.4203542820686,0.0,0.9372368361987319,0.06260357357479261,0.00015959022647551728,True
0.7059677419354838,1.4164953164267764,12,0,-42203.42597994455,0.0,0.9942065384741933,0.005793404975888497,5.654991815717414e-08,False
0.7059677419354838,1.4164953164267764,12,1,-845.49291044769,0.0,0.9898953557019504,0.00994082370087562,0.0001638205971739904,False
0.7059677419354838,1.4164953164267764,12,2,404.0168149035739,0.0,0.9374581714263275,0.06238535702836559,0.00015647154530693748,True
0.7059414853713428,1.416548001105184,12,0,-43653.41740809897,0.0,0.9941923114711797,0.005807632825282283,5.570353804382321e-08,False
0.7059414853713428,1.416548001105184,12,1,-899.3945314797177,0.0,0.9900657917236957,0.009772824146994347,0.0001613841293099392,False
0.7059414853713428,1.416548001105184,12,2,405.6244420799583,0.0,0.9374840211521427,0.06235597789657185,0.00016000095128535565,True
0.7059152288072018,1.4166006897028114,12,0,-45198.30814538559,0.0,0.9941829164663649,0.005817029529063934,5.4004571159196373e-08,False
0.7059152288072018,1.4166006897028114,12,1,-868.4488800519493,0.0,0.9900710207950202,0.00976738211723863,0.0001615970877411947,False
0.7059152288072018,1.4166006897028114,12,2,402.34045062701097,0.0,0.9375024385904538,0.06233626129829369,0.00016130011125245356,True
0.7058889722430608,1.4166533822200966,12,0,-46778.01915642161,0.0,0.9941673310599045,0.005832615466362994,5.3473732371075294e-08,False
0.7058889722430608,1.4166533822200966,12,1,-893.7338852607539,0.0,0.9902215552408804,0.00962209606775771,0.000156348691361991,False
0.7058889722430608,1.4166533822200966,12,2,397.3620082268725,0.0,0.9364888640109227,0.0633372665515423,0.0001738694375351395,True
0.7058627156789197,1.4167060786574772,12,0,-48494.63224745016,0.0,0.9941728069476031,0.005827143674769517,4.9377627341146104e-08,False
0.7058627156789197,1.4167060786574772,12,1,-790.1559254384872,0.0,0.9900787309557736,0.009746851399808224,0.00017441764441811382,False
0.7058627156789197,1.4167060786574772,12,2,405.97805732883285,0.0,0.9401173597575468,0.0597468900482287,0.00013575019422437475,True
0.7058364591147787,1.41675877901539,12,0,-50339.456662445155,0.0,0.9941867945149422,0.0058131614174199075,4.4067637860260175e-08,False
0.7058364591147787,1.41675877901539,12,1,-574.7537122500595,0.0,0.9898238508649898,0.00996550986989143,0.00021063926511867993,False
0.7058364591147787,1.41675877901539,12,2,427.8575272254769,0.0,0.9446355211126577,0.055276215081585874,8.82638057563962e-05,True
0.7058102025506376,1.4168114832942726,12,0,-52288.98439792341,0.0,0.994161007645764,0.005838947153889788,4.520034625351791e-08,False
0.7058102025506376,1.4168114832942726,12,1,-683.0240226476811,0.0,0.9900969465584865,0.009714684771327087,0.00018836867018650312,False
0.7058102025506376,1.4168114832942726,12,2,410.79867725645823,0.0,0.9424068530478085,0.05747931406428583,0.00011383288790568951,True
0.7057839459864966,1.4168641914945632,12,0,-54454.21263381412,0.0,0.9941148530182461,0.005885097438500794,4.954325302137801e-08,False
0.7057839459864966,1.4168641914945632,12,1,-943.3162771620089,0.0,0.9907845691442095,0.009069205184610038,0.0001462256711803,False
0.7057839459864966,1.4168641914945632,12,2,383.2376139959898,0.0,0.9352015414765443,0.06459975555431326,0.00019870296914247052,True
0.7057576894223556,1.4169169036166989,12,0,-56759.272484875015,0.0,0.9940756559498292,0.005924291152704397,5.2897466366961384e-08,False
0.7057576894223556,1.4169169036166989,12,1,-1168.9351170465306,0.0,0.9915819531485399,0.008295187050482563,0.00012285980097751108,False
0.7057576894223556,1.4169169036166989,12,2,367.64309826642034,0.0,0.9288532695035137,0.07086686609521645,0.00027986440126988245,True
0.7057314328582145,1.416969619661118,12,0,-59219.279123618886,0.0,0.9940420679706036,0.005957876622576987,5.5406819510399654e-08,False
0.7057314328582145,1.416969619661118,12,1,-1370.4562329462742,0.0,0.992359960619556,0.007531715362655127,0.00010832401778887431,False
0.7057314328582145,1.416969619661118,12,2,354.11255850776104,0.0,0.9239040534245705,0.07574859142649394,0.0003473551489355327,True
0.7057051762940735,1.4170223396282575,12,0,-61925.21718886104,0.0,0.9940009745413556,0.005998966212452876,5.924619146252186e-08,False
0.7057051762940735,1.4170223396282575,12,1,-1628.3950557591093,0.0,0.9932986327619711,0.006609655336666979,9.17119013619758e-05,False
0.7057051762940735,1.4170223396282575,12,2,347.7345641662913,0.0,0.9144774658110806,0.0850518325320528,0.00047070165686667565,True
0.7056789197299325,1.417075063518556,12,0,-64813.37360359144,0.0,0.9939622009075094,0.006037736220819483,6.287167110713595e-08,False
0.7056789197299325,1.417075063518556,12,1,-1925.5779147913945,0.0,0.994295921370464,0.005623361145938299,8.071748359776567e-05,False
0.7056789197299325,1.417075063518556,12,2,334.47477707948184,0.0,0.9089220302721551,0.09052798286378268,0.0005499868640621757,True
0.7056526631657914,1.417127791332451,12,0,-67861.40036897562,0.0,0.9939729172378287,0.006027025190856864,5.7571314533369944e-08,False
0.7056526631657914,1.417127791332451,12,1,-1742.870412052659,0.0,0.9938825959058393,0.006032561313963672,8.484278019706909e-05,False
0.7056526631657914,1.417127791332451,12,2,336.50313398398066,0.0,0.910156102577102,0.08930793551937281,0.0005359619035252551,True
0.7056264066016504,1.417180523070381,12,0,-71110.14624720294,0.0,0.9940123216305948,0.0059876304838790955,4.7885526085145556e-08,False
0.7056264066016504,1.417180523070381,12,1,-1303.245661820644,0.0,0.9926116560933966,0.00728117298147228,0.00010717092513109733,False
0.7056264066016504,1.417180523070381,12,2,342.68578985494446,0.0,0.9241050163068711,0.0755348045023954,0.0003601791907335342,True
0.7056001500375093,1.4172332587327832,12,0,-74609.91542834976,0.0,0.9940417846252282,0.00595817477992074,4.059485095808948e-08,False
0.7056001500375093,1.4172332587327832,12,1,-875.3899923277576,0.0,0.9914787006222924,0.008383148215497484,0.0001381511622101575,False
0.7056001500375093,1.4172332587327832,12,2,355.7042552833004,0.0,0.9348276586033969,0.06494855420763697,0.00022378718896614897,True
0.7055738934733683,1.4172859983200965,12,0,-78551.63672377107,0.0,0.9940666572304252,0.005933308240209596,3.452936529683073e-08,False
0.7055738934733683,1.4172859983200965,12,1,-485.69694289235593,0.0,0.9910262052180676,0.008770359918678024,0.00020343486325436817,False
0.7055738934733683,1.4172859983200965,12,2,391.1830526452294,0.0,0.9474262624974901,0.05248659029161245,8.714721089755379e-05,True
0.7055476369092273,1.4173387418327583,12,0,-82927.09547775824,0.0,0.9940941047213572,0.005905866628221317,2.8650421542867076e-08,False
0.7055476369092273,1.4173387418327583,12,1,-95.97360883887823,0.0,0.9941498545495813,0.005337637484259164,0.0005125079661595734,False
0.7055476369092273,1.4173387418327583,12,2,521.4722857834888,0.0,0.9612250985128886,0.03877402740312037,8.740839909779404e-07,True
0.7055213803450863,1.4173914892712076,12,0,-87737.96932786124,0.0,0.9940962436710324,0.005903729983652336,2.634531525264583e-08,False
0.7055213803450863,1.4173914892712076,12,1,49.81078396237974,0.0,0.9978435745512981,0.0010833880419808461,0.0010730374067210845,True
0.7055213803450863,1.4173914892712076,12,2,638.7940447970735,0.0,0.9654806131479896,0.03451241152981134,6.975322199057004e-06,True
0.7054951237809453,1.4174442406358827,12,0,-93212.97371811756,0.0,0.9940625359753975,0.00593743550393689,2.8520665518637043e-08,False
0.7054951237809453,1.4174442406358827,12,1,-129.8768333921754,0.0,0.9937580828665736,0.005826402941664351,0.0004155141917620466,False
0.7054951237809453,1.4174442406358827,12,2,479.9010427584652,0.0,0.9606798983506858,0.03931583251455063,4.269134763623168e-06,True
0.7054688672168041,1.417496995927222,12,0,-99314.70313758224,0.0,0.9940309896893063,0.005968979790125358,3.0520568351348135e-08,False
0.7054688672168041,1.417496995927222,12,1,-375.8200213149399,0.0,0.9919713164815623,0.007801208232574143,0.00022747528586349584,False
0.7054688672168041,1.417496995927222,12,2,399.47259938849527,0.0,0.9521593143915713,0.0477846697325888,5.601587583982078e-05,True
0.7054426106526631,1.4175497551456633,12,0,-106107.92019515566,0.0,0.9940100134998405,0.0059899552851505646,3.1215008913494303e-08,False
0.7054426106526631,1.4175497551456633,12,1,-445.43702088169374,0.0,0.9919139108484982,0.007908718954413876,0.00017737019708795982,False
0.7054426106526631,1.4175497551456633,12,2,358.76768543478346,0.0,0.946161978642507,0.05372520414070624,0.00011281721678681814,True
0.7054163540885221,1.4176025182916454,12,0,-113706.35980236408,0.0,0.9939887105708509,0.006011257372422737,3.205672642618566e-08,False
0.7054163540885221,1.4176025182916454,12,1,-747.6932176285043,0.0,0.9925458511333504,0.00730801258117413,0.00014613628547560366,False
0.7054163540885221,1.4176025182916454,12,2,347.79096727592673,0.0,0.9414844271623912,0.058345385513923244,0.0001701873236855122,True
0.7053900975243811,1.4176552853656073,12,0,-122249.99190052113,0.0,0.9939678472051192,0.006032119927823619,3.2867057093755073e-08,False
0.7053900975243811,1.4176552853656073,12,1,-836.6375035692347,0.0,0.9929395027128195,0.006947182897864064,0.00011331438931641582,False
0.7053900975243811,1.4176552853656073,12,2,319.5300413309783,0.0,0.927179702673307,0.07248787077200611,0.00033242655468695455,True
0.7053638409602401,1.4177080563679871,12,0,-132017.7171991891,0.0,0.9939539192283536,0.006046047927131042,3.284451542721226e-08,False
0.7053638409602401,1.4177080563679871,12,1,-1088.2445576827145,0.0,0.9937883084576646,0.006105522051017112,0.00010616949131822611,False
0.7053638409602401,1.4177080563679871,12,2,315.1203084112803,0.0,0.9287177572934082,0.0709516544129117,0.0003305882936800692,True
0.705337584396099,1.4177608312992245,12,0,-142922.70417136094,0.0,0.993955747157397,0.006044222065481183,3.0777121817157275e-08,False
0.705337584396099,1.4177608312992245,12,1,-855.0766694755921,0.0,0.9933887339052975,0.006500873092521331,0.00011039300218119939,False
0.705337584396099,1.4177608312992245,12,2,312.11670146901497,0.0,0.9280802050447784,0.07158741353628703,0.00033238141893450186,True
0.7053113278319579,1.4178136101597567,12,0,-155475.47338763543,0.0,0.9939566295702691,0.0060433414376850365,2.8992045923091288e-08,False
0.7053113278319579,1.4178136101597567,12,1,-757.3259315123331,0.0,0.9933701787403065,0.006507847089543386,0.00012197417015006038,False
0.7053113278319579,1.4178136101597567,12,2,316.24780135994047,0.0,0.9354970832043017,0.06425246934916418,0.00025044744653423406,True
0.7052850712678169,1.4178663929500237,12,0,-170200.3003104957,0.0,0.9939504163276821,0.006049555476725281,2.819559264140571e-08,False
0.7052850712678169,1.4178663929500237,12,1,-765.2660050077602,0.0,0.9936081103733275,0.0062753991916297,0.00011649043504274955,False
0.7052850712678169,1.4178663929500237,12,2,308.2273612800403,0.0,0.9336989581719317,0.06602607036799402,0.00027497146007437567,True
0.7052588147036759,1.4179191796704642,12,0,-187437.20011096215,0.0,0.9939460790835839,0.006053893665316804,2.7251099318876825e-08,False
0.7052588147036759,1.4179191796704642,12,1,-751.8076700710997,0.0,0.993792709154293,0.006093417273787845,0.0001138735719190609,False
0.7052588147036759,1.4179191796704642,12,2,303.32339950819375,0.0,0.933158616055344,0.06655620774229279,0.00028517620236322106,True
0.7052325581395349,1.4179719703215168,12,0,-207873.7827101748,0.0,0.9939416702474465,0.006058303348405726,2.640414782484768e-08,False
0.7052325581395349,1.4179719703215168,12,1,-761.2123220478563,0.0,0.9940202037935701,0.005870338737322843,0.00010945746910701096,False
0.7052325581395349,1.4179719703215168,12,2,299.49719553844403,0.0,0.9315643934812378,0.06812775848235643,0.0003078480364058372,True
0.7052063015753938,1.4180247649036213,12,0,-232076.1451313811,0.0,0.9939386909367013,0.006061283580965444,2.5482333225422926e-08,False
0.7052063015753938,1.4180247649036213,12,1,-748.9183386649124,0.0,0.9942442829602757,0.005647941765628218,0.00010777527409614441,False
0.7052063015753938,1.4180247649036213,12,2,291.29671907995174,0.0,0.9319262924283163,0.06776541303994395,0.00030829453173984267,True
0.7051800450112528,1.418077563417216,12,0,-261219.13127452543,0.0,0.9939416070768289,0.0060583689619205855,2.3961250649934272e-08,False
0.7051800450112528,1.418077563417216,12,1,-548.3599002281171,0.0,0.9940786209456232,0.005796433615559376,0.0001249454388175073,False
0.7051800450112528,1.418077563417216,12,2,299.5758808969424,0.0,0.9409687465718916,0.058822495984045826,0.0002087574440627216,True
0.7051537884471117,1.4181303658627404,12,0,-297367.14524665027,0.0,0.9939406315667162,0.006059345435832658,2.2997451165949883e-08,False
0.7051537884471117,1.4181303658627404,12,1,-452.5044880682821,0.0,0.9941673276286369,0.005703482020762967,0.00012919035060002083,False
0.7051537884471117,1.4181303658627404,12,2,296.7192761101125,0.0,0.9433221787006912,0.056490717154879015,0.00018710414442978278,True
0.7051275318829707,1.4181831722406335,12,0,-342759.11309053743,0.0,0.9939337762235387,0.00606620097888555,2.2797575722857888e-08,False
0.7051275318829707,1.4181831722406335,12,1,-698.2805022481126,0.0,0.9948262381351238,0.005070264659379591,0.00010349720549654148,False
0.7051275318829707,1.4181831722406335,12,2,279.4405290510375,0.0,0.9331332436537982,0.06655820592730403,0.0003085504188977808,True
0.7051012753188297,1.418235982551335,12,0,-399969.2840870891,0.0,0.9939285866654433,0.006071390844090667,2.249046608585115e-08,False
0.7051012753188297,1.418235982551335,12,1,-893.4021387176675,0.0,0.9954805501350015,0.004436744157399835,8.270570759874941e-05,False
0.7051012753188297,1.418235982551335,12,2,268.93863406394973,0.0,0.91399160531742,0.08546899411541069,0.0005394005671692598,True
0.7050750187546886,1.4182887967952846,12,0,-474152.0510729719,0.0,0.9939261298568872,0.006073848181352104,2.196176064664183e-08,False
0.7050750187546886,1.4182887967952846,12,1,-1091.0333197208008,0.0,0.9961826326003338,0.0037446019984413536,7.276540122478739e-05,False
0.7050750187546886,1.4182887967952846,12,2,259.06687975463615,0.0,0.9047819020102608,0.09455598293888959,0.0006621150508496885,True
0.7050487621905476,1.4183416149729209,12,0,-574000.756373311,0.0,0.9939248599029623,0.006075118717127697,2.1379909846716446e-08,False
0.7050487621905476,1.4183416149729209,12,1,-1264.0632576122875,0.0,0.9967880843395686,0.003149679954629109,6.223570580233309e-05,False
0.7050487621905476,1.4183416149729209,12,2,255.66265682214495,0.0,0.8822114481348632,0.11683845850318145,0.0009500933619554247,True
0.7050225056264066,1.4183944370846835,12,0,-711965.5201834459,0.0,0.9939241802356656,0.006075798940479128,2.0823855103084325e-08,False
0.7050225056264066,1.4183944370846835,12,1,-1553.3293693017426,0.0,0.9975721322691153,0.002374843744324062,5.302398656063207e-05,False
0.7050225056264066,1.4183944370846835,12,2,249.55790072531005,0.0,0.8615091318070345,0.13727660619333956,0.0012142619996260257,True
0.7049962490622655,1.4184472631310123,12,0,-908584.8272322246,0.0,0.9939270975029091,0.006072882529439386,1.9967651457114193e-08,False
0.7049962490622655,1.4184472631310123,12,1,-1577.748512895233,0.0,0.9978198433725604,0.002130839934669817,4.9316692769886365e-05,False
0.7049962490622655,1.4184472631310123,12,2,243.97468874627958,0.0,0.8404999246610925,0.1580182417091036,0.0014818336298038082,True
0.7049699924981245,1.4185000931123466,12,0,-1205990.114133685,0.0,0.9939330325839894,0.006066948526160309,1.8889850396996958e-08,False
0.7049699924981245,1.4185000931123466,12,1,-1285.3548789550211,0.0,0.9974130442716006,0.00253097784041987,5.5977887979588504e-05,False
0.7049699924981245,1.4185000931123466,12,2,242.08350045746204,0.0,0.8708598439017199,0.1280294000850314,0.0011107560132487477,True
0.7049437359339834,1.4185529270291268,12,0,-1693251.5524017017,0.0,0.9939383164017234,0.006061665616058272,1.7982218378354035e-08,False
0.7049437359339834,1.4185529270291268,12,1,-845.0670359476554,0.0,0.9966874966071015,0.0032461789751668893,6.632441773165758e-05,False
0.7049437359339834,1.4185529270291268,12,2,235.39534730758658,0.0,0.8927061030018231,0.1064550581760919,0.0008388388220850659,True
0.7049174793698424,1.4186057648817918,12,0,-2567593.9070568713,0.0,0.9939423755619886,0.006057607140065391,1.7297946010506173e-08,False
0.7049174793698424,1.4186057648817918,12,1,-522.1231593733853,0.0,0.9962381492636637,0.0036782600659314556,8.359067040483854e-05,False
0.7049174793698424,1.4186057648817918,12,2,238.67049740657768,0.0,0.9263829379336528,0.07318812869673724,0.00042893336960998633,True
0.7048912228057014,1.4186586066707818,12,0,-4341645.880381261,0.0,0.9939459636391466,0.006054019608005477,1.675284796628559e-08,False
0.7048912228057014,1.4186586066707818,12,1,-98.00944345997041,0.0,0.996601328493539,0.003255285241891915,0.00014338626456906827,False
0.7048912228057014,1.4186586066707818,12,2,256.9324966814188,0.0,0.962932104367163,0.03700142749726564,6.64681355714047e-05,True
0.7048649662415604,1.4187114523965367,12,0,-8559240.623985518,0.0,0.9939490971431388,0.006050886515464054,1.6341397189360715e-08,False
0.7048649662415604,1.4187114523965367,12,1,140.35307695393564,0.0,0.9971411451715245,0.0019565895992912736,0.0009022652291842673,True
0.7048649662415604,1.4187114523965367,12,2,414.7817149532067,0.0,0.984769322899881,0.015213415431160388,1.726166895874322e-05,True
0.7048387096774194,1.4187643020594969,12,0,-19066965.83246549,0.0,0.9939520868979727,0.006047897072747279,1.602928010665935e-08,False
0.7048387096774194,1.4187643020594969,12,1,123.01466606363901,0.0,0.9993649779224185,9.301323127405964e-05,0.0005420088463073561,True
0.7048387096774194,1.4187643020594969,12,2,354.2648408318077,0.0,0.9841206279889855,0.015871674414837916,7.697596176623237e-06,True
0.7048124531132783,1.4188171556601012,12,0,-24245209.18957919,0.0,0.9939554403180013,0.006044543916416298,1.5765582389920473e-08,False
0.7048124531132783,1.4188171556601012,12,1,-115.17101811778981,0.0,0.9971383120091335,0.0027419019515825395,0.000119786039283876,False
0.7048124531132783,1.4188171556601012,12,2,237.8808435385316,0.0,0.9616046598837016,0.03830312576207903,9.221435421940238e-05,True
0.7047861965491372,1.418870013198791,12,0,-11186661.877892189,0.0,0.993958996518535,0.006040987912527552,1.5568937422489643e-08,False
0.7047861965491372,1.418870013198791,12,1,-208.28843427221332,0.0,0.9968409370889519,0.003080456608855694,7.86063021922824e-05,False
0.7047861965491372,1.418870013198791,12,2,218.8648687598239,0.0,0.9258342981566691,0.0737175983972894,0.0004481034460415378,True
0.7047599399849962,1.4189228746760056,12,0,-5077493.31234783,0.0,0.9939624019077677,0.006037582624662489,1.5467569805235314e-08,False
0.7047599399849962,1.4189228746760056,12,1,-409.81726109948283,0.0,0.9974453483058906,0.0024851342160301733,6.951747807932844e-05,False
0.7047599399849962,1.4189228746760056,12,2,210.42085366600892,0.0,0.9217404145872745,0.07774659768237538,0.0005129877303501523,True
0.7047336834208552,1.4189757400921856,12,0,-2738897.7174863894,0.0,0.9939652053602238,0.006034779139559094,1.5500217099756135e-08,False
0.7047336834208552,1.4189757400921856,12,1,-516.6702538740452,0.0,0.9977440710078757,0.002202852549642149,5.30764424821582e-05,False
0.7047336834208552,1.4189757400921856,12,2,207.1991182693465,0.0,0.8413792819002955,0.1571101778003724,0.0015105402993320935,True
0.7047074268567142,1.419028609447771,12,0,-1652200.0581449477,0.0,0.9939670279170892,0.006032956367175255,1.5715735504872607e-08,False
0.7047074268567142,1.419028609447771,12,1,-713.7394712019722,0.0,0.9983338218804747,0.0016194894862996817,4.668863322567556e-05,False
0.7047074268567142,1.419028609447771,12,2,201.40890723456593,0.0,0.8214085026201234,0.17683522053204673,0.0017562768478298406,True
0.7046811702925732,1.4190814827432026,12,0,-1090765.4045703267,0.0,0.9939689754819236,0.006031008518970745,1.599910562296786e-08,False
0.7046811702925732,1.4190814827432026,12,1,-644.6568461698903,0.0,0.9983878913844944,0.001567767660114494,4.4340955391240505e-05,False
0.7046811702925732,1.4190814827432026,12,2,197.44007402983075,0.0,0.7751858187163179,0.2224437492015443,0.0023704320821378434,True
0.7046549137284321,1.4191343599789206,12,0,-765590.7901986629,0.0,0.993971693526591,0.00602829018404574,1.628936327416678e-08,False
0.7046549137284321,1.4191343599789206,12,1,-485.9640860841113,0.0,0.9982821361660934,0.0016708904250258441,4.6973408880661424e-05,False
0.7046549137284321,1.4191343599789206,12,2,196.0652824563483,0.0,0.8087922571288273,0.1892678177516584,0.0019399251195143853,True
0.704628657164291,1.4191872411553654,12,0,-562961.2494923142,0.0,0.9939727149674655,0.006027268194996005,1.6837538477709142e-08,False
0.704628657164291,1.4191872411553654,12,1,-423.66304649978,0.0,0.9983382289465964,0.0016178577042337708,4.39133491699437e-05,False
0.704628657164291,1.4191872411553654,12,2,189.32073382417363,0.0,0.7332918722103324,0.2637434876759011,0.0029646401137664335,True
0.70460240060015,1.4192401262729777,12,0,-428404.03006416664,0.0,0.9939722931795928,0.006027689187643722,1.763276348037377e-08,False
0.70460240060015,1.4192401262729777,12,1,-461.20500324944516,0.0,0.9986092753031081,0.0013473552897069324,4.336940718499706e-05,False
0.70460240060015,1.4192401262729777,12,2,186.54088363708055,0.0,0.7864676831869727,0.21130028948484922,0.0022320273281781606,True
0.704576144036009,1.4192930153321976,12,0,-334220.65140125685,0.0,0.9939710568061525,0.006028924567069146,1.8626778260310563e-08,False
0.704576144036009,1.4192930153321976,12,1,-372.15831651096124,0.0,0.9985585756022671,0.0014040711487380837,3.735324899483374e-05,False
0.704576144036009,1.4192930153321976,12,2,187.5194633967089,0.0,0.35010793558127784,0.6413380854321376,0.008553978986584646,True
0.704549887471868,1.4193459083334663,12,0,-267503.4970593145,0.0,0.9939677067173934,0.006032273311120708,1.9971485863432302e-08,False
0.704549887471868,1.4193459083334663,12,1,-422.6166029143213,0.0,0.9988561980433533,0.0011062359815950777,3.7565975051531205e-05,False
0.704549887471868,1.4193459083334663,12,2,180.83465948574928,0.0,0.6055235484099268,0.38979225692099234,0.004684194669080754,True
0.704523630907727,1.4193988052772246,12,0,-217723.5847924948,0.0,0.9939677333763548,0.006032245565011493,2.105863373743327e-08,False
0.704523630907727,1.4193988052772246,12,1,-267.7391465802507,0.0,0.9987000584004716,0.0012640410955746914,3.590050395371735e-05,False
0.704523630907727,1.4193988052772246,12,2,177.22272584835622,0.0,0.2530749766851789,0.7368436190006943,0.010081404314126866,True
0.7044973743435858,1.4194517061639131,12,0,-179538.74576397953,0.0,0.993968963200272,0.006031014658064985,2.2141663024799383e-08,False
0.7044973743435858,1.4194517061639131,12,1,-126.7896807336899,0.0,0.9985613987723052,0.0014021884855193803,3.641274217540848e-05,False
0.7044973743435858,1.4194517061639131,12,2,176.87033196430272,0.0,0.14820590776347428,0.8398262283226409,0.011967863913884885,True
0.7044711177794448,1.4195046109939728,12,0,-150423.9734129072,0.0,0.9939576170752389,0.006042358015442113,2.4909319105324346e-08,False
0.7044711177794448,1.4195046109939728,12,1,-179.59011138927605,0.0,0.9987708913750605,0.0011990689647878808,3.0039660151778425e-05,False
0.7044711177794448,1.4195046109939728,12,2,175.16212619630343,0.0,0.4217205164454357,0.5686720887321668,0.009607394822397591,True
0.7044448612153038,1.4195575197678445,12,0,-127807.03335144378,0.0,0.9939352642014669,0.006064706364629098,2.9433903884782012e-08,False
0.7044448612153038,1.4195575197678445,12,1,-371.7428515875883,0.0,0.9993133764795571,0.0006589543579526166,2.7669162490324282e-05,False
0.7044448612153038,1.4195575197678445,12,2,173.96791490998444,0.0,0.13532174573759556,0.8520385563880069,0.012639697874397645,True
0.7044186046511628,1.4196104324859689,12,0,-109529.30062745813,0.0,0.9939089164326477,0.006091048530182662,3.5037169612797793e-08,False
0.7044186046511628,1.4196104324859689,12,1,-428.6304483040277,0.0,0.9994792258047944,0.0004992891521540679,2.148504305153661e-05,False
0.7044186046511628,1.4196104324859689,12,2,184.94185290146865,0.0,0.835553084966076,0.16160202015002723,0.0028448948838966383,True
0.7043923480870218,1.4196633491487878,12,0,-94666.03950920481,0.0,0.9938762772639177,0.006123680418423248,4.231765901800717e-08,False
0.7043923480870218,1.4196633491487878,12,1,-554.4214145208709,0.0,0.9997387241004491,0.00024084254183036747,2.043335772058757e-05,False
0.7043923480870218,1.4196633491487878,12,2,176.0970128271299,0.0,0.7334161632844783,0.2625038072874456,0.004080029428076127,True
0.7043660915228807,1.4197162697567418,12,0,-82715.03573708615,0.0,0.9938293033438387,0.006170643720402411,5.293575896247708e-08,False
0.7043660915228807,1.4197162697567418,12,1,-616.3564549798286,0.0,0.9998549337919539,0.00012924694654654472,1.5819261499561648e-05,False
0.7043660915228807,1.4197162697567418,12,2,196.45224717891156,0.0,0.923070710176643,0.075640538345069,0.0012887514782880306,True
0.7043398349587396,1.4197691943102724,12,0,-72769.03035656684,0.0,0.9937764783298383,0.0062234555387294145,6.613143229699331e-08,False
0.7043398349587396,1.4197691943102724,12,1,-713.1489334054294,0.0,0.9999551915614628,3.0175322863715992e-05,1.4633115673375182e-05,False
0.7043398349587396,1.4197691943102724,12,2,183.57358087523167,0.0,0.9080840258219012,0.09051113275527194,0.0014048414228269208,True
0.7043135783945986,1.419822122809821,12,0,-64008.62640932689,0.0,0.9937629978293018,0.006236929983392958,7.218730522969281e-08,False
0.7043135783945986,1.419822122809821,12,1,-545.4064141014746,0.0,0.9999128334069478,7.361752118487684e-05,1.3549071867341544e-05,False
0.7043135783945986,1.419822122809821,12,2,195.6164518977907,0.0,0.9541449215387621,0.045059486073163034,0.0007955923880749159,True
0.7042873218304576,1.419875055255828,12,0,-56504.177110610115,0.0,0.9937820018179098,0.006217926597097663,7.158499254953993e-08,False
0.7042873218304576,1.419875055255828,12,1,-303.35243876014937,0.0,0.9997395556840663,0.00024663564134755166,1.3808674586236134e-05,False
0.7042873218304576,1.419875055255828,12,2,186.36156192366226,0.0,0.9701505506661002,0.029228800458834425,0.0006206488750653181,True
0.7042610652663166,1.4199279916487355,12,0,-50237.74145838141,0.0,0.9938013895059944,0.006198539500872593,7.099313299795783e-08,False
0.7042610652663166,1.4199279916487355,12,1,-83.13316617598664,0.0,0.9992524432814516,0.0007372761734181149,1.0280545130194575e-05,False
0.7042610652663166,1.4199279916487355,12,2,193.72749688488383,0.0,0.9908501889913197,0.008850638218909208,0.00029917278977112366,True
0.7042348087021755,1.4199809319889851,12,0,-44838.85642975054,0.0,0.9938325371122746,0.006167394845790385,6.804193508291588e-08,False
0.7042348087021755,1.4199809319889851,12,1,93.94412539784304,0.0,0.9940921040303943,0.0059050109902301666,2.8849793755585362e-06,True
0.7042348087021755,1.4199809319889851,12,2,278.1517232453872,0.0,0.9998336993887788,9.15578961535972e-05,7.47427150676894e-05,True
0.7042085521380345,1.4200338762770186,12,0,-40242.48362527666,0.0,0.9938834033931434,0.006116535437883412,6.116897311277769e-08,False
0.7042085521380345,1.4200338762770186,12,1,129.96684216833205,0.0,0.9534625918874932,0.04622613963014648,0.0003112684823603935,True
0.7042085521380345,1.4200338762770186,12,2,565.1568434662563,0.0,0.999594710857346,0.000358244975941918,4.7044166712073365e-05,True
0.7041822955738934,1.4200868245132767,12,0,-36515.16459085689,0.0,0.993881623547871,0.0061183111725495575,6.527957937447697e-08,False
0.7041822955738934,1.4200868245132767,12,1,134.34899747590376,0.0,0.9369094382358755,0.06260447234348922,0.0004860894206353492,True
0.7041822955738934,1.4200868245132767,12,2,635.3349478066242,0.0,0.9994926037601964,0.00046195771469371364,4.5438525109935184e-05,True
0.7041560390097524,1.4201397766982016,12,0,-33495.36734734704,0.0,0.9937964894792556,0.006203421781320966,8.873942351630522e-08,False
0.7041560390097524,1.4201397766982016,12,1,113.37622320393821,0.0,0.9780291479355077,0.021866217557462785,0.0001046345070295675,True
0.7041560390097524,1.4201397766982016,12,2,504.33798775188905,0.0,0.9999004328174544,5.307091333251426e-05,4.649626921305128e-05,True
0.7041297824456114,1.420192732832235,12,0,-30827.92043971101,0.0,0.9937102266997279,0.006289656951000644,1.1634927154731249e-07,False
0.7041297824456114,1.420192732832235,12,1,102.86041985248931,0.0,0.9917973936009971,0.008184951642732974,1.76547562698796e-05,True
0.7041297824456114,1.420192732832235,12,2,341.5552143011646,0.0,0.9999098122910521,3.812626536618984e-05,5.206144358168816e-05,True
0.7041035258814703,1.420245692915819,12,0,-28478.471512695032,0.0,0.9936363504196878,0.00636350610296694,1.4347734531198846e-07,False
0.7041035258814703,1.420245692915819,12,1,70.41059857616291,0.0,0.9946905560134564,0.0053019704005995184,7.473585944151979e-06,True
0.7041035258814703,1.420245692915819,12,2,397.2628592361791,0.0,0.9997834354249243,0.00016360764865386645,5.2956926421785855e-05,True
0.7040772693173293,1.4202986569493947,12,0,-26512.231632858642,0.0,0.9935367392762209,0.0064630779665363815,1.8275724281215526e-07,False
0.7040772693173293,1.4202986569493947,12,1,41.30384150794851,0.0,0.9981342133111046,0.0018657865442765844,1.4461876240902841e-10,True
0.7040772693173293,1.4202986569493947,12,2,276.5623194459531,0.0,0.9991097012674875,0.0008221147856826807,6.81839468296861e-05,True
0.7040510127531883,1.4203516249334045,12,0,-24803.062568440975,0.0,0.9934207515394253,0.0065790163627481146,2.3209782651146686e-07,False
0.7040510127531883,1.4203516249334045,12,1,-4.131884108419401,0.0,0.9987959110594853,0.0012040260526996502,6.288781511510833e-08,False
0.7040510127531883,1.4203516249334045,12,2,323.1640293228331,0.0,0.9988001230232589,0.0011350847888988752,6.479218784216925e-05,True
0.7040247561890473,1.4204045968682903,12,0,-23219.03685989165,0.0,0.9933409674524813,0.006658759589587621,2.7295793100715133e-07,False
0.7040247561890473,1.4204045968682903,12,1,-13.966441984442866,0.0,0.9991874232437179,0.0008121454689938845,4.31287288285495e-07,False
0.7040247561890473,1.4204045968682903,12,2,284.2165408615538,0.0,0.998426946530876,0.0015041846715343602,6.886879758954467e-05,True
0.7039984996249062,1.420457572754494,12,0,-21632.71449976011,0.0,0.9933456635181008,0.006654056402710091,2.800791891083459e-07,False
0.7039984996249062,1.420457572754494,12,1,28.150703657432004,0.0,0.9982181717103905,0.0017814492299521568,3.790596573143149e-07,True
0.7039984996249062,1.420457572754494,12,2,342.5117591968108,0.0,0.9991842876110287,0.0007608282328638111,5.488415610743896e-05,True
0.7039722430607651,1.4205105525924586,12,0,-20307.469741566907,0.0,0.9933274764801913,0.006672226296491705,2.972233170648896e-07,False
0.7039722430607651,1.4205105525924586,12,1,42.49715180360282,0.0,0.9971621398506955,0.0028347205190403825,3.139630264058159e-06,True
0.7039722430607651,1.4205105525924586,12,2,399.08966588200656,0.0,0.9994846286447436,0.00046765223585173846,4.7719119404629815e-05,True
0.7039459864966241,1.4205635363826252,12,0,-19243.014057700828,0.0,0.9932640958415929,0.006735567835593376,3.363228137611944e-07,False
0.7039459864966241,1.4205635363826252,12,1,45.448161601271465,0.0,0.9977854673956877,0.0022130819519704066,1.4506523418467396e-06,True
0.7039459864966241,1.4205635363826252,12,2,335.62386474504376,0.0,0.9993444602161781,0.0006052675591693313,5.027222465249565e-05,True
0.7039197299324831,1.4206165241254365,12,0,-18249.396355208508,0.0,0.9932237563495924,0.006775878819565854,3.6483084176259043e-07,False
0.7039197299324831,1.4206165241254365,12,1,40.57408736956384,0.0,0.997079986526724,0.002915847357220812,4.1661160550993164e-06,True
0.7039197299324831,1.4206165241254365,12,2,429.8532827604304,0.0,0.9995040617270815,0.00045051543192430765,4.5422840994282596e-05,True
0.7038934733683421,1.4206695158213345,12,0,-17424.015101781548,0.0,0.9931609481346121,0.00683864384174745,4.0802364046963566e-07,False
0.7038934733683421,1.4206695158213345,12,1,43.32799663613642,0.0,0.9976923893618717,0.0023054853648160106,2.1252733123735186e-06,True
0.7038934733683421,1.4206695158213345,12,2,364.6457343092083,0.0,0.9993806709619598,0.0005713048015022412,4.802423653789296e-05,True
0.7038672168042011,1.4207225114707622,12,0,-16626.745569280793,0.0,0.9931492612347828,0.006850313259459668,4.255057575824747e-07,False
0.7038672168042011,1.4207225114707622,12,1,48.30420076777084,0.0,0.9968170812583198,0.003177621226786057,5.297514894063586e-06,True
0.7038672168042011,1.4207225114707622,12,2,405.8927056569356,0.0,0.9995508538203142,0.00040426911069683924,4.48770689889933e-05,True
0.7038409602400599,1.4207755110741618,12,0,-15824.124651994127,0.0,0.9932143517711054,0.006785244225470005,4.040034246243283e-07,False
0.7038409602400599,1.4207755110741618,12,1,73.1829640169944,0.0,0.9941797877435842,0.005802998821267219,1.7213435148703813e-05,True
0.7038409602400599,1.4207755110741618,12,2,464.68592895329107,0.0,0.9997917120232925,0.00016585821860490285,4.2429758102471705e-05,True
0.7038147036759189,1.4208285146319757,12,0,-15289.691040000369,0.0,0.9931724119255089,0.006827150531064474,4.3754342670001945e-07,False
0.7038147036759189,1.4208285146319757,12,1,68.68589973257565,0.0,0.9945550710383523,0.005429720641180867,1.5208320466856974e-05,True
0.7038147036759189,1.4208285146319757,12,2,452.9744473640731,0.0,0.9997756515427731,0.0001811404244815047,4.320803274544812e-05,True
0.7037884471117779,1.4208815221446465,12,0,-14970.084646039906,0.0,0.9930034148223083,0.006996040532584818,5.446451069159468e-07,False
0.7037884471117779,1.4208815221446465,12,1,37.26557395234024,0.0,0.9978213669424147,0.002177000534770014,1.6325228152842597e-06,True
0.7037884471117779,1.4208815221446465,12,2,352.30973074248067,0.0,0.9993678348992979,0.0005812437919315323,5.0921308770529465e-05,True
0.7037621905476369,1.420934533612617,12,0,-14681.957990474053,0.0,0.9928438076426243,0.0071555384957331155,6.538616426084534e-07,False
0.7037621905476369,1.420934533612617,12,1,-7.598335662649509,0.0,0.9988883473232892,0.0011116163485889792,3.632812179143123e-08,False
0.7037621905476369,1.420934533612617,12,2,354.10790015463004,0.0,0.9989220499439735,0.0010209063615640476,5.704369446255689e-05,True
0.7037359339834959,1.4209875490363295,12,0,-14450.999962207443,0.0,0.9926952129071841,0.007304017973758483,7.691190574887008e-07,False
0.7037359339834959,1.4209875490363295,12,1,-56.39874208908922,0.0,0.9996345165992158,0.0003642054745583285,1.277926226005778e-06,False
0.7037359339834959,1.4209875490363295,12,2,263.52308979289586,0.0,0.9977553460366165,0.0021661111191714376,7.854284421208219e-05,True
0.7037096774193548,1.4210405684162275,12,0,-14304.602154183312,0.0,0.992515164107387,0.007483927592206494,9.083004064563252e-07,False
0.7037096774193548,1.4210405684162275,12,1,-114.24953719069296,0.0,0.9997936517925963,0.00020474668387942158,1.6015235243140811e-06,False
0.7037096774193548,1.4210405684162275,12,2,297.7399860499283,0.0,0.997351210068315,0.0025688818723699257,7.990805931508592e-05,True
0.7036834208552137,1.4210935917527534,12,0,-14256.060966997278,0.0,0.992282117951097,0.0077167747405609945,1.10730834203057e-06,False
0.7036834208552137,1.4210935917527534,12,1,-206.1663392301209,0.0,0.9999780866061801,1.8127310007359245e-05,3.7860838125109673e-06,False
0.7036834208552137,1.4210935917527534,12,2,240.29838240089708,0.0,0.9949886107593245,0.004898169187882854,0.00011322005279256184,True
0.7036571642910727,1.42114661904635,12,0,-13923.201782478784,0.0,0.9923261319628642,0.0076727788198432696,1.0892172924729243e-06,False
0.7036571642910727,1.42114661904635,12,1,-209.29139093385498,0.0,0.9999580845181135,3.7823016903276346e-05,4.092464983194914e-06,False
0.7036571642910727,1.42114661904635,12,2,244.87362274014095,0.0,0.9950016230085963,0.004876596767981052,0.00012178022342270935,True
0.7036309077269317,1.4211996502974604,12,0,-13385.506867120892,0.0,0.9926258874076347,0.007373234099572563,8.784927927236393e-07,False
0.7036309077269317,1.4211996502974604,12,1,-124.99651619730695,0.0,0.999732120832911,0.00026419241816946824,3.6867489196217106e-06,False
0.7036309077269317,1.4211996502974604,12,2,245.31956151732132,0.0,0.9964868785296331,0.0033922570404288513,0.00012086442993793318,True
0.7036046511627907,1.421252685506528,12,0,-12967.967455394639,0.0,0.992908261885845,0.0070910395535395045,6.985606154283881e-07,False
0.7036046511627907,1.421252685506528,12,1,-31.729351629210207,0.0,0.9991615922158998,0.0008358520910112364,2.5556930889945487e-06,False
0.7036046511627907,1.421252685506528,12,2,233.3026466633015,0.0,0.9979119771699305,0.001971984757922674,0.00011603807214674304,True
0.7035783945986497,1.4213057246739953,12,0,-12636.382789171872,0.0,0.9931872372552725,0.006812229357473192,5.333872543910432e-07,False
0.7035783945986497,1.4213057246739953,12,1,57.73472791934557,0.0,0.9955121118405217,0.004484390472607464,3.497686870729459e-06,True
0.7035783945986497,1.4213057246739953,12,2,350.8519156829073,0.0,0.9997966901236287,0.00013371461953968315,6.959525683159133e-05,True
0.7035521380345086,1.421358767800306,12,0,-12398.306968058829,0.0,0.9935020198177034,0.00649761011660464,3.700656919827875e-07,False
0.7035521380345086,1.421358767800306,12,1,111.31300804461733,0.0,0.9749608312799714,0.024886143060572526,0.00015302565945605359,True
0.7035521380345086,1.421358767800306,12,2,483.4678939760698,0.0,0.9997597079161085,0.00018681111667510057,5.348096721644216e-05,True
0.7035258814703675,1.4214118148859032,12,0,-12314.277714910339,0.0,0.9936772433658335,0.006322465374487691,2.9125967873106225e-07,False
0.7035258814703675,1.4214118148859032,12,1,119.550212209013,0.0,0.964159808568358,0.035586442460606084,0.0002537489710359531,True
0.7035258814703675,1.4214118148859032,12,2,696.9994305106197,0.0,0.999418881117094,0.0005220480426924175,5.907084021358827e-05,True
0.7034996249062265,1.42146486593123,12,0,-12397.57182127081,0.0,0.9935666406064382,0.006433003368111866,3.5602545000236196e-07,False
0.7034996249062265,1.42146486593123,12,1,116.40509344901773,0.0,0.9734529601263758,0.02638735829433526,0.00015968157928891475,True
0.7034996249062265,1.42146486593123,12,2,432.6489445116936,0.0,0.9996565843301897,0.00028547185797951277,5.7943811830792875e-05,True
0.7034733683420855,1.42151792093673,12,0,-12541.13611902365,0.0,0.9934418839779701,0.006557686445193506,4.295768364722993e-07,False
0.7034733683420855,1.42151792093673,12,1,83.13933261720037,0.0,0.9925500454076636,0.0074423596068293315,7.594985507168522e-06,True
0.7034733683420855,1.42151792093673,12,2,343.92585885474705,0.0,0.9999163337079808,1.467783525660258e-07,8.351951366662812e-05,True
0.7034471117779445,1.4215709799028469,12,0,-12671.997956446763,0.0,0.9933798615361152,0.0066196621213371765,4.7634254765497454e-07,False
0.7034471117779445,1.4215709799028469,12,1,28.2243307392696,0.0,0.9979090416407937,0.002084590921221974,6.367437984344143e-06,True
0.7034471117779445,1.4215709799028469,12,2,192.41252071450077,0.0,0.9978675027896821,0.0019171676285167606,0.00021532958180110837,True
0.7034208552138034,1.4216240428300235,12,0,-12809.04897249483,0.0,0.9933224926187243,0.006676988495100196,5.188861755407069e-07,False
0.7034208552138034,1.4216240428300235,12,1,-55.83952128035675,0.0,0.9985688496022701,0.0014199378607949536,1.121253693490688e-05,False
0.7034208552138034,1.4216240428300235,12,2,196.08907442821604,0.0,0.9948169015520706,0.004861934753631081,0.000321163694298266,True
0.7033945986496624,1.4216771097187042,12,0,-13008.708448699748,0.0,0.9932084707570301,0.006790928726483394,6.00516486450578e-07,False
0.7033945986496624,1.4216771097187042,12,1,-234.35728573043744,0.0,0.9993177971247249,0.00066277178207249,1.943109320262005e-05,False
0.7033945986496624,1.4216771097187042,12,2,178.82323146787536,0.0,0.9696265658618063,0.029421506726039874,0.0009519274121539125,True
0.7033683420855213,1.421730180569332,12,0,-13148.948355554623,0.0,0.9932266226577531,0.006772777171057301,6.001711896117385e-07,False
0.7033683420855213,1.421730180569332,12,1,-326.4425702437357,0.0,0.9994440247805149,0.0005314065812066646,2.4568638278497783e-05,False
0.7033683420855213,1.421730180569332,12,2,158.2473410475505,0.0,0.880924857101482,0.1161947401301049,0.0028804027684130678,True
0.7033420855213803,1.4217832553823508,12,0,-13158.722766970483,0.0,0.9934994154400182,0.006500145427882258,4.391320995720642e-07,False
0.7033420855213803,1.4217832553823508,12,1,-107.85080986377267,0.0,0.9984612309055152,0.001518337840555101,2.0431253929797546e-05,False
0.7033420855213803,1.4217832553823508,12,2,185.99628648823247,0.0,0.9832234021187153,0.016004386985511578,0.0007722108957731213,True
0.7033158289572393,1.4218363341582043,12,0,-13308.897441757159,0.0,0.9936033989517598,0.006396212006451977,3.8904178825804713e-07,False
0.7033158289572393,1.4218363341582043,12,1,-100.04438987434733,0.0,0.9984147676546471,0.0015575978305429647,2.763451480986064e-05,False
0.7033158289572393,1.4218363341582043,12,2,167.207916890177,0.0,0.9512811093636689,0.04697501848864351,0.00174387214768754,True
0.7032895723930983,1.421889416897337,12,0,-13587.446345415905,0.0,0.9935018671641376,0.006497679541963374,4.5329389912350223e-07,False
0.7032895723930983,1.421889416897337,12,1,-316.77662860917263,0.0,0.9989723420169875,0.0009951586843399839,3.2499298672580525e-05,False
0.7032895723930983,1.421889416897337,12,2,163.68776555869366,0.0,0.6898900173858783,0.3026363875146541,0.007473595099467695,True
0.7032633158289572,1.421942503600192,12,0,-13867.018427693354,0.0,0.9934290033262891,0.006570493987511603,5.026861991457283e-07,False
0.7032633158289572,1.421942503600192,12,1,-478.48293186282035,0.0,0.9991285530931037,0.0008397443164764965,3.170259041976643e-05,False
0.7032633158289572,1.421942503600192,12,2,174.2197192075861,0.0,0.6467876958027344,0.34498405426491885,0.008228249932346745,True
0.7032370592648162,1.4219955942672136,12,0,-14153.953116218534,0.0,0.9933841627588712,0.006615298532244651,5.387088841706968e-07,False
0.7032370592648162,1.4219955942672136,12,1,-682.2641168170736,0.0,0.99932556970339,0.0006394921119075875,3.4938184702298395e-05,False
0.7032370592648162,1.4219955942672136,12,2,164.1173190418398,0.0,0.03489425085555403,0.9469100567930326,0.018195692351413422,True
0.7032108027006752,1.4220486888988455,12,0,-14483.08998623695,0.0,0.9933040628829994,0.006695342731573933,5.943854266618049e-07,False
0.7032108027006752,1.4220486888988455,12,1,-829.9676694321663,0.0,0.9993897476934337,0.0005782511669058755,3.20011396604298e-05,False
0.7032108027006752,1.4220486888988455,12,2,181.36543476119135,0.0,0.1836897990633013,0.7996239517328616,0.01668624920383703,True
0.7031845461365341,1.4221017874955326,12,0,-14841.033240442444,0.0,0.9932021733191745,0.006797154272657186,6.724081683999224e-07,False
0.7031845461365341,1.4221017874955326,12,1,-1112.4492551532323,0.0,0.9995793861666437,0.0003877530239603071,3.286080939611007e-05,False
0.7031845461365341,1.4221017874955326,12,2,170.9997784739,0.0,0.23680736551853837,0.749769353850336,0.013423280631125667,True
0.7031582895723931,1.4221548900577183,12,0,-15057.278450570997,0.0,0.9933569911712861,0.006642438617079081,5.702116349284738e-07,False
0.7031582895723931,1.4221548900577183,12,1,-1030.5596987898546,0.0,0.9993542499152941,0.0006102709831198561,3.547910158612813e-05,False
0.7031582895723931,1.4221548900577183,12,2,180.5965058933513,0.0,0.09617611181110675,0.8867496901226964,0.017074198066196773,True
0.703132033008252,1.4222079965858474,12,0,-15223.868663760622,0.0,0.9936655170631089,0.006334096037360683,3.8689953038301956e-07,False
0.703132033008252,1.4222079965858474,12,1,-787.9120963303761,0.0,0.998783292684602,0.00117117606440974,4.5531250988263804e-05,False
0.703132033008252,1.4222079965858474,12,2,175.87498145972376,0.0,0.5040479465839175,0.48690456520988645,0.009047488206196106,True
0.703105776444111,1.4222611070803637,12,0,-15473.90256808726,0.0,0.993921397470476,0.006078344866576521,2.5766294733023087e-07,False
0.703105776444111,1.4222611070803637,12,1,-499.27747777141633,0.0,0.9979438959516127,0.001999949488464873,5.6154559922472175e-05,False
0.703105776444111,1.4222611070803637,12,2,175.98105940901334,0.0,0.6260377706857204,0.3670715747331385,0.006890654581141129,True
0.70307951987997,1.422314221541712,12,0,-15787.758461111853,0.0,0.9941450333358404,0.005854803001181556,1.636629780204608e-07,False
0.70307951987997,1.422314221541712,12,1,-172.67206215619615,0.0,0.9967265942447994,0.0032057370485311285,6.766870666947325e-05,False
0.70307951987997,1.422314221541712,12,2,177.80480954000691,0.0,0.6472085734770632,0.34592847814171346,0.006862948381223267,True
0.703053263315829,1.4223673399703365,12,0,-16158.726828590221,0.0,0.994368690508453,0.005631220398185842,8.909336117519331e-08,False
0.703053263315829,1.4223673399703365,12,1,149.24920441277558,0.0,0.9995355392334987,1.2822994900138221e-05,0.0004516377716011632,True
0.703053263315829,1.4223673399703365,12,2,206.5069078255597,0.0,0.9884569478227624,0.011535624547675741,7.427629561867619e-06,True
0.7030270067516879,1.4224204623666814,12,0,-16594.197970859826,0.0,0.9944735501901301,0.00552638859467728,6.121519264295471e-08,False
0.7030270067516879,1.4224204623666814,12,1,185.79754354571742,0.0,0.8815866407404532,0.1167958734080444,0.0016174858515023863,True
0.7030270067516879,1.4224204623666814,12,2,470.0527727497508,0.0,0.9941885539673413,0.005701295694025167,0.00011015033863357239,True
0.7030007501875468,1.422473588731192,12,0,-17069.09284517421,0.0,0.994412689343596,0.005587233418198188,7.72382058586879e-08,False
0.7030007501875468,1.422473588731192,12,1,33.93096977502088,0.0,0.9971916034918693,0.002623230442604623,0.00018516606552605069,True
0.7030007501875468,1.422473588731192,12,2,201.68669073440805,0.0,0.9732804716156411,0.026672791238303333,4.673714605551086e-05,True
0.7029744936234058,1.4225267190643125,12,0,-17563.90238909756,0.0,0.9943593003442215,0.005640607663224839,9.199255363460789e-08,False
0.7029744936234058,1.4225267190643125,12,1,-45.884011856583285,0.0,0.9950827678689131,0.004831307707816892,8.592442326991959e-05,False
0.7029744936234058,1.4225267190643125,12,2,194.5359574514706,0.0,0.7353745328134159,0.259527442982229,0.005098024204355048,True
0.7029482370592648,1.4225798533664875,12,0,-18076.91918018872,0.0,0.9943385712368376,0.005661330820317584,9.794284473228632e-08,False
0.7029482370592648,1.4225798533664875,12,1,-325.8553349683322,0.0,0.9960829599167308,0.003811900646807338,0.00010513943646179853,False
0.7029482370592648,1.4225798533664875,12,2,195.6291309793965,0.0,0.9202296420910491,0.07893432870695341,0.0008360292019975214,True
0.7029219804951238,1.4226329916381624,12,0,-18615.905726738718,0.0,0.9943125388946936,0.005687356070457466,1.050348489061304e-07,False
0.7029219804951238,1.4226329916381624,12,1,-429.8560488679932,0.0,0.9959630570634852,0.003944643552551835,9.229938396303139e-05,False
0.7029219804951238,1.4226329916381624,12,2,199.34692782269036,0.0,0.8696853878089176,0.12846112958341538,0.001853482607667008,True
0.7028957239309828,1.4226861338797814,12,0,-19179.10418422833,0.0,0.9942717277607539,0.005728155106874386,1.1713237163569664e-07,False
0.7028957239309828,1.4226861338797814,12,1,-673.9715990761279,0.0,0.9963464659275736,0.0035640273582118825,8.950671421452498e-05,False
0.7028957239309828,1.4226861338797814,12,2,204.62660375340053,0.0,0.8741595916425746,0.12408446143021233,0.0017559469272129837,True
0.7028694673668416,1.4227392800917895,12,0,-19759.353822883888,0.0,0.9942730877394423,0.005726797142981885,1.1511757591504201e-07,False
0.7028694673668416,1.4227392800917895,12,1,-786.1750513556794,0.0,0.99637693934877,0.0035323430884816325,9.07175627484098e-05,False
0.7028694673668416,1.4227392800917895,12,2,205.2842942634797,0.0,0.8797266360424815,0.11862986891516301,0.0016434950423555102,True
0.7028432108027006,1.4227924302746322,12,0,-20349.70824303273,0.0,0.9943546896776256,0.00564522259318549,8.772918898133963e-08,False
0.7028432108027006,1.4227924302746322,12,1,-641.0629749322912,0.0,0.9957147995526936,0.004184533951665051,0.00010066649564143615,False
0.7028432108027006,1.4227924302746322,12,2,212.25113725707453,0.0,0.8884842199391954,0.11004661675230398,0.0014691633085006906,True
0.7028169542385596,1.4228455844287538,12,0,-20979.98088459134,0.0,0.9944163858200732,0.005583545386697785,6.879322899404404e-08,False
0.7028169542385596,1.4228455844287538,12,1,-545.3616183984258,0.0,0.9952051214571348,0.004682723995655921,0.00011215454720926734,False
0.7028169542385596,1.4228455844287538,12,2,214.62789190488417,0.0,0.9039576404143319,0.09489511120526137,0.0011472483804068317,True
0.7027906976744186,1.4228987425545996,12,0,-21654.5014403867,0.0,0.9944340359509969,0.005565901753093831,6.229590929797663e-08,False
0.7027906976744186,1.4228987425545996,12,1,-593.9510698035034,0.0,0.9950744575929542,0.004808142306548693,0.00011740010049715257,False
0.7027906976744186,1.4228987425545996,12,2,218.80603578394943,0.0,0.9108394433778525,0.08815338875115918,0.0010071678709883067,True
0.7027644411102776,1.4229519046526151,12,0,-22364.573738203966,0.0,0.9944590243437985,0.005540921543454311,5.41127471291239e-08,False
0.7027644411102776,1.4229519046526151,12,1,-557.8513821076241,0.0,0.9947127511019344,0.005166771699240467,0.00012047719882520217,False
0.7027644411102776,1.4229519046526151,12,2,222.18842245841205,0.0,0.9065763920833242,0.09233301425216411,0.0010905936645116616,True
0.7027381845461365,1.4230050707232451,12,0,-23107.405839059527,0.0,0.9944727454658768,0.005527205729100567,4.880502254699433e-08,False
0.7027381845461365,1.4230050707232451,12,1,-630.6658579385623,0.0,0.9946508891915052,0.005221487155980167,0.0001276236525145246,False
0.7027381845461365,1.4230050707232451,12,2,228.77174101817974,0.0,0.9170763147398855,0.08204725610105346,0.0008764291590610768,True
0.7027119279819954,1.4230582407669357,12,0,-23887.024195623257,0.0,0.9945009543544905,0.005499005085783348,4.055972618914324e-08,False
0.7027119279819954,1.4230582407669357,12,1,-538.6083386239159,0.0,0.9941822458762622,0.005685627366189902,0.00013212675754785847,False
0.7027119279819954,1.4230582407669357,12,2,227.975556631603,0.0,0.9133469345883457,0.08570994216339962,0.000943123248254604,True
0.7026856714178544,1.4231114147841313,12,0,-24719.189686720834,0.0,0.9945634192170504,0.0054365539895788115,2.6793370803406415e-08,False
0.7026856714178544,1.4231114147841313,12,1,-400.7329184092841,0.0,0.9936603948563478,0.006176959009841137,0.00016264613381101968,False
0.7026856714178544,1.4231114147841313,12,2,241.0220834588374,0.0,0.936426095095988,0.06309244983577475,0.0004814550682372871,True
0.7026594148537134,1.4231645927752778,12,0,-25598.110410912803,0.0,0.9945748951552795,0.005425081847169604,2.2997550932771128e-08,False
0.7026594148537134,1.4231645927752778,12,1,-335.2941001787183,0.0,0.9932647717388734,0.006571398762961037,0.00016382949816548864,False
0.7026594148537134,1.4231645927752778,12,2,240.83470219126042,0.0,0.9320924060349387,0.06735678473939183,0.0005508092256693073,True
0.7026331582895724,1.4232177747408206,12,0,-26516.938089197076,0.0,0.9945294344414782,0.005470537231755314,2.832676656008049e-08,False
0.7026331582895724,1.4232177747408206,12,1,-630.8524640689935,0.0,0.9937606676579539,0.006090460603406617,0.00014887173863949857,False
0.7026331582895724,1.4232177747408206,12,2,241.87029462870169,0.0,0.9246193309761289,0.07467392671532112,0.0007067423085499521,True
0.7026069017254313,1.4232709606812055,12,0,-27483.985538928668,0.0,0.9944874573831267,0.005512509243896898,3.337297643066862e-08,False
0.7026069017254313,1.4232709606812055,12,1,-832.7859344275796,0.0,0.9940896333092308,0.005776604014879772,0.0001337626758894067,False
0.7026069017254313,1.4232709606812055,12,2,244.63331661804145,0.0,0.9087318939616301,0.09023071205893955,0.0010373939794303202,True
0.7025806451612903,1.423324150596878,12,0,-28504.888626075935,0.0,0.99445635123976,0.00554361223841727,3.6521822747326314e-08,False
0.7025806451612903,1.423324150596878,12,1,-1026.9238774267283,0.0,0.9944443630332004,0.005427577556753543,0.00012805941004620825,False
0.7025806451612903,1.423324150596878,12,2,243.52437091521733,0.0,0.9046764876156571,0.0941954312116491,0.0011280811726938904,True
0.7025543885971492,1.4233773444882836,12,0,-29586.162209040875,0.0,0.9944129993431343,0.005586958544171859,4.2112693832908024e-08,False
0.7025543885971492,1.4233773444882836,12,1,-1265.4875661317556,0.0,0.9948978069842588,0.004983466688610543,0.00011872632713068504,False
0.7025543885971492,1.4233773444882836,12,2,249.90749876540025,0.0,0.8936066334271026,0.1050216103872062,0.0013717561856912024,True
0.7025281320330082,1.4234305423558684,12,0,-30733.206487880096,0.0,0.9943595368160543,0.005640412971924129,5.021202165925945e-08,False
0.7025281320330082,1.4234305423558684,12,1,-1557.2762025189372,0.0,0.9954999706673886,0.0043902369303141136,0.00010979240229715915,False
0.7025281320330082,1.4234305423558684,12,2,247.5359295701433,0.0,0.8855644059999872,0.11288559466306691,0.001549999336945979,True
0.7025018754688672,1.4234837442000778,12,0,-31936.807135882784,0.0,0.9943782105447964,0.0056217470441634375,4.241104020615353e-08,False
0.7025018754688672,1.4234837442000778,12,1,-1507.4424363187277,0.0,0.9952163266612777,0.0046693196358991215,0.00011435370282319008,False
0.7025018754688672,1.4234837442000778,12,2,251.50013104420145,0.0,0.8878017472838012,0.11069313296623444,0.0015051197499642655,True
0.7024756189047261,1.4235369500213586,12,0,-33219.161030196956,0.0,0.9944591535415398,0.005540822224980598,2.4233479594583873e-08,False
0.7024756189047261,1.4235369500213586,12,1,-1109.3143277457432,0.0,0.9939901564731464,0.0058736078015931125,0.00013623572526058825,False
0.7024756189047261,1.4235369500213586,12,2,254.70687770241923,0.0,0.9042100843321401,0.09465023446233443,0.0011396812055253908,True
0.7024493623405851,1.4235901598201557,12,0,-34616.17888078565,0.0,0.9945262979032317,0.005473689600940051,1.2495828211894592e-08,False
0.7024493623405851,1.4235901598201557,12,1,-704.7041350250174,0.0,0.9927281242622439,0.007105145032538294,0.00016673070521781944,False
0.7024493623405851,1.4235901598201557,12,2,258.74371940028277,0.0,0.9217747381633591,0.07748160968383795,0.0007436521528029701,True
0.7024231057764441,1.4236433735969156,12,0,-36126.38875519183,0.0,0.9945792483801932,0.005420746042147437,5.577659366578955e-09,False
0.7024231057764441,1.4236433735969156,12,1,-340.0784295099153,0.0,0.991878755486342,0.007900120511968122,0.0002211240016899522,False
0.7024231057764441,1.4236433735969156,12,2,272.3437721453194,0.0,0.9427050485581557,0.05697880485587069,0.0003161465859735695,True
0.702396849212303,1.4236965913520845,12,0,-37768.34000143099,0.0,0.9946354312993771,0.005364567445575699,1.2550471027752177e-09,False
0.702396849212303,1.4236965913520845,12,1,81.97908126080847,0.0,0.9953884478206051,0.003990225212161563,0.0006213269672334182,True
0.702396849212303,1.4236965913520845,12,2,348.09057980259223,0.0,0.9719501839869439,0.02804930316954032,5.128435158267683e-07,True
0.702370592648162,1.4237498130861086,12,0,-39529.6014436727,0.0,0.9946534739578817,0.005346525790807515,2.5131085705884083e-10,False
0.702370592648162,1.4237498130861086,12,1,179.8965857494438,0.0,0.9952604770698719,0.0019185240328613612,0.002820998897266764,True
0.702370592648162,1.4237498130861086,12,2,511.44730138230085,0.0,0.9786845160197672,0.02125435214220929,6.113183802342722e-05,True
0.702344336084021,1.4238030387994338,12,0,-41370.07375635766,0.0,0.9946081216194205,0.005391877504910076,8.756695340013297e-10,False
0.702344336084021,1.4238030387994338,12,1,92.42574457185945,0.0,0.9958337507356334,0.003474729559759748,0.0006915197046067259,True
0.702344336084021,1.4238030387994338,12,2,361.7306137737868,0.0,0.9726865696357189,0.027310963865257727,2.46649902333087e-06,True
0.7023180795198799,1.423856268492507,12,0,-43346.31157616507,0.0,0.9945567024589185,0.0054432954107466085,2.1303348623300186e-09,False
0.7023180795198799,1.423856268492507,12,1,-148.18791134455805,0.0,0.9919891732202585,0.007716783863385781,0.00029404291635568616,False
0.7023180795198799,1.423856268492507,12,2,294.59539337573995,0.0,0.9549658699076516,0.04491998166268642,0.00011414842966191486,True
0.7022918229557389,1.423909502165774,12,0,-45491.213084243274,0.0,0.9945216739127793,0.0054783231774386005,2.909782125679419e-09,False
0.7022918229557389,1.423909502165774,12,1,-291.93456364263295,0.0,0.9917370213414008,0.008022779724637144,0.00024019893396198276,False
0.7022918229557389,1.423909502165774,12,2,280.90932176800885,0.0,0.9447082153929657,0.055025011493693404,0.00026677311334089184,True
0.7022655663915979,1.4239627398196812,12,0,-47812.49184696289,0.0,0.9944853154298962,0.005514680695764645,3.874339274773303e-09,False
0.7022655663915979,1.4239627398196812,12,1,-463.7863730066385,0.0,0.9919408453718361,0.007852866922106745,0.00020628770605708222,False
0.7022655663915979,1.4239627398196812,12,2,272.4178429145733,0.0,0.9339430859209608,0.06559189118508078,0.0004650228939585478,True
0.7022393098274569,1.4240159814546756,12,0,-50334.30006610126,0.0,0.9944447862988685,0.005555208438094633,5.2630369296237505e-09,False
0.7022393098274569,1.4240159814546756,12,1,-698.0908192909158,0.0,0.9924921382916243,0.007328137329406035,0.00017972437896966682,False
0.7022393098274569,1.4240159814546756,12,2,269.2514295336722,0.0,0.9220479263980361,0.07723812242658755,0.000713951175376246,True
0.7022130532633158,1.4240692270712034,12,0,-53087.13475242228,0.0,0.994416283719741,0.005583710424993445,5.855265573367252e-09,False
0.7022130532633158,1.4240692270712034,12,1,-826.1487894494946,0.0,0.9929033326810683,0.00692792368733392,0.00016874363159763957,False
0.7022130532633158,1.4240692270712034,12,2,264.0036682169865,0.0,0.9162516460314339,0.08290551162352072,0.0008428423450453181,True
0.7021867966991747,1.4241224766697116,12,0,-56114.19246559653,0.0,0.9944156275213616,0.005584368123082394,4.355556123318571e-09,False
0.7021867966991747,1.4241224766697116,12,1,-673.1718363048947,0.0,0.992545316288499,0.007277113395539503,0.0001775703159615411,False
0.7021867966991747,1.4241224766697116,12,2,266.42512666025107,0.0,0.9188651514931973,0.08035641909559628,0.0007784294112064721,True
0.7021605401350337,1.4241757302506466,12,0,-59452.04766418098,0.0,0.9944124913838384,0.005587505392269262,3.2238923794636263e-09,False
0.7021605401350337,1.4241757302506466,12,1,-564.9039887762226,0.0,0.9923721709178641,0.007435960251020843,0.0001918688311150702,False
0.7021605401350337,1.4241757302506466,12,2,267.6416840201748,0.0,0.9271663482830241,0.07223094333641863,0.0006027083805571707,True
0.7021342835708927,1.424228987814455,12,0,-63134.10168589365,0.0,0.9943938269258096,0.005606169972898665,3.101291809006162e-09,False
0.7021342835708927,1.424228987814455,12,1,-578.0571527597267,0.0,0.9925152135633841,0.007298057659599781,0.00018672877701612635,False
0.7021342835708927,1.424228987814455,12,2,264.43311725515196,0.0,0.9242716469478355,0.07506565501489418,0.0006626980372703794,True
0.7021080270067517,1.424282249361584,12,0,-67223.04067259858,0.0,0.9943776349307097,0.005622362219575925,2.84971440028151e-09,False
0.7021080270067517,1.424282249361584,12,1,-551.2798862298175,0.0,0.9925705359025446,0.007246599566552165,0.00018286453090326867,False
0.7021080270067517,1.424282249361584,12,2,261.6148840435268,0.0,0.9208834612718959,0.07838498183796476,0.0007315568901393243,True
0.7020817704426107,1.4243355148924803,12,0,-71783.92244404883,0.0,0.9943595414104991,0.005640455868056888,2.7214440572214403e-09,False
0.7020817704426107,1.4243355148924803,12,1,-614.5618670751084,0.0,0.9928605271799041,0.006957917734286364,0.00018155508580947947,False
0.7020817704426107,1.4243355148924803,12,2,262.55437935219953,0.0,0.9226706864955619,0.07662839504658386,0.0007009184578540699,True
0.7020555138784697,1.4243887844075909,12,0,-76899.3708339404,0.0,0.9943451206800298,0.005654876898205637,2.421764584434737e-09,False
0.7020555138784697,1.4243887844075909,12,1,-527.7954865650122,0.0,0.992831722851362,0.006991679623844608,0.00017659752479345104,False
0.7020555138784697,1.4243887844075909,12,2,254.47087673903053,0.0,0.9165580247408026,0.08261774811288178,0.0008242271463154971,True
0.7020292573143285,1.4244420579073631,12,0,-82685.96736879283,0.0,0.9943432740706071,0.005656724338570911,1.5908220127941271e-09,False
0.7020292573143285,1.4244420579073631,12,1,-370.5158672011445,0.0,0.9927012690375098,0.00709671790265671,0.00020201305983350194,False
0.7020292573143285,1.4244420579073631,12,2,260.84048130557267,0.0,0.932967155226154,0.06654252371953352,0.000490321054312411,True
0.7020030007501875,1.4244953353922438,12,0,-89255.56270621112,0.0,0.9943282929446874,0.0056717056394367665,1.4158758928134265e-09,False
0.7020030007501875,1.4244953353922438,12,1,-311.0285080709829,0.0,0.9927749591541764,0.007026548442976425,0.0001984924028471972,False
0.7020030007501875,1.4244953353922438,12,2,255.6261713344178,0.0,0.9309820613956405,0.06849002651276023,0.000527912091599279,True
0.7019767441860465,1.4245486168626802,12,0,-96748.7794812473,0.0,0.9942974045631129,0.005702593512126321,1.9247607988049194e-09,False
0.7019767441860465,1.4245486168626802,12,1,-549.657749714806,0.0,0.9934905771699399,0.006343938440217735,0.00016548438984228964,False
0.7019767441860465,1.4245486168626802,12,2,246.42470075558845,0.0,0.9111304455308672,0.08792120312892493,0.0009483513402079079,True
0.7019504876219055,1.4246019023191194,12,0,-105371.33496748081,0.0,0.994269400065748,0.005730597545719633,2.3885324393432847e-09,False
0.7019504876219055,1.4246019023191194,12,1,-786.0232070920371,0.0,0.9943199003716271,0.005536884450021462,0.0001432151783514567,False
0.7019504876219055,1.4246019023191194,12,2,243.9581956365961,0.0,0.8901887218827598,0.10838977751203041,0.0014215006052099052,True
0.7019242310577645,1.4246551917620087,12,0,-115381.70631257432,0.0,0.9942471379151021,0.005752859463678583,2.621219378387057e-09,False
0.7019242310577645,1.4246551917620087,12,1,-951.1447725078037,0.0,0.9950175603702692,0.004853412734364066,0.00012902689536673038,False
0.7019242310577645,1.4246551917620087,12,2,236.60509153649582,0.0,0.8720040621184254,0.12615623452804034,0.0018397033535342453,True
0.7018979744936233,1.424708485191796,12,0,-127121.938749869,0.0,0.9942247559146699,0.005775241178495097,2.9068350041158534e-09,False
0.7018979744936233,1.424708485191796,12,1,-1174.5421211737926,0.0,0.9958036506053839,0.004081834398815656,0.00011451499580030149,False
0.7018979744936233,1.424708485191796,12,2,237.3060546707758,0.0,0.8459995838539922,0.15156315265661952,0.0024372634893882043,True
0.7018717179294823,1.424761782608928,12,0,-141027.6712805323,0.0,0.994202728078376,0.005797268693874397,3.227749699162528e-09,False
0.7018717179294823,1.424761782608928,12,1,-1428.8776045968164,0.0,0.9966419293586842,0.0032577174977956435,0.0001003531435201135,False
0.7018717179294823,1.424761782608928,12,2,230.77509941277629,0.0,0.8106380535833051,0.18612291058973066,0.0032390358269643307,True
0.7018454613653413,1.4248150840138527,12,0,-157686.12359921116,0.0,0.994197121926732,0.0058028754098012475,2.6634666351226975e-09,False
0.7018454613653413,1.4248150840138527,12,1,-1428.2866636831243,0.0,0.9968380267942831,0.003062975620217476,9.899758549938212e-05,False
0.7018454613653413,1.4248150840138527,12,2,227.46499122248568,0.0,0.8165165142319245,0.18038628762682213,0.003097198141253306,True
0.7018192048012003,1.4248683894070175,12,0,-177974.620574354,0.0,0.9942048226443042,0.005795175760984203,1.594711579491524e-09,False
0.7018192048012003,1.4248683894070175,12,1,-989.1531455780103,0.0,0.9961575483042937,0.0037373747919154606,0.00010507690379081002,False
0.7018192048012003,1.4248683894070175,12,2,224.77710880766261,0.0,0.785577801455685,0.2105328464740272,0.0038893520702877977,True
0.7017929482370593,1.42492169878887,12,0,-203103.84443526345,0.0,0.9942100037357608,0.00578999536364404,9.005951165664101e-10,False
0.7017929482370593,1.42492169878887,12,1,-662.8315576916644,0.0,0.9955985283150302,0.004281167045784757,0.00012030463918506731,False
0.7017929482370593,1.42492169878887,12,2,217.07009365685798,0.0,0.8492091275461716,0.14841579655942513,0.002375075894403221,True
0.7017666916729182,1.424975012159858,12,0,-234730.87166636612,0.0,0.9942120444950091,0.005787955012775792,4.922151276360222e-10,False
0.7017666916729182,1.424975012159858,12,1,-257.210680701557,0.0,0.9947558726369721,0.005115646718548965,0.00012848064447907104,False
0.7017666916729182,1.424975012159858,12,2,213.85380785725866,0.0,0.8335400551917915,0.1636902938001532,0.002769651008055363,True
0.7017404351087771,1.4250283295204291,12,0,-275242.3797481726,0.0,0.9942141056793056,0.005785894100237085,2.2045734933822978e-10,False
0.7017404351087771,1.4250283295204291,12,1,156.48744158799238,0.0,0.9966721480230596,0.0030446405557462346,0.0002832114211942418,True
0.7017404351087771,1.4250283295204291,12,2,215.83915610502578,0.0,0.9723815981145646,0.027594407262172226,2.3994623263165116e-05,True
0.7017141785446361,1.4250816508710318,12,0,-328100.58692568575,0.0,0.9942105272070769,0.005789472672433478,1.2048965636496553e-10,False
0.7017141785446361,1.4250816508710318,12,1,205.59910410302544,0.0,0.7044037553447587,0.2890128166744781,0.006583427980763238,True
0.7017141785446361,1.4250816508710318,12,2,448.8141591678094,0.0,0.9923632785643165,0.007497723659958191,0.00013899777572531417,True
0.7016879219804951,1.425134976212113,12,0,-398389.4321658815,0.0,0.9941996242456822,0.005800375622524992,1.3179275905862504e-10,False
0.7016879219804951,1.425134976212113,12,1,196.70686655987885,0.0,0.31316229652535543,0.6589302903875737,0.02790741308707089,True
0.7016879219804951,1.425134976212113,12,2,227.63989861236195,0.0,0.9929668382133582,0.006932267282027613,0.00010089450461430669,True
0.7016616654163541,1.4251883055441217,12,0,-493832.5138673842,0.0,0.9941902281520867,0.005809771709879548,1.3803375463264551e-10,False
0.7016616654163541,1.4251883055441217,12,1,-26.549265771168553,0.0,0.9950864347600901,0.004814261291429943,9.930394847999164e-05,False
0.7016616654163541,1.4251883055441217,12,2,199.32178731002966,0.0,0.14028760901187237,0.8354531691794255,0.024259221808702217,True
0.701635408852213,1.425241638867505,12,0,-626124.9461623863,0.0,0.994184536131366,0.005815463755393886,1.1324005500846437e-10,False
0.701635408852213,1.425241638867505,12,1,-162.749975301401,0.0,0.995975217609897,0.003935792120134935,8.899026996802508e-05,False
0.701635408852213,1.425241638867505,12,2,197.31476088104196,0.0,0.00609888724467025,0.9651000346473125,0.028801078108017335,True
0.701609152288072,1.4252949761827116,12,0,-812014.169927437,0.0,0.9941802834569565,0.005819716455686149,8.735741858159456e-11,False
0.701609152288072,1.4252949761827116,12,1,-311.6566657888563,0.0,0.9968527482020489,0.003065839883524333,8.141191442672985e-05,False
0.701609152288072,1.4252949761827116,12,2,193.3589232582561,0.0,0.0018363581491340813,0.970566807096315,0.02759683475455087,True
0.701582895723931,1.4253483174901895,12,0,-1070553.9960074546,0.0,0.9941769893436598,0.005823010590435242,6.590493335124958e-11,False
0.701582895723931,1.4253483174901895,12,1,-455.9095398293,0.0,0.9975522537086631,0.0023783148012138772,6.943149012309193e-05,False
0.701582895723931,1.4253483174901895,12,2,197.7291697640181,0.0,0.34812719061295827,0.6321837171677431,0.019689092219298574,True
0.7015566391597899,1.425401662790387,12,0,-1405805.248931901,0.0,0.9941750105057484,0.005824989448472769,4.577887867795762e-11,False
0.7015566391597899,1.425401662790387,12,1,-575.9428346989897,0.0,0.998153449163955,0.0017806570759147853,6.589376013019372e-05,False
0.7015566391597899,1.425401662790387,12,2,188.03512503766527,0.0,0.13875711389235368,0.837906458895474,0.023336427212172293,True
0.7015303825956489,1.425455012083752,12,0,-1754692.9666829498,0.0,0.9941741449522011,0.005825855018735714,2.9063151100587997e-11,False
0.7015303825956489,1.425455012083752,12,1,-408.9555847594263,0.0,0.9979847019423959,0.001957279743178261,5.801831442581516e-05,False
0.7015303825956489,1.425455012083752,12,2,196.44633057311822,0.0,0.8240229776751169,0.16966642597257806,0.006310596352305014,True
0.7015041260315078,1.425508365370734,12,0,-1931332.561174734,0.0,0.9941728861497617,0.005827113827330039,2.2908212721067712e-11,False
0.7015041260315078,1.425508365370734,12,1,-300.16885844360786,0.0,0.9979368857884171,0.002008835234065268,5.427897751768116e-05,False
0.7015041260315078,1.425508365370734,12,2,193.35679941524094,0.0,0.9065897722431155,0.0895975843674434,0.0038126433894409345,True
0.7014778694673668,1.4255617226517805,12,0,-1774994.9383383512,0.0,0.9941706557083773,0.005829344264021947,2.7600864036464705e-11,False
0.7014778694673668,1.4255617226517805,12,1,-285.8728035010193,0.0,0.9981425159770441,0.0018093482160885341,4.813580686738923e-05,False
0.7014778694673668,1.4255617226517805,12,2,195.18467225107145,0.0,0.9489173321613674,0.048761864001301,0.0023208038373316617,True
0.7014516129032258,1.4256150839273396,12,0,-1399157.7318186348,0.0,0.9941677495952169,0.005832250360838144,4.394492362436502e-11,False
0.7014516129032258,1.4256150839273396,12,1,-256.68550294205625,0.0,0.9982807713939018,0.0016767033745473453,4.252523155083774e-05,False
0.7014516129032258,1.4256150839273396,12,2,198.71238259916382,0.0,0.9704635900316412,0.028025365748881956,0.0015110442194769167,True
0.7014253563390848,1.425668449197861,12,0,-1020705.6151541573,0.0,0.99416366965135,0.005836330264597725,8.405232156446748e-11,False
0.7014253563390848,1.425668449197861,12,1,-226.49098359181326,0.0,0.9983520156942627,0.001613014768282944,3.49695374543642e-05,False
0.7014253563390848,1.425668449197861,12,2,212.79500239944028,0.0,0.9858878264038061,0.013225791559552237,0.0008863820366416448,True
0.7013990997749437,1.4257218184637928,12,0,-732049.4249654394,0.0,0.9941585042126955,0.005841495623189071,1.6411545850310195e-10,False
0.7013990997749437,1.4257218184637928,12,1,-205.10131238711264,0.0,0.9985462572726665,0.0014206118154697898,3.313091186367288e-05,False
0.7013990997749437,1.4257218184637928,12,2,202.78440266181963,0.0,0.9869707951486852,0.012224954803836457,0.0008042500474783157,True
0.7013728432108026,1.425775191725584,12,0,-531947.761260511,0.0,0.9941538435004259,0.005846156220923883,2.7865012513519637e-10,False
0.7013728432108026,1.425775191725584,12,1,-45.122542997464954,0.0,0.9973091463270447,0.0026766960693854983,1.4157603569845359e-05,False
0.7013728432108026,1.425775191725584,12,2,261.53874196384515,0.0,0.9984251095343988,0.0012792196310591007,0.00029567083454209634,True
0.7013465866466616,1.4258285689836827,12,0,-395741.420717795,0.0,0.9941462011771255,0.0058537983091065966,5.137680129636826e-10,False
0.7013465866466616,1.4258285689836827,12,1,-19.119414469361182,0.0,0.9970181422948217,0.002973657960726836,8.19974445152856e-06,False
0.7013465866466616,1.4258285689836827,12,2,284.63674376383346,0.0,0.9991284282701595,0.000645304892713311,0.00022626683712727945,True
0.7013203300825206,1.4258819502385385,12,0,-301993.7807463006,0.0,0.9941315590810368,0.0058684398388011505,1.080162098200841e-09,False
0.7013203300825206,1.4258819502385385,12,1,-124.91154872269594,0.0,0.9986697714799653,0.001312265940276899,1.7962579757846496e-05,False
0.7013203300825206,1.4258819502385385,12,2,237.49245375188806,0.0,0.9965663883425553,0.0031128809807991235,0.00032073067664562346,True
0.7012940735183796,1.4259353354906,12,0,-236177.55348379925,0.0,0.9941120931474772,0.00588790472748492,2.1250379689108387e-09,False
0.7012940735183796,1.4259353354906,12,1,-187.58684245187223,0.0,0.9990862866810375,0.0008985248802494566,1.5188438713083813e-05,False
0.7012940735183796,1.4259353354906,12,2,268.5049610070367,0.0,0.9967247639363082,0.003011189141154371,0.00026404692253749045,True
0.7012678169542386,1.425988724740316,12,0,-188861.02268621261,0.0,0.9940886804446798,0.0059113157263796755,3.828940518658454e-09,False
0.7012678169542386,1.425988724740316,12,1,-280.825885745415,0.0,0.999601756351446,0.0003786770183804054,1.9566630173540516e-05,False
0.7012678169542386,1.425988724740316,12,2,223.08280784720762,0.0,0.9930775674766144,0.006568339202069249,0.000354093321316481,True
0.7012415603900974,1.4260421179881362,12,0,-154108.3931306958,0.0,0.9940574922519823,0.005942500992752167,6.755265615350919e-09,False
0.7012415603900974,1.4260421179881362,12,1,-298.8927119369599,0.0,0.9996973881953376,0.00028874677123293704,1.3865033429581896e-05,False
0.7012415603900974,1.4260421179881362,12,2,277.31117720955984,0.0,0.9957098786586237,0.004061622066047838,0.00022849927532848292,True
0.7012153038259564,1.426095515234509,12,0,-128099.80028639492,0.0,0.9940161664020649,0.005983821867731303,1.173020381852625e-08,False
0.7012153038259564,1.426095515234509,12,1,-421.4465640841077,0.0,0.9999353294322479,4.835189055544199e-05,1.631867719664618e-05,False
0.7012153038259564,1.426095515234509,12,2,230.92702985610228,0.0,0.992091076647659,0.007615887127072595,0.0002930362252683548,True
0.7011890472618154,1.4261489164798835,12,0,-108064.67022827985,0.0,0.9939859544021736,0.006014029026942353,1.657088401711001e-08,False
0.7011890472618154,1.4261489164798835,12,1,-321.81403228522754,0.0,0.9998826374646165,0.000106160374417674,1.1202160965793427e-05,False
0.7011890472618154,1.4261489164798835,12,2,288.12802492920724,0.0,0.9959509357453218,0.003869158785583862,0.00017990546909434356,True
0.7011627906976744,1.4262023217247095,12,0,-92309.22834048235,0.0,0.9939781952469399,0.006021785844407686,1.89086524079436e-08,False
0.7011627906976744,1.4262023217247095,12,1,-185.38180037676344,0.0,0.9996767883272965,0.0003143353212515382,8.876351452024512e-06,False
0.7011627906976744,1.4262023217247095,12,2,291.20550291007436,0.0,0.9973503819695583,0.0024933484460402215,0.00015626958440161876,True
0.7011365341335334,1.4262557309694366,12,0,-79904.75423573215,0.0,0.9939764569530638,0.006023522516249971,2.0530686304120472e-08,False
0.7011365341335334,1.4262557309694366,12,1,-45.67058811617279,0.0,0.9984552576447588,0.0015442340843065954,5.082709345352574e-07,False
0.7011365341335334,1.4262557309694366,12,2,424.81289799132566,0.0,0.9992769487383648,0.000624715553293028,9.833570834213999e-05,True
0.7011102775693923,1.4263091442145135,12,0,-70005.08000051255,0.0,0.9939785787920155,0.00602139951386125,2.1694123260676502e-08,False
0.7011102775693923,1.4263091442145135,12,1,28.50398266183406,0.0,0.9959838180638483,0.004012417037291523,3.7648988601172224e-06,True
0.7011102775693923,1.4263091442145135,12,2,511.9684384944961,0.0,0.9997576754857813,0.00015914208884994243,8.318242536872479e-05,True
0.7010840210052512,1.42636256146039,12,0,-61965.13322090053,0.0,0.9939961973499719,0.006003782168225345,2.0481802715032703e-08,False
0.7010840210052512,1.42636256146039,12,1,70.81627173363573,0.0,0.9875490190501046,0.01238941536681851,6.15655830769314e-05,True
0.7010840210052512,1.42636256146039,12,2,773.320402817035,0.0,0.999924170216166,8.945639374772673e-07,7.493521989660989e-05,True
0.7010577644411102,1.4264159827075154,12,0,-55480.89249654957,0.0,0.9939991863705508,0.006000792009625871,2.1619823270442705e-08,False
0.7010577644411102,1.4264159827075154,12,1,86.89131214069457,0.0,0.980872772691273,0.01900021661689189,0.00012701069183510352,True
0.7010577644411102,1.4264159827075154,12,2,916.2655914591794,0.0,0.9998836407358077,4.1019004454099336e-05,7.534025973826641e-05,True
0.7010315078769692,1.4264694079563391,12,0,-50252.77242588294,0.0,0.9939503008851063,0.00604966698403311,3.213086057417992e-08,False
0.7010315078769692,1.4264694079563391,12,1,72.41055857326744,0.0,0.987040269164543,0.012888511437008952,7.12193984480507e-05,True
0.7010315078769692,1.4264694079563391,12,2,792.5649518467548,0.0,0.9999283607584969,4.203950289608308e-08,7.159720200026847e-05,True
0.7010052513128282,1.426522837207311,12,0,-45904.52486279558,0.0,0.9938874059242572,0.006112546110863186,4.7964879574157774e-08,False
0.7010052513128282,1.426522837207311,12,1,48.42114111310297,0.0,0.9929336531462292,0.00704109672646222,2.5250127308658208e-05,True
0.7010052513128282,1.426522837207311,12,2,726.0775812722691,0.0,0.9998730853147849,5.659106209923233e-05,7.032362311595931e-05,True
0.7009789947486872,1.4265762704608815,12,0,-42204.89436236878,0.0,0.9938339190458412,0.0061660164375787275,6.451658011193067e-08,False
0.7009789947486872,1.4265762704608815,12,1,41.1902473521778,0.0,0.9953289252040821,0.0046601403687205395,1.0934427197353529e-05,True
0.7009789947486872,1.4265762704608815,12,2,576.5143104780047,0.0,0.9997753033639287,0.000153932188038437,7.076444803282581e-05,True
0.7009527381845461,1.4266297077174996,12,0,-39063.72528438187,0.0,0.9937747705706867,0.00622514437848899,8.505082418704148e-08,False
0.7009527381845461,1.4266297077174996,12,1,10.232873723706504,0.0,0.9963608660404297,0.0036317506997364255,7.383259833779629e-06,True
0.7009527381845461,1.4266297077174996,12,2,682.4914900607558,0.0,0.9996887038882591,0.00024321178591345968,6.808432582742868e-05,True
0.700926481620405,1.4266831489776153,12,0,-36408.15579805771,0.0,0.9936981936485414,0.006301691237616145,1.1511384244948051e-07,False
0.700926481620405,1.4266831489776153,12,1,-8.10879594160466,0.0,0.9984765704489067,0.001523314256210549,1.1529488277237355e-07,False
0.700926481620405,1.4266831489776153,12,2,449.1137608098668,0.0,0.999332029004125,0.0005920086253228035,7.596237055228063e-05,True
0.700900225056264,1.4267365942416783,12,0,-34057.99686233148,0.0,0.9936400347679408,0.006359823685961421,1.4154609770870865e-07,False
0.700900225056264,1.4267365942416783,12,1,-29.131857225301037,0.0,0.9983225701748369,0.0016765263858401337,9.034393228329829e-07,False
0.700900225056264,1.4267365942416783,12,2,583.2865288031221,0.0,0.9993797756857943,0.0005518556579195722,6.836865628610754e-05,True
0.700873968492123,1.426790043510139,12,0,-31873.0281821936,0.0,0.9936286135953522,0.006371234882360974,1.5152228687975023e-07,False
0.700873968492123,1.426790043510139,12,1,-5.241213889829739,0.0,0.9981827764625958,0.0018164173307942684,8.062066099256185e-07,False
0.700873968492123,1.426790043510139,12,2,505.4087970911479,0.0,0.9994188728097549,0.0005092279257102522,7.189926453480648e-05,True
0.700847711927982,1.4268434967834474,12,0,-29956.740700147402,0.0,0.9936211735444562,0.00637866676904152,1.5968650223807858e-07,False
0.700847711927982,1.4268434967834474,12,1,5.648145408992908,0.0,0.9971670879479912,0.0028283802361163163,4.53181589251304e-06,True
0.700847711927982,1.4268434967834474,12,2,620.0490531957851,0.0,0.9995987311224828,0.00033324795487288855,6.802092264426846e-05,True
0.700821455363841,1.4268969540620533,12,0,-28340.671596430322,0.0,0.9935801884810701,0.006419628027021001,1.834919089374693e-07,False
0.700821455363841,1.4268969540620533,12,1,6.423148438842171,0.0,0.9975132193108104,0.0024837777631352303,3.0029260544241203e-06,True
0.700821455363841,1.4268969540620533,12,2,559.9335100122411,0.0,0.9995513706661853,0.0003791266315040578,6.95027023106061e-05,True
0.7007951987996999,1.4269504153464077,12,0,-26878.981997744788,0.0,0.9935478194746669,0.006451976070995562,2.0445433756111604e-07,False
0.7007951987996999,1.4269504153464077,12,1,4.651786492474052,0.0,0.9973338687844171,0.002662174467860156,3.956747722881157e-06,True
0.7007951987996999,1.4269504153464077,12,2,602.2366420658714,0.0,0.9995779605603,0.0003534558813953974,6.858355830467367e-05,True
0.7007689422355589,1.4270038806369598,12,0,-25582.68658732119,0.0,0.9935070851782343,0.006492683691486075,2.3113027973609666e-07,False
0.7007689422355589,1.4270038806369598,12,1,4.05309024998371,0.0,0.9975852942788369,0.0024118204550152723,2.885266147763469e-06,True
0.7007689422355589,1.4270038806369598,12,2,573.0046378256468,0.0,0.9995422411150436,0.00038796831509902715,6.979056985735458e-05,True
0.7007426856714178,1.4270573499341606,12,0,-24380.206068408846,0.0,0.9934839689337686,0.0065157811250098185,2.49941221664561e-07,False
0.7007426856714178,1.4270573499341606,12,1,6.984012763316795,0.0,0.9972381847966942,0.002757413833747856,4.401369558005811e-06,True
0.7007426856714178,1.4270573499341606,12,2,593.9663386684858,0.0,0.9995935155134126,0.00033747762041176117,6.900686617559301e-05,True
0.7007164291072768,1.4271108232384602,12,0,-23200.992198406355,0.0,0.9935115311008513,0.006488226612539677,2.4228660906228023e-07,False
0.7007164291072768,1.4271108232384602,12,1,29.850678036361543,0.0,0.9957390802055893,0.004249323318050749,1.1596476359951375e-05,True
0.7007164291072768,1.4271108232384602,12,2,655.8065449958182,0.0,0.9997432984875152,0.0001875647672195517,6.913674526525531e-05,True
0.7006901725431358,1.4271643005503094,12,0,-22228.069087380187,0.0,0.993482320932707,0.006517414034715948,2.650325770249733e-07,False
0.7006901725431358,1.4271643005503094,12,1,29.091979607047083,0.0,0.9956282475185441,0.004359350761575413,1.240171988050847e-05,True
0.7006901725431358,1.4271643005503094,12,2,665.0786700242942,0.0,0.9997508912831455,0.00017993539338703688,6.91733234675556e-05,True
0.7006639159789947,1.4272177818701586,12,0,-21468.352296032488,0.0,0.9933685709631083,0.006631089832754215,3.39204137573322e-07,False
0.7006639159789947,1.4272177818701586,12,1,3.496656017966325,0.0,0.9975443599121708,0.0024524831980400215,3.1568897892002106e-06,True
0.7006639159789947,1.4272177818701586,12,2,571.8395294843796,0.0,0.9995535802020941,0.00037574884542668305,7.067095247923696e-05,True
0.7006376594148537,1.4272712671984582,12,0,-20771.281372944562,0.0,0.9932503396501546,0.006749235704232099,4.246456132973188e-07,False
0.7006376594148537,1.4272712671984582,12,1,-27.036878725506757,0.0,0.9985931975769515,0.0014063956208004442,4.06802247969965e-07,False
0.7006376594148537,1.4272712671984582,12,2,534.6616079077448,0.0,0.9993173574752842,0.0006102306109799017,7.24119137360414e-05,True
0.7006114028507127,1.427324756535659,12,0,-20111.44823544763,0.0,0.9931398977509458,0.006859588271760798,5.139772934303388e-07,False
0.7006114028507127,1.427324756535659,12,1,-53.082748451126065,0.0,0.9991468727806915,0.0008531166722948504,1.0547013817382204e-08,False
0.7006114028507127,1.427324756535659,12,2,481.6732618240492,0.0,0.9990803192639345,0.0008450510571553753,7.462967891018354e-05,True
0.7005851462865716,1.4273782498822118,12,0,-19554.539801035568,0.0,0.9929953624595091,0.007003999042869045,6.384976216773357e-07,False
0.7005851462865716,1.4273782498822118,12,1,-90.75374520743254,0.0,0.9995892983708663,0.0004100570385310365,6.445906025685923e-07,False
0.7005851462865716,1.4273782498822118,12,2,453.9090427631389,0.0,0.9987276800466555,0.0011948390041012392,7.748094924329108e-05,True
0.7005588897224306,1.4274317472385674,12,0,-19079.301911099607,0.0,0.9928231021283327,0.007176097052858748,8.00818808549702e-07,False
0.7005588897224306,1.4274317472385674,12,1,-131.24102444980673,0.0,0.9998172563604151,0.0001814373479714385,1.306291613326512e-06,False
0.7005588897224306,1.4274317472385674,12,2,435.8020135712523,0.0,0.9983978995433708,0.0015250650455896357,7.703541103957607e-05,True
0.7005326331582895,1.4274852486051768,12,0,-18380.610549049055,0.0,0.9928006048838693,0.007198558914838696,8.362012920047904e-07,False
0.7005326331582895,1.4274852486051768,12,1,-124.89619517295407,0.0,0.9998185829630999,0.00017971938946360883,1.6976474365366023e-06,False
0.7005326331582895,1.4274852486051768,12,2,409.00931857221724,0.0,0.9983531779639534,0.0015651791021308542,8.164293391570839e-05,True
0.7005063765941485,1.4275387539824904,12,0,-17491.484910203777,0.0,0.9929463659887044,0.007052917658877313,7.163524183103496e-07,False
0.7005063765941485,1.4275387539824904,12,1,-61.24542662494078,0.0,0.9992047941367392,0.0007951919995670514,1.3863693849027482e-08,False
0.7005063765941485,1.4275387539824904,12,2,500.465134205577,0.0,0.999062122043557,0.0008626066454397913,7.527131100324757e-05,True
0.7004801200300075,1.42759226337096,12,0,-16708.588080651487,0.0,0.9930836927100604,0.006915694317167106,6.129727725242235e-07,False
0.7004801200300075,1.42759226337096,12,1,-8.0871582733139,0.0,0.9980349239075467,0.001963489278175703,1.586814277631805e-06,False
0.7004801200300075,1.42759226337096,12,2,544.645373312984,0.0,0.9994790579820684,0.00044665740226987604,7.428461566180182e-05,True
0.7004538634658665,1.4276457767710358,12,0,-16007.574411931138,0.0,0.9932260243925525,0.006773464407633441,5.111998140338532e-07,False
0.7004538634658665,1.4276457767710358,12,1,31.659215630037274,0.0,0.9952468629533987,0.004738134943022032,1.5002103579346155e-05,True
0.7004538634658665,1.4276457767710358,12,2,676.0561570620083,0.0,0.9997888289444773,0.00013835204886599473,7.281900665670882e-05,True
0.7004276069017255,1.4276992941831697,12,0,-15346.610637865631,0.0,0.9934089365525823,0.006590673650887888,3.897965296710905e-07,False
0.7004276069017255,1.4276992941831697,12,1,64.89265107199907,0.0,0.9880411210472475,0.01188416582878165,7.471312397087676e-05,True
0.7004276069017255,1.4276992941831697,12,2,861.4471328550866,0.0,0.9999244489886121,3.747852396367641e-07,7.517622614817754e-05,True
0.7004013503375843,1.4277528156078123,12,0,-14851.130389509073,0.0,0.9934772007450896,0.006522446245456719,3.530094537725839e-07,False
0.7004013503375843,1.4277528156078123,12,1,75.05160785803045,0.0,0.9838891876819638,0.015995009872558374,0.00011580244547777045,True
0.7004013503375843,1.4277528156078123,12,2,992.733996585571,0.0,0.9999051581851779,1.5982395092935643e-05,7.885941972908821e-05,True
0.7003750937734433,1.4278063410454156,12,0,-14557.659313175063,0.0,0.9933303507647941,0.006669183730983234,4.655042225887008e-07,False
0.7003750937734433,1.4278063410454156,12,1,62.7139863633514,0.0,0.9891694679087626,0.010766070992658416,6.446109857894208e-05,True
0.7003750937734433,1.4278063410454156,12,2,812.4055625321023,0.0,0.9999210982399023,3.9334435511540164e-06,7.496831654648956e-05,True
0.7003488372093023,1.4278598704964305,12,0,-14290.511040597092,0.0,0.993174162589858,0.0068252399122385446,5.974979035060068e-07,False
0.7003488372093023,1.4278598704964305,12,1,41.997194589678536,0.0,0.9936976313348992,0.00627673722165269,2.5631443448130988e-05,True
0.7003488372093023,1.4278598704964305,12,2,752.4664944178671,0.0,0.9998566904628989,6.874881923564037e-05,7.456071786543127e-05,True
0.7003225806451613,1.4279134039613082,12,0,-13998.44664410332,0.0,0.9930575072463044,0.006941780793041762,7.119606539195584e-07,False
0.7003225806451613,1.4279134039613082,12,1,32.00370537774098,0.0,0.9954924689928248,0.004494109142512799,1.3421864662271435e-05,True
0.7003225806451613,1.4279134039613082,12,2,645.2313942974737,0.0,0.9997772612587994,0.00014800677909767356,7.473196210300229e-05,True
0.7002963240810203,1.4279669414405003,12,0,-13739.254484094507,0.0,0.9929228219847226,0.00707632775462176,8.502606556989962e-07,False
0.7002963240810203,1.4279669414405003,12,1,10.330747851344384,0.0,0.9968965952219548,0.0030972979804140474,6.10679763118816e-06,True
0.7002963240810203,1.4279669414405003,12,2,626.4842616897805,0.0,0.9996625934145515,0.00026234075595804124,7.506582949055067e-05,True
0.7002700675168791,1.428020482934459,12,0,-13527.50417394042,0.0,0.9927473381646251,0.007251616022451211,1.0458129236720556e-06,False
0.7002700675168791,1.428020482934459,12,1,-13.708175115177811,0.0,0.9982809583203947,0.0017181316205801846,9.100590251704403e-07,False
0.7002700675168791,1.428020482934459,12,2,530.2192020951925,0.0,0.9994309121271763,0.0004910620649916424,7.802580783202091e-05,True
0.7002438109527381,1.428074028443635,12,0,-13248.571337290814,0.0,0.9926529915847839,0.0073458431986864175,1.1652165296859114e-06,False
0.7002438109527381,1.428074028443635,12,1,-26.28945436852132,0.0,0.9985240174645281,0.0014754455505422287,5.369849296551714e-07,False
0.7002438109527381,1.428074028443635,12,2,528.7500645629624,0.0,0.9993646060544673,0.000557598256674104,7.779568885859759e-05,True
0.7002175543885971,1.4281275779684806,12,0,-12847.72590089342,0.0,0.9927087230628661,0.007290155732939526,1.121204194266579e-06,False
0.7002175543885971,1.4281275779684806,12,1,-6.181817162958732,0.0,0.9979842955431496,0.00201401686039649,1.6875964539033396e-06,False
0.7002175543885971,1.4281275779684806,12,2,550.4774591489988,0.0,0.9995030501029588,0.000418732390677844,7.821750636343832e-05,True
0.7079894973743436,1.412450331125828,20,0,-2359.945628963535,0.0,0.8602204472317896,0.13942450669237402,0.0003550460758364815,False
0.7079894973743436,1.412450331125828,20,1,203.8289076817712,0.0,0.9951087909022998,0.0048782689704399305,1.2940127260230914e-05,True
0.7079894973743436,1.412450331125828,20,2,163953.5718777208,0.0,0.9920836854560173,0.007916036907345367,2.7763663737236894e-07,True
0.7079632408102026,1.4125027153324892,20,0,-2398.1782228485663,0.0,0.8806005830352782,0.11910158827853151,0.0002978286861904035,False
0.7079632408102026,1.4125027153324892,20,1,208.1210530832468,0.0,0.995445027092825,0.004543134071397047,1.1838835777910475e-05,True
0.7079632408102026,1.4125027153324892,20,2,41800.73788096542,0.0,0.9925621754231011,0.007437686329715888,1.3824718306248012e-07,True
0.7079369842460614,1.41255510342489,20,0,-2374.3397654741066,0.0,0.8970478288553282,0.1026987574296169,0.00025341371505497467,False
0.7079369842460614,1.41255510342489,20,1,210.21300904465255,0.0,0.9957842931897074,0.004205177687422493,1.0529122870037021e-05,True
0.7079369842460614,1.41255510342489,20,2,22678.32112094564,0.0,0.9930022049356362,0.006997748083878796,4.698048516359801e-08,True
0.7079107276819204,1.4126074954034622,20,0,-2430.138244721377,0.0,0.9120060640735065,0.08778450320431327,0.00020943272218028837,False
0.7079107276819204,1.4126074954034622,20,1,208.0738653149372,0.0,0.9961913121444128,0.0037990353093366428,9.652546250554027e-06,True
0.7079107276819204,1.4126074954034622,20,2,15023.128805179895,0.0,0.9934222895963675,0.006577707181083009,3.222549568126146e-09,True
0.7078844711177794,1.4126598912686386,20,0,-2048.502766545773,0.0,0.912875279052214,0.08688917620648234,0.0002355447413037107,False
0.7078844711177794,1.4126598912686386,20,1,230.30150527577092,0.0,0.9962219182300258,0.0037720041526323905,6.077617341866101e-06,True
0.7078844711177794,1.4126598912686386,20,2,10811.022967794379,0.0,0.9936536378073946,0.0063463585993297975,3.593275720468781e-09,True
0.7078582145536384,1.4127122910208516,20,0,-1668.8536908681006,0.0,0.9221837190779855,0.07757566350084438,0.00024061742117001267,False
0.7078582145536384,1.4127122910208516,20,1,260.7587042457179,0.0,0.9962786848258885,0.0037184296580053977,2.885516106053205e-06,True
0.7078582145536384,1.4127122910208516,20,2,8041.215440761272,0.0,0.9937996521098429,0.006200319402620211,2.84875368076607e-08,True
0.7078319579894974,1.4127646946605337,20,0,-2026.3949507105117,0.0,0.939796459863838,0.06004928717386414,0.00015425296229789993,False
0.7078319579894974,1.4127646946605337,20,1,234.05979864643996,0.0,0.9970647342422972,0.0029315581555551984,3.707602147557745e-06,True
0.7078319579894974,1.4127646946605337,20,2,6213.03145952022,0.0,0.994263041499624,0.005736809238288898,1.4926208707980853e-07,True
0.7078057014253563,1.412817102188118,20,0,-2652.1515905709552,0.0,0.9518970775341343,0.04800575994760578,9.716251825981003e-05,False
0.7078057014253563,1.412817102188118,20,1,196.30442989741667,0.0,0.9979127109811265,0.002082042607967421,5.2464109060335305e-06,True
0.7078057014253563,1.412817102188118,20,2,4997.942395646734,0.0,0.9948373088496467,0.005162267277383008,4.238729702636725e-07,True
0.7077794448612152,1.4128695136040363,20,0,-3190.7286765340637,0.0,0.9586401565860323,0.041288040092647686,7.180332132008834e-05,False
0.7077794448612152,1.4128695136040363,20,1,168.76484031911573,0.0,0.9984998889972744,0.0014944322313889815,5.678771336585945e-06,True
0.7077794448612152,1.4128695136040363,20,2,4121.655257249237,0.0,0.9953050936474208,0.004694098534002903,8.078185762829233e-07,True
0.7077531882970742,1.412921928908722,20,0,-3692.201575821601,0.0,0.9625188258268887,0.03742239432621668,5.877984689468609e-05,False
0.7077531882970742,1.412921928908722,20,1,145.04380876556866,0.0,0.9989354513200053,0.0010590439611905468,5.504718804171613e-06,True
0.7077531882970742,1.412921928908722,20,2,3462.9893280706187,0.0,0.9956786359502435,0.004320086884983815,1.2771647726099257e-06,True
0.7077269317329332,1.4129743481026076,20,0,-4348.7646781708345,0.0,0.964745572459491,0.0352042774262856,5.0150114223405785e-05,False
0.7077269317329332,1.4129743481026076,20,1,116.59778027267086,0.0,0.9993096646938565,0.0006848662377940179,5.469068349463038e-06,True
0.7077269317329332,1.4129743481026076,20,2,3035.435248933242,0.0,0.9960282801181707,0.003969874073231005,1.8458085982475916e-06,True
0.7077006751687922,1.4130267711861262,20,0,-4959.286772420104,0.0,0.9658466884926162,0.03410725411275508,4.605739462874485e-05,False
0.7077006751687922,1.4130267711861262,20,1,89.56262005575401,0.0,0.999546235824907,0.00044875554892994204,5.008626163119079e-06,True
0.7077006751687922,1.4130267711861262,20,2,2667.687510681852,0.0,0.9962727382897195,0.0037248264450496756,2.435265230900906e-06,True
0.7076744186046511,1.413079198159711,20,0,-4528.305559135615,0.0,0.9689230563221225,0.03103507887341467,4.1864804462784254e-05,False
0.7076744186046511,1.413079198159711,20,1,75.80723174636073,0.0,0.9997415942062134,0.0002557140690308912,2.691724755561239e-06,True
0.7076744186046511,1.413079198159711,20,2,2065.7257328087103,0.0,0.9962615986176867,0.0037350974496269617,3.303932686361949e-06,True
0.7076481620405101,1.4131316290237943,20,0,-3550.178564218085,0.0,0.975193197580094,0.024773173747745778,3.362867216013699e-05,False
0.7076481620405101,1.4131316290237943,20,1,64.28090955007178,0.0,0.9998935284339056,0.00010613451761036558,3.370484841432596e-07,True
0.7076481620405101,1.4131316290237943,20,2,1398.4903968246213,0.0,0.9958078880503237,0.004187095273362717,5.016676313579104e-06,True
0.707621905476369,1.4131840637788098,20,0,-2842.487737182947,0.0,0.982411279231746,0.017566562160182285,2.2158608071778e-05,False
0.707621905476369,1.4131840637788098,20,1,35.92168861978332,0.0,0.9999915379746557,7.980458861819316e-06,4.815664824633325e-07,True
0.707621905476369,1.4131840637788098,20,2,905.9185417341912,0.0,0.9940118725789271,0.005978952571215533,9.174849857390088e-06,True
0.707595648912228,1.4132365024251905,20,0,-2314.5372752611224,0.0,0.989151889761625,0.010837455921000431,1.0654317374500815e-05,False
0.707595648912228,1.4132365024251905,20,1,-11.176084223219485,0.0,0.9999815322364128,1.3032056591677328e-05,5.435706995488319e-06,False
0.707595648912228,1.4132365024251905,20,2,642.2980445043913,0.0,0.9804856390425517,0.019491059057840557,2.3301899607713995e-05,True
0.707569392348087,1.413288944963369,20,0,-2039.3595350542257,0.0,0.99394491494756,0.006052255787097382,2.829265342620506e-06,False
0.707569392348087,1.413288944963369,20,1,7.491600760999727,0.0,0.9998868359053229,8.664660012789875e-05,2.6517494549244337e-05,True
0.707569392348087,1.413288944963369,20,2,715.0681808368571,0.0,0.0013877156762869703,0.9985872360410062,2.504828270697391e-05,True
0.7075431357839459,1.4133413913937796,20,0,-2222.542343485704,0.0,0.9950378253125894,0.004961025498483965,1.1491889266560742e-06,False
0.7075431357839459,1.4133413913937796,20,1,13.327515990721588,0.0,0.9997672477497798,0.00017665397043988606,5.609827978032921e-05,True
0.7075431357839459,1.4133413913937796,20,2,875.1900514239592,0.0,0.7770516779076396,0.2229265021834667,2.1819908893714762e-05,True
0.7075168792198049,1.4133938417168548,20,0,-2546.198873233522,0.0,0.9941709555906978,0.00582717658900097,1.8678203013031556e-06,False
0.7075168792198049,1.4133938417168548,20,1,-124.44746783920682,0.0,0.9999596069012158,1.2544990967020981e-06,3.9138599687514785e-05,False
0.7075168792198049,1.4133938417168548,20,2,672.164536135676,0.0,0.7292220926652973,0.2707712264787388,6.680855964023605e-06,True
0.7074906226556639,1.4134462959330285,20,0,-2900.134456915209,0.0,0.9931802445126013,0.006816982225350459,2.7732620481798405e-06,False
0.7074906226556639,1.4134462959330285,20,1,-261.4947068869213,0.0,0.9999563828155043,1.6982072394322973e-05,2.6635112101509233e-05,False
0.7074906226556639,1.4134462959330285,20,2,553.4405654054032,0.0,0.36921261289073226,0.630501977762856,0.0002854093464118021,True
0.7074643660915229,1.4134987540427335,20,0,-3201.7754143654056,0.0,0.9926825695509512,0.0073142535669222745,3.1768821263878024e-06,False
0.7074643660915229,1.4134987540427335,20,1,-400.58307596015004,0.0,0.9999502159132447,2.6702300609399338e-05,2.3081786145820067e-05,False
0.7074643660915229,1.4134987540427335,20,2,512.2422847301826,0.0,0.2558781326034727,0.7434992824073388,0.0006225849891884661,True
0.7074381095273818,1.4135512160464043,20,0,-3508.3204676444248,0.0,0.992111988076368,0.007884321695565256,3.6902280665681277e-06,False
0.7074381095273818,1.4135512160464043,20,1,-517.3580300044322,0.0,0.9999519414826535,2.8460929137515203e-05,1.959758820895824e-05,False
0.7074381095273818,1.4135512160464043,20,2,477.8118719676869,0.0,0.0460829140127928,0.9526045327038212,0.0013125532833860505,True
0.7074118529632408,1.413603681944474,20,0,-3855.89825029805,0.0,0.9912456785268879,0.008749695354456744,4.6261186552459784e-06,False
0.7074118529632408,1.413603681944474,20,1,-678.1717239281768,0.0,0.9999748343295514,9.475975758552869e-06,1.5689694690120074e-05,False
0.7074118529632408,1.413603681944474,20,2,454.95984786119055,0.0,0.05595121028559648,0.942115547065404,0.0019332426489995771,True
0.7073855963990997,1.413656151737376,20,0,-4126.662409143055,0.0,0.9908195717597112,0.009175372002572476,5.056237716339491e-06,False
0.7073855963990997,1.413656151737376,20,1,-792.7867324260769,0.0,0.9999800262798257,5.479625256298707e-06,1.4494094917902257e-05,False
0.7073855963990997,1.413656151737376,20,2,439.9172580315202,0.0,0.07477356192306858,0.922939239149478,0.0022871989274534216,True
0.7073593398349587,1.4137086254255444,20,0,-4162.894698691818,0.0,0.9919943904651534,0.00800213654737752,3.4729874691423555e-06,False
0.7073593398349587,1.4137086254255444,20,1,-785.0454676906124,0.0,0.9999029526881954,7.652734375575644e-05,2.0519968048934014e-05,False
0.7073593398349587,1.4137086254255444,20,2,442.264270712119,0.0,0.4667708503175912,0.5321295327923471,0.001099616890061741,True
0.7073330832708177,1.4137611030094128,20,0,-4224.136677744553,0.0,0.9930512572932482,0.006946540892427451,2.2018143243870497e-06,False
0.7073330832708177,1.4137611030094128,20,1,-721.6628772693731,0.0,0.9996970459490201,0.000272668133475693,3.028591750419043e-05,False
0.7073330832708177,1.4137611030094128,20,2,455.2324861304757,0.0,0.8198540450387743,0.17987740772808905,0.00026854723313651736,True
0.7073068267066767,1.413813584489415,20,0,-4396.785477368294,0.0,0.9932280236342851,0.00677000792179784,1.968443917141288e-06,False
0.7073068267066767,1.413813584489415,20,1,-775.6386119976531,0.0,0.9996116632738467,0.00035530848536038744,3.302824079308914e-05,False
0.7073068267066767,1.413813584489415,20,2,453.39807377416236,0.0,0.8626360895699343,0.13716012967275582,0.00020378075730978945,True
0.7072805701425356,1.413866069865985,20,0,-4556.857801192117,0.0,0.9934771180849797,0.006521209242617373,1.6726724029690431e-06,False
0.7072805701425356,1.413866069865985,20,1,-777.9977081862155,0.0,0.9994644411530003,0.0004985522843716572,3.7006562628051906e-05,False
0.7072805701425356,1.413866069865985,20,2,453.33921217300315,0.0,0.8898508652447321,0.10998921416743297,0.00015992058783497875,True
0.7072543135783946,1.4139185591395569,20,0,-4721.480359313724,0.0,0.9936572877248393,0.006341245258098093,1.4670170625498474e-06,False
0.7072543135783946,1.4139185591395569,20,1,-811.2372908506245,0.0,0.999334050657108,0.0006254725280943142,4.0476814797750114e-05,False
0.7072543135783946,1.4139185591395569,20,2,455.55339393635114,0.0,0.9083504691727504,0.09151927156147997,0.00013025926576969255,True
0.7072280570142535,1.4139710523105646,20,0,-4877.430782140254,0.0,0.9938018942677331,0.006196795018672856,1.3107135939972954e-06,False
0.7072280570142535,1.4139710523105646,20,1,-831.0107237847579,0.0,0.9992062675241711,0.0007502398876535369,4.3492588175402646e-05,False
0.7072280570142535,1.4139710523105646,20,2,454.2917332503064,0.0,0.9193682757417492,0.08051770129307823,0.00011402296517250217,True
0.7072018004501125,1.4140235493794422,20,0,-4995.6614581073,0.0,0.9944144949590313,0.005584718777508009,7.862634606289143e-07,False
0.7072018004501125,1.4140235493794422,20,1,-693.3025413076007,0.0,0.998724093166454,0.0012133987577887019,6.250807575731484e-05,False
0.7072018004501125,1.4140235493794422,20,2,490.7209416534311,0.0,0.9457148180159782,0.05424311883753151,4.206314649028394e-05,True
0.7071755438859715,1.4140760503466236,20,0,-5153.997126593904,0.0,0.9947703210569839,0.005229156237631134,5.227053849697469e-07,False
0.7071755438859715,1.4140760503466236,20,1,-586.141236237534,0.0,0.9983384099214542,0.001579690970833539,8.189910771235405e-05,False
0.7071755438859715,1.4140760503466236,20,2,526.0795004353561,0.0,0.9564310999576843,0.04355089158819398,1.800845412165721e-05,True
0.7071492873218305,1.4141285552125435,20,0,-5338.0227298604195,0.0,0.9944985004770804,0.0055008063862376656,6.9313668202316e-07,False
0.7071492873218305,1.4141285552125435,20,1,-770.6380784018686,0.0,0.9984939272978419,0.0014407260019896919,6.534670016838588e-05,False
0.7071492873218305,1.4141285552125435,20,2,484.92867682644237,0.0,0.9501994125379757,0.04975612690209872,4.446055992562665e-05,True
0.7071230307576895,1.4141810639776362,20,0,-5553.8422661586565,0.0,0.9940799030263346,0.005919109924472683,9.870491927062704e-07,False
0.7071230307576895,1.4141810639776362,20,1,-964.7175217558384,0.0,0.998790214808229,0.0011601217058936307,4.9663485877336854e-05,False
0.7071230307576895,1.4141810639776362,20,2,446.8413235705511,0.0,0.9372402747382572,0.0626519647080569,0.00010776055368599388,True
0.7070967741935483,1.414233576642336,20,0,-5765.361696853021,0.0,0.9937059644331342,0.006292753299900908,1.282266964911163e-06,False
0.7070967741935483,1.414233576642336,20,1,-1184.4657161611094,0.0,0.9990668944782971,0.0008918697536883645,4.123576801452921e-05,False
0.7070967741935483,1.414233576642336,20,2,429.2533593078708,0.0,0.9279620021109886,0.07186928859410054,0.00016870929491088888,True
0.7070705176294073,1.4142860932070769,20,0,-5979.7261328666855,0.0,0.9933362462547441,0.006662163605360068,1.5901398957801671e-06,False
0.7070705176294073,1.4142860932070769,20,1,-1320.3063690473548,0.0,0.9992567268819132,0.0007083478900760461,3.4925228010831273e-05,False
0.7070705176294073,1.4142860932070769,20,2,413.76331627647846,0.0,0.9114201564230585,0.0883067171755929,0.0002731264013485077,True
0.7070442610652663,1.4143386136722935,20,0,-6262.782575103999,0.0,0.9926059407629662,0.007391771629466132,2.2876075678050133e-06,False
0.7070442610652663,1.4143386136722935,20,1,-1588.3777453536777,0.0,0.9995758255619119,0.0003969198141236622,2.725462396440868e-05,False
0.7070442610652663,1.4143386136722935,20,2,403.8033252096817,0.0,0.8847024256001362,0.11484030185937388,0.000457272540489988,True
0.7070180045011253,1.4143911380384209,20,0,-6500.391833706431,0.0,0.992217490977345,0.007779837232894378,2.6717897606286235e-06,False
0.7070180045011253,1.4143911380384209,20,1,-1725.7822072113495,0.0,0.9996826009600925,0.0002930051228874395,2.4393917020070327e-05,False
0.7070180045011253,1.4143911380384209,20,2,395.4873818399018,0.0,0.86870392812,0.13070581641578938,0.0005902554642106305,True
0.7069917479369843,1.4144436663058932,20,0,-6527.981867008721,0.0,0.9931983290800591,0.006800031923965306,1.6389959756318732e-06,False
0.7069917479369843,1.4144436663058932,20,1,-1554.7372191633413,0.0,0.9992843053077591,0.0006823895715292929,3.330512071157335e-05,False
0.7069917479369843,1.4144436663058932,20,2,403.00174834062625,0.0,0.9161685486549754,0.0835144558633731,0.00031699548165152995,True
0.7069654913728431,1.4144961984751456,20,0,-6561.519933063651,0.0,0.9943168047587876,0.005682493582148726,7.016590636434293e-07,False
0.7069654913728431,1.4144961984751456,20,1,-1172.2637928816346,0.0,0.9982946254480723,0.0016495344573294688,5.5840094598211725e-05,False
0.7069654913728431,1.4144961984751456,20,2,429.91346262003344,0.0,0.951104520310652,0.048787354262061836,0.00010812542728629504,True
0.7069392348087021,1.4145487345466123,20,0,-6703.439341247879,0.0,0.9949758792026552,0.005023825524593732,2.9527275116819416e-07,False
0.7069392348087021,1.4145487345466123,20,1,-808.9397186207099,0.0,0.9972357539566173,0.0026727017462129946,9.154429716972747e-05,False
0.7069392348087021,1.4145487345466123,20,2,487.3048886539507,0.0,0.9655232708880133,0.034446845666364266,2.9883445622440605e-05,True
0.7069129782445611,1.414601274520728,20,0,-6898.373248091243,0.0,0.9954756639342848,0.004524246405667936,8.966004730243955e-08,False
0.7069129782445611,1.414601274520728,20,1,-452.7820587362073,0.0,0.9965675459918771,0.003255294549700079,0.0001771594584228842,False
0.7069129782445611,1.414601274520728,20,2,622.5105972669161,0.0,0.9733468803706393,0.026652565697128427,5.53932232397179e-07,True
0.7068867216804201,1.4146538183979285,20,0,-7122.662788787229,0.0,0.995872846120729,0.004127145736652678,8.142618314413958e-09,False
0.7068867216804201,1.4146538183979285,20,1,-162.31813801350347,0.0,0.9975565532364848,0.0019505113298812836,0.0004929354336338633,False
0.7068867216804201,1.4146538183979285,20,2,935.4057722103635,0.0,0.9753218776716602,0.024665407065059906,1.271526327982877e-05,True
0.7068604651162791,1.414706366178648,20,0,-7323.746429028679,0.0,0.9959414641144374,0.004058533673041068,2.212521483207182e-09,False
0.7068604651162791,1.414706366178648,20,1,-93.46634743801111,0.0,0.9981365567549381,0.0011831271188158079,0.0006803161262460722,False
0.7068604651162791,1.414706366178648,20,2,1038.4172717479735,0.0,0.9755056063270633,0.024474390467486427,2.000320545023926e-05,True
0.706834208552138,1.4147589178633215,20,0,-7467.580407102278,0.0,0.9957244338065475,0.004275542833239814,2.3360212647929707e-08,False
0.706834208552138,1.4147589178633215,20,1,-324.84125403557715,0.0,0.996398972478336,0.0033026189761896792,0.0002984085454743502,False
0.706834208552138,1.4147589178633215,20,2,772.7123565721171,0.0,0.9753189828620958,0.02467859572535249,2.421412551730258e-06,True
0.706807951987997,1.4148114734523842,20,0,-7620.333334087313,0.0,0.9955493224714044,0.0044506223729363,5.515565936597726e-08,False
0.706807951987997,1.4148114734523842,20,1,-401.8495837141073,0.0,0.9962423947007396,0.0035545158557675413,0.00020308944349296245,False
0.706807951987997,1.4148114734523842,20,2,646.9664892201606,0.0,0.9748866473120668,0.025113275346390036,7.734154307459601e-08,True
0.7067816954238559,1.4148640329462714,20,0,-7785.403071112268,0.0,0.9954286483408575,0.004571269738143313,8.192099913136648e-08,False
0.7067816954238559,1.4148640329462714,20,1,-613.884800560655,0.0,0.9960598052174485,0.003782242279840065,0.00015795250271148406,False
0.7067816954238559,1.4148640329462714,20,2,589.7973404134266,0.0,0.9731209558783868,0.026874915749703795,4.128371909420134e-06,True
0.7067554388597149,1.414916596345418,20,0,-7971.82680879316,0.0,0.9952614038061492,0.00473846849380734,1.2770004339694313e-07,False
0.7067554388597149,1.414916596345418,20,1,-726.6156020594498,0.0,0.9962799128198189,0.0035961861485757146,0.0001239010316053789,False
0.7067554388597149,1.414916596345418,20,2,528.2009960972971,0.0,0.9712574596335971,0.02872743644031643,1.5103926086427773e-05,True
0.7067291822955739,1.4149691636502597,20,0,-8167.11846530207,0.0,0.9950474890753399,0.004952311023882615,1.999007774305802e-07,False
0.7067291822955739,1.4149691636502597,20,1,-1000.0820401383024,0.0,0.9966799612123814,0.003223548232834357,9.649055478423519e-05,False
0.7067291822955739,1.4149691636502597,20,2,486.2799188376281,0.0,0.9680527637398284,0.03190882396916303,3.8412291008547776e-05,True
0.7067029257314328,1.4150217348612315,20,0,-8359.187626900122,0.0,0.9949781634528759,0.005021616531430096,2.200156940128173e-07,False
0.7067029257314328,1.4150217348612315,20,1,-1045.2351269822357,0.0,0.9967898727265115,0.0031198356763721567,9.029159711633421e-05,False
0.7067029257314328,1.4150217348612315,20,2,469.61779445242496,0.0,0.967065654237614,0.03288565940182123,4.868636056472728e-05,True
0.7066766691672918,1.4150743099787686,20,0,-8564.047468263334,0.0,0.9951575969463652,0.0048422620967406805,1.4095689421073803e-07,False
0.7066766691672918,1.4150743099787686,20,1,-916.2594276925822,0.0,0.996292599629207,0.0035968834806802343,0.00011051689011279609,False
0.7066766691672918,1.4150743099787686,20,2,503.97854033995935,0.0,0.9704315695168818,0.02954125033407784,2.7180149040459672e-05,True
0.7066504126031508,1.415126889003307,20,0,-8777.132346183684,0.0,0.9952625857826,0.00473731460633271,9.961106717498259e-08,False
0.7066504126031508,1.415126889003307,20,1,-745.324794843129,0.0,0.995999570978831,0.0038715629947439316,0.00012886602642518056,False
0.7066504126031508,1.415126889003307,20,2,523.9745674410875,0.0,0.9725130901961697,0.027471172408077966,1.57373957523989e-05,True
0.7066241560390097,1.415179471935282,20,0,-8992.819380656578,0.0,0.9952394841706411,0.0047604164479978514,9.938136108443197e-08,False
0.7066241560390097,1.415179471935282,20,1,-872.1163849088896,0.0,0.9959572541960524,0.0039168272013440485,0.00012591860260367853,False
0.7066241560390097,1.415179471935282,20,2,526.0576339677648,0.0,0.972342780700823,0.027638786258337794,1.8433040839131167e-05,True
0.7065978994748687,1.4152320587751288,20,0,-9213.572121529549,0.0,0.9952536711692883,0.004746240064100491,8.87666111257888e-08,False
0.7065978994748687,1.4152320587751288,20,1,-722.7341308214794,0.0,0.9958929047425759,0.003975573011194721,0.00013152224622943324,False
0.7065978994748687,1.4152320587751288,20,2,520.6377104921719,0.0,0.9731094360296284,0.026874930194224496,1.5633776147071862e-05,True
0.7065716429107276,1.4152846495232838,20,0,-9431.3169313793,0.0,0.9952329895513886,0.004766922736797478,8.77118139714497e-08,False
0.7065716429107276,1.4152846495232838,20,1,-894.6470687948843,0.0,0.9958268417278684,0.0040444135023679295,0.00012874476976367972,False
0.7065716429107276,1.4152846495232838,20,2,528.4227368006318,0.0,0.9728185383275941,0.02716300670390804,1.8454968497841685e-05,True
0.7065453863465866,1.415337244180182,20,0,-9666.927456062363,0.0,0.9952547274749326,0.004745196948290734,7.557677660705624e-08,False
0.7065453863465866,1.415337244180182,20,1,-708.2800454801618,0.0,0.9957686850219707,0.004093737079525433,0.00013757789850390282,False
0.7065453863465866,1.415337244180182,20,2,524.493482884705,0.0,0.9738774587510466,0.02610872458706876,1.381666188460534e-05,True
0.7065191297824456,1.41538984274626,20,0,-9925.325163534688,0.0,0.9953977588479231,0.0046022038846485385,3.726742826774064e-08,False
0.7065191297824456,1.41538984274626,20,1,-650.9169103765477,0.0,0.9953005939290509,0.004519075865482941,0.0001803302054661275,False
0.7065191297824456,1.41538984274626,20,2,598.5772292661134,0.0,0.9756403469156393,0.0243560169059023,3.636178458352776e-06,True
0.7064928732183046,1.4154424452219527,20,0,-10178.748216051154,0.0,0.9954106391975935,0.00458932994616936,3.085623713263169e-08,False
0.7064928732183046,1.4154424452219527,20,1,-494.52646508635087,0.0,0.9954252228338832,0.004374985419058518,0.00019979174705825187,False
0.7064928732183046,1.4154424452219527,20,2,609.1037284425861,0.0,0.976751545421602,0.02324720965273626,1.2449256617099088e-06,True
0.7064666166541635,1.4154950516076965,20,0,-10399.226794559332,0.0,0.9952366111046859,0.0047633274995561034,6.13957581414376e-08,False
0.7064666166541635,1.4154950516076965,20,1,-813.0081042715788,0.0,0.9955591076963197,0.004297382274093711,0.00014351002958653652,False
0.7064666166541635,1.4154950516076965,20,2,539.0661114335443,0.0,0.9744107873450107,0.025575941555417092,1.3271099572121977e-05,True
0.7064403600900224,1.4155476619039278,20,0,-10645.144886011041,0.0,0.9950523722395546,0.0049475240075411,1.0375290448224088e-07,False
0.7064403600900224,1.4155476619039278,20,1,-965.5668563268799,0.0,0.9960134756803932,0.003874622426480847,0.00011190189312594413,False
0.7064403600900224,1.4155476619039278,20,2,484.31692328431023,0.0,0.9718824609354648,0.028082698747522096,3.484031701300346e-05,True
0.7064141035258814,1.4156002761110815,20,0,-10928.234454688094,0.0,0.9948920003585676,0.005107853704404839,1.459370275254737e-07,False
0.7064141035258814,1.4156002761110815,20,1,-1218.466501630742,0.0,0.9964553489452888,0.003449730609870939,9.492044484019138e-05,False
0.7064141035258814,1.4156002761110815,20,2,458.8326823019114,0.0,0.9699378186581887,0.03000527498536831,5.690635644295277e-05,True
0.7063878469617404,1.415652894229595,20,0,-11207.91559841458,0.0,0.9946977434265362,0.0053020490583682274,2.0751509561782018e-07,False
0.7063878469617404,1.415652894229595,20,1,-1410.3556874459425,0.0,0.996950341843384,0.0029705645685493593,7.909358806653742e-05,False
0.7063878469617404,1.415652894229595,20,2,433.30712113922704,0.0,0.9664058243364285,0.03349924144056922,9.493422300222312e-05,True
0.7063615903975994,1.4157055162599037,20,0,-11517.181790579505,0.0,0.9944093878625808,0.005590290626026663,3.2151139241828175e-07,False
0.7063615903975994,1.4157055162599037,20,1,-1736.8427759268714,0.0,0.9976512771815802,0.0022852625188522105,6.346029956764629e-05,False
0.7063615903975994,1.4157055162599037,20,2,410.1917765073536,0.0,0.961188357343484,0.038655875747581524,0.00015576690893441008,True
0.7063353338334584,1.415758142202444,20,0,-11829.180965211259,0.0,0.9943602982114559,0.005639372860620399,3.289279237148924e-07,False
0.7063353338334584,1.415758142202444,20,1,-1805.0710734024724,0.0,0.9977353174504693,0.0022025576672996356,6.212488223114672e-05,False
0.7063353338334584,1.415758142202444,20,2,405.9744698668315,0.0,0.9611677834364968,0.038669522649244226,0.00016269391425906347,True
0.7063090772693172,1.4158107720576525,20,0,-12111.699087618625,0.0,0.9946678415799314,0.005331976689638896,1.8173042968735633e-07,False
0.7063090772693172,1.4158107720576525,20,1,-1399.6465232851874,0.0,0.996857093512114,0.0030617575261911657,8.114896169479509e-05,False
0.7063090772693172,1.4158107720576525,20,2,425.81006933103447,0.0,0.9675884670110249,0.032317011957194344,9.452103178072443e-05,True
0.7062828207051762,1.4158634058259647,20,0,-12443.913086152445,0.0,0.9949572811748386,0.005042639301117509,7.952404387381532e-08,False
0.7062828207051762,1.4158634058259647,20,1,-979.2097373018843,0.0,0.9958294204757431,0.00405190649949347,0.00011867302476339982,False
0.7062828207051762,1.4158634058259647,20,2,475.8667222318005,0.0,0.9738409586764781,0.026126858995160457,3.218232836137992e-05,True
0.7062565641410352,1.415916043507818,20,0,-12807.166521509187,0.0,0.9951593935749858,0.0048405762186942355,3.0206319934966705e-08,False
0.7062565641410352,1.415916043507818,20,1,-609.3954173378045,0.0,0.995171817480654,0.004644221006709335,0.0001839615126365746,False
0.7062565641410352,1.415916043507818,20,2,564.4074383649936,0.0,0.9774758280360044,0.022519984666999227,4.187296996376797e-06,True
0.7062303075768942,1.4159686851036484,20,0,-13206.96142254849,0.0,0.9953585987738471,0.004641397094835624,4.131317274510552e-09,False
0.7062303075768942,1.4159686851036484,20,1,-259.6528411715691,0.0,0.9955922912196709,0.0040029245236675995,0.0004047842566616215,False
0.7062303075768942,1.4159686851036484,20,2,781.8273432971218,0.0,0.9796097708144939,0.020385176535415172,5.052650091000269e-06,True
0.7062040510127532,1.4160213306138925,20,0,-13642.211034351749,0.0,0.9954935127431498,0.004506486983975261,2.7287490900112116e-10,False
0.7062040510127532,1.4160213306138925,20,1,-83.9360486148347,0.0,0.9971324332057396,0.0018057512064881562,0.0010618155877721931,False
0.7062040510127532,1.4160213306138925,20,2,1098.974957392043,0.0,0.978898288197812,0.02107559297562039,2.611882656770683e-05,True
0.7061777944486122,1.4160739800389872,20,0,-14012.420951331524,0.0,0.9954248078705565,0.004575192110328314,1.911515598233464e-11,False
0.7061777944486122,1.4160739800389872,20,1,-99.804009955386,0.0,0.9969520065913342,0.002174365030043831,0.0008736283786219198,False
0.7061777944486122,1.4160739800389872,20,2,1029.6342699990935,0.0,0.9794043961450444,0.02057353066172729,2.2073193228335784e-05,True
0.706151537884471,1.4161266333793692,20,0,-14356.235358752456,0.0,0.9952446527270807,0.004755341078780164,6.1941391882922225e-09,False
0.706151537884471,1.4161266333793692,20,1,-303.0813137565044,0.0,0.9954263486287461,0.004202228146139272,0.0003714232251146892,False
0.706151537884471,1.4161266333793692,20,2,759.0355832350823,0.0,0.9795930601823445,0.020403400718339744,3.5390993157244045e-06,True
0.70612528132033,1.4161792906354749,20,0,-14749.963799274708,0.0,0.9951212215419588,0.004878763142689745,1.531535149531688e-08,False
0.70612528132033,1.4161792906354749,20,1,-386.4290886035727,0.0,0.9952949619066446,0.004438431375910386,0.000266606717445063,False
0.70612528132033,1.4161792906354749,20,2,652.0013376061823,0.0,0.9793815274564293,0.02061836378718026,1.0875639045178876e-07,True
0.706099024756189,1.416231951807741,20,0,-15184.16453497449,0.0,0.9950094881572937,0.00499048572146876,2.6121237550502203e-08,False
0.706099024756189,1.416231951807741,20,1,-576.7070358809632,0.0,0.9951923555045021,0.004604772839340286,0.0002028716561575883,False
0.706099024756189,1.416231951807741,20,2,583.1664118783461,0.0,0.9783716457176318,0.0216263437129016,2.010569466621394e-06,True
0.706072768192048,1.4162846168966048,20,0,-15634.583929217573,0.0,0.9948697481217914,0.0051302071056296,4.4772578985841985e-08,False
0.706072768192048,1.4162846168966048,20,1,-706.7807835215197,0.0,0.995478734575018,0.004366202485695292,0.00015506293928679307,False
0.706072768192048,1.4162846168966048,20,2,512.6318988778678,0.0,0.9770252759846861,0.022962961798956953,1.1762216356912204e-05,True
0.706046511627907,1.4163372859025032,20,0,-16112.784298087072,0.0,0.9947256644013115,0.0052742668789336105,6.871975490275177e-08,False
0.706046511627907,1.4163372859025032,20,1,-982.2966471389993,0.0,0.9958879662883698,0.00398901110446103,0.00012302260716916757,False
0.706046511627907,1.4163372859025032,20,2,469.45134278268694,0.0,0.97501805329047,0.024950860539255975,3.108617027408281e-05,True
0.7060202550637659,1.4163899588258737,20,0,-16637.683028590243,0.0,0.9947046265546484,0.005295307624230899,6.582112072014782e-08,False
0.7060202550637659,1.4163899588258737,20,1,-898.2248030621212,0.0,0.9958647251586737,0.004009702931133036,0.00012557191019328537,False
0.7060202550637659,1.4163899588258737,20,2,464.89415253124076,0.0,0.975396644723001,0.02457431666235248,2.9038614646437573e-05,True
0.7059939984996249,1.416442635667152,20,0,-17190.90098578578,0.0,0.9947623267861241,0.005237626688485888,4.6525390005373815e-08,False
0.7059939984996249,1.416442635667152,20,1,-761.0751461502836,0.0,0.9955383055687097,0.004309371481882065,0.00015232294940821183,False
0.7059939984996249,1.416442635667152,20,2,504.6111572972713,0.0,0.977214672231983,0.022772096681457923,1.3231086558986242e-05,True
0.7059677419354838,1.4164953164267764,20,0,-17761.4519084713,0.0,0.9947402632410932,0.005259692194088438,4.456481837501805e-08,False
0.7059677419354838,1.4164953164267764,20,1,-689.1998521272524,0.0,0.9955614790724675,0.004280111919572015,0.00015840900796049406,False
0.7059677419354838,1.4164953164267764,20,2,504.6818183175001,0.0,0.977735982089889,0.02225344839734857,1.0569512762393762e-05,True
0.7059414853713428,1.416548001105184,20,0,-18379.43305773668,0.0,0.9946940999966604,0.005305852964331553,4.7039008134065865e-08,False
0.7059414853713428,1.416548001105184,20,1,-737.2031265331177,0.0,0.9956048773703267,0.00424174435181113,0.00015337827786215697,False
0.7059414853713428,1.416548001105184,20,2,498.22910526335676,0.0,0.9775734041170219,0.022413956334042046,1.2639548936148445e-05,True
0.7059152288072018,1.4166006897028114,20,0,-19040.301040830793,0.0,0.9946607830951786,0.005339169860879206,4.704394223767906e-08,False
0.7059152288072018,1.4166006897028114,20,1,-711.2001690517051,0.0,0.9956375763366432,0.00420779173305962,0.0001546319302971496,False
0.7059152288072018,1.4166006897028114,20,2,495.3195044092845,0.0,0.9778157352999919,0.022172250610531078,1.201408947706534e-05,True
0.7058889722430608,1.4166533822200966,20,0,-19713.944940969137,0.0,0.9946101732106192,0.005389776208588828,5.058079204972623e-08,False
0.7058889722430608,1.4166533822200966,20,1,-735.8097745018828,0.0,0.9957257109846612,0.004125863174237324,0.0001484258411014646,False
0.7058889722430608,1.4166533822200966,20,2,483.63573605291737,0.0,0.977613382426519,0.022372019289838382,1.4598283642682458e-05,True
0.7058627156789197,1.4167060786574772,20,0,-20455.794271061088,0.0,0.9946194925660548,0.005380464975474917,4.245847029294922e-08,False
0.7058627156789197,1.4167060786574772,20,1,-642.4419455901943,0.0,0.9956234231850328,0.004207342175143221,0.00016923463982403513,False
0.7058627156789197,1.4167060786574772,20,2,508.4997276849907,0.0,0.9787068598896741,0.021285955016132056,7.185094193786991e-06,True
0.7058364591147787,1.41675877901539,20,0,-21256.749405402887,0.0,0.9946525662415149,0.005347402562353495,3.119613165352653e-08,False
0.7058364591147787,1.41675877901539,20,1,-457.0338825279077,0.0,0.9955753206348886,0.0042059447514609435,0.00021873461365043878,False
0.7058364591147787,1.41675877901539,20,2,565.1168816101325,0.0,0.9801517820758967,0.01984763857973307,5.793443703511499e-07,True
0.7058102025506376,1.4168114832942726,20,0,-22079.482472471493,0.0,0.9945754787112959,0.00542448260196921,3.868673476183437e-08,False
0.7058102025506376,1.4168114832942726,20,1,-550.5160665651948,0.0,0.995655661496577,0.0041562780918565755,0.00018806041156642676,False
0.7058102025506376,1.4168114832942726,20,2,525.6393411868554,0.0,0.9795993237218787,0.02039741368431185,3.262593809534907e-06,True
0.7057839459864966,1.4168641914945632,20,0,-22992.831955152524,0.0,0.9944380716329441,0.005561869552507864,5.8814548058075195e-08,False
0.7057839459864966,1.4168641914945632,20,1,-787.2004293178379,0.0,0.9960132526332578,0.0038505334437376358,0.00013621392300455933,False
0.7057839459864966,1.4168641914945632,20,2,454.5571223306276,0.0,0.9774807298753355,0.02249845361888325,2.081650578132009e-05,True
0.7057576894223556,1.4169169036166989,20,0,-23981.51436071898,0.0,0.9943167323402466,0.005683188950100681,7.870965267050304e-08,False
0.7057576894223556,1.4169169036166989,20,1,-1001.889272252263,0.0,0.9964701970507929,0.003420585764776907,0.00010921718443021055,False
0.7057576894223556,1.4169169036166989,20,2,414.3640554944453,0.0,0.9751358359690118,0.024816629884391046,4.7534146597191284e-05,True
0.7057314328582145,1.416969619661118,20,0,-25049.30942573522,0.0,0.9942093523639884,0.005790550232143522,9.740386805137639e-08,False
0.7057314328582145,1.416969619661118,20,1,-1196.6925912362365,0.0,0.9969143189851486,0.002992792036921513,9.28889779299535e-05,False
0.7057314328582145,1.416969619661118,20,2,387.7566389548558,0.0,0.9728708218573469,0.027051491221950837,7.768692070236807e-05,True
0.7057051762940735,1.4170223396282575,20,0,-26242.158720100746,0.0,0.9940757777395951,0.00592409699421406,1.2526619082808803e-07,False
0.7057051762940735,1.4170223396282575,20,1,-1447.1361399791106,0.0,0.9974757081705624,0.0024482377471853212,7.60540822523308e-05,False
0.7057051762940735,1.4170223396282575,20,2,365.1787422827253,0.0,0.9685933681711925,0.031270706737297434,0.00013592509151012685,True
0.7056789197299325,1.417075063518556,20,0,-27536.58083036637,0.0,0.9939459579753012,0.006053886960164362,1.5506453435461923e-07,False
0.7056789197299325,1.417075063518556,20,1,-1729.9216435138767,0.0,0.9980144543629391,0.0019211611679964286,6.438446906440716e-05,False
0.7056789197299325,1.417075063518556,20,2,346.71409785976846,0.0,0.9644635176955835,0.03533939301857718,0.0001970892858393799,True
0.7056526631657914,1.417127791332451,20,0,-28854.746701822147,0.0,0.9939773571271645,0.006022508375263796,1.3449757179192546e-07,False
0.7056526631657914,1.417127791332451,20,1,-1560.7616246451985,0.0,0.9977981443214445,0.0021326982030732706,6.915747548215104e-05,False
0.7056526631657914,1.417127791332451,20,2,347.87548495191515,0.0,0.966497501449643,0.03332998462504179,0.00017251392531521072,True
0.7056264066016504,1.417180523070381,20,0,-30230.363798444287,0.0,0.9940998528707674,0.005900055858926463,9.127030614662121e-08,False
0.7056264066016504,1.417180523070381,20,1,-1142.4390559813544,0.0,0.9970462415886063,0.0028616030809915536,9.215533040216937e-05,False
0.7056264066016504,1.417180523070381,20,2,369.1569597800574,0.0,0.9736778509489844,0.026242677441697313,7.94716093183666e-05,True
0.7056001500375093,1.4172332587327832,20,0,-31729.479440117608,0.0,0.9941877870517088,0.005812149520793064,6.342749817881482e-08,False
0.7056001500375093,1.4172332587327832,20,1,-740.3913848357247,0.0,0.9964009312853284,0.0034703077941344402,0.0001287609205372048,False
0.7056001500375093,1.4172332587327832,20,2,410.97119824396356,0.0,0.978447309685791,0.021528156454258908,2.4533859950173734e-05,True
0.7055738934733683,1.4172859983200965,20,0,-33424.39691812135,0.0,0.9942600187921454,0.0057399379045649,4.330328961097331e-08,False
0.7055738934733683,1.4172859983200965,20,1,-395.71460956955195,0.0,0.9961753362981148,0.003611933020141971,0.0002127306817432898,False
0.7055738934733683,1.4172859983200965,20,2,508.5866130520098,0.0,0.9819899020012858,0.018009712923661634,3.8507505255370105e-07,True
0.7055476369092273,1.4173387418327583,20,0,-35313.47626145553,0.0,0.9943381999017662,0.005661773938592603,2.615964124016269e-08,False
0.7055476369092273,1.4173387418327583,20,1,-109.69309912671541,0.0,0.9974050770851267,0.002007745728425297,0.0005871771864479938,False
0.7055476369092273,1.4173387418327583,20,2,780.9701387718283,0.0,0.9833240850574246,0.016659042900224755,1.6872042350669708e-05,True
0.7055213803450863,1.4173914892712076,20,0,-37377.46026773937,0.0,0.9943417035980874,0.005658274478532485,2.1923380163787567e-08,False
0.7055213803450863,1.4173914892712076,20,1,-16.04563636445891,0.0,0.9983754936979761,0.000503120886906581,0.0011213854151173755,False
0.7055213803450863,1.4173914892712076,20,2,962.587045809988,0.0,0.982950011866024,0.017016298585731147,3.3689548244726244e-05,True
0.7054951237809453,1.4174442406358827,20,0,-39707.7223157669,0.0,0.994240402978516,0.005759564638996587,3.2382487269237355e-08,False
0.7054951237809453,1.4174442406358827,20,1,-132.88210665975674,0.0,0.9973337700743509,0.0021863888084593477,0.0004798411171898422,False
0.7054951237809453,1.4174442406358827,20,2,712.6930298820472,0.0,0.9838108154948387,0.01617664620865559,1.2538296505690325e-05,True
0.7054688672168041,1.417496995927222,20,0,-42334.283083734495,0.0,0.9941427926749777,0.005857163241395703,4.4083626491133565e-08,False
0.7054688672168041,1.417496995927222,20,1,-311.04558703281657,0.0,0.9965639643967578,0.0031886273196585417,0.0002474082835837644,False
0.7054688672168041,1.417496995927222,20,2,534.571800823928,0.0,0.9831485994014211,0.016851117597930593,2.830006483961548e-07,True
0.7054426106526631,1.4175497551456633,20,0,-45274.39347362192,0.0,0.9940753871244135,0.0059245613135804785,5.15620061507958e-08,False
0.7054426106526631,1.4175497551456633,20,1,-369.74914689374515,0.0,0.9966461449798595,0.0031638753122357932,0.0001899797079046685,False
0.7054426106526631,1.4175497551456633,20,2,460.48364728248134,0.0,0.9826677948193715,0.017331058546659693,1.1466339687447225e-06,True
0.7054163540885221,1.4176025182916454,20,0,-48587.206194392915,0.0,0.994006057087476,0.005993882755367583,6.015715639672962e-08,False
0.7054163540885221,1.4176025182916454,20,1,-633.9103053744219,0.0,0.9967518979848488,0.0031084946821298347,0.0001396073330214639,False
0.7054163540885221,1.4176025182916454,20,2,406.40051792150143,0.0,0.9806116603731888,0.01937438933126287,1.3950295548384586e-05,True
0.7053900975243811,1.4176552853656073,20,0,-52342.51895910569,0.0,0.9939367208307256,0.006063209764724156,6.94045502956117e-08,False
0.7053900975243811,1.4176552853656073,20,1,-724.6848359551545,0.0,0.9971257424443688,0.002766665251562429,0.00010759230406875732,False
0.7053900975243811,1.4176552853656073,20,2,353.4725424530819,0.0,0.9779092594843944,0.022047563137680755,4.317737792475565e-05,True
0.7053638409602401,1.4177080563679871,20,0,-56636.25852085719,0.0,0.9938888196121618,0.006111105815173974,7.457266420867093e-08,False
0.7053638409602401,1.4177080563679871,20,1,-959.2534393747636,0.0,0.9974655257242293,0.002440136261040333,9.433801473036354e-05,False
0.7053638409602401,1.4177080563679871,20,2,337.73950796993,0.0,0.9764589133851822,0.023476416724300515,6.466989051713509e-05,True
0.705337584396099,1.4177608312992245,20,0,-61374.42855336154,0.0,0.9938910727767181,0.006108858513394182,6.870988774774752e-08,False
0.705337584396099,1.4177608312992245,20,1,-746.2364689210915,0.0,0.9973013818099938,0.0025947380363649727,0.00010388015364116736,False
0.705337584396099,1.4177608312992245,20,2,341.3937358386249,0.0,0.9780628342439893,0.021890410068003897,4.675568800673392e-05,True
0.7053113278319579,1.4178136101597567,20,0,-66828.44331041026,0.0,0.9938901804462492,0.0061097555183883415,6.403536245482637e-08,False
0.7053113278319579,1.4178136101597567,20,1,-656.2244900167674,0.0,0.9972164523849891,0.0026667021067124886,0.00011684550829834831,False
0.7053113278319579,1.4178136101597567,20,2,355.1634369538931,0.0,0.9800323761999336,0.019939724015207137,2.7899784859360983e-05,True
0.7052850712678169,1.4178663929500237,20,0,-73274.89439400285,0.0,0.9938664263101328,0.00613350924929711,6.444057013960887e-08,False
0.7052850712678169,1.4178663929500237,20,1,-666.9110486793833,0.0,0.9973401245855946,0.0025483623191291872,0.00011151309527618477,False
0.7052850712678169,1.4178663929500237,20,2,343.03372252135273,0.0,0.9797834222029209,0.020183725163521092,3.285263355797045e-05,True
0.7052588147036759,1.4179191796704642,20,0,-80825.83635932748,0.0,0.9938484239258678,0.0061515122206987774,6.385343344293818e-08,False
0.7052588147036759,1.4179191796704642,20,1,-657.4015151182945,0.0,0.9974260099480216,0.002464487283654597,0.00010950276832392179,False
0.7052588147036759,1.4179191796704642,20,2,335.951167488481,0.0,0.9798804261931057,0.020085291764681934,3.4282042212378736e-05,True
0.7052325581395349,1.4179719703215168,20,0,-89796.2847136177,0.0,0.9938299513579925,0.006169985045657083,6.35963504850294e-08,False
0.7052325581395349,1.4179719703215168,20,1,-668.9248355596341,0.0,0.9975337834719964,0.002361039472338444,0.00010517705566512419,False
0.7052325581395349,1.4179719703215168,20,2,327.1554746311573,0.0,0.9796344216412292,0.02032626985539554,3.930850337519656e-05,True
0.7052063015753938,1.4180247649036213,20,0,-100428.03576244609,0.0,0.993815790828792,0.006184146473199918,6.26980081760296e-08,False
0.7052063015753938,1.4180247649036213,20,1,-660.7459507961108,0.0,0.9976289792833024,0.0022672714563804334,0.00010374926031724771,False
0.7052063015753938,1.4180247649036213,20,2,319.3698777561356,0.0,0.9798730003455063,0.020087418195260498,3.958145923317318e-05,True
0.7051800450112528,1.418077563417216,20,0,-113130.88960390657,0.0,0.993820391469558,0.0061795503087122595,5.822172976517029e-08,False
0.7051800450112528,1.418077563417216,20,1,-479.60633917724283,0.0,0.9975144560797259,0.002357836190375787,0.000127707729898408,False
0.7051800450112528,1.418077563417216,20,2,345.0025266762455,0.0,0.9827140697388066,0.01727168009002464,1.4250171168724505e-05,True
0.7051537884471117,1.4181303658627404,20,0,-128963.96482344987,0.0,0.9938123031774017,0.006187640203678977,5.66189193853947e-08,False
0.7051537884471117,1.4181303658627404,20,1,-397.57155046111274,0.0,0.9975850854369464,0.0022774641584255117,0.0001374504046281453,False
0.7051537884471117,1.4181303658627404,20,2,350.1539202405644,0.0,0.9838005250004555,0.01619110284946616,8.372150078348378e-06,True
0.7051275318829707,1.4181831722406335,20,0,-149109.9147976187,0.0,0.9937850297060763,0.006214911187310801,5.910661297130536e-08,False
0.7051275318829707,1.4181831722406335,20,1,-622.3680493665183,0.0,0.9978625018561748,0.0020363723457614276,0.00010112579806383266,False
0.7051275318829707,1.4181831722406335,20,2,304.3849134761948,0.0,0.9806931375578684,0.01926815948743851,3.870295469305577e-05,True
0.7051012753188297,1.418235982551335,20,0,-174634.96542284542,0.0,0.9937628333568703,0.006237105791141509,6.085198809669117e-08,False
0.7051012753188297,1.418235982551335,20,1,-808.4534539722204,0.0,0.9982527131350798,0.0016693218387546333,7.796502616549058e-05,False
0.7051012753188297,1.418235982551335,20,2,274.14855449947237,0.0,0.9757090899952254,0.024189195713956377,0.0001017142908181615,True
0.7050750187546886,1.4182887967952846,20,0,-207773.27528737226,0.0,0.9937492290722421,0.006250709808637831,6.111912012321098e-08,False
0.7050750187546886,1.4182887967952846,20,1,-995.6232555964682,0.0,0.9986053448468906,0.0013286008935599492,6.60542595495735e-05,False
0.7050750187546886,1.4182887967952846,20,2,257.6697321585568,0.0,0.9714907181679585,0.02834475427472214,0.00016452755731942307,True
0.7050487621905476,1.4183416149729209,20,0,-252530.66672924714,0.0,0.9937393153440783,0.006260623785188395,6.087073318582565e-08,False
0.7050487621905476,1.4183416149729209,20,1,-1157.663475639945,0.0,0.9989319137735171,0.0010126423139040857,5.544391257889265e-05,False
0.7050487621905476,1.4183416149729209,20,2,246.4279715412446,0.0,0.9635181976653053,0.036198150806245895,0.00028365152844882745,True
0.7050225056264066,1.4183944370846835,20,0,-314785.07907034253,0.0,0.9937311866796461,0.006268752789332375,6.053102152803118e-08,False
0.7050225056264066,1.4183944370846835,20,1,-1418.3825828491047,0.0,0.9993061468177122,0.0006482665772695988,4.558660501823611e-05,False
0.7050225056264066,1.4183944370846835,20,2,237.41859727624114,0.0,0.9508398755662664,0.0486822655115598,0.0004778589221737598,True
0.7049962490622655,1.4184472631310123,20,0,-403215.56396662846,0.0,0.9937344511602824,0.0062654906911179436,5.8148599762449846e-08,False
0.7049962490622655,1.4184472631310123,20,1,-1438.3299581525207,0.0,0.9994160584909478,0.0005414596538721012,4.2481855180154225e-05,False
0.7049962490622655,1.4184472631310123,20,2,231.14605164186517,0.0,0.9424207650128131,0.05696862568758387,0.0006106092996029038,True
0.7049699924981245,1.4185000931123466,20,0,-535717.0362914314,0.0,0.9937471767673853,0.006252769019280391,5.421333417426789e-08,False
0.7049699924981245,1.4185000931123466,20,1,-1181.7217130239126,0.0,0.9991916628109617,0.0007583839160273055,4.995327301089556e-05,False
0.7049699924981245,1.4185000931123466,20,2,228.80779257019992,0.0,0.959780980551888,0.03986065959443487,0.00035835985367706723,True
0.7049437359339834,1.4185529270291268,20,0,-752406.1358107812,0.0,0.9937577759002805,0.006242173047129855,5.105258975185535e-08,False
0.7049437359339834,1.4185529270291268,20,1,-782.2416449906437,0.0,0.9988015697269762,0.0011343777866569997,6.405248636670657e-05,False
0.7049437359339834,1.4185529270291268,20,2,229.73442342239306,0.0,0.9730507140168861,0.026783100779746036,0.00016618520336784582,True
0.7049174793698424,1.4186057648817918,20,0,-1141628.9814120354,0.0,0.993764483328571,0.00623546771731338,4.8954115501242854e-08,False
0.7049174793698424,1.4186057648817918,20,1,-487.1509748329639,0.0,0.9985080975346872,0.001404358232092031,8.754423322070454e-05,False
0.7049174793698424,1.4186057648817918,20,2,249.09928169472417,0.0,0.9824075853087324,0.017545224079519025,4.719061174869456e-05,True
0.7048912228057014,1.4186586066707818,20,0,-1930539.8727151142,0.0,0.9937697444065529,0.006230208179950064,4.741349712991941e-08,False
0.7048912228057014,1.4186586066707818,20,1,-130.10341089408269,0.0,0.9987376518149048,0.0010808425296606142,0.00018150565543461318,False
0.7048912228057014,1.4186586066707818,20,2,336.6664212381918,0.0,0.9897031434547823,0.01029645110342695,4.0544179071734886e-07,True
0.7048649662415604,1.4187114523965367,20,0,-3806612.1161825974,0.0,0.993773667720877,0.006226285887474551,4.6391648414031355e-08,False
0.7048649662415604,1.4187114523965367,20,1,35.8089562822364,0.0,0.9992780337744754,5.409198384048244e-05,0.0006678742416841573,True
0.7048649662415604,1.4187114523965367,20,2,581.5296566789713,0.0,0.991530382642107,0.00844110900273007,2.8508355162909647e-05,True
0.7048387096774194,1.4187643020594969,20,0,-8504664.02972621,0.0,0.9937773001597973,0.006222654157324458,4.568287816074176e-08,False
0.7048387096774194,1.4187643020594969,20,1,19.929858980174867,0.0,0.9995097988166781,7.955456580427169e-06,0.0004822457267415443,True
0.7048387096774194,1.4187643020594969,20,2,506.21798323095703,0.0,0.9919512894466941,0.00802709273251091,2.161782079511266e-05,True
0.7048124531132783,1.4188171556601012,20,0,-10868980.250208605,0.0,0.993782332782711,0.006217622241701324,4.497558777257386e-08,False
0.7048124531132783,1.4188171556601012,20,1,-150.03256318226522,0.0,0.998917505112591,0.0009315034469060977,0.000150991440502968,False
0.7048124531132783,1.4188171556601012,20,2,299.4619671964461,0.0,0.9900826810757837,0.009917293174216645,2.5749999725689666e-08,True
0.7047861965491372,1.418870013198791,20,0,-5037516.734048895,0.0,0.9937883586186026,0.006211597028701801,4.435269557615796e-08,False
0.7047861965491372,1.418870013198791,20,1,-223.01660510367438,0.0,0.9988757705374238,0.0010241536537692302,0.00010007580880702229,False
0.7047861965491372,1.418870013198791,20,2,240.68168961055602,0.0,0.9873691916613294,0.012616776400777378,1.4031937893218625e-05,True
0.7047599399849962,1.4189228746760056,20,0,-2296062.9423408583,0.0,0.9937943540344996,0.006205601985867871,4.397963258441672e-08,False
0.7047599399849962,1.4189228746760056,20,1,-406.76111674133966,0.0,0.9990135269625794,0.0009091464657228788,7.732657169769874e-05,False
0.7047599399849962,1.4189228746760056,20,2,216.7417724910625,0.0,0.983989315373623,0.01596110241137586,4.9582215001275715e-05,True
0.7047336834208552,1.4189757400921856,20,0,-1244801.018086752,0.0,0.9937990187639762,0.0062009371638729015,4.407215087086365e-08,False
0.7047336834208552,1.4189757400921856,20,1,-504.6754726872476,0.0,0.9992165050693441,0.0007248680910198455,5.8626839636134916e-05,False
0.7047336834208552,1.4189757400921856,20,2,195.96797447395173,0.0,0.9753000292798979,0.024536176209756178,0.0001637945103457764,True
0.7047074268567142,1.419028609447771,20,0,-755061.4883052647,0.0,0.9938013527931682,0.00619860236062601,4.484620586677618e-08,False
0.7047074268567142,1.419028609447771,20,1,-686.8705809851823,0.0,0.9994661012981881,0.00048556940978502247,4.8329292026870165e-05,False
0.7047074268567142,1.419028609447771,20,2,186.17879513343598,0.0,0.9661916289522015,0.03350484363701957,0.00030352741077904185,True
0.7046811702925732,1.4190814827432026,20,0,-500410.92454571644,0.0,0.9938048450583366,0.00619510929669772,4.564496567445557e-08,False
0.7046811702925732,1.4190814827432026,20,1,-626.4596800897713,0.0,0.9994936522422364,0.00045904574458343397,4.730201318015365e-05,False
0.7046811702925732,1.4190814827432026,20,2,180.84698099486437,0.0,0.9646348292207099,0.03503255583171242,0.00033261494757780004,True
0.7046549137284321,1.4191343599789206,20,0,-352288.54714260745,0.0,0.9938115631529264,0.00618839076500207,4.6082071460454814e-08,False
0.7046549137284321,1.4191343599789206,20,1,-487.60572199706604,0.0,0.9994281086166037,0.0005189440701200904,5.294731327625204e-05,False
0.7046549137284321,1.4191343599789206,20,2,181.00842778383392,0.0,0.9741555034640218,0.025647977543195796,0.000196518992782399,True
0.704628657164291,1.4191872411553654,20,0,-260103.54669027813,0.0,0.9938141640856893,0.006185788381293113,4.753301757692211e-08,False
0.704628657164291,1.4191872411553654,20,1,-433.52684780834187,0.0,0.9994677970998088,0.0004806140641716844,5.1588836019496105e-05,False
0.704628657164291,1.4191872411553654,20,2,173.94869914920133,0.0,0.9733888267785731,0.026398760941064733,0.0002124122803622413,True
0.70460240060015,1.4192401262729777,20,0,-198843.63500144315,0.0,0.9938135852958422,0.0061863648350694075,4.986908838088077e-08,False
0.70460240060015,1.4192401262729777,20,1,-473.02090090546915,0.0,0.9995531968204259,0.00039720518293583253,4.959799663829311e-05,False
0.70460240060015,1.4192401262729777,20,2,170.85295845600163,0.0,0.9737633838292598,0.026022569682636755,0.00021404648810357545,True
0.704576144036009,1.4192930153321976,20,0,-155865.41957655875,0.0,0.9938119883522263,0.006187958927988489,5.2719785098077435e-08,False
0.704576144036009,1.4192930153321976,20,1,-391.24499800953674,0.0,0.9995771293308785,0.00037646387883294983,4.6406790288479266e-05,False
0.704576144036009,1.4192930153321976,20,2,164.94561016315012,0.0,0.9667991208341435,0.03288009039509049,0.0003207887707658435,True
0.704549887471868,1.4193459083334663,20,0,-125354.6012614617,0.0,0.9938054790562985,0.00619446401847043,5.692523110748095e-08,False
0.704549887471868,1.4193459083334663,20,1,-443.70501361754305,0.0,0.9996635962052979,0.00029179221124963706,4.4611583452478236e-05,False
0.704549887471868,1.4193459083334663,20,2,160.86886222088773,0.0,0.9683979729945353,0.03129662635040474,0.0003054006550598895,True
0.704523630907727,1.4193988052772246,20,0,-102411.37096529,0.0,0.9938107133900076,0.006189227626957363,5.898303502483089e-08,False
0.704523630907727,1.4193988052772246,20,1,-306.7480486295616,0.0,0.9996326582600923,0.00031942728143962427,4.791445846809042e-05,False
0.704523630907727,1.4193988052772246,20,2,157.03144538445449,0.0,0.9745551965076206,0.025227413386339725,0.00021739010603966932,True
0.7044973743435858,1.4194517061639131,20,0,-84766.16330031908,0.0,0.9938213516994023,0.006178588126945517,6.017365213806186e-08,False
0.7044973743435858,1.4194517061639131,20,1,-186.368209836918,0.0,0.9996239915469766,0.00031986486806107793,5.614358496235216e-05,False
0.7044973743435858,1.4194517061639131,20,2,160.25238927307143,0.0,0.9844182064031116,0.015496481085947034,8.531251094134076e-05,True
0.7044711177794448,1.4195046109939728,20,0,-71446.46842398022,0.0,0.9937969044760954,0.006203025917215881,6.960668875785246e-08,False
0.7044711177794448,1.4195046109939728,20,1,-232.49943650312224,0.0,0.9996997381791303,0.0002547264868224274,4.553533404725131e-05,False
0.7044711177794448,1.4195046109939728,20,2,149.1031529190017,0.0,0.9734280636521337,0.026328185307865584,0.0002437510400006279,True
0.7044448612153038,1.4195575197678445,20,0,-61163.28941811565,0.0,0.9937422451870364,0.006257667032876405,8.77800871744233e-08,False
0.7044448612153038,1.4195575197678445,20,1,-407.64270716522753,0.0,0.9998444011718647,0.00012042105669878208,3.5177771436627515e-05,False
0.7044448612153038,1.4195575197678445,20,2,145.68552385417212,0.0,0.938954795299606,0.06023705544110937,0.0008081492592846708,True
0.7044186046511628,1.4196104324859689,20,0,-52846.553733468914,0.0,0.9936785575935847,0.006321331461013344,1.1094540193271673e-07,False
0.7044186046511628,1.4196104324859689,20,1,-445.60305519528146,0.0,0.9999141617397207,5.8198025599924416e-05,2.7640234679377053e-05,False
0.7044186046511628,1.4196104324859689,20,2,148.02888735701933,0.0,0.4875399761304008,0.5032811439894438,0.009178879880155368,True
0.7043923480870218,1.4196633491487878,20,0,-46088.50702737179,0.0,0.9935989454370134,0.006400912065943925,1.4249704253317548e-07,False
0.7043923480870218,1.4196633491487878,20,1,-550.4926619124512,0.0,0.9999673206055603,8.514618038582938e-06,2.416477640116157e-05,False
0.7043923480870218,1.4196633491487878,20,2,145.98162051156265,0.0,0.13200602910910791,0.8523515182804831,0.015642452610408922,True
0.7043660915228807,1.4197162697567418,20,0,-40721.733947135865,0.0,0.9934800133363639,0.0065197938372014074,1.9282643480342223e-07,False
0.7043660915228807,1.4197162697567418,20,1,-571.6723871048077,0.0,0.9999806080524816,8.03229397104477e-07,1.8588718121323602e-05,False
0.7043660915228807,1.4197162697567418,20,2,161.88665673688124,0.0,0.9004459300177292,0.09745892375075302,0.0020951462315177043,True
0.7043398349587396,1.4197691943102724,20,0,-36261.061936086735,0.0,0.9933463288345313,0.006653413608867081,2.575566016021758e-07,False
0.7043398349587396,1.4197691943102724,20,1,-627.2500435082568,0.0,0.999957173220204,2.6693364214526238e-05,1.6133415581445118e-05,False
0.7043398349587396,1.4197691943102724,20,2,160.2146170062007,0.0,0.9335944751772476,0.06506080331009126,0.0013447215126611636,True
0.7043135783945986,1.419822122809821,20,0,-32038.92839748669,0.0,0.9933328115015692,0.006666914277625826,2.7422080503603573e-07,False
0.7043135783945986,1.419822122809821,20,1,-505.2998581146269,0.0,0.9999748378091279,8.627758816144135e-06,1.653443205585133e-05,False
0.7043135783945986,1.419822122809821,20,2,159.45527956567614,0.0,0.9507601527149644,0.048155042445624685,0.0010848048394109262,True
0.7042873218304576,1.419875055255828,20,0,-28262.261824581452,0.0,0.9934170254947282,0.006582726835437078,2.476698347387922e-07,False
0.7042873218304576,1.419875055255828,20,1,-336.09916804378804,0.0,0.9999752876716881,3.962103070402054e-06,2.075022524150712e-05,False
0.7042873218304576,1.419875055255828,20,2,138.156473971908,0.0,0.8455576562231554,0.15098615603611715,0.0034561877407275478,True
0.7042610652663166,1.4199279916487355,20,0,-25133.631083171156,0.0,0.9935038475317253,0.006495931344804105,2.211234706185818e-07,False
0.7042610652663166,1.4199279916487355,20,1,-151.31231790584664,0.0,0.9999273975373536,4.682649213890459e-05,2.577597050745038e-05,False
0.7042610652663166,1.4199279916487355,20,2,125.50023779363485,0.0,0.0790007341744402,0.9011774607732442,0.019821805052315532,True
0.7042348087021755,1.4199809319889851,20,0,-22435.22676920146,0.0,0.9936251515341867,0.006374666056594288,1.8240921901004658e-07,False
0.7042348087021755,1.4199809319889851,20,1,79.69570536848875,0.0,0.999933306176483,1.440516671636845e-05,5.228865680066327e-05,True
0.7042348087021755,1.4199809319889851,20,2,119.16055461580696,0.0,0.9937066250349867,0.006272933552331204,2.0441412682201938e-05,True
0.7042085521380345,1.4200338762770186,20,0,-20135.17224863499,0.0,0.9937988494063545,0.006201021660968833,1.2893267661396135e-07,False
0.7042085521380345,1.4200338762770186,20,1,101.06215996292063,0.0,0.7657245386179328,0.2261372027114402,0.008138258670626923,True
0.7042085521380345,1.4200338762770186,20,2,407.7033307688295,0.0,0.999206932731917,0.0007574820570697744,3.558521101329674e-05,True
0.7041822955738934,1.4200868245132767,20,0,-18333.333844232395,0.0,0.9938277635530338,0.0061721087340650075,1.277129011038917e-07,False
0.7041822955738934,1.4200868245132767,20,1,98.79441202133437,0.0,0.6911849661696792,0.29796463501669523,0.010850398813625598,True
0.7041822955738934,1.4200868245132767,20,2,478.5170281715075,0.0,0.9990961604033215,0.0008663198499209476,3.751974675759115e-05,True
0.7041560390097524,1.4201397766982016,20,0,-16944.431665650605,0.0,0.9936337305039099,0.006366058802172516,2.1069391751938298e-07,False
0.7041560390097524,1.4201397766982016,20,1,105.45742211678596,0.0,0.16234558023577406,0.8173095035643798,0.02034491619984619,True
0.7041560390097524,1.4201397766982016,20,2,304.1246498695432,0.0,0.9996610840615241,0.00030506001653304914,3.385592194284535e-05,True
0.7041297824456114,1.420192732832235,20,0,-15730.750268723827,0.0,0.9934363877078373,0.006563296793524928,3.154986376611595e-07,False
0.7041297824456114,1.420192732832235,20,1,107.88132503032504,0.0,0.9911767762654987,0.008380482203858087,0.0004427415306430809,True
0.7041297824456114,1.420192732832235,20,2,126.89389767211932,0.0,0.9996994434557912,0.0002813390701171189,1.9217474091705722e-05,True
0.7041035258814703,1.420245692915819,20,0,-14648.736041853848,0.0,0.9932743817059919,0.006725199865427159,4.184285809218189e-07,False
0.7041035258814703,1.420245692915819,20,1,87.29654180045168,0.0,0.9985725006865886,0.0014273706821003932,1.2863131090895497e-07,True
0.7041035258814703,1.420245692915819,20,2,163.48861766045866,0.0,0.9997611551601885,0.00017388940288856142,6.495543692297087e-05,True
0.7040772693173293,1.4202986569493947,20,0,-13773.077121521095,0.0,0.9930371092655087,0.006962303961976576,5.867725147142521e-07,False
0.7040772693173293,1.4202986569493947,20,1,-4.722900544683519,0.0,0.9999415274671846,4.204542980056407e-05,1.642710301481338e-05,False
0.7040772693173293,1.4202986569493947,20,2,120.38039576777803,0.0,0.9885902123141246,0.010995854603345805,0.0004139330825295783,True
0.7040510127531883,1.4203516249334045,20,0,-13040.766659642513,0.0,0.9927530783112978,0.007246107524694649,8.141640076549992e-07,False
0.7040510127531883,1.4203516249334045,20,1,-31.757086433580746,0.0,0.9999387163508666,5.213335325001963e-05,9.150295883325011e-06,False
0.7040510127531883,1.4203516249334045,20,2,157.79079511596825,0.0,0.9970874981155142,0.002777131392578234,0.00013537049190752394,True
0.7040247561890473,1.4204045968682903,20,0,-12307.598750237139,0.0,0.9925712136606534,0.007427796059881423,9.902794651852207e-07,False
0.7040247561890473,1.4204045968682903,20,1,-57.726883427455675,0.0,0.999979797988877,9.539247323506183e-06,1.0662763799488132e-05,False
0.7040247561890473,1.4204045968682903,20,2,143.2414271241588,0.0,0.9954370759726545,0.004389581511540542,0.0001733425158049745,True
0.7039984996249062,1.420457572754494,20,0,-11460.305201287509,0.0,0.9926413517654132,0.007357689414108292,9.58820478378216e-07,False
0.7039984996249062,1.420457572754494,20,1,5.242360722650913,0.0,0.9998982058435,9.392697492860488e-05,7.8671815714742e-06,True
0.7039984996249062,1.420457572754494,20,2,150.85217084767552,0.0,0.9978513471232459,0.00203165936594851,0.00011699351080553583,True
0.7039722430607651,1.4205105525924586,20,0,-10774.499405413631,0.0,0.9926425180619938,0.00735649613549921,9.858025071041031e-07,False
0.7039722430607651,1.4205105525924586,20,1,40.74352125667772,0.0,0.9996517792304837,0.0003452191271790525,3.001642337309555e-06,True
0.7039722430607651,1.4205105525924586,20,2,171.40819778502248,0.0,0.9991435512625177,0.0007815865249704328,7.48622125118553e-05,True
0.7039459864966241,1.4205635363826252,20,0,-10259.291724585173,0.0,0.9925065830089197,0.00749227796365579,1.1390274244364513e-06,False
0.7039459864966241,1.4205635363826252,20,1,21.528672354246982,0.0,0.9998984172381495,9.33175227089233e-05,8.265239141599142e-06,True
0.7039459864966241,1.4205635363826252,20,2,135.10919823023517,0.0,0.9977726854340115,0.002103942027477766,0.000123372538510657,True
0.7039197299324831,1.4206165241254365,20,0,-9757.31830848725,0.0,0.9924416699257378,0.007557102092167681,1.2279820944782674e-06,False
0.7039197299324831,1.4206165241254365,20,1,42.65647783076283,0.0,0.9995525488094842,0.00044603443906841557,1.4167514473198734e-06,True
0.7039197299324831,1.4206165241254365,20,2,191.41326979943096,0.0,0.9993421933261643,0.0005934489261660163,6.43577476698092e-05,True
0.7038934733683421,1.4206695158213345,20,0,-9354.683658343163,0.0,0.9923020220212657,0.00769657551075492,1.402467979452403e-06,False
0.7038934733683421,1.4206695158213345,20,1,27.818143715474907,0.0,0.9998392737315851,0.0001552499610400946,5.476307374783393e-06,True
0.7038934733683421,1.4206695158213345,20,2,150.1212656153383,0.0,0.9985950877599309,0.0013120466348731474,9.286560519585418e-05,True
0.7038672168042011,1.4207225114707622,20,0,-8925.851860850196,0.0,0.9923132999910884,0.007685274103010062,1.4259059015494928e-06,False
0.7038672168042011,1.4207225114707622,20,1,48.29058148808739,0.0,0.999566741752238,0.00043154251228885254,1.7157354731280868e-06,True
0.7038672168042011,1.4207225114707622,20,2,168.64065992766385,0.0,0.9993268126043375,0.0006056364957073945,6.755089995512064e-05,True
0.7038409602400599,1.4207755110741618,20,0,-8446.505352813376,0.0,0.9925442974780255,0.007454472260243072,1.2302617314397142e-06,False
0.7038409602400599,1.4207755110741618,20,1,82.17365681859596,0.0,0.9977444823135021,0.0022510890276601324,4.428658837704403e-06,True
0.7038409602400599,1.4207755110741618,20,2,201.65913179395022,0.0,0.9998634271891661,8.953441791572701e-05,4.703839291812733e-05,True
0.7038147036759189,1.4208285146319757,20,0,-8172.9663172655655,0.0,0.9924555582490727,0.007543089299788752,1.3524511384726469e-06,False
0.7038147036759189,1.4208285146319757,20,1,78.32520768917672,0.0,0.9981321592672561,0.0018655531320525918,2.287600691302873e-06,True
0.7038147036759189,1.4208285146319757,20,2,193.78075672901403,0.0,0.999834331409917,0.00011642471286777251,4.924387721524731e-05,True
0.7037884471117779,1.4208815221446465,20,0,-8085.129784346281,0.0,0.9919811765372794,0.008016912150680622,1.9113120401313493e-06,False
0.7037884471117779,1.4208815221446465,20,1,21.93848944267294,0.0,0.9998528117833014,0.00014102526832726291,6.1629483713129305e-06,True
0.7037884471117779,1.4208815221446465,20,2,144.11977373426333,0.0,0.9984926286341038,0.0014058987382622877,0.00010147262763391907,True
0.7037621905476369,1.420934533612617,20,0,-8014.516606809918,0.0,0.991516310153728,0.00848116332448937,2.5265217826270482e-06,False
0.7037621905476369,1.420934533612617,20,1,-25.290169844933597,0.0,0.9999382823675843,5.570775138648028e-05,6.009881029220542e-06,False
0.7037621905476369,1.420934533612617,20,2,171.80116486691327,0.0,0.9981813501569508,0.0017207754225357164,9.787442051353895e-05,True
0.7037359339834959,1.4209875490363295,20,0,-7966.915821661834,0.0,0.9910500286606704,0.008946739875545564,3.2314637840096026e-06,False
0.7037359339834959,1.4209875490363295,20,1,-95.64816026738609,0.0,0.9999898773683018,3.748086807988006e-07,9.747823017446075e-06,False
0.7037359339834959,1.4209875490363295,20,2,143.17073662949397,0.0,0.9954112020348034,0.004420161867009433,0.00016863609818714077,True
0.7037096774193548,1.4210405684162275,20,0,-7989.569805604034,0.0,0.9904678721042892,0.009527971916539294,4.155979171503951e-06,False
0.7037096774193548,1.4210405684162275,20,1,-123.12944703750952,0.0,0.9999910591995079,1.9143427648585887e-06,7.026457727173661e-06,False
0.7037096774193548,1.4210405684162275,20,2,183.863408903289,0.0,0.9968467875330465,0.0030391424653651,0.00011407000158851427,True
0.7036834208552137,1.4210935917527534,20,0,-8105.72128769072,0.0,0.9896489702400837,0.010345412524230341,5.617235685935443e-06,False
0.7036834208552137,1.4210935917527534,20,1,-188.80124382265925,0.0,0.999948331959291,4.412160554107916e-05,7.546435167814596e-06,False
0.7036834208552137,1.4210935917527534,20,2,173.29299000250242,0.0,0.9953984418919615,0.004467098066615516,0.00013446004142309663,True
0.7036571642910727,1.42114661904635,20,0,-7867.6887938243035,0.0,0.9897918085889735,0.010202754972798303,5.436438228168325e-06,False
0.7036571642910727,1.42114661904635,20,1,-195.60122551384413,0.0,0.9999609885776645,3.061285593748533e-05,8.39856639796908e-06,False
0.7036571642910727,1.42114661904635,20,2,169.88410496690486,0.0,0.9950547087007823,0.004790920279141295,0.00015437102007647774,True
0.7036309077269317,1.4211996502974604,20,0,-7364.163719422381,0.0,0.9908046211976997,0.0091915557544492,3.823047851034811e-06,False
0.7036309077269317,1.4211996502974604,20,1,-150.0960510589602,0.0,0.9999879653484399,1.352241883753027e-07,1.1899427371673641e-05,False
0.7036309077269317,1.4211996502974604,20,2,142.32718438161805,0.0,0.9935573632277684,0.00619694619220818,0.000245690580023359,True
0.7036046511627907,1.421252685506528,20,0,-6975.935898907148,0.0,0.9916991513704118,0.008298275030116592,2.573599471613423e-06,False
0.7036046511627907,1.421252685506528,20,1,-79.86577125276452,0.0,0.9999602810737196,2.1846608507083945e-05,1.787231777327384e-05,False
0.7036046511627907,1.421252685506528,20,2,113.54266988181774,0.0,0.9854196255646244,0.013988757649301038,0.0005916167860746265,True
0.7035783945986497,1.4213057246739953,20,0,-6675.754575289223,0.0,0.992526599632003,0.007471829064915286,1.5713030818021706e-06,False
0.7035783945986497,1.4213057246739953,20,1,74.11124876548608,0.0,0.9988728634027333,0.0011256849302942826,1.451666972358072e-06,True
0.7035783945986497,1.4213057246739953,20,2,138.21596123135998,0.0,0.9997461089286193,0.00016627453049305384,8.761654088768495e-05,True
0.7035521380345086,1.421358767800306,20,0,-6452.889791061412,0.0,0.9933698647265482,0.006629374690406117,7.605830456536625e-07,False
0.7035521380345086,1.421358767800306,20,1,88.62116443857816,0.0,0.012435071416603646,0.9515580046751664,0.03600692390823,True
0.7035521380345086,1.421358767800306,20,2,313.97184640827453,0.0,0.9994994182867201,0.00046195266153948694,3.862905174045857e-05,True
0.7035258814703675,1.4214118148859032,20,0,-6367.1559015730045,0.0,0.9937871535656569,0.006212391398313122,4.55036029926873e-07,False
0.7035258814703675,1.4214118148859032,20,1,94.62735461436603,0.0,0.8874957483611606,0.10926810938985632,0.0032361422489830603,True
0.7035258814703675,1.4214118148859032,20,2,534.8009474263193,0.0,0.9991899765026293,0.0007594785240244272,5.0544973346136745e-05,True
0.7034996249062265,1.42146486593123,20,0,-6400.593536406349,0.0,0.9934877203002113,0.006511573880692641,7.058190960730812e-07,False
0.7034996249062265,1.42146486593123,20,1,87.3945411174131,0.0,0.8781442944518881,0.11584038741540471,0.006015318132707152,True
0.7034996249062265,1.42146486593123,20,2,288.53425295901377,0.0,0.9993222381233865,0.0006405787898947739,3.718308671881099e-05,True
0.7034733683420855,1.42151792093673,20,0,-6476.78507075923,0.0,0.993118528494166,0.006880408900831065,1.062605002929262e-06,False
0.7034733683420855,1.42151792093673,20,1,101.75028903433457,0.0,0.9844925899388323,0.01531181538225753,0.00019559467891022044,True
0.7034733683420855,1.42151792093673,20,2,157.10083735721128,0.0,0.9997864943314654,0.0001629431237416594,5.0562544792964926e-05,True
0.7034471117779445,1.4215709799028469,20,0,-6539.3516898953,0.0,0.9928982988294024,0.007100376544213799,1.3246263838587352e-06,False
0.7034471117779445,1.4215709799028469,20,1,-26.964405283240577,0.0,0.9998291323729995,0.00012572810737118237,4.513951962922148e-05,False
0.7034471117779445,1.4215709799028469,20,2,103.20776411198732,0.0,0.9777499353201485,0.02190177549222567,0.00034828918762572745,True
0.7034208552138034,1.4216240428300235,20,0,-6610.253581688296,0.0,0.9926801254019378,0.007318276460322873,1.5981377391904117e-06,False
0.7034208552138034,1.4216240428300235,20,1,-96.63609937463914,0.0,0.9998081448011141,0.00015687079808477994,3.498440080100658e-05,False
0.7034208552138034,1.4216240428300235,20,2,107.96814427761218,0.0,0.5400412662746795,0.44652246635228476,0.013436267373035651,True
0.7033945986496624,1.4216771097187042,20,0,-6735.741988090761,0.0,0.9922644855256739,0.007733359276453381,2.1551978726992977e-06,False
0.7033945986496624,1.4216771097187042,20,1,-267.0839966624885,0.0,0.9998935963760638,7.44409255380243e-05,3.196269839819017e-05,False
0.7033945986496624,1.4216771097187042,20,2,114.49699989829408,0.0,0.4824566253911177,0.5029219078623938,0.014621466746488522,True
0.7033683420855213,1.421730180569332,20,0,-6787.8056358077965,0.0,0.9922500175494928,0.0077477667209510815,2.215729556018265e-06,False
0.7033683420855213,1.421730180569332,20,1,-353.29107259954884,0.0,0.9999058976318721,5.977420741310148e-05,3.43281607149117e-05,False
0.7033683420855213,1.421730180569332,20,2,109.83828206884063,0.0,0.8848791593518958,0.11234196254255803,0.00277887810554623,True
0.7033420855213803,1.4217832553823508,20,0,-6692.211239346657,0.0,0.9930362577100068,0.006962474641731458,1.2676482616391448e-06,False
0.7033420855213803,1.4217832553823508,20,1,-142.01397267440885,0.0,0.9997073965155115,0.00024932421840419023,4.327926608429749e-05,False
0.7033420855213803,1.4217832553823508,20,2,113.63659481892559,0.0,0.9273686967466745,0.07089713862838853,0.0017341646249368916,True
0.7033158289572393,1.4218363341582043,20,0,-6724.620183967898,0.0,0.9932819931637812,0.0067169741419613686,1.0326942574321553e-06,False
0.7033158289572393,1.4218363341582043,20,1,-144.14094509873863,0.0,0.9996688036550632,0.00027786124839246427,5.333509654441323e-05,False
0.7033158289572393,1.4218363341582043,20,2,113.10628174049367,0.0,0.9785201120487172,0.021153580020874294,0.0003263079304083995,True
0.7032895723930983,1.421889416897337,20,0,-6874.026249642048,0.0,0.9929179501184174,0.007080598412768636,1.4514688138965186e-06,False
0.7032895723930983,1.421889416897337,20,1,-338.6278361302229,0.0,0.9997616090738328,0.0001940297601049192,4.436116606217289e-05,False
0.7032895723930983,1.421889416897337,20,2,115.43337779817853,0.0,0.9548745500486953,0.04418273010868681,0.0009427198426180034,True
0.7032633158289572,1.421942503600192,20,0,-7024.703151862623,0.0,0.992618206393918,0.00737995452445272,1.8390816293600526e-06,False
0.7032633158289572,1.421942503600192,20,1,-471.2477672485649,0.0,0.9998186391167839,0.00014226617175979337,3.9094711456186996e-05,False
0.7032633158289572,1.421942503600192,20,2,122.60910264725491,0.0,0.8991008413555822,0.09838066751490832,0.002518491129509494,True
0.7032370592648162,1.4219955942672136,20,0,-7173.732476194214,0.0,0.9923849003734209,0.007612917484389194,2.1821421899620523e-06,False
0.7032370592648162,1.4219955942672136,20,1,-647.9483030423091,0.0,0.9998735102188336,8.815053801349937e-05,3.83392431529344e-05,False
0.7032370592648162,1.4219955942672136,20,2,121.788664689687,0.0,0.9311460628437136,0.06727964307788162,0.0015742940784048386,True
0.7032108027006752,1.4220486888988455,20,0,-7364.701352444938,0.0,0.9920235531374151,0.007973728574102988,2.7182884820259766e-06,False
0.7032108027006752,1.4220486888988455,20,1,-755.4527223415521,0.0,0.9999105509488776,5.561351213112426e-05,3.383553899127901e-05,False
0.7032108027006752,1.4220486888988455,20,2,133.01114715321748,0.0,0.8039235025178579,0.1908648374115819,0.005211660070560047,True
0.7031845461365341,1.4221017874955326,20,0,-7589.949817358658,0.0,0.9915348084695759,0.008461655495570881,3.536034853207896e-06,False
0.7031845461365341,1.4221017874955326,20,1,-980.7487097512345,0.0,0.9999547048299412,1.3563445144814329e-05,3.173172491409576e-05,False
0.7031845461365341,1.4221017874955326,20,2,131.2247685504358,0.0,0.8683185904709374,0.12843826590888158,0.0032431436201810116,True
0.7031582895723931,1.4221548900577183,20,0,-7616.846304253307,0.0,0.9920240485125479,0.007973184222139587,2.7672653125939074e-06,False
0.7031582895723931,1.4221548900577183,20,1,-922.5179971318654,0.0,0.9999107717569876,5.420553320240196e-05,3.502270980992991e-05,False
0.7031582895723931,1.4221548900577183,20,2,135.48834018837783,0.0,0.8693193163791457,0.12733626911753088,0.0033444145033233856,True
0.703132033008252,1.4222079965858474,20,0,-7563.855717757242,0.0,0.9930149796076391,0.006983586582408439,1.4338099525233986e-06,False
0.703132033008252,1.4222079965858474,20,1,-738.5765005129404,0.0,0.9997133251239165,0.00023946066553956892,4.7214210543855834e-05,False
0.703132033008252,1.4222079965858474,20,2,130.91958882285198,0.0,0.9536130375371418,0.04537777668507357,0.001009185777784632,True
0.703105776444111,1.4222611070803637,20,0,-7603.701787205274,0.0,0.9937490649781222,0.006250255020999524,6.800008782963558e-07,False
0.703105776444111,1.4222611070803637,20,1,-484.2201745362021,0.0,0.9993752319854767,0.0005613540302477791,6.341398427534905e-05,False
0.703105776444111,1.4222611070803637,20,2,132.15187992992279,0.0,0.975267461414823,0.024325144231788432,0.0004073943533885432,True
0.70307951987997,1.422314221541712,20,0,-7711.158724143089,0.0,0.9943234914381366,0.0056762451986645404,2.6336319893087307e-07,False
0.70307951987997,1.422314221541712,20,1,-181.62407968224224,0.0,0.9990010793976835,0.0009033777131585429,9.554288915813887e-05,False
0.70307951987997,1.422314221541712,20,2,143.15547562444254,0.0,0.9883520629596315,0.01157669487577691,7.124216459159051e-05,True
0.703053263315829,1.4223673399703365,20,0,-7879.336829457671,0.0,0.9948431954605541,0.005156759300744871,4.5238700953819995e-08,False
0.703053263315829,1.4223673399703365,20,1,37.792717814129944,0.0,0.9995245121020604,2.1051634769091682e-05,0.00045443626317050395,True
0.703053263315829,1.4223673399703365,20,2,281.84343936080563,0.0,0.9956804691851028,0.004295309587489263,2.4221227408008213e-05,True
0.7030270067516879,1.4224204623666814,20,0,-8082.97631318991,0.0,0.9950498297749654,0.004950162394404298,7.83063041751105e-09,False
0.7030270067516879,1.4224204623666814,20,1,105.86490367126409,0.0,0.9428682638481994,0.04919049674961609,0.007941239402184493,True
0.7030270067516879,1.4224204623666814,20,2,509.9542847464756,0.0,0.9961768459353769,0.0037559134566963366,6.724060792675116e-05,True
0.7030007501875468,1.422473588731192,20,0,-8272.76724713838,0.0,0.9948961578367554,0.005103808652211056,3.3511033470739654e-08,False
0.7030007501875468,1.422473588731192,20,1,-32.04402065326826,0.0,0.999136933294611,0.0005872716721741079,0.0002757950332149374,False
0.7030007501875468,1.422473588731192,20,2,246.75660626974133,0.0,0.9943512207401128,0.005641068095477577,7.711164409603535e-06,True
0.7029744936234058,1.4225267190643125,20,0,-8478.749160926363,0.0,0.9947378610880709,0.0052620613214062325,7.759052276269362e-08,False
0.7029744936234058,1.4225267190643125,20,1,-57.848774923994,0.0,0.9987239631682461,0.0011249372677310135,0.0001510995640228358,False
0.7029744936234058,1.4225267190643125,20,2,175.6693813477423,0.0,0.9918398986610142,0.008154676373081225,5.424965904582334e-06,True
0.7029482370592648,1.4225798533664875,20,0,-8700.098012918597,0.0,0.9946619620933111,0.005337933598104124,1.0430858468878402e-07,False
0.7029482370592648,1.4225798533664875,20,1,-312.2720973957917,0.0,0.998578278437468,0.0013027172712104336,0.00011900429132151772,False
0.7029482370592648,1.4225798533664875,20,2,170.09508330250765,0.0,0.9885625258944475,0.011390318776581539,4.71553289709388e-05,True
0.7029219804951238,1.4226329916381624,20,0,-8935.178572467252,0.0,0.9945644811223766,0.005435375419249477,1.4345837399241e-07,False
0.7029219804951238,1.4226329916381624,20,1,-401.6366377140166,0.0,0.9985933091084371,0.0013054924691197796,0.00010119842244301949,False
0.7029219804951238,1.4226329916381624,20,2,161.32999794256858,0.0,0.9844725616646118,0.015395075084875793,0.00013236325051237385,True
0.7028957239309828,1.4226861338797814,20,0,-9184.927159051673,0.0,0.9944253477749927,0.0055744428726914545,2.0935231583583412e-07,False
0.7028957239309828,1.4226861338797814,20,1,-626.4834645115466,0.0,0.9987432119745872,0.0011673024150829828,8.948561032982204e-05,False
0.7028957239309828,1.4226861338797814,20,2,161.18919326023047,0.0,0.9805290138630549,0.01923590643356951,0.00023507970337559279,True
0.7028694673668416,1.4227392800917895,20,0,-9443.168440382984,0.0,0.9943987593448114,0.00560101994643002,2.2070875858386637e-07,False
0.7028694673668416,1.4227392800917895,20,1,-728.8240439680601,0.0,0.9987706329210326,0.001141715252163218,8.765182680416172e-05,False
0.7028694673668416,1.4227392800917895,20,2,161.84476815026878,0.0,0.9793201789929651,0.020412433763416317,0.00026738724361865493,True
0.7028432108027006,1.4227924302746322,20,0,-9704.495608376044,0.0,0.9945946499982552,0.005405226979065806,1.2302267905340834e-07,False
0.7028432108027006,1.4227924302746322,20,1,-591.3200423278556,0.0,0.9984893112290765,0.0014105203195881148,0.0001001684513354147,False
0.7028432108027006,1.4227924302746322,20,2,169.24933924698087,0.0,0.9819991374733779,0.017813427403922735,0.00018743512269945258,True
0.7028169542385596,1.4228455844287538,20,0,-9988.784069684445,0.0,0.9947342131678271,0.0052657179700592496,6.886211373802262e-08,False
0.7028169542385596,1.4228455844287538,20,1,-500.09551581794943,0.0,0.9982694698972248,0.0016169155779116359,0.00011361452486358658,False
0.7028169542385596,1.4228455844287538,20,2,176.06678040521706,0.0,0.9843471569492688,0.015531389807874336,0.00012145324285694123,True
0.7027906976744186,1.4228987425545996,20,0,-10291.157790080384,0.0,0.9947601315404166,0.005239810421443047,5.803814032766983e-08,False
0.7027906976744186,1.4228987425545996,20,1,-543.372947329504,0.0,0.9982046593534081,0.001679244226588919,0.00011609642000297345,False
0.7027906976744186,1.4228987425545996,20,2,179.8819395771888,0.0,0.984272626199641,0.015606991489495826,0.0001203823108632182,True
0.7027644411102776,1.4229519046526151,20,0,-10611.727597127578,0.0,0.9948057495596004,0.005194207778385512,4.2662014134013304e-08,False
0.7027644411102776,1.4229519046526151,20,1,-507.4066606547218,0.0,0.9980872065279733,0.0017924063853331986,0.00012038708669350791,False
0.7027644411102776,1.4229519046526151,20,2,182.78381175827718,0.0,0.9842405304208836,0.01564286723922348,0.00011660233989294787,True
0.7027381845461365,1.4230050707232451,20,0,-10947.169003419556,0.0,0.9948255473068444,0.005174417730071574,3.496308408094055e-08,False
0.7027381845461365,1.4230050707232451,20,1,-573.4021859112199,0.0,0.9980284982835173,0.0018481467978850189,0.00012335491859766657,False
0.7027381845461365,1.4230050707232451,20,2,188.46797199739737,0.0,0.98433460990061,0.015553478592979742,0.00011191150641042169,True
0.7027119279819954,1.4230582407669357,20,0,-11303.106002255932,0.0,0.9948819253894945,0.005118053782532842,2.0827972657893604e-08,False
0.7027119279819954,1.4230582407669357,20,1,-485.99339733374785,0.0,0.9978818736485733,0.001986880575568422,0.00013124577585829877,False
0.7027119279819954,1.4230582407669357,20,2,190.53826363147917,0.0,0.984842047475245,0.015063249338238964,9.470318651602233e-05,True
0.7026856714178544,1.4231114147841313,20,0,-11695.554412673193,0.0,0.9950267177870166,0.004973280216713911,1.9962694860081965e-09,False
0.7026856714178544,1.4231114147841313,20,1,-357.3925301118142,0.0,0.9976191189768898,0.0022139805566146684,0.0001669004664954975,False
0.7026856714178544,1.4231114147841313,20,2,215.2690885096078,0.0,0.9878120565339118,0.01215968795073245,2.8255515355872987e-05,True
0.7026594148537134,1.4231645927752778,20,0,-12097.338789481215,0.0,0.9950435293287407,0.004956470061940999,6.093182593097486e-10,False
0.7026594148537134,1.4231645927752778,20,1,-296.6684870170009,0.0,0.9975544845275781,0.00227076947989898,0.00017474599252278715,False
0.7026594148537134,1.4231645927752778,20,2,217.46736133358175,0.0,0.9880144310139881,0.01196270027264373,2.286871336819194e-05,True
0.7026331582895724,1.4232177747408206,20,0,-12499.573037565928,0.0,0.9949229900311892,0.005077001881316378,8.08749441099356e-09,False
0.7026331582895724,1.4232177747408206,20,1,-566.8483544256666,0.0,0.9976725937174706,0.002186497550089392,0.00014090873244008002,False
0.7026331582895724,1.4232177747408206,20,2,203.04916718134723,0.0,0.9848477925535949,0.015065986657403281,8.622078900183136e-05,True
0.7026069017254313,1.4232709606812055,20,0,-12929.963686344647,0.0,0.9948055335630259,0.005194443412918106,2.3024056023810837e-08,False
0.7026069017254313,1.4232709606812055,20,1,-755.6724885229875,0.0,0.9978767979471344,0.002001353133094098,0.00012184891977161497,False
0.7026069017254313,1.4232709606812055,20,2,196.05888229008528,0.0,0.9814432719065169,0.018381280258345675,0.00017544783513742592,True
0.7025806451612903,1.423324150596878,20,0,-13391.594375325947,0.0,0.994714659292149,0.005285302401395391,3.830645561954947e-08,False
0.7025806451612903,1.423324150596878,20,1,-937.7244712425535,0.0,0.9980611200262052,0.001826162048120179,0.00011271792567473894,False
0.7025806451612903,1.423324150596878,20,2,192.8202724116498,0.0,0.9793457911251697,0.020416297314552124,0.00023791156027824773,True
0.7025543885971492,1.4233773444882836,20,0,-13883.444023639002,0.0,0.9945879414450145,0.005411990950337783,6.7604647857885e-08,False
0.7025543885971492,1.4233773444882836,20,1,-1160.6763715825575,0.0,0.9983139874678401,0.0015844345873478039,0.00010157794481217313,False
0.7025543885971492,1.4233773444882836,20,2,193.26421157264613,0.0,0.9757904918494097,0.023861064794650586,0.00034844335593972885,True
0.7025281320330082,1.4234305423558684,20,0,-14413.43395240146,0.0,0.9944278031227257,0.0055720795175356035,1.1735973870043902e-07,False
0.7025281320330082,1.4234305423558684,20,1,-1430.85357774897,0.0,0.9986245241129665,0.0012844183965774925,9.105749045597743e-05,False
0.7025281320330082,1.4234305423558684,20,2,190.55483437001504,0.0,0.9720000838136154,0.027528982582386074,0.00047093360399853704,True
0.7025018754688672,1.4234837442000778,20,0,-14968.362785264806,0.0,0.9944781672364807,0.005521743396247976,8.936727128410347e-08,False
0.7025018754688672,1.4234837442000778,20,1,-1385.2672783270957,0.0,0.9985077270290617,0.0013972783396193286,9.499463131908286e-05,False
0.7025018754688672,1.4234837442000778,20,2,193.0257629954295,0.0,0.9728749863879931,0.026681295739700246,0.00044371787230671644,True
0.7024756189047261,1.4235369500213586,20,0,-15567.239425292339,0.0,0.9947041970266144,0.0052957809670797955,2.200630582362252e-08,False
0.7024756189047261,1.4235369500213586,20,1,-1013.2500505774733,0.0,0.997923153943181,0.0019598025579668503,0.00011704349885207542,False
0.7024756189047261,1.4235369500213586,20,2,199.05806948833387,0.0,0.9786127954013433,0.02113042494428834,0.00025677965436845043,True
0.7024493623405851,1.4235901598201557,20,0,-16237.75790504755,0.0,0.9948820530129643,0.005117946428833009,5.582026387350585e-10,False
0.7024493623405851,1.4235901598201557,20,1,-630.5152838934602,0.0,0.9973268443429305,0.0025218979219414116,0.00015125773512797517,False
0.7024493623405851,1.4235901598201557,20,2,212.95441812456508,0.0,0.9837125568201928,0.01618646915137582,0.00010097402843141284,True
0.7024231057764441,1.4236433735969156,20,0,-16973.84530015313,0.0,0.9950166568551803,0.004983337284501779,5.860318036420531e-09,False
0.7024231057764441,1.4236433735969156,20,1,-295.2025351954028,0.0,0.996990775757198,0.002785425670619436,0.00022379857218261578,False
0.7024231057764441,1.4236433735969156,20,2,253.02073256281798,0.0,0.9881252284456051,0.011866219552285584,8.552002109297858e-06,True
0.702396849212303,1.4236965913520845,20,0,-17794.40771875065,0.0,0.9951529739052786,0.004846993775884428,3.231883705028307e-08,False
0.702396849212303,1.4236965913520845,20,1,11.701759288213227,0.0,0.9982773715774164,0.0009265892734528677,0.0007960391491307372,True
0.702396849212303,1.4236965913520845,20,2,448.3914768695696,0.0,0.9916218049540907,0.008339624922045336,3.857012386400955e-05,True
0.702370592648162,1.4237498130861086,20,0,-18649.98907247874,0.0,0.9951976288085536,0.004802320665516558,5.0525929788042654e-08,False
0.702370592648162,1.4237498130861086,20,1,71.45765730024448,0.0,0.9973399396861332,0.00019905451683761494,0.0024610057970290656,True
0.702370592648162,1.4237498130861086,20,2,654.2824525365593,0.0,0.991659296553542,0.008264308491347702,7.639495511024082e-05,True
0.702344336084021,1.4238030387994338,20,0,-19472.919115420515,0.0,0.9950961296316865,0.004903839798636472,3.0569676937255606e-08,False
0.702344336084021,1.4238030387994338,20,1,17.459125131258816,0.0,0.9983325185230072,0.0007966049294317422,0.0008708765475610173,True
0.702344336084021,1.4238030387994338,20,2,467.92723949604806,0.0,0.9915927034707273,0.008364634212831791,4.2662316440850986e-05,True
0.7023180795198799,1.423856268492507,20,0,-20357.293523317865,0.0,0.9949773261447172,0.005022660605790737,1.3249492063051675e-08,False
0.7023180795198799,1.423856268492507,20,1,-137.22364070910146,0.0,0.9971600544848669,0.0025053980197983056,0.0003345474953348464,False
0.7023180795198799,1.423856268492507,20,2,310.3727622290439,0.0,0.9899739111555,0.01002399926642404,2.089578075848613e-06,True
0.7022918229557389,1.423909502165774,20,0,-21342.64831227625,0.0,0.9948958163895587,0.005104177193798159,6.416643092014346e-09,False
0.7022918229557389,1.423909502165774,20,1,-253.11951990671787,0.0,0.9969654602932925,0.002786333699248847,0.0002482060074586762,False
0.7022918229557389,1.423909502165774,20,2,266.73016746181435,0.0,0.9885094754289051,0.011487252641115456,3.2719299793794902e-06,True
0.7022655663915979,1.4239627398196812,20,0,-22413.80470202756,0.0,0.9948097727134924,0.005190225439998827,1.8465088754198594e-09,False
0.7022655663915979,1.4239627398196812,20,1,-405.65799722126724,0.0,0.9970010704044048,0.00280146705274928,0.00019746254284592037,False
0.7022655663915979,1.4239627398196812,20,2,238.28188046550093,0.0,0.986533915777248,0.01343654085003683,2.9543372715136943e-05,True
0.7022393098274569,1.4240159814546756,20,0,-23581.055945964974,0.0,0.9947115039892287,0.005288496009722877,1.0483966954210359e-12,False
0.7022393098274569,1.4240159814546756,20,1,-623.5673188513224,0.0,0.9972314838610113,0.0026067544981812495,0.00016176164080734427,False
0.7022393098274569,1.4240159814546756,20,2,219.96667584949464,0.0,0.9837739987876714,0.01613294061947651,9.30605928522275e-05,True
0.7022130532633158,1.4240692270712034,20,0,-24872.74615961863,0.0,0.9946437335318846,0.00535626581230815,6.558071347001228e-10,False
0.7022130532633158,1.4240692270712034,20,1,-745.4622383705,0.0,0.9974235640176444,0.002428044303338197,0.0001483916790174137,False
0.7022130532633158,1.4240692270712034,20,2,211.22166758621765,0.0,0.9822733487659605,0.01758972115506868,0.000136930078970823,True
0.7021867966991747,1.4241224766697116,20,0,-26316.95056707771,0.0,0.9946507828494752,0.005349217133844428,1.6680403239897216e-11,False
0.7021867966991747,1.4241224766697116,20,1,-602.1394205694371,0.0,0.9972718744688264,0.002567177680879693,0.0001609478502939866,False
0.7021867966991747,1.4241224766697116,20,2,216.18149618514988,0.0,0.983655452453704,0.016246734902093572,9.781264420247112e-05,True
0.7021605401350337,1.4241757302506466,20,0,-27911.969371471834,0.0,0.9946517948715276,0.005348204940652521,1.8781995948659756e-10,False
0.7021605401350337,1.4241757302506466,20,1,-501.4426506456611,0.0,0.9971686428195365,0.002653572434985623,0.00017778474547779715,False
0.7021605401350337,1.4241757302506466,20,2,223.50196269880374,0.0,0.9852969596412934,0.014645047894358498,5.7992464348074074e-05,True
0.7021342835708927,1.424228987814455,20,0,-29662.80258524877,0.0,0.994611629094697,0.005388370868383605,3.691932316565513e-11,False
0.7021342835708927,1.424228987814455,20,1,-514.9508413623537,0.0,0.9972367024473626,0.002590520583828577,0.00017277696880874753,False
0.7021342835708927,1.424228987814455,20,2,218.60406189622148,0.0,0.9849697075348404,0.014963003525738218,6.728893942147701e-05,True
0.7021080270067517,1.424282249361584,20,0,-31614.886818829207,0.0,0.994578113001612,0.005421886992358041,6.029930288010486e-12,False
0.7021080270067517,1.424282249361584,20,1,-491.4029535159356,0.0,0.997279968202985,0.0025488554984334356,0.00017117629858152215,False
0.7021080270067517,1.424282249361584,20,2,215.0739087682237,0.0,0.9849095894860574,0.015020057767052439,7.03527468900829e-05,True
0.7020817704426107,1.4243355148924803,20,0,-33796.25839051807,0.0,0.9945397408167509,0.005460259165301507,1.7947608124759292e-11,False
0.7020817704426107,1.4243355148924803,20,1,-551.006483018409,0.0,0.9973593824118221,0.0024739657714694346,0.00016665181670839438,False
0.7020817704426107,1.4243355148924803,20,2,213.28449340580158,0.0,0.9846480170868911,0.015272588597177937,7.939431593091163e-05,True
0.7020555138784697,1.4243887844075909,20,0,-36254.84153820462,0.0,0.9945108711240429,0.005489128846808753,2.9148366264354294e-11,False
0.7020555138784697,1.4243887844075909,20,1,-472.50489343951705,0.0,0.9973971751636246,0.002435504597134192,0.0001673202392412772,False
0.7020555138784697,1.4243887844075909,20,2,207.4332131198886,0.0,0.9848651169720977,0.015058611762901917,7.627126500046884e-05,True
0.7020292573143285,1.4244420579073631,20,0,-39057.724188847,0.0,0.9945162350623568,0.005483764741065558,1.9657770288103634e-10,False
0.7020292573143285,1.4244420579073631,20,1,-329.1855053765046,0.0,0.9973093519227094,0.002489108353330794,0.0002015397239598241,False
0.7020292573143285,1.4244420579073631,20,2,225.17731214248815,0.0,0.9875149886892582,0.012462361978510554,2.2649332231195933e-05,True
0.7020030007501875,1.4244953353922438,20,0,-42230.324251900834,0.0,0.9944859202635995,0.005514079608945733,1.2745487783209598e-10,False
0.7020030007501875,1.4244953353922438,20,1,-277.2132965189017,0.0,0.9973906124003795,0.0024038189888212712,0.00020556861079932832,False
0.7020030007501875,1.4244953353922438,20,2,222.42149174304788,0.0,0.9879892768242969,0.011993001411876536,1.7721763826555972e-05,True
0.7019767441860465,1.4245486168626802,20,0,-45841.169323532005,0.0,0.9944120748896822,0.0055879247820237975,3.2829409054420655e-10,False
0.7019767441860465,1.4245486168626802,20,1,-497.4404774295928,0.0,0.9976391105799103,0.0022038486546634697,0.00015704076542632424,False
0.7019767441860465,1.4245486168626802,20,2,196.0524907907525,0.0,0.9844800736888568,0.015423717564400806,9.620874674252759e-05,True
0.7019504876219055,1.4246019023191194,20,0,-50021.94649013865,0.0,0.9943449450994518,0.005655052993107135,1.907441095403713e-09,False
0.7019504876219055,1.4246019023191194,20,1,-721.0308916694307,0.0,0.9980048376458961,0.0018649246290749662,0.0001302377250288757,False
0.7019504876219055,1.4246019023191194,20,2,183.95190304401183,0.0,0.9804195070328132,0.01935858121835885,0.00022191174882787157,True
0.7019242310577645,1.4246551917620087,20,0,-54905.009601212485,0.0,0.9942928170551671,0.005707179274536784,3.670296064247089e-09,False
0.7019242310577645,1.4246551917620087,20,1,-878.0073373225775,0.0,0.9983198101410581,0.0015648553135956,0.00011533454534624522,False
0.7019242310577645,1.4246551917620087,20,2,174.7848403936908,0.0,0.9769608355254034,0.02269563473205508,0.00034352974254169195,True
0.7018979744936233,1.424708485191796,20,0,-60661.96096622361,0.0,0.9942396146695812,0.005760379156528879,6.173889951456233e-09,False
0.7018979744936233,1.424708485191796,20,1,-1086.5729368222699,0.0,0.9986718489615475,0.0012274505512112504,0.00010070048724130063,False
0.7018979744936233,1.424708485191796,20,2,171.06676448148875,0.0,0.9715049261523984,0.02795510474156884,0.0005399691060328012,True
0.7018717179294823,1.424761782608928,20,0,-67520.02625900401,0.0,0.994186613236818,0.0058133773638403,9.399341801299828e-09,False
0.7018717179294823,1.424761782608928,20,1,-1318.175756215602,0.0,0.9990365212211658,0.0008764490141595499,8.702976467470588e-05,False
0.7018717179294823,1.424761782608928,20,2,165.14555297735734,0.0,0.9633691093998223,0.03579748965955001,0.0008334009406277671,True
0.7018454613653413,1.4248150840138527,20,0,-75753.31861177702,0.0,0.9941794814160221,0.00582051069992931,7.884048544772986e-09,False
0.7018454613653413,1.4248150840138527,20,1,-1318.3571334342435,0.0,0.9990950172204504,0.0008188407778882889,8.614200166137887e-05,False
0.7018454613653413,1.4248150840138527,20,2,161.76323095076748,0.0,0.9644814244179266,0.03471403748538307,0.0008045380966903828,True
0.7018192048012003,1.4248683894070175,20,0,-85792.94787245935,0.0,0.9942090656969942,0.005790930754058468,3.548947302705636e-09,False
0.7018192048012003,1.4248683894070175,20,1,-918.1193587303086,0.0,0.9987960842517443,0.0011073704998558254,9.65452483998768e-05,False
0.7018192048012003,1.4248683894070175,20,2,158.0837658674399,0.0,0.9689049922724038,0.030435541112017836,0.0006594666155784742,True
0.7017929482370593,1.42492169878887,20,0,-98274.51418105389,0.0,0.9942305493995158,0.005769449314121111,1.2863629916034881e-09,False
0.7017929482370593,1.42492169878887,20,1,-618.3868389757395,0.0,0.9984909343428682,0.0013930800578904625,0.00011598559924131249,False
0.7017929482370593,1.42492169878887,20,2,156.38836106927255,0.0,0.9796764755230168,0.020033624176985926,0.0002899002999971744,True
0.7017666916729182,1.424975012159858,20,0,-114040.45471657181,0.0,0.9942424199101374,0.0057575797423192205,3.4754322691845576e-10,False
0.7017666916729182,1.424975012159858,20,1,-242.17342352392913,0.0,0.9982408027774563,0.0016119172519119458,0.00014727997063183724,False
0.7017666916729182,1.424975012159858,20,2,161.07456089477688,0.0,0.9866985014251957,0.01321890520949687,8.259336530737867e-05,True
0.7017404351087771,1.4250283295204291,20,0,-134309.53421509676,0.0,0.9942534898708172,0.005746510121929116,7.253762447165706e-12,False
0.7017404351087771,1.4250283295204291,20,1,53.701527535714796,0.0,0.9992563664938143,0.00015652522085827811,0.0005871082853274349,True
0.7017404351087771,1.4250283295204291,20,2,273.8703011315192,0.0,0.9948805394578695,0.005083713464330649,3.5747077799764605e-05,True
0.7017141785446361,1.4250816508710318,20,0,-160819.10152675566,0.0,0.9942485383634224,0.005751461628756224,7.82140341515518e-12,False
0.7017141785446361,1.4250816508710318,20,1,104.57458523957571,0.0,0.9669726356574098,0.02609122929130663,0.0069361350512836895,True
0.7017141785446361,1.4250816508710318,20,2,497.49935885620573,0.0,0.9956320485365253,0.004277270917536081,9.068054593867425e-05,True
0.7016879219804951,1.425134976212113,20,0,-196157.72492446942,0.0,0.9942232449818474,0.00577675499510968,2.3042935949338367e-11,False
0.7016879219804951,1.425134976212113,20,1,76.49085221561187,0.0,0.9990124892147642,0.00010018407060612095,0.0008873267146298167,True
0.7016879219804951,1.425134976212113,20,2,290.71694238644176,0.0,0.995819077252694,0.004129843591544625,5.107915576124376e-05,True
0.7016616654163541,1.4251883055441217,20,0,-244372.99033124052,0.0,0.9942014695267016,0.005798530348890625,1.2440771296389535e-10,False
0.7016616654163541,1.4251883055441217,20,1,-43.24571689405789,0.0,0.9987499516920075,0.0010775845648656962,0.00017246374312663987,False
0.7016616654163541,1.4251883055441217,20,2,152.73762235899667,0.0,0.9918337360832274,0.00815684123525268,9.422681519870288e-06,True
0.701635408852213,1.425241638867505,20,0,-311529.45397932624,0.0,0.994189245742003,0.00581075409770961,1.602874206843178e-10,False
0.701635408852213,1.425241638867505,20,1,-164.530057822836,0.0,0.9987847194259613,0.0010938986904019895,0.00012138188363674664,False
0.701635408852213,1.425241638867505,20,2,133.97093590436242,0.0,0.9857708744796867,0.01408436095332783,0.00014476456698540814,True
0.701609152288072,1.4252949761827116,20,0,-406393.52868958306,0.0,0.994180565227651,0.005819434605369498,1.6697953880423075e-10,False
0.701609152288072,1.4252949761827116,20,1,-306.5995561038551,0.0,0.9990132012853886,0.0008879816178019674,9.881709680947516e-05,False
0.701609152288072,1.4252949761827116,20,2,125.68096758676398,0.0,0.9774425950366269,0.022129320686469875,0.0004280842769031861,True
0.701582895723931,1.4253483174901895,20,0,-539155.2095592797,0.0,0.994174243045209,0.005825756795000228,1.5979086156785972e-10,False
0.701582895723931,1.4253483174901895,20,1,-439.94356474347427,0.0,0.9992726853956009,0.0006465492088330308,8.076539556616868e-05,False
0.701582895723931,1.4253483174901895,20,2,123.08720624798275,0.0,0.9541763627028632,0.0444895053717874,0.0013341319253494164,True
0.7015566391597899,1.425401662790387,20,0,-712699.5883083144,0.0,0.9941713434938009,0.005828656381734352,1.2446471762626594e-10,False
0.7015566391597899,1.425401662790387,20,1,-555.2038420964432,0.0,0.9994710679072019,0.0004549663256104889,7.396576718768697e-05,False
0.7015566391597899,1.425401662790387,20,2,117.83390545697264,0.0,0.9489605486343954,0.04950147861421477,0.0015379727513899098,True
0.7015303825956489,1.425455012083752,20,0,-895761.1783882156,0.0,0.9941714450056749,0.005828554918743697,7.558147109085147e-11,False
0.7015303825956489,1.425455012083752,20,1,-399.5189223883992,0.0,0.9994399244979847,0.00048812293709395534,7.195256492133163e-05,False
0.7015303825956489,1.425455012083752,20,2,116.40958123563139,0.0,0.9197684032658859,0.07740969511111347,0.002821901623000622,True
0.7015041260315078,1.425508365370734,20,0,-993046.8988874258,0.0,0.9941707419512277,0.005829257992105773,5.666656691964153e-11,False
0.7015041260315078,1.425508365370734,20,1,-302.8528986543109,0.0,0.999435569218431,0.0004911654458628395,7.326533570616435e-05,False
0.7015041260315078,1.425508365370734,20,2,111.15559683801821,0.0,0.9315148398616616,0.06612916939028232,0.002355990748056082,True
0.7014778694673668,1.4255617226517805,20,0,-919480.3360627104,0.0,0.9941679495182612,0.005832050410952002,7.078679773286341e-11,False
0.7014778694673668,1.4255617226517805,20,1,-290.4466438775994,0.0,0.9995178345820145,0.0004143652985737605,6.78001194118086e-05,False
0.7014778694673668,1.4255617226517805,20,2,108.48638586625347,0.0,0.8768693760031021,0.11830232211233838,0.004828301884559431,True
0.7014516129032258,1.4256150839273396,20,0,-730415.0117573084,0.0,0.9941640775031092,0.005835922382166252,1.1472460244307325e-10,False
0.7014516129032258,1.4256150839273396,20,1,-264.3703704626415,0.0,0.9995776541902482,0.00035880670608872723,6.353910366307348e-05,False
0.7014516129032258,1.4256150839273396,20,2,106.43052189135953,0.0,0.7429272161365489,0.24583295483091777,0.011239829032533398,True
0.7014253563390848,1.425668449197861,20,0,-537105.6430942533,0.0,0.9941580927127639,0.005841907061708523,2.2552761964336252e-10,False
0.7014253563390848,1.425668449197861,20,1,-232.01449427182274,0.0,0.9996262460443376,0.0003168485649259967,5.69053907363941e-05,False
0.7014253563390848,1.425668449197861,20,2,108.13557802138948,0.0,0.271512751101042,0.6888496093244604,0.03963763957449763,True
0.7013990997749437,1.4257218184637928,20,0,-388348.91611592873,0.0,0.9941504760881089,0.005849523470636334,4.4125481033624496e-10,False
0.7013990997749437,1.4257218184637928,20,1,-220.38481680269746,0.0,0.9996865523356947,0.00025708027012447186,5.6367394180855455e-05,False
0.7013990997749437,1.4257218184637928,20,2,101.07568891390625,0.0,0.009033700147399222,0.9401534711459323,0.05081282870666844,True
0.7013728432108026,1.425775191725584,20,0,-284500.1708094575,0.0,0.9941454610644637,0.005854538256923184,6.786131828938432e-10,False
0.7013728432108026,1.425775191725584,20,1,-38.07903538259812,0.0,0.9994816857114989,0.00047356299728030084,4.475129122086654e-05,False
0.7013728432108026,1.425775191725584,20,2,108.36448192157796,0.0,0.989338447080795,0.009447219398185849,0.0012143335210191442,True
0.7013465866466616,1.4258285689836827,20,0,-213389.52996540524,0.0,0.9941345039657055,0.005865494785151396,1.249143213923036e-09,False
0.7013465866466616,1.4258285689836827,20,1,-4.9204010546109505,0.0,0.9994233602831398,0.0005413323822064107,3.5307334653811125e-05,False
0.7013465866466616,1.4258285689836827,20,2,112.17788528582979,0.0,0.9969501240661164,0.002508757582021317,0.0005411183518622809,True
0.7013203300825206,1.4258819502385385,20,0,-164215.03850746658,0.0,0.9941079424217767,0.005892054578250288,2.999973013588489e-09,False
0.7013203300825206,1.4258819502385385,20,1,-139.72490473815589,0.0,0.9997827151711348,0.00017426317906018847,4.302164980500811e-05,False
0.7013203300825206,1.4258819502385385,20,2,102.63734902515847,0.0,0.9758309376088566,0.022308408845629808,0.0018606535455135576,True
0.7012940735183796,1.4259353354906,20,0,-129546.29985751868,0.0,0.994071506045745,0.005928487431220672,6.523034330639706e-09,False
0.7012940735183796,1.4259353354906,20,1,-186.93332268917666,0.0,0.999871181892288,9.514845835067396e-05,3.3669649361305164e-05,False
0.7012940735183796,1.4259353354906,20,2,121.75226562352374,0.0,0.9922316793077153,0.007084868956509019,0.0006834517357757508,True
0.7012678169542386,1.425988724740316,20,0,-104511.33514621334,0.0,0.9940275313852188,0.0059724561037548685,1.251102627798885e-08,False
0.7012678169542386,1.425988724740316,20,1,-293.18701208419225,0.0,0.999951088237094,1.3493283047871197e-05,3.5418479858061596e-05,False
0.7012678169542386,1.425988724740316,20,2,106.19218048305075,0.0,0.9769278603525806,0.02165495495797777,0.0014171846894416814,True
0.7012415603900974,1.4260421179881362,20,0,-86067.24698379997,0.0,0.9939668042049838,0.0060331722262081,2.356880798303055e-08,False
0.7012415603900974,1.4260421179881362,20,1,-279.06147705038916,0.0,0.9999708136754953,2.7720366075010037e-06,2.641428789716243e-05,False
0.7012415603900974,1.4260421179881362,20,2,137.71436200850218,0.0,0.9939571623142907,0.0056119532696829455,0.00043088441602643864,True
0.7012153038259564,1.426095515234509,20,0,-72254.09021968603,0.0,0.993883452557715,0.006116503643466329,4.3798818721729314e-08,False
0.7012153038259564,1.426095515234509,20,1,-388.1506902734376,0.0,0.9999525227296252,2.1314415598787822e-05,2.6162854775920415e-05,False
0.7012153038259564,1.426095515234509,20,2,121.9866224886448,0.0,0.9888628661866619,0.01054038034667223,0.0005967534666659323,True
0.7011890472618154,1.4261489164798835,20,0,-61467.40472588143,0.0,0.9938297053036832,0.006170233579045592,6.111727129483502e-08,False
0.7011890472618154,1.4261489164798835,20,1,-284.4944270042709,0.0,0.9999707003467819,8.029448653053796e-06,2.127020456508953e-05,False
0.7011890472618154,1.4261489164798835,20,2,149.5362102184343,0.0,0.9955506944514577,0.004166380818904154,0.00028292472963798175,True
0.7011627906976744,1.4262023217247095,20,0,-52802.47110594811,0.0,0.9938323696364947,0.006167567147708196,6.321579711098717e-08,False
0.7011627906976744,1.4262023217247095,20,1,-188.52540623116838,0.0,0.9999751393991473,1.343931790729577e-06,2.351666906196311e-05,False
0.7011627906976744,1.4262023217247095,20,2,128.83196140473953,0.0,0.995780561425428,0.0038968585583635195,0.00032258001620847173,True
0.7011365341335334,1.4262557309694366,20,0,-45925.24557880215,0.0,0.9938508097129563,0.00614912967354277,6.061350105510311e-08,False
0.7011365341335334,1.4262557309694366,20,1,-27.47946227940177,0.0,0.9997495200653478,0.00024118521895851532,9.294715693673411e-06,False
0.7011365341335334,1.4262557309694366,20,2,183.05921245225727,0.0,0.9993309587457526,0.0005379312322726568,0.00013111002197465236,True
0.7011102775693923,1.4263091442145135,20,0,-40402.55881556141,0.0,0.9938790141094574,0.006120930545147936,5.534539458392799e-08,False
0.7011102775693923,1.4263091442145135,20,1,42.18301819768641,0.0,0.9984771920984593,0.0015218521038550628,9.557976856791438e-07,True
0.7011102775693923,1.4263091442145135,20,2,242.55535404364667,0.0,0.9998743121564243,3.798486677205752e-05,8.770297680361027e-05,True
0.7010840210052512,1.42636256146039,20,0,-35878.02446742133,0.0,0.993943734376454,0.0060562248900840115,4.073346184468212e-08,False
0.7010840210052512,1.42636256146039,20,1,62.802366294925996,0.0,0.9918157936616421,0.00804575110735225,0.0001384552310056616,True
0.7010840210052512,1.42636256146039,20,2,501.07414194809445,0.0,0.9998695780195566,5.498260992401096e-05,7.543937051941366e-05,True
0.7010577644411102,1.4264159827075154,20,0,-32230.048156504432,0.0,0.9939738326393285,0.006026131345938387,3.60147330311138e-08,False
0.7010577644411102,1.4264159827075154,20,1,67.09499958478361,0.0,0.9873447959803249,0.012369709316757793,0.00028549470291733476,True
0.7010577644411102,1.4264159827075154,20,2,647.3137490246071,0.0,0.9997608022224698,0.0001607035449759452,7.849423255414163e-05,True
0.7010315078769692,1.4264694079563391,20,0,-29304.76281819006,0.0,0.9938846584757056,0.006115278008831588,6.351546273767146e-08,False
0.7010315078769692,1.4264694079563391,20,1,62.03035999484879,0.0,0.9912381205322508,0.00859921482944628,0.00016266463830287987,True
0.7010315078769692,1.4264694079563391,20,2,510.5125522422528,0.0,0.9998781613536674,4.819283890884764e-05,7.364580742383029e-05,True
0.7010052513128282,1.426522837207311,20,0,-26881.405030924427,0.0,0.9937627254120511,0.006237162883633528,1.1170431537871241e-07,False
0.7010052513128282,1.426522837207311,20,1,52.63548918548825,0.0,0.9962364091919872,0.0037276196148496466,3.5971193163169154e-05,True
0.7010052513128282,1.426522837207311,20,2,424.0930757574241,0.0,0.9999259079297876,4.3167808517803865e-07,7.366039212712084e-05,True
0.7009789947486872,1.4265762704608815,20,0,-24807.29780066316,0.0,0.9936622586639751,0.0063375786336701155,1.6270235471502097e-07,False
0.7009789947486872,1.4265762704608815,20,1,47.58185962844858,0.0,0.9979110525745665,0.002079733084144635,9.214341288830588e-06,True
0.7009789947486872,1.4265762704608815,20,2,280.85841280319784,0.0,0.9998939376818294,3.0210169864120576e-05,7.585214830643485e-05,True
0.7009527381845461,1.4266297077174996,20,0,-23049.83595345057,0.0,0.9935480335452603,0.006451735998948646,2.3045579102383756e-07,False
0.7009527381845461,1.4266297077174996,20,1,28.01656343873826,0.0,0.9986383167517153,0.0013586735377087316,3.009710575921032e-06,True
0.7009527381845461,1.4266297077174996,20,2,369.31921708776366,0.0,0.9998364242038935,8.826306083742758e-05,7.531273526901233e-05,True
0.700926481620405,1.4266831489776153,20,0,-21583.267266582894,0.0,0.9933901543839531,0.006609504826459101,3.407895878415452e-07,False
0.700926481620405,1.4266831489776153,20,1,-2.766451189430839,0.0,0.9997918783484077,0.00020242532068813515,5.69633090410489e-06,False
0.700926481620405,1.4266831489776153,20,2,173.6251501961736,0.0,0.999389607010341,0.0005029231150161311,0.00010746987464297492,True
0.700900225056264,1.4267365942416783,20,0,-20263.638765030435,0.0,0.9932765006220533,0.0067230648919690845,4.3448597759277413e-07,False
0.700900225056264,1.4267365942416783,20,1,-7.009761599286241,0.0,0.9996331202800487,0.00036607943344522053,8.002865061646614e-07,False
0.700900225056264,1.4267365942416783,20,2,287.26086803422083,0.0,0.9995726388994786,0.0003453569690325989,8.20041314888366e-05,True
0.700873968492123,1.426790043510139,20,0,-18970.988536807243,0.0,0.9932749665893724,0.0067245857039411345,4.477066864000973e-07,False
0.700873968492123,1.426790043510139,20,1,6.130551845065702,0.0,0.9996456599101354,0.000352421717312304,1.9183725521967358e-06,True
0.700873968492123,1.426790043510139,20,2,215.78217257408878,0.0,0.9995677900166494,0.0003405779172997285,9.163206605079623e-05,True
0.700847711927982,1.4268434967834474,20,0,-17831.07909443108,0.0,0.993283481145916,0.006716067077484212,4.517765997684878e-07,False
0.700847711927982,1.4268434967834474,20,1,21.738617303350235,0.0,0.9990974637704352,0.0009020444031030452,4.918264617314436e-07,True
0.700847711927982,1.4268434967834474,20,2,310.6314864042275,0.0,0.9997691846028836,0.00015280296069620556,7.801243642022208e-05,True
0.700821455363841,1.4268969540620533,20,0,-16897.074902846012,0.0,0.993209603115526,0.006789870844066282,5.260404077578026e-07,False
0.700821455363841,1.4268969540620533,20,1,19.850803208186946,0.0,0.9993130957225173,0.0006869022340642906,2.043418482973527e-09,True
0.700821455363841,1.4268969540620533,20,2,258.4527617184968,0.0,0.9997213718635131,0.00019632140775139247,8.230672873559447e-05,True
0.7007951987996999,1.4269504153464077,20,0,-16043.109391212354,0.0,0.9931566895526773,0.0068427247152041204,5.857321186187704e-07,False
0.7007951987996999,1.4269504153464077,20,1,20.144018570797094,0.0,0.9991898939276433,0.000809901787467141,2.0428488954219688e-07,True
0.7007951987996999,1.4269504153464077,20,2,294.9951218509552,0.0,0.9997507602628081,0.00016976564532587336,7.947409186598149e-05,True
0.7007689422355589,1.4270038806369598,20,0,-15290.589632157547,0.0,0.9930825954505299,0.006916734622386012,6.699270841281474e-07,False
0.7007689422355589,1.4270038806369598,20,1,18.087345144052865,0.0,0.9993310059966065,0.0006689923022840097,1.7011094837476763e-09,True
0.7007689422355589,1.4270038806369598,20,2,269.7624974002939,0.0,0.9997163878491503,0.0002011517577266317,8.24603931231479e-05,True
0.7007426856714178,1.4270573499341606,20,0,-14578.080866403681,0.0,0.9930515642480728,0.006947720146823019,7.156051041712019e-07,False
0.7007426856714178,1.4270573499341606,20,1,21.829243757900578,0.0,0.9991438811572011,0.0008557686521792708,3.5019061958479124e-07,True
0.7007426856714178,1.4270573499341606,20,2,288.13978468126675,0.0,0.9997622979422579,0.00015788626218660247,7.98157955555841e-05,True
0.7007164291072768,1.4271108232384602,20,0,-13844.39722613161,0.0,0.9931442074390721,0.006855153209662695,6.393512653078203e-07,False
0.7007164291072768,1.4271108232384602,20,1,39.00778817348407,0.0,0.9982095908586313,0.0017821906379372231,8.218503431394355e-06,True
0.7007164291072768,1.4271108232384602,20,2,343.6189930203697,0.0,0.9998738404756522,4.990116776264709e-05,7.625835658517168e-05,True
0.7006901725431358,1.4271643005503094,20,0,-13270.638366296154,0.0,0.9930982450944233,0.006901055584890757,6.99320685886384e-07,False
0.7006901725431358,1.4271643005503094,20,1,38.63653914366059,0.0,0.9981386876108957,0.001852006059577131,9.30632952714418e-06,True
0.7006901725431358,1.4271643005503094,20,2,352.4619531140611,0.0,0.9998775981969514,4.623738561358802e-05,7.616441743500803e-05,True
0.7006639159789947,1.4272177818701586,20,0,-12874.918608361193,0.0,0.9928435460925095,0.007155459518575846,9.943889146248784e-07,False
0.7006639159789947,1.4272177818701586,20,1,18.006317091633136,0.0,0.9993060012321708,0.0006939926698982789,6.0979308828468745e-09,True
0.7006639159789947,1.4272177818701586,20,2,269.79737085072804,0.0,0.999725308483236,0.00019153617511276187,8.315534165114325e-05,True
0.7006376594148537,1.4272712671984582,20,0,-12524.438919933698,0.0,0.9925721776519527,0.0074264651099824825,1.357238064827953e-06,False
0.7006376594148537,1.4272712671984582,20,1,-10.118040304365673,0.0,0.9997456756877451,0.0002522551595178283,2.0691527370041865e-06,False
0.7006376594148537,1.4272712671984582,20,2,246.11602904735142,0.0,0.9994948888139259,0.0004141931646180408,9.091802145610237e-05,True
0.7006114028507127,1.427324756535659,20,0,-12192.182405892367,0.0,0.9923147567738664,0.007683492241464287,1.7509846694460817e-06,False
0.7006114028507127,1.427324756535659,20,1,-36.79763543128828,0.0,0.9999128766157982,8.181542312497497e-05,5.307961076878543e-06,False
0.7006114028507127,1.427324756535659,20,2,214.43806839695785,0.0,0.999220383045851,0.0006793910907064904,0.00010022586344259392,True
0.7005851462865716,1.4273782498822118,20,0,-11948.814119338327,0.0,0.9919624301171648,0.008035223199481073,2.3466833541574476e-06,False
0.7005851462865716,1.4273782498822118,20,1,-71.77522797073395,0.0,0.9999827678325791,9.519419965954177e-06,7.712747454955831e-06,False
0.7005851462865716,1.4273782498822118,20,2,210.53762201722307,0.0,0.998869004733196,0.001024304259174796,0.00010669100762935595,True
0.7005588897224306,1.4274317472385674,20,0,-11779.035223046607,0.0,0.9915267582993973,0.008470064653336225,3.1770472665222394e-06,False
0.7005588897224306,1.4274317472385674,20,1,-99.14150570144591,0.0,0.9999915570934416,7.837442676823598e-07,7.659162290774268e-06,False
0.7005588897224306,1.4274317472385674,20,2,218.83135703627042,0.0,0.9986360406667494,0.001262437755855203,0.00010152157739544015,True
0.7005326331582895,1.4274852486051768,20,0,-11347.224299222218,0.0,0.9914938088500809,0.008502907103137603,3.2840467814683508e-06,False
0.7005326331582895,1.4274852486051768,20,1,-101.74627775397884,0.0,0.9999884641223312,2.0392054601370866e-06,9.49667220854514e-06,False
0.7005326331582895,1.4274852486051768,20,2,194.00421522481878,0.0,0.9984911308835606,0.0013938816568811994,0.00011498745955822985,True
0.7005063765941485,1.4275387539824904,20,0,-10685.509480180097,0.0,0.9919209309536272,0.008076554548597783,2.5144977750451146e-06,False
0.7005063765941485,1.4275387539824904,20,1,-40.46010392118029,0.0,0.9999132687645899,8.214473090612854e-05,4.586504504056274e-06,False
0.7005063765941485,1.4275387539824904,20,2,233.70387423166363,0.0,0.9992437728317489,0.0006584528318148926,9.777433643617918e-05,True
0.7004801200300075,1.42759226337096,20,0,-10120.928819927496,0.0,0.9923091644013866,0.007688942311292178,1.893287321255501e-06,False
0.7004801200300075,1.42759226337096,20,1,7.47773542656742,0.0,0.9995238893706834,0.0004757139758621174,3.9665345455251195e-07,True
0.7004801200300075,1.42759226337096,20,2,252.24435678147813,0.0,0.999654902269813,0.0002555803552975739,8.951737488947118e-05,True
0.7004538634658665,1.4276457767710358,20,0,-9629.262008552316,0.0,0.9926958996756694,0.007302758008124357,1.3423162062035744e-06,False
0.7004538634658665,1.4276457767710358,20,1,39.45122840711252,0.0,0.9978677644007866,0.002118203222186882,1.4032377026399598e-05,True
0.7004538634658665,1.4276457767710358,20,2,369.3391522413761,0.0,0.9998946431919745,2.599886688843138e-05,7.935794113706371e-05,True
0.7004276069017255,1.4276992941831697,20,0,-9175.86579206224,0.0,0.9931592761968796,0.006839937806679881,7.859964405230209e-07,False
0.7004276069017255,1.4276992941831697,20,1,54.81980435010613,0.0,0.992867359404995,0.006992001964771316,0.0001406386302336533,True
0.7004276069017255,1.4276992941831697,20,2,565.2625920179793,0.0,0.999882932922702,3.612914219714532e-05,8.093793510078836e-05,True
0.7004013503375843,1.4277528156078123,20,0,-8863.837526347295,0.0,0.9933377702366751,0.006661615760665177,6.140026596823513e-07,False
0.7004013503375843,1.4277528156078123,20,1,58.66459927397889,0.0,0.9907626530727702,0.009027903550015249,0.00020944337721451298,True
0.7004013503375843,1.4277528156078123,20,2,700.8101723803537,0.0,0.9998052453146262,0.00010841024656879132,8.634443880496334e-05,True
0.7003750937734433,1.4278063410454156,20,0,-8708.200799707613,0.0,0.9930222421432485,0.006976775955395208,9.81901356153907e-07,False
0.7003750937734433,1.4278063410454156,20,1,54.02630715164167,0.0,0.993423334875244,0.006451933498714949,0.00012473162604100343,True
0.7003750937734433,1.4278063410454156,20,2,516.5175233482755,0.0,0.9998975973396382,2.220425323087542e-05,8.019840713082178e-05,True
0.7003488372093023,1.4278598704964305,20,0,-8581.213463270138,0.0,0.9926711223413014,0.007327405214800375,1.4724438982340994e-06,False
0.7003488372093023,1.4278598704964305,20,1,45.530992499621824,0.0,0.9968368873585142,0.0031300727026581086,3.303993882774746e-05,True
0.7003488372093023,1.4278598704964305,20,2,443.3751220779678,0.0,0.9999169966444271,2.5271006091741384e-06,8.047625496360808e-05,True
0.7003225806451613,1.4279134039613082,20,0,-8433.129844716617,0.0,0.992406975955662,0.0075911123264513014,1.911717886849249e-06,False
0.7003225806451613,1.4279134039613082,20,1,39.39893138689928,0.0,0.9980086747483876,0.001979428196479235,1.1897055133191742e-05,True
0.7003225806451613,1.4279134039613082,20,2,341.7119173715366,0.0,0.9998879442834827,3.052916518804729e-05,8.15265513291981e-05,True
0.7002963240810203,1.4279669414405003,20,0,-8314.564443393421,0.0,0.9920905166279438,0.00790699444011516,2.4889319412115166e-06,False
0.7002963240810203,1.4279669414405003,20,1,24.721280323288124,0.0,0.9989047098717168,0.0010934588324241913,1.8312958591211692e-06,True
0.7002963240810203,1.4279669414405003,20,2,322.07895757746826,0.0,0.9998141251237466,0.00010130354884040502,8.457132741306053e-05,True
0.7002700675168791,1.428020482934459,20,0,-8241.589128803938,0.0,0.9916544836493612,0.008342132057570154,3.384293068683647e-06,False
0.7002700675168791,1.428020482934459,20,1,1.8613890543782936,0.0,0.9996228733720784,0.00037602982345005494,1.0968044714206548e-06,True
0.7002700675168791,1.428020482934459,20,2,242.07834118925592,0.0,0.9996040956423141,0.00030023279941177467,9.567155827411068e-05,True
0.7002438109527381,1.428074028443635,20,0,-8099.899719091237,0.0,0.9914296876709539,0.008566403716120788,3.908612925314298e-06,False
0.7002438109527381,1.428074028443635,20,1,-7.850030669675185,0.0,0.9997074964435927,0.0002908804135333221,1.6231428739635488e-06,False
0.7002438109527381,1.428074028443635,20,2,244.6452927948277,0.0,0.9995432803132587,0.00036059515866456593,9.612452807668219e-05,True
0.7002175543885971,1.4281275779684806,20,0,-7827.485700041438,0.0,0.9916119068094595,0.008384535252352573,3.5579381878017522e-06,False
0.7002175543885971,1.4281275779684806,20,1,9.251414441194013,0.0,0.9994852520012367,0.0005144850935519491,2.629052113459817e-07,True
0.7002175543885971,1.4281275779684806,20,2,258.23899267654974,0.0,0.9996770381387969,0.0002296906166504855,9.327124455260604e-05,True
0.7079894973743436,1.412450331125828,42,0,-763.8438856264715,0.0,0.9980337787045369,0.001885103165641235,8.111812982178534e-05,False
0.7079894973743436,1.412450331125828,42,1,178.96203326859086,0.0,0.9997753867992395,0.00022456326433507423,4.9936425417013905e-08,True
0.7079894973743436,1.412450331125828,42,2,198088.05878326445,0.0,0.9886617267198834,0.011336269455387507,2.003824729094808e-06,True
0.7079632408102026,1.4125027153324892,42,0,-784.6349148455743,0.0,0.9981082398680776,0.0018127047443529257,7.90553875695346e-05,False
0.7079632408102026,1.4125027153324892,42,1,169.2237274764231,0.0,0.9998037758756242,0.00019619798412179998,2.614025393956061e-08,True
0.7079632408102026,1.4125027153324892,42,2,52800.285974328115,0.0,0.9889478535431054,0.011050439456992288,1.7069999023094489e-06,True
0.7079369842460614,1.41255510342489,42,0,-765.2412929638795,0.0,0.9981947643698336,0.0017265672266180544,7.866840354846502e-05,False
0.7079369842460614,1.41255510342489,42,1,160.7913614033693,0.0,0.9998284899886555,0.000171478190070443,3.182127396545139e-08,True
0.7079369842460614,1.41255510342489,42,2,30206.380682039016,0.0,0.9891535519827152,0.010844976262327742,1.471754957075616e-06,True
0.7079107276819204,1.4126074954034622,42,0,-786.4114754484191,0.0,0.998226101170411,0.0016969786612101277,7.692016837896042e-05,False
0.7079107276819204,1.4126074954034622,42,1,148.03377568682882,0.0,0.999850943663756,0.00014904506050122688,1.1275742739764108e-08,True
0.7079107276819204,1.4126074954034622,42,2,21004.45634646463,0.0,0.9893550762516793,0.010643675534351077,1.248213969579092e-06,True
0.7078844711177794,1.4126598912686386,42,0,-626.7611360223444,0.0,0.9985494019787111,0.001367689613733782,8.290840755505932e-05,False
0.7078844711177794,1.4126598912686386,42,1,157.99809530697758,0.0,0.9998791151496738,0.00012063179788529548,2.5305244100262556e-07,True
0.7078844711177794,1.4126598912686386,42,2,16233.708789553835,0.0,0.9890443126285474,0.010954381986618989,1.305384833451858e-06,True
0.7078582145536384,1.4127122910208516,42,0,-468.3514494699109,0.0,0.9987880513590479,0.0011153047345173698,9.664390643471468e-05,False
0.7078582145536384,1.4127122910208516,42,1,170.79535538878005,0.0,0.9999076672749491,9.140563739749176e-05,9.27087653454962e-07,True
0.7078582145536384,1.4127122910208516,42,2,13262.996002945427,0.0,0.9884149316351383,0.011583540345619437,1.5280192423161626e-06,True
0.7078319579894974,1.4127646946605337,42,0,-598.2322259735223,0.0,0.9987323254118418,0.0011866722426668917,8.10023454914386e-05,False
0.7078319579894974,1.4127646946605337,42,1,133.75415511440906,0.0,0.9999224795133849,7.725921851806443e-05,2.612680970635405e-07,True
0.7078319579894974,1.4127646946605337,42,2,10939.16801917711,0.0,0.9887766208741408,0.011222191437190285,1.1876886689949415e-06,True
0.7078057014253563,1.412817102188118,42,0,-848.0930410808501,0.0,0.9984212136319844,0.0015082789086227936,7.050745939271067e-05,False
0.7078057014253563,1.412817102188118,42,1,96.3655401555005,0.0,0.9999343070845498,6.567586434881351e-05,1.7051101466240588e-08,True
0.7078057014253563,1.412817102188118,42,2,9161.893886771586,0.0,0.9897155166584001,0.010283842062724355,6.412788755725963e-07,True
0.7077794448612152,1.4128695136040363,42,0,-1087.9753219858956,0.0,0.9980514039880002,0.00188060242352208,6.799358847780397e-05,False
0.7077794448612152,1.4128695136040363,42,1,72.54560983866246,0.0,0.9999467961809041,5.289482350064259e-05,3.0899559526586404e-07,True
0.7077794448612152,1.4128695136040363,42,2,7851.686379042193,0.0,0.990573997156884,0.009425730247485725,2.725956303263096e-07,True
0.7077531882970742,1.412921928908722,42,0,-1342.8854361905355,0.0,0.9976329522857378,0.0022989164739013234,6.813124036083208e-05,False
0.7077531882970742,1.412921928908722,42,1,54.867084971002015,0.0,0.9999582348407451,4.101242984370694e-05,7.527294112274926e-07,True
0.7077531882970742,1.412921928908722,42,2,6845.650891685673,0.0,0.9913871655536682,0.008612773790610966,6.065572077311004e-08,True
0.7077269317329332,1.4129743481026076,42,0,-1709.10700178022,0.0,0.9968674069839901,0.003061677737077254,7.091527893258655e-05,False
0.7077269317329332,1.4129743481026076,42,1,38.75552100486206,0.0,0.9999665318638082,3.19911466169143e-05,1.4769895748535315e-06,True
0.7077269317329332,1.4129743481026076,42,2,6042.643348185033,0.0,0.9924746871370901,0.00752530071820244,1.21447075032141e-08,True
0.7077006751687922,1.4130267711861262,42,0,-2103.8415054500106,0.0,0.9960602518994707,0.003864813414630443,7.493468589894591e-05,False
0.7077006751687922,1.4130267711861262,42,1,26.046236397744728,0.0,0.9999730684394746,2.4860522769108525e-05,2.0710377563889104e-06,True
0.7077006751687922,1.4130267711861262,42,2,5410.927448309433,0.0,0.9933594146659841,0.00664040542474173,1.7990927415644785e-07,True
0.7076744186046511,1.413079198159711,42,0,-1802.5038400786668,0.0,0.9968078931780715,0.003121048778080188,7.10580438483665e-05,False
0.7076744186046511,1.413079198159711,42,1,16.945810126447974,0.0,0.9999854992886189,1.2961765638253111e-05,1.5389457428580413e-06,True
0.7076744186046511,1.413079198159711,42,2,4871.412934994905,0.0,0.992866354522489,0.007133508665079988,1.3681243116054307e-07,True
0.7076481620405101,1.4131316290237943,42,0,-1168.7702803496823,0.0,0.9981909266472824,0.0017447153371077714,6.435801560991537e-05,False
0.7076481620405101,1.4131316290237943,42,1,4.788164071815349,0.0,0.9999970801286016,2.394279023463159e-06,5.255923749491325e-07,True
0.7076481620405101,1.4131316290237943,42,2,4468.075735888289,0.0,0.9906758053961316,0.009324187801952101,6.801916331902024e-09,True
0.707621905476369,1.4131840637788098,42,0,-736.9647864792576,0.0,0.9990642464268173,0.0008751851777732926,6.0568395409320365e-05,False
0.707621905476369,1.4131840637788098,42,1,-15.411008270238668,0.0,0.9999988835118766,1.0506279691052596e-06,6.586015425748185e-08,False
0.707621905476369,1.4131840637788098,42,2,4212.675276333546,0.0,0.9868912425414625,0.013108145591211205,6.118673262922386e-07,True
0.707595648912228,1.4132365024251905,42,0,-417.3776011619406,0.0,0.9996350300897592,0.00030658387307281384,5.838603716801618e-05,False
0.707595648912228,1.4132365024251905,42,1,-50.58955186181421,0.0,0.9999816428512285,1.833567763678612e-05,2.1471134822802826e-08,False
0.707595648912228,1.4132365024251905,42,2,4127.829298461683,0.0,0.9788417010852279,0.021154052019765064,4.246895007001641e-06,True
0.707569392348087,1.413288944963369,42,0,-180.748481089958,0.0,0.9999561883224074,3.494732053569533e-06,4.0316945539067356e-05,False
0.707569392348087,1.413288944963369,42,1,-115.55106065232074,0.0,0.9999050278664742,9.488588770097478e-05,8.624582492387081e-08,False
0.707569392348087,1.413288944963369,42,2,4302.499902688727,0.0,0.954347472844371,0.045627061343880414,2.5465811748547965e-05,True
0.7075431357839459,1.4133413913937796,42,0,-202.31918396699666,0.0,0.9999230461356696,7.185614305244261e-05,5.097721277940382e-06,False
0.7075431357839459,1.4133413913937796,42,1,-106.62729093286899,0.0,0.9982813280978085,0.0007625002277407544,0.0009561716744508549,False
0.7075431357839459,1.4133413913937796,42,2,4323.101570375393,0.0,0.9208544744919219,0.07908198125505456,6.354425302337264e-05,True
0.7075168792198049,1.4133938417168548,42,0,-272.5213316034249,0.0,0.9999753394946053,8.161900082999314e-06,1.6498605311726595e-05,False
0.7075168792198049,1.4133938417168548,42,1,-152.09894796731595,0.0,0.9995146546984472,0.0004550664499083284,3.0278851644449516e-05,False
0.7075168792198049,1.4133938417168548,42,2,3837.6770804998932,0.0,0.9395899978483434,0.06037323119734062,3.677095431592555e-05,True
0.7074906226556639,1.4134462959330285,42,0,-375.05010574417116,0.0,0.9999610651471508,1.259443252486309e-05,2.634042032439122e-05,False
0.7074906226556639,1.4134462959330285,42,1,-167.0768699509414,0.0,0.9997283711915219,0.0002659474972114546,5.68131126668904e-06,False
0.7074906226556639,1.4134462959330285,42,2,3401.9814824851037,0.0,0.9552968077656063,0.04468492960038544,1.826263400832003e-05,True
0.7074643660915229,1.4134987540427335,42,0,-489.31471856913856,0.0,0.9999206880421981,4.935910391653594e-05,2.995285388526445e-05,False
0.7074643660915229,1.4134987540427335,42,1,-182.0862602630824,0.0,0.999731950246132,0.00026403281597787114,4.0169378901253385e-06,False
0.7074643660915229,1.4134987540427335,42,2,3108.659317630493,0.0,0.9607080528686577,0.03928007170471533,1.1875426627018012e-05,True
0.7074381095273818,1.4135512160464043,42,0,-598.1031011352698,0.0,0.9998379913503574,0.00012799295375232075,3.401569589023228e-05,False
0.7074381095273818,1.4135512160464043,42,1,-196.3808004980904,0.0,0.9997380171182807,0.000259079069894877,2.903811824409759e-06,False
0.7074381095273818,1.4135512160464043,42,2,2829.7439742942493,0.0,0.9669775941526663,0.03301615284522286,6.253002110900748e-06,True
0.7074118529632408,1.413603681944474,42,0,-782.7627696627176,0.0,0.9996524471413599,0.00030780557756405097,3.974728107603452e-05,False
0.7074118529632408,1.413603681944474,42,1,-206.35917990472413,0.0,0.9997573910356512,0.00024067574210823194,1.9332222405720875e-06,False
0.7074118529632408,1.413603681944474,42,2,2559.743413706718,0.0,0.9744422804564226,0.02555586970442744,1.849839150024163e-06,True
0.7073855963990997,1.413656151737376,42,0,-917.5024920221729,0.0,0.9994950557717164,0.0004619317419164836,4.301248636723162e-05,False
0.7073855963990997,1.413656151737376,42,1,-221.365619455479,0.0,0.9997496553950054,0.00024870099873764773,1.643606257053151e-06,False
0.7073855963990997,1.413656151737376,42,2,2361.096882044392,0.0,0.9776461128789115,0.022353369999940313,5.171211483115022e-07,True
0.7073593398349587,1.4137086254255444,42,0,-815.1934646820878,0.0,0.9997347761921764,0.00022969027360297898,3.5533534220582146e-05,False
0.7073593398349587,1.4137086254255444,42,1,-256.4269294715183,0.0,0.9995961532070732,0.0004004341778198105,3.4126151070062117e-06,False
0.7073593398349587,1.4137086254255444,42,2,2298.747030214132,0.0,0.9685932787435243,0.03140442019301521,2.301063460442759e-06,True
0.7073330832708177,1.4137611030094128,42,0,-718.4152242165189,0.0,0.999924216310248,5.032103469519821e-05,2.5462655056883066e-05,False
0.7073330832708177,1.4137611030094128,42,1,-284.8247909012339,0.0,0.9992232598445789,0.0007652492510381795,1.1490904382915718e-05,False
0.7073330832708177,1.4137611030094128,42,2,2286.2318712659667,0.0,0.9485117051220268,0.05147869636979968,9.598508173641017e-06,True
0.7073068267066767,1.413813584489415,42,0,-760.6607445799142,0.0,0.9999382179644467,3.770634242360555e-05,2.4075693129670652e-05,False
0.7073068267066767,1.413813584489415,42,1,-306.80537968333783,0.0,0.999035637236664,0.00094978640247045,1.4576360865652333e-05,False
0.7073068267066767,1.413813584489415,42,2,2184.121384630602,0.0,0.94111746422075,0.05887156151373721,1.0974265512863786e-05,True
0.7072805701425356,1.413866069865985,42,0,-767.2725485262316,0.0,0.9999631136324392,1.574930169343531e-05,2.1137065867404783e-05,False
0.7072805701425356,1.413866069865985,42,1,-324.9848301292007,0.0,0.9986349043077716,0.0013410430715277769,2.40526207005954e-05,False
0.7072805701425356,1.413866069865985,42,2,2103.761977578302,0.0,0.9272712131045774,0.07271363072919805,1.515616622456062e-05,True
0.7072543135783946,1.4139185591395569,42,0,-803.1185372330971,0.0,0.9999742000762635,6.370565586768484e-06,1.9429358149842777e-05,False
0.7072543135783946,1.4139185591395569,42,1,-342.902647040835,0.0,0.9982193741165797,0.001747079288068558,3.3546595351612004e-05,False
0.7072543135783946,1.4139185591395569,42,2,2026.5910374220207,0.0,0.911546236130206,0.08843427652859905,1.9487341194932914e-05,True
0.7072280570142535,1.4139710523105646,42,0,-829.763802006643,0.0,0.9999804483367483,1.579437073778126e-06,1.797222617794353e-05,False
0.7072280570142535,1.4139710523105646,42,1,-360.4097992415532,0.0,0.9976899595667215,0.0022639037927206225,4.613664055790109e-05,False
0.7072280570142535,1.4139710523105646,42,2,1953.0103714642526,0.0,0.8929930434273302,0.10698256210749789,2.4394465171988365e-05,True
0.7072018004501125,1.4140235493794422,42,0,-833.5521350135995,0.0,0.9999545886250937,3.4078935190288255e-05,1.1332439716091528e-05,False
0.7072018004501125,1.4140235493794422,42,1,-325.1466385951541,0.0,0.9916482777490507,0.008018172806899322,0.0003335494440500271,False
0.7072018004501125,1.4140235493794422,42,2,2030.6132256008802,0.0,0.7075582353967532,0.292302544592078,0.00013922001116875273,True
0.7071755438859715,1.4140760503466236,42,0,-878.1475704220833,0.0,0.9998980793936427,9.338741185561238e-05,8.53319450172082e-06,False
0.7071755438859715,1.4140760503466236,42,1,-285.8066597956542,0.0,0.9567625818697308,0.04051158826393742,0.0027258298663318465,False
0.7071755438859715,1.4140760503466236,42,2,2087.9397016436433,0.0,0.2654802138550476,0.7339996473764803,0.0005201387684720797,True
0.7071492873218305,1.4141285552125435,42,0,-921.926756083983,0.0,0.9999466983966273,4.227099238926549e-05,1.1030610983442177e-05,False
0.7071492873218305,1.4141285552125435,42,1,-359.21924118400074,0.0,0.9883547584738036,0.011219615618076825,0.00042562590811954474,False
0.7071492873218305,1.4141285552125435,42,2,1885.676846657858,0.0,0.5794823636248971,0.420330067254764,0.00018756912033875622,True
0.7071230307576895,1.4141810639776362,42,0,-972.8006899198413,0.0,0.9999834585062602,9.74656306813219e-07,1.556683743296816e-05,False
0.7071230307576895,1.4141810639776362,42,1,-441.2713499348003,0.0,0.9951497924968284,0.004757483561466746,9.27239417047812e-05,False
0.7071230307576895,1.4141810639776362,42,2,1666.963735685924,0.0,0.810713702743139,0.1892533041621474,3.2993094713573194e-05,True
0.7070967741935483,1.414233576642336,42,0,-1099.4109727620519,0.0,0.9999413892643118,3.600974977436037e-05,2.26009859139611e-05,False
0.7070967741935483,1.414233576642336,42,1,-509.3399861142261,0.0,0.9975331969415425,0.002442757428392214,2.4045630065264093e-05,False
0.7070967741935483,1.414233576642336,42,2,1509.7675311197263,0.0,0.890430436933548,0.10956571715079438,3.845915657632931e-06,True
0.7070705176294073,1.4142860932070769,42,0,-1204.5671291390724,0.0,0.9997981145900444,0.00017212644423415,2.9758965721410834e-05,False
0.7070705176294073,1.4142860932070769,42,1,-555.3518703845052,0.0,0.9982869323616974,0.0017037775391203812,9.290099182180248e-06,False
0.7070705176294073,1.4142860932070769,42,2,1379.1882329868247,0.0,0.9292991602723769,0.0707007257309172,1.1399670588686954e-07,True
0.7070442610652663,1.4143386136722935,42,0,-1502.6487584906088,0.0,0.9992844826409691,0.0006718934317563398,4.362392727449321e-05,False
0.7070442610652663,1.4143386136722935,42,1,-582.6697764142159,0.0,0.9989547828045183,0.001043184805781886,2.0323896997735967e-06,False
0.7070442610652663,1.4143386136722935,42,2,1252.2025031367784,0.0,0.9611490820136557,0.0388452514451377,5.666541206606899e-06,True
0.7070180045011253,1.4143911380384209,42,0,-1695.5635712755534,0.0,0.9988633341694494,0.0010854531582675296,5.1212672283065145e-05,False
0.7070180045011253,1.4143911380384209,42,1,-602.7066681103913,0.0,0.9991118256605934,0.0008872690191805678,9.053202260451287e-07,False
0.7070180045011253,1.4143911380384209,42,2,1175.5634348359747,0.0,0.9696176749816331,0.030371935717918498,1.0389300448408216e-05,True
0.7069917479369843,1.4144436663058932,42,0,-1421.9305012443026,0.0,0.9995716296934107,0.00039160692619593003,3.676338039342578e-05,False
0.7069917479369843,1.4144436663058932,42,1,-664.6299281359411,0.0,0.9984359977684663,0.0015598442661638047,4.1579653699404885e-06,False
0.7069917479369843,1.4144436663058932,42,2,1172.0448362141258,0.0,0.9353282398760745,0.06466520107444994,6.559049475550874e-06,True
0.7069654913728431,1.4144961984751456,42,0,-1194.2241506461287,0.0,0.9999727864135558,1.3543891496766443e-05,1.3669694947468028e-05,False
0.7069654913728431,1.4144961984751456,42,1,-596.0626095505248,0.0,0.9875671964772741,0.0122378099358063,0.00019499358691960254,False
0.7069654913728431,1.4144961984751456,42,2,1300.6079217831805,0.0,0.4850373517366626,0.5149293118417297,3.3336421607623746e-05,True
0.7069392348087021,1.4145487345466123,42,0,-1262.863754701338,0.0,0.9997994948770283,0.0001933912707774621,7.1138521942893615e-06,False
0.7069392348087021,1.4145487345466123,42,1,-400.4861147977362,0.0,0.4230850369935997,0.5505336095249971,0.026381353481403327,False
0.7069392348087021,1.4145487345466123,42,2,1524.3896198414384,0.0,0.5795843149516271,0.42016595996702094,0.0002497250813520439,True
0.7069129782445611,1.414601274520728,42,0,-1427.5063840601829,0.0,0.9996446173563475,0.0003500189068888911,5.363736763645086e-06,False
0.7069129782445611,1.414601274520728,42,1,-228.14699676646913,0.0,0.9777607406762048,0.019420645722108398,0.0028186136016866746,False
0.7069129782445611,1.414601274520728,42,2,1892.4988051201265,0.0,0.8969714107875428,0.10286617818479908,0.000162411027658104,True
0.7068867216804201,1.4146538183979285,42,0,-1631.0691779266256,0.0,0.9995257573005525,0.0004694927989005767,4.7499005468586594e-06,False
0.7068867216804201,1.4146538183979285,42,1,-108.21743382182687,0.0,0.992494093389652,0.004229070987616736,0.0032768356227313323,False
0.7068867216804201,1.4146538183979285,42,2,2421.838832834646,0.0,0.949251850296114,0.05060802952484745,0.00014012017903855702,True
0.7068604651162791,1.414706366178648,42,0,-1708.7698503985773,0.0,0.9994894753237584,0.0005059637335855419,4.5609426560124535e-06,False
0.7068604651162791,1.414706366178648,42,1,-78.70110458268756,0.0,0.9948751530281061,0.001974154628099451,0.0031506923437943585,False
0.7068604651162791,1.414706366178648,42,2,2551.211414627492,0.0,0.9565237608702679,0.043341918302501795,0.00013432082723035147,True
0.706834208552138,1.4147589178633215,42,0,-1667.1010240613498,0.0,0.9995520223314548,0.00044292696006463837,5.050708480546169e-06,False
0.706834208552138,1.4147589178633215,42,1,-173.21540807762213,0.0,0.9857930447791602,0.01109455417108587,0.0031124010497540384,False
0.706834208552138,1.4147589178633215,42,2,2133.4530686908392,0.0,0.9405240181877341,0.059341218257725835,0.0001347635545400321,True
0.706807951987997,1.4148114734523842,42,0,-1613.7980502660382,0.0,0.9995687574166752,0.0004263388980236295,4.903685301218353e-06,False
0.706807951987997,1.4148114734523842,42,1,-206.43528656627652,0.0,0.9882768495843443,0.009966366813257767,0.0017567836023979339,False
0.706807951987997,1.4148114734523842,42,2,1883.3268546988127,0.0,0.9293402409653027,0.07053044398968053,0.00012931504501674716,True
0.7067816954238559,1.4148640329462714,42,0,-1630.653134554508,0.0,0.9996113621486531,0.00038316146606287414,5.476385283975894e-06,False
0.7067816954238559,1.4148640329462714,42,1,-297.98460805277534,0.0,0.9713540754196437,0.026112063261874728,0.002533861318481524,False
0.7067816954238559,1.4148640329462714,42,2,1699.918139651637,0.0,0.9091815241603386,0.0906946594487087,0.00012381639095272135,True
0.7067554388597149,1.414916596345418,42,0,-1598.512822244487,0.0,0.9996296763924206,0.00036485816922998937,5.4654383493208e-06,False
0.7067554388597149,1.414916596345418,42,1,-361.7047672172755,0.0,0.9706784530297156,0.027434796453598538,0.001886750516685938,False
0.7067554388597149,1.414916596345418,42,2,1511.6749035568942,0.0,0.8844524038706275,0.11543646613813309,0.00011112999123941681,True
0.7067291822955739,1.4149691636502597,42,0,-1592.1080133808236,0.0,0.9997026857788971,0.00029088039096491385,6.433830137954458e-06,False
0.7067291822955739,1.4149691636502597,42,1,-518.2663482459441,0.0,0.8900984594805361,0.10579159919901261,0.004109941320451326,False
0.7067291822955739,1.4149691636502597,42,2,1309.7694071778456,0.0,0.8019362727237183,0.19797573693479575,8.79903414860446e-05,True
0.7067029257314328,1.4150217348612315,42,0,-1598.4569108142334,0.0,0.9996975742732965,0.00029611334784329467,6.312378860248338e-06,False
0.7067029257314328,1.4150217348612315,42,1,-561.9562866960177,0.0,0.9071326084691391,0.08971820673213779,0.0031491847987230336,False
0.7067029257314328,1.4150217348612315,42,2,1237.4153062995156,0.0,0.782207811273238,0.21772135592845543,7.083279830657784e-05,True
0.7066766691672918,1.4150743099787686,42,0,-1708.6774528678009,0.0,0.9996201979811451,0.0003741069415842507,5.69507727071761e-06,False
0.7066766691672918,1.4150743099787686,42,1,-469.42728104650365,0.0,0.9561579374444086,0.0418392660450189,0.0020027965105725272,False
0.7066766691672918,1.4150743099787686,42,2,1341.882356445913,0.0,0.8756582867138623,0.12426175330591005,7.995998022765467e-05,True
0.7066504126031508,1.415126889003307,42,0,-1776.5127999152005,0.0,0.9995405245495992,0.00045451395621381736,4.961494187020916e-06,False
0.7066504126031508,1.415126889003307,42,1,-378.10870902594604,0.0,0.9807184741628178,0.0180566914808656,0.00122483435631654,False
0.7066504126031508,1.415126889003307,42,2,1427.636784575942,0.0,0.9141305019424016,0.085785058386915,8.443967068341055e-05,True
0.7066241560390097,1.415179471935282,42,0,-1841.0128696191348,0.0,0.9995542341335545,0.0004404027716714716,5.363094774099794e-06,False
0.7066241560390097,1.415179471935282,42,1,-440.4342625173731,0.0,0.9683007248184072,0.030036955615474436,0.0016623195661182688,False
0.7066241560390097,1.415179471935282,42,2,1381.9529843173211,0.0,0.9086119133433614,0.09131117513543759,7.691152120095012e-05,True
0.7065978994748687,1.4152320587751288,42,0,-1862.218951749451,0.0,0.9994821927759857,0.0005132065057004536,4.600718313877634e-06,False
0.7065978994748687,1.4152320587751288,42,1,-371.1131493481528,0.0,0.9854930482253232,0.013546255147870053,0.000960696626806776,False
0.7065978994748687,1.4152320587751288,42,2,1399.2450893757907,0.0,0.9251296054905918,0.07479350096222936,7.689354717888736e-05,True
0.7065716429107276,1.4152846495232838,42,0,-1938.7894107795712,0.0,0.999509782286812,0.0004850394591239305,5.178254064051773e-06,False
0.7065716429107276,1.4152846495232838,42,1,-454.678116525828,0.0,0.9718344105030768,0.02671349583389365,0.00145209366302955,False
0.7065716429107276,1.4152846495232838,42,2,1354.710239494085,0.0,0.9171815902198597,0.0827485413934403,6.986838669986904e-05,True
0.7065453863465866,1.415337244180182,42,0,-1964.0561266923987,0.0,0.9994246859194773,0.0005709483274920482,4.3657530306476675e-06,False
0.7065453863465866,1.415337244180182,42,1,-365.5828624681054,0.0,0.9875575719630278,0.011581874463611811,0.0008605535733603128,False
0.7065453863465866,1.415337244180182,42,2,1391.319233920177,0.0,0.9339842534639531,0.0659428445107182,7.290202532863256e-05,True
0.7065191297824456,1.41538984274626,42,0,-2132.828227514939,0.0,0.9993942747807496,0.0006011036448677127,4.621574382621777e-06,False
0.7065191297824456,1.41538984274626,42,1,-320.4668362530456,0.0,0.9848905390522508,0.013791063517428823,0.001318397430320378,False
0.7065191297824456,1.41538984274626,42,2,1566.1055174215358,0.0,0.9462980616953435,0.05361750236578911,8.443593886744345e-05,True
0.7064928732183046,1.4154424452219527,42,0,-2175.0792997233384,0.0,0.9993287607233755,0.0006671017643300681,4.137512294393463e-06,False
0.7064928732183046,1.4154424452219527,42,1,-251.14185092031153,0.0,0.9914681831311041,0.007521036682865594,0.0010107801860301958,False
0.7064928732183046,1.4154424452219527,42,2,1627.126786638243,0.0,0.9538019693015946,0.04611052883579036,8.75018626150308e-05,True
0.7064666166541635,1.4154950516076965,42,0,-2145.1453503774555,0.0,0.999374912231198,0.0006206120941445762,4.475674657484627e-06,False
0.7064666166541635,1.4154950516076965,42,1,-416.76143543337906,0.0,0.9838388474834038,0.015171947953351847,0.0009892045632443475,False
0.7064666166541635,1.4154950516076965,42,2,1369.932521623624,0.0,0.9367412916139805,0.06319111975981512,6.758862620457759e-05,True
0.7064403600900224,1.4155476619039278,42,0,-2078.999185109017,0.0,0.9993683169614495,0.0006274672312263904,4.2158073241361735e-06,False
0.7064403600900224,1.4155476619039278,42,1,-535.2158647758758,0.0,0.9840799387923151,0.015218121680600617,0.0007019395270841852,False
0.7064403600900224,1.4155476619039278,42,2,1173.5111014030956,0.0,0.9171142597999541,0.08284137341136893,4.4366788676950064e-05,True
0.7064141035258814,1.4156002761110815,42,0,-2065.1592463809234,0.0,0.9994007795740103,0.0005947431230636062,4.477302926073938e-06,False
0.7064141035258814,1.4156002761110815,42,1,-731.8305944637663,0.0,0.9760178526362236,0.02324272072401128,0.0007394266397651421,False
0.7064141035258814,1.4156002761110815,42,2,1033.5937162278556,0.0,0.881037037853507,0.1189435710205173,1.9391125975679454e-05,True
0.7063878469617404,1.415652894229595,42,0,-2009.6702822475165,0.0,0.9994087296890167,0.0005868904290006446,4.3798819827556e-06,False
0.7063878469617404,1.415652894229595,42,1,-940.1124603803158,0.0,0.9727795967676632,0.02657412764364743,0.0006462755886894337,False
0.7063878469617404,1.415652894229595,42,2,907.3268436424294,0.0,0.7994275657280354,0.20057224096762932,1.9330433525500948e-07,True
0.7063615903975994,1.4157055162599037,42,0,-1927.3116655401916,0.0,0.9995203819023953,0.00047443326043198134,5.1848371727510485e-06,False
0.7063615903975994,1.4157055162599037,42,1,-1325.1132573889915,0.0,0.9342748188297504,0.06468103748163775,0.0010441436886118852,False
0.7063615903975994,1.4157055162599037,42,2,789.0341333025764,0.0,0.38247257246343774,0.6173756889041475,0.00015173863241478,True
0.7063353338334584,1.415758142202444,42,0,-1957.8483679560532,0.0,0.9994791310834324,0.0005159637585856717,4.9051579819533525e-06,False
0.7063353338334584,1.415758142202444,42,1,-1419.1051600099727,0.0,0.9430492316987185,0.056068584976408084,0.00088218332487339,False
0.7063353338334584,1.415758142202444,42,2,761.5949167347975,0.0,0.3342533667025511,0.6655125287177389,0.00023410457970992352,True
0.7063090772693172,1.4158107720576525,42,0,-2163.717454254646,0.0,0.9992047583203129,0.0007918859348364536,3.35574485062794e-06,False
0.7063090772693172,1.4158107720576525,42,1,-965.0238652269296,0.0,0.9844301277164619,0.015168836422255428,0.0004010358612826648,False
0.7063090772693172,1.4158107720576525,42,2,858.0635845563539,0.0,0.8477300063883504,0.15226999327537916,3.3627044982564383e-10,True
0.7062828207051762,1.4158634058259647,42,0,-2427.6243102581243,0.0,0.9991020335927323,0.0008946551940578185,3.311213209782516e-06,False
0.7062828207051762,1.4158634058259647,42,1,-564.6462516034179,0.0,0.9889389019498418,0.010565333309982902,0.0004957647401753817,False
0.7062828207051762,1.4158634058259647,42,2,1089.6033434482583,0.0,0.9381766166124548,0.0617893333680134,3.405001953173932e-05,True
0.7062565641410352,1.415916043507818,42,0,-2669.759093486348,0.0,0.9990304533865603,0.0009662048603657836,3.341753073874071e-06,False
0.7062565641410352,1.415916043507818,42,1,-316.02947125583574,0.0,0.9920135039732347,0.007264745078422023,0.000721750948343157,False
0.7062565641410352,1.415916043507818,42,2,1420.7172316611518,0.0,0.9585792932619903,0.04134958896362569,7.11177743840341e-05,True
0.7062303075768942,1.4159686851036484,42,0,-2953.1748219496026,0.0,0.9989708757664365,0.0010256731123737693,3.45112118973398e-06,False
0.7062303075768942,1.4159686851036484,42,1,-146.84009979823298,0.0,0.9945109962907729,0.004046301180678617,0.0014427025285485904,False
0.7062303075768942,1.4159686851036484,42,2,1954.963255405946,0.0,0.9669743473030541,0.032920827901806116,0.00010482479513971493,True
0.7062040510127532,1.4160213306138925,42,0,-3218.1659907946414,0.0,0.9989273163839237,0.0010691133760007312,3.5702400756241184e-06,False
0.7062040510127532,1.4160213306138925,42,1,-70.418441163746,0.0,0.9946898084048459,0.0018694883084204477,0.003440703286733586,False
0.7062040510127532,1.4160213306138925,42,2,2486.457755996929,0.0,0.9692265388967126,0.030646917213485437,0.00012654388980200805,True
0.7061777944486122,1.4160739800389872,42,0,-3240.811962488715,0.0,0.9988955425613559,0.0011010091782644392,3.448260379694396e-06,False
0.7061777944486122,1.4160739800389872,42,1,-77.79188263819766,0.0,0.995292572184833,0.0020039006970811795,0.002703527118085752,False
0.7061777944486122,1.4160739800389872,42,2,2396.987249794295,0.0,0.9681323191544725,0.03174117076152614,0.00012651008400138376,True
0.706151537884471,1.4161266333793692,42,0,-3137.535597227729,0.0,0.9988765328741797,0.0011201969275277373,3.2701982925655467e-06,False
0.706151537884471,1.4161266333793692,42,1,-165.52448811731983,0.0,0.9940922189178766,0.004546191740074043,0.0013615893420493468,False
0.706151537884471,1.4161266333793692,42,2,1933.3608193052753,0.0,0.9638114446433838,0.03607821842478725,0.00011033693182902708,True
0.70612528132033,1.4161792906354749,42,0,-3095.5069140387914,0.0,0.9988251998156835,0.0011718082838834863,2.9919004329660593e-06,False
0.70612528132033,1.4161792906354749,42,1,-204.48664680330998,0.0,0.994368471011144,0.0047186481787285,0.0009128808101275237,False
0.70612528132033,1.4161792906354749,42,2,1706.2044163420544,0.0,0.96162043989606,0.03828063309959768,9.892700434228984e-05,True
0.706099024756189,1.416231951807741,42,0,-3089.6071738425053,0.0,0.9987898471380857,0.0012072835180360851,2.8693438781784867e-06,False
0.706099024756189,1.416231951807741,42,1,-300.0215311549985,0.0,0.9928078559598112,0.006461851457866379,0.0007302925823224104,False
0.706099024756189,1.416231951807741,42,2,1499.9352025768928,0.0,0.9567934935434579,0.0431218322869082,8.467416963392499e-05,True
0.706072768192048,1.4162846168966048,42,0,-3035.5651730191807,0.0,0.9987059845316717,0.0012915393900942412,2.4760782341457607e-06,False
0.706072768192048,1.4162846168966048,42,1,-386.2180871173796,0.0,0.9931330511767934,0.006368897945281226,0.0004980508779253909,False
0.706072768192048,1.4162846168966048,42,2,1276.9495804677495,0.0,0.952028136630381,0.04790779320834234,6.407016127671902e-05,True
0.706046511627907,1.4163372859025032,42,0,-2998.018553410397,0.0,0.9986349239672726,0.001362863739195381,2.212293532118758e-06,False
0.706046511627907,1.4163372859025032,42,1,-587.3340353214309,0.0,0.9919070462892179,0.007711273235688282,0.00038168047509371287,False
0.706046511627907,1.4163372859025032,42,2,1069.0828043724885,0.0,0.9390737976123484,0.06088982117971536,3.638120793604476e-05,True
0.7060202550637659,1.4163899588258737,42,0,-3082.733258872015,0.0,0.9985440188499021,0.0014539754549527965,2.0056951451564023e-06,False
0.7060202550637659,1.4163899588258737,42,1,-534.6251608517972,0.0,0.993052996320765,0.006585710122728863,0.00036129355650599976,False
0.7060202550637659,1.4163899588258737,42,2,1080.663712768506,0.0,0.9432176965150965,0.0567420698647523,4.0233620151335625e-05,True
0.7059939984996249,1.416442635667152,42,0,-3279.60278018666,0.0,0.998525433350433,0.001472398897474347,2.1677520926832397e-06,False
0.7059939984996249,1.416442635667152,42,1,-422.90592228335146,0.0,0.9929938965879602,0.006536852376118517,0.0004692510359212391,False
0.7059939984996249,1.416442635667152,42,2,1237.3867795441083,0.0,0.950089275011544,0.04984844113860246,6.228384985350639e-05,True
0.7059677419354838,1.4164953164267764,42,0,-3374.8797214011024,0.0,0.9984491865128857,0.0015487873628226702,2.0261242915002866e-06,False
0.7059677419354838,1.4164953164267764,42,1,-382.07825304669,0.0,0.9938098012700619,0.005725418898511559,0.0004647798314265581,False
0.7059677419354838,1.4164953164267764,42,2,1268.1777272721997,0.0,0.9519211500260638,0.048010880732079306,6.796924185690993e-05,True
0.7059414853713428,1.416548001105184,42,0,-3458.4454558061357,0.0,0.9983798516485918,0.0016182330249901896,1.9153264180896267e-06,False
0.7059414853713428,1.416548001105184,42,1,-412.99188951291734,0.0,0.9935608013322859,0.005992413135205008,0.0004467855325090715,False
0.7059414853713428,1.416548001105184,42,2,1234.674436347144,0.0,0.9499624359582636,0.04997263626001782,6.492778171869831e-05,True
0.7059152288072018,1.4166006897028114,42,0,-3559.184044284371,0.0,0.9982995740724779,0.0016986399703950873,1.7859571268682819e-06,False
0.7059152288072018,1.4166006897028114,42,1,-399.34136442328884,0.0,0.9939360073778362,0.005627004822345085,0.0004369877998187459,False
0.7059152288072018,1.4166006897028114,42,2,1238.7359047978675,0.0,0.9503144576753108,0.04961842906587903,6.711325881028706e-05,True
0.7058889722430608,1.4166533822200966,42,0,-3635.214113607514,0.0,0.9982092536826708,0.0017891209610720708,1.6253562572106933e-06,False
0.7058889722430608,1.4166533822200966,42,1,-420.00442784587034,0.0,0.9940757103419157,0.005519107066075817,0.0004051825920084338,False
0.7058889722430608,1.4166533822200966,42,2,1199.5244517266856,0.0,0.9486821493233627,0.0512541669395873,6.368373704999982e-05,True
0.7058627156789197,1.4167060786574772,42,0,-3814.1118555457665,0.0,0.998165021144855,0.0018333221714107624,1.6566837343272444e-06,False
0.7058627156789197,1.4167060786574772,42,1,-355.6819086474294,0.0,0.9942728021698319,0.0052512118286194365,0.00047598600154857883,False
0.7058627156789197,1.4167060786574772,42,2,1312.6603769647775,0.0,0.9505759638292862,0.049343772222744386,8.026394796934811e-05,True
0.7058364591147787,1.41675877901539,42,0,-4044.642502631837,0.0,0.998133096832723,0.0018651682201761676,1.7349471009596564e-06,False
0.7058364591147787,1.41675877901539,42,1,-246.80895166570642,0.0,0.99503434267344,0.00433257740960512,0.0006330799169548366,False
0.7058364591147787,1.41675877901539,42,2,1539.9224321862027,0.0,0.9525112552739924,0.047379399913131684,0.00010934481287600025,True
0.7058102025506376,1.4168114832942726,42,0,-4095.7647712262296,0.0,0.9980244070970357,0.001974066870640137,1.5260323241331473e-06,False
0.7058102025506376,1.4168114832942726,42,1,-301.415615166212,0.0,0.9947879378434171,0.004685651678125449,0.0005264104784574853,False
0.7058102025506376,1.4168114832942726,42,2,1410.9355970334916,0.0,0.9497815482481488,0.05012076030104057,9.769145081056056e-05,True
0.7057839459864966,1.4168641914945632,42,0,-4057.0534480608417,0.0,0.9978158240218465,0.0021830805676127073,1.095410540750055e-06,False
0.7057839459864966,1.4168641914945632,42,1,-470.9820293040731,0.0,0.9946182839643647,0.005046923753822354,0.0003347922818129885,False
0.7057839459864966,1.4168641914945632,42,2,1113.462447083418,0.0,0.943122952915868,0.05681919276231871,5.7854321813290275e-05,True
0.7057576894223556,1.4169169036166989,42,0,-4058.8165240211915,0.0,0.9975496656637679,0.002449648418001586,6.859182305817905e-07,False
0.7057576894223556,1.4169169036166989,42,1,-672.9465436876909,0.0,0.9951043831300572,0.004666548874069038,0.0002290679958737034,False
0.7057576894223556,1.4169169036166989,42,2,912.541048867691,0.0,0.9302194350042952,0.06975670262761699,2.3862368087861917e-05,True
0.7057314328582145,1.416969619661118,42,0,-4101.696715624288,0.0,0.9972135141089431,0.0027861518258741353,3.340651827133308e-07,False
0.7057314328582145,1.416969619661118,42,1,-893.3985290235461,0.0,0.9960407552576733,0.0037955549289141193,0.00016368981341252075,False
0.7057314328582145,1.416969619661118,42,2,779.9404060299146,0.0,0.9071007550731852,0.09289667323628908,2.571690525595892e-06,True
0.7057051762940735,1.4170223396282575,42,0,-4154.484864170607,0.0,0.9965882219841757,0.0034117585929256695,1.9422898689983462e-08,False
0.7057051762940735,1.4170223396282575,42,1,-1214.8446637343627,0.0,0.9976450671681323,0.0022530504269055443,0.00010188240496219255,False
0.7057051762940735,1.4170223396282575,42,2,657.4191541897568,0.0,0.8232907707722912,0.17667662722875166,3.260199895716592e-05,True
0.7056789197299325,1.417075063518556,42,0,-4293.587302189163,0.0,0.9955832145178299,0.0044165635907591795,2.2189141090695165e-07,False
0.7056789197299325,1.417075063518556,42,1,-1560.7844060654404,0.0,0.9990019941116663,0.0009356456402963711,6.236024803733865e-05,False
0.7056789197299325,1.417075063518556,42,2,583.2599952541018,0.0,0.4976997398507,0.501820267173648,0.00047999297565203176,True
0.7056526631657914,1.417127791332451,42,0,-4537.71414227119,0.0,0.9958576740082744,0.004142272329898394,5.3661827164826585e-08,False
0.7056526631657914,1.417127791332451,42,1,-1377.5535309118764,0.0,0.9985673068032633,0.0013570259174243697,7.566727931233927e-05,False
0.7056526631657914,1.417127791332451,42,2,595.1747142198855,0.0,0.7259790323167745,0.2738628992404695,0.0001580684427560803,True
0.7056264066016504,1.417180523070381,42,0,-4913.467572853746,0.0,0.9965929384410777,0.0034069498365598464,1.1172236251067728e-07,False
0.7056264066016504,1.417180523070381,42,1,-873.8289778637478,0.0,0.9967584072535671,0.003096373615835009,0.00014521913059782382,False
0.7056264066016504,1.417180523070381,42,2,730.2596984608356,0.0,0.9160855068042197,0.08391273754623388,1.7556495463289962e-06,True
0.7056001500375093,1.4172332587327832,42,0,-5346.911737987842,0.0,0.9968917777958917,0.0031078371706359186,3.8503347243957727e-07,False
0.7056001500375093,1.4172332587327832,42,1,-469.097252567559,0.0,0.9958597524918429,0.0038739264229620536,0.00026632108519504587,False
0.7056001500375093,1.4172332587327832,42,2,1003.4152469841716,0.0,0.9441146893788228,0.055831705462312683,5.360515886445668e-05,True
0.7055738934733683,1.4172859983200965,42,0,-5847.582950798403,0.0,0.9970542373886432,0.0029451066488451303,6.559625116987056e-07,False
0.7055738934733683,1.4172859983200965,42,1,-225.848667049716,0.0,0.9961762313760051,0.0032897446565219412,0.0005340239674729435,False
0.7055738934733683,1.4172859983200965,42,2,1478.4231838060282,0.0,0.942551297920153,0.05731042491074522,0.00013827716910184545,True
0.7055476369092273,1.4173387418327583,42,0,-6468.045823652047,0.0,0.9971798362415929,0.002819215790654085,9.479677530671332e-07,False
0.7055476369092273,1.4173387418327583,42,1,-85.64138483298795,0.0,0.9969332634207955,0.0015880803833464708,0.0014786561958579699,False
0.7055476369092273,1.4173387418327583,42,2,2272.9801169401367,0.0,0.9180279126598965,0.08168728908770187,0.00028479825240169775,True
0.7055213803450863,1.4173914892712076,42,0,-6899.4393911106545,0.0,0.9971485790264913,0.0028504310353879812,9.899381207450627e-07,False
0.7055213803450863,1.4173914892712076,42,1,-42.37818891706983,0.0,0.9970029687002051,0.0005467929972681257,0.0024502383025267376,False
0.7055213803450863,1.4173914892712076,42,2,2688.3240049114893,0.0,0.8917994321029994,0.10780153037041518,0.0003990375265854741,True
0.7054951237809453,1.4174442406358827,42,0,-6971.774087646913,0.0,0.9969162727797864,0.003083015637340584,7.115828730447919e-07,False
0.7054951237809453,1.4174442406358827,42,1,-97.28304143371562,0.0,0.9970985510246437,0.0016976312684858362,0.0012038177068704958,False
0.7054951237809453,1.4174442406358827,42,2,2180.025140092059,0.0,0.9042195503241143,0.09546722025600575,0.00031322941987999464,True
0.7054688672168041,1.417496995927222,42,0,-7088.673205519022,0.0,0.996624353823431,0.0033752078970752755,4.38279493885316e-07,False
0.7054688672168041,1.417496995927222,42,1,-182.32214073847246,0.0,0.9965246707823994,0.002831229352061648,0.0006440998655389867,False
0.7054688672168041,1.417496995927222,42,2,1678.4077322556916,0.0,0.9176187982254775,0.08216416287628063,0.00021703889824188863,True
0.7054426106526631,1.4175497551456633,42,0,-7346.302536877257,0.0,0.996348712340559,0.0036510282028701583,2.5945657087513334e-07,False
0.7054426106526631,1.4175497551456633,42,1,-219.92342454402376,0.0,0.9968190088036435,0.0027305577171272194,0.00045043347922930693,False
0.7054426106526631,1.4175497551456633,42,2,1431.0177960329215,0.0,0.9255618429036677,0.07427008334051349,0.00016807375581881086,True
0.7054163540885221,1.4176025182916454,42,0,-7655.048595626201,0.0,0.9960257144377301,0.00397417022961949,1.1533265032943027e-07,False
0.7054163540885221,1.4176025182916454,42,1,-393.4559876311067,0.0,0.9961285746941057,0.0035665915629787136,0.00030483374291570575,False
0.7054163540885221,1.4176025182916454,42,2,1123.6728629039328,0.0,0.9233411125244284,0.07655510300013386,0.0001037844754377615,True
0.7053900975243811,1.4176552853656073,42,0,-8031.074279664303,0.0,0.9955882990695853,0.0044116880651702125,1.286524438372477e-08,False
0.7053900975243811,1.4176552853656073,42,1,-504.8011637718712,0.0,0.9970079611652224,0.002799039345926721,0.00019299948885088505,False
0.7053900975243811,1.4176552853656073,42,2,874.4183725366861,0.0,0.9240540234656305,0.07589929119063081,4.668534373873264e-05,True
0.7053638409602401,1.4177080563679871,42,0,-8577.463344577289,0.0,0.9952320160764663,0.00476798190766049,2.0158733557866266e-09,False
0.7053638409602401,1.4177080563679871,42,1,-733.3362029750327,0.0,0.9973208329758392,0.002533218438007924,0.00014594858615286663,False
0.7053638409602401,1.4177080563679871,42,2,743.4214090878066,0.0,0.9027330031578358,0.09725377404098075,1.3222801183411726e-05,True
0.705337584396099,1.4177608312992245,42,0,-9292.476919834633,0.0,0.9952292248086382,0.004770775191309707,5.209230990912616e-14,False
0.705337584396099,1.4177608312992245,42,1,-533.8448424686192,0.0,0.9971787509315168,0.0026417696090437785,0.0001794794594393399,False
0.705337584396099,1.4177608312992245,42,2,833.0055962053398,0.0,0.9196983665698706,0.08026037371998314,4.125971014630668e-05,True
0.7053113278319579,1.4178136101597567,42,0,-10097.609070492459,0.0,0.995210688668328,0.004789310209655432,1.1220165868064268e-09,False
0.7053113278319579,1.4178136101597567,42,1,-443.93814754796455,0.0,0.996930486743847,0.002847330257031875,0.0002221829991210509,False
0.7053113278319579,1.4178136101597567,42,2,942.5486266073752,0.0,0.9200954551581579,0.07983015845293848,7.438638890356615e-05,True
0.7052850712678169,1.4178663929500237,42,0,-10966.612355638817,0.0,0.9950044289344264,0.004995569655706124,1.4098674291144185e-09,False
0.7052850712678169,1.4178663929500237,42,1,-462.6390890875208,0.0,0.9971198664009435,0.002675706633831193,0.0002044269652252377,False
0.7052850712678169,1.4178663929500237,42,2,897.2103707832764,0.0,0.9183152193414738,0.08161902623942315,6.575441910298563e-05,True
0.7052588147036759,1.4179191796704642,42,0,-12006.279183875604,0.0,0.9948314363639765,0.005168555775310551,7.860713003200078e-09,False
0.7052588147036759,1.4179191796704642,42,1,-460.9864117978679,0.0,0.9972383540887392,0.002563308824415181,0.0001983370868457155,False
0.7052588147036759,1.4179191796704642,42,2,880.1559971821723,0.0,0.9168621775288915,0.0830729835549063,6.483891620213955e-05,True
0.7052325581395349,1.4179719703215168,42,0,-13237.598211189117,0.0,0.9946414090414425,0.005358569139245247,2.1819312288129687e-08,False
0.7052325581395349,1.4179719703215168,42,1,-479.1002145846229,0.0,0.9973779100622638,0.0024368042452742387,0.00018528569246197924,False
0.7052325581395349,1.4179719703215168,42,2,842.756083600623,0.0,0.9143108767704996,0.08563166136878066,5.7461860719856714e-05,True
0.7052063015753938,1.4180247649036213,42,0,-14698.187439124406,0.0,0.9944802271948967,0.005519736057793991,3.6747309314163184e-08,False
0.7052063015753938,1.4180247649036213,42,1,-478.89972114054314,0.0,0.9974897236888092,0.002329861267714955,0.0001804150434757916,False
0.7052063015753938,1.4180247649036213,42,2,828.0135178826112,0.0,0.9124411135149039,0.08750187479311079,5.701169198530921e-05,True
0.7051800450112528,1.418077563417216,42,0,-16454.401846121156,0.0,0.9945023845307095,0.005497594421889909,2.104740056962757e-08,False
0.7051800450112528,1.418077563417216,42,1,-319.72090833779737,0.0,0.9973418597674109,0.0023974312549493687,0.00026070897763984664,False
0.7051800450112528,1.418077563417216,42,2,1044.5007971242976,0.0,0.9068056705014889,0.09305906109925138,0.0001352683992597124,True
0.7051537884471117,1.4181303658627404,42,0,-18582.28875615679,0.0,0.9943928818409401,0.005607090566731891,2.759232790968098e-08,False
0.7051537884471117,1.4181303658627404,42,1,-263.8951175085355,0.0,0.997532910112126,0.002176056650031035,0.0002910332378430123,False
0.7051537884471117,1.4181303658627404,42,2,1128.1633158796596,0.0,0.8988497376397732,0.10097476794262328,0.0001754944176036506,True
0.7051275318829707,1.4181831722406335,42,0,-21331.156887634006,0.0,0.9940592270522133,0.0059406857539785005,8.719380821066695e-08,False
0.7051275318829707,1.4181831722406335,42,1,-459.9657086086075,0.0,0.9976989318101225,0.0021253961250773472,0.00017567206480019362,False
0.7051275318829707,1.4181831722406335,42,2,809.9633845584945,0.0,0.9043723770293367,0.09556381799342424,6.380497723904846e-05,True
0.7051012753188297,1.418235982551335,42,0,-25030.773067796148,0.0,0.9937432543486969,0.006256576331689041,1.6931961397522292e-07,False
0.7051012753188297,1.418235982551335,42,1,-683.6456526258817,0.0,0.998504660212426,0.0013894264380089748,0.00010591334956501252,False
0.7051012753188297,1.418235982551335,42,2,601.9558437160822,0.0,0.8612369819791623,0.1387614624039142,1.5556169234553235e-06,True
0.7050750187546886,1.4182887967952846,42,0,-30012.11156554818,0.0,0.9935116597079067,0.006488102925213803,2.3736687947290918e-07,False
0.7050750187546886,1.4182887967952846,42,1,-907.9419666670738,0.0,0.999150912873796,0.0007761137998788979,7.297332632511654e-05,False
0.7050750187546886,1.4182887967952846,42,2,505.52356575593177,0.0,0.6736509243989514,0.3262589885684925,9.008703255617727e-05,True
0.7050487621905476,1.4183416149729209,42,0,-37040.30973829064,0.0,0.9933163399330869,0.006683361391674765,2.9867523827542675e-07,False
0.7050487621905476,1.4183416149729209,42,1,-1095.5386131213709,0.0,0.999648687547594,0.00030108819299204365,5.0224259413993134e-05,False
0.7050487621905476,1.4183416149729209,42,2,444.9046459979668,0.0,0.02597776053510047,0.9726573336151015,0.0013649058497979367,True
0.7050225056264066,1.4183944370846835,42,0,-47381.13725282553,0.0,0.99314053597624,0.006859105983718668,3.580400414040558e-07,False
0.7050225056264066,1.4183944370846835,42,1,-1314.9655787528768,0.0,0.9999420105541577,2.5612534018482397e-05,3.2376911823857016e-05,False
0.7050225056264066,1.4183944370846835,42,2,414.7047857975861,0.0,0.8814986929314819,0.11808394897049317,0.00041735809802504896,True
0.7049962490622655,1.4184472631310123,42,0,-61419.81439410251,0.0,0.9931189850240096,0.006880670513887684,3.4446210264415903e-07,False
0.7049962490622655,1.4184472631310123,42,1,-1309.5592013071248,0.0,0.9999685229410464,2.992108212009287e-06,2.8484950741632835e-05,False
0.7049962490622655,1.4184472631310123,42,2,405.98507329582276,0.0,0.9328256592933544,0.06688225206340014,0.00029208864324547736,True
0.7049699924981245,1.4185000931123466,42,0,-80236.43524243377,0.0,0.9932210870317711,0.006778636344029881,2.766241989129977e-07,False
0.7049699924981245,1.4185000931123466,42,1,-1127.1865547374714,0.0,0.9998363191795464,0.00012243370319852122,4.1247117255067336e-05,False
0.7049699924981245,1.4185000931123466,42,2,401.1040938949637,0.0,0.5529028466124187,0.4460332785088124,0.0010638748787687145,True
0.7049437359339834,1.4185529270291268,42,0,-110009.98448928521,0.0,0.9932940113989568,0.006705758122342052,2.3047870116180824e-07,False
0.7049437359339834,1.4185529270291268,42,1,-729.3904921119228,0.0,0.9992414324497426,0.0006841699217771663,7.439762848022019e-05,False
0.7049437359339834,1.4185529270291268,42,2,459.2729592495997,0.0,0.7903066189468451,0.20965225910745092,4.112194570404016e-05,True
0.7049174793698424,1.4186057648817918,42,0,-162888.56924892895,0.0,0.9933146892492045,0.0066850994872175076,2.112635779783179e-07,False
0.7049174793698424,1.4186057648817918,42,1,-402.3542740565668,0.0,0.998487607738592,0.0013696750168206736,0.00014271724458725244,False
0.7049174793698424,1.4186057648817918,42,2,649.0098137043198,0.0,0.9216373959582153,0.07832073232378357,4.1871718001257685e-05,True
0.7048912228057014,1.4186586066707818,42,0,-266257.5595689826,0.0,0.9933163023836633,0.006683494786959059,2.0282937758717508e-07,False
0.7048912228057014,1.4186586066707818,42,1,-123.52466160883215,0.0,0.9986758710358183,0.0009480482535938095,0.000376080710587874,False
0.7048912228057014,1.4186586066707818,42,2,1275.003591714717,0.0,0.8518382348215893,0.14778155850969205,0.0003802066687187792,True
0.7048649662415604,1.4187114523965367,42,0,-506214.2387581534,0.0,0.9932988293896747,0.006700965995137558,2.0461518768449717e-07,False
0.7048649662415604,1.4187114523965367,42,1,-29.62651744945351,0.0,0.9989679681540855,6.791293619511626e-05,0.0009641189097193277,False
0.7048649662415604,1.4187114523965367,42,2,2218.580706530696,0.0,0.009959416927832502,0.9872723884354611,0.002768194636706379,True
0.7048387096774194,1.4187643020594969,42,0,-1123447.9999381301,0.0,0.9932763289193053,0.006723459928381617,2.1115231311746985e-07,False
0.7048387096774194,1.4187643020594969,42,1,-41.179773286608665,0.0,0.999085496742565,0.00016225412454722748,0.000752249132887822,False
0.7048387096774194,1.4187643020594969,42,2,1975.958527172177,0.0,0.18109647208925583,0.8166065205824136,0.0022970073283306238,True
0.7048124531132783,1.4188171556601012,42,0,-1458093.3714192654,0.0,0.9932782137344869,0.006721575338767627,2.109267455262677e-07,False
0.7048124531132783,1.4188171556601012,42,1,-144.04972583687365,0.0,0.9987494896702825,0.0009386325228239485,0.00031187780689343896,False
0.7048124531132783,1.4188171556601012,42,2,1133.0600284278057,0.0,0.8519648776511118,0.14769038486157748,0.00034473748731064276,True
0.7047861965491372,1.418870013198791,42,0,-681234.8165230541,0.0,0.9933010456553863,0.006698748855005955,2.0548960755745422e-07,False
0.7047861965491372,1.418870013198791,42,1,-208.09771744600357,0.0,0.9988552016117357,0.0009550017711480844,0.00018979661711634543,False
0.7047861965491372,1.418870013198791,42,2,796.4977630447776,0.0,0.9122802229833866,0.08758690216453381,0.00013287485207964095,True
0.7047599399849962,1.4189228746760056,42,0,-313538.02552848903,0.0,0.9933306436128863,0.006669156042659164,2.0034445450380338e-07,False
0.7047599399849962,1.4189228746760056,42,1,-376.9431829714057,0.0,0.9989208050906458,0.000954572935397805,0.00012462197395632244,False
0.7047599399849962,1.4189228746760056,42,2,586.0705440942497,0.0,0.900769477833363,0.09919053867768153,3.998348895538756e-05,True
0.7047336834208552,1.4189757400921856,42,0,-172380.51250188367,0.0,0.9933497521821868,0.006650045727774031,2.0209003924729274e-07,False
0.7047336834208552,1.4189757400921856,42,1,-513.1494422883876,0.0,0.9994235804009962,0.0005001583456247586,7.626125337898628e-05,False
0.7047336834208552,1.4189757400921856,42,2,439.1373556011124,0.0,0.7718483443299421,0.22813986102982803,1.179464022989235e-05,True
0.7047074268567142,1.419028609447771,42,0,-106132.68210355338,0.0,0.9933474534558746,0.006652330779060216,2.157650650830604e-07,False
0.7047074268567142,1.419028609447771,42,1,-712.4454373656171,0.0,0.9997985126486655,0.00015227783591003854,4.9209515424623374e-05,False
0.7047074268567142,1.419028609447771,42,2,372.930513188866,0.0,0.17102232548068577,0.8279692904266794,0.0010083840926346673,True
0.7046811702925732,1.4190814827432026,42,0,-70386.19267993634,0.0,0.9933743288041159,0.006625450679393178,2.20516490938571e-07,False
0.7046811702925732,1.4190814827432026,42,1,-662.4168979709465,0.0,0.9998078207714185,0.0001431064344223103,4.9072794159214316e-05,False
0.7046811702925732,1.4190814827432026,42,2,364.6909728693629,0.0,0.15901583823556462,0.8399558990030324,0.001028262761402996,True
0.7046549137284321,1.4191343599789206,42,0,-48965.28400917123,0.0,0.9934617105360894,0.006538086459024965,2.030048855017904e-07,False
0.7046549137284321,1.4191343599789206,42,1,-527.2828935399833,0.0,0.9996287236257693,0.00030652365755837814,6.475271667232579e-05,False
0.7046549137284321,1.4191343599789206,42,2,391.9395678062289,0.0,0.6161004382658671,0.38379975679831435,9.980493581855937e-05,True
0.704628657164291,1.4191872411553654,42,0,-36133.760135709985,0.0,0.9935075747154115,0.006492219920132782,2.0536445563636484e-07,False
0.704628657164291,1.4191872411553654,42,1,-485.5385658187388,0.0,0.9996628519308339,0.0002733163776090008,6.38316915571547e-05,False
0.704628657164291,1.4191872411553654,42,2,382.670819209571,0.0,0.6327575981231056,0.36714784927210814,9.455260478619417e-05,True
0.70460240060015,1.4192401262729777,42,0,-27664.208175242693,0.0,0.9935282743458363,0.006471504191243965,2.2146291975061823e-07,False
0.70460240060015,1.4192401262729777,42,1,-532.6165772087204,0.0,0.9997411696373539,0.00020081509882472796,5.8015263821280915e-05,False
0.70460240060015,1.4192401262729777,42,2,365.9951899592565,0.0,0.3946127062751991,0.6050946854219973,0.0002926083028036773,True
0.704576144036009,1.4192930153321976,42,0,-21676.9476574183,0.0,0.9935575459624849,0.006442216471389547,2.375661255431303e-07,False
0.704576144036009,1.4192930153321976,42,1,-466.7892032236289,0.0,0.9997816706515675,0.00016293177142661318,5.53975770059863e-05,False
0.704576144036009,1.4192930153321976,42,2,353.1871512704466,0.0,0.2528986792020694,0.7466537882830575,0.00044753251487320516,True
0.704549887471868,1.4193459083334663,42,0,-17521.304381387235,0.0,0.9935394610373118,0.006460258902048291,2.8006063996571425e-07,False
0.704549887471868,1.4193459083334663,42,1,-524.4251823698072,0.0,0.9998543363898915,9.649210843251099e-05,4.9171501675947706e-05,False
0.704549887471868,1.4193459083334663,42,2,336.8859430136645,0.0,0.009952008414535604,0.9890458070554795,0.0010021845299849114,True
0.704523630907727,1.4193988052772246,42,0,-14202.393730476824,0.0,0.9937085206171928,0.006291244087515676,2.3529529147695993e-07,False
0.704523630907727,1.4193988052772246,42,1,-399.3212408116852,0.0,0.999764516123171,0.00017470274979658958,6.0781127032441274e-05,False
0.704523630907727,1.4193988052772246,42,2,353.464436062778,0.0,0.6799261150615308,0.31999414749320737,7.973744526191635e-05,True
0.7044973743435858,1.4194517061639131,42,0,-11633.472455380428,0.0,0.9939718870571462,0.0060279564539401625,1.5648891359258049e-07,False
0.7044973743435858,1.4194517061639131,42,1,-283.2243110470721,0.0,0.9996388633582041,0.0002782189268055606,8.291771499036962e-05,False
0.7044973743435858,1.4194517061639131,42,2,406.7148031340142,0.0,0.9108493432045722,0.08914482365811753,5.833137310342072e-06,True
0.7044711177794448,1.4195046109939728,42,0,-9865.696136223472,0.0,0.9938045563547229,0.006195171269088885,2.723761881619586e-07,False
0.7044711177794448,1.4195046109939728,42,1,-348.042291274738,0.0,0.9998122682798618,0.00012889040676210368,5.884131337607384e-05,False
0.7044711177794448,1.4195046109939728,42,2,340.69436317931223,0.0,0.6877588436193129,0.3121645192572077,7.663712347941883e-05,True
0.7044448612153038,1.4195575197678445,42,0,-8693.678403005564,0.0,0.993228294664659,0.006770989983624826,7.153517161912021e-07,False
0.7044448612153038,1.4195575197678445,42,1,-506.41993267906116,0.0,0.9999670313264452,1.339526537090021e-07,3.283472090104864e-05,False
0.7044448612153038,1.4195575197678445,42,2,297.55156029743284,0.0,0.9098842756336477,0.08983887016428611,0.0002768542020662443,True
0.7044186046511628,1.4196104324859689,42,0,-7843.822791912602,0.0,0.992505805416452,0.007492694814415145,1.4997691328465218e-06,False
0.7044186046511628,1.4196104324859689,42,1,-480.9575378169333,0.0,0.9999331755905767,4.576941909405362e-05,2.1054990329214524e-05,False
0.7044186046511628,1.4196104324859689,42,2,307.0648676028824,0.0,0.9849515055521688,0.014952459415955766,9.603503187533225e-05,True
0.7043923480870218,1.4196633491487878,42,0,-7274.6940121637235,0.0,0.9914988650276234,0.00849820770414964,2.927268226885381e-06,False
0.7043923480870218,1.4196633491487878,42,1,-464.06972945979004,0.0,0.9998290149701893,0.00015680790236630523,1.4177127444384315e-05,False
0.7043923480870218,1.4196633491487878,42,2,340.3869187209164,0.0,0.9928393776360903,0.007103252349030222,5.7370014879519994e-05,True
0.7043660915228807,1.4197162697567418,42,0,-7120.2562896769505,0.0,0.9898379290547042,0.010156221946888307,5.848998407523996e-06,False
0.7043660915228807,1.4197162697567418,42,1,-321.62984297906064,0.0,0.9997779001868061,0.00021422668254594276,7.873130648001993e-06,False
0.7043660915228807,1.4197162697567418,42,2,470.9815633139289,0.0,0.9966510875405609,0.0033180735050101855,3.083895442895315e-05,True
0.7043398349587396,1.4197691943102724,42,0,-7057.1768674921395,0.0,0.9878514503907432,0.01213835323782702,1.0196371429907163e-05,False
0.7043398349587396,1.4197691943102724,42,1,-235.0751204712802,0.0,0.9997682985910493,0.00022726212599115695,4.439282959542707e-06,False
0.7043398349587396,1.4197691943102724,42,2,614.0900687036047,0.0,0.9974195724529825,0.0025584043990949804,2.2023147922591174e-05,True
0.7043135783945986,1.419822122809821,42,0,-6081.078957408761,0.0,0.9880372992854513,0.01195245934139257,1.0241373156248525e-05,False
0.7043135783945986,1.419822122809821,42,1,-247.80597724339117,0.0,0.999789280569716,0.00020458092285876754,6.138507425167489e-06,False
0.7043135783945986,1.419822122809821,42,2,499.58855660837935,0.0,0.9971789992270262,0.002793752524728604,2.724824824512673e-05,True
0.7042873218304576,1.419875055255828,42,0,-4808.191492097165,0.0,0.9901199317663444,0.009873772576662332,6.2956569932782544e-06,False
0.7042873218304576,1.419875055255828,42,1,-322.46152893921476,0.0,0.9998529305552709,0.00013356995289799895,1.3499491831002992e-05,False
0.7042873218304576,1.419875055255828,42,2,305.20925303309554,0.0,0.994081724215683,0.005860382078458143,5.789370585890791e-05,True
0.7042610652663166,1.4199279916487355,42,0,-3923.304656142249,0.0,0.9922048061353088,0.0077923189208939534,2.8749437972451577e-06,False
0.7042610652663166,1.4199279916487355,42,1,-300.84645852003973,0.0,0.9999567041726883,1.719795957709755e-05,2.6097867734604173e-05,False
0.7042610652663166,1.4199279916487355,42,2,240.14390202329184,0.0,0.9629727279485923,0.036820674558215846,0.00020659749319185982,True
0.7042348087021755,1.4199809319889851,42,0,-3322.315055887152,0.0,0.9942825150677008,0.005716990756140428,4.941761587927166e-07,False
0.7042348087021755,1.4199809319889851,42,1,-134.31841070231158,0.0,0.9999144244738158,2.31696945685388e-05,6.240583161554621e-05,False
0.7042348087021755,1.4199809319889851,42,2,282.90010247159535,0.0,0.9665933834308388,0.033405684448095635,9.321210655897681e-07,True
0.7042085521380345,1.4200338762770186,42,0,-3076.7412974266063,0.0,0.995852522500979,0.004147416876568187,6.062245282503795e-08,False
0.7042085521380345,1.4200338762770186,42,1,6.494065880839563,0.0,0.9996683363846279,0.00011772928435122835,0.00021393433102076596,True
0.7042085521380345,1.4200338762770186,42,2,708.0278996738962,0.0,0.9843940431154197,0.015502735623806654,0.0001032212607736263,True
0.7041822955738934,1.4200868245132767,42,0,-2860.423080915045,0.0,0.996175818883151,0.003823988991832438,1.9212501664417963e-07,False
0.7041822955738934,1.4200868245132767,42,1,12.144384320675984,0.0,0.9994621396864001,0.00025908093491654774,0.00027877937868341746,True
0.7041822955738934,1.4200868245132767,42,2,839.7900131709584,0.0,0.9817696122162833,0.018099565024127698,0.00013082275958895332,True
0.7041560390097524,1.4201397766982016,42,0,-2514.895966619047,0.0,0.9953776693704719,0.004622288710591261,4.19189367915793e-08,False
0.7041560390097524,1.4201397766982016,42,1,-8.27531704560314,0.0,0.99987113172271,1.6646952418792602e-05,0.00011222132487118516,False
0.7041560390097524,1.4201397766982016,42,2,431.2756699740961,0.0,0.9896320634243292,0.010320423632184451,4.751294348634245e-05,True
0.7041297824456114,1.420192732832235,42,0,-2340.7581885501904,0.0,0.9940977551653595,0.005901100256282065,1.1445783584867541e-06,False
0.7041297824456114,1.420192732832235,42,1,-125.63000223724792,0.0,0.9999433427035219,2.6443599496738726e-06,5.401293652836118e-05,False
0.7041297824456114,1.420192732832235,42,2,256.5204086344699,0.0,0.9629356480563401,0.03706413032505656,2.2161860335435683e-07,True
0.7041035258814703,1.420245692915819,42,0,-2255.482555087245,0.0,0.9927207334977108,0.007275727559882408,3.538942406793116e-06,False
0.7041035258814703,1.420245692915819,42,1,-102.24177950707512,0.0,0.9999634436493003,8.237481243927465e-07,3.57326025753148e-05,False
0.7041035258814703,1.420245692915819,42,2,217.8735339126324,0.0,0.21113507305359996,0.7869072233535122,0.001957703592887972,True
0.7040772693173293,1.4202986569493947,42,0,-2310.2186504042124,0.0,0.9894764337506601,0.010511677840635768,1.1888408704245315e-05,False
0.7040772693173293,1.4202986569493947,42,1,-188.84165313081715,0.0,0.9999288653976223,4.9827980332335196e-05,2.1306622045443325e-05,False
0.7040772693173293,1.4202986569493947,42,2,218.08393315619682,0.0,0.9816475388289428,0.01821123357928945,0.0001412275917678055,True
0.7040510127531883,1.4203516249334045,42,0,-2472.9192029684777,0.0,0.9841765857384365,0.015793472735432117,2.9941526131501376e-05,False
0.7040510127531883,1.4203516249334045,42,1,-133.7755818125646,0.0,0.9999181154637327,6.976793267931076e-05,1.2116603588069061e-05,False
0.7040510127531883,1.4203516249334045,42,2,270.03925430489966,0.0,0.9960114753226957,0.00393511551851788,5.340915878637294e-05,True
0.7040247561890473,1.4204045968682903,42,0,-2493.3693560043766,0.0,0.9801931657462024,0.01976007314505773,4.676110873976938e-05,False
0.7040247561890473,1.4204045968682903,42,1,-133.86640488312256,0.0,0.9998910968984147,9.87724356931889e-05,1.0130665892019064e-05,False
0.7040247561890473,1.4204045968682903,42,2,278.6931451548866,0.0,0.9964635940866825,0.003488485384329874,4.792052898763759e-05,True
0.7039984996249062,1.420457572754494,42,0,-2179.540215472216,0.0,0.984282918853287,0.015685405671199467,3.1675475513579905e-05,False
0.7039984996249062,1.420457572754494,42,1,-130.38547740324535,0.0,0.9999212966944032,6.411248558504017e-05,1.4590820011753316e-05,False
0.7039984996249062,1.420457572754494,42,2,231.0618719956094,0.0,0.9945509871036863,0.005377441074048813,7.157182226493677e-05,True
0.7039722430607651,1.4205105525924586,42,0,-2002.6178036971658,0.0,0.986023601759937,0.013950477678786925,2.5920561276126206e-05,False
0.7039722430607651,1.4205105525924586,42,1,-107.31062871078437,0.0,0.9999457861211563,3.682861943490122e-05,1.7385259408888254e-05,False
0.7039722430607651,1.4205105525924586,42,2,211.56882069224622,0.0,0.9930623216214359,0.006847467813632178,9.021056493180619e-05,True
0.7039459864966241,1.4205635363826252,42,0,-1984.9174365274578,0.0,0.9836566436769416,0.016306936381765582,3.641994129269063e-05,False
0.7039459864966241,1.4205635363826252,42,1,-136.61989279581383,0.0,0.9999130979966292,7.045909576659722e-05,1.6442907604091413e-05,False
0.7039459864966241,1.4205635363826252,42,2,204.85276509400953,0.0,0.9920914105228559,0.007810711612688043,9.78778644561307e-05,True
0.7039197299324831,1.4206165241254365,42,0,-1901.3911065793643,0.0,0.9839477516107131,0.01601640682223932,3.584156704754937e-05,False
0.7039197299324831,1.4206165241254365,42,1,-90.0251617823547,0.0,0.9999521992687707,3.154003564331508e-05,1.6260695586039556e-05,False
0.7039197299324831,1.4206165241254365,42,2,208.26685690639155,0.0,0.9945481127833362,0.005368198611068127,8.36886055958075e-05,True
0.7038934733683421,1.4206695158213345,42,0,-1896.347384613384,0.0,0.9810877089816513,0.018862565330989033,4.9725687359592335e-05,False
0.7038934733683421,1.4206695158213345,42,1,-119.05183929078945,0.0,0.9999213361000454,6.30097065847444e-05,1.565419336971746e-05,False
0.7038934733683421,1.4206695158213345,42,2,200.7047449268517,0.0,0.9935459257939027,0.006361239600567519,9.28346055298169e-05,True
0.7038672168042011,1.4207225114707622,42,0,-1778.9511085132622,0.0,0.9833048574678829,0.016654436198400017,4.07063337171602e-05,False
0.7038672168042011,1.4207225114707622,42,1,-102.29397830155678,0.0,0.9999416022570754,4.02593503565279e-05,1.81383925681025e-05,False
0.7038672168042011,1.4207225114707622,42,2,186.43496830714176,0.0,0.991745297823276,0.008136820644308223,0.00011788153241577621,True
0.7038409602400599,1.4207755110741618,42,0,-1555.0393611272234,0.0,0.9896100259103753,0.010374300886376886,1.56732032477434e-05,False
0.7038409602400599,1.4207755110741618,42,1,-77.94502016231505,0.0,0.9999587386228801,1.1082176843447473e-05,3.0179200276522678e-05,False
0.7038409602400599,1.4207755110741618,42,2,165.72492793422416,0.0,0.6802487575174827,0.31770934445136195,0.002041898031155254,True
0.7038147036759189,1.4208285146319757,42,0,-1541.455921934394,0.0,0.9888007390113833,0.011180132112313472,1.912887630328162e-05,False
0.7038147036759189,1.4208285146319757,42,1,-82.8633084846229,0.0,0.9999580887111179,1.3034762066857636e-05,2.8876526815321197e-05,False
0.7038147036759189,1.4208285146319757,42,2,162.08765649445695,0.0,0.8383455690436582,0.16042636283663608,0.0012280681197057608,True
0.7037884471117779,1.4208815221446465,42,0,-1753.6797494209459,0.0,0.9767296637579842,0.023193866578853018,7.646966316270307e-05,False
0.7037884471117779,1.4208815221446465,42,1,-122.56757818948081,0.0,0.9999210818883811,6.24491910280753e-05,1.646892059089781e-05,False
0.7037884471117779,1.4208815221446465,42,2,180.2116320602258,0.0,0.992574936925075,0.007305025103055387,0.0001200379718695738,True
0.7037621905476369,1.420934533612617,42,0,-1984.9394127668938,0.0,0.9546828427174787,0.045113185821713676,0.00020397146080767997,False
0.7037621905476369,1.420934533612617,42,1,-98.31976232931248,0.0,0.9999241258376353,6.622192410122675e-05,9.652238263472937e-06,False
0.7037621905476369,1.420934533612617,42,2,232.68595333236476,0.0,0.9971804946026424,0.0027604911991267653,5.9014198230798625e-05,True
0.7037359339834959,1.4209875490363295,42,0,-2224.357695610999,0.0,0.9014605037241424,0.09797617177258344,0.0005633245032741724,False
0.7037359339834959,1.4209875490363295,42,1,-104.46781685683885,0.0,0.9998863149312133,0.00010691236768782105,6.772701098846482e-06,False
0.7037359339834959,1.4209875490363295,42,2,258.98935091519905,0.0,0.9975091747245726,0.002441919445685638,4.890582974175695e-05,True
0.7037096774193548,1.4210405684162275,42,0,-2518.3812078817873,0.0,0.7715858132438717,0.2269006875865076,0.0015134991696207176,False
0.7037096774193548,1.4210405684162275,42,1,-77.45842036327647,0.0,0.9999246718378594,7.214911756153987e-05,3.1790445790745643e-06,False
0.7037096774193548,1.4210405684162275,42,2,356.562476816028,0.0,0.9982445222716648,0.001720197072166667,3.5280656168535354e-05,True
0.7036834208552137,1.4210935917527534,42,0,-2935.2849448354104,0.0,0.16209410209989,0.831291657281374,0.006614240618736067,False
0.7036834208552137,1.4210935917527534,42,1,-65.31318984207438,0.0,0.9999288951258489,6.993507136261592e-05,1.1698027883300557e-06,False
0.7036834208552137,1.4210935917527534,42,2,441.93986664117176,0.0,0.9983835540707283,0.0015875904721125143,2.8855457159126856e-05,True
0.7036571642910727,1.42114661904635,42,0,-2779.560897864581,0.0,0.29165547977449024,0.702826782273151,0.005517737952358685,False
0.7036571642910727,1.42114661904635,42,1,-77.68142004059743,0.0,0.9999149092737746,8.304287855046119e-05,2.047847674966236e-06,False
0.7036571642910727,1.42114661904635,42,2,385.49917052637267,0.0,0.9983197811510516,0.0016471117903947338,3.31070585537182e-05,True
0.7036309077269317,1.4211996502974604,42,0,-2175.801298040771,0.0,0.8712573650311237,0.12793724928813913,0.0008053856807371545,False
0.7036309077269317,1.4211996502974604,42,1,-133.34932844650743,0.0,0.9998783842526938,0.0001132204034183546,8.39534388790294e-06,False
0.7036309077269317,1.4211996502974604,42,2,221.58810785106593,0.0,0.9972187583605957,0.0027151538775676337,6.60877618366312e-05,True
0.7036046511627907,1.421252685506528,42,0,-1709.213836484294,0.0,0.9707000348608118,0.029182478558262337,0.00011748658092574995,False
0.7036046511627907,1.421252685506528,42,1,-200.8939679891187,0.0,0.9999102497815643,6.951842070251255e-05,2.0231797733310555e-05,False
0.7036046511627907,1.421252685506528,42,2,142.07217111948285,0.0,0.9782496734153986,0.0213497817604474,0.0004005448241538829,True
0.7035783945986497,1.4213057246739953,42,0,-1420.2738753468418,0.0,0.9915978983183792,0.008391961357741841,1.0140323878909661e-05,False
0.7035783945986497,1.4213057246739953,42,1,-106.65083622136369,0.0,0.9999527772302388,8.139403532465339e-07,4.6408829408020095e-05,False
0.7035783945986497,1.4213057246739953,42,2,136.63702432817752,0.0,0.9862385232885752,0.013726437639980037,3.5039071444774936e-05,True
0.7035521380345086,1.421358767800306,42,0,-1384.4220590674402,0.0,0.9964036286015797,0.0035963666962736235,4.70214671704462e-09,False
0.7035521380345086,1.421358767800306,42,1,-10.358239206241011,0.0,0.9997844610409076,2.5991979281090347e-05,0.0001895469798113076,False
0.7035521380345086,1.421358767800306,42,2,351.2102813621788,0.0,0.9975905973723458,0.0023690509293093636,4.035169834487379e-05,True
0.7035258814703675,1.4214118148859032,42,0,-1453.6067216045644,0.0,0.9971517063596907,0.0028476526565958367,6.409837134132576e-07,False
0.7035258814703675,1.4214118148859032,42,1,31.317888755296526,0.0,0.9984166095503637,0.0010505930038517723,0.0005327974457843851,True
0.7035258814703675,1.4214118148859032,42,2,640.0063329971555,0.0,0.9972248616741746,0.002705461853602447,6.967647222291848e-05,True
0.7034996249062265,1.42146486593123,42,0,-1408.5658833502673,0.0,0.9966083118168115,0.0033916324475573864,5.573563109784852e-08,False
0.7034996249062265,1.42146486593123,42,1,-19.920536931678573,0.0,0.9997920323106448,5.058570122655649e-06,0.00020290911923253788,False
0.7034996249062265,1.42146486593123,42,2,358.5299152133304,0.0,0.9974653124153325,0.0024935875109508014,4.110007371670265e-05,True
0.7034733683420855,1.42151792093673,42,0,-1401.8795474993685,0.0,0.9951973514812713,0.004801704469064184,9.440496646341217e-07,False
0.7034733683420855,1.42151792093673,42,1,-53.36376619783379,0.0,0.9998875075586396,1.900861038846117e-05,9.348383097174222e-05,False
0.7034733683420855,1.42151792093673,42,2,191.59932471254578,0.0,0.9970705002052598,0.0029192727974747946,1.0226997265475671e-05,True
0.7034471117779445,1.4215709799028469,42,0,-1437.8933579737975,0.0,0.9936957912616333,0.006300062412431855,4.146325934855685e-06,False
0.7034471117779445,1.4215709799028469,42,1,-204.80976167264058,0.0,0.9999069936706062,3.110739117845571e-05,6.189893821519051e-05,False
0.7034471117779445,1.4215709799028469,42,2,149.9941585747308,0.0,0.9931611577423168,0.0068352744711950774,3.5677864881112456e-06,True
0.7034208552138034,1.4216240428300235,42,0,-1501.458425974464,0.0,0.9911654603305349,0.008822078024211154,1.2461645253890188e-05,False
0.7034208552138034,1.4216240428300235,42,1,-251.53345668133062,0.0,0.9999470650773102,6.587086367355284e-06,4.634783632231462e-05,False
0.7034208552138034,1.4216240428300235,42,2,132.75077804588636,0.0,0.9813245064188371,0.01857160210913952,0.00010389147202345767,True
0.7033945986496624,1.4216771097187042,42,0,-1652.7379642232784,0.0,0.9817518353576394,0.018189419996258355,5.874464610231094e-05,False
0.7033945986496624,1.4216771097187042,42,1,-359.8760982223642,0.0,0.9999534102720476,1.5420667257575925e-05,3.116906069474456e-05,False
0.7033945986496624,1.4216771097187042,42,2,129.95421178765005,0.0,0.6464136487587272,0.34834916292033424,0.00523718832093854,True
0.7033683420855213,1.421730180569332,42,0,-1705.3755443243845,0.0,0.9787316581632561,0.02119127142232896,7.707041441501163e-05,False
0.7033683420855213,1.421730180569332,42,1,-419.5557944586867,0.0,0.9999424539777999,2.7360644168183847e-05,3.0185378031845715e-05,False
0.7033683420855213,1.421730180569332,42,2,127.78387134357165,0.0,0.7791643117929937,0.2175706642942938,0.0032650239127124344,True
0.7033420855213803,1.4217832553823508,42,0,-1550.7014601659725,0.0,0.9932238291796694,0.006770735261140191,5.435559190453051e-06,False
0.7033420855213803,1.4217832553823508,42,1,-273.1180420059374,0.0,0.9998962999389637,4.645629875631959e-05,5.724376227995407e-05,False
0.7033420855213803,1.4217832553823508,42,2,137.2028735088877,0.0,0.9895234778418563,0.01044043650772365,3.6085650420053514e-05,True
0.7033158289572393,1.4218363341582043,42,0,-1562.9744380131222,0.0,0.9946279638312183,0.005370097609345601,1.938559436150102e-06,False
0.7033158289572393,1.4218363341582043,42,1,-267.358271890315,0.0,0.9998266930441388,0.00010241153676895252,7.089541909221797e-05,False
0.7033158289572393,1.4218363341582043,42,2,149.38421558806073,0.0,0.9934998627734528,0.0064950402224256505,5.09700412157897e-06,True
0.7032895723930983,1.421889416897337,42,0,-1655.2510742663299,0.0,0.9905285693572574,0.009456314207271867,1.5116435470689206e-05,False
0.7032895723930983,1.421889416897337,42,1,-432.22780202566634,0.0,0.9999453683180901,8.618889999831641e-06,4.601279190999424e-05,False
0.7032895723930983,1.421889416897337,42,2,130.4468051563528,0.0,0.9793369488014153,0.020484345191172523,0.0001787060074122244,True
0.7032633158289572,1.421942503600192,42,0,-1792.992226411643,0.0,0.9826768224494735,0.017268926948016912,5.425060250952746e-05,False
0.7032633158289572,1.421942503600192,42,1,-506.5340319232721,0.0,0.9999588798843487,6.964037819944543e-06,3.4156077831274814e-05,False
0.7032633158289572,1.421942503600192,42,2,129.22854873036383,0.0,0.889990578600236,0.1082061621489744,0.0018032592507895677,True
0.7032370592648162,1.4219955942672136,42,0,-1947.4596377070789,0.0,0.9666260473580939,0.03321591373245927,0.00015803890944684842,False
0.7032370592648162,1.4219955942672136,42,1,-601.9767578411329,0.0,0.9999188348800326,5.3219579684772365e-05,2.7945540282674205e-05,False
0.7032370592648162,1.4219955942672136,42,2,129.6809438474255,0.0,0.7211228098150544,0.27357608343119716,0.005301106753748486,True
0.7032108027006752,1.4220486888988455,42,0,-2177.276856846079,0.0,0.9149645583406042,0.08448371217373175,0.0005517294856641493,False
0.7032108027006752,1.4220486888988455,42,1,-595.1614574934374,0.0,0.9998635721415441,0.00011450291906585181,2.1924939390121624e-05,False
0.7032108027006752,1.4220486888988455,42,2,139.6149439415629,0.0,0.8444119317878777,0.1516396448922711,0.003948423319851233,True
0.7031845461365341,1.4221017874955326,42,0,-2500.6547365966476,0.0,0.4491630032196283,0.545927729131097,0.004909267649274631,False
0.7031845461365341,1.4221017874955326,42,1,-634.4152818802669,0.0,0.9997570533599395,0.00022567610538548076,1.7270534675051147e-05,False
0.7031845461365341,1.4221017874955326,42,2,145.21762205060458,0.0,0.936726148001647,0.06159479730700193,0.0016790546913510555,True
0.7031582895723931,1.4221548900577183,42,0,-2356.588141864676,0.0,0.8586202450711443,0.14034865992294734,0.001031095005908349,False
0.7031582895723931,1.4221548900577183,42,1,-675.12413909235,0.0,0.9998306302221024,0.00014852231975989976,2.084745813773823e-05,False
0.7031582895723931,1.4221548900577183,42,2,140.12453913463796,0.0,0.8235929139555042,0.17168957865845183,0.004717507386044072,True
0.703132033008252,1.4222079965858474,42,0,-2012.0012751381146,0.0,0.983345926631944,0.01660395240046881,5.012096758715311e-05,False
0.703132033008252,1.4222079965858474,42,1,-711.9715275258108,0.0,0.9999595585729429,3.6793485027047044e-06,3.676207855444419e-05,False
0.703132033008252,1.4222079965858474,42,2,127.93574842643149,0.0,0.9516603979453683,0.04747521845683009,0.0008643835978016419,True
0.703105776444111,1.4222611070803637,42,0,-1916.259305816899,0.0,0.9945608160240227,0.005437358986544823,1.8249894324785815e-06,False
0.703105776444111,1.4222611070803637,42,1,-526.0606100051848,0.0,0.9997703426077528,0.000161630588367676,6.802680387951093e-05,False
0.703105776444111,1.4222611070803637,42,2,136.89060971537734,0.0,0.9904211907364557,0.009522166717061303,5.664254648301679e-05,True
0.70307951987997,1.422314221541712,42,0,-2000.5734289467493,0.0,0.9968505022495973,0.0031491778318882306,3.1991851443132467e-07,False
0.70307951987997,1.422314221541712,42,1,-212.31119856009778,0.0,0.9993665448931447,0.0004974307311785955,0.00013602437567678547,False
0.70307951987997,1.422314221541712,42,2,199.3135589516115,0.0,0.9961895593125908,0.0038056974697136,4.743217695667802e-06,True
0.703053263315829,1.4223673399703365,42,0,-2198.4611402466694,0.0,0.9977213579220677,0.002276251061178538,2.3910167537477863e-06,False
0.703053263315829,1.4223673399703365,42,1,-36.17670460417294,0.0,0.9992919314360604,0.00016220806377154068,0.0005458605001680165,False
0.703053263315829,1.4223673399703365,42,2,511.5809153235387,0.0,0.9968274670986758,0.0031116183144141657,6.0914586910046015e-05,True
0.7030270067516879,1.4224204623666814,42,0,-2327.8264381241243,0.0,0.9978647519690571,0.0021322355894334423,3.0124415094713775e-06,False
0.7030270067516879,1.4224204623666814,42,1,19.536611071307824,0.0,0.997895902641453,0.0004318770724121933,0.0016722202861347902,True
0.7030270067516879,1.4224204623666814,42,2,790.339087385588,0.0,0.9967693690521338,0.0031452632555864363,8.536769227987222e-05,True
0.7030007501875468,1.422473588731192,42,0,-2311.5072676559253,0.0,0.9977355894850547,0.002261914641551417,2.495873393923958e-06,False
0.7030007501875468,1.422473588731192,42,1,-73.94049900912135,0.0,0.99911669450993,0.0004570533936303685,0.0004262520964397429,False
0.7030007501875468,1.422473588731192,42,2,451.0641261061175,0.0,0.9966143953334248,0.0033337399555004583,5.186471107479501e-05,True
0.7029744936234058,1.4225267190643125,42,0,-2293.956456311925,0.0,0.9973935397014146,0.0026050828218306308,1.3774767547030402e-06,False
0.7029744936234058,1.4225267190643125,42,1,-94.21680410808153,0.0,0.9992563129444435,0.0005041568620891855,0.00023953019346745197,False
0.7029744936234058,1.4225267190643125,42,2,301.1116671086221,0.0,0.9968180293027842,0.0031519470374735004,3.002365974235712e-05,True
0.7029482370592648,1.4225798533664875,42,0,-2328.2864548706107,0.0,0.9972445981337713,0.0027543490887368817,1.0527774918533e-06,False
0.7029482370592648,1.4225798533664875,42,1,-286.6797743138847,0.0,0.9990311910127843,0.000809240508610895,0.00015956847860477616,False
0.7029482370592648,1.4225798533664875,42,2,222.6451882777719,0.0,0.9957663022737326,0.004228836300510763,4.8614257566290435e-06,True
0.7029219804951238,1.4226329916381624,42,0,-2359.2146104845033,0.0,0.9968838651214291,0.0031156968355075206,4.3804306332364665e-07,False
0.7029219804951238,1.4226329916381624,42,1,-381.06618218634327,0.0,0.9991868966812063,0.0006890698735425701,0.00012403344525115253,False
0.7029219804951238,1.4226329916381624,42,2,183.23765256449718,0.0,0.9948654255921137,0.005134266659516426,3.077483699497315e-07,True
0.7028957239309828,1.4226861338797814,42,0,-2398.522799524711,0.0,0.9962959323173529,0.003704052415190187,1.5267456807799556e-08,False
0.7028957239309828,1.4226861338797814,42,1,-607.0608868092469,0.0,0.9993939325784732,0.0005097475225590737,9.631989896771538e-05,False
0.7028957239309828,1.4226861338797814,42,2,159.2777655805436,0.0,0.9926321175226578,0.007343158286629017,2.4724190713151647e-05,True
0.7028694673668416,1.4227392800917895,42,0,-2467.1092273594945,0.0,0.9960090415620912,0.00399094666444624,1.1773462443549571e-08,False
0.7028694673668416,1.4227392800917895,42,1,-707.1890366720454,0.0,0.9994741323019076,0.00043670284441710364,8.916485367526005e-05,False
0.7028694673668416,1.4227392800917895,42,2,154.20392411888807,0.0,0.991594092117765,0.008360884994594068,4.502288764105143e-05,True
0.7028432108027006,1.4227924302746322,42,0,-2573.178209118822,0.0,0.9966631948403926,0.0033365511515258657,2.540080815268594e-07,False
0.7028432108027006,1.4227924302746322,42,1,-556.2051690641899,0.0,0.9992167603762104,0.000672947097066928,0.00011029252672262223,False
0.7028432108027006,1.4227924302746322,42,2,169.37457949344994,0.0,0.9935678181538098,0.006420651265605416,1.1530580584730204e-05,True
0.7028169542385596,1.4228455844287538,42,0,-2687.6623656119627,0.0,0.9969943462888473,0.003004927761936799,7.259492157842029e-07,False
0.7028169542385596,1.4228455844287538,42,1,-452.4341756226158,0.0,0.9990237287257157,0.0008449070808010418,0.00013136419348316482,False
0.7028169542385596,1.4228455844287538,42,2,187.98394889836703,0.0,0.9946341071489756,0.005364911109849584,9.817411747728658e-07,True
0.7027906976744186,1.4228987425545996,42,0,-2776.9739365550154,0.0,0.9969956064717701,0.0030036271790497065,7.663491802613039e-07,False
0.7027906976744186,1.4228987425545996,42,1,-488.68433197969796,0.0,0.9989899848132564,0.0008784292010171286,0.00013158598572638505,False
0.7027906976744186,1.4228987425545996,42,2,188.0068545535146,0.0,0.9944896096007901,0.005508706730732889,1.683668477021624e-06,True
0.7027644411102776,1.4229519046526151,42,0,-2878.1777070416615,0.0,0.9970337370173702,0.0029653864261804724,8.765564492322422e-07,False
0.7027644411102776,1.4229519046526151,42,1,-451.33875931010147,0.0,0.998947628205761,0.0009151265952724006,0.00013724519896668962,False
0.7027644411102776,1.4229519046526151,42,2,192.7604028111912,0.0,0.9946888832165324,0.0053104732892147325,6.434942528626146e-07,True
0.7027381845461365,1.4230050707232451,42,0,-2977.2392448064893,0.0,0.9970389115947331,0.0029601541405969985,9.342646698055508e-07,False
0.7027381845461365,1.4230050707232451,42,1,-507.14761327838085,0.0,0.9988974686211931,0.0009650291134888047,0.00013750226531808324,False
0.7027381845461365,1.4230050707232451,42,2,193.35559303421678,0.0,0.9944925297222366,0.0055060349851847774,1.4352925787651617e-06,True
0.7027119279819954,1.4230582407669357,42,0,-3095.8602169638343,0.0,0.997104871362764,0.002894008542673322,1.1200945626239468e-06,False
0.7027119279819954,1.4230582407669357,42,1,-421.51157465780716,0.0,0.9988416764470207,0.001008766706649382,0.00014955684632985243,False
0.7027119279819954,1.4230582407669357,42,2,204.13511875728577,0.0,0.9949524028427479,0.0050475968329902025,3.242619527607606e-10,True
0.7026856714178544,1.4231114147841313,42,0,-3277.5037418686566,0.0,0.9973957873683266,0.00260224984271953,1.962788953993767e-06,False
0.7026856714178544,1.4231114147841313,42,1,-283.4097478350871,0.0,0.9985881632069055,0.001202522433100584,0.00020931435999403214,False
0.7026856714178544,1.4231114147841313,42,2,266.9156782413099,0.0,0.9957082588412011,0.00428115089906349,1.0590259735462244e-05,True
0.7026594148537134,1.4231645927752778,42,0,-3397.557968815627,0.0,0.9973730772366578,0.002624963039082213,1.9597242599578194e-06,False
0.7026594148537134,1.4231645927752778,42,1,-235.20732806599517,0.0,0.9986332189282141,0.0011433106075598172,0.00022347046422606904,False
0.7026594148537134,1.4231645927752778,42,2,280.2014998261306,0.0,0.9958933270134235,0.004091491509645196,1.5181476931410806e-05,True
0.7026331582895724,1.4232177747408206,42,0,-3445.104248660356,0.0,0.9970825251074353,0.0029162306095146103,1.2442830501156276e-06,False
0.7026331582895724,1.4232177747408206,42,1,-484.5524788412322,0.0,0.9987208916763968,0.0011246307665770826,0.00015447755702612946,False
0.7026331582895724,1.4232177747408206,42,2,209.35656133496025,0.0,0.9947530443898817,0.005246891577212468,6.403290591403427e-08,True
0.7026069017254313,1.4232709606812055,42,0,-3512.092395604872,0.0,0.9966790280996182,0.0033204201533858233,5.517469959742576e-07,False
0.7026069017254313,1.4232709606812055,42,1,-687.6934584343849,0.0,0.9989938209866289,0.0008840065240042257,0.0001221724893669583,False
0.7026069017254313,1.4232709606812055,42,2,179.1060807981317,0.0,0.9933075503496278,0.0066759809549658666,1.6468695406248277e-05,True
0.7025806451612903,1.423324150596878,42,0,-3610.8965113360186,0.0,0.9962745975316591,0.0037252402990181743,1.6216932264515948e-07,False
0.7025806451612903,1.423324150596878,42,1,-878.1095767967852,0.0,0.9992123916125869,0.0006823588061878082,0.00010524958122519304,False
0.7025806451612903,1.423324150596878,42,2,166.45232371630456,0.0,0.9918364859542192,0.008113972312156702,4.954173362405369e-05,True
0.7025543885971492,1.4233773444882836,42,0,-3723.623013841976,0.0,0.9955524467929584,0.004447524050278533,2.9156763088551334e-08,False
0.7025543885971492,1.4233773444882836,42,1,-1106.8729525466808,0.0,0.9994918892608362,0.0004213096500299818,8.680108913385954e-05,False
0.7025543885971492,1.4233773444882836,42,2,157.74886191226946,0.0,0.9889708258494098,0.010898630663892855,0.00013054348669744466,True
0.7025281320330082,1.4234305423558684,42,0,-3878.6111186352123,0.0,0.9942436750770143,0.00575510794554125,1.2169774445260783e-06,False
0.7025281320330082,1.4234305423558684,42,1,-1358.6405122099195,0.0,0.9997570993990303,0.00017378269957604524,6.911790139353938e-05,False
0.7025281320330082,1.4234305423558684,42,2,151.91558840961156,0.0,0.9839210199915819,0.015786442691201094,0.0002925373172170333,True
0.7025018754688672,1.4234837442000778,42,0,-4035.805924497616,0.0,0.9946413048319763,0.005358078743205299,6.164248183567314e-07,False
0.7025018754688672,1.4234837442000778,42,1,-1320.2592429154022,0.0,0.9996941207135054,0.00023198942998406804,7.388985651057165e-05,False
0.7025018754688672,1.4234837442000778,42,2,152.6445967047986,0.0,0.9855319594192844,0.014219935515764196,0.00024810506495139364,True
0.7024756189047261,1.4235369500213586,42,0,-4237.5487752094705,0.0,0.9960460792542387,0.003953802425578397,1.1832018287741676e-07,False
0.7024756189047261,1.4235369500213586,42,1,-953.609687007395,0.0,0.9992277950230719,0.0006677588037681255,0.00010444617315996225,False
0.7024756189047261,1.4235369500213586,42,2,164.00862805311195,0.0,0.9915894698623374,0.008346797766436745,6.373237122582053e-05,True
0.7024493623405851,1.4235901598201557,42,0,-4520.982731816139,0.0,0.9967059852445103,0.0032930690807515804,9.45674738230836e-07,False
0.7024493623405851,1.4235901598201557,42,1,-546.9549456913539,0.0,0.9986997133067608,0.0011483065596084381,0.00015198013363083222,False
0.7024493623405851,1.4235901598201557,42,2,201.50033613352755,0.0,0.9945676401390914,0.005431046969467472,1.3128914410824313e-06,True
0.7024231057764441,1.4236433735969156,42,0,-4850.264483996823,0.0,0.9970515499524993,0.002946630262445563,1.819785055124601e-06,False
0.7024231057764441,1.4236433735969156,42,1,-222.5583065433475,0.0,0.9984010812431555,0.0013278776247519523,0.00027104113209247966,False
0.7024231057764441,1.4236433735969156,42,2,320.2398003062155,0.0,0.9958619824399854,0.004114431326517858,2.3586233496822796e-05,True
0.702396849212303,1.4236965913520845,42,0,-5256.063226547629,0.0,0.9973072202084599,0.0026900410469317708,2.738744608239882e-06,False
0.702396849212303,1.4236965913520845,42,1,-30.60523249803434,0.0,0.9984219435924617,0.00046527608562083766,0.0011127803219174997,False
0.702396849212303,1.4236965913520845,42,2,726.6838474693284,0.0,0.9958097389900763,0.004101754914178341,8.850609574538273e-05,True
0.702370592648162,1.4237498130861086,42,0,-5596.670462905365,0.0,0.9973692043094974,0.0026277046998416107,3.090990660960745e-06,False
0.702370592648162,1.4237498130861086,42,1,1.92335466939102,0.0,0.9969883824105553,5.235679931422374e-06,0.0030063819095133334,True
0.702370592648162,1.4237498130861086,42,2,1016.3166632043747,0.0,0.9953187720811257,0.004568486859421382,0.00011274105945293324,True
0.702344336084021,1.4238030387994338,42,0,-5726.634351119997,0.0,0.9971831071998417,0.002814364465041808,2.528335116501924e-06,False
0.702344336084021,1.4238030387994338,42,1,-27.55377900866228,0.0,0.9983721260752357,0.0004203994288871183,0.0012074744958770086,False
0.702344336084021,1.4238030387994338,42,2,759.0166029432671,0.0,0.9956895263403054,0.004217834099304689,9.26395603898625e-05,True
0.7023180795198799,1.423856268492507,42,0,-5854.775612814357,0.0,0.9969297835238694,0.0030683531766418437,1.8632994887043207e-06,False
0.7023180795198799,1.423856268492507,42,1,-110.37459571182059,0.0,0.9984255273028013,0.0011131867387278033,0.0004612859584707893,False
0.7023180795198799,1.423856268492507,42,2,468.6427070648485,0.0,0.9959254321919538,0.004018781525901176,5.578628214497808e-05,True
0.7022918229557389,1.423909502165774,42,0,-6063.527007772986,0.0,0.9967212799469215,0.0032772846714353666,1.4353816430921323e-06,False
0.7022918229557389,1.423909502165774,42,1,-190.09124357943384,0.0,0.9984046144132422,0.0012888975567116147,0.00030648803004625444,False
0.7022918229557389,1.423909502165774,42,2,352.9893119523915,0.0,0.9958703618301739,0.004097351047203233,3.228712262296711e-05,True
0.7022655663915979,1.4239627398196812,42,0,-6294.014447978221,0.0,0.9964727109963654,0.003526280933622916,1.0080700116973882e-06,False
0.7022655663915979,1.4239627398196812,42,1,-321.84431343265425,0.0,0.9984728741252235,0.001311444322262059,0.00021568155251454785,False
0.7022655663915979,1.4239627398196812,42,2,265.84572333355385,0.0,0.995528594891898,0.004461939159913487,9.465948188478337e-06,True
0.7022393098274569,1.4240159814546756,42,0,-6544.608285118417,0.0,0.9961448891881458,0.0038545439978669724,5.668139871858165e-07,False
0.7022393098274569,1.4240159814546756,42,1,-540.7090499085211,0.0,0.9986947250811947,0.0011466960794788606,0.00015857883932645812,False
0.7022393098274569,1.4240159814546756,42,2,206.21486288890478,0.0,0.9946384203076427,0.005361005708508772,5.739838485894594e-07,True
0.7022130532633158,1.4240692270712034,42,0,-6868.448118290352,0.0,0.9958919433968183,0.004107721301400144,3.3530178153745383e-07,False
0.7022130532633158,1.4240692270712034,42,1,-672.2534391870581,0.0,0.998873900173168,0.0009873812625028372,0.0001387185643292017,False
0.7022130532633158,1.4240692270712034,42,2,185.70927709538336,0.0,0.9939841457248366,0.006007121681095099,8.732594068274393e-06,True
0.7021867966991747,1.4241224766697116,42,0,-7306.59011047613,0.0,0.9959440017848908,0.004055561924440144,4.362906689974397e-07,False
0.7021867966991747,1.4241224766697116,42,1,-526.1861378689031,0.0,0.9987411785803726,0.0011017004445679252,0.0001571209750594951,False
0.7021867966991747,1.4241224766697116,42,2,201.62924812792858,0.0,0.9947063967864157,0.005292968752453128,6.344611311413137e-07,True
0.7021605401350337,1.4241757302506466,42,0,-7787.826460899011,0.0,0.9959741438558314,0.00402533219946513,5.23944703513657e-07,False
0.7021605401350337,1.4241757302506466,42,1,-421.21284810667885,0.0,0.9986194809149738,0.001199256237642087,0.00018126284738420159,False
0.7021605401350337,1.4241757302506466,42,2,225.08645724450733,0.0,0.9952310074590085,0.004767517153569535,1.4753874220132135e-06,True
0.7021342835708927,1.424228987814455,42,0,-8265.51464038298,0.0,0.9958392678906034,0.004160308883532247,4.2322586434044424e-07,False
0.7021342835708927,1.424228987814455,42,1,-439.07388959845906,0.0,0.9986764512886821,0.0011494574835629514,0.00017409122775490814,False
0.7021342835708927,1.424228987814455,42,2,215.8949308669578,0.0,0.9951711673156696,0.004828254929674823,5.777546556063824e-07,True
0.7021080270067517,1.424282249361584,42,0,-8808.434041923969,0.0,0.9957282658033858,0.004271376229192037,3.57967422097547e-07,False
0.7021080270067517,1.424282249361584,42,1,-421.37852356932297,0.0,0.9987129362376764,0.001113804045141561,0.0001732597171818984,False
0.7021080270067517,1.424282249361584,42,2,212.79855583339298,0.0,0.9952419135999035,0.004757435782355523,6.506177408469784e-07,True
0.7020817704426107,1.4243355148924803,42,0,-9409.491267367486,0.0,0.9955984601093408,0.004401256162768906,2.837278902876504e-07,False
0.7020817704426107,1.4243355148924803,42,1,-478.5913673350275,0.0,0.9987491878250793,0.0010856294574925565,0.0001651827174281857,False
0.7020817704426107,1.4243355148924803,42,2,204.08695263892966,0.0,0.9950597782087286,0.004940217536720615,4.254550828502989e-09,True
0.7020555138784697,1.4243887844075909,42,0,-10102.390469961443,0.0,0.9955017408128396,0.004498015650259918,2.4353690055607904e-07,False
0.7020555138784697,1.4243887844075909,42,1,-411.0254160877008,0.0,0.9987849589642106,0.001045495112114519,0.0001695459236749203,False
0.7020555138784697,1.4243887844075909,42,2,204.63429117017418,0.0,0.9953266567874619,0.004672868215976179,4.74996561957736e-07,True
0.7020292573143285,1.4244420579073631,42,0,-10951.165489257522,0.0,0.9955627986416793,0.004436868670032795,3.326882879403195e-07,False
0.7020292573143285,1.4244420579073631,42,1,-268.1313723163074,0.0,0.998628307398575,0.0011463987900862448,0.0002252938113387636,False
0.7020292573143285,1.4244420579073631,42,2,259.9373131516324,0.0,0.995908173750983,0.004077336924644418,1.4489324372658575e-05,True
0.7020030007501875,1.4244953353922438,42,0,-11843.481416238576,0.0,0.995462742799149,0.004536972315175455,2.8488567558348403e-07,False
0.7020030007501875,1.4244953353922438,42,1,-228.1108799835713,0.0,0.9986797888461741,0.0010830325535199962,0.00023717860030587966,False
0.7020030007501875,1.4244953353922438,42,2,267.57640629405034,0.0,0.9960824459529438,0.0038984760388119212,1.9078008244199586e-05,True
0.7019767441860465,1.4245486168626802,42,0,-12778.510988744347,0.0,0.9951528389102829,0.004847049412647591,1.1167706940212063e-07,False
0.7019767441860465,1.4245486168626802,42,1,-445.102548255585,0.0,0.9989100752899891,0.0009324221978238397,0.00015750251218699812,False
0.7019767441860465,1.4245486168626802,42,2,187.06790800031277,0.0,0.9952576410434486,0.004742323840706694,3.511584468187996e-08,True
0.7019504876219055,1.4246019023191194,42,0,-13905.637619105231,0.0,0.9948425293433761,0.005157450354141097,2.0302482817051866e-08,False
0.7019504876219055,1.4246019023191194,42,1,-683.8065714029126,0.0,0.9992198718047264,0.0006595082277013704,0.00012061996757235682,False
0.7019504876219055,1.4246019023191194,42,2,152.70779764496965,0.0,0.9937249207761907,0.006249069355048729,2.6009868760515696e-05,True
0.7019242310577645,1.4246551917620087,42,0,-15274.378312263989,0.0,0.9945897716546275,0.0054102283389598415,6.412543087677765e-12,False
0.7019242310577645,1.4246551917620087,42,1,-850.9054170939709,0.0,0.9994499155884475,0.00044796270640781033,0.00010212170514462316,False
0.7019242310577645,1.4246551917620087,42,2,137.33806974514636,0.0,0.9919888726581283,0.007929174560244423,8.195278162721542e-05,True
0.7018979744936233,1.424708485191796,42,0,-16926.0168204468,0.0,0.994310676845873,0.005689297070767058,2.6083359986912773e-08,False
0.7018979744936233,1.424708485191796,42,1,-1055.8841893369076,0.0,0.9996719995597336,0.00024305022318376807,8.495021708271996e-05,False
0.7018979744936233,1.424708485191796,42,2,128.2467485908605,0.0,0.988262775077103,0.011514599940768292,0.00022262498212866934,True
0.7018717179294823,1.424761782608928,42,0,-18956.058949405644,0.0,0.9940115321293481,0.005988359329683968,1.0854096796495573e-07,False
0.7018717179294823,1.424761782608928,42,1,-1254.3246852394288,0.0,0.9998463522167024,8.40759672797276e-05,6.95718160179648e-05,False
0.7018717179294823,1.424761782608928,42,2,122.6060867831542,0.0,0.9789709468724099,0.02043065569498192,0.0005983974326081079,True
0.7018454613653413,1.4248150840138527,42,0,-21372.860427530766,0.0,0.9940132431272014,0.005986666735581243,9.013721741199868e-08,False
0.7018454613653413,1.4248150840138527,42,1,-1254.382121089638,0.0,0.9998558695880159,7.491983639070842e-05,6.921057559333967e-05,False
0.7018454613653413,1.4248150840138527,42,2,119.47067550078907,0.0,0.9798754601514714,0.019548532430950255,0.0005760074175783595,True
0.7018192048012003,1.4248683894070175,42,0,-24278.254070407125,0.0,0.9942480267208688,0.0057519589972107295,1.4281920585120615e-08,False
0.7018192048012003,1.4248683894070175,42,1,-904.3233676970625,0.0,0.9996909739818443,0.00022411412469954317,8.491189345608868e-05,False
0.7018192048012003,1.4248683894070175,42,2,117.60838537549486,0.0,0.9887980675699357,0.010976588409088647,0.00022534402097566363,True
0.7017929482370593,1.42492169878887,42,0,-27942.5975752777,0.0,0.9944111901634808,0.005588809636849864,1.9966936436983727e-10,False
0.7017929482370593,1.42492169878887,42,1,-610.8554379103438,0.0,0.9994225358020692,0.00046600173717655104,0.00011146246075430435,False
0.7017929482370593,1.42492169878887,42,2,127.17195760897525,0.0,0.9941678075545076,0.005797226668388039,3.496577710435804e-05,True
0.7017666916729182,1.424975012159858,42,0,-32604.519558650387,0.0,0.9945043274092528,0.0054956626692907315,9.921456557626684e-09,False
0.7017666916729182,1.424975012159858,42,1,-240.66965788970953,0.0,0.9991514596011882,0.0006779231017813684,0.00017061729703028527,False
0.7017666916729182,1.424975012159858,42,2,171.03605902623755,0.0,0.9966195687818029,0.0033762584395026283,4.172778694488843e-06,True
0.7017404351087771,1.4250283295204291,42,0,-38648.475274667784,0.0,0.9945842945892996,0.00541567488955173,3.052114855513898e-08,False
0.7017404351087771,1.4250283295204291,42,1,-21.799700614420782,0.0,0.9991268145298028,0.00018988506901633886,0.0006833004011809318,False
0.7017404351087771,1.4250283295204291,42,2,460.85606626474737,0.0,0.9970138154476054,0.0029052265815755146,8.095797081899226e-05,True
0.7017141785446361,1.4250816508710318,42,0,-46453.629021510205,0.0,0.9945711193251467,0.005428846910006946,3.376484626788698e-08,False
0.7017141785446361,1.4250816508710318,42,1,17.750550858447042,0.0,0.9970092964587116,0.00040181855156691033,0.002588884989721466,True
0.7017141785446361,1.4250816508710318,42,2,767.4860908491437,0.0,0.9963002664122055,0.003580255034961031,0.00011947855283347339,True
0.7016879219804951,1.425134976212113,42,0,-56632.000314068755,0.0,0.9944424835321968,0.00555750396352622,1.2504276941772721e-08,False
0.7016879219804951,1.425134976212113,42,1,-9.825993727015948,0.0,0.999143434546247,6.161374519152026e-05,0.0007949517085615026,False
0.7016879219804951,1.425134976212113,42,2,479.343897400076,0.0,0.9971693759386021,0.0027445169720735946,8.61070893243246e-05,True
0.7016616654163541,1.4251883055441217,42,0,-70643.13858033485,0.0,0.9943258599705749,0.005674137810824436,2.2186005461309317e-09,False
0.7016616654163541,1.4251883055441217,42,1,-94.47939415262837,0.0,0.9993105427169439,0.00044615501162845303,0.00024330227142766543,False
0.7016616654163541,1.4251883055441217,42,2,215.86507399458415,0.0,0.9975517955034745,0.002417474695645389,3.072980088017118e-05,True
0.701635408852213,1.425241638867505,42,0,-90363.89832889498,0.0,0.9942598159718348,0.005740183803960542,2.242045488089826e-10,False
0.701635408852213,1.425241638867505,42,1,-203.19040030386952,0.0,0.9993958757014173,0.0004505885691323795,0.00015353572945024053,False
0.701635408852213,1.425241638867505,42,2,142.2112576001186,0.0,0.9970995437834005,0.0028978039862098542,2.6522303896939934e-06,True
0.701609152288072,1.4252949761827116,42,0,-118416.811958033,0.0,0.9942121622093397,0.005787837745994677,4.4665659752055204e-11,False
0.701609152288072,1.4252949761827116,42,1,-351.535021828044,0.0,0.9995652556745004,0.0003215613509720542,0.00011318297452754765,False
0.701609152288072,1.4252949761827116,42,2,108.95957515566887,0.0,0.9958808658508432,0.004106989158454314,1.2144990702485378e-05,True
0.701582895723931,1.4253483174901895,42,0,-157976.26226515634,0.0,0.9941773855411569,0.005822613988751218,4.700919564100769e-10,False
0.701582895723931,1.4253483174901895,42,1,-492.6725213245896,0.0,0.9997528685657249,0.00015969393273725636,8.743750153778213e-05,False
0.701582895723931,1.4253483174901895,42,2,92.8265189567669,0.0,0.9925859879180619,0.007288584017680684,0.00012542806425739267,True
0.7015566391597899,1.425401662790387,42,0,-210149.31722206253,0.0,0.9941631822475405,0.005836817131326476,6.211329445998844e-10,False
0.7015566391597899,1.425401662790387,42,1,-606.0315529219793,0.0,0.9998470434244732,7.63593749450264e-05,7.659720058182694e-05,False
0.7015566391597899,1.425401662790387,42,2,86.92340344609534,0.0,0.989490932582112,0.010244813949301044,0.0002642534685870988,True
0.7015303825956489,1.425455012083752,42,0,-265854.39400244795,0.0,0.9941681669482255,0.005831832753414541,2.9835986387106877e-10,False
0.7015303825956489,1.425455012083752,42,1,-468.40191669869455,0.0,0.9998199618039152,9.936615844486539e-05,8.067203763986544e-05,False
0.7015303825956489,1.425455012083752,42,2,84.85239492754621,0.0,0.9912904827947435,0.008514691542192114,0.0001948256630643601,True
0.7015041260315078,1.425508365370734,42,0,-296624.43504378595,0.0,0.9941709922005147,0.005829007632876257,1.6660895850111417e-10,False
0.7015041260315078,1.425508365370734,42,1,-386.0156096076744,0.0,0.9997904116486241,0.0001223756559062885,8.721269546946844e-05,False
0.7015041260315078,1.425508365370734,42,2,83.88983085084966,0.0,0.9940132060370407,0.005894826169645162,9.196779331420961e-05,True
0.7014778694673668,1.4255617226517805,42,0,-276444.0356916492,0.0,0.9941656012213984,0.005834398528071446,2.505302153785067e-10,False
0.7014778694673668,1.4255617226517805,42,1,-382.6556951509221,0.0,0.9998294142802485,8.833269851474823e-05,8.225302123682376e-05,False
0.7014778694673668,1.4255617226517805,42,2,79.46723123209921,0.0,0.9931527434336304,0.006713928181816788,0.00013332838455276143,True
0.7014516129032258,1.4256150839273396,42,0,-221111.03427332654,0.0,0.994159369745896,0.0058406298124436306,4.416604693603566e-10,False
0.7014516129032258,1.4256150839273396,42,1,-366.3844028191208,0.0,0.9998529015569386,6.766689137089563e-05,7.943155169043469e-05,False
0.7014516129032258,1.4256150839273396,42,2,76.19918577213497,0.0,0.9927116204625043,0.00712855081016818,0.00015982872732749854,True
0.7014253563390848,1.425668449197861,42,0,-163740.33913425708,0.0,0.9941477551835558,0.005852243827368807,9.890752692506537e-10,False
0.7014253563390848,1.425668449197861,42,1,-341.8313217686178,0.0,0.9998793036217364,4.590969324972156e-05,7.478668501388234e-05,False
0.7014253563390848,1.425668449197861,42,2,73.09383034549188,0.0,0.9906128736739995,0.009125360044661667,0.0002617662813388367,True
0.7013990997749437,1.4257218184637928,42,0,-119237.73679134985,0.0,0.9941349103184508,0.005865087723854738,1.9576944825586568e-09,False
0.7013990997749437,1.4257218184637928,42,1,-342.61601789101127,0.0,0.9998908440882298,3.469363108349857e-05,7.446228068660187e-05,False
0.7013990997749437,1.4257218184637928,42,2,69.9915118689024,0.0,0.9919807486725843,0.007809149429532938,0.0002101018978827618,True
0.7013728432108026,1.425775191725584,42,0,-87944.37988300822,0.0,0.9941461163465131,0.005853881874041735,1.7794450472400051e-09,False
0.7013728432108026,1.425775191725584,42,1,-173.35385327667743,0.0,0.9998419166303634,6.941149368962696e-05,8.867187594692326e-05,False
0.7013728432108026,1.425775191725584,42,2,71.8123013988487,0.0,0.99634198591771,0.0036214865338000113,3.6527548490044315e-05,True
0.7013465866466616,1.4258285689836827,42,0,-66396.06471429023,0.0,0.9941339145439649,0.005866082170711553,3.285323499898088e-09,False
0.7013465866466616,1.4258285689836827,42,1,-146.85041822291817,0.0,0.9998531107434724,5.76209431343853e-05,8.926831339326956e-05,False
0.7013465866466616,1.4258285689836827,42,2,69.93112143185806,0.0,0.9968112888484646,0.0031625019743403335,2.6209177195139335e-05,True
0.7013203300825206,1.4258819502385385,42,0,-51490.791222377615,0.0,0.9940449220683494,0.005955062104737615,1.5826912961815363e-08,False
0.7013203300825206,1.4258819502385385,42,1,-288.30771971337606,0.0,0.9999265859564477,6.781655083256734e-06,6.663238846904133e-05,False
0.7013203300825206,1.4258819502385385,42,2,63.07746866814396,0.0,0.9876959430631349,0.01185574002692383,0.0004483169099412796,True
0.7012940735183796,1.4259353354906,42,0,-41026.73568164543,0.0,0.993910964082342,0.006088985118242893,5.079941511222607e-08,False
0.7012940735183796,1.4259353354906,42,1,-304.63473992689393,0.0,0.9999448151565478,3.812371788231497e-06,5.137247166399641e-05,False
0.7012940735183796,1.4259353354906,42,2,67.57806181214032,0.0,0.508635695510409,0.45913439935385464,0.032229905135736536,True
0.7012678169542386,1.425988724740316,42,0,-33496.51523722781,0.0,0.9937441255986851,0.006255753804995109,1.2059631982333434e-07,False
0.7012678169542386,1.425988724740316,42,1,-383.1662687158652,0.0,0.999915944631513,3.900056021945503e-05,4.505480826750645e-05,False
0.7012678169542386,1.425988724740316,42,2,67.64957173384703,0.0,0.864657205769726,0.12674468437755718,0.008598109852716848,True
0.7012415603900974,1.4260421179881362,42,0,-28031.729081505408,0.0,0.9934893087542429,0.006510414202790893,2.770429662476386e-07,False
0.7012415603900974,1.4260421179881362,42,1,-295.0714900759197,0.0,0.9998821749646604,8.398091637148185e-05,3.384411896813375e-05,False
0.7012415603900974,1.4260421179881362,42,2,92.08011544153861,0.0,0.9949809669525118,0.004629775903838087,0.0003892571436501547,True
0.7012153038259564,1.426095515234509,42,0,-24086.92878586952,0.0,0.9931014978204536,0.00689788042655859,6.217529877848183e-07,False
0.7012153038259564,1.426095515234509,42,1,-291.09102602595135,0.0,0.9997918721463582,0.0001812149558610667,2.6912897780775197e-05,False
0.7012153038259564,1.426095515234509,42,2,107.86704203762133,0.0,0.9967075500571637,0.0030770765451819536,0.000215373397654286,True
0.7011890472618154,1.4261489164798835,42,0,-20769.31984414548,0.0,0.9929077280186991,0.007091417301452992,8.546798478860053e-07,False
0.7011890472618154,1.4261489164798835,42,1,-212.80705580289987,0.0,0.9998303468861274,0.00014600710152459141,2.3646012348093082e-05,False
0.7011890472618154,1.4261489164798835,42,2,129.15869836683387,0.0,0.9980063045549876,0.001850695825461547,0.0001429996195507428,True
0.7011627906976744,1.4262023217247095,42,0,-17775.58668183109,0.0,0.9930740998811882,0.006925203378480821,6.967403309971361e-07,False
0.7011627906976744,1.4262023217247095,42,1,-257.32628363783374,0.0,0.9998750617328738,8.954304634393319e-05,3.539522078228407e-05,False
0.7011627906976744,1.4262023217247095,42,2,75.58545951988945,0.0,0.9931210448234262,0.006339825536142045,0.0005391296404316985,True
0.7011365341335334,1.4262557309694366,42,0,-15389.300929989582,0.0,0.9933426017549528,0.006656940576486254,4.576685609908106e-07,False
0.7011365341335334,1.4262557309694366,42,1,-147.0153754423025,0.0,0.9999438098732212,1.1148678560433089e-05,4.504144821846326e-05,False
0.7011365341335334,1.4262557309694366,42,2,60.68840686831555,0.0,0.9865196493770253,0.012206579897244291,0.0012737707257304367,True
0.7011102775693923,1.4263091442145135,42,0,-13503.359832486896,0.0,0.9936568899373401,0.006342876577396675,2.3348526322516095e-07,False
0.7011102775693923,1.4263091442145135,42,1,-49.575811602787276,0.0,0.9999284195088425,1.0234279712279194e-06,7.055706318634518e-05,False
0.7011102775693923,1.4263091442145135,42,2,49.69877386459934,0.0,0.995343253346287,0.004520154800042793,0.00013659185367027076,True
0.7010840210052512,1.42636256146039,42,0,-11992.96111881799,0.0,0.9941360893602297,0.005863882647407372,2.799236302235704e-08,False
0.7010840210052512,1.42636256146039,42,1,34.607991483715644,0.0,0.9856382824137889,0.01144971343979381,0.0029120041464173385,True
0.7010840210052512,1.42636256146039,42,2,270.80822023141434,0.0,0.999659822984474,0.00026774379445272255,7.243322107326556e-05,True
0.7010577644411102,1.4264159827075154,42,0,-10820.697405797195,0.0,0.9944047774876666,0.005595222387120467,1.252128474170475e-10,False
0.7010577644411102,1.4264159827075154,42,1,32.665125054750185,0.0,0.8670185032151463,0.10800714991516062,0.024974346869693187,True
0.7010577644411102,1.4264159827075154,42,2,469.5244477659627,0.0,0.9993702695557284,0.0005402196042383033,8.951084003317619e-05,True
0.7010315078769692,1.4264694079563391,42,0,-9836.945989833837,0.0,0.9941209194023026,0.00587903744521991,4.315247741723294e-08,False
0.7010315078769692,1.4264694079563391,42,1,32.05913437116253,0.0,0.9885617751307499,0.008966627032727839,0.0024715978365222034,True
0.7010315078769692,1.4264694079563391,42,2,273.38348846636194,0.0,0.9996628795337292,0.0002649562050890741,7.216426118171298e-05,True
0.7010052513128282,1.426522837207311,42,0,-9062.06373073033,0.0,0.9936500241382509,0.006349671460577871,3.044011711868148e-07,False
0.7010052513128282,1.426522837207311,42,1,43.219195443777195,0.0,0.9831868978405536,0.014359734434202742,0.0024533677252435815,True
0.7010052513128282,1.426522837207311,42,2,122.68818246747252,0.0,0.9998785066714448,5.999094244748142e-05,6.150238610768933e-05,True
0.7009789947486872,1.4265762704608815,42,0,-8420.757775887585,0.0,0.9932643137839383,0.0067349983414166275,6.878746450278212e-07,False
0.7009789947486872,1.4265762704608815,42,1,-31.67436682775681,0.0,0.9999239495373227,4.3651160179351917e-07,7.561395107556586e-05,False
0.7009789947486872,1.4265762704608815,42,2,47.81830149435847,0.0,0.997880446201165,0.002088162649697425,3.139114913757944e-05,True
0.7009527381845461,1.4266297077174996,42,0,-7905.817774938013,0.0,0.9927765762139911,0.0072220662632564705,1.3575227524162496e-06,False
0.7009527381845461,1.4266297077174996,42,1,10.32483034287467,0.0,0.9999426419362698,2.921598575129845e-05,2.814207797882625e-05,True
0.7009527381845461,1.4266297077174996,42,2,70.29359635313504,0.0,0.9994655265659816,0.00037544055482635104,0.00015903287919198647,True
0.700926481620405,1.4266831489776153,42,0,-7538.391096773092,0.0,0.9919554865756437,0.00804162104921254,2.8923751437232977e-06,False
0.700926481620405,1.4266831489776153,42,1,-153.88764237987152,0.0,0.9999151150111282,3.893358383965712e-05,4.5951405032106034e-05,False
0.700926481620405,1.4266831489776153,42,2,51.508054976462745,0.0,0.9422983962678445,0.05299399791958647,0.004707605812569072,True
0.700900225056264,1.4267365942416783,42,0,-7176.564038537749,0.0,0.9914066666247543,0.008589138419088191,4.194956157587622e-06,False
0.700900225056264,1.4267365942416783,42,1,-65.3034503634517,0.0,0.9999558527640958,1.4778315800883295e-05,2.9368920103338942e-05,False
0.700900225056264,1.4267365942416783,42,2,83.21407435505583,0.0,0.9987043628607605,0.0011127897142692307,0.00018284742497022823,True
0.700873968492123,1.426790043510139,42,0,-6689.574746674091,0.0,0.9916129484913243,0.00838325239244968,3.79911622605738e-06,False
0.700873968492123,1.426790043510139,42,1,-113.74183520780606,0.0,0.999927810706511,2.8138545003157693e-05,4.405074848577842e-05,False
0.700873968492123,1.426790043510139,42,2,53.38281882911763,0.0,0.9873040294338364,0.011447165370449076,0.0012488051957145025,True
0.700847711927982,1.4268434967834474,42,0,-6258.133005639528,0.0,0.9918991068133902,0.008097671396829641,3.221789780180351e-06,False
0.700847711927982,1.4268434967834474,42,1,-34.10426798502435,0.0,0.9999593109788373,7.174287702506084e-07,3.997159239247357e-05,False
0.700847711927982,1.4268434967834474,42,2,58.15137977382774,0.0,0.9978206428895084,0.0018305056511558244,0.0003488514593357083,True
0.700821455363841,1.4268969540620533,42,0,-5965.076125036283,0.0,0.9916101384590301,0.008385887230908367,3.97431006153015e-06,False
0.700821455363841,1.4268969540620533,42,1,-73.49083270708294,0.0,0.9999427166094434,1.0852874109186268e-05,4.6430516447355354e-05,False
0.700821455363841,1.4268969540620533,42,2,50.74274153324027,0.0,0.9892357879019952,0.00957114079563998,0.0011930713023648439,True
0.7007951987996999,1.4269504153464077,42,0,-5681.956725671924,0.0,0.9914700701149104,0.00852552481444286,4.40507064659199e-06,False
0.7007951987996999,1.4269504153464077,42,1,-45.61201541722042,0.0,0.9999548167650413,3.358761848169738e-06,4.18244731106004e-05,False
0.7007951987996999,1.4269504153464077,42,2,55.554597098738604,0.0,0.9969383781597824,0.002616347346438481,0.00044527449377927713,True
0.7007689422355589,1.4270038806369598,42,0,-5445.395403285968,0.0,0.9911705004743676,0.008824205946418686,5.293579213669931e-06,False
0.7007689422355589,1.4270038806369598,42,1,-65.90030649739607,0.0,0.9999464096403964,9.33424910239961e-06,4.425611050116204e-05,False
0.7007689422355589,1.4270038806369598,42,2,53.10078134074001,0.0,0.9943364598142865,0.004955191621276204,0.0007083485644372576,True
0.7007426856714178,1.4270573499341606,42,0,-5193.804353721217,0.0,0.9911807430983359,0.008813888742527027,5.368159137143173e-06,False
0.7007426856714178,1.4270573499341606,42,1,-47.34616287896757,0.0,0.9999512122564582,4.142989748218669e-06,4.46447537934972e-05,False
0.7007426856714178,1.4270573499341606,42,2,51.42645541362157,0.0,0.9953974670556108,0.003973678668411314,0.0006288542759777001,True
0.7007164291072768,1.4271108232384602,42,0,-4873.903160255783,0.0,0.992018653810018,0.007978020148333797,3.3260416481609387e-06,False
0.7007164291072768,1.4271108232384602,42,1,13.572117881403324,0.0,0.9999433991469563,2.732069315922147e-06,5.386878372781138e-05,True
0.7007164291072768,1.4271108232384602,42,2,44.73674366022458,0.0,0.989880795959452,0.008685921038526681,0.0014332830020212174,True
0.7006901725431358,1.4271643005503094,42,0,-4680.24855589696,0.0,0.9919263239637028,0.00807005514703897,3.620889258248639e-06,False
0.7006901725431358,1.4271643005503094,42,1,21.58956756927505,0.0,0.9999425730264424,7.998630038859295e-06,4.942834351876856e-05,True
0.7006901725431358,1.4271643005503094,42,2,44.98039792267865,0.0,0.9968372103978547,0.0025684574272895225,0.0005943321748558602,True
0.7006639159789947,1.4272177818701586,42,0,-4644.657717344155,0.0,0.9903602328195417,0.009631534884046484,8.232296411933044e-06,False
0.7006639159789947,1.4272177818701586,42,1,-62.81440538464989,0.0,0.9999456712242668,9.127727435706351e-06,4.520104829757125e-05,False
0.7006639159789947,1.4272177818701586,42,2,50.95237114260568,0.0,0.9941206753845624,0.005121159765294579,0.0007581648501429546,True
0.7006376594148537,1.4272712671984582,42,0,-4654.497542750564,0.0,0.9883521708889808,0.011631860383681771,1.5968727337415994e-05,False
0.7006376594148537,1.4272712671984582,42,1,-87.8974943026645,0.0,0.9999316945099126,3.361446879819252e-05,3.469102128917186e-05,False
0.7006376594148537,1.4272712671984582,42,2,67.21340372063321,0.0,0.997721434849634,0.0019832572873944975,0.00029530786297145696,True
0.7006114028507127,1.427324756535659,42,0,-4669.340407741174,0.0,0.9860999074814366,0.013873503845392167,2.6588673171218706e-05,False
0.7006114028507127,1.427324756535659,42,1,-103.16180831826449,0.0,0.9999023363330958,6.78735961510439e-05,2.9790070753217925e-05,False
0.7006114028507127,1.427324756535659,42,2,76.39805890691804,0.0,0.998011188156485,0.0017623834799267368,0.0002264283635883268,True
0.7005851462865716,1.4273782498822118,42,0,-4781.453192341338,0.0,0.982248502549814,0.01770351178380268,4.7985666383260505e-05,False
0.7005851462865716,1.4273782498822118,42,1,-93.8404072952024,0.0,0.9998842882126262,9.449790289051433e-05,2.121388448327293e-05,False
0.7005851462865716,1.4273782498822118,42,2,108.30702432112842,0.0,0.9986516131386921,0.0012140163800597682,0.0001343704812482014,True
0.7005588897224306,1.4274317472385674,42,0,-4975.202778502429,0.0,0.9761401745135398,0.023771889647869537,8.793583859061506e-05,False
0.7005588897224306,1.4274317472385674,42,1,-67.51049922192809,0.0,0.9998984719057727,9.006994329488402e-05,1.145815093232603e-05,False
0.7005588897224306,1.4274317472385674,42,2,169.99590210227336,0.0,0.9989908088872198,0.0009260918702768732,8.309924250323769e-05,True
0.7005326331582895,1.4274852486051768,42,0,-4777.548039066082,0.0,0.9760391387772747,0.023871282852769894,8.957836995550697e-05,False
0.7005326331582895,1.4274852486051768,42,1,-82.98733911433568,0.0,0.9998694784811165,0.00011470675049468027,1.5814768388889227e-05,False
0.7005326331582895,1.4274852486051768,42,2,132.95874549008798,0.0,0.9988022191389072,0.0010944272182006013,0.00010335364289206875,True
0.7005063765941485,1.4275387539824904,42,0,-4226.826880499752,0.0,0.9831814004679652,0.016774720051922938,4.387948011184218e-05,False
0.7005063765941485,1.4275387539824904,42,1,-87.62028052421819,0.0,0.9999147571119734,5.887787075943961e-05,2.6365017267118453e-05,False
0.7005063765941485,1.4275387539824904,42,2,86.85341278102841,0.0,0.9985654634949526,0.001257364850956523,0.00017717165409089319,True
0.7004801200300075,1.42759226337096,42,0,-3806.6622619066766,0.0,0.9878434280502724,0.012137020196010784,1.9551753716878806e-05,False
0.7004801200300075,1.42759226337096,42,1,-74.47545120208942,0.0,0.9999402502507061,1.659987699513567e-05,4.3149872298810396e-05,False
0.7004801200300075,1.42759226337096,42,2,51.41386447165223,0.0,0.9956843663534012,0.0037134299005286385,0.0006022037460702418,True
0.7004538634658665,1.4276457767710358,42,0,-3494.0633269927366,0.0,0.9911663520084132,0.008827126235492236,6.5217560946035865e-06,False
0.7004538634658665,1.4276457767710358,42,1,38.33171101593274,0.0,0.9992416345016957,0.0007572897103704015,1.0757879339593954e-06,True
0.7004538634658665,1.4276457767710358,42,2,50.032109753761745,0.0,0.9999035410942658,5.331685269041716e-06,9.112722046507772e-05,True
0.7004276069017255,1.4276992941831697,42,0,-3278.1665823686762,0.0,0.9937403791060576,0.006258946503895449,6.743900469081996e-07,False
0.7004276069017255,1.4276992941831697,42,1,31.059975659914162,0.0,0.49436478981048415,0.4197455781732706,0.08588963201624526,True
0.7004276069017255,1.4276992941831697,42,2,305.26560856554363,0.0,0.9997306984479105,0.00018458268994972696,8.471886213981047e-05,True
0.7004013503375843,1.4277528156078123,42,0,-3177.222428132686,0.0,0.994490879099005,0.005509057515578113,6.33854169630502e-08,False
0.7004013503375843,1.4277528156078123,42,1,31.513840557768592,0.0,0.8892958091742496,0.09327458586342761,0.01742960496232286,True
0.7004013503375843,1.4277528156078123,42,2,480.1109898608667,0.0,0.9995559287923967,0.000345036087364807,9.903512023845284e-05,True
0.7003750937734433,1.4278063410454156,42,0,-3110.0114532262774,0.0,0.9934192979486892,0.006579502518881252,1.1995324295532967e-06,False
0.7003750937734433,1.4278063410454156,42,1,30.096340364104588,0.0,0.9434568640006256,0.04570718835653132,0.01083594764284314,True
0.7003750937734433,1.4278063410454156,42,2,248.42009023006844,0.0,0.9997697685807073,0.00015017517459131686,8.005624470135858e-05,True
0.7003488372093023,1.4278598704964305,42,0,-3092.228359961641,0.0,0.9918082832429225,0.008186738341516026,4.978415561545792e-06,False
0.7003488372093023,1.4278598704964305,42,1,38.48786276210823,0.0,0.9643983128008414,0.03227146637054658,0.003330220828612014,True
0.7003488372093023,1.4278598704964305,42,2,129.85957225259577,0.0,0.9999025178117494,2.1739070842742107e-05,7.574311740770301e-05,True
0.7003225806451613,1.4279134039613082,42,0,-3077.2010059070935,0.0,0.9903404383225283,0.009649440097068224,1.0121580403452711e-05,False
0.7003225806451613,1.4279134039613082,42,1,24.05783859293733,0.0,0.9999295499787307,5.772209150473996e-07,6.98728003541454e-05,True
0.7003225806451613,1.4279134039613082,42,2,38.688506467833726,0.0,0.9764762320129943,0.021593796675545705,0.001929971311460092,True
0.7002963240810203,1.4279669414405003,42,0,-3097.791310531781,0.0,0.9881244470490063,0.011855533836582006,2.001911441166521e-05,False
0.7002963240810203,1.4279669414405003,42,1,-12.423486037605862,0.0,0.9999556282322456,7.928514460567161e-07,4.357891630839027e-05,False
0.7002963240810203,1.4279669414405003,42,2,49.59569461101653,0.0,0.9983790140782233,0.001259311956575355,0.00036167396520140005,True
0.7002700675168791,1.428020482934459,42,0,-3178.763768243812,0.0,0.9839137116918883,0.016042316706253872,4.397160185779316e-05,False
0.7002700675168791,1.428020482934459,42,1,-81.93224149877955,0.0,0.9999338329429629,2.2853911944901792e-05,4.3313145092301004e-05,False
0.7002700675168791,1.428020482934459,42,2,51.82123228970461,0.0,0.9957173471356945,0.003674248633095165,0.0006084042312103643,True
0.7002438109527381,1.428074028443635,42,0,-3178.862743989503,0.0,0.9814967722087798,0.018443033890060467,6.0193901159712496e-05,False
0.7002438109527381,1.428074028443635,42,1,-79.20632786245712,0.0,0.9999335027842429,2.8389232794259403e-05,3.8107982962870773e-05,False
0.7002438109527381,1.428074028443635,42,2,58.344837329618784,0.0,0.9975338970478026,0.002097872122535543,0.00036823082966186584,True
0.7002175543885971,1.4281275779684806,42,0,-3009.913714148483,0.0,0.984340812788983,0.015616999816492824,4.218739452416713e-05,False
0.7002175543885971,1.4281275779684806,42,1,-67.25682523016349,0.0,0.9999416115754516,1.2866739504755847e-05,4.5521685043740945e-05,False
0.7002175543885971,1.4281275779684806,42,2,49.56777449570298,0.0,0.9957230637957567,0.0036222059486851733,0.0006547302555582562,True
0.7079894973743436,1.412450331125828,110,0,-519.489292762548,0.0,0.9999505734364843,2.4719905392320237e-05,2.4706658123356258e-05,False
0.7079894973743436,1.412450331125828,110,1,37.707345217338634,0.0,0.9999950938373288,4.893839696212665e-06,1.2322975065383839e-08,True
0.7079894973743436,1.412450331125828,110,2,284320.60101038165,0.0,0.9322991751863102,0.06761356335780964,8.726145588012921e-05,True
0.7079632408102026,1.4125027153324892,110,0,-549.4407766276804,0.0,0.9999513855561317,2.4236112223556887e-05,2.4378331644742687e-05,False
0.7079632408102026,1.4125027153324892,110,1,33.810327972890235,0.0,0.9999957559493514,4.243188262054412e-06,8.623864505448404e-10,True
0.7079632408102026,1.4125027153324892,110,2,76969.80221985125,0.0,0.9237026314177578,0.07619544668551698,0.0001019218967253537,True
0.7079369842460614,1.41255510342489,110,0,-549.26902540639,0.0,0.9999525761901885,2.317496319583541e-05,2.4248846615683777e-05,False
0.7079369842460614,1.41255510342489,110,1,30.257296781739996,0.0,0.9999963207903245,3.6683854832205033e-06,1.082419225849209e-08,True
0.7079369842460614,1.41255510342489,110,2,44772.2200165978,0.0,0.9127556265100523,0.08712326212951428,0.0001211113604335095,True
0.7079107276819204,1.4126074954034622,110,0,-573.467397343783,0.0,0.9999525342939497,2.3417572612694334e-05,2.4048133437575823e-05,False
0.7079107276819204,1.4126074954034622,110,1,26.509782369900556,0.0,0.9999967055252184,3.241442846472925e-06,5.303193508711426e-08,True
0.7079107276819204,1.4126074954034622,110,2,31627.743214691214,0.0,0.9014478727908647,0.09841107917208515,0.00014104803705014521,True
0.7078844711177794,1.4126598912686386,110,0,-491.82825178882547,0.0,0.9999587219371648,1.697909103282594e-05,2.429897180235236e-05,False
0.7078844711177794,1.4126598912686386,110,1,25.277852672755895,0.0,0.9999977120991944,2.2815622786518038e-06,6.338526986272935e-09,True
0.7078844711177794,1.4126598912686386,110,2,24819.510164995227,0.0,0.8630476468448556,0.13673689963845498,0.00021545351668950178,True
0.7078582145536384,1.4127122910208516,110,0,-401.7480581479864,0.0,0.9999640656357811,1.127689641945419e-05,2.4657467799476762e-05,False
0.7078582145536384,1.4127122910208516,110,1,23.61374329196733,0.0,0.9999985727920667,1.4184950684468488e-06,8.712864959667211e-09,True
0.7078582145536384,1.4127122910208516,110,2,20615.91426904206,0.0,0.7753155681427346,0.22428641996350285,0.0003980118937625638,True
0.7078319579894974,1.4127646946605337,110,0,-498.1043542010468,0.0,0.9999611915963611,1.4864475727444355e-05,2.3943927911545938e-05,False
0.7078319579894974,1.4127646946605337,110,1,18.318789938933232,0.0,0.9999985152145954,1.4128589166257116e-06,7.192648788373789e-08,True
0.7078319579894974,1.4127646946605337,110,2,17340.377093537852,0.0,0.7730331151744576,0.22656906914867334,0.00039781567686897237,True
0.7078057014253563,1.412817102188118,110,0,-661.5602406325296,0.0,0.9999532083993883,2.3328733935473185e-05,2.3462866676227258e-05,False
0.7078057014253563,1.412817102188118,110,1,13.747274258274153,0.0,0.9999978802970858,1.6113179317577066e-06,5.083849824704252e-07,True
0.7078057014253563,1.412817102188118,110,2,14805.111331665625,0.0,0.8358942814663842,0.16384471825202263,0.00026100028159309997,True
0.7077794448612152,1.4128695136040363,110,0,-815.5061406837175,0.0,0.9999445365900252,3.2089315382963544e-05,2.3374094591840373e-05,False
0.7077794448612152,1.4128695136040363,110,1,10.467132630008907,0.0,0.9999972819329225,1.6718994735101302e-06,1.046167603949223e-06,True
0.7077794448612152,1.4128695136040363,110,2,12904.756335500902,0.0,0.8817317725140698,0.11810080852521865,0.00016741896071158528,True
0.7077531882970742,1.412921928908722,110,0,-982.4730179630363,0.0,0.9999349049048953,4.163409358866017e-05,2.3461001515977405e-05,False
0.7077531882970742,1.412921928908722,110,1,7.956027255914119,0.0,0.9999967333812846,1.6726061032083232e-06,1.5940126122095747e-06,True
0.7077531882970742,1.412921928908722,110,2,11418.248102836671,0.0,0.9161270812504868,0.08377058225301154,0.00010233649650158657,True
0.7077269317329332,1.4129743481026076,110,0,-1213.6841773695232,0.0,0.9999185605359863,5.77356730619283e-05,2.3703790951884633e-05,False
0.7077269317329332,1.4129743481026076,110,1,5.850646401855077,0.0,0.9999958696488541,1.7650613480707715e-06,2.365289797757508e-06,True
0.7077269317329332,1.4129743481026076,110,2,10163.659280180122,0.0,0.9497758984661537,0.050178128610144104,4.5972923702142105e-05,True
0.7077006751687922,1.4130267711861262,110,0,-1478.2118448524689,0.0,0.9999008913382814,7.502508630494372e-05,2.4083575413642786e-05,False
0.7077006751687922,1.4130267711861262,110,1,3.9785098288687797,0.0,0.9999951787507169,1.855141250682202e-06,2.966108032372331e-06,True
0.7077006751687922,1.4130267711861262,110,2,9150.46377611598,0.0,0.9678593546041384,0.03212032549058962,2.031990527191151e-05,True
0.7076744186046511,1.413079198159711,110,0,-1303.0918258729403,0.0,0.9999146371002066,6.146943544889469e-05,2.3893464344520035e-05,False
0.7076744186046511,1.413079198159711,110,1,2.254770459070563,0.0,0.9999959677392836,1.2071120469513467e-06,2.8251486695158046e-06,True
0.7076744186046511,1.413079198159711,110,2,8507.245398014269,0.0,0.9572832929015344,0.04268317902976245,3.352806870308956e-05,True
0.7076481620405101,1.4131316290237943,110,0,-922.8278296161535,0.0,0.9999427350503696,3.386829392423389e-05,2.3396655706184683e-05,False
0.7076481620405101,1.4131316290237943,110,1,-0.6060398127469239,0.0,0.9999974204181643,3.8521817753215815e-07,2.194363658219041e-06,False
0.7076481620405101,1.4131316290237943,110,2,8147.869523942084,0.0,0.8619020055307686,0.1379066404741727,0.00019135399505854086,True
0.707621905476369,1.4131840637788098,110,0,-669.6352513313914,0.0,0.9999608547278622,1.623242676487609e-05,2.2912845372977563e-05,False
0.707621905476369,1.4131840637788098,110,1,-4.047780378368901,0.0,0.9999980986423954,7.951908755568119e-09,1.8934056958499668e-06,False
0.707621905476369,1.4131840637788098,110,2,7896.693259569854,0.0,0.0970328509333889,0.9010358817319113,0.0019312673346998843,True
0.707595648912228,1.4132365024251905,110,0,-474.6436145477466,0.0,0.9999728507174509,4.925772398054084e-06,2.222351015105535e-05,False
0.707595648912228,1.4132365024251905,110,1,-8.613243241144716,0.0,0.9999977041991389,2.800509780856548e-07,2.0157498830169854e-06,False
0.707595648912228,1.4132365024251905,110,2,7773.386044459387,0.0,0.8020596856091486,0.19731724214429203,0.0006230722465594119,True
0.707569392348087,1.413288944963369,110,0,-310.2488450130932,0.0,0.9999792327461692,1.317185710894057e-08,2.075408197361559e-05,False
0.707569392348087,1.413288944963369,110,1,-14.795047051941594,0.0,0.9999945706788025,1.6397181355702319e-06,3.7896030619580875e-06,False
0.707569392348087,1.413288944963369,110,2,7844.235784214191,0.0,0.9589650193366044,0.04084431079313073,0.0001906698702649103,True
0.7075431357839459,1.4133413913937796,110,0,-273.91221449827054,0.0,0.999979984911807,6.236921408684568e-07,1.939139605227822e-05,False
0.7075431357839459,1.4133413913937796,110,1,-17.72439448818857,0.0,0.9999883984338933,2.6925613515153547e-06,8.909004755199922e-06,False
0.7075431357839459,1.4133413913937796,110,2,7734.7936830987155,0.0,0.9754615762184814,0.024402349413095693,0.00013607436842290587,True
0.7075168792198049,1.4133938417168548,110,0,-368.64753496264296,0.0,0.9999794934149274,5.0042222587902563e-08,2.0456542849944577e-05,False
0.7075168792198049,1.4133938417168548,110,1,-18.325832049664466,0.0,0.9999915127986827,2.3302403141556805e-06,6.1569610031288885e-06,False
0.7075168792198049,1.4133938417168548,110,2,7179.696787373025,0.0,0.9661694800002529,0.03366403962422386,0.00016648037552323118,True
0.7074906226556639,1.4134462959330285,110,0,-460.5262843681216,0.0,0.9999772507747269,1.6102087183345165e-06,2.113901655475434e-05,False
0.7074906226556639,1.4134462959330285,110,1,-18.213233954035235,0.0,0.9999923507705886,1.9701264849321504e-06,5.679102926529194e-06,False
0.7074906226556639,1.4134462959330285,110,2,6671.5308324012385,0.0,0.9465071449402673,0.05326643412889957,0.00022642093083316312,True
0.7074643660915229,1.4134987540427335,110,0,-551.8095385539322,0.0,0.9999748175933881,3.6115747013853906e-06,2.157083191037659e-05,False
0.7074643660915229,1.4134987540427335,110,1,-18.905427658491433,0.0,0.9999925125268863,1.9018086798839733e-06,5.585664433828718e-06,False
0.7074643660915229,1.4134987540427335,110,2,6300.844346802421,0.0,0.9261986358834027,0.07351760149481065,0.0002837626217866688,True
0.7074381095273818,1.4135512160464043,110,0,-634.6530387721671,0.0,0.9999712017349497,6.804359740335183e-06,2.1993905310091362e-05,False
0.7074381095273818,1.4135512160464043,110,1,-19.703774867550926,0.0,0.9999925227470997,1.808955442870174e-06,5.668297457385466e-06,False
0.7074381095273818,1.4135512160464043,110,2,5946.354617034967,0.0,0.8779129267558329,0.12167512221546377,0.00041195102870342676,True
0.7074118529632408,1.413603681944474,110,0,-773.5148215660677,0.0,0.9999649295698301,1.2508911760460886e-05,2.2561518409497475e-05,False
0.7074118529632408,1.413603681944474,110,1,-19.710185005655624,0.0,0.9999928620381274,1.5842537829743419e-06,5.553708089671646e-06,False
0.7074118529632408,1.413603681944474,110,2,5594.423406393317,0.0,0.6619254409461235,0.337150814288121,0.0009237447657556704,True
0.7073855963990997,1.413656151737376,110,0,-872.4075312641005,0.0,0.9999598306604963,1.7210511637056526e-05,2.295882786668614e-05,False
0.7073855963990997,1.413656151737376,110,1,-20.65215096601738,0.0,0.9999928466377015,1.5468255217106684e-06,5.606536776905921e-06,False
0.7073855963990997,1.413656151737376,110,2,5317.802807387344,0.0,0.21396548686047193,0.7842062231083481,0.0018282900311799928,True
0.7073593398349587,1.4137086254255444,110,0,-804.8003498977555,0.0,0.9999649256518316,1.2468948581806645e-05,2.2605399586544427e-05,False
0.7073593398349587,1.4137086254255444,110,1,-22.897965557728153,0.0,0.9999908143221957,2.5033890874979706e-06,6.68228871682568e-06,False
0.7073593398349587,1.4137086254255444,110,2,5220.759715644746,0.0,0.7184008679388357,0.28081194789489416,0.0007871841662701104,True
0.7073330832708177,1.4137611030094128,110,0,-725.5004020841287,0.0,0.9999702866191369,7.617559799927677e-06,2.209582106318769e-05,False
0.7073330832708177,1.4137611030094128,110,1,-25.392704773800517,0.0,0.9999876143804995,3.89416783753992e-06,8.491451662892099e-06,False
0.7073330832708177,1.4137611030094128,110,2,5170.179505068438,0.0,0.8968121063993199,0.10283107862091317,0.0003568149797669679,True
0.7073068267066767,1.413813584489415,110,0,-756.770715900822,0.0,0.9999700285896623,7.793596971231774e-06,2.2177813366433255e-05,False
0.7073068267066767,1.413813584489415,110,1,-26.796245033590775,0.0,0.999986534675884,4.478629831252691e-06,8.986694284735712e-06,False
0.7073068267066767,1.413813584489415,110,2,5022.092028546191,0.0,0.8997170125057657,0.09993491121869902,0.00034807627553528714,True
0.7072805701425356,1.413866069865985,110,0,-752.9216962501032,0.0,0.9999706063366244,7.287489137266531e-06,2.210617423827283e-05,False
0.7072805701425356,1.413866069865985,110,1,-28.253760905211923,0.0,0.9999843767340277,5.416271334671731e-06,1.0206994637682748e-05,False
0.7072805701425356,1.413866069865985,110,2,4900.01151759916,0.0,0.9125138575105058,0.08717221733633237,0.0003139251531616725,True
0.7072543135783946,1.4139185591395569,110,0,-774.1559742292313,0.0,0.999970755807443,7.116254915878649e-06,2.2127937641088517e-05,False
0.7072543135783946,1.4139185591395569,110,1,-29.387741056636795,0.0,0.9999826889174365,6.265515583118727e-06,1.1045566980335877e-05,False
0.7072543135783946,1.4139185591395569,110,2,4783.274177148726,0.0,0.9186899472824789,0.08101314940363993,0.000296903313881208,True
0.7072280570142535,1.4139710523105646,110,0,-786.1685850360567,0.0,0.9999707738577035,7.056309751719912e-06,2.2169832544753536e-05,False
0.7072280570142535,1.4139710523105646,110,1,-30.862890851446735,0.0,0.9999810315906383,7.11910314469048e-06,1.1849306217052887e-05,False
0.7072280570142535,1.4139710523105646,110,2,4671.780792344991,0.0,0.9223649290597632,0.07734841954115043,0.0002866513990863504,True
0.7072018004501125,1.4140235493794422,110,0,-714.5669982375161,0.0,0.9999753921933684,3.1432072371738964e-06,2.146459939444307e-05,False
0.7072018004501125,1.4140235493794422,110,1,-32.38034523129925,0.0,0.9999737474391308,9.715298970280278e-06,1.653726189893269e-05,False
0.7072018004501125,1.4140235493794422,110,2,4699.911415285953,0.0,0.9623748935617047,0.03745059565390371,0.0001745107843915263,True
0.7071755438859715,1.4140760503466236,110,0,-672.1420262442247,0.0,0.9999777624219972,1.341244460872767e-06,2.089633354197065e-05,False
0.7071755438859715,1.4140760503466236,110,1,-33.19191832944917,0.0,0.9999650747761336,1.2247330302720906e-05,2.2677893563661964e-05,False
0.7071755438859715,1.4140760503466236,110,2,4707.609572778072,0.0,0.9746483276890683,0.02521516061866632,0.0001365116922653757,True
0.7071492873218305,1.4141285552125435,110,0,-769.1664519696631,0.0,0.9999745126604191,3.752248301768334e-06,2.1735091279153708e-05,False
0.7071492873218305,1.4141285552125435,110,1,-34.63253057680044,0.0,0.9999709208390468,1.1486933443530804e-05,1.7592227509608626e-05,False
0.7071492873218305,1.4141285552125435,110,2,4501.034285406993,0.0,0.959721875594728,0.04009570715114482,0.00018241725412718014,True
0.7071230307576895,1.4141810639776362,110,0,-878.0612736646326,0.0,0.9999687056646496,8.70080990852403e-06,2.259352544189452e-05,False
0.7071230307576895,1.4141810639776362,110,1,-35.13303363887885,0.0,0.9999748283881336,1.0693022093496243e-05,1.447858977299949e-05,False
0.7071230307576895,1.4141810639776362,110,2,4275.0185682226465,0.0,0.9032971346822781,0.09636769428455758,0.0003351710331642406,True
0.7070967741935483,1.414233576642336,110,0,-1027.5487553633977,0.0,0.9999618390495154,1.4737819990967064e-05,2.3423130493622356e-05,False
0.7070967741935483,1.414233576642336,110,1,-35.642836581313105,0.0,0.9999786789472972,9.537983498286577e-06,1.1783069204589546e-05,False
0.7070967741935483,1.414233576642336,110,2,4092.3495672380636,0.0,0.665520832748993,0.3336021373334688,0.0008770299175382187,True
0.7070705176294073,1.4142860932070769,110,0,-1132.0554468799817,0.0,0.9999541998712815,2.1748243634958968e-05,2.405188508357274e-05,False
0.7070705176294073,1.4142860932070769,110,1,-36.133243631888725,0.0,0.9999801174573134,9.04719377302434e-06,1.0835348913505185e-05,False
0.7070705176294073,1.4142860932070769,110,2,3928.787460308382,0.0,0.038686133997176866,0.959476741611285,0.0018371243915380224,True
0.7070442610652663,1.4143386136722935,110,0,-1378.3304485517135,0.0,0.9999395206628003,3.543967849094616e-05,2.5039658708711944e-05,False
0.7070442610652663,1.4143386136722935,110,1,-35.42382429697182,0.0,0.9999836179559562,7.359801759055569e-06,9.02224228467992e-06,False
0.7070442610652663,1.4143386136722935,110,2,3747.82318318012,0.0,0.8853485834019883,0.11453640286191075,0.00011501373610105704,True
0.7070180045011253,1.4143911380384209,110,0,-1525.936829644487,0.0,0.9999293893900174,4.497882915838318e-05,2.56317808241748e-05,False
0.7070180045011253,1.4143911380384209,110,1,-35.969676783921024,0.0,0.9999847705978717,6.796851474866314e-06,8.432550653363114e-06,False
0.7070180045011253,1.4143911380384209,110,2,3624.7162759151734,0.0,0.9500767642328468,0.04989393082845176,2.9304938701536928e-05,True
0.7069917479369843,1.4144436663058932,110,0,-1322.9681764687805,0.0,0.999944046946766,3.097730632241993e-05,2.4975746911674956e-05,False
0.7069917479369843,1.4144436663058932,110,1,-38.355241519369514,0.0,0.9999794382681728,1.023245264230439e-05,1.0329279184874955e-05,False
0.7069917479369843,1.4144436663058932,110,2,3631.130684694586,0.0,0.8151317842442665,0.18464605910156487,0.0002221566541686344,True
0.7069654913728431,1.4144961984751456,110,0,-1030.6513360820309,0.0,0.9999643151714072,1.216537467019046e-05,2.3519453922634262e-05,False
0.7069654913728431,1.4144961984751456,110,1,-41.355220038757814,0.0,0.999966175442443,1.7275033641595606e-05,1.654952391543831e-05,False
0.7069654913728431,1.4144961984751456,110,2,3762.4269492544345,0.0,0.7919212435430535,0.20747885411738268,0.0005999023395638862,True
0.7069392348087021,1.4145487345466123,110,0,-850.2273368400445,0.0,0.9999752475679069,2.7913955135896736e-06,2.196103657952364e-05,False
0.7069392348087021,1.4145487345466123,110,1,-41.50800465790835,0.0,0.9999432381319351,2.58228731292305e-05,3.093899493566227e-05,False
0.7069392348087021,1.4145487345466123,110,2,3939.0298457714143,0.0,0.9664671870645136,0.03336844936695767,0.00016436356852881192,True
0.7069129782445611,1.414601274520728,110,0,-733.1434046775703,0.0,0.999979817766128,4.2651116613445937e-08,2.0139582755356657e-05,False
0.7069129782445611,1.414601274520728,110,1,-38.46202674281144,0.0,0.9998952130806131,3.4047898100318555e-05,7.073902128656913e-05,False
0.7069129782445611,1.414601274520728,110,2,4206.12587869116,0.0,0.9873559330764707,0.012548822039414806,9.524488411446865e-05,True
0.7068867216804201,1.4146538183979285,110,0,-669.0738363505748,0.0,0.9999774192350539,4.4424927222775675e-06,1.813827222383362e-05,False
0.7068867216804201,1.4146538183979285,110,1,-30.42748223622706,0.0,0.9997564383274007,3.165721426734474e-05,0.00021190445833198685,False
0.7068867216804201,1.4146538183979285,110,2,4588.900817122838,0.0,0.9934596131375804,0.006469776836053679,7.061002636596202e-05,True
0.7068604651162791,1.414706366178648,110,0,-655.1054148972212,0.0,0.9999759025870697,6.520677908593478e-06,1.7576735021628464e-05,False
0.7068604651162791,1.414706366178648,110,1,-26.431437250537197,0.0,0.9996152519422838,3.008483025891429e-05,0.0003546632274572138,False
0.7068604651162791,1.414706366178648,110,2,4682.477206638282,0.0,0.9941977078375811,0.005734651683188306,6.764047923059725e-05,True
0.706834208552138,1.4147589178633215,110,0,-747.6677427474691,0.0,0.9999789670850052,1.627936819595638e-06,1.940497817527037e-05,False
0.706834208552138,1.4147589178633215,110,1,-36.96823631696136,0.0,0.9998432505162655,3.794565320917433e-05,0.00011880383052538159,False
0.706834208552138,1.4147589178633215,110,2,4377.865896901533,0.0,0.9912553819914653,0.008663517058924654,8.110094960998592e-05,True
0.706807951987997,1.4148114734523842,110,0,-748.2860945193027,0.0,0.9999797267680763,2.568566339175372e-07,2.0016375289782648e-05,False
0.706807951987997,1.4148114734523842,110,1,-38.345187799880954,0.0,0.9998463673567592,4.632792309272231e-05,0.00010730472014809577,False
0.706807951987997,1.4148114734523842,110,2,4190.42337982255,0.0,0.9880402862160658,0.011864841367283998,9.487241665007449e-05,True
0.7067816954238559,1.4148640329462714,110,0,-849.1076641247133,0.0,0.999978789181501,4.6853724283500626e-08,2.116396477476587e-05,False
0.7067816954238559,1.4148640329462714,110,1,-43.217349773521256,0.0,0.9998963409119604,4.106611931864334e-05,6.25929687209369e-05,False
0.7067816954238559,1.4148640329462714,110,2,4055.7856685359575,0.0,0.9832861362607851,0.01660055263349955,0.00011331110571539702,True
0.7067554388597149,1.414916596345418,110,0,-877.8954806954456,0.0,0.9999772622528345,8.891229984773212e-07,2.184862416706293e-05,False
0.7067554388597149,1.414916596345418,110,1,-44.98806384546293,0.0,0.9999034741908268,4.3092680180304536e-05,5.343312899290936e-05,False
0.7067554388597149,1.414916596345418,110,2,3913.065024180427,0.0,0.9744517676916937,0.025403288416576186,0.00014494389173017115,True
0.7067291822955739,1.4149691636502597,110,0,-1010.6846045020902,0.0,0.9999729127272812,3.97055298355411e-06,2.3116719735305372e-05,False
0.7067291822955739,1.4149691636502597,110,1,-48.02185105318733,0.0,0.9999287668937592,3.741953940125244e-05,3.381356683947657e-05,False
0.7067291822955739,1.4149691636502597,110,2,3753.8384596877636,0.0,0.944033709132169,0.05572704038576044,0.00023925048207045115,True
0.7067029257314328,1.4150217348612315,110,0,-1028.647772033608,0.0,0.9999712767940823,5.26922992650028e-06,2.3453975991212305e-05,False
0.7067029257314328,1.4150217348612315,110,1,-49.23463444909211,0.0,0.9999287234447464,3.869724865565406e-05,3.257930659797283e-05,False
0.7067029257314328,1.4150217348612315,110,2,3694.13552983374,0.0,0.9205210680929258,0.0791717385477222,0.00030719335935208475,True
0.7066766691672918,1.4150743099787686,110,0,-990.5014603085051,0.0,0.9999748624414316,2.280649998239985e-06,2.2856908570158548e-05,False
0.7066766691672918,1.4150743099787686,110,1,-48.434918262019934,0.0,0.9999130234113536,4.4595217119971825e-05,4.2381371526418706e-05,False
0.7066766691672918,1.4150743099787686,110,2,3782.5623972858525,0.0,0.9576701516851,0.04212800788183893,0.00020184043306114763,True
0.7066504126031508,1.415126889003307,110,0,-914.7503118799699,0.0,0.9999770530612896,7.678269120829064e-07,2.2179111798332608e-05,False
0.7066504126031508,1.415126889003307,110,1,-47.155163909386935,0.0,0.9998840935607665,5.4181638577888154e-05,6.172480065574951e-05,False
0.7066504126031508,1.415126889003307,110,2,3856.105085979608,0.0,0.9707560658347567,0.029082287473883344,0.00016164669135994682,True
0.7066241560390097,1.415179471935282,110,0,-998.6646295166697,0.0,0.9999761047484034,1.1649614975808292e-06,2.2730290099090404e-05,False
0.7066241560390097,1.415179471935282,110,1,-49.19927115839105,0.0,0.9999008539416537,5.0040002857223195e-05,4.910605548897269e-05,False
0.7066241560390097,1.415179471935282,110,2,3831.339166349137,0.0,0.9652326134863306,0.03458647246102073,0.00018091405264874415,True
0.7065978994748687,1.4152320587751288,110,0,-912.6371955540556,0.0,0.9999771569379594,6.175865437760901e-07,2.2225475496805377e-05,False
0.7065978994748687,1.4152320587751288,110,1,-47.58587724950514,0.0,0.999866462584993,6.250014896732352e-05,7.103726603965216e-05,False
0.7065978994748687,1.4152320587751288,110,2,3855.5977358606438,0.0,0.9689618337351371,0.030867642829322774,0.0001705234355401788,True
0.7065716429107276,1.4152846495232838,110,0,-1027.8639779621494,0.0,0.9999759996231964,1.0580737274042545e-06,2.294230307618911e-05,False
0.7065716429107276,1.4152846495232838,110,1,-50.146167667233485,0.0,0.9998951873193465,5.411757016677585e-05,5.0695110486775465e-05,False
0.7065716429107276,1.4152846495232838,110,2,3837.097257484131,0.0,0.9619433580580494,0.03786176299974924,0.00019487894220142563,True
0.7065453863465866,1.415337244180182,110,0,-921.1631772437196,0.0,0.999977318444419,3.9153964420699003e-07,2.2290015936765303e-05,False
0.7065453863465866,1.415337244180182,110,1,-48.263465383173674,0.0,0.9998518671321914,6.945389081547537e-05,7.867897699309547e-05,False
0.7065453863465866,1.415337244180182,110,2,3880.323397261159,0.0,0.9681290899748521,0.031694401889388844,0.00017650813575902536,True
0.7065191297824456,1.41538984274626,110,0,-959.9294081625652,0.0,0.9999780819244593,4.075358698330944e-08,2.187732195376257e-05,False
0.7065191297824456,1.41538984274626,110,1,-47.132236294232584,0.0,0.9998450545221634,6.695075142654034e-05,8.799472641011108e-05,False
0.7065191297824456,1.41538984274626,110,2,4035.2306304409103,0.0,0.9790335238708274,0.02082763659977799,0.00013883952939456432,True
0.7064928732183046,1.4154424452219527,110,0,-880.4016589495419,0.0,0.9999784102245167,3.6989400504130456e-07,2.1219881478140983e-05,False
0.7064928732183046,1.4154424452219527,110,1,-43.757372361313095,0.0,0.9997722947279867,8.478350245310066e-05,0.0001429217695601947,False
0.7064928732183046,1.4154424452219527,110,2,4102.207493080669,0.0,0.9815062448340669,0.018362795034657608,0.00013096013127545237,True
0.7064666166541635,1.4154950516076965,110,0,-1015.9686506202075,0.0,0.9999768015414874,3.149516414240799e-07,2.2883506871245125e-05,False
0.7064666166541635,1.4154950516076965,110,1,-50.89758856161019,0.0,0.9998649063638066,6.798799652740576e-05,6.710563966594119e-05,False
0.7064666166541635,1.4154950516076965,110,2,3941.0424165181544,0.0,0.9622785273171317,0.037519556900008626,0.00020191578285969623,True
0.7064403600900224,1.4155476619039278,110,0,-1054.4934462072865,0.0,0.9999737932711967,2.3654324931235875e-06,2.3841296310250693e-05,False
0.7064403600900224,1.4155476619039278,110,1,-53.03436788951355,0.0,0.9998800396284782,6.728542354900842e-05,5.267494797280064e-05,False
0.7064403600900224,1.4155476619039278,110,2,3812.174556069982,0.0,0.9063223386234199,0.09329689941253512,0.0003807619640448704,True
0.7064141035258814,1.4156002761110815,110,0,-1185.3591164858644,0.0,0.9999687338438563,6.202869472669999e-06,2.5063286671040107e-05,False
0.7064141035258814,1.4156002761110815,110,1,-56.26872916251379,0.0,0.9999077257737661,5.74435142180895e-05,3.48307120159068e-05,False
0.7064141035258814,1.4156002761110815,110,2,3717.4571044513978,0.0,0.6253594381044957,0.37351351487080525,0.0011270470246991671,True
0.7063878469617404,1.415652894229595,110,0,-1282.6973174919228,0.0,0.9999612654364982,1.259070685870171e-05,2.6143856643134382e-05,False
0.7063878469617404,1.415652894229595,110,1,-57.36400535133105,0.0,0.9999210224757797,5.221420011337127e-05,2.6763324106859932e-05,False
0.7063878469617404,1.415652894229595,110,2,3622.560315728826,0.0,0.3436250099378205,0.6550461079121778,0.0013288821500016938,True
0.7063615903975994,1.4157055162599037,110,0,-1496.0031545180505,0.0,0.999946004728058,2.6247610724238737e-05,2.774766121788029e-05,False
0.7063615903975994,1.4157055162599037,110,1,-58.34972704126039,0.0,0.9999406615242021,4.156698352649747e-05,1.777149227125284e-05,False
0.7063615903975994,1.4157055162599037,110,2,3511.8966783255137,0.0,0.9273924635059928,0.07253829116330626,6.924533070097362e-05,True
0.7063353338334584,1.415758142202444,110,0,-1549.7392090393594,0.0,0.9999427825546923,2.9062589554726192e-05,2.8154855753019457e-05,False
0.7063353338334584,1.415758142202444,110,1,-58.81888932382073,0.0,0.999942153669038,4.117391345736421e-05,1.6672417504630957e-05,False
0.7063353338334584,1.415758142202444,110,2,3503.4309524610494,0.0,0.9452185361337196,0.05473784258246435,4.362128381604187e-05,True
0.7063090772693172,1.4158107720576525,110,0,-1285.034778932502,0.0,0.9999613369609619,1.2171709324757262e-05,2.6491329713319145e-05,False
0.7063090772693172,1.4158107720576525,110,1,-58.86625222611263,0.0,0.9999117371115818,5.9937798455012196e-05,2.832508996322451e-05,False
0.7063090772693172,1.4158107720576525,110,2,3655.5229910677313,0.0,0.5735212904629283,0.4256620906819857,0.0008166188550859429,True
0.7062828207051762,1.4158634058259647,110,0,-1095.8324568472278,0.0,0.9999740383641925,1.5576539666801137e-06,2.4403981840802065e-05,False
0.7062828207051762,1.4158634058259647,110,1,-55.73426139015329,0.0,0.9998562805447417,8.52133622000874e-05,5.8506093058137326e-05,False
0.7062828207051762,1.4158634058259647,110,2,3916.0190660303483,0.0,0.832808005157718,0.1665585330298966,0.0006334618123853895,True
0.7062565641410352,1.415916043507818,110,0,-983.9851639920645,0.0,0.9999770950508802,4.5414695971624826e-07,2.2450802160121527e-05,False
0.7062565641410352,1.415916043507818,110,1,-48.40059838976208,0.0,0.9997539256157049,0.00011165114798731625,0.0001344232363078199,False
0.7062565641410352,1.415916043507818,110,2,4226.700206735145,0.0,0.9611395099033255,0.03863464241661687,0.0002258476800576577,True
0.7062303075768942,1.4159686851036484,110,0,-924.8142726469592,0.0,0.9999720737327441,7.5755403083751905e-06,2.0350726947507466e-05,False
0.7062303075768942,1.4159686851036484,110,1,-36.58163540848537,0.0,0.9994798476268082,0.00012058306928686378,0.0003995693039049939,False
0.7062303075768942,1.4159686851036484,110,2,4674.0690611440405,0.0,0.9841610108892646,0.01570505656512841,0.00013393254560702773,True
0.7062040510127532,1.4160213306138925,110,0,-939.9450953018369,0.0,0.9999624726195614,1.853644330064356e-05,1.8990937137976984e-05,False
0.7062040510127532,1.4160213306138925,110,1,-25.470204964973053,0.0,0.9990078492729089,7.079275948685358e-05,0.000921357967604289,False
0.7062040510127532,1.4160213306138925,110,2,5134.540677036294,0.0,0.9899259739895381,0.009966719545556392,0.00010730646490549404,True
0.7061777944486122,1.4160739800389872,110,0,-932.1567974428541,0.0,0.9999639685607548,1.678714095464321e-05,1.9244298290584078e-05,False
0.7061777944486122,1.4160739800389872,110,1,-26.85095926014419,0.0,0.9990099683534985,8.948330724589154e-05,0.0009005483392556385,False
0.7061777944486122,1.4160739800389872,110,2,5149.390970798502,0.0,0.9882340697404909,0.011648483755700908,0.00011744650380818011,True
0.706151537884471,1.4161266333793692,110,0,-962.7975019019375,0.0,0.9999715264319775,7.622723883768502e-06,2.0850844138767477e-05,False
0.706151537884471,1.4161266333793692,110,1,-38.67091902171324,0.0,0.9995370390345182,0.00012027716354503827,0.00034268380193676866,False
0.706151537884471,1.4161266333793692,110,2,4903.576943615383,0.0,0.978498773530506,0.021335605641683585,0.00016562082781053017,True
0.70612528132033,1.4161792906354749,110,0,-952.0030182930944,0.0,0.9999742068284265,4.245116389808533e-06,2.1548055183583957e-05,False
0.70612528132033,1.4161792906354749,110,1,-41.52888519647807,0.0,0.9995795276282099,0.00013919206901219505,0.00028128030277791403,False
0.70612528132033,1.4161792906354749,110,2,4823.263823130802,0.0,0.9658349500655604,0.03394165112385607,0.00022339881058350316,True
0.706099024756189,1.416231951807741,110,0,-1015.8229052970456,0.0,0.9999756003725426,1.682604599603988e-06,2.2717022857744458e-05,False
0.706099024756189,1.416231951807741,110,1,-48.25215339784143,0.0,0.9997219523263657,0.00012153534052467516,0.00015651233310956904,False
0.706099024756189,1.416231951807741,110,2,4766.734418481635,0.0,0.9375566504235838,0.0621032128493444,0.00034013672707169386,True
0.706072768192048,1.4162846168966048,110,0,-1022.6410453200363,0.0,0.9999761699700598,1.5218821399456326e-07,2.367784172612745e-05,False
0.706072768192048,1.4162846168966048,110,1,-51.33053544824107,0.0,0.9997574050609913,0.00012358005622248907,0.00011901488278611661,False
0.706072768192048,1.4162846168966048,110,2,4688.8128427681995,0.0,0.8349215646886351,0.1643631118261903,0.000715323485174687,True
0.706046511627907,1.4163372859025032,110,0,-1131.84115742463,0.0,0.9999741561686822,5.782504587779379e-07,2.5265580858951324e-05,False
0.706046511627907,1.4163372859025032,110,1,-56.90852993938554,0.0,0.9998352058816414,0.00010000020706919011,6.479391128936203e-05,False
0.706046511627907,1.4163372859025032,110,2,4615.0267908793385,0.0,0.14131073816008807,0.8559357830458482,0.002753478794063795,True
0.7060202550637659,1.4163899588258737,110,0,-1083.1607405885577,0.0,0.9999747018689851,2.7623547562841347e-07,2.5021895539308186e-05,False
0.7060202550637659,1.4163899588258737,110,1,-55.79975030120184,0.0,0.9998107991549581,0.00011148427800208704,7.771656703981593e-05,False
0.7060202550637659,1.4163899588258737,110,2,4721.535460762803,0.0,0.12746407702009854,0.8696961276207242,0.002839795359177276,True
0.7059939984996249,1.416442635667152,110,0,-1063.788592441335,0.0,0.999975595928872,2.1418192539430463e-07,2.4189889202521573e-05,False
0.7059939984996249,1.416442635667152,110,1,-52.615455582943014,0.0,0.9997721847880645,0.00012179328945804596,0.00010602192247745943,False
0.7059939984996249,1.416442635667152,110,2,4958.950474392469,0.0,0.6346414600322631,0.36393016056158656,0.0014283794061503666,True
0.7059677419354838,1.4164953164267764,110,0,-1027.8428834054378,0.0,0.999975526799746,5.264779852225882e-07,2.3946722268814626e-05,False
0.7059677419354838,1.4164953164267764,110,1,-51.412986486677745,0.0,0.9997392423598621,0.00013344707072449546,0.00012731056941334677,False
0.7059677419354838,1.4164953164267764,110,2,5100.2137935197725,0.0,0.6188302192137725,0.3796630427367209,0.0015067380495066335,True
0.7059414853713428,1.416548001105184,110,0,-1053.9757854200132,0.0,0.9999753151270107,4.0677687855971355e-07,2.4278096110885364e-05,False
0.7059414853713428,1.416548001105184,110,1,-52.318091720635685,0.0,0.9997584957951781,0.00012829378715079897,0.00011321041767104156,False
0.7059414853713428,1.416548001105184,110,2,5203.8560252511115,0.0,0.39578124055311803,0.6019736692178647,0.0022450902290173038,True
0.7059152288072018,1.4166006897028114,110,0,-1041.5520952427066,0.0,0.9999751673000584,5.805901794594849e-07,2.4252109761985475e-05,False
0.7059152288072018,1.4166006897028114,110,1,-51.73611309680792,0.0,0.9997442774841235,0.00013407967426340154,0.00012164284161305556,False
0.7059152288072018,1.4166006897028114,110,2,5344.864635760716,0.0,0.2528735005252087,0.7444083504005629,0.002718149074228553,True
0.7058889722430608,1.4166533822200966,110,0,-1045.5714350776336,0.0,0.9999750517446844,4.221010051690608e-07,2.452615431043006e-05,False
0.7058889722430608,1.4166533822200966,110,1,-52.24587212405631,0.0,0.9997516323577045,0.00013360753382395563,0.00011476010847156393,False
0.7058889722430608,1.4166533822200966,110,2,5463.022586711224,0.0,0.006473727431593732,0.9901589173837666,0.0033673551846396138,True
0.7058627156789197,1.4167060786574772,110,0,-1030.8715536285865,0.0,0.9999743115706361,1.6818573231407636e-06,2.400657204068466e-05,False
0.7058627156789197,1.4167060786574772,110,1,-50.13563086640553,0.0,0.9997149542380067,0.00014132415269822322,0.00014372160929511133,False
0.7058627156789197,1.4167060786574772,110,2,5712.986032292778,0.0,0.1501630096496371,0.846716055474875,0.003120934875487784,True
0.7058364591147787,1.41675877901539,110,0,-993.0087207356949,0.0,0.9999716029591222,5.466585169211006e-06,2.29304557085799e-05,False
0.7058364591147787,1.41675877901539,110,1,-44.00230223347681,0.0,0.999590455116357,0.0001621426268681773,0.00024740225677486567,False
0.7058364591147787,1.41675877901539,110,2,6060.6537431188635,0.0,0.5606367466551192,0.4375066121579914,0.0018566411868894612,True
0.7058102025506376,1.4168114832942726,110,0,-1009.6556080835604,0.0,0.9999728131571036,3.549766879246589e-06,2.3637076017214737e-05,False
0.7058102025506376,1.4168114832942726,110,1,-47.32631639387924,0.0,0.9996626791879215,0.00015249438733143348,0.0001848264247469964,False
0.7058102025506376,1.4168114832942726,110,2,6164.141293089567,0.0,0.04895274151231607,0.9475383355704347,0.003508922917249233,True
0.7057839459864966,1.4168641914945632,110,0,-1056.3881216917505,0.0,0.9999743939208264,2.844943863757912e-07,2.5321584787139787e-05,False
0.7057839459864966,1.4168641914945632,110,1,-53.16802509227186,0.0,0.9997681594352116,0.0001316339317259825,0.00010020663306251293,False
0.7057839459864966,1.4168641914945632,110,2,6137.630845689068,0.0,0.6979091253996754,0.3012764971848249,0.0008143774154996974,True
0.7057576894223556,1.4169169036166989,110,0,-1119.2977713980467,0.0,0.9999725667893195,5.178324675706401e-07,2.6915378213004103e-05,False
0.7057576894223556,1.4169169036166989,110,1,-56.81742558809892,0.0,0.9998268471864385,0.00011175253452481354,6.140027903662217e-05,False
0.7057576894223556,1.4169169036166989,110,2,6169.5300146296095,0.0,0.9029071882186419,0.0969027011727168,0.0001901106086414129,True
0.7057314328582145,1.416969619661118,110,0,-1195.9214820456914,0.0,0.99996798567936,3.5787333163773327e-06,2.8435587323639994e-05,False
0.7057314328582145,1.416969619661118,110,1,-59.216028272596425,0.0,0.9998649056500154,9.437712864585972e-05,4.071722133860582e-05,False
0.7057314328582145,1.416969619661118,110,2,6247.181995972781,0.0,0.9507271536408298,0.04920334292885059,6.950343031942022e-05,True
0.7057051762940735,1.4170223396282575,110,0,-1323.0479638316663,0.0,0.999956295713496,1.321484378292729e-05,3.0489442721157154e-05,False
0.7057051762940735,1.4170223396282575,110,1,-59.86710948958675,0.0,0.9998985291609502,7.562435004643423e-05,2.5846489003209832e-05,False
0.7057051762940735,1.4170223396282575,110,2,6305.802585446707,0.0,0.9739078075161495,0.0260704807836316,2.1711700218939732e-05,True
0.7056789197299325,1.417075063518556,110,0,-1519.2628236283153,0.0,0.9999366134654192,3.064370506233403e-05,3.274282951847569e-05,False
0.7056789197299325,1.417075063518556,110,1,-59.68361349804597,0.0,0.999925916076513,5.7462572863438455e-05,1.6621350623415375e-05,False
0.7056789197299325,1.417075063518556,110,2,6402.585413488933,0.0,0.9837572901602011,0.016235986461900085,6.7233778988133625e-06,True
0.7056526631657914,1.417127791332451,110,0,-1393.1121719065013,0.0,0.9999470157487184,2.1085921902835588e-05,3.189832937877361e-05,False
0.7056526631657914,1.417127791332451,110,1,-59.528599924580526,0.0,0.9999117960835298,6.766548865185303e-05,2.0538427818298022e-05,False
0.7056526631657914,1.417127791332451,110,2,6708.213694445714,0.0,0.9811785639637602,0.01881075533132401,1.0680704915620461e-05,True
0.7056264066016504,1.417180523070381,110,0,-1157.268736604455,0.0,0.999968527039697,2.639929150672208e-06,2.8833031152345328e-05,False
0.7056264066016504,1.417180523070381,110,1,-57.92995165030351,0.0,0.9998560174367719,0.00010158015115008233,4.240241207804211e-05,False
0.7056264066016504,1.417180523070381,110,2,7260.786534679072,0.0,0.9653312043844277,0.03462683533851446,4.196027705780011e-05,True
0.7056001500375093,1.4172332587327832,110,0,-1011.5981897481727,0.0,0.9999731522624934,8.516847763783051e-07,2.5996052730267974e-05,False
0.7056001500375093,1.4172332587327832,110,1,-51.49137183714679,0.0,0.9997479423058259,0.00014648051723281546,0.00010557717694137198,False
0.7056001500375093,1.4172332587327832,110,2,7932.9813282503255,0.0,0.9347086333408818,0.06516825129060208,0.000123115368516062,True
0.7055738934733683,1.4172859983200965,110,0,-962.0192520888352,0.0,0.9999660031653288,1.0469732696722226e-05,2.3527101974436264e-05,False
0.7055738934733683,1.4172859983200965,110,1,-41.34491551087125,0.0,0.9995211537474008,0.00018594970247485314,0.00029289655012428343,False
0.7055738934733683,1.4172859983200965,110,2,8747.762016501138,0.0,0.8674225312989317,0.13223724342995985,0.0003402252711085049,True
0.7055476369092273,1.4173387418327583,110,0,-996.5228037070206,0.0,0.9999464723192293,3.229018052848993e-05,2.1237500242113192e-05,False
0.7055476369092273,1.4173387418327583,110,1,-27.584464345150405,0.0,0.9988543011669926,0.00014999112659170685,0.0009957077064156454,False
0.7055476369092273,1.4173387418327583,110,2,9821.402167425937,0.0,0.6386790216814471,0.36010737092833217,0.0012136073902207847,True
0.7055213803450863,1.4173914892712076,110,0,-1016.0705008029838,0.0,0.9999351251541694,4.446909616651867e-05,2.0405749664070162e-05,False
0.7055213803450863,1.4173914892712076,110,1,-19.60576499983273,0.0,0.9978221851851536,9.068198958890784e-05,0.002087132825257394,False
0.7055213803450863,1.4173914892712076,110,2,10687.576726174166,0.0,0.5936914618950278,0.4048846484067112,0.001423889698261044,True
0.7054951237809453,1.4174442406358827,110,0,-971.9851520527177,0.0,0.9999486360214447,2.9635771675723897e-05,2.1728206879708866e-05,False
0.7054951237809453,1.4174442406358827,110,1,-29.256703795333674,0.0,0.998985330666518,0.00016155344276241003,0.0008531158907196888,False
0.7054951237809453,1.4174442406358827,110,2,10963.330397841002,0.0,0.8668578102712273,0.1327773659617431,0.00036482376702952547,True
0.7054688672168041,1.417496995927222,110,0,-955.4123560690343,0.0,0.9999602523392732,1.6384395637679937e-05,2.3363265089071255e-05,False
0.7054688672168041,1.417496995927222,110,1,-37.40273514027064,0.0,0.9994694282471389,0.0001715600692360222,0.00035901168362506883,False
0.7054688672168041,1.417496995927222,110,2,11297.140696628596,0.0,0.937254631826112,0.06261472557745817,0.00013064259642973239,True
0.7054426106526631,1.4175497551456633,110,0,-903.7079188825531,0.0,0.9999653130723203,1.0518992550360972e-05,2.4167935129400585e-05,False
0.7054426106526631,1.4175497551456633,110,1,-39.764450313151166,0.0,0.9995108952771098,0.00018795868981822677,0.00030114603307191377,False
0.7054426106526631,1.4175497551456633,110,2,11863.981379211798,0.0,0.9574072366550151,0.04252010800865687,7.26553363278508e-05,True
0.7054163540885221,1.4176025182916454,110,0,-982.6772053916394,0.0,0.9999697450848228,4.1250460546947134e-06,2.6129869122501134e-05,False
0.7054163540885221,1.4176025182916454,110,1,-46.98694726461736,0.0,0.9997472288918943,0.00013480374505684458,0.00011796736304889126,False
0.7054163540885221,1.4176025182916454,110,2,12470.348057659985,0.0,0.9702793014460951,0.029681328804369,3.936974953584427e-05,True
0.7053900975243811,1.4176552853656073,110,0,-935.0893437571831,0.0,0.9999719738143716,4.529890707324928e-07,2.7573196557626768e-05,False
0.7053900975243811,1.4176552853656073,110,1,-48.68846134719606,0.0,0.99977895168519,0.00013160246608997375,8.944584872001532e-05,False
0.7053900975243811,1.4176552853656073,110,2,13147.28701464567,0.0,0.9779433785031636,0.022034548734194075,2.2072762642345392e-05,True
0.7053638409602401,1.4177080563679871,110,0,-1044.9952833931138,0.0,0.9999704821970341,1.3670984787942048e-07,2.9381093118103593e-05,False
0.7053638409602401,1.4177080563679871,110,1,-51.73474603315939,0.0,0.9998534109388388,9.855709771192773e-05,4.80319634492216e-05,False
0.7053638409602401,1.4177080563679871,110,2,14031.987014254366,0.0,0.9818008529080587,0.01818462041928059,1.452667266069923e-05,True
0.705337584396099,1.4177608312992245,110,0,-937.4498550103082,0.0,0.9999715034524962,3.9556973300718186e-07,2.8100977770841257e-05,False
0.705337584396099,1.4177608312992245,110,1,-48.3677166420773,0.0,0.9997993622379759,0.0001222080676064525,7.842969441771906e-05,False
0.705337584396099,1.4177608312992245,110,2,15391.059409747742,0.0,0.9814129077077774,0.018571355603200362,1.5736689022206664e-05,True
0.7053113278319579,1.4178136101597567,110,0,-925.4547558348232,0.0,0.9999704303959898,2.2229891036365433e-06,2.7346614906581784e-05,False
0.7053113278319579,1.4178136101597567,110,1,-46.32265225042497,0.0,0.999774044275574,0.00012823423492320997,9.772148950267737e-05,False
0.7053113278319579,1.4178136101597567,110,2,16979.295057409206,0.0,0.9814193362074735,0.0185645127698994,1.615102262718483e-05,True
0.7052850712678169,1.4178663929500237,110,0,-913.3593642289817,0.0,0.9999705506864102,1.717183236613678e-06,2.7732130353221992e-05,False
0.7052850712678169,1.4178663929500237,110,1,-46.29257097954468,0.0,0.999785046248839,0.00012428437247116055,9.06693786898704e-05,False
0.7052850712678169,1.4178663929500237,110,2,18616.60944989044,0.0,0.9830725899784957,0.016914233424057047,1.3176597447226886e-05,True
0.7052588147036759,1.4179191796704642,110,0,-900.2885243436796,0.0,0.9999703669419304,1.7243068396748962e-06,2.7908751229959635e-05,False
0.7052588147036759,1.4179191796704642,110,1,-45.72348783525407,0.0,0.9997880786973857,0.00012251943009699675,8.940187251721445e-05,False
0.7052588147036759,1.4179191796704642,110,2,20586.29715725014,0.0,0.9842398115748294,0.015748959996675915,1.1228428494623952e-05,True
0.7052325581395349,1.4179719703215168,110,0,-893.9537593288769,0.0,0.9999703498525925,1.3767405160873038e-06,2.827340689153177e-05,False
0.7052325581395349,1.4179719703215168,110,1,-45.329064118145844,0.0,0.9997989122614712,0.00011805947197239312,8.302826655639958e-05,False
0.7052325581395349,1.4179719703215168,110,2,22908.39985609407,0.0,0.9853688717276808,0.014621733969644278,9.394302674975412e-06,True
0.7052063015753938,1.4180247649036213,110,0,-881.29893684209,0.0,0.999970129916789,1.382754104966438e-06,2.8487329106034166e-05,False
0.7052063015753938,1.4180247649036213,110,1,-45.16231014928361,0.0,0.9998053952591518,0.00011460435842865892,8.000038241946894e-05,False
0.7052063015753938,1.4180247649036213,110,2,25740.406849376614,0.0,0.9862222078827955,0.013769693623573184,8.098493631449082e-06,True
0.7051800450112528,1.418077563417216,110,0,-840.9832698246116,0.0,0.9999666323276392,6.4136781260370236e-06,2.695399423483274e-05,False
0.7051800450112528,1.418077563417216,110,1,-40.796196524578384,0.0,0.9997279626207971,0.00013385865077715462,0.0001381787284257432,False
0.7051800450112528,1.418077563417216,110,2,29573.319505717904,0.0,0.9861898237610436,0.013801810615766439,8.36562318994201e-06,True
0.7051537884471117,1.4181303658627404,110,0,-808.9174908256132,0.0,0.9999646771477676,8.820964615813675e-06,2.6501887616557287e-05,False
0.7051537884471117,1.4181303658627404,110,1,-38.45922913401875,0.0,0.9996776832694549,0.00014333364838746011,0.00017898308215747496,False
0.7051537884471117,1.4181303658627404,110,2,34073.99376673201,0.0,0.9867851742803643,0.013207318846830522,7.506872805099283e-06,True
0.7051275318829707,1.4181831722406335,110,0,-848.5164578200387,0.0,0.9999692655521525,1.8130907554314537e-06,2.892135709215088e-05,False
0.7051275318829707,1.4181831722406335,110,1,-43.128374326372416,0.0,0.9998166807424375,0.00010652065656719421,7.679860099526555e-05,False
0.7051275318829707,1.4181831722406335,110,2,39024.75043673315,0.0,0.9881310175967447,0.011863554780814897,5.427622440439391e-06,True
0.7051012753188297,1.418235982551335,110,0,-884.1550672225516,0.0,0.9999681836467231,3.04049603538065e-07,3.1512303673426946e-05,False
0.7051012753188297,1.418235982551335,110,1,-44.37679747385723,0.0,0.9998759370686702,8.258417245498125e-05,4.1478758874857056e-05,False
0.7051012753188297,1.418235982551335,110,2,45275.15740153777,0.0,0.9891416696620237,0.010854301365066078,4.028972910248332e-06,True
0.7050750187546886,1.4182887967952846,110,0,-973.6511636602152,0.0,0.9999609907648644,5.005261815039744e-06,3.400397332060244e-05,False
0.7050750187546886,1.4182887967952846,110,1,-44.36183827904091,0.0,0.9999140612494628,6.175197089319804e-05,2.4186779643973132e-05,False
0.7050750187546886,1.4182887967952846,110,2,53507.141075549516,0.0,0.9897971612972601,0.010199619507391035,3.21919534893667e-06,True
0.7050487621905476,1.4183416149729209,110,0,-1078.0668365783727,0.0,0.9999447182303723,1.8516723833616336e-05,3.676504579404874e-05,False
0.7050487621905476,1.4183416149729209,110,1,-42.42211796291685,0.0,0.9999376429405875,4.641931745318098e-05,1.5937741959283716e-05,False
0.7050487621905476,1.4183416149729209,110,2,64400.085064475454,0.0,0.9903120379115589,0.009685327879479998,2.63420896121278e-06,True
0.7050225056264066,1.4183944370846835,110,0,-1331.9106630156361,0.0,0.9999029740198753,5.619542738371016e-05,4.0830552741083556e-05,False
0.7050225056264066,1.4183944370846835,110,1,-38.68607703308689,0.0,0.999960225423774,2.9733407106800976e-05,1.0041169119141877e-05,False
0.7050225056264066,1.4183944370846835,110,2,79086.71605880019,0.0,0.9907630349543475,0.009234809418715153,2.1556269374464185e-06,True
0.7049962490622655,1.4184472631310123,110,0,-1383.013515988639,0.0,0.9998847305633021,7.298052550547428e-05,4.228891119243768e-05,False
0.7049962490622655,1.4184472631310123,110,1,-36.97694042239083,0.0,0.9999651494839241,2.574585091016785e-05,9.104665165769383e-06,False
0.7049962490622655,1.4184472631310123,110,2,101096.84806319745,0.0,0.9908912774643777,0.009106665512813904,2.057022808375205e-06,True
0.7049699924981245,1.4185000931123466,110,0,-1110.1421576106422,0.0,0.9999327139386499,2.8453457689557522e-05,3.883260366063402e-05,False
0.7049699924981245,1.4185000931123466,110,1,-38.8083261594584,0.0,0.9999498044544555,3.768789483119868e-05,1.2507650713382817e-05,False
0.7049699924981245,1.4185000931123466,110,2,137284.9973692469,0.0,0.990761293354428,0.009236456494932134,2.2501506398927793e-06,True
0.7049437359339834,1.4185529270291268,110,0,-822.3152983523842,0.0,0.9999635649276103,2.272886461554496e-06,3.4162185928032216e-05,False
0.7049437359339834,1.4185529270291268,110,1,-40.28166835604434,0.0,0.9999086156601621,6.380324276300813e-05,2.7581097074858432e-05,False
0.7049437359339834,1.4185529270291268,110,2,198702.21734739875,0.0,0.9907017184684879,0.009295919510242305,2.3620212697451505e-06,True
0.7049174793698424,1.4186057648817918,110,0,-713.3998157948375,0.0,0.9999675402750955,2.039936820801707e-06,3.0419788083716488e-05,False
0.7049174793698424,1.4186057648817918,110,1,-37.41474730377217,0.0,0.9998368001533664,9.35705032609054e-05,6.962934337280395e-05,False
0.7049174793698424,1.4186057648817918,110,2,310869.6583623628,0.0,0.9907572650702251,0.009240403656919043,2.3312728559205308e-06,True
0.7048912228057014,1.4186586066707818,110,0,-658.6141607730312,0.0,0.999952857171094,2.083354051419998e-05,2.630928839187212e-05,False
0.7048912228057014,1.4186586066707818,110,1,-28.74781510566193,0.0,0.9995152539620619,0.0001357932313278949,0.00034895280661031156,False
0.7048912228057014,1.4186586066707818,110,2,545529.7284457809,0.0,0.9908517177323701,0.009146033952630575,2.2483149993165278e-06,True
0.7048649662415604,1.4187114523965367,110,0,-702.0759775298578,0.0,0.9999280656025434,4.819540389666717e-05,2.3738993559959995e-05,False
0.7048649662415604,1.4187114523965367,110,1,-17.839758050304365,0.0,0.998052449856526,9.083588808543743e-05,0.001856714255388661,False
0.7048649662415604,1.4187114523965367,110,2,1115003.661186313,0.0,0.9909720106595568,0.009025859174154856,2.1301662884111134e-06,True
0.7048387096774194,1.4187643020594969,110,0,-663.7021146972621,0.0,0.9999347825502483,4.0755704762543895e-05,2.4461744989167875e-05,False
0.7048387096774194,1.4187643020594969,110,1,-19.95881516921919,0.0,0.9986315872260436,0.00010851826529372738,0.0012598945086626672,False
0.7048387096774194,1.4187643020594969,110,2,2525019.225281802,0.0,0.9910847004883917,0.008913281909292067,2.017602316215936e-06,True
0.7048124531132783,1.4188171556601012,110,0,-622.0066717521195,0.0,0.9999557134731064,1.667082956469743e-05,2.7615697328913904e-05,False
0.7048124531132783,1.4188171556601012,110,1,-29.25189410262111,0.0,0.9996677949478516,0.00010772405244317587,0.000224480999705147,False
0.7048124531132783,1.4188171556601012,110,2,3229981.5758252256,0.0,0.9911497591784376,0.008848284380870017,1.956440692428328e-06,True
0.7047861965491372,1.418870013198791,110,0,-572.5788985631943,0.0,0.999963602502114,6.880492896683985e-06,2.9517004989281278e-05,False
0.7047861965491372,1.418870013198791,110,1,-30.884496165616206,0.0,0.9997643508219507,0.0001007204217984283,0.00013492875625088386,False
0.7047861965491372,1.418870013198791,110,2,1507955.9358751525,0.0,0.9911741415576335,0.008823920980073976,1.937462292575216e-06,True
0.7047599399849962,1.4189228746760056,110,0,-634.407615469408,0.0,0.999966237912526,1.5665265219325218e-06,3.219556095201271e-05,False
0.7047599399849962,1.4189228746760056,110,1,-33.47806315964811,0.0,0.9998801660953979,6.836579088737305e-05,5.1468113714713856e-05,False
0.7047599399849962,1.4189228746760056,110,2,690595.2790289887,0.0,0.9911782563233177,0.008819806203880728,1.9374728016759255e-06,True
0.7047336834208552,1.4189757400921856,110,0,-640.1015038996505,0.0,0.999964673174607,3.6929850170036286e-07,3.495752689135073e-05,False
0.7047336834208552,1.4189757400921856,110,1,-32.97178563015669,0.0,0.9999180249628346,5.2676656540326914e-05,2.9298380625117765e-05,False
0.7047336834208552,1.4189757400921856,110,2,375469.15286314394,0.0,0.9911876217390142,0.00881045063321803,1.927627767653281e-06,True
0.7047074268567142,1.419028609447771,110,0,-755.884423846432,0.0,0.9999547100682599,7.001399627658755e-06,3.8288532112558324e-05,False
0.7047074268567142,1.419028609447771,110,1,-31.214707700965604,0.0,0.9999506764430595,3.4615096630852686e-05,1.4708460309671992e-05,False
0.7047074268567142,1.419028609447771,110,2,228479.34846275084,0.0,0.9912178814247997,0.008780228944159394,1.8896310409147677e-06,True
0.7046811702925732,1.4190814827432026,110,0,-713.3087957781321,0.0,0.9999553219519461,6.317475978593446e-06,3.836057207532583e-05,False
0.7046811702925732,1.4190814827432026,110,1,-30.590139278651023,0.0,0.9999505998493994,3.440410157867015e-05,1.4996049021999874e-05,False
0.7046811702925732,1.4190814827432026,110,2,153342.36451480637,0.0,0.9911879516938648,0.008810131570271235,1.9167358640186676e-06,True
0.7046549137284321,1.4191343599789206,110,0,-627.9102937706729,0.0,0.9999624721715515,1.01733069917797e-06,3.651049774936152e-05,False
0.7046549137284321,1.4191343599789206,110,1,-30.33802843578245,0.0,0.9999359339904259,4.237779371202948e-05,2.1688215862101085e-05,False
0.7046549137284321,1.4191343599789206,110,2,110479.20410869141,0.0,0.9910476667841699,0.008950263405398206,2.0698104319091746e-06,True
0.704628657164291,1.4191872411553654,110,0,-589.7835017468591,0.0,0.9999623995751081,9.15611970197014e-07,3.668481292163994e-05,False
0.704628657164291,1.4191872411553654,110,1,-29.902421417251652,0.0,0.999936737350863,4.149624591014433e-05,2.176640322692567e-05,False
0.704628657164291,1.4191872411553654,110,2,82769.90676575516,0.0,0.9909530387503297,0.009044792801008098,2.1684486621770565e-06,True
0.70460240060015,1.4192401262729777,110,0,-622.4121251095697,0.0,0.9999607689405763,1.6329248865408773e-06,3.7598134537195507e-05,False
0.70460240060015,1.4192401262729777,110,1,-28.619018882058615,0.0,0.9999462682717156,3.621686108216741e-05,1.7514867202324638e-05,False
0.70460240060015,1.4192401262729777,110,2,64150.23438414963,0.0,0.9908775636074617,0.009120194723588486,2.2416689497945783e-06,True
0.704576144036009,1.4192930153321976,110,0,-560.9684880087257,0.0,0.9999603818177913,1.7997915729636542e-06,3.781839063571596e-05,False
0.704576144036009,1.4192930153321976,110,1,-27.96838135388435,0.0,0.9999457536226878,3.592810189843639e-05,1.831827541380735e-05,False
0.704576144036009,1.4192930153321976,110,2,51099.01736294318,0.0,0.9907630172074864,0.009234621746193081,2.361046320475398e-06,True
0.704549887471868,1.4193459083334663,110,0,-606.8427460947017,0.0,0.9999578628984485,3.182434714344169e-06,3.8954666837284826e-05,False
0.704549887471868,1.4193459083334663,110,1,-26.67147362754124,0.0,0.9999555815864134,3.0401667900305387e-05,1.401674568626822e-05,False
0.704549887471868,1.4193459083334663,110,2,41541.814088120074,0.0,0.9906974268571779,0.009300156941814,2.4162010081934654e-06,True
0.704523630907727,1.4193988052772246,110,0,-516.9318451301875,0.0,0.9999619544035384,4.849904637770243e-07,3.7560605997731514e-05,False
0.704523630907727,1.4193988052772246,110,1,-26.874475322181976,0.0,0.9999444297536902,3.606877394800656e-05,1.950147236179668e-05,False
0.704523630907727,1.4193988052772246,110,2,34702.97140773756,0.0,0.990298116586585,0.009698974195263626,2.9092181513546712e-06,True
0.7044973743435858,1.4194517061639131,110,0,-459.4648793717866,0.0,0.9999638883725427,3.949726152551536e-07,3.571665484203281e-05,False
0.7044973743435858,1.4194517061639131,110,1,-26.199636330333387,0.0,0.9999242170643536,4.416308044411201e-05,3.161985520233453e-05,False
0.7044973743435858,1.4194517061639131,110,2,29550.751568737272,0.0,0.9896714643144594,0.01032476655460657,3.7691309339268124e-06,True
0.7044711177794448,1.4195046109939728,110,0,-473.82609452154213,0.0,0.999961633596686,3.448695578973348e-07,3.8021533756085175e-05,False
0.7044711177794448,1.4195046109939728,110,1,-25.46606704585314,0.0,0.9999478962143445,3.355961258038269e-05,1.85441730750849e-05,False
0.7044711177794448,1.4195046109939728,110,2,25099.405959618813,0.0,0.9897792822091925,0.010217154840649749,3.56295015763472e-06,True
0.7044448612153038,1.4195575197678445,110,0,-619.1642224963598,0.0,0.9999479842067662,9.786367695878581e-06,4.2229425537849124e-05,False
0.7044448612153038,1.4195575197678445,110,1,-22.058870653418154,0.0,0.9999725157506704,1.9222775768109937e-05,8.261473561577404e-06,False
0.7044448612153038,1.4195575197678445,110,2,21376.939225762126,0.0,0.9904582456432297,0.009539178810202185,2.5755465681401553e-06,True
0.7044186046511628,1.4196104324859689,110,0,-706.2174497883741,0.0,0.9999259584426263,2.8600399256964126e-05,4.544115811664522e-05,False
0.7044186046511628,1.4196104324859689,110,1,-19.25372235913092,0.0,0.9999821784367853,1.1959300093891031e-05,5.862263120865424e-06,False
0.7044186046511628,1.4196104324859689,110,2,18420.69459282634,0.0,0.9911355657953034,0.008862712661301958,1.7215433946378025e-06,True
0.7043923480870218,1.4196633491487878,110,0,-905.2240530811123,0.0,0.9998940874790069,5.739147557987317e-05,4.8521045413273726e-05,False
0.7043923480870218,1.4196633491487878,110,1,-15.833799635593172,0.0,0.9999881312821636,7.046116883245372e-06,4.8226009532209474e-06,False
0.7043923480870218,1.4196633491487878,110,2,16018.011295468235,0.0,0.9918887301437317,0.008110321172833808,9.48683434519693e-07,True
0.7043660915228807,1.4197162697567418,110,0,-1138.270688721959,0.0,0.9998309848252791,0.00011649607575754175,5.2519098963282186e-05,False
0.7043660915228807,1.4197162697567418,110,1,-12.741349311965468,0.0,0.9999918453200395,3.283841417306723e-06,4.870838543186825e-06,False
0.7043660915228807,1.4197162697567418,110,2,14017.890037897383,0.0,0.9929792514622543,0.007020533767097824,2.1477064797116637e-07,True
0.7043398349587396,1.4197691943102724,110,0,-1451.3979696882348,0.0,0.9997603713952373,0.00018358011668736772,5.604848807518989e-05,False
0.7043398349587396,1.4197691943102724,110,1,-10.137341480475328,0.0,0.9999935358023428,1.3350706246702075e-06,5.129127032493474e-06,False
0.7043398349587396,1.4197691943102724,110,2,12397.23418891509,0.0,0.9938854556278002,0.006114544338680867,3.351890507208678e-11,True
0.7043135783945986,1.419822122809821,110,0,-1181.1552697710192,0.0,0.999813608604888,0.00013235963120854227,5.403176390354727e-05,False
0.7043135783945986,1.419822122809821,110,1,-10.896128621806747,0.0,0.99999305750354,2.269430341057768e-06,4.6730661188764296e-06,False
0.7043135783945986,1.419822122809821,110,2,11077.018938643185,0.0,0.9934909403604928,0.006509026599738279,3.303976900558894e-08,True
0.7042873218304576,1.419875055255828,110,0,-755.365614295638,0.0,0.9999029882969226,4.783610707153129e-05,4.917559600593432e-05,False
0.7042873218304576,1.419875055255828,110,1,-13.99727934822297,0.0,0.9999895175972789,6.45526771326727e-06,4.027135007807497e-06,False
0.7042873218304576,1.419875055255828,110,2,10057.79947711947,0.0,0.9917216841944487,0.008277370443798929,9.45361752340263e-07,True
0.7042610652663166,1.4199279916487355,110,0,-490.5734366994698,0.0,0.9999452030061284,9.967905016238969e-06,4.4829088855197404e-05,False
0.7042610652663166,1.4199279916487355,110,1,-17.409488338656196,0.0,0.9999805143368571,1.4197358137570752e-05,5.288305005403434e-06,False
0.7042610652663166,1.4199279916487355,110,2,9282.868439808319,0.0,0.9889886908953122,0.011007102318675724,4.2067860121487845e-06,True
0.7042348087021755,1.4199809319889851,110,0,-311.7578737689044,0.0,0.9999605407263029,3.847636591024182e-07,3.907451003789788e-05,False
0.7042348087021755,1.4199809319889851,110,1,-20.783575705324758,0.0,0.9999503226232807,3.1256498702329575e-05,1.842087801701837e-05,False
0.7042348087021755,1.4199809319889851,110,2,8751.100449319025,0.0,0.9832547667924362,0.01672952506925053,1.5708138313289373e-05,True
0.7042085521380345,1.4200338762770186,110,0,-242.99350793771725,0.0,0.9999493749377505,1.9511870321326207e-05,3.111319192823706e-05,False
0.7042085521380345,1.4200338762770186,110,1,-17.241200455601042,0.0,0.9994672421841093,6.680154417985126e-05,0.0004659562717108569,False
0.7042085521380345,1.4200338762770186,110,2,8488.421970267305,0.0,0.9669260136812738,0.033008308079713715,6.56782390125932e-05,True
0.7041822955738934,1.4200868245132767,110,0,-253.9788950166203,0.0,0.9999436187879337,2.6172815552380836e-05,3.020839651393806e-05,False
0.7041822955738934,1.4200868245132767,110,1,-15.164744283452425,0.0,0.9991056078979593,5.449638477226288e-05,0.0008398957172684336,False
0.7041822955738934,1.4200868245132767,110,2,7998.981661674704,0.0,0.9539789293765383,0.045907002181887785,0.00011406844157386587,True
0.7041560390097524,1.4201397766982016,110,0,-220.0854509288342,0.0,0.9999574019355035,7.200014245942635e-06,3.5398050250534625e-05,False
0.7041560390097524,1.4201397766982016,110,1,-19.84403795254997,0.0,0.9998746719449609,4.700931851420423e-05,7.831873652480836e-05,False
0.7041560390097524,1.4201397766982016,110,2,7147.179970229541,0.0,0.9693708566781315,0.030572788490981502,5.6354830886840494e-05,True
0.7041297824456114,1.420192732832235,110,0,-309.82766496592996,0.0,0.9999587457764829,1.64473839169479e-07,4.108974967777809e-05,False
0.7041297824456114,1.420192732832235,110,1,-18.47967480821445,0.0,0.9999630956486053,2.5029155509398026e-05,1.1875195885270985e-05,False
0.7041297824456114,1.420192732832235,110,2,6459.586283014769,0.0,0.978016508834541,0.021954791743414866,2.8699422044148386e-05,True
0.7041035258814703,1.420245692915819,110,0,-294.18979439388664,0.0,0.9999549133432263,1.0676644033073869e-06,4.401899237039857e-05,False
0.7041035258814703,1.420245692915819,110,1,-17.2263938361161,0.0,0.9999768591768947,1.727026981267874e-05,5.870553292494681e-06,False
0.7041035258814703,1.420245692915819,110,2,5920.527684157232,0.0,0.9816401299453319,0.018341196227228507,1.8673827439545947e-05,True
0.7040772693173293,1.4202986569493947,110,0,-451.4044348022672,0.0,0.9999425819435925,9.921483560067453e-06,4.749657284732112e-05,False
0.7040772693173293,1.4202986569493947,110,1,-13.487261471181824,0.0,0.9999865337532146,1.0243177718403182e-05,3.223069067095632e-06,False
0.7040772693173293,1.4202986569493947,110,2,5416.998847528838,0.0,0.986370398624041,0.013621685597733602,7.915778225536294e-06,True
0.7040510127531883,1.4203516249334045,110,0,-539.8642052801805,0.0,0.9999191572540544,3.0042817590114556e-05,5.079992835533275e-05,False
0.7040510127531883,1.4203516249334045,110,1,-10.942508406519933,0.0,0.9999923180917313,5.215291582717847e-06,2.466616686110103e-06,False
0.7040510127531883,1.4203516249334045,110,2,4977.642446080632,0.0,0.9901041517688433,0.009893800394698076,2.0478364587200085e-06,True
0.7040247561890473,1.4204045968682903,110,0,-626.7560610976183,0.0,0.9999084239273247,3.9524756206009944e-05,5.205131646919341e-05,False
0.7040247561890473,1.4204045968682903,110,1,-9.59561128294513,0.0,0.9999934815753083,4.090303566775651e-06,2.428121124963283e-06,False
0.7040247561890473,1.4204045968682903,110,2,4631.786025234821,0.0,0.9910846187237452,0.008914367977357656,1.0132988971823433e-06,True
0.7039984996249062,1.420457572754494,110,0,-489.5179979381419,0.0,0.9999280978148927,2.1436240110887627e-05,5.046594499647029e-05,False
0.7039984996249062,1.420457572754494,110,1,-11.061774504153464,0.0,0.999991107638655,6.5487347926855636e-06,2.3436265524299608e-06,False
0.7039984996249062,1.420457572754494,110,2,4377.159806646763,0.0,0.9883538239150512,0.011642047345917471,4.1287390313160566e-06,True
0.7039722430607651,1.4205105525924586,110,0,-412.07563637085343,0.0,0.9999356228679452,1.445774572139111e-05,4.9919386333330155e-05,False
0.7039722430607651,1.4205105525924586,110,1,-12.108831007336562,0.0,0.9999900022148915,7.832983419149488e-06,2.1648016893328154e-06,False
0.7039722430607651,1.4205105525924586,110,2,4139.879109339041,0.0,0.9860740646619911,0.0139181534943654,7.781843643476512e-06,True
0.7039459864966241,1.4205635363826252,110,0,-478.20728972617394,0.0,0.9999320732189564,1.7364470727220632e-05,5.056231031646889e-05,False
0.7039459864966241,1.4205635363826252,110,1,-11.066210185762095,0.0,0.9999902201504914,7.512932383060122e-06,2.2669171254466494e-06,False
0.7039459864966241,1.4205635363826252,110,2,3890.035594803051,0.0,0.9866812025026223,0.013312287790302595,6.509707075161194e-06,True
0.7039197299324831,1.4206165241254365,110,0,-407.3974789364445,0.0,0.9999325188524856,1.653482500435617e-05,5.094632250998249e-05,False
0.7039197299324831,1.4206165241254365,110,1,-11.64496579057572,0.0,0.9999907945961282,7.268909304828522e-06,1.9364945669908418e-06,False
0.7039197299324831,1.4206165241254365,110,2,3675.3422552119982,0.0,0.985977480163344,0.014014937458847668,7.58237780843706e-06,True
0.7038934733683421,1.4206695158213345,110,0,-472.44637053202587,0.0,0.9999289631101412,1.951646677422021e-05,5.15204230844386e-05,False
0.7038934733683421,1.4206695158213345,110,1,-10.734560539789623,0.0,0.9999907243798414,7.150745139017718e-06,2.124875019647076e-06,False
0.7038934733683421,1.4206695158213345,110,2,3467.269234230073,0.0,0.9866850066216794,0.01330883943646378,6.153941856946229e-06,True
0.7038672168042011,1.4207225114707622,110,0,-411.26433545360925,0.0,0.999934427641806,1.437375021335755e-05,5.1198607980688824e-05,False
0.7038672168042011,1.4207225114707622,110,1,-11.810554203833703,0.0,0.9999897306618817,8.296478783406352e-06,1.9728593350028945e-06,False
0.7038672168042011,1.4207225114707622,110,2,3302.599804980922,0.0,0.984044012463773,0.015945144616239575,1.0842919987413904e-05,True
0.7038409602400599,1.4207755110741618,110,0,-302.9330743004233,0.0,0.9999488833807534,2.7273720940762187e-06,4.838924715260795e-05,False
0.7038409602400599,1.4207755110741618,110,1,-14.527605826771161,0.0,0.9999815519340448,1.5076888475719026e-05,3.3711774795273955e-06,False
0.7038409602400599,1.4207755110741618,110,2,3217.0939177789846,0.0,0.9674630332866477,0.032481291840414935,5.5674872937356876e-05,True
0.7038147036759189,1.4208285146319757,110,0,-312.4823502573528,0.0,0.9999472140622436,3.6636866278026053e-06,4.91222511284844e-05,False
0.7038147036759189,1.4208285146319757,110,1,-14.444988376538102,0.0,0.9999825588588688,1.440415084214441e-05,3.0369902891062473e-06,False
0.7038147036759189,1.4208285146319757,110,2,3056.8655463005284,0.0,0.9681015542966395,0.03184554617638268,5.28995269778713e-05,True
0.7037884471117779,1.4208815221446465,110,0,-475.0253645166477,0.0,0.9999260019072199,2.1063311874830833e-05,5.2934780905270615e-05,False
0.7037884471117779,1.4208815221446465,110,1,-11.091028840182833,0.0,0.9999902128072448,7.706874483763323e-06,2.080318271466003e-06,False
0.7037884471117779,1.4208815221446465,110,2,2831.2609445924318,0.0,0.9858925153418119,0.014100781608055692,6.703050132362575e-06,True
0.7037621905476369,1.420934533612617,110,0,-607.5870387175536,0.0,0.9998957318373058,4.830308374527111e-05,5.5965078948925824e-05,False
0.7037621905476369,1.420934533612617,110,1,-9.08218757798614,0.0,0.9999938093259967,4.020876457374273e-06,2.1697975459567193e-06,False
0.7037621905476369,1.420934533612617,110,2,2662.5096451384857,0.0,0.9918997843273579,0.008100099141035969,1.1653160604742827e-07,True
0.7037359339834959,1.4209875490363295,110,0,-824.3993620846787,0.0,0.9998649733850701,7.683289679183987e-05,5.819371813812435e-05,False
0.7037359339834959,1.4209875490363295,110,1,-7.341485178570724,0.0,0.9999949292586655,2.3865197327241204e-06,2.684221601874458e-06,False
0.7037359339834959,1.4209875490363295,110,2,2533.223403462736,0.0,0.9943876702849559,0.0056116181156503075,7.115993938761322e-07,True
0.7037096774193548,1.4210405684162275,110,0,-1025.2382766720666,0.0,0.9998166251988029,0.00012240055256652904,6.0974248630632415e-05,False
0.7037096774193548,1.4210405684162275,110,1,-6.213799870819532,0.0,0.9999954498727569,9.632444247581692e-07,3.5868828182304544e-06,False
0.7037096774193548,1.4210405684162275,110,2,2442.762702743588,0.0,0.9962614940027738,0.0037348318180806593,3.6741791455999767e-06,True
0.7036834208552137,1.4210935917527534,110,0,-1402.0318237595638,0.0,0.9997594693339392,0.00017678905679857821,6.374160926214587e-05,False
0.7036834208552137,1.4210935917527534,110,1,-4.70264723418531,0.0,0.9999950181092957,1.6569482253747903e-07,4.816195881747739e-06,False
0.7036834208552137,1.4210935917527534,110,2,2396.8489590886106,0.0,0.997364637883878,0.0026282006892941146,7.161426827854465e-06,True
0.7036571642910727,1.42114661904635,110,0,-1292.8073721616981,0.0,0.99977347140063,0.00016306928839495265,6.34593109750153e-05,False
0.7036571642910727,1.42114661904635,110,1,-5.4603436632203985,0.0,0.9999950462426785,4.446946386875901e-07,4.509062682835192e-06,False
0.7036571642910727,1.42114661904635,110,2,2264.7036933070444,0.0,0.9972429841388025,0.002750126859848501,6.88900134886618e-06,True
0.7036309077269317,1.4211996502974604,110,0,-836.2918140153207,0.0,0.9998532623314607,8.677748571348142e-05,5.9960182825745484e-05,False
0.7036309077269317,1.4211996502974604,110,1,-8.79363296194873,0.0,0.9999937403770536,3.323537406214193e-06,2.9360855402444954e-06,False
0.7036309077269317,1.4211996502974604,110,2,2086.8539052175893,0.0,0.9951919157306567,0.004806073005090481,2.0112642528048618e-06,True
0.7036046511627907,1.421252685506528,110,0,-529.7757764388841,0.0,0.9999164508307609,2.8096577474785476e-05,5.54525917643942e-05,False
0.7036046511627907,1.421252685506528,110,1,-13.528676676189097,0.0,0.9999852524615503,1.1933581861494963e-05,2.813956588160999e-06,False
0.7036046511627907,1.421252685506528,110,2,2012.0455050136986,0.0,0.9868532356437886,0.01314305354052428,3.7108156871694248e-06,True
0.7035783945986497,1.4213057246739953,110,0,-279.0613849684014,0.0,0.9999505462876008,7.789518480021293e-07,4.867476055112326e-05,False
0.7035783945986497,1.4213057246739953,110,1,-19.857076872023907,0.0,0.9999544932976805,3.495457342762319e-05,1.0552128891857685e-05,False
0.7035783945986497,1.4213057246739953,110,2,2059.110545664577,0.0,0.8239270986653043,0.17543898587557635,0.0006339154591193466,True
0.7035521380345086,1.421358767800306,110,0,-239.6346485853231,0.0,0.9999466693219056,1.5256683498897869e-05,3.8073994595482456e-05,False
0.7035521380345086,1.421358767800306,110,1,-19.328385095556165,0.0,0.9996291335860307,0.0001016237731663814,0.000269242640802976,False
0.7035521380345086,1.421358767800306,110,2,2296.861936568253,0.0,0.9646285506519582,0.0349439748750921,0.00042747447294963075,True
0.7035258814703675,1.4214118148859032,110,0,-220.8358768322794,0.0,0.9999307141895823,3.759224701706437e-05,3.169356340059793e-05,False
0.7035258814703675,1.4214118148859032,110,1,-9.479500628872502,0.0,0.9667989681493357,1.3338072011592575e-06,0.03319969804346318,False
0.7035258814703675,1.4214118148859032,110,2,2469.8018473270995,0.0,0.9882400745311422,0.011538960555153322,0.00022096491370454207,True
0.7034996249062265,1.42146486593123,110,0,-262.38057757725164,0.0,0.999945609757218,1.612489024618147e-05,3.8265352535856614e-05,False
0.7034996249062265,1.42146486593123,110,1,-19.87863507363323,0.0,0.9995760491552154,0.00011305787732254239,0.00031089296746213265,False
0.7034996249062265,1.42146486593123,110,2,2205.448631674763,0.0,0.9739140950623486,0.0257361155815422,0.00034978935610926245,True
0.7034733683420855,1.42151792093673,110,0,-243.68553158704654,0.0,0.9999542879145881,2.6485168786880527e-06,4.306356853328538e-05,False
0.7034733683420855,1.42151792093673,110,1,-22.60239630157151,0.0,0.9998181602522008,9.344553965344054e-05,8.839420814573893e-05,False
0.7034733683420855,1.42151792093673,110,2,1964.217058510878,0.0,0.8666525866821634,0.1322393952680593,0.001108018049777436,True
0.7034471117779445,1.4215709799028469,110,0,-352.1671501801726,0.0,0.9999519503015005,5.296417551895087e-08,4.799673432396076e-05,False
0.7034471117779445,1.4215709799028469,110,1,-23.60174264268421,0.0,0.9999188640906189,5.8314404552093666e-05,2.2821504829043532e-05,False
0.7034471117779445,1.4215709799028469,110,2,1822.5215455085734,0.0,0.011265780016256605,0.9835383904795669,0.005195829504176607,True
0.7034208552138034,1.4216240428300235,110,0,-385.4468895856549,0.0,0.9999449904599568,3.7650026918755874e-06,5.124453735149988e-05,False
0.7034208552138034,1.4216240428300235,110,1,-23.51381068999857,0.0,0.9999409501560935,4.619823652323292e-05,1.2851607383230162e-05,False
0.7034208552138034,1.4216240428300235,110,2,1702.2655677462344,0.0,0.8806736372745091,0.11897556835610548,0.0003507943693853456,True
0.7033945986496624,1.4216771097187042,110,0,-548.8787607663209,0.0,0.999922028685975,2.2054765228394992e-05,5.591654879648323e-05,False
0.7033945986496624,1.4216771097187042,110,1,-21.14477913018636,0.0,0.9999639989662865,2.975940796478471e-05,6.241625748709983e-06,False
0.7033945986496624,1.4216771097187042,110,2,1584.9848797562418,0.0,0.9810975427145525,0.018892497731641714,9.959553805827058e-06,True
0.7033683420855213,1.421730180569332,110,0,-622.377904076791,0.0,0.9999158490596196,2.718342634427795e-05,5.696751403614631e-05,False
0.7033683420855213,1.421730180569332,110,1,-21.633683333021256,0.0,0.9999649680174468,2.9307909095906087e-05,5.724073457134819e-06,False
0.7033683420855213,1.421730180569332,110,2,1528.5887885470513,0.0,0.9846720580871764,0.015323603215956766,4.338696866999108e-06,True
0.7033420855213803,1.4217832553823508,110,0,-389.96167721694604,0.0,0.9999482082408574,1.6654691926194772e-06,5.012628994994976e-05,False
0.7033420855213803,1.4217832553823508,110,1,-26.665503808134094,0.0,0.9999011578427148,7.384501244336941e-05,2.499714484174943e-05,False
0.7033420855213803,1.4217832553823508,110,2,1579.7965876744422,0.0,0.6023398507325938,0.39606619403720167,0.0015939552302045115,True
0.7033158289572393,1.4218363341582043,110,0,-396.4390769121455,0.0,0.9999514751553611,8.322967228801745e-08,4.844161496666343e-05,False
0.7033158289572393,1.4218363341582043,110,1,-28.03792604722999,0.0,0.9998653512422322,9.522974611420112e-05,3.941901165355652e-05,False
0.7033158289572393,1.4218363341582043,110,2,1584.1292155259307,0.0,0.29587405631602864,0.7000508238965423,0.004075119787429183,True
0.7032895723930983,1.421889416897337,110,0,-531.2776294855388,0.0,0.9999352760981182,1.0536870369169839e-05,5.418703151278295e-05,False
0.7032895723930983,1.421889416897337,110,1,-27.639150859523106,0.0,0.9999279136643398,5.9199503892065464e-05,1.2886831768134459e-05,False
0.7032895723930983,1.421889416897337,110,2,1447.3308052270254,0.0,0.9504156185034943,0.04950339804501097,8.098345149486724e-05,True
0.7032633158289572,1.421942503600192,110,0,-663.6743347529502,0.0,0.9999103308850631,3.1538525761890616e-05,5.813058917511198e-05,False
0.7032633158289572,1.421942503600192,110,1,-26.105932669048098,0.0,0.9999495343890182,4.2845558925554616e-05,7.620052056214094e-06,False
0.7032633158289572,1.421942503600192,110,2,1368.0474984258367,0.0,0.9866427502953153,0.013355770002549653,1.479702134955839e-06,True
0.7032370592648162,1.4219955942672136,110,0,-858.0599158582662,0.0,0.9998860710462499,5.302744688318522e-05,6.090150686683076e-05,False
0.7032370592648162,1.4219955942672136,110,1,-24.73473185656941,0.0,0.9999603615664339,3.391382533623185e-05,5.724608229845398e-06,False
0.7032370592648162,1.4219955942672136,110,2,1321.9171074284593,0.0,0.9926843941794652,0.007314677678249203,9.281422855638351e-07,True
0.7032108027006752,1.4220486888988455,110,0,-1044.9286616457757,0.0,0.999845378493812,9.043094537284275e-05,6.419056081508603e-05,False
0.7032108027006752,1.4220486888988455,110,1,-22.706994835339742,0.0,0.9999707327456534,2.4301025569880204e-05,4.966228776748136e-06,False
0.7032108027006752,1.4220486888988455,110,2,1301.8261331527078,0.0,0.9960731872531167,0.003920100188935377,6.712557947872512e-06,True
0.7031845461365341,1.4221017874955326,110,0,-1392.6842017894603,0.0,0.9998039070405109,0.00012908179932135313,6.701116016779108e-05,False
0.7031845461365341,1.4221017874955326,110,1,-20.07779709758282,0.0,0.9999786796629451,1.6526587965119525e-05,4.793749089754474e-06,False
0.7031845461365341,1.4221017874955326,110,2,1309.9835852966937,0.0,0.9974065157622642,0.0025818564637798223,1.1627773956003363e-05,True
0.7031582895723931,1.4221548900577183,110,0,-1227.590795159987,0.0,0.9998216424107383,0.0001121256377173289,6.623195154427278e-05,False
0.7031582895723931,1.4221548900577183,110,1,-23.491518001606885,0.0,0.9999709001356217,2.4258914691993017e-05,4.840949686326753e-06,False
0.7031582895723931,1.4221548900577183,110,2,1247.1764159184227,0.0,0.9969531839798345,0.0030366314842911065,1.0184535874535007e-05,True
0.703132033008252,1.4222079965858474,110,0,-849.028940480304,0.0,0.9998926649943666,4.634611487373582e-05,6.0988890759737116e-05,False
0.703132033008252,1.4222079965858474,110,1,-32.10225271340091,0.0,0.9999312115232765,6.106659953712958e-05,7.721877186427115e-06,False
0.703132033008252,1.4222079965858474,110,2,1173.5895978140109,0.0,0.9913041202605335,0.008695352695244395,5.270442221299515e-07,True
0.703105776444111,1.4222611070803637,110,0,-584.6229772437086,0.0,0.9999409848146581,5.575192724375387e-06,5.3439992617577205e-05,False
0.703105776444111,1.4222611070803637,110,1,-38.308097994531515,0.0,0.9998148758797563,0.0001523236627355673,3.2800457508187636e-05,False
0.703105776444111,1.4222611070803637,110,2,1212.9625568936847,0.0,0.846590917987546,0.15301238804976705,0.00039669396268697895,True
0.70307951987997,1.422314221541712,110,0,-460.2889270899855,0.0,0.999950752211474,5.296752813527073e-06,4.3951035712335236e-05,False
0.70307951987997,1.422314221541712,110,1,-32.96220349915515,0.0,0.9990846468288651,0.0004946411808752216,0.0004207119902595752,False
0.70307951987997,1.422314221541712,110,2,1387.908559008152,0.0,0.9741880217732517,0.025482902787134765,0.0003290754396136804,True
0.703053263315829,1.4223673399703365,110,0,-520.0562985949158,0.0,0.9999228558879742,4.0058274427162616e-05,3.708583759855671e-05,False
0.703053263315829,1.4223673399703365,110,1,-18.974240607304008,0.0,0.9925078687764808,0.000899200621133322,0.006592930602385842,False
0.703053263315829,1.4223673399703365,110,2,1745.2677622366205,0.0,0.994772596877442,0.005076001729115219,0.0001514013934426106,True
0.7030270067516879,1.4224204623666814,110,0,-518.4177186070106,0.0,0.9999011069206106,6.539739910746973e-05,3.349568028182886e-05,False
0.7030270067516879,1.4224204623666814,110,1,-5.89384631487157,0.0,0.9629181779312175,8.043041215067262e-06,0.03707377902756752,False
0.7030270067516879,1.4224204623666814,110,2,1962.7187842007554,0.0,0.9966250578413213,0.0032449976746628164,0.00012994448401601734,True
0.7030007501875468,1.422473588731192,110,0,-573.4374391337144,0.0,0.9999273498173743,3.389756313540655e-05,3.875261949021919e-05,False
0.7030007501875468,1.422473588731192,110,1,-23.740240216483308,0.0,0.9965289795367362,0.000743855166679617,0.002727165296584139,False
0.7030007501875468,1.422473588731192,110,2,1681.3517663184832,0.0,0.9939584689716323,0.005880368156313453,0.0001611628720542472,True
0.7029744936234058,1.4225267190643125,110,0,-487.1182135031183,0.0,0.9999405768152958,1.9402499679385452e-05,4.002068502487981e-05,False
0.7029744936234058,1.4225267190643125,110,1,-26.155946807930764,0.0,0.9909738640494443,0.002771365686640183,0.006254770263915484,False
0.7029744936234058,1.4225267190643125,110,2,1491.6307265107903,0.0,0.9900283988491653,0.00977077031853175,0.00020083083230288337,True
0.7029482370592648,1.4225798533664875,110,0,-591.5863498294692,0.0,0.9999483771948643,6.681702316203285e-06,4.494110281944112e-05,False
0.7029482370592648,1.4225798533664875,110,1,-38.14840891128794,0.0,0.9989331005976337,0.0006196865451945803,0.0004472128571716498,False
0.7029482370592648,1.4225798533664875,110,2,1364.1847138633923,0.0,0.9777896234557892,0.021909000963322472,0.0003013755808882573,True
0.7029219804951238,1.4226329916381624,110,0,-588.5045197991094,0.0,0.9999511630156573,1.2026060879845308e-06,4.763437825471162e-05,False
0.7029219804951238,1.4226329916381624,110,1,-43.21647592062172,0.0,0.9991632244413625,0.0005718347988906856,0.0002649407597468122,False
0.7029219804951238,1.4226329916381624,110,2,1256.779376267899,0.0,0.9343795022708169,0.06503161478485192,0.0005888829443310176,True
0.7028957239309828,1.4226861338797814,110,0,-696.1226145447006,0.0,0.9999453338289549,1.771182604821154e-06,5.289498844037386e-05,False
0.7028957239309828,1.4226861338797814,110,1,-50.07783310379836,0.0,0.9995764538243508,0.00034642916239004,7.71170132592024e-05,False
0.7028957239309828,1.4226861338797814,110,2,1146.751188489027,0.0,0.2876665139972935,0.7096779297024178,0.002655556300288654,True
0.7028694673668416,1.4227392800917895,110,0,-760.2323408544414,0.0,0.9999394101323669,5.450783673922546e-06,5.513908395917012e-05,False
0.7028694673668416,1.4227392800917895,110,1,-53.24853967842475,0.0,0.9996431205581405,0.00030567117516417725,5.120826669522538e-05,False
0.7028694673668416,1.4227392800917895,110,2,1103.9008667917494,0.0,0.8601641460846148,0.13952959372306672,0.0003062601923185306,True
0.7028432108027006,1.4227924302746322,110,0,-694.450143846674,0.0,0.999948551957767,1.2771925035807583e-07,5.132032298270864e-05,False
0.7028432108027006,1.4227924302746322,110,1,-51.839814018192484,0.0,0.9993642451579591,0.0005028721843236567,0.00013288265771732154,False
0.7028432108027006,1.4227924302746322,110,2,1154.1348727198877,0.0,0.45426778129052536,0.5428727321681032,0.002859486541371565,True
0.7028169542385596,1.4228455844287538,110,0,-675.9998123411189,0.0,0.9999501604902428,1.2139781596219617e-06,4.862553159755317e-05,False
0.7028169542385596,1.4228455844287538,110,1,-49.54672988354479,0.0,0.9989614600345951,0.0007532750074935589,0.00028526495791134397,False
0.7028169542385596,1.4228455844287538,110,2,1207.8295520995423,0.0,0.9183816836027916,0.08093979592637528,0.0006785204708329819,True
0.7027906976744186,1.4228987425545996,110,0,-708.8593063306378,0.0,0.9999498385654888,9.447230467229239e-07,4.9216711464571154e-05,False
0.7027906976744186,1.4228987425545996,110,1,-51.84877289752497,0.0,0.9989856357076938,0.0007557725399161577,0.000258591752389859,False
0.7027906976744186,1.4228987425545996,110,2,1195.0755469161825,0.0,0.8992316636620814,0.09998223200476142,0.0007861043331572188,True
0.7027644411102776,1.4229519046526151,110,0,-697.827531047751,0.0,0.9999496574467757,1.9042477165199457e-06,4.843830550792835e-05,False
0.7027644411102776,1.4229519046526151,110,1,-51.57537003557534,0.0,0.998667702027821,0.0009649670077887909,0.00036733096439019484,False
0.7027644411102776,1.4229519046526151,110,2,1204.3405000453754,0.0,0.9237379813464937,0.0756124797608925,0.0006495388926139845,True
0.7027381845461365,1.4230050707232451,110,0,-748.8642573363231,0.0,0.999949283064932,1.4323066085529004e-06,4.9284628459404164e-05,False
0.7027381845461365,1.4230050707232451,110,1,-54.4006271155043,0.0,0.9988078537363545,0.0008965801343732033,0.0002955661292722644,False
0.7027381845461365,1.4230050707232451,110,2,1193.8192629959954,0.0,0.9005802021367425,0.0986381851243517,0.0007816127389058393,True
0.7027119279819954,1.4230582407669357,110,0,-717.0490158784351,0.0,0.9999482427133212,4.204462509505074e-06,4.755282416935517e-05,False
0.7027119279819954,1.4230582407669357,110,1,-52.147374386833555,0.0,0.9980786086615362,0.0013493129336925621,0.0005720784047712596,False
0.7027119279819954,1.4230582407669357,110,2,1227.14213897376,0.0,0.9459582797592144,0.05352072765966412,0.0005209925811214535,True
0.7026856714178544,1.4231114147841313,110,0,-754.6599629517973,0.0,0.9999386444164684,1.7265782239976368e-05,4.4089801291601306e-05,False
0.7026856714178544,1.4231114147841313,110,1,-43.188964053479694,0.0,0.995901622517281,0.0022982396276288023,0.0018001378550902049,False
0.7026856714178544,1.4231114147841313,110,2,1371.2588087283311,0.0,0.9827177891284469,0.017010502643680984,0.0002717082278721973,True
0.7026594148537134,1.4231645927752778,110,0,-736.697768123544,0.0,0.9999354435220158,2.1463309641490316e-05,4.30931683427564e-05,False
0.7026594148537134,1.4231645927752778,110,1,-40.504920625797936,0.0,0.991801039755049,0.004188152623166339,0.00401080762178472,False
0.7026594148537134,1.4231645927752778,110,2,1398.8409500918374,0.0,0.9845123938907724,0.015228237158614974,0.0002593689506126731,True
0.7026331582895724,1.4232177747408206,110,0,-799.8755366270261,0.0,0.999946938568304,4.699767053128105e-06,4.83616646429526e-05,False
0.7026331582895724,1.4232177747408206,110,1,-57.38980301711585,0.0,0.9980570225773044,0.0014303005242699226,0.0005126768984255396,False
0.7026331582895724,1.4232177747408206,110,2,1238.423478029518,0.0,0.9281071915686462,0.07125114580612818,0.0006416626252257093,True
0.7026069017254313,1.4232709606812055,110,0,-850.2819776923603,0.0,0.9999467162023704,5.4067899427686406e-08,5.3229729730164914e-05,False
0.7026069017254313,1.4232709606812055,110,1,-68.48960488084224,0.0,0.9989455561105745,0.0008912468602343192,0.00016319702919122647,False
0.7026069017254313,1.4232709606812055,110,2,1128.619812533177,0.0,0.20543741801238377,0.7915159973062632,0.0030465846813530965,True
0.7025806451612903,1.423324150596878,110,0,-946.4249750663977,0.0,0.9999367239215221,5.471456911169287e-06,5.780462156670148e-05,False
0.7025806451612903,1.423324150596878,110,1,-76.1680093668246,0.0,0.9993308161681701,0.0006052893614920613,6.389447033789628e-05,False
0.7025806451612903,1.423324150596878,110,2,1068.3683100811984,0.0,0.9386366156853078,0.06128772696180511,7.56573528871227e-05,True
0.7025543885971492,1.4233773444882836,110,0,-1103.3017980324405,0.0,0.9999092015544603,2.7099708610067365e-05,6.369873692969763e-05,False
0.7025543885971492,1.4233773444882836,110,1,-79.60577455607886,0.0,0.9995810290887968,0.000396392180260655,2.2578730942601506e-05,False
0.7025543885971492,1.4233773444882836,110,2,1024.5787531149438,0.0,0.9857285994801372,0.014271385701370848,1.4818491830779824e-08,True
0.7025281320330082,1.4234305423558684,110,0,-1358.311480491115,0.0,0.9998567720450021,7.282236846945855e-05,7.040558652838356e-05,False
0.7025281320330082,1.4234305423558684,110,1,-77.18975981727081,0.0,0.9997430462309402,0.0002491137669178496,7.840002141884119e-06,False
0.7025281320330082,1.4234305423558684,110,2,1022.8375070544658,0.0,0.994298724408226,0.005694001238459614,7.274353314391739e-06,True
0.7025018754688672,1.4234837442000778,110,0,-1310.8920920972619,0.0,0.9998667497449668,6.357650848387832e-05,6.967374654927453e-05,False
0.7025018754688672,1.4234837442000778,110,1,-81.49594291590249,0.0,0.9996977897469315,0.00029298108816812703,9.229164900524317e-06,False
0.7025018754688672,1.4234837442000778,110,2,1016.2810270266185,0.0,0.9934698436081473,0.006524490578607667,5.665813245015342e-06,True
0.7024756189047261,1.4235369500213586,110,0,-1009.787604145121,0.0,0.9999327721096789,7.536536326291539e-06,5.96913539947473e-05,False
0.7024756189047261,1.4235369500213586,110,1,-87.1821915537196,0.0,0.9992318088204052,0.0007135249730215265,5.466620657323529e-05,False
0.7024756189047261,1.4235369500213586,110,2,1053.6707730570467,0.0,0.9650207152757726,0.03495733076070477,2.1953963522737783e-05,True
0.7024493623405851,1.4235901598201557,110,0,-879.2719185768881,0.0,0.9999434267928288,7.677874503397703e-06,4.8895332667799814e-05,False
0.7024493623405851,1.4235901598201557,110,1,-69.40967010351335,0.0,0.9967172612706107,0.00259408781939716,0.0006886509099921064,False
0.7024493623405851,1.4235901598201557,110,2,1240.9015558061933,0.0,0.7712907231636903,0.2271216428680485,0.001587633968261051,True
0.7024231057764441,1.4236433735969156,110,0,-916.0403300725835,0.0,0.9999098075374293,4.8563327460721085e-05,4.1629135110073524e-05,False
0.7024231057764441,1.4236433735969156,110,1,-42.11280643282541,0.0,0.9619367083883694,0.018954908703600375,0.01910838290803014,False
0.7024231057764441,1.4236433735969156,110,2,1558.8594385712227,0.0,0.9813366460159386,0.018349890048688294,0.0003134639353731553,True
0.702396849212303,1.4236965913520845,110,0,-1062.9985452440026,0.0,0.9998509479387369,0.0001125452033894986,3.6506857873549487e-05,False
0.702396849212303,1.4236965913520845,110,1,-16.443270807210922,0.0,0.4878923299595912,0.04298637312454884,0.46912129691585996,False
0.702396849212303,1.4236965913520845,110,2,2084.2952430605374,0.0,0.9930516259986307,0.006746613689440509,0.0002017603119287932,True
0.702370592648162,1.4237498130861086,110,0,-1191.0016332781554,0.0,0.9998189534718964,0.00014606024515640588,3.498628294708945e-05,False
0.702370592648162,1.4237498130861086,110,1,-8.028745008396914,0.0,0.2475506448115195,0.004707965034565042,0.7477413901539155,False
0.702370592648162,1.4237498130861086,110,2,2427.822697736973,0.0,0.9943914776751448,0.005420246505894197,0.0001882758189609612,True
0.702344336084021,1.4238030387994338,110,0,-1114.8475395644261,0.0,0.999839159774816,0.00012458307197021865,3.625715321383456e-05,False
0.702344336084021,1.4238030387994338,110,1,-15.791994283185007,0.0,0.5116300200628408,0.03589613270346779,0.45247384723369144,False
0.702344336084021,1.4238030387994338,110,2,2223.4611013345525,0.0,0.9918852261674999,0.007892282423244228,0.0002224914092558704,True
0.7023180795198799,1.423856268492507,110,0,-1035.4550220606898,0.0,0.9998707004829251,9.057049963598053e-05,3.872901743895192e-05,False
0.7023180795198799,1.423856268492507,110,1,-29.543019342170854,0.0,0.3660574778464502,0.18728770413848134,0.4466548180150685,False
0.7023180795198799,1.423856268492507,110,2,1959.755174571569,0.0,0.9841342829380159,0.015554085703207534,0.00031163135877662076,True
0.7022918229557389,1.423909502165774,110,0,-996.0969612955804,0.0,0.9998869734103716,7.262305854656659e-05,4.0403531081843513e-05,False
0.7022918229557389,1.423909502165774,110,1,-39.17929354764813,0.0,0.8830671935795854,0.052281069514927725,0.06465173690548687,False
0.7022918229557389,1.423909502165774,110,2,1849.6253620926998,0.0,0.9703697255154498,0.029179701069048148,0.0004505734155021109,True
0.7022655663915979,1.4239627398196812,110,0,-962.4466448341765,0.0,0.9999065852094299,5.047699458782476e-05,4.2937795982317384e-05,False
0.7022655663915979,1.4239627398196812,110,1,-52.53884479838681,0.0,0.9784701498805821,0.013253829907871642,0.008276020211546288,False
0.7022655663915979,1.4239627398196812,110,2,1732.8071460648025,0.0,0.9098875144502698,0.08915312893831363,0.0009593566114165662,True
0.7022393098274569,1.4240159814546756,110,0,-950.9242748110776,0.0,0.9999303091244113,2.2140442520367553e-05,4.755043306842055e-05,False
0.7022393098274569,1.4240159814546756,110,1,-71.89281936428223,0.0,0.9949661058149055,0.003954794089382886,0.0010791000957115656,False
0.7022393098274569,1.4240159814546756,110,2,1598.0360991769764,0.0,0.04763448106124911,0.9468730462875475,0.005492472651203241,True
0.7022130532633158,1.4240692270712034,110,0,-958.6769013749908,0.0,0.9999392342957969,9.893909160326283e-06,5.087179504285041e-05,False
0.7022130532633158,1.4240692270712034,110,1,-83.4316884235262,0.0,0.9971420327903976,0.0024396041356535073,0.000418363073948986,False
0.7022130532633158,1.4240692270712034,110,2,1561.47566200838,0.0,0.8535958963575985,0.1458948460378975,0.000509257604504096,True
0.7021867966991747,1.4241224766697116,110,0,-946.237020360228,0.0,0.9999251530392023,2.7880975215633505e-05,4.69659855820884e-05,False
0.7021867966991747,1.4241224766697116,110,1,-72.00185580754622,0.0,0.9939876046570608,0.004715871311446284,0.0012965240314929385,False
0.7021867966991747,1.4241224766697116,110,2,1714.7159072941179,0.0,0.4856091946629836,0.5116959194772822,0.0026948858597341894,True
0.7021605401350337,1.4241757302506466,110,0,-979.7156281376359,0.0,0.9999056186822265,5.024784595443697e-05,4.413347181913522e-05,False
0.7021605401350337,1.4241757302506466,110,1,-62.193865925411785,0.0,0.9883222010195393,0.008283544215411075,0.0033942547650496107,False
0.7021605401350337,1.4241757302506466,110,2,1894.4562747392254,0.0,0.006408744844869032,0.9868012502780402,0.0067900048770906515,True
0.7021342835708927,1.424228987814455,110,0,-972.5634978969681,0.0,0.9999055410895109,5.006884610103239e-05,4.4390064387955546e-05,False
0.7021342835708927,1.424228987814455,110,1,-64.21315618803004,0.0,0.98926127576586,0.007802937531221059,0.0029357867029190417,False
0.7021342835708927,1.424228987814455,110,2,1957.2207020893195,0.0,0.341885477487333,0.6541675110032585,0.003947011509408474,True
0.7021080270067517,1.424282249361584,110,0,-961.5735098329621,0.0,0.999900782978705,5.5296218498206616e-05,4.392080279682479e-05,False
0.7021080270067517,1.424282249361584,110,1,-62.99722380998624,0.0,0.9868686987071261,0.009435075972311613,0.003696225320562249,False
0.7021080270067517,1.424282249361584,110,2,2056.1582670021735,0.0,0.5915189741093206,0.40618766800252143,0.0022933578881579237,True
0.7020817704426107,1.4243355148924803,110,0,-985.8351554148078,0.0,0.9999025699874433,5.2668693522939494e-05,4.4761319033754087e-05,False
0.7020817704426107,1.4243355148924803,110,1,-67.16850011047055,0.0,0.9918332546977864,0.006164216292627668,0.0020025290095859443,False
0.7020817704426107,1.4243355148924803,110,2,2141.2272202359895,0.0,0.8185086338326047,0.18063316783719238,0.0008581983302028348,True
0.7020555138784697,1.4243887844075909,110,0,-951.7809097141616,0.0,0.999892440663432,6.414709422335139e-05,4.341224234467959e-05,False
0.7020555138784697,1.4243887844075909,110,1,-62.534789918042804,0.0,0.9852079917081739,0.010615419712574792,0.004176588579251357,False
0.7020555138784697,1.4243887844075909,110,2,2290.955304993449,0.0,0.8479938716938786,0.15129640844737274,0.0007097198587486353,True
0.7020292573143285,1.4244420579073631,110,0,-1055.5021428059688,0.0,0.9998472845867679,0.00011296048320368407,3.9754930028552346e-05,False
0.7020292573143285,1.4244420579073631,110,1,-46.90842924651899,0.0,0.9415027301021894,0.033016107326331354,0.025481162571479362,False
0.7020292573143285,1.4244420579073631,110,2,2654.5313412764976,0.0,0.5810991342012648,0.41623154468021306,0.0026693211185220985,True
0.7020030007501875,1.4244953353922438,110,0,-1051.5207325641516,0.0,0.999833780754648,0.00012734839854032818,3.8870846811700784e-05,False
0.7020030007501875,1.4244953353922438,110,1,-43.046717778358364,0.0,0.8230089799227781,0.09179888430538395,0.08519213577183793,False
0.7020030007501875,1.4244953353922438,110,2,2870.403984334525,0.0,0.7341399643811076,0.2642690041933781,0.0015910314255142882,True
0.7019767441860465,1.4245486168626802,110,0,-946.844304977529,0.0,0.9998864455286863,6.978858090127015e-05,4.37658904124994e-05,False
0.7019767441860465,1.4245486168626802,110,1,-64.75151231509021,0.0,0.9904190128557594,0.0071662005493344175,0.0024147865949062063,False
0.7019767441860465,1.4245486168626802,110,2,2795.613625604699,0.0,0.9538817741513902,0.04597956484600592,0.00013866100260385075,True
0.7019504876219055,1.4246019023191194,110,0,-902.8431410726823,0.0,0.9999304907094342,1.7680199783685374e-05,5.182909078214255e-05,False
0.7019504876219055,1.4246019023191194,110,1,-85.55145992141054,0.0,0.9976420556480208,0.002092826552258331,0.00026511779972100273,False
0.7019504876219055,1.4246019023191194,110,2,2805.4998947707704,0.0,0.9825877975322223,0.017394482405781675,1.772006199616365e-05,True
0.7019242310577645,1.4246551917620087,110,0,-919.0380562510966,0.0,0.9999388423181123,5.1238883571895835e-09,6.115255799954218e-05,False
0.7019242310577645,1.4246551917620087,110,1,-95.35549338034593,0.0,0.99889458788164,0.0010447554623635345,6.065665599647173e-05,False
0.7019242310577645,1.4246551917620087,110,2,2951.6947982421434,0.0,0.9897895124815104,0.010208390604165802,2.096914323904547e-06,True
0.7018979744936233,1.424708485191796,110,0,-1059.572783141341,0.0,0.9998748354118945,4.826818915808816e-05,7.689639894745288e-05,False
0.7018979744936233,1.424708485191796,110,1,-93.41476723039716,0.0,0.9994722339117814,0.0005164470995549325,1.1318988663631007e-05,False
0.7018979744936233,1.424708485191796,110,2,3197.5163835641456,0.0,0.9935898223480243,0.006410002035267344,1.7561670836818566e-07,True
0.7018717179294823,1.424761782608928,110,0,-1390.955107764279,0.0,0.9996097476639245,0.000289719925461372,0.00010053241061422805,False
0.7018717179294823,1.424761782608928,110,1,-77.59161987244349,0.0,0.9997432551078032,0.0002544407162491338,2.304175947750994e-06,False
0.7018717179294823,1.424761782608928,110,2,3629.2144506033505,0.0,0.9956139087586543,0.004383419430696972,2.6718106486308202e-06,True
0.7018454613653413,1.4248150840138527,110,0,-1402.0014285251689,0.0,0.9995839756481943,0.0003132296905436959,0.00010279466126192668,False
0.7018454613653413,1.4248150840138527,110,1,-75.6384878094721,0.0,0.9997458564219791,0.00025197528508904594,2.1682929318256597e-06,False
0.7018454613653413,1.4248150840138527,110,2,4045.990049988718,0.0,0.9955380375343826,0.0044596753860569275,2.287079560393731e-06,True
0.7018192048012003,1.4248683894070175,110,0,-917.2035102223122,0.0,0.9998917491038432,3.279195546765142e-05,7.545894068916752e-05,False
0.7018192048012003,1.4248683894070175,110,1,-90.73598595967626,0.0,0.9994106521024446,0.0005755376667575597,1.381023079778435e-05,False
0.7018192048012003,1.4248683894070175,110,2,4486.89925300758,0.0,0.9935277284756228,0.006472257983355948,1.3541021286986641e-08,True
0.7017929482370593,1.42492169878887,110,0,-810.3295488914811,0.0,0.9999194415372467,2.9140441295254837e-05,5.141802145820915e-05,False
0.7017929482370593,1.42492169878887,110,1,-80.03160372522515,0.0,0.9978124482735377,0.001957371783969871,0.00023017994249257005,False
0.7017929482370593,1.42492169878887,110,2,5361.232398896757,0.0,0.9904766005465145,0.009520550870567504,2.8485829179816865e-06,True
0.7017666916729182,1.424975012159858,110,0,-908.5676591945155,0.0,0.9997942604735148,0.00016756883189501313,3.817069459021525e-05,False
0.7017666916729182,1.424975012159858,110,1,-44.398082541076754,0.0,0.8929989731954658,0.06299512296791324,0.04400590383662096,False
0.7017666916729182,1.424975012159858,110,2,6715.118389584807,0.0,0.9874666274808755,0.01252272778030475,1.0644738819730975e-05,True
0.7017404351087771,1.4250283295204291,110,0,-1369.98289437841,0.0,0.9995999786879209,0.00036893018633523035,3.1091125743834986e-05,False
0.7017404351087771,1.4250283295204291,110,1,-16.287366263110645,0.0,0.9531866106607565,0.00451397665232563,0.042299412686917885,False
0.7017404351087771,1.4250283295204291,110,2,8797.227725360483,0.0,0.9845045893795461,0.015473533286922888,2.1877333530929354e-05,True
0.7017141785446361,1.4250816508710318,110,0,-1705.6516183840588,0.0,0.9994863572173407,0.000485155710078386,2.848707258100598e-05,False
0.7017141785446361,1.4250816508710318,110,1,-5.290348245121435,0.0,0.9464921485550805,5.171084345308729e-09,0.05350784627383516,False
0.7017141785446361,1.4250816508710318,110,2,11157.372917655868,0.0,0.985346663932709,0.014633724512988744,1.961155430230862e-05,True
0.7016879219804951,1.425134976212113,110,0,-1360.2088017581148,0.0,0.9995803061567115,0.0003888019129456674,3.089193034286329e-05,False
0.7016879219804951,1.425134976212113,110,1,-14.14761850898955,0.0,0.9586849776652464,0.0025818365187336534,0.03873318581601996,False
0.7016879219804951,1.425134976212113,110,2,13111.099268430276,0.0,0.989286062998844,0.010706830039996814,7.106961159109505e-06,True
0.7016616654163541,1.4251883055441217,110,0,-950.6710417916117,0.0,0.9997235792515166,0.00024082530010969693,3.559544837374869e-05,False
0.7016616654163541,1.4251883055441217,110,1,-28.15522442113752,0.0,0.7859802918265829,0.07277449895503439,0.14124520921838268,False
0.7016616654163541,1.4251883055441217,110,2,15880.352447399215,0.0,0.991714903415634,0.00828311273109566,1.9838532704107105e-06,True
0.701635408852213,1.425241638867505,110,0,-764.0304899243478,0.0,0.999808367560377,0.00015147874981278993,4.015368981011265e-05,False
0.701635408852213,1.425241638867505,110,1,-40.17385756432751,0.0,0.9654006471444765,0.019821972607298056,0.014777380248225457,False
0.701635408852213,1.425241638867505,110,2,20350.686506395024,0.0,0.9927977680716847,0.007201590329803422,6.41598511833076e-07,True
0.701609152288072,1.4252949761827116,110,0,-643.0007955472717,0.0,0.9998871993151442,6.493619233200891e-05,4.7864492523596425e-05,False
0.701609152288072,1.4252949761827116,110,1,-54.361869160006734,0.0,0.9968255047897616,0.0025055042260691716,0.0006689909841691426,False
0.701609152288072,1.4252949761827116,110,2,26921.80443677005,0.0,0.9934689237653366,0.00653091371696972,1.6251769376460917e-07,True
0.701582895723931,1.4253483174901895,110,0,-587.6515847265432,0.0,0.9999353019648753,1.85057254081792e-06,6.284746258393401e-05,False
0.701582895723931,1.4253483174901895,110,1,-63.02721027685428,0.0,0.9991976047153347,0.0007427213016478196,5.967398301747198e-05,False
0.701582895723931,1.4253483174901895,110,2,36404.02196279975,0.0,0.9939066744897981,0.006093307961247802,1.7548954152086353e-08,True
0.7015566391597899,1.425401662790387,110,0,-668.1654895342972,0.0,0.9999073567250434,1.578160684792195e-05,7.686166810870253e-05,False
0.7015566391597899,1.425401662790387,110,1,-59.78432026983364,0.0,0.9996087979065243,0.00037845514897254506,1.2746944503182208e-05,False
0.7015566391597899,1.425401662790387,110,2,49246.784468902304,0.0,0.9940860516450194,0.0059139477807188465,5.742618214473616e-10,True
0.7015303825956489,1.425455012083752,110,0,-552.4401802489406,0.0,0.9999312764305675,2.6808656055989235e-07,6.845548287214973e-05,False
0.7015303825956489,1.425455012083752,110,1,-58.659572596112056,0.0,0.9994370512833922,0.0005309606581129723,3.19880584948518e-05,False
0.7015303825956489,1.425455012083752,110,2,63477.34319698087,0.0,0.9940529958701123,0.005947000992328657,3.137559019584302e-09,True
0.7015041260315078,1.425508365370734,110,0,-515.5634194332233,0.0,0.9999316583281141,7.379207768091254e-06,6.096246411782188e-05,False
0.7015041260315078,1.425508365370734,110,1,-55.34609366497228,0.0,0.9991549216636338,0.0007635836383820925,8.149469798400927e-05,False
0.7015041260315078,1.425508365370734,110,2,72388.71875804718,0.0,0.9940194308074602,0.0059805623141944465,6.878345296738397e-09,True
0.7014778694673668,1.4255617226517805,110,0,-496.4040040569807,0.0,0.9999333598741472,1.580257505010378e-06,6.505986834777883e-05,False
0.7014778694673668,1.4255617226517805,110,1,-53.87539098540608,0.0,0.9993636157616164,0.0005874392703787615,4.8944968004944564e-05,False
0.7014778694673668,1.4255617226517805,110,2,68933.39397520006,0.0,0.9940348617779832,0.005965133262493087,4.959523823888444e-09,True
0.7014516129032258,1.4256150839273396,110,0,-479.59138307954123,0.0,0.9999323233391608,3.219196958079569e-07,6.735474114332334e-05,False
0.7014516129032258,1.4256150839273396,110,1,-51.78938471171796,0.0,0.9994565976822858,0.0005058915344078802,3.7510783306285854e-05,False
0.7014516129032258,1.4256150839273396,110,2,56266.24375516055,0.0,0.9940169476434026,0.005983046532074919,5.8245224129010835e-09,True
0.7014253563390848,1.425668449197861,110,0,-454.3906244965698,0.0,0.9999279385014935,6.654804770529786e-07,7.139601802943812e-05,False
0.7014253563390848,1.425668449197861,110,1,-49.420453653984886,0.0,0.9995661197047782,0.00040945916767700833,2.442112754478504e-05,False
0.7014253563390848,1.425668449197861,110,2,42485.81574978328,0.0,0.9940008065301198,0.0059991876190820855,5.850798014581639e-09,True
0.7013990997749437,1.4257218184637928,110,0,-461.9761995358051,0.0,0.999926980623045,6.836928403310159e-07,7.233568411471981e-05,False
0.7013990997749437,1.4257218184637928,110,1,-47.552579451813344,0.0,0.9996105637583723,0.0003691466331049403,2.0289608522664687e-05,False
0.7013990997749437,1.4257218184637928,110,2,31528.598430492668,0.0,0.9939401302474409,0.006059859011117862,1.0741441342084241e-08,True
0.7013728432108026,1.425775191725584,110,0,-372.4708060635631,0.0,0.9999200944657751,2.2609482195608624e-05,5.7296052029359975e-05,False
0.7013728432108026,1.425775191725584,110,1,-43.02067155230214,0.0,0.9986908578592159,0.0010670126148043225,0.00024212952597981103,False
0.7013728432108026,1.425775191725584,110,2,23819.466858396783,0.0,0.993590020519531,0.006409873428116681,1.060523521735666e-07,True
0.7013465866466616,1.4258285689836827,110,0,-355.22976071049476,0.0,0.9999185189639443,2.420357890003519e-05,5.727745715571076e-05,False
0.7013465866466616,1.4258285689836827,110,1,-41.34399377749824,0.0,0.998669183954579,0.001067175638619264,0.00026364040680166114,False
0.7013465866466616,1.4258285689836827,110,2,18393.61938003847,0.0,0.9933883464517612,0.006611460503530565,1.9304470817739736e-07,True
0.7013203300825206,1.4258819502385385,110,0,-436.47232295369184,0.0,0.9999092355859698,1.0068611723806195e-05,8.069580230641415e-05,False
0.7013203300825206,1.4258819502385385,110,1,-40.39921618786426,0.0,0.9997598853981373,0.00023262457005993775,7.490031802794893e-06,False
0.7013203300825206,1.4258819502385385,110,2,14385.738922727038,0.0,0.9938223140386487,0.006177671849372735,1.411197846622519e-08,True
0.7012940735183796,1.4259353354906,110,0,-589.9318406145244,0.0,0.9997301865551986,0.00016304430321061546,0.00010676914159082912,False
0.7012940735183796,1.4259353354906,110,1,-29.16613814889378,0.0,0.9999112462345285,8.81876318623543e-05,5.661336091505075e-07,False
0.7012940735183796,1.4259353354906,110,2,11547.829069481195,0.0,0.9944439164343223,0.005555961143498795,1.2242217892236315e-07,True
0.7012678169542386,1.425988724740316,110,0,-909.3130949264469,0.0,0.9994288807272265,0.00044315950255533084,0.0001279597702181472,False
0.7012678169542386,1.425988724740316,110,1,-20.64937503012081,0.0,0.999950926955055,4.8529759021960175e-05,5.432859229484866e-07,False
0.7012678169542386,1.425988724740316,110,2,9519.733273378397,0.0,0.995039858351976,0.00495946131785625,6.80330167802363e-07,True
0.7012415603900974,1.4260421179881362,110,0,-1262.2822829554452,0.0,0.9987607839502884,0.0010791516307160254,0.00016006441899546706,False
0.7012415603900974,1.4260421179881362,110,1,-14.00257311461735,0.0,0.9999789085710087,2.003947121225301e-05,1.0519577791633614e-06,False
0.7012415603900974,1.4260421179881362,110,2,8132.33407139875,0.0,0.9958013242539586,0.0041965358422190995,2.139903822302381e-06,True
0.7012153038259564,1.426095515234509,110,0,-1981.5763836927906,0.0,0.9976098966703496,0.002189281732911028,0.00020082159673939402,False
0.7012153038259564,1.426095515234509,110,1,-8.551546329262457,0.0,0.9999893541301014,7.612829255542558e-06,3.033040643128988e-06,False
0.7012153038259564,1.426095515234509,110,2,7251.926225670745,0.0,0.996546542417527,0.0034488840222954426,4.573560177522379e-06,True
0.7011890472618154,1.4261489164798835,110,0,-1851.0120382836565,0.0,0.9977203647970241,0.002081447391437499,0.0001981878115383802,False
0.7011890472618154,1.4261489164798835,110,1,-8.585407734681606,0.0,0.9999904320865884,6.769352613082975e-06,2.7985607984804905e-06,False
0.7011890472618154,1.4261489164798835,110,2,6208.265983949909,0.0,0.9967524087025383,0.003242002859509421,5.588437952222666e-06,True
0.7011627906976744,1.4262023217247095,110,0,-1115.5097051014645,0.0,0.9990416637766301,0.0008081895711698313,0.00015014665220017606,False
0.7011627906976744,1.4262023217247095,110,1,-12.949826968937325,0.0,0.9999766844558364,2.2677224303882857e-05,6.383198596830198e-07,False
0.7011627906976744,1.4262023217247095,110,2,4967.5437012021275,0.0,0.9961855465222567,0.0038108442475580898,3.609230185297478e-06,True
0.7011365341335334,1.4262557309694366,110,0,-490.29880454109485,0.0,0.9997239569330475,0.00016391744173545772,0.0001121256252169561,False
0.7011365341335334,1.4262557309694366,110,1,-23.477520364641688,0.0,0.9999333889531689,6.660556076591621e-05,5.486065265396358e-09,False
0.7011365341335334,1.4262557309694366,110,2,4122.989104718672,0.0,0.9948066922000859,0.005192583637169048,7.241627451862187e-07,True
0.7011102775693923,1.4263091442145135,110,0,-257.0015455695315,0.0,0.9999256331714759,1.0587423208981246e-06,7.330808620320856e-05,False
0.7011102775693923,1.4263091442145135,110,1,-37.026176815892306,0.0,0.9996150368280741,0.0003602545064058951,2.470866552005148e-05,False
0.7011102775693923,1.4263091442145135,110,2,3690.9128833875075,0.0,0.9912244803565446,0.00877352275005371,1.9968934016184247e-06,True
0.7010840210052512,1.42636256146039,110,0,-330.54431347458393,0.0,0.9997969497809581,0.00016076271742877974,4.228750161304477e-05,False
0.7010840210052512,1.42636256146039,110,1,-11.670164767479136,0.0,0.9980369199931722,3.5359643611067644e-05,0.0019277203632166587,False
0.7010840210052512,1.42636256146039,110,2,3763.3759421411355,0.0,0.9739641831953681,0.025960488530898617,7.532827373329647e-05,True
0.7010577644411102,1.4264159827075154,110,0,-505.03922140254843,0.0,0.9997034333331384,0.00025763253715144847,3.8934129710201324e-05,False
0.7010577644411102,1.4264159827075154,110,1,-2.7468839242879657,0.0,0.996993317193279,0.00011234103372026196,0.0028943417730007757,False
0.7010577644411102,1.4264159827075154,110,2,3826.842161742983,0.0,0.9293853525834761,0.07021460883556337,0.00040003858096044075,True
0.7010315078769692,1.4264694079563391,110,0,-332.7906758251588,0.0,0.9997991970301662,0.0001573132035444652,4.348976628926241e-05,False
0.7010315078769692,1.4264694079563391,110,1,-12.715427311257862,0.0,0.9971349560301748,7.901661196640728e-05,0.0027860273578588068,False
0.7010315078769692,1.4264694079563391,110,2,3229.212332839824,0.0,0.9585820277743656,0.04124637366660186,0.00017159855903250778,True
0.7010052513128282,1.426522837207311,110,0,-181.57406044121456,0.0,0.9999000927176198,4.591079270286568e-05,5.399648967740669e-05,False
0.7010052513128282,1.426522837207311,110,1,-27.91674401421933,0.0,0.027334682623063503,0.46216598226990935,0.5104993351070273,False
0.7010052513128282,1.426522837207311,110,2,2681.8012973285095,0.0,0.9813532001717206,0.01861338570265376,3.3414125625730266e-05,True
0.7009789947486872,1.4265762704608815,110,0,-255.43107984671192,0.0,0.9999229526250583,1.686954777237252e-06,7.536042016454375e-05,False
0.7009789947486872,1.4265762704608815,110,1,-35.05207740968732,0.0,0.9996369827894237,0.00033969986421915815,2.3317346357169677e-05,False
0.7009789947486872,1.4265762704608815,110,2,2358.7133848360736,0.0,0.9881144033396657,0.011877960164233,7.636496101212578e-06,True
0.7009527381845461,1.4266297077174996,110,0,-222.28640211260284,0.0,0.9998741074781674,2.7396850886059772e-05,9.849567094650247e-05,False
0.7009527381845461,1.4266297077174996,110,1,-29.112529914419387,0.0,0.999894036875099,0.00010595608572261253,7.039178362740678e-09,False
0.7009527381845461,1.4266297077174996,110,2,2113.986501074496,0.0,0.9924867809617732,0.007513103055852365,1.1598237434286552e-07,True
0.700926481620405,1.4266831489776153,110,0,-570.3739588359764,0.0,0.9997152728890318,0.0001683201998568786,0.00011640691111128268,False
0.700926481620405,1.4266831489776153,110,1,-18.899397467656293,0.0,0.9999395523413878,6.04381659661317e-05,9.492646121133395e-09,False
0.700926481620405,1.4266831489776153,110,2,1965.4441450624931,0.0,0.9954673193944013,0.0045296949908303396,2.9856147684044337e-06,True
0.700900225056264,1.4267365942416783,110,0,-593.6291646833727,0.0,0.9995530799260693,0.0003162186848778768,0.0001307013890527835,False
0.700900225056264,1.4267365942416783,110,1,-14.819216084607888,0.0,0.9999714638571269,2.8471055747551343e-05,6.508712561541144e-08,False
0.700900225056264,1.4267365942416783,110,2,1861.5941595018755,0.0,0.996511695335997,0.0034813935015812042,6.911162421855127e-06,True
0.700873968492123,1.426790043510139,110,0,-520.7820390412753,0.0,0.9997160446763623,0.0001659862337818754,0.00011796908985579686,False
0.700873968492123,1.426790043510139,110,1,-19.383121132208206,0.0,0.999940095773285,5.988948511296449e-05,1.4741602089502331e-08,False
0.700873968492123,1.426790043510139,110,2,1671.680848490679,0.0,0.9955539395795493,0.0044423941293203935,3.6662911304512574e-06,True
0.700847711927982,1.4268434967834474,110,0,-336.30735643818116,0.0,0.999807579882549,8.200845380616588e-05,0.000110411663644842,False
0.700847711927982,1.4268434967834474,110,1,-24.539966768861053,0.0,0.9999194370171193,8.037998071556596e-05,1.830021651491607e-07,False
0.700847711927982,1.4268434967834474,110,2,1534.0593912832046,0.0,0.9941337645594375,0.005865284819728551,9.50620833872324e-07,True
0.700821455363841,1.4268969540620533,110,0,-401.11752120993833,0.0,0.9997914802464986,9.65156843942867e-05,0.00011200406910724035,False
0.700821455363841,1.4268969540620533,110,1,-23.633265709349505,0.0,0.9999171999471146,8.273937149642903e-05,6.06813890426332e-08,False
0.700821455363841,1.4268969540620533,110,2,1432.3055199039984,0.0,0.9945279899355665,0.005470299104436862,1.7109599966845745e-06,True
0.7007951987996999,1.4269504153464077,110,0,-365.7844894950383,0.0,0.9997889811840721,9.754927908483273e-05,0.00011346953684310049,False
0.7007951987996999,1.4269504153464077,110,1,-23.904894277312458,0.0,0.9999209128081264,7.887190808331317e-05,2.1528379022854798e-07,False
0.7007951987996999,1.4269504153464077,110,2,1338.3028220052583,0.0,0.9945174150788758,0.005480704054820808,1.880866303279724e-06,True
0.7007689422355589,1.4270038806369598,110,0,-406.0256063553763,0.0,0.9997721448183583,0.00011247917184969777,0.00011537600979208525,False
0.7007689422355589,1.4270038806369598,110,1,-23.12720565997058,0.0,0.9999214192491888,7.843211429002682e-05,1.4863652115916106e-07,False
0.7007689422355589,1.4270038806369598,110,2,1257.0227959692227,0.0,0.9948892288482022,0.005107893849452112,2.8773023457747754e-06,True
0.7007426856714178,1.4270573499341606,110,0,-359.199433286296,0.0,0.999798736394684,8.798418063748037e-05,0.00011327942467860189,False
0.7007426856714178,1.4270573499341606,110,1,-25.18939232310754,0.0,0.9999109461704176,8.883817017994982e-05,2.156594024032927e-07,False
0.7007426856714178,1.4270573499341606,110,2,1175.2099550971632,0.0,0.9942555930423284,0.005742597639321687,1.8093183499954862e-06,True
0.7007164291072768,1.4271108232384602,110,0,-215.22129533885524,0.0,0.9999086375800939,2.0302151103664917e-06,8.93322047958213e-05,False
0.7007164291072768,1.4271108232384602,110,1,-36.31544275027122,0.0,0.9997221093039397,0.00027276098395318817,5.129712107141567e-06,False
0.7007164291072768,1.4271108232384602,110,2,1133.8612065660102,0.0,0.984024859569712,0.01596203314407549,1.3107286212599123e-05,True
0.7006901725431358,1.4271643005503094,110,0,-206.07627016928336,0.0,0.9999091528270997,1.5472138009450445e-06,8.92999590993164e-05,False
0.7006901725431358,1.4271643005503094,110,1,-36.88556459617788,0.0,0.9997095544128197,0.00028477385364523067,5.671733535047136e-06,False
0.7006901725431358,1.4271643005503094,110,2,1077.0688820803068,0.0,0.9824087876464195,0.0175741091962319,1.7103157348695145e-05,True
0.7006639159789947,1.4272177818701586,110,0,-404.5819719039624,0.0,0.9997658194446715,0.00011585974411418663,0.00011832081121429206,False
0.7006639159789947,1.4272177818701586,110,1,-23.88962562983495,0.0,0.9999168970847477,8.281429607778086e-05,2.8861917438969203e-07,False
0.7006639159789947,1.4272177818701586,110,2,997.6484178594292,0.0,0.9950330926488389,0.004962567828201229,4.339522959917694e-06,True
0.7006376594148537,1.4272712671984582,110,0,-663.9606965981711,0.0,0.9995437944434089,0.0003200431796653744,0.0001361623769257671,False
0.7006376594148537,1.4272712671984582,110,1,-14.671687267578754,0.0,0.999965068007814,3.484805553537635e-05,8.393665060978489e-08,False
0.7006376594148537,1.4272712671984582,110,2,1019.3461046381498,0.0,0.9974015186103239,0.002582682289743681,1.579909993248144e-05,True
0.7006114028507127,1.427324756535659,110,0,-925.9715015561407,0.0,0.9993797172093002,0.00047466672790963404,0.0001456160627902001,False
0.7006114028507127,1.427324756535659,110,1,-10.356830391619495,0.0,0.9999809202785122,1.900683432457105e-05,7.288716333346346e-08,False
0.7006114028507127,1.427324756535659,110,2,1061.0488040019181,0.0,0.9980947074106231,0.001883440547041813,2.1852042335123647e-05,True
0.7005851462865716,1.4273782498822118,110,0,-1285.7275868862414,0.0,0.9991911168245567,0.0006540573305463273,0.00015482584489690625,False
0.7005851462865716,1.4273782498822118,110,1,-6.708624273935262,0.0,0.9999906591017734,8.147640848919692e-06,1.1932573776797407e-06,False
0.7005851462865716,1.4273782498822118,110,2,1164.1723303741828,0.0,0.9985521772685126,0.0014208613196424766,2.6961411844903438e-05,True
0.7005588897224306,1.4274317472385674,110,0,-1708.0936413001543,0.0,0.9990260713437061,0.0008116566778016544,0.0001622719784921784,False
0.7005588897224306,1.4274317472385674,110,1,-4.468953407845638,0.0,0.9999940390829831,2.166125386389329e-06,3.7947916305857864e-06,False
0.7005588897224306,1.4274317472385674,110,2,1308.510806110671,0.0,0.9988201582306059,0.00114928749816075,3.055427123331645e-05,True
0.7005326331582895,1.4274852486051768,110,0,-1617.652224737583,0.0,0.999092698977817,0.0007474046677205452,0.0001598963544623719,False
0.7005326331582895,1.4274852486051768,110,1,-4.682979416033051,0.0,0.9999934150678652,3.5806340744114588e-06,3.004298060414965e-06,False
0.7005326331582895,1.4274852486051768,110,2,1193.5594653541825,0.0,0.9987984564101516,0.0011707652742317667,3.0778315616585536e-05,True
0.7005063765941485,1.4275387539824904,110,0,-978.6677125178193,0.0,0.9993189597511375,0.0005296737500085836,0.000151366498853899,False
0.7005063765941485,1.4275387539824904,110,1,-9.625514063554409,0.0,0.9999835932880766,1.6322591923516953e-05,8.411999989659819e-08,False
0.7005063765941485,1.4275387539824904,110,2,889.3444877928057,0.0,0.9984595340702506,0.0015124952320201533,2.7970697729342874e-05,True
0.7004801200300075,1.42759226337096,110,0,-496.0619776472618,0.0,0.999656986213188,0.0002105518352234732,0.000132461951588531,False
0.7004801200300075,1.42759226337096,110,1,-21.846077003178884,0.0,0.9999272513090913,7.191691028588497e-05,8.317806228554033e-07,False
0.7004801200300075,1.42759226337096,110,2,665.334460202637,0.0,0.996785946563332,0.0031982813258079343,1.5772110860046665e-05,True
0.7004538634658665,1.4276457767710358,110,0,-175.99575287625757,0.0,0.9999144413688766,9.46718762353102e-07,8.461191236100456e-05,False
0.7004538634658665,1.4276457767710358,110,1,-44.39477661305794,0.0,0.9992069263298454,0.0007489290036935254,4.4144666461047824e-05,False
0.7004538634658665,1.4276457767710358,110,2,651.0873931285294,0.0,0.9045700569381211,0.09507558592346443,0.00035435713841452894,True
0.7004276069017255,1.4276992941831697,110,0,-288.62796391990065,0.0,0.9997709136210294,0.0001827279277583328,4.6358451212288065e-05,False
0.7004276069017255,1.4276992941831697,110,1,-8.221027526692277,0.0,0.9984892929442911,3.128100165169977e-08,0.0015106757747072109,False
0.7004276069017255,1.4276992941831697,110,2,1061.1395026846924,0.0,0.9924714203692797,0.00721817421080718,0.00031040541991320694,True
0.7004013503375843,1.4277528156078123,110,0,-376.1753905666729,0.0,0.9997109343431217,0.00024528554425615976,4.3780112622003904e-05,False
0.7004013503375843,1.4277528156078123,110,1,0.44693213598864473,0.0,0.9974630887991471,0.00021919732315771613,0.002317713877695125,True
0.7004013503375843,1.4277528156078123,110,2,1301.7903255846359,0.0,0.995705963635799,0.004045696538673446,0.000248339825527617,True
0.7003750937734433,1.4278063410454156,110,0,-265.19731790149285,0.0,0.9997984047039683,0.00015226239484997405,4.933290118175109e-05,False
0.7003750937734433,1.4278063410454156,110,1,-13.514501731237857,0.0,0.9981378256316261,6.680903416250163e-05,0.0017953653342114497,False
0.7003750937734433,1.4278063410454156,110,2,949.3733146770446,0.0,0.991806912568475,0.007873496815041976,0.000319590616482942,True
0.7003488372093023,1.4278598704964305,110,0,-154.05133227577915,0.0,0.9998883313461816,5.2067676525394057e-05,5.960097729294131e-05,False
0.7003488372093023,1.4278598704964305,110,1,-32.381020968034385,0.0,0.9932308923343718,0.0032681123928548646,0.0035009952727733575,False
0.7003488372093023,1.4278598704964305,110,2,672.6555180090214,0.0,0.9482334010032561,0.05089921659249571,0.0008673824042480324,True
0.7003225806451613,1.4279134039613082,110,0,-199.5443241006481,0.0,0.9999085520786932,7.617636612280088e-09,9.144030367010055e-05,False
0.7003225806451613,1.4279134039613082,110,1,-44.99917549062553,0.0,0.9993701013330466,0.0006074167292920711,2.248193766120223e-05,False
0.7003225806451613,1.4279134039613082,110,2,552.8018834490372,0.0,0.8722504367327821,0.1272768313391315,0.00047273192808635185,True
0.7002963240810203,1.4279669414405003,110,0,-285.84847383869794,0.0,0.9998051427283899,7.261936864957384e-05,0.0001222379029604441,False
0.7002963240810203,1.4279669414405003,110,1,-34.203652748635484,0.0,0.9998479117704527,0.0001510478865150696,1.0403430322602372e-06,False
0.7002963240810203,1.4279669414405003,110,2,495.3859167171811,0.0,0.9921184517027682,0.007877860441617002,3.6878556147366735e-06,True
0.7002700675168791,1.428020482934459,110,0,-547.2153684106438,0.0,0.9996345681560946,0.00022722889751956957,0.00013820294638578157,False
0.7002700675168791,1.428020482934459,110,1,-20.66630097695462,0.0,0.9999313466074473,6.769183889333121e-05,9.615536592767565e-07,False
0.7002700675168791,1.428020482934459,110,2,515.7254789291271,0.0,0.9974079997812285,0.0025672618547032057,2.4738364068233517e-05,True
0.7002438109527381,1.428074028443635,110,0,-635.9341140681817,0.0,0.9995625002645314,0.0002935536720805967,0.00014394606338796428,False
0.7002438109527381,1.428074028443635,110,1,-16.83959013281593,0.0,0.9999528016959358,4.64653719799469e-05,7.32932084243394e-07,False
0.7002438109527381,1.428074028443635,110,2,526.7853093664615,0.0,0.9980254053929871,0.001944332708475725,3.0261898537124182e-05,True
0.7002175543885971,1.4281275779684806,110,0,-470.68164077972176,0.0,0.9996765891815861,0.00018693288403346064,0.00013647793438045794,False
0.7002175543885971,1.4281275779684806,110,1,-24.528328239826894,0.0,0.9999103094294335,8.822605887228058e-05,1.46451169430329e-06,False
0.7002175543885971,1.4281275779684806,110,2,456.037617946981,0.0,0.9968745287834494,0.0031022704074534103,2.320080909724742e-05,True
0.7079894973743436,1.412450331125828,420,0,-602.5049419721321,0.0,0.9999820087770959,6.131037258863734e-07,1.737811917824344e-05,False
0.7079894973743436,1.412450331125828,420,1,2.664663717530596,0.0,0.9999990640108561,8.2316246426587e-08,8.5367289745453e-07,True
0.7079894973743436,1.412450331125828,420,2,344176.69840584666,0.0,0.9978505547240827,0.002109055648412221,4.038962750508384e-05,True
0.7079632408102026,1.4125027153324892,420,0,-628.5368953756544,0.0,0.9999819047880175,6.26989753863991e-07,1.746822222849831e-05,False
0.7079632408102026,1.4125027153324892,420,1,2.461153931736087,0.0,0.999998910521057,7.622438298682891e-08,1.013254559916814e-06,True
0.7079632408102026,1.4125027153324892,420,2,93432.7047471597,0.0,0.9980935145322152,0.0018677624002788236,3.872306750598704e-05,True
0.7079369842460614,1.41255510342489,420,0,-627.5294433599183,0.0,0.9999818158419059,6.201017718851213e-07,1.7564056322044057e-05,False
0.7079369842460614,1.41255510342489,420,1,2.1671027086029335,0.0,0.999998796546688,6.95994293614683e-08,1.1338538826497863e-06,True
0.7079369842460614,1.41255510342489,420,2,54490.893301086006,0.0,0.9982923991192285,0.0016702711246437151,3.732975612784567e-05,True
0.7079107276819204,1.4126074954034622,420,0,-646.1217927393864,0.0,0.9999816808765113,6.540019596724598e-07,1.766512152895743e-05,False
0.7079107276819204,1.4126074954034622,420,1,1.8939636437233658,0.0,0.9999986406430992,6.691202837078886e-08,1.2924448724850058e-06,True
0.7079107276819204,1.4126074954034622,420,2,38595.23477778195,0.0,0.9984415246352575,0.0015222009874657268,3.627437727680555e-05,True
0.7078844711177794,1.4126598912686386,420,0,-580.8359429415724,0.0,0.9999817760658217,4.668866863575555e-07,1.7757047491995403e-05,False
0.7078844711177794,1.4126598912686386,420,1,1.6404754460599529,0.0,0.9999987640434327,4.610429536427812e-08,1.1898522719925577e-06,True
0.7078844711177794,1.4126598912686386,420,2,30315.85318095709,0.0,0.9986538169057314,0.001311489680000256,3.469341426829089e-05,True
0.7078582145536384,1.4127122910208516,420,0,-505.6843767607877,0.0,0.999981859782677,3.008496125104401e-07,1.783936771048816e-05,False
0.7078582145536384,1.4127122910208516,420,1,1.3252645986645664,0.0,0.9999988384204659,2.7504393013396007e-08,1.1340751411587604e-06,True
0.7078582145536384,1.4127122910208516,420,2,25197.44169494648,0.0,0.9988509509647711,0.0011158882257013669,3.31608095276415e-05,True
0.7078319579894974,1.4127646946605337,420,0,-583.619091981087,0.0,0.9999816092159252,4.4206091472799285e-07,1.7948723160123138e-05,False
0.7078319579894974,1.4127646946605337,420,1,1.110624593574758,0.0,0.9999985006961898,3.5396860424054205e-08,1.4639069497601818e-06,True
0.7078319579894974,1.4127646946605337,420,2,21269.775533324053,0.0,0.9988797889241495,0.0010872067189607124,3.3004356889851376e-05,True
0.7078057014253563,1.412817102188118,420,0,-715.2624120988862,0.0,0.9999811649307786,7.617345078416131e-07,1.8073334713569444e-05,False
0.7078057014253563,1.412817102188118,420,1,0.9943524081758746,0.0,0.9999979300336056,5.2509489907912095e-08,2.017456904589214e-06,True
0.7078057014253563,1.412817102188118,420,2,18242.707546875703,0.0,0.9988121416110849,0.0011541959612968377,3.36624276183428e-05,True
0.7077794448612152,1.4128695136040363,420,0,-838.8703557752153,0.0,0.9999806867389078,1.1032335892076424e-06,1.8210027502998238e-05,False
0.7077794448612152,1.4128695136040363,420,1,0.850104164612991,0.0,0.9999974363277301,6.659444063020116e-08,2.4970778292352767e-06,True
0.7077794448612152,1.4128695136040363,420,2,15962.356644910553,0.0,0.9987174686019693,0.001248002928330259,3.452846970042162e-05,True
0.7077531882970742,1.412921928908722,420,0,-974.6863482258948,0.0,0.9999801611854499,1.4818315388167102e-06,1.8356983011338187e-05,False
0.7077531882970742,1.412921928908722,420,1,0.7306370858272228,0.0,0.9999970071159423,7.960052915645792e-08,2.9132835286005477e-06,True
0.7077531882970742,1.412921928908722,420,2,14170.592855502991,0.0,0.998574494135004,0.0013897558509337045,3.575001406225817e-05,True
0.7077269317329332,1.4129743481026076,420,0,-1161.447796379014,0.0,0.9999793745696797,2.106797322950818e-06,1.8518632997353323e-05,False
0.7077269317329332,1.4129743481026076,420,1,0.6704185989439779,0.0,0.9999963535462882,9.798111323641809e-08,3.5484725985883325e-06,True
0.7077269317329332,1.4129743481026076,420,2,12651.09398401392,0.0,0.9982128564110121,0.0017486135277446416,3.853006124320588e-05,True
0.7077006751687922,1.4130267711861262,420,0,-1379.4434471086533,0.0,0.9999785154297236,2.7873538044338968e-06,1.869721647197904e-05,False
0.7077006751687922,1.4130267711861262,420,1,0.5409108718684166,0.0,0.9999959121237998,1.1776500613750498e-07,3.970111193987837e-06,True
0.7077006751687922,1.4130267711861262,420,2,11411.919387836713,0.0,0.9976057144751426,0.0023515490409722964,4.273648388513577e-05,True
0.7076744186046511,1.413079198159711,420,0,-1238.1268286866873,0.0,0.999978900704075,2.3322719569995535e-06,1.8767023968021532e-05,False
0.7076744186046511,1.413079198159711,420,1,0.3962968503967099,0.0,0.9999959884553479,9.282936602040892e-08,3.918715286161385e-06,True
0.7076744186046511,1.413079198159711,420,2,10641.861862921636,0.0,0.9980559485414172,0.0019042204696104665,3.983098897233647e-05,True
0.7076481620405101,1.4131316290237943,420,0,-924.5084025075645,0.0,0.9999798923468726,1.3296867738302748e-06,1.8777966353581408e-05,False
0.7076481620405101,1.4131316290237943,420,1,-0.006581498872341497,0.0,0.9999964915173993,4.902179827250597e-08,3.459460802460674e-06,False
0.7076481620405101,1.4131316290237943,420,2,10207.913082164372,0.0,0.9988183285074672,0.0011474374807274265,3.423401180543406e-05,True
0.707621905476369,1.4131840637788098,420,0,-710.6819776328657,0.0,0.9999805297562295,6.758897164933768e-07,1.8794354053897647e-05,False
0.707621905476369,1.4131840637788098,420,1,-0.40731601013606256,0.0,0.9999967520203,1.8387896194273613e-08,3.2295918037955613e-06,False
0.707621905476369,1.4131840637788098,420,2,9878.048257356932,0.0,0.9991902553866827,0.0007786605619046008,3.10840514128151e-05,True
0.707595648912228,1.4132365024251905,420,0,-537.9656123088166,0.0,0.999980977010044,2.343808834609203e-07,1.878860907259133e-05,False
0.707595648912228,1.4132365024251905,420,1,-0.9271295729441913,0.0,0.9999967183081611,1.6201772311068938e-09,3.280071661743713e-06,False
0.707595648912228,1.4132365024251905,420,2,9674.96234838752,0.0,0.9994208149945844,0.0005503021229869088,2.8882882428784316e-05,True
0.707569392348087,1.413288944963369,420,0,-379.5647169818135,0.0,0.9999812940868836,6.273920385606848e-09,1.869963919604332e-05,False
0.707569392348087,1.413288944963369,420,1,-1.7023684452626944,0.0,0.9999958942779904,5.1629665423880025e-09,4.100559043117068e-06,False
0.707569392348087,1.413288944963369,420,2,9660.439651686222,0.0,0.9995869638409423,0.00038594497461528473,2.7091184442413635e-05,True
0.7075431357839459,1.4133413913937796,420,0,-333.4228985914065,0.0,0.9999813380772656,8.668413234962974e-09,1.8653254321204594e-05,False
0.7075431357839459,1.4133413913937796,420,1,-2.0321924456669644,0.0,0.999994222971331,1.2916376879164406e-08,5.764112292132222e-06,False
0.7075431357839459,1.4133413913937796,420,2,9470.14936576769,0.0,0.9996455855795177,0.00032794581077883817,2.6468609703419687e-05,True
0.7075168792198049,1.4133938417168548,420,0,-420.9697765012732,0.0,0.9999810604331462,1.6578857294073742e-08,1.8922987996589783e-05,False
0.7075168792198049,1.4133938417168548,420,1,-1.9359375951981548,0.0,0.9999952367271153,5.503313524792224e-09,4.757769571140483e-06,False
0.7075168792198049,1.4133938417168548,420,2,8858.561791534492,0.0,0.9996057081895925,0.0003671762992732682,2.711551113420132e-05,True
0.7074906226556639,1.4134462959330285,420,0,-504.95814780276237,0.0,0.9999807449846311,1.2489328509996263e-07,1.9130122083909532e-05,False
0.7074906226556639,1.4134462959330285,420,1,-1.735921876496091,0.0,0.9999952043835317,8.588264534246402e-10,4.7947576417871505e-06,False
0.7074906226556639,1.4134462959330285,420,2,8296.980672249967,0.0,0.9995491366346833,0.0004229124644809312,2.795090083590318e-05,True
0.7074643660915229,1.4134987540427335,420,0,-586.0405630689595,0.0,0.9999804480139776,2.420536830474823e-07,1.9309932339341985e-05,False
0.7074643660915229,1.4134987540427335,420,1,-1.6834930534784869,0.0,0.9999952164899091,2.961791062466831e-11,4.78348047304222e-06,False
0.7074643660915229,1.4134987540427335,420,2,7874.513988613977,0.0,0.9995080981054012,0.0004633294620189347,2.857243257989991e-05,True
0.7074381095273818,1.4135512160464043,420,0,-659.2879590957027,0.0,0.9999801009529218,4.155516562053543e-07,1.9483495422060394e-05,False
0.7074381095273818,1.4135512160464043,420,1,-1.6926415989962051,0.0,0.9999950292035105,4.391039783834624e-10,4.970357385505719e-06,False
0.7074381095273818,1.4135512160464043,420,2,7472.442550582528,0.0,0.9994466586892224,0.0005239283875402724,2.941292323722422e-05,True
0.7074118529632408,1.413603681944474,420,0,-784.2762559349424,0.0,0.9999796196522496,7.033910581888588e-07,1.9676956692277545e-05,False
0.7074118529632408,1.413603681944474,420,1,-1.5360526808065755,0.0,0.9999948736632548,2.9768679020565725e-09,5.1233598773632534e-06,False
0.7074118529632408,1.413603681944474,420,2,7074.989874207536,0.0,0.9993327274811408,0.0006364972419217081,3.0775276937603223e-05,True
0.7073855963990997,1.413656151737376,420,0,-871.8685492747484,0.0,0.9999792114599482,9.399072058855156e-07,1.9848632845950042e-05,False
0.7073855963990997,1.413656151737376,420,1,-1.5879413943441916,0.0,0.9999947347642999,5.597593389648683e-09,5.259638106803011e-06,False
0.7073855963990997,1.413656151737376,420,2,6755.789824940735,0.0,0.9992283042031428,0.0007397229194093642,3.197287744786755e-05,True
0.7073593398349587,1.4137086254255444,420,0,-807.1612194514034,0.0,0.9999793384165157,7.448482770470645e-07,1.991673520731986e-05,False
0.7073593398349587,1.4137086254255444,420,1,-1.7797445580145181,0.0,0.9999943884940935,1.5028074347945097e-09,5.6100030990465385e-06,False
0.7073593398349587,1.4137086254255444,420,2,6626.337472676487,0.0,0.9993336768688232,0.0006352503733935007,3.107275778327502e-05,True
0.7073330832708177,1.4137611030094128,420,0,-728.6982725271174,0.0,0.9999795052792303,5.272300663681548e-07,1.9967490703347137e-05,False
0.7073330832708177,1.4137611030094128,420,1,-2.0538502722529044,0.0,0.9999939123229469,1.1383252128118661e-11,6.087665669901506e-06,False
0.7073330832708177,1.4137611030094128,420,2,6544.747419829708,0.0,0.9994389897597779,0.0005309084439966021,3.01017962254385e-05,True
0.7073068267066767,1.413813584489415,420,0,-754.3599988312735,0.0,0.9999793479467548,5.541209979222039e-07,2.009793224717735e-05,False
0.7073068267066767,1.413813584489415,420,1,-2.1443857383807408,0.0,0.9999937793560675,6.983265335034289e-11,6.2205740998366114e-06,False
0.7073068267066767,1.413813584489415,420,2,6368.016021274968,0.0,0.9994344885288505,0.0005352022046120995,3.0309266537387607e-05,True
0.7072805701425356,1.413866069865985,420,0,-746.8753763634372,0.0,0.9999792487138561,5.46163912099335e-07,2.0205122231830872e-05,False
0.7072805701425356,1.413866069865985,420,1,-2.277810812811152,0.0,0.9999933505572112,4.3633468587052055e-10,6.649006454213358e-06,False
0.7072805701425356,1.413866069865985,420,2,6220.007634373529,0.0,0.9994437489605569,0.0005258806348765481,3.0370404566573607e-05,True
0.7072543135783946,1.4139185591395569,420,0,-763.165957350004,0.0,0.9999791191867065,5.546598200518396e-07,2.0326153473526054e-05,False
0.7072543135783946,1.4139185591395569,420,1,-2.321374003947449,0.0,0.9999930892673614,8.997093985895958e-10,6.9098329291228865e-06,False
0.7072543135783946,1.4139185591395569,420,2,6079.837860855491,0.0,0.9994450072047678,0.0005244716820074546,3.0521113224765977e-05,True
0.7072280570142535,1.4139710523105646,420,0,-770.927509812337,0.0,0.9999789802948881,5.686231983507863e-07,2.0451081913597783e-05,False
0.7072280570142535,1.4139710523105646,420,1,-2.468837785393437,0.0,0.9999928634506537,1.3711082641125124e-09,7.135178237991902e-06,False
0.7072280570142535,1.4139710523105646,420,2,5947.035439839283,0.0,0.9994428922382261,0.0005263935994130967,3.071416236080467e-05,True
0.7072018004501125,1.4140235493794422,420,0,-692.5820106379557,0.0,0.999979170060002,3.504819699824593e-07,2.0479458027980098e-05,False
0.7072018004501125,1.4140235493794422,420,1,-2.701913659306203,0.0,0.9999919651528489,6.827109799178614e-09,8.028020041349971e-06,False
0.7072018004501125,1.4140235493794422,420,2,5949.699937551493,0.0,0.9995382039904316,0.0004320334730963738,2.9762536472022852e-05,True
0.7071755438859715,1.4140760503466236,420,0,-641.0993630139462,0.0,0.9999792463024606,2.313190967883846e-07,2.0522378442574856e-05,False
0.7071755438859715,1.4140760503466236,420,1,-2.875978042669598,0.0,0.9999908275904432,1.3459805601363842e-08,9.158949751173795e-06,False
0.7071755438859715,1.4140760503466236,420,2,5933.909954056983,0.0,0.9995900672321887,0.00038065309923035506,2.927966858092595e-05,True
0.7071492873218305,1.4141285552125435,420,0,-738.0154523779452,0.0,0.9999788280633701,4.180720438289671e-07,2.0753864585907783e-05,False
0.7071492873218305,1.4141285552125435,420,1,-2.838577666307888,0.0,0.9999916412623268,7.828778468119371e-09,8.35090889475383e-06,False
0.7071492873218305,1.4141285552125435,420,2,5721.1834312371175,0.0,0.9995145101451476,0.0004550917407293498,3.0398114123066113e-05,True
0.7071230307576895,1.4141810639776362,420,0,-847.4696859463988,0.0,0.9999782851850925,7.342458416614404e-07,2.0980569065942937e-05,False
0.7071230307576895,1.4141810639776362,420,1,-2.696136582148028,0.0,0.9999918123448253,3.0745801496007646e-09,8.184580594560237e-06,False
0.7071230307576895,1.4141810639776362,420,2,5490.849347193398,0.0,0.9993719493059174,0.0005958242721625127,3.222642191997241e-05,True
0.7070967741935483,1.414233576642336,420,0,-992.2545126712976,0.0,0.9999777112812244,1.07789377539058e-06,2.1210825000174027e-05,False
0.7070967741935483,1.414233576642336,420,1,-2.558998569879305,0.0,0.9999923026192562,4.559966535252278e-10,7.6969247472015e-06,False
0.7070967741935483,1.414233576642336,420,2,5300.743618331677,0.0,0.9991770692553089,0.0007884873783222613,3.44433663688544e-05,True
0.7070705176294073,1.4142860932070769,420,0,-1093.4220355035422,0.0,0.9999771336896786,1.4559972622776046e-06,2.1410313059117214e-05,False
0.7070705176294073,1.4142860932070769,420,1,-2.5455801406716616,0.0,0.9999921307019516,7.531078567584481e-12,7.869290517361275e-06,False
0.7070705176294073,1.4142860932070769,420,2,5128.945677070662,0.0,0.998879349464372,0.0010832108609947126,3.7439674633271575e-05,True
0.7070442610652663,1.4143386136722935,420,0,-1327.9494292012714,0.0,0.9999762026129183,2.1341522226391532e-06,2.166323485900844e-05,False
0.7070442610652663,1.4143386136722935,420,1,-2.280125018399441,0.0,0.9999923050799036,2.5930852352739053e-09,7.692327011249853e-06,False
0.7070442610652663,1.4143386136722935,420,2,4937.629953024851,0.0,0.9979267893139586,0.002028047120709996,4.516356533136428e-05,True
0.7070180045011253,1.4143911380384209,420,0,-1467.0895760664373,0.0,0.9999755336173846,2.60122290689957e-06,2.186515970861864e-05,False
0.7070180045011253,1.4143911380384209,420,1,-2.32015051141705,0.0,0.999992251537067,5.775228271095262e-09,7.742687704852913e-06,False
0.7070180045011253,1.4143911380384209,420,2,4803.390668774132,0.0,0.9964892958688271,0.0034558803228910166,5.482380828191126e-05,True
0.7069917479369843,1.4144436663058932,420,0,-1274.6132686844394,0.0,0.9999761176460967,1.98526006068449e-06,2.189709384256325e-05,False
0.7069917479369843,1.4144436663058932,420,1,-2.4967449571713733,0.0,0.999991831293856,2.5540699496764897e-10,8.168450737005244e-06,False
0.7069917479369843,1.4144436663058932,420,2,4807.340883620515,0.0,0.9981303394109153,0.0018254460633808087,4.4214525703724036e-05,True
0.7069654913728431,1.4144961984751456,420,0,-982.9870975616659,0.0,0.9999771131873993,1.0549831977063569e-06,2.1831829402910082e-05,False
0.7069654913728431,1.4144961984751456,420,1,-2.983625313697814,0.0,0.9999908445429415,6.475360684942649e-09,9.148981697844534e-06,False
0.7069654913728431,1.4144961984751456,420,2,4925.207609806723,0.0,0.9991566960156906,0.0008075942471741035,3.570973713526255e-05,True
0.7069392348087021,1.4145487345466123,420,0,-783.6857741154853,0.0,0.9999777800856077,4.703056748736294e-07,2.1749608717386492e-05,False
0.7069392348087021,1.4145487345466123,420,1,-3.325472793997658,0.0,0.999988693904925,2.753648682692593e-08,1.127855858811577e-05,False
0.7069392348087021,1.4145487345466123,420,2,5075.463459326548,0.0,0.9994786517797696,0.000488988512350703,3.235970787970606e-05,True
0.7069129782445611,1.414601274520728,420,0,-626.9481759242019,0.0,0.9999782974316672,9.677892042998579e-08,2.1605789412380656e-05,False
0.7069129782445611,1.414601274520728,420,1,-3.6395534216804686,0.0,0.9999843733168576,5.6743254219793644e-08,1.556993988810798e-05,False
0.7069129782445611,1.414601274520728,420,2,5301.340009610167,0.0,0.9996481162972839,0.0003215941664661441,3.0289536249959928e-05,True
0.7068867216804201,1.4146538183979285,420,0,-501.99620188224424,0.0,0.999978645282639,1.1082768749400508e-08,2.134363459232561e-05,False
0.7068867216804201,1.4146538183979285,420,1,-3.7049167468871262,0.0,0.9999729722834996,6.609247428432763e-08,2.6961624026141997e-05,False
0.7068867216804201,1.4146538183979285,420,2,5626.896322190287,0.0,0.9997478636284727,0.00022323399430598147,2.8902377221312145e-05,True
0.7068604651162791,1.414706366178648,420,0,-465.93709746080987,0.0,0.9999786401261798,4.0530001810722084e-08,2.1319343818404123e-05,False
0.7068604651162791,1.414706366178648,420,1,-3.5405608500487014,0.0,0.9999637269198532,5.764012378393973e-08,3.62154400228811e-05,False
0.7068604651162791,1.414706366178648,420,2,5706.36962694669,0.0,0.9997625101540304,0.00020865319803691632,2.8836647932712003e-05,True
0.706834208552138,1.4147589178633215,420,0,-596.0662835421588,0.0,0.99997815789565,1.0083725357427136e-08,2.1832020624663046e-05,False
0.706834208552138,1.4147589178633215,420,1,-3.876861132108918,0.0,0.9999801790937262,7.353101904201149e-08,1.974737525476273e-05,False
0.706834208552138,1.4147589178633215,420,2,5447.707889582415,0.0,0.9996995641527188,0.00027035396972588795,3.0081877555404e-05,True
0.706807951987997,1.4148114734523842,420,0,-617.0055184122075,0.0,0.9999778597249136,8.090088004505042e-08,2.2059374206460506e-05,False
0.706807951987997,1.4148114734523842,420,1,-3.74807426641122,0.0,0.9999803485390095,7.331334456138351e-08,1.9578147645997192e-05,False
0.706807951987997,1.4148114734523842,420,2,5288.460384511179,0.0,0.9996425785593333,0.00032624088846568594,3.1180552201130426e-05,True
0.7067816954238559,1.4148640329462714,420,0,-731.148976782795,0.0,0.9999774344402743,1.9450533383082354e-07,2.2371054391796436e-05,False
0.7067816954238559,1.4148640329462714,420,1,-3.7727160487586002,0.0,0.9999849474195415,6.10803771643466e-08,1.4991500081286017e-05,False
0.7067816954238559,1.4148640329462714,420,2,5176.986786349934,0.0,0.9995768508878866,0.000390810918201752,3.2338193911632466e-05,True
0.7067554388597149,1.414916596345418,420,0,-775.137577753378,0.0,0.999977038801783,3.642177176829095e-07,2.2596980499378217e-05,False
0.7067554388597149,1.414916596345418,420,1,-3.7385596060492894,0.0,0.9999853230667165,5.474735838696652e-08,1.4622185925102454e-05,False
0.7067554388597149,1.414916596345418,420,2,5058.906618077163,0.0,0.999483152104058,0.00048300794880748595,3.383994713442611e-05,True
0.7067291822955739,1.4149691636502597,420,0,-923.92256621513,0.0,0.9999764269483536,6.695396356160454e-07,2.2903512010751435e-05,False
0.7067291822955739,1.4149691636502597,420,1,-3.562393792465566,0.0,0.9999877135563571,3.714674494759874e-08,1.2249296898007158e-05,False
0.7067291822955739,1.4149691636502597,420,2,4928.589554958228,0.0,0.9992989789931682,0.0006646824518325545,3.633855499922586e-05,True
0.7067029257314328,1.4150217348612315,420,0,-945.8934583497822,0.0,0.9999761338111742,7.881832870000889e-07,2.307800553877015e-05,False
0.7067029257314328,1.4150217348612315,420,1,-3.654857314514031,0.0,0.999987623636043,3.560434610912782e-08,1.2340759610764077e-05,False
0.7067029257314328,1.4150217348612315,420,2,4882.342706938267,0.0,0.9992030352522314,0.000759269885230999,3.769486253763536e-05,True
0.7066766691672918,1.4150743099787686,420,0,-890.0125813228175,0.0,0.9999763258947075,5.502105534773099e-07,2.3123894739001926e-05,False
0.7066766691672918,1.4150743099787686,420,1,-3.6714336633333335,0.0,0.9999865214835519,5.0530751594870155e-08,1.3427985696563346e-05,False
0.7066766691672918,1.4150743099787686,420,2,4962.710941621326,0.0,0.9993439972654906,0.0006196900815551011,3.63126529543219e-05,True
0.7066504126031508,1.415126889003307,420,0,-799.3007351451269,0.0,0.9999764508237926,3.9459381738109586e-07,2.3154582389983636e-05,False
0.7066504126031508,1.415126889003307,420,1,-3.878251153139499,0.0,0.9999840841087915,6.855592203434172e-08,1.5847335286427117e-05,False
0.7066504126031508,1.415126889003307,420,2,5031.728880769814,0.0,0.9994225999788436,0.0005418100997625839,3.558992139376167e-05,True
0.7066241560390097,1.415179471935282,420,0,-882.7984775924527,0.0,0.9999761833686704,4.5107641358331363e-07,2.3365554915989333e-05,False
0.7066241560390097,1.415179471935282,420,1,-3.7864285688290855,0.0,0.9999859053077101,6.147711908300838e-08,1.4033215170787176e-05,False
0.7066241560390097,1.415179471935282,420,2,5022.571269935571,0.0,0.999375003406594,0.0005885559591295821,3.644063427640396e-05,True
0.7065978994748687,1.4152320587751288,420,0,-790.8573181267628,0.0,0.9999761843122504,3.969640754488141e-07,2.3418723674021487e-05,False
0.7065978994748687,1.4152320587751288,420,1,-3.9484901171737157,0.0,0.9999827838173582,7.891643941890729e-08,1.713726620240911e-05,False
0.7065978994748687,1.4152320587751288,420,2,5053.734502707444,0.0,0.9993922491559161,0.0005712511125918543,3.64997314921173e-05,True
0.7065716429107276,1.4152846495232838,420,0,-905.9525036473748,0.0,0.9999758856452184,4.5880399238087835e-07,2.3655550789202926e-05,False
0.7065716429107276,1.4152846495232838,420,1,-3.777256716014744,0.0,0.9999856362947226,6.682925634469e-08,1.4296876021139926e-05,False
0.7065716429107276,1.4152846495232838,420,2,5053.931858798039,0.0,0.9993365831878197,0.0006259611068503102,3.745570532999743e-05,True
0.7065453863465866,1.415337244180182,420,0,-790.7801449448809,0.0,0.9999759315076638,3.7857505609983004e-07,2.3689917280122406e-05,False
0.7065453863465866,1.415337244180182,420,1,-4.040467787715132,0.0,0.9999820035922117,8.799148860854802e-08,1.790841629963982e-05,False
0.7065453863465866,1.415337244180182,420,2,5103.650416462212,0.0,0.99937060328897,0.000592082880859868,3.731383017016827e-05,True
0.7065191297824456,1.41538984274626,420,0,-798.6981892180956,0.0,0.999976052747403,1.9678346668874612e-07,2.3750469130357016e-05,False
0.7065191297824456,1.41538984274626,420,1,-3.9614833064093764,0.0,0.9999819620383451,9.792460496384918e-08,1.7940037049899116e-05,False
0.7065191297824456,1.41538984274626,420,2,5248.480628772208,0.0,0.9994739587304636,0.0004898705517673442,3.617071776908751e-05,True
0.7064928732183046,1.4154424452219527,420,0,-705.9220243041864,0.0,0.9999760891602233,1.4094601885491968e-07,2.3769893757842626e-05,False
0.7064928732183046,1.4154424452219527,420,1,-4.049597927352349,0.0,0.9999768666929207,1.1851242116028755e-07,2.3014794658044324e-05,False
0.7064928732183046,1.4154424452219527,420,2,5322.792294460831,0.0,0.9994972625615804,0.0004666216751503473,3.6115763269269696e-05,True
0.7064666166541635,1.4154950516076965,420,0,-875.0092406666864,0.0,0.9999754429357073,3.8169668982675444e-07,2.4175367602864413e-05,False
0.7064666166541635,1.4154950516076965,420,1,-3.9954720968216044,0.0,0.9999836669135617,8.701289796489068e-08,1.6246073540322832e-05,False
0.7064666166541635,1.4154950516076965,420,2,5218.558123117584,0.0,0.999308433668122,0.0006526186791603584,3.8947652717571065e-05,True
0.7064403600900224,1.4155476619039278,420,0,-940.7113819823968,0.0,0.9999748727968539,6.787644900288739e-07,2.444843865596009e-05,False
0.7064403600900224,1.4155476619039278,420,1,-3.88961235232912,0.0,0.9999843034845293,7.440931519204227e-08,1.5622106155632262e-05,False
0.7064403600900224,1.4155476619039278,420,2,5139.8276472719745,0.0,0.9990340207343549,0.0009234006495160317,4.257861612920338e-05,True
0.7064141035258814,1.4156002761110815,420,0,-1089.7815735092518,0.0,0.9999742224474757,1.0195445501857943e-06,2.4758007974188745e-05,False
0.7064141035258814,1.4156002761110815,420,1,-3.8004811364376745,0.0,0.9999866648552013,5.118652741616514e-08,1.3283958271238761e-05,False
0.7064141035258814,1.4156002761110815,420,2,5090.428465123315,0.0,0.9986057178965493,0.0013467964111310742,4.748569231956465e-05,True
0.7063878469617404,1.415652894229595,420,0,-1206.4624160401709,0.0,0.9999734891315161,1.4744223172978036e-06,2.503644616656425e-05,False
0.7063878469617404,1.415652894229595,420,1,-3.6237790910557397,0.0,0.9999872081785033,3.703164122763035e-08,1.2754789855460002e-05,False
0.7063878469617404,1.415652894229595,420,2,5041.433085640343,0.0,0.9976925370312086,0.002251148150843465,5.631481794787278e-05,True
0.7063615903975994,1.4157055162599037,420,0,-1437.4190810804218,0.0,0.9999723581727706,2.257438960112118e-06,2.5384388269186302e-05,False
0.7063615903975994,1.4157055162599037,420,1,-3.4372785522029283,0.0,0.9999884381673602,1.576964159691058e-08,1.154606299823368e-05,False
0.7063615903975994,1.4157055162599037,420,2,4979.452725655713,0.0,0.9936268831528547,0.006287025509638716,8.609133750657127e-05,True
0.7063353338334584,1.415758142202444,420,0,-1492.9417919631424,0.0,0.9999720006074465,2.4211795456697786e-06,2.557821300788367e-05,False
0.7063353338334584,1.415758142202444,420,1,-3.3867824436987637,0.0,0.99998862080212,1.3551657709940634e-08,1.1365646222338143e-05,False
0.7063353338334584,1.415758142202444,420,2,5000.311258027191,0.0,0.9912774299011167,0.008621223681449332,0.0001013464174340309,True
0.7063090772693172,1.4158107720576525,420,0,-1208.0416352740046,0.0,0.9999729902238271,1.5071956883393025e-06,2.5502580484434342e-05,False
0.7063090772693172,1.4158107720576525,420,1,-3.66488974251703,0.0,0.9999867310411382,4.5148128291279115e-08,1.3223810733539485e-05,False
0.7063090772693172,1.4158107720576525,420,2,5152.6678708179,0.0,0.9972341441546422,0.002704179542933157,6.167630242478072e-05,True
0.7062828207051762,1.4158634058259647,420,0,-969.0164877413898,0.0,0.9999739678337444,6.723020102394622e-07,2.5359864245358515e-05,False
0.7062828207051762,1.4158634058259647,420,1,-3.976735350945592,0.0,0.9999836730411009,9.526618968565693e-08,1.6231692709434323e-05,False
0.7062828207051762,1.4158634058259647,420,2,5391.938093415546,0.0,0.9987690108236658,0.0011833145601451859,4.767461618905951e-05,True
0.7062565641410352,1.415916043507818,420,0,-793.2309570182167,0.0,0.9999746154681901,1.9876777746744321e-07,2.5185764032389862e-05,False
0.7062565641410352,1.415916043507818,420,1,-4.072859742347863,0.0,0.9999774808413068,1.4884749834641423e-07,2.237031119485796e-05,False
0.7062565641410352,1.415916043507818,420,2,5674.741939902562,0.0,0.9992398568949473,0.0007178170449101152,4.232606014261453e-05,True
0.7062303075768942,1.4159686851036484,420,0,-640.6115790661004,0.0,0.9999751156102361,6.794395499389584e-12,2.4884382969508517e-05,False
0.7062303075768942,1.4159686851036484,420,1,-4.048885398508074,0.0,0.9999624811086205,1.729639935822092e-07,3.7345927385930584e-05,False
0.7062303075768942,1.4159686851036484,420,2,6071.985637739046,0.0,0.9995005811152613,0.0004605989133882364,3.881997135046512e-05,True
0.7062040510127532,1.4160213306138925,420,0,-568.4857622172137,0.0,0.9999752509618203,1.409533520481274e-07,2.4608084827577826e-05,False
0.7062040510127532,1.4160213306138925,420,1,-3.5899071841307357,0.0,0.9999362958500154,1.0821360472719811e-07,6.35959363799237e-05,False
0.7062040510127532,1.4160213306138925,420,2,6493.3104196301365,0.0,0.9996136372027459,0.0003491899624598415,3.717283479430016e-05,True
0.7061777944486122,1.4160739800389872,420,0,-571.8909162104486,0.0,0.999975084737398,9.74895885963664e-08,2.481777301323384e-05,False
0.7061777944486122,1.4160739800389872,420,1,-3.6736029070190708,0.0,0.9999391512985478,1.267839419994372e-07,6.072191751014781e-05,False
0.7061777944486122,1.4160739800389872,420,2,6567.543452637156,0.0,0.9995764793461617,0.00038540096808279144,3.811968575550534e-05,True
0.706151537884471,1.4161266333793692,420,0,-675.6479681193706,0.0,0.9999746093526056,2.000747685074919e-10,2.5390447319648285e-05,False
0.706151537884471,1.4161266333793692,420,1,-4.0987514074595035,0.0,0.9999653659367109,1.7529741834586454e-07,3.4458765870659244e-05,False
0.706151537884471,1.4161266333793692,420,2,6441.627495371177,0.0,0.999416276811308,0.000542655212499307,4.106797619277756e-05,True
0.70612528132033,1.4161792906354749,420,0,-700.4588358279399,0.0,0.9999742811928036,3.3939618903602204e-08,2.568486757754607e-05,False
0.70612528132033,1.4161792906354749,420,1,-4.024420142874706,0.0,0.9999682682721728,1.8274992358287765e-07,3.154897790370212e-05,False
0.70612528132033,1.4161792906354749,420,2,6447.682390427854,0.0,0.9992739249596037,0.0006825322228817437,4.3542817514599e-05,True
0.706099024756189,1.416231951807741,420,0,-797.9035241363293,0.0,0.9999738216560834,1.2260149448505465e-07,2.6055742422050676e-05,False
0.706099024756189,1.416231951807741,420,1,-4.140601918033349,0.0,0.9999761671903945,1.6148710117851361e-07,2.3671322504392777e-05,False
0.706099024756189,1.416231951807741,420,2,6478.444903582158,0.0,0.9990794284650882,0.0008739777023044198,4.659383260728388e-05,True
0.706072768192048,1.4162846168966048,420,0,-843.4626377807476,0.0,0.9999733321702258,3.0005289673206137e-07,2.6367776877428555e-05,False
0.706072768192048,1.4162846168966048,420,1,-4.041497713667829,0.0,0.9999779883470383,1.4929242041025564e-07,2.1862360541151474e-05,False
0.706072768192048,1.4162846168966048,420,2,6495.5112282195205,0.0,0.9987448974912857,0.0012038675870726866,5.123492164169052e-05,True
0.706046511627907,1.4163372859025032,420,0,-991.2273298726225,0.0,0.9999726417018697,5.958116563935113e-07,2.676248647382223e-05,False
0.706046511627907,1.4163372859025032,420,1,-3.9414461604510094,0.0,0.9999828237736483,1.0920077135099162e-07,1.7067025580454216e-05,False
0.706046511627907,1.4163372859025032,420,2,6520.750601816921,0.0,0.9981206428720268,0.001820653869666862,5.8703258306226625e-05,True
0.7060202550637659,1.4163899588258737,420,0,-937.6148707234117,0.0,0.9999725803757588,5.45153797426509e-07,2.6874470443817464e-05,False
0.7060202550637659,1.4163899588258737,420,1,-4.01281669732838,0.0,0.9999812178344636,1.234154224362754e-07,1.8658750113939055e-05,False
0.7060202550637659,1.4163899588258737,420,2,6685.114799063487,0.0,0.9980984660805187,0.0018420732896339699,5.946062984734906e-05,True
0.7059939984996249,1.416442635667152,420,0,-883.0665921443277,0.0,0.9999728118827201,3.020221574405291e-07,2.688609512243139e-05,False
0.7059939984996249,1.416442635667152,420,1,-3.967151448121438,0.0,0.9999792627705559,1.471896926690517e-07,2.059003975147478e-05,False
0.7059939984996249,1.416442635667152,420,2,6956.998201874289,0.0,0.9984721461355767,0.001472055483750677,5.579838067269628e-05,True
0.7059677419354838,1.4164953164267764,420,0,-839.2791271946604,0.0,0.9999727473877297,2.569822629663069e-07,2.6995630007357716e-05,False
0.7059677419354838,1.4164953164267764,420,1,-4.066982389979885,0.0,0.999977565651039,1.592894045332013e-07,2.2275059556359914e-05,False
0.7059677419354838,1.4164953164267764,420,2,7164.044548474799,0.0,0.9984548040620245,0.00148871291724568,5.648302072981144e-05,True
0.7059414853713428,1.416548001105184,420,0,-869.3598964036707,0.0,0.9999725254446182,2.785794904873044e-07,2.719597589136554e-05,False
0.7059414853713428,1.416548001105184,420,1,-3.9922666081238356,0.0,0.9999786836017193,1.5334626418945994e-07,2.116305201650029e-05,False
0.7059414853713428,1.416548001105184,420,2,7351.569375432433,0.0,0.9982895967265738,0.001651521055263647,5.888221816254044e-05,True
0.7059152288072018,1.4166006897028114,420,0,-853.8958492145694,0.0,0.9999723990540242,2.606909847386258e-07,2.7340254991115065e-05,False
0.7059152288072018,1.4166006897028114,420,1,-3.9910607914219685,0.0,0.9999779435061795,1.5920791668034863e-07,2.1897285903764534e-05,False
0.7059152288072018,1.4166006897028114,420,2,7575.338079950199,0.0,0.9981980991515345,0.0017414606932465593,6.0440155219057006e-05,True
0.7058889722430608,1.4166533822200966,420,0,-864.2033550467814,0.0,0.9999721762426783,2.892141138267417e-07,2.7534543207758374e-05,False
0.7058889722430608,1.4166533822200966,420,1,-3.9591838618347306,0.0,0.9999783511083576,1.563608752074383e-07,2.1492530767216026e-05,False
0.7058889722430608,1.4166533822200966,420,2,7790.657654648788,0.0,0.9979728096443573,0.0019636903037249572,6.350005191778483e-05,True
0.7058627156789197,1.4167060786574772,420,0,-824.6757017147138,0.0,0.9999722331338255,1.7167807045381323e-07,2.7595188104035714e-05,False
0.7058627156789197,1.4167060786574772,420,1,-4.019182754019858,0.0,0.9999766755715557,1.7100700316915621e-07,2.315342144120796e-05,False
0.7058627156789197,1.4167060786574772,420,2,8115.333965341462,0.0,0.998142516079023,0.0017953536231298903,6.213029784710923e-05,True
0.7058364591147787,1.41675877901539,420,0,-741.533556803617,0.0,0.9999724218602483,4.357990952646966e-08,2.75345598421543e-05,False
0.7058364591147787,1.41675877901539,420,1,-3.9214498520933856,0.0,0.9999702896409381,2.0017151110636322e-07,2.9510187550753282e-05,False
0.7058364591147787,1.41675877901539,420,2,8527.446809290179,0.0,0.9984291030554017,0.0015116504285146394,5.924651608361995e-05,True
0.7058102025506376,1.4168114832942726,420,0,-782.0843125014574,0.0,0.9999720824778384,9.375236263061737e-08,2.7823769798981e-05,False
0.7058102025506376,1.4168114832942726,420,1,-3.9841928438002614,0.0,0.9999740552291091,1.8615374750762512e-07,2.575861714336892e-05,False
0.7058102025506376,1.4168114832942726,420,2,8770.05901385548,0.0,0.9980758879117951,0.0018601215755582826,6.399051264657932e-05,True
0.7057839459864966,1.4168641914945632,420,0,-887.1742529129712,0.0,0.9999714000873159,3.317401807929206e-07,2.8268172503395165e-05,False
0.7057839459864966,1.4168641914945632,420,1,-3.873481023572657,0.0,0.9999793733434018,1.4862679812864933e-07,2.0478029800138946e-05,False
0.7057839459864966,1.4168641914945632,420,2,8925.697923227099,0.0,0.996941533995212,0.0029816128797101353,7.685312507791988e-05,True
0.7057576894223556,1.4169169036166989,420,0,-993.9521212499576,0.0,0.9999706785153818,6.57182090770114e-07,2.866430252748871e-05,False
0.7057576894223556,1.4169169036166989,420,1,-3.719497012288354,0.0,0.9999823708222414,1.1298083170391431e-07,1.7516196926966812e-05,False
0.7057576894223556,1.4169169036166989,420,2,9135.281713411876,0.0,0.9949408552951757,0.004962641436052787,9.650326877150755e-05,True
0.7057314328582145,1.416969619661118,420,0,-1103.0015501111277,0.0,0.9999699281488024,1.0379205967984815e-06,2.903393060076344e-05,False
0.7057314328582145,1.416969619661118,420,1,-3.6201297812851356,0.0,0.999984450748071,8.135467870045131e-08,1.546789725033995e-05,False
0.7057314328582145,1.416969619661118,420,2,9389.862177109973,0.0,0.9911144541249025,0.008756422881456274,0.00012912299364122482,True
0.7057051762940735,1.4170223396282575,420,0,-1264.5117700948933,0.0,0.9999688181373652,1.7263010805311553e-06,2.9455561554307563e-05,False
0.7057051762940735,1.4170223396282575,420,1,-3.3149294849021786,0.0,0.9999858039984686,4.9472788704754786e-08,1.414652874258861e-05,False
0.7057051762940735,1.4170223396282575,420,2,9641.025487350584,0.0,0.9745992927568002,0.025156363018850755,0.0002443442243490088,True
0.7056789197299325,1.417075063518556,420,0,-1480.015826503991,0.0,0.9999674841705315,2.618389035504693e-06,2.9897440432993677e-05,False
0.7056789197299325,1.417075063518556,420,1,-3.150428708683078,0.0,0.9999873063301428,2.0441289884942804e-08,1.267322856732515e-05,False
0.7056789197299325,1.417075063518556,420,2,9929.303608254872,0.0,0.8027274684768869,0.19611965656278116,0.0011528749603318348,True
0.7056526631657914,1.417127791332451,420,0,-1348.7502895844727,0.0,0.99996788690552,2.1603520260980398e-06,2.995274245387778e-05,False
0.7056526631657914,1.417127791332451,420,1,-3.1858529933483153,0.0,0.9999864561983113,3.537403899630104e-08,1.350842764961328e-05,False
0.7056526631657914,1.417127791332451,420,2,10407.459900934417,0.0,0.9254843598436726,0.07397827285338929,0.0005373673029381277,True
0.7056264066016504,1.417180523070381,420,0,-1066.3640884340223,0.0,0.9999693050871965,9.682465434625518e-07,2.9726666260030907e-05,False
0.7056264066016504,1.417180523070381,420,1,-3.4817908350612186,0.0,0.9999840949997951,9.015923572011796e-08,1.5814840969062632e-05,False
0.7056264066016504,1.417180523070381,420,2,11110.692800034622,0.0,0.986409817638722,0.013419613221450695,0.00017056913982733761,True
0.7056001500375093,1.4172332587327832,420,0,-848.4644194591573,0.0,0.9999702378606148,2.8808053257049643e-07,2.947405885265822e-05,False
0.7056001500375093,1.4172332587327832,420,1,-3.6916128844852705,0.0,0.9999787949190583,1.6234704875511373e-07,2.1042733892815e-05,False
0.7056001500375093,1.4172332587327832,420,2,11935.627618794513,0.0,0.9935701342981628,0.006315305812240253,0.00011455988959688141,True
0.7055738934733683,1.4172859983200965,420,0,-700.75380759796,0.0,0.9999708183504006,8.236348058235562e-09,2.917341325133492e-05,False
0.7055738934733683,1.4172859983200965,420,1,-3.7279225144955643,0.0,0.9999685945957232,2.2127114730756103e-07,3.1184133129521e-05,False
0.7055738934733683,1.4172859983200965,420,2,12910.153954353356,0.0,0.9959849478176357,0.003922460395273394,9.259178709083987e-05,True
0.7055476369092273,1.4173387418327583,420,0,-592.7026387003923,0.0,0.9999710928879387,1.9015303977849806e-07,2.871695902143054e-05,False
0.7055476369092273,1.4173387418327583,420,1,-3.5081544175343757,0.0,0.999941590022693,1.894507035422978e-07,5.82205266034709e-05,False
0.7055476369092273,1.4173387418327583,420,2,14134.652111326976,0.0,0.997302250442524,0.002618708013936141,7.90415435398301e-05,True
0.7055213803450863,1.4173914892712076,420,0,-546.1312727595943,0.0,0.9999710081176328,4.393519658121836e-07,2.855253040134456e-05,False
0.7055213803450863,1.4173914892712076,420,1,-3.0300434613840963,0.0,0.9999083625388533,1.0553060962238763e-07,9.153193053714837e-05,False
0.7055213803450863,1.4173914892712076,420,2,15260.324880971079,0.0,0.9974380204503404,0.0024838713463190823,7.810820334048176e-05,True
0.7054951237809453,1.4174442406358827,420,0,-595.3024945520891,0.0,0.9999707006211593,1.435211645998412e-07,2.9155857676113847e-05,False
0.7054951237809453,1.4174442406358827,420,1,-3.5628289251638243,0.0,0.9999473279330026,1.9888110502101346e-07,5.2473185892427086e-05,False
0.7054951237809453,1.4174442406358827,420,2,15986.242157097831,0.0,0.99619662100544,0.0037105781224925838,9.280087206742911e-05,True
0.7054688672168041,1.417496995927222,420,0,-669.2240225150748,0.0,0.9999702617307819,6.39690410817331e-09,2.9731872314019467e-05,False
0.7054688672168041,1.417496995927222,420,1,-3.580494761309268,0.0,0.9999655780164193,2.1436743268320575e-07,3.4207616148138634e-05,False
0.7054688672168041,1.417496995927222,420,2,16807.19914700702,0.0,0.9939371683795456,0.005946413084597851,0.00011641853585650908,True
0.7054426106526631,1.4175497551456633,420,0,-665.8637306845351,0.0,0.9999699196916031,7.461915151031257e-09,3.0072846481694796e-05,False
0.7054426106526631,1.4175497551456633,420,1,-3.6023901814059007,0.0,0.9999680703355508,2.1092745371368484e-07,3.1718736995524156e-05,False
0.7054426106526631,1.4175497551456633,420,2,17867.81826979965,0.0,0.9911917652705657,0.008665602782407408,0.0001426319470268651,True
0.7054163540885221,1.4176025182916454,420,0,-802.1051334840251,0.0,0.9999693124676656,9.598565257281227e-08,3.059154668193847e-05,False
0.7054163540885221,1.4176025182916454,420,1,-3.497716374933041,0.0,0.9999786123436638,1.618594650193329e-07,2.122579687102812e-05,False
0.7054163540885221,1.4176025182916454,420,2,19033.35928535625,0.0,0.985471857765732,0.0143364150614534,0.00019172717281465304,True
0.7053900975243811,1.4176552853656073,420,0,-810.1016308590554,0.0,0.9999686997053574,3.124418003188852e-07,3.0987852842307476e-05,False
0.7053900975243811,1.4176552853656073,420,1,-3.402077713485596,0.0,0.9999793092505613,1.3986103790513172e-07,2.055088840077212e-05,False
0.7053900975243811,1.4176552853656073,420,2,20332.226635151503,0.0,0.9724110996203857,0.027297214086297095,0.0002916862933172441,True
0.7053638409602401,1.4177080563679871,420,0,-949.9586169091308,0.0,0.9999680550688747,5.307042114976619e-07,3.141422691389382e-05,False
0.7053638409602401,1.4177080563679871,420,1,-3.226742139859234,0.0,0.9999839773203263,9.488332678383055e-08,1.5927796346976685e-05,False
0.7053638409602401,1.4177080563679871,420,2,21896.158484702926,0.0,0.9492169073484061,0.05033019439749852,0.00045289825409535855,True
0.705337584396099,1.4177608312992245,420,0,-821.0778151663471,0.0,0.9999682937420215,3.106624609990037e-07,3.139559551752793e-05,False
0.705337584396099,1.4177608312992245,420,1,-3.3029188572051025,0.0,0.999980514757574,1.3021026201834954e-07,1.935503216401623e-05,False
0.705337584396099,1.4177608312992245,420,2,23977.54602340021,0.0,0.9540761615815716,0.04549896127152761,0.0004248771469007792,True
0.7053113278319579,1.4178136101597567,420,0,-784.8917814416521,0.0,0.9999683972604806,1.5885146999671376e-07,3.1443888049396366e-05,False
0.7053113278319579,1.4178136101597567,420,1,-3.3152498134787467,0.0,0.9999795636939893,1.4598375737709926e-07,2.0290322253347756e-05,False
0.7053113278319579,1.4178136101597567,420,2,26409.942349145997,0.0,0.9549817831615433,0.04459550616581368,0.00042271067264307055,True
0.7052850712678169,1.4178663929500237,420,0,-783.6999615856566,0.0,0.9999681496674363,1.8089968291667618e-07,3.166943288083059e-05,False
0.7052850712678169,1.4178663929500237,420,1,-3.2846439496433066,0.0,0.9999800492072374,1.3959630509737048e-07,1.981119645752125e-05,False
0.7052850712678169,1.4178663929500237,420,2,29073.665555088264,0.0,0.9349119571665745,0.06452722990250338,0.0005608129309220871,True
0.7052588147036759,1.4179191796704642,420,0,-775.2678231428367,0.0,0.9999679632144418,1.753756003292786e-07,3.186140995772519e-05,False
0.7052588147036759,1.4179191796704642,420,1,-3.2396927809491642,0.0,0.9999801241419108,1.3796684470671453e-07,1.973789124445521e-05,False
0.7052588147036759,1.4179191796704642,420,2,32246.76136975113,0.0,0.9080952522178324,0.09116603623195531,0.0007387115502123174,True
0.7052325581395349,1.4179719703215168,420,0,-777.9684064299348,0.0,0.9999677291645336,1.9026473675312281e-07,3.2080570729711854e-05,False
0.7052325581395349,1.4179719703215168,420,1,-3.145944253345211,0.0,0.9999805127390963,1.328172674999065e-07,1.9354443636265176e-05,False
0.7052325581395349,1.4179719703215168,420,2,36008.08683839068,0.0,0.8562401524034109,0.14269310426145748,0.0010667433351316483,True
0.7052063015753938,1.4180247649036213,420,0,-770.0270535417457,0.0,0.999967535054906,1.8277199280307484e-07,3.228217310124688e-05,False
0.7052063015753938,1.4180247649036213,420,1,-3.174969235168583,0.0,0.9999810133007023,1.288345693335629e-07,1.8857864728378173e-05,False
0.7052063015753938,1.4180247649036213,420,2,40561.75201723359,0.0,0.7745948314362502,0.22384305075251076,0.0015621178112390764,True
0.7051800450112528,1.418077563417216,420,0,-689.1872929909673,0.0,0.9999677691195299,3.2194202208828113e-08,3.2198686267981616e-05,False
0.7051800450112528,1.418077563417216,420,1,-3.1758154817627267,0.0,0.9999770409558266,1.6352659934995005e-07,2.2795517574001955e-05,False
0.7051800450112528,1.418077563417216,420,2,46453.10548458193,0.0,0.7812512922009662,0.21721155033346576,0.0015371574655680263,True
0.7051537884471117,1.4181303658627404,420,0,-646.2963592005722,0.0,0.9999677079450001,8.471853663896239e-09,3.2283583146199056e-05,False
0.7051537884471117,1.4181303658627404,420,1,-3.16899118157119,0.0,0.9999746027590237,1.74692782025291e-07,2.5222548194276425e-05,False
0.7051537884471117,1.4181303658627404,420,2,53549.59854915539,0.0,0.674952725013702,0.32287924870787627,0.002168026278421698,True
0.7051275318829707,1.4181831722406335,420,0,-746.5989474129424,0.0,0.9999670184029446,1.3585588856675958e-07,3.284574116685915e-05,False
0.7051275318829707,1.4181831722406335,420,1,-3.0390996823725547,0.0,0.9999815159399488,1.2455513906440208e-07,1.835950491204598e-05,False
0.7051275318829707,1.4181831722406335,420,2,61830.74873338033,0.0,0.08053145786256038,0.9142201840352927,0.00524835810214679,True
0.7051012753188297,1.418235982551335,420,0,-831.860193781653,0.0,0.9999661720290093,4.556902982509116e-07,3.337228069241854e-05,False
0.7051012753188297,1.418235982551335,420,1,-2.780483092130166,0.0,0.9999841520222442,8.153537482239068e-08,1.5766442380945526e-05,False
0.7051012753188297,1.418235982551335,420,2,72294.63925796596,0.0,0.32744484076715413,0.6692366094197585,0.0033185498130874746,True
0.7050750187546886,1.4182887967952846,420,0,-947.4333077533614,0.0,0.9999652773614605,8.619279367759974e-07,3.3860710602813196e-05,False
0.7050750187546886,1.4182887967952846,420,1,-2.5888622516460713,0.0,0.9999864802869675,4.571130658429732e-08,1.3474001725821346e-05,False
0.7050750187546886,1.4182887967952846,420,2,85973.8314827923,0.0,0.6698564831984047,0.3286873734601783,0.0014561433414170778,True
0.7050487621905476,1.4183416149729209,420,0,-1066.515549279427,0.0,0.9999641363706732,1.5065195172118297e-06,3.4357109809558856e-05,False
0.7050487621905476,1.4183416149729209,420,1,-2.3214332402116997,0.0,0.9999873327924611,2.1220270778161602e-08,1.2645987268113263e-05,False
0.7050487621905476,1.4183416149729209,420,2,104172.76147974192,0.0,0.807933338137013,0.1913014489017784,0.0007652129612086067,True
0.7050225056264066,1.4183944370846835,420,0,-1309.2517774912262,0.0,0.9999622369186417,2.7718799270626273e-06,3.499120143128616e-05,False
0.7050225056264066,1.4183944370846835,420,1,-1.9883484092516877,0.0,0.9999883870297581,1.7273936749696523e-09,1.1611242848209742e-05,False
0.7050225056264066,1.4183944370846835,420,2,128988.58550276511,0.0,0.8747245814474894,0.12482446026261676,0.000450958289893627,True
0.7049962490622655,1.4184472631310123,420,0,-1351.4910491867108,0.0,0.9999614707134683,3.207580856731089e-06,3.532170567494642e-05,False
0.7049962490622655,1.4184472631310123,420,1,-1.929909544172535,0.0,0.999988432958329,2.2743369177847376e-10,1.1566814237290389e-05,False
0.7049962490622655,1.4184472631310123,420,2,165624.81017565355,0.0,0.8902049515457744,0.10941196930216,0.0003830791520655957,True
0.7049699924981245,1.4185000931123466,420,0,-1102.907738880739,0.0,0.9999630984802599,1.782786129137978e-06,3.5118733610938204e-05,False
0.7049699924981245,1.4185000931123466,420,1,-2.0481299578986456,0.0,0.9999881400610581,1.147762655504179e-08,1.1848461315463538e-05,False
0.7049699924981245,1.4185000931123466,420,2,224277.68156102145,0.0,0.8815825206477216,0.1179913091917096,0.0004261701605687789,True
0.7049437359339834,1.4185529270291268,420,0,-806.3866132189286,0.0,0.999964676719415,5.739957080086123e-07,3.4749284877013955e-05,False
0.7049437359339834,1.4185529270291268,420,1,-2.4672767890630625,0.0,0.9999860178088646,5.8938799997038824e-08,1.3923252335423475e-05,False
0.7049437359339834,1.4185529270291268,420,2,322880.76303025463,0.0,0.8794971851839317,0.12006352582497856,0.00043928899108967005,True
0.7049174793698424,1.4186057648817918,420,0,-652.8537832590501,0.0,0.9999654969243558,7.363576212889751e-08,3.4429439882067605e-05,False
0.7049174793698424,1.4186057648817918,420,1,-2.6392394914692994,0.0,0.9999822825489035,1.2204661857491715e-07,1.7595404477936364e-05,False
0.7049174793698424,1.4186057648817918,420,2,502570.934139951,0.0,0.8883008582941448,0.1112981686598282,0.00040097304602697026,True
0.7048912228057014,1.4186586066707818,420,0,-502.60453469916706,0.0,0.9999660162921723,8.878589079982712e-08,3.389492193699583e-05,False
0.7048912228057014,1.4186586066707818,420,1,-2.8706383625478264,0.0,0.9999687976804525,1.8875584170389693e-07,3.101356370575807e-05,False
0.7048912228057014,1.4186586066707818,420,2,876076.966741826,0.0,0.8993510905680777,0.1002968381429615,0.00035207128896090633,True
0.7048649662415604,1.4187114523965367,420,0,-433.22083936447655,0.0,0.9999660303341757,6.050796867243897e-07,3.336458613753046e-05,False
0.7048649662415604,1.4187114523965367,420,1,-2.6309066218719304,0.0,0.9999337250447288,1.273595633292591e-07,6.614759570788984e-05,False
0.7048649662415604,1.4187114523965367,420,2,1779871.8045840517,0.0,0.9107504246124715,0.08894779479635265,0.0003017805911759532,True
0.7048387096774194,1.4187643020594969,420,0,-436.00690455351327,0.0,0.9999657964353611,4.6854121982829924e-07,3.373502341897299e-05,False
0.7048387096774194,1.4187643020594969,420,1,-2.6931986014899274,0.0,0.9999456444614779,1.5159184453575905e-07,5.4203946677479174e-05,False
0.7048387096774194,1.4187643020594969,420,2,4032972.1788412924,0.0,0.9200283733479139,0.07971011213914367,0.000261514512942359,True
0.7048124531132783,1.4188171556601012,420,0,-508.251494881966,0.0,0.9999652944286599,6.971552879027173e-08,3.4635855811353184e-05,False
0.7048124531132783,1.4188171556601012,420,1,-2.742705539375751,0.0,0.999974184363919,1.71502497280765e-07,2.5644133583639878e-05,False
0.7048124531132783,1.4188171556601012,420,2,5181935.494643191,0.0,0.9254469989574413,0.07431423021309892,0.00023877082945984634,True
0.7047861965491372,1.418870013198791,420,0,-513.6830532339321,0.0,0.9999648579539727,3.4528063671011083e-10,3.5141700746648785e-05,False
0.7047861965491372,1.418870013198791,420,1,-2.566844637231639,0.0,0.9999779683374169,1.4537499045600456e-07,2.1886287592635226e-05,False
0.7047861965491372,1.418870013198791,420,2,2425679.8654181147,0.0,0.9281648570547975,0.07160711628565955,0.0002280266595430985,True
0.7047599399849962,1.4189228746760056,420,0,-611.0732031391486,0.0,0.9999642528120971,3.840129006535675e-08,3.5708786612799505e-05,False
0.7047599399849962,1.4189228746760056,420,1,-2.3913070669543255,0.0,0.9999846907741232,1.0253538022914937e-07,1.5206690496685921e-05,False
0.7047599399849962,1.4189228746760056,420,2,1113931.2196247655,0.0,0.9295397923659307,0.07023704509927231,0.00022316253479709585,True
0.7047336834208552,1.4189757400921856,420,0,-648.9094068332955,0.0,0.9999635256750448,2.3244968803131592e-07,3.624187526724435e-05,False
0.7047336834208552,1.4189757400921856,420,1,-2.1743850914404588,0.0,0.999986295649513,6.494676009434651e-08,1.3639403726889725e-05,False
0.7047336834208552,1.4189757400921856,420,2,607941.323180005,0.0,0.9308725647836851,0.06890904777148672,0.000218387444828242,True
0.7047074268567142,1.419028609447771,420,0,-777.1971381423572,0.0,0.999962573877401,6.022527822006805e-07,3.682386981673922e-05,False
0.7047074268567142,1.419028609447771,420,1,-1.874327975638751,0.0,0.999988791308793,2.7859031192242017e-08,1.1180832175819605e-05,False
0.7047074268567142,1.419028609447771,420,2,371453.23683305446,0.0,0.9328088440655616,0.06698034515459293,0.00021081077984547763,True
0.7046811702925732,1.4190814827432026,420,0,-738.5290686611487,0.0,0.9999624385900662,5.48622372494756e-07,3.701278756134076e-05,False
0.7046811702925732,1.4190814827432026,420,1,-1.8909063747340775,0.0,0.9999886975008733,2.998893775501813e-08,1.1272510189023403e-05,False
0.7046811702925732,1.4190814827432026,420,2,249485.49500493027,0.0,0.9315868744100536,0.06819582055637755,0.00021730503356892614,True
0.7046549137284321,1.4191343599789206,420,0,-651.9692815065491,0.0,0.9999627827421382,2.4461341218931235e-07,3.6972644449619684e-05,False
0.7046549137284321,1.4191343599789206,420,1,-1.9386686345190283,0.0,0.999987769954052,5.3915972844535804e-08,1.2176129975179379e-05,False
0.7046549137284321,1.4191343599789206,420,2,179368.86303774538,0.0,0.9243155087321813,0.07543292647828909,0.0002515647895297365,True
0.704628657164291,1.4191872411553654,420,0,-618.4143243077107,0.0,0.9999625990122983,2.2155054362936825e-07,3.7179437157983686e-05,False
0.704628657164291,1.4191872411553654,420,1,-2.00023821804493,0.0,0.9999878570935148,5.4561623120171567e-08,1.208834486209509e-05,False
0.704628657164291,1.4191872411553654,420,2,134429.4883800557,0.0,0.9181933296282934,0.08152536712051806,0.0002813032511885491,True
0.70460240060015,1.4192401262729777,420,0,-655.3070102146183,0.0,0.9999622765976791,2.525126496646059e-07,3.747088967125445e-05,False
0.70460240060015,1.4192401262729777,420,1,-1.8126031746038023,0.0,0.9999888036704407,4.6615137254340117e-08,1.1149714422007682e-05,False
0.70460240060015,1.4192401262729777,420,2,104282.0822403179,0.0,0.9119468893308041,0.08774086375943586,0.000312246909759942,True
0.704576144036009,1.4192930153321976,420,0,-600.1368620823143,0.0,0.9999620758817505,2.470374038482231e-07,3.767708084573127e-05,False
0.704576144036009,1.4192930153321976,420,1,-1.865345654985895,0.0,0.9999882941682967,4.799009724155869e-08,1.16578416061407e-05,False
0.704576144036009,1.4192930153321976,420,2,83104.26819473901,0.0,0.901265080492238,0.0983693633673514,0.000365556140410651,True
0.704549887471868,1.4193459083334663,420,0,-648.8540960500325,0.0,0.9999616999615467,2.9991579918617425e-07,3.800012265407462e-05,False
0.704549887471868,1.4193459083334663,420,1,-1.6873280148216856,0.0,0.9999894771399291,3.7929433632445684e-08,1.0484930637348105e-05,False
0.704549887471868,1.4193459083334663,420,2,67660.55317071853,0.0,0.8919885203191994,0.10759835082790023,0.00041312885290039085,True
0.704523630907727,1.4193988052772246,420,0,-561.1909198071944,0.0,0.99996184503642,1.3312862811965098e-07,3.802183495174297e-05,False
0.704523630907727,1.4193988052772246,420,1,-1.8481160545614699,0.0,0.9999886129602084,5.808706547456875e-08,1.1328952726137361e-05,False
0.704523630907727,1.4193988052772246,420,2,56418.23604309597,0.0,0.8416617259608343,0.15766116036983122,0.0006771136693345851,True
0.7044973743435858,1.4194517061639131,420,0,-499.56637021021527,0.0,0.999962002278356,1.9027298770691063e-08,3.7978694345312096e-05,False
0.7044973743435858,1.4194517061639131,420,1,-1.8891009778175634,0.0,0.9999870213933352,8.836561716757589e-08,1.2890241047745427e-05,False
0.7044973743435858,1.4194517061639131,420,2,47879.72510939785,0.0,0.6911447366976475,0.30732349578138457,0.0015317675209679184,True
0.7044711177794448,1.4195046109939728,420,0,-526.5988413295414,0.0,0.9999614505885429,9.962021319818981e-08,3.844979124390566e-05,False
0.7044711177794448,1.4195046109939728,420,1,-1.796040622005029,0.0,0.9999888772598926,6.014200337301523e-08,1.1062598104019875e-05,False
0.7044711177794448,1.4195046109939728,420,2,40791.73034757423,0.0,0.6906654895034671,0.3077950358031555,0.0015394746933774955,True
0.7044448612153038,1.4195575197678445,420,0,-671.0269706210137,0.0,0.9999603949580063,4.71632954170894e-07,3.913340903960462e-05,False
0.7044448612153038,1.4195575197678445,420,1,-1.3595217738897911,0.0,0.999990886023875,1.8802309861476895e-08,9.095173815181642e-06,False
0.7044448612153038,1.4195575197678445,420,2,34958.24708674058,0.0,0.8201967305530449,0.1790027708517818,0.0008004985951732275,True
0.7044186046511628,1.4196104324859689,420,0,-742.482295747415,0.0,0.9999593191366521,9.900449675553324e-07,3.969081838032483e-05,False
0.7044186046511628,1.4196104324859689,420,1,-1.2045964705878964,0.0,0.9999911072239047,3.0820530485988175e-09,8.889694042294204e-06,False
0.7044186046511628,1.4196104324859689,420,2,30270.19038284725,0.0,0.8894128660088116,0.11015498911729318,0.00043214487389519,True
0.7043923480870218,1.4196633491487878,420,0,-907.6716618464441,0.0,0.999958065931763,1.6766100533447675e-06,4.0257458183704604e-05,False
0.7043923480870218,1.4196633491487878,420,1,-0.8901297909378092,0.0,0.9999915779812385,8.639323646272843e-10,8.42115482916242e-06,False
0.7043923480870218,1.4196633491487878,420,2,26422.45880470571,0.0,0.9332883706768944,0.06649484168199468,0.00021678764111090034,True
0.7043660915228807,1.4197162697567418,420,0,-1074.5921738158731,0.0,0.999956140707482,2.957294010176357e-06,4.090199850775666e-05,False
0.7043660915228807,1.4197162697567418,420,1,-0.6890309751464208,0.0,0.9999908089816218,1.4447292621562942e-08,9.176571085524966e-06,False
0.7043660915228807,1.4197162697567418,420,2,23182.739937490012,0.0,0.9670085180687708,0.03291952554827928,7.195638295003785e-05,True
0.7043398349587396,1.4197691943102724,420,0,-1310.3032194682403,0.0,0.9999541801241996,4.307835704329241e-06,4.1512040096058836e-05,False
0.7043398349587396,1.4197691943102724,420,1,-0.4823249536191165,0.0,0.9999906731922013,4.271695980920845e-08,9.28409083884037e-06,False
0.7043398349587396,1.4197691943102724,420,2,20499.47742333523,0.0,0.980880847269578,0.019094575205070796,2.4577525351047507e-05,True
0.7043135783945986,1.419822122809821,420,0,-1100.0443453664739,0.0,0.9999553145614095,3.208683488634956e-06,4.14767551017848e-05,False
0.7043135783945986,1.419822122809821,420,1,-0.5620924863567978,0.0,0.999990995333751,2.0776734110798258e-08,8.983889514828764e-06,False
0.7043135783945986,1.419822122809821,420,2,18392.16063457236,0.0,0.9730347016055035,0.026915412156953325,4.988623754305355e-05,True
0.7042873218304576,1.419875055255828,420,0,-776.5287615737907,0.0,0.9999575756038989,1.3186841429982582e-06,4.110571195816691e-05,False
0.7042873218304576,1.419875055255828,420,1,-0.8521669012950565,0.0,0.9999920613182541,1.1271538831367194e-13,7.938681633213688e-06,False
0.7042873218304576,1.419875055255828,420,2,16755.31189142553,0.0,0.8689803474423863,0.13047638165554168,0.0005432709020720182,True
0.7042610652663166,1.4199279916487355,420,0,-561.4977122650344,0.0,0.999958867302969,3.547478113483927e-07,4.0777949219635056e-05,False
0.7042610652663166,1.4199279916487355,420,1,-1.1587511624047493,0.0,0.9999919610064911,2.2233098717914086e-08,8.016760410227228e-06,False
0.7042610652663166,1.4199279916487355,420,2,15417.566228548852,0.0,0.47373956392231253,0.5223281729472112,0.003932263130476184,True
0.7042348087021755,1.4199809319889851,420,0,-394.09315336079345,0.0,0.9999596859959773,9.740375966502409e-11,4.031390661893717e-05,False
0.7042348087021755,1.4199809319889851,420,1,-1.6069263028990723,0.0,0.9999893823498595,1.0016222794679651e-07,1.0517487912553028e-05,False
0.7042348087021755,1.4199809319889851,420,2,14368.765332883915,0.0,0.9649211699781888,0.034627708861777844,0.0004511211600335244,True
0.7042085521380345,1.4200338762770186,420,0,-281.66081347270625,0.0,0.9999600971982041,4.1515275755103326e-07,3.948764903839235e-05,False
0.7042085521380345,1.4200338762770186,420,1,-2.0263862501040912,0.0,0.9999734470823352,1.8025708634605112e-07,2.6372660578492837e-05,False
0.7042085521380345,1.4200338762770186,420,2,13612.307614793235,0.0,0.9911815511106488,0.008627625803261095,0.0001908230860902187,True
0.7041822955738934,1.4200868245132767,420,0,-280.2604851954393,0.0,0.9999599038506822,6.21243723205845e-07,3.9474905594527354e-05,False
0.7041822955738934,1.4200868245132767,420,1,-1.9589477510355626,0.0,0.9999665423088907,1.7089372365218201e-07,3.328679738563878e-05,False
0.7041822955738934,1.4200868245132767,420,2,12724.06354940618,0.0,0.9939774805800793,0.00586556167374684,0.0001569577461738963,True
0.7041560390097524,1.4201397766982016,420,0,-297.47551058717585,0.0,0.9999593548264843,1.2664668626552337e-07,4.0518526829396156e-05,False
0.7041560390097524,1.4201397766982016,420,1,-1.8895779764942693,0.0,0.9999846781785985,1.5825297697397073e-07,1.5163568424620804e-05,False
0.7041560390097524,1.4201397766982016,420,2,11579.764151664298,0.0,0.9913393488886563,0.008470318542164453,0.0001903325691793536,True
0.7041297824456114,1.420192732832235,420,0,-404.0986090220391,0.0,0.9999586590989764,6.4092125847785946e-12,4.1340894614435206e-05,False
0.7041297824456114,1.420192732832235,420,1,-1.3757955787524232,0.0,0.9999905443474321,9.718938219765872e-08,9.358463185751285e-06,False
0.7041297824456114,1.420192732832235,420,2,10607.439119902334,0.0,0.9870020540934717,0.012757599806143093,0.00024034610038506764,True
0.7041035258814703,1.420245692915819,420,0,-392.18736405687446,0.0,0.9999580869100844,4.6853262298651754e-08,4.1866236653315876e-05,False
0.7041035258814703,1.420245692915819,420,1,-1.364242061566801,0.0,0.9999917379783432,6.074103451525192e-08,8.201280622272003e-06,False
0.7041035258814703,1.420245692915819,420,2,9798.951846131418,0.0,0.9832054503301287,0.016512981131967613,0.0002815685379035834,True
0.7040772693173293,1.4202986569493947,420,0,-534.7453710736118,0.0,0.9999572087621673,2.7856516199950916e-07,4.251267267067879e-05,False
0.7040772693173293,1.4202986569493947,420,1,-0.9095943426407003,0.0,0.999993089457947,2.300417579763311e-08,6.887537877225233e-06,False
0.7040772693173293,1.4202986569493947,420,2,9042.551750753371,0.0,0.9665773226433589,0.032978950143858786,0.0004437272127822472,True
0.7040510127531883,1.4203516249334045,420,0,-596.5936437856269,0.0,0.9999561434559469,7.406018908526578e-07,4.311594216229612e-05,False
0.7040510127531883,1.4203516249334045,420,1,-0.7758279417993221,0.0,0.9999930787308663,2.919286440166768e-09,6.918349847310513e-06,False
0.7040510127531883,1.4203516249334045,420,2,8358.498319516317,0.0,0.8592492598846503,0.1394310134723587,0.00131972664299109,True
0.7040247561890473,1.4204045968682903,420,0,-668.7364740371792,0.0,0.9999555398825637,9.49968500525533e-07,4.35101489357953e-05,False
0.7040247561890473,1.4204045968682903,420,1,-0.6275974693135699,0.0,0.9999933563216316,3.497404487654471e-10,6.64332862808936e-06,False
0.7040247561890473,1.4204045968682903,420,2,7800.584363263433,0.0,0.7218372975108907,0.2758384145376031,0.0023242879515061564,True
0.7039984996249062,1.420457572754494,420,0,-559.7988566827416,0.0,0.9999559736088239,5.268881549770664e-07,4.349950302110663e-05,False
0.7039984996249062,1.420457572754494,420,1,-0.7590868135983232,0.0,0.9999932607546892,9.202311805356494e-09,6.7300429991121876e-06,False
0.7039984996249062,1.420457572754494,420,2,7388.3587251092595,0.0,0.960778354057232,0.038721567992361525,0.0005000779504065228,True
0.7039722430607651,1.4205105525924586,420,0,-494.5363149491147,0.0,0.9999560151641118,3.573983403919763e-07,4.362743754780047e-05,False
0.7039722430607651,1.4205105525924586,420,1,-0.923049239284889,0.0,0.9999933276427603,1.7929909322441494e-08,6.654427330380831e-06,False
0.7039722430607651,1.4205105525924586,420,2,6998.806687759807,0.0,0.9804122417701504,0.01927323046620568,0.00031452776364388846,True
0.7039459864966241,1.4205635363826252,420,0,-554.5674869871104,0.0,0.9999556185090277,4.2498648474255223e-07,4.395650448752526e-05,False
0.7039459864966241,1.4205635363826252,420,1,-0.7388556116574642,0.0,0.9999935258363455,1.4549511925688166e-08,6.459614142645769e-06,False
0.7039459864966241,1.4205635363826252,420,2,6599.896470607863,0.0,0.9799020504183157,0.019777439173857256,0.00032051040782711765,True
0.7039197299324831,1.4206165241254365,420,0,-488.1567777848477,0.0,0.9999554227262932,3.958220938072392e-07,4.418145161307548e-05,False
0.7039197299324831,1.4206165241254365,420,1,-0.9037207025627177,0.0,0.9999933236700572,1.6640243308353113e-08,6.6596896994313345e-06,False
0.7039197299324831,1.4206165241254365,420,2,6254.073494459,0.0,0.9841250709694733,0.01559740463932054,0.00027752439120609456,True
0.7038934733683421,1.4206695158213345,420,0,-546.822342597389,0.0,0.9999550249408697,4.668641684349452e-07,4.450819496186424e-05,False
0.7038934733683421,1.4206695158213345,420,1,-0.7236668543047566,0.0,0.9999934349093098,1.376071700011983e-08,6.551329973214901e-06,False
0.7038934733683421,1.4206695158213345,420,2,5921.955376928208,0.0,0.9833970432247983,0.016316992931067194,0.00028596384413464107,True
0.7038672168042011,1.4207225114707622,420,0,-494.43588728185125,0.0,0.9999549791205999,3.4561494638538493e-07,4.467526445362303e-05,False
0.7038672168042011,1.4207225114707622,420,1,-0.8892109013956153,0.0,0.9999935121076823,2.1605591362060157e-08,6.466286726359028e-06,False
0.7038672168042011,1.4207225114707622,420,2,5654.004623613593,0.0,0.9894491450616582,0.01033106175183042,0.00021979318651152208,True
0.7038409602400599,1.4207755110741618,420,0,-404.93144184066716,0.0,0.9999553762175432,7.532097972538441e-08,4.454846147719429e-05,False
0.7038409602400599,1.4207755110741618,420,1,-1.088489190695674,0.0,0.9999924582438308,6.415525457286171e-08,7.477600914669026e-06,False
0.7038409602400599,1.4207755110741618,420,2,5481.553986900836,0.0,0.9956308308285728,0.004228002863941476,0.00014116630748563035,True
0.7038147036759189,1.4208285146319757,420,0,-412.4722126193174,0.0,0.9999550319966881,9.883219220631392e-08,4.4869171119666336e-05,False
0.7038147036759189,1.4208285146319757,420,1,-1.0963589721448554,0.0,0.9999926990737821,5.920157085030704e-08,7.241724647015103e-06,False
0.7038147036759189,1.4208285146319757,420,2,5230.4371852971,0.0,0.995729449199129,0.004130341876167524,0.00014020892470344244,True
0.7037884471117779,1.4208815221446465,420,0,-546.51673051147,0.0,0.9999538976585192,5.047326680931251e-07,4.5597608812801324e-05,False
0.7037884471117779,1.4208815221446465,420,1,-0.7582760760203544,0.0,0.9999933933639469,1.5082967604197316e-08,6.591553085482922e-06,False
0.7037884471117779,1.4208815221446465,420,2,4901.356057592921,0.0,0.9889870029440403,0.010785895757305458,0.00022710129865426262,True
0.7037621905476369,1.420934533612617,420,0,-640.2412965673567,0.0,0.999952664680918,1.1188551029761152e-06,4.621646397893351e-05,False
0.7037621905476369,1.420934533612617,420,1,-0.6082575278046635,0.0,0.9999929375969965,6.335880051827984e-10,7.061769415560288e-06,False
0.7037621905476369,1.420934533612617,420,2,4620.681311567433,0.0,0.9366036725592062,0.06267379292527203,0.000722534515521812,True
0.7037359339834959,1.4209875490363295,420,0,-812.6876169822459,0.0,0.9999513919504885,1.8111123792715162e-06,4.679693713212553e-05,False
0.7037359339834959,1.4209875490363295,420,1,-0.3811821356872174,0.0,0.9999927832758774,3.1890342520639552e-09,7.213535088404146e-06,False
0.7037359339834959,1.4209875490363295,420,2,4382.066965914084,0.0,0.6175529848758581,0.380408352580312,0.0020386625438298515,True
0.7037096774193548,1.4210405684162275,420,0,-951.9677730155186,0.0,0.9999496799053361,2.913200736642587e-06,4.7406893927254295e-05,False
0.7037096774193548,1.4210405684162275,420,1,-0.2920585088106763,0.0,0.9999914716591419,1.9331631557298802e-08,8.509009226565532e-06,False
0.7037096774193548,1.4210405684162275,420,2,4166.614595863927,0.0,0.9859047008989708,0.014085894819175424,9.404281853758401e-06,True
0.7036834208552137,1.4210935917527534,420,0,-1249.8315227154403,0.0,0.9999474734018564,4.4305217530105005e-06,4.809607639046868e-05,False
0.7036834208552137,1.4210935917527534,420,1,-0.11198120816879253,0.0,0.9999905629674573,6.012461604209575e-08,9.376907926721704e-06,False
0.7036834208552137,1.4210935917527534,420,2,3987.334909733095,0.0,0.9964993112895656,0.003497262615727406,3.426094707115112e-06,True
0.7036571642910727,1.42114661904635,420,0,-1162.0308581491179,0.0,0.9999476666629663,4.063071231151965e-06,4.827026580259637e-05,False
0.7036571642910727,1.42114661904635,420,1,-0.17550019496930663,0.0,0.9999906026331523,4.399766997764451e-08,9.353369177705787e-06,False
0.7036571642910727,1.42114661904635,420,2,3815.892346136399,0.0,0.9957624107704198,0.004235680706482693,1.9085230974057875e-06,True
0.7036309077269317,1.4211996502974604,420,0,-812.7024001403294,0.0,0.9999499504290098,2.090738023292585e-06,4.795883296700504e-05,False
0.7036309077269317,1.4211996502974604,420,1,-0.48652573240466634,0.0,0.9999919584428406,2.19641172088366e-09,8.039360747658463e-06,False
0.7036309077269317,1.4211996502974604,420,2,3682.9037325491695,0.0,0.9005429578674744,0.09908290133889147,0.0003741407936342188,True
0.7036046511627907,1.421252685506528,420,0,-585.0159670990157,0.0,0.999951680901005,7.23412510813078e-07,4.7595686484174045e-05,False
0.7036046511627907,1.421252685506528,420,1,-0.8232291540985617,0.0,0.9999924403055059,1.964138670955819e-08,7.540053107326644e-06,False
0.7036046511627907,1.421252685506528,420,2,3630.9519498961326,0.0,0.9902027340443578,0.00958020369533223,0.0002170622603100145,True
0.7035783945986497,1.4213057246739953,420,0,-369.80194077547355,0.0,0.9999528994240151,5.018634746676872e-08,4.705038963736315e-05,False
0.7035783945986497,1.4213057246739953,420,1,-1.4122146686766,0.0,0.9999895683448494,1.2194435302752275e-07,1.0309710797492062e-05,False
0.7035783945986497,1.4213057246739953,420,2,3659.441928508048,0.0,0.9981957952328327,0.0017011000663041066,0.0001031047008631923,True
0.7035521380345086,1.421358767800306,420,0,-292.0785263680306,0.0,0.9999536167318717,2.6048634436813666e-07,4.612278178389638e-05,False
0.7035521380345086,1.421358767800306,420,1,-1.8989098561880482,0.0,0.9999760669734891,2.791019934167257e-07,2.3653924517535372e-05,False
0.7035521380345086,1.421358767800306,420,2,3818.7499555926074,0.0,0.9993194141434147,0.000602867670285772,7.771818629961962e-05,True
0.7035258814703675,1.4214118148859032,420,0,-218.54286062493736,0.0,0.9999539023739125,8.320369792940576e-07,4.5265589108320815e-05,False
0.7035258814703675,1.4214118148859032,420,1,-1.8548269467065166,0.0,0.9999171532200549,1.6465255273035916e-07,8.268212739238759e-05,False
0.7035258814703675,1.4214118148859032,420,2,3910.117836087941,0.0,0.9995336462417647,0.0003948259481926293,7.15278100427033e-05,True
0.7034996249062265,1.42146486593123,420,0,-303.98308644988407,0.0,0.9999531077377934,2.6092143132134147e-07,4.663134077523061e-05,False
0.7034996249062265,1.42146486593123,420,1,-1.9624636877147401,0.0,0.9999743836917662,2.9019618097340577e-07,2.5326112052959435e-05,False
0.7034996249062265,1.42146486593123,420,2,3657.653022693687,0.0,0.9993765624005468,0.0005466693648060755,7.67682346470436e-05,True
0.7034733683420855,1.42151792093673,420,0,-313.5520206334166,0.0,0.9999524521949616,8.778701422097982e-09,4.753902633686472e-05,False
0.7034733683420855,1.42151792093673,420,1,-1.7937320616082135,0.0,0.9999817419235212,2.2368728748010446e-07,1.803438919129992e-05,False
0.7034733683420855,1.42151792093673,420,2,3417.820143661482,0.0,0.9990632387259624,0.0008510908957093924,8.567037832840415e-05,True
0.7034471117779445,1.4215709799028469,420,0,-425.5518753715266,0.0,0.9999516491262638,3.6478112997520063e-08,4.8314395623273574e-05,False
0.7034471117779445,1.4215709799028469,420,1,-1.545106472900811,0.0,0.9999874288994404,1.6531743670477918e-07,1.2405783122948226e-05,False
0.7034471117779445,1.4215709799028469,420,2,3258.7423927171117,0.0,0.9986579825056525,0.001246457454780514,9.556003956705214e-05,True
0.7034208552138034,1.4216240428300235,420,0,-456.42075730474056,0.0,0.9999508689358558,2.0603697621849302e-07,4.892502716782374e-05,False
0.7034208552138034,1.4216240428300235,420,1,-1.4934990289640078,0.0,0.9999884818425865,1.1379598733674446e-07,1.1404361426241072e-05,False
0.7034208552138034,1.4216240428300235,420,2,3114.956578254749,0.0,0.9979114192341942,0.001977354651140884,0.00011122611466489438,True
0.7033945986496624,1.4216771097187042,420,0,-598.4351766652735,0.0,0.9999495371766723,7.467298825751787e-07,4.971609344496074e-05,False
0.7033945986496624,1.4216771097187042,420,1,-1.1744233537453885,0.0,0.999989673091758,4.991710520081192e-08,1.0276991136679046e-05,False
0.7033945986496624,1.4216771097187042,420,2,2961.5130566533453,0.0,0.993436011241152,0.006382802397938865,0.00018118636090918625,True
0.7033683420855213,1.421730180569332,420,0,-662.5398567523431,0.0,0.9999489501396622,9.170413012977571e-07,5.0132819036332246e-05,False
0.7033683420855213,1.421730180569332,420,1,-1.1848376594231338,0.0,0.9999902239341362,3.980409835844303e-08,9.736261765577546e-06,False
0.7033683420855213,1.421730180569332,420,2,2878.2355542776368,0.0,0.9903901963798218,0.009388702083704245,0.0002211015364739411,True
0.7033420855213803,1.4217832553823508,420,0,-451.4518961628678,0.0,0.9999502072270916,1.7027414665117276e-07,4.96224987616262e-05,False
0.7033420855213803,1.4217832553823508,420,1,-1.6333633773924734,0.0,0.9999854740329899,1.590669433245178e-07,1.4366900066799988e-05,False
0.7033420855213803,1.4217832553823508,420,2,2921.904710913166,0.0,0.9982667596731971,0.0016276195252243463,0.00010562080157852076,True
0.7033158289572393,1.4218363341582043,420,0,-450.3820519954333,0.0,0.9999501919265639,8.02577902036214e-08,4.972781564593946e-05,False
0.7033158289572393,1.4218363341582043,420,1,-1.7700670646383638,0.0,0.9999843387206712,2.004332304118704e-07,1.5460846098401585e-05,False
0.7033158289572393,1.4218363341582043,420,2,2903.446674318084,0.0,0.9986729466188774,0.0012296945836337988,9.735879748884162e-05,True
0.7032895723930983,1.421889416897337,420,0,-580.5821818726354,0.0,0.9999488455778331,5.261407787920697e-07,5.062828138800763e-05,False
0.7032895723930983,1.421889416897337,420,1,-1.5222721681358724,0.0,0.9999876516032131,1.0484498422898827e-07,1.2243551802590455e-05,False
0.7032895723930983,1.421889416897337,420,2,2754.5834146854877,0.0,0.9964568546992457,0.0034039644634204797,0.00013918083733379508,True
0.7032633158289572,1.421942503600192,420,0,-693.0354645439943,0.0,0.9999474864021036,1.1723009345321105e-06,5.134129696183914e-05,False
0.7032633158289572,1.421942503600192,420,1,-1.3387941167837296,0.0,0.9999879738867379,5.3034158570693035e-08,1.1973079103491339e-05,False
0.7032633158289572,1.421942503600192,420,2,2648.2743745672237,0.0,0.9816891029902021,0.01798610249246801,0.0003247945173299495,True
0.7032370592648162,1.4219955942672136,420,0,-861.587364103544,0.0,0.999946180956735,1.8353975075016796e-06,5.198364575739809e-05,False
0.7032370592648162,1.4219955942672136,420,1,-1.1672108713465044,0.0,0.9999887449823555,2.1938484703757288e-08,1.1233079159887794e-05,False
0.7032370592648162,1.4219955942672136,420,2,2572.0909754029576,0.0,0.1103805824482991,0.8839452283184355,0.005674189233265441,True
0.7032108027006752,1.4220486888988455,420,0,-1009.6027856592572,0.0,0.9999443930352427,2.940161585333668e-06,5.266680317204463e-05,False
0.7032108027006752,1.4220486888988455,420,1,-1.0424185344498391,0.0,0.9999876390193668,4.0490711273873635e-09,1.2356931562052261e-05,False
0.7032108027006752,1.4220486888988455,420,2,2508.5026369728894,0.0,0.9919556113936243,0.008044232237871051,1.5636850464384953e-07,True
0.7031845461365341,1.4221017874955326,420,0,-1310.066562760917,0.0,0.999942365001142,4.245727693270901e-06,5.338927116461258e-05,False
0.7031845461365341,1.4221017874955326,420,1,-0.8314059660551382,0.0,0.9999876072714269,2.6429239906807858e-09,1.2390085649114252e-05,False
0.7031845461365341,1.4221017874955326,420,2,2470.656546428567,0.0,0.9979108753048802,0.002078337271934927,1.0787423184833887e-05,True
0.7031582895723931,1.4221548900577183,420,0,-1168.7467993479731,0.0,0.999942758407973,3.732573423069441e-06,5.350901860401042e-05,False
0.7031582895723931,1.4221548900577183,420,1,-1.0198263921958328,0.0,0.9999870747601467,6.08377927883503e-10,1.2924631475463884e-05,False
0.7031582895723931,1.4221548900577183,420,2,2418.1090449282897,0.0,0.9969427590200965,0.003050998054884881,6.242925018678166e-06,True
0.703132033008252,1.4222079965858474,420,0,-855.8798981025615,0.0,0.9999450618363842,1.8426677706355012e-06,5.30954958451105e-05,False
0.703132033008252,1.4222079965858474,420,1,-1.4297787552168721,0.0,0.999986733835489,5.4740976002803897e-08,1.3211423535083555e-05,False
0.703132033008252,1.4222079965858474,420,2,2391.784132343182,0.0,0.2593555630086305,0.7360739639835513,0.004570473007818244,True
0.703105776444111,1.4222611070803637,420,0,-611.7138167998046,0.0,0.9999469061838301,5.590008666033025e-07,5.253481530337961e-05,False
0.703105776444111,1.4222611070803637,420,1,-1.930222026402846,0.0,0.9999825037073222,2.139272240168564e-07,1.728236545366585e-05,False
0.703105776444111,1.4222611070803637,420,2,2438.1493366614477,0.0,0.9965050180483233,0.003352311484978897,0.0001426704666977715,True
0.70307951987997,1.422314221541712,420,0,-437.41079051541067,0.0,0.9999482931561686,7.2234248853787854e-09,5.169962040653581e-05,False
0.70307951987997,1.422314221541712,420,1,-2.339337684467065,0.0,0.9999661650040317,4.5845280339577443e-07,3.3376543164931524e-05,False
0.70307951987997,1.422314221541712,420,2,2563.8965054046494,0.0,0.9991291717596719,0.0007806968185336604,9.013142179447728e-05,True
0.703053263315829,1.4223673399703365,420,0,-378.6399116568134,0.0,0.9999490007231575,4.5668790333695184e-07,5.0542588939108193e-05,False
0.703053263315829,1.4223673399703365,420,1,-2.389397053320137,0.0,0.9999152256494434,4.803867495593751e-07,8.429396380705874e-05,False
0.703053263315829,1.4223673399703365,420,2,2815.5144394663525,0.0,0.9996063585219184,0.00031825934540354354,7.538213267811668e-05,True
0.7030270067516879,1.4224204623666814,420,0,-297.64682152653734,0.0,0.9999493039918249,1.1093533451598404e-06,4.9586654829898316e-05,False
0.7030270067516879,1.4224204623666814,420,1,-1.703341581325777,0.0,0.9996648708590593,5.923759797110179e-08,0.00033506990334272746,False
0.7030270067516879,1.4224204623666814,420,2,2967.315992626841,0.0,0.999696403093194,0.00023148550450582194,7.21114023003326e-05,True
0.7030007501875468,1.422473588731192,420,0,-431.5297903779702,0.0,0.9999482775987001,2.953099975641686e-07,5.142709130238952e-05,False
0.7030007501875468,1.422473588731192,420,1,-2.5405373837895766,0.0,0.9999334461406664,5.589342482148869e-07,6.599492508539619e-05,False
0.7030007501875468,1.422473588731192,420,2,2765.1423486894287,0.0,0.9995585587137246,0.00036344955179364426,7.799173448184787e-05,True
0.7029744936234058,1.4225267190643125,420,0,-387.44253837571176,0.0,0.9999478306126648,3.5546105232908884e-08,5.213384122999858e-05,False
0.7029744936234058,1.4225267190643125,420,1,-2.4777590892048513,0.0,0.9999307041052237,6.297488259063544e-07,6.86661459504902e-05,False
0.7029744936234058,1.4225267190643125,420,2,2625.0940708368444,0.0,0.9993700228529404,0.0005450376093214555,8.493953773820235e-05,True
0.7029482370592648,1.4225798533664875,420,0,-530.0498193739971,0.0,0.9999467892995197,1.504530699997977e-08,5.3195655173289e-05,False
0.7029482370592648,1.4225798533664875,420,1,-2.5214262157999925,0.0,0.9999644449346184,5.424986824010738e-07,3.501256669909464e-05,False
0.7029482370592648,1.4225798533664875,420,2,2540.264199283171,0.0,0.9990501036703372,0.0008551658656850789,9.473046397771407e-05,True
0.7029219804951238,1.4226329916381624,420,0,-553.5053955611924,0.0,0.9999459461864166,1.6047706246912745e-07,5.389333652098847e-05,False
0.7029219804951238,1.4226329916381624,420,1,-2.5135624896287743,0.0,0.999967958102674,4.919531043688247e-07,3.154994422162783e-05,False
0.7029219804951238,1.4226329916381624,420,2,2467.5294372985695,0.0,0.9984381385451547,0.0014514627877369672,0.00011039866710828124,True
0.7028957239309828,1.4226861338797814,420,0,-688.9013453067375,0.0,0.9999445838780786,5.993124219338128e-07,5.4816809499450577e-05,False
0.7028957239309828,1.4226861338797814,420,1,-2.3355521102721766,0.0,0.9999761209455329,3.6060632255280975e-07,2.351844814446666e-05,False
0.7028957239309828,1.4226861338797814,420,2,2395.6706436443114,0.0,0.9956573019790237,0.004179468092087253,0.00016322992888915635,True
0.7028694673668416,1.4227392800917895,420,0,-757.8308348075547,0.0,0.9999437481990339,8.768892758656202e-07,5.537491169029427e-05,False
0.7028694673668416,1.4227392800917895,420,1,-2.3345654328166963,0.0,0.9999782041702966,3.1446810070979267e-07,2.148136160274885e-05,False
0.7028694673668416,1.4227392800917895,420,2,2370.9673686905703,0.0,0.9908404075980325,0.008924506709832272,0.00023508569213521194,True
0.7028432108027006,1.4227924302746322,420,0,-668.6888731362261,0.0,0.9999442923289161,4.680186884757763e-07,5.523965239543534e-05,False
0.7028432108027006,1.4227924302746322,420,1,-2.489007886896494,0.0,0.9999721763733657,4.5747831597801e-07,2.736614831844137e-05,False
0.7028432108027006,1.4227924302746322,420,2,2412.7556768421477,0.0,0.9965519579655696,0.0032982112167339985,0.00014983081769635363,True
0.7028169542385596,1.4228455844287538,420,0,-621.421387453122,0.0,0.9999445508726189,2.418499140768304e-07,5.52072774670623e-05,False
0.7028169542385596,1.4228455844287538,420,1,-2.6471852488767347,0.0,0.9999666158726123,5.701639897575855e-07,3.2813963398033684e-05,False
0.7028169542385596,1.4228455844287538,420,2,2457.4133060531713,0.0,0.9978715935293279,0.0020029992478718204,0.00012540722280025553,True
0.7027906976744186,1.4228987425545996,420,0,-652.0895707081502,0.0,0.9999441359668816,2.825431674483341e-07,5.5581489951049806e-05,False
0.7027906976744186,1.4228987425545996,420,1,-2.6628148634812967,0.0,0.9999674857932935,5.751788705018139e-07,3.193902783593818e-05,False
0.7027906976744186,1.4228987425545996,420,2,2462.1307969389786,0.0,0.9975622879855996,0.002305195019484772,0.00013251699491546523,True
0.7027644411102776,1.4229519046526151,420,0,-629.3736850806191,0.0,0.9999439569903963,2.5127230472975863e-07,5.579173729886084e-05,False
0.7027644411102776,1.4229519046526151,420,1,-2.7378718302019815,0.0,0.9999636929217539,6.363307987694508e-07,3.567074744732578e-05,False
0.7027644411102776,1.4229519046526151,420,2,2482.5078156939735,0.0,0.9976348987629652,0.002233204250586464,0.00013189698644836489,True
0.7027381845461365,1.4230050707232451,420,0,-679.1327397256968,0.0,0.9999435131572264,2.946807431701383e-07,5.6192162030490316e-05,False
0.7027381845461365,1.4230050707232451,420,1,-2.701099334848634,0.0,0.9999658981512901,6.298341361517078e-07,3.3472014573714625e-05,False
0.7027381845461365,1.4230050707232451,420,2,2494.8023050173565,0.0,0.9972428101153973,0.00261661005215159,0.00014057983245102646,True
0.7027119279819954,1.4230582407669357,420,0,-624.9040696334373,0.0,0.9999435137605369,2.013650735526839e-07,5.628487438953185e-05,False
0.7027119279819954,1.4230582407669357,420,1,-2.8705825797281994,0.0,0.9999593956590412,7.285187793113169e-07,3.98758221794251e-05,False
0.7027119279819954,1.4230582407669357,420,2,2534.4316436472836,0.0,0.9976943178234379,0.0021733124181507833,0.0001323697584114068,True
0.7026856714178544,1.4231114147841313,420,0,-591.4154771935026,0.0,0.9999440201457772,1.0053834556682623e-08,5.59698003882788e-05,False
0.7026856714178544,1.4231114147841313,420,1,-2.8592655399325055,0.0,0.9999452090543746,8.87589616132705e-07,5.390335600928858e-05,False
0.7026856714178544,1.4231114147841313,420,2,2645.276190639932,0.0,0.9987549347989558,0.0011364703779206036,0.0001085948231235512,True
0.7026594148537134,1.4231645927752778,420,0,-553.3217912536979,0.0,0.9999438813718037,3.2718820906274294e-09,5.6115356314330946e-05,False
0.7026594148537134,1.4231645927752778,420,1,-2.910465404043873,0.0,0.9999340287620408,9.737328600889915e-07,6.499750509904956e-05,False
0.7026594148537134,1.4231645927752778,420,2,2688.660747589898,0.0,0.998773795753537,0.0011173763464591756,0.0001088279000038781,True
0.7026331582895724,1.4232177747408206,420,0,-692.4201586084972,0.0,0.9999424572268751,2.3984423517214274e-07,5.730292888981631e-05,False
0.7026331582895724,1.4232177747408206,420,1,-2.9137663527260833,0.0,0.9999606921782188,7.710129270146887e-07,3.853680885421606e-05,False
0.7026331582895724,1.4232177747408206,420,2,2629.3532889283447,0.0,0.9969224990065563,0.0029267038162157787,0.00015079717722798672,True
0.7026069017254313,1.4232709606812055,420,0,-796.6068376097863,0.0,0.9999409792245854,7.61056889854313e-07,5.825971852483276e-05,False
0.7026069017254313,1.4232709606812055,420,1,-2.7742759546144127,0.0,0.9999685892960316,6.12934417236241e-07,3.079776955119132e-05,False
0.7026069017254313,1.4232709606812055,420,2,2604.4072498658657,0.0,0.9854836583564397,0.014190600598359818,0.0003257410452003546,True
0.7025806451612903,1.423324150596878,420,0,-922.5337002163163,0.0,0.9999395276117264,1.3750755952243143e-06,5.9097312678229744e-05,False
0.7025806451612903,1.423324150596878,420,1,-2.7015775590748983,0.0,0.9999741065287499,4.6533627833921415e-07,2.542813497188487e-05,False
0.7025806451612903,1.423324150596878,420,2,2611.8493320994103,0.0,0.15568661460615635,0.8371613521626733,0.007152033231170213,True
0.7025543885971492,1.4233773444882836,420,0,-1100.276264547529,0.0,0.9999375567249271,2.4184272015733713e-06,6.002484787135137e-05,False
0.7025543885971492,1.4233773444882836,420,1,-2.4260784661065475,0.0,0.9999772840057802,3.167346075292068e-07,2.239925961225175e-05,False
0.7025543885971492,1.4233773444882836,420,2,2633.8914912617747,0.0,0.9885644799976969,0.011431279217557062,4.240784746048345e-06,True
0.7025281320330082,1.4234305423558684,420,0,-1352.6502447153339,0.0,0.9999349982020083,3.961187126498455e-06,6.10406108652155e-05,False
0.7025281320330082,1.4234305423558684,420,1,-2.2282184174665987,0.0,0.9999799286212827,1.6408558518235368e-07,1.9907293132011256e-05,False
0.7025281320330082,1.4234305423558684,420,2,2685.196636791155,0.0,0.9975054231171526,0.0024850749248678436,9.501957979586708e-06,True
0.7025018754688672,1.4234837442000778,420,0,-1308.873651446014,0.0,0.9999349946221574,3.7286399184598024e-06,6.127673792405988e-05,False
0.7025018754688672,1.4234837442000778,420,1,-2.2795730535349694,0.0,0.9999791989635365,2.0535849798285593e-07,2.0595677965612397e-05,False
0.7025018754688672,1.4234837442000778,420,2,2729.0031058704963,0.0,0.997063460989886,0.0029292905841140316,7.2484259999726715e-06,True
0.7024756189047261,1.4235369500213586,420,0,-988.5226834015341,0.0,0.9999376758070182,1.7205469280902288e-06,6.060364605365548e-05,False
0.7024756189047261,1.4235369500213586,420,1,-2.707991499870587,0.0,0.9999735626125648,5.111673617635456e-07,2.5926220073501024e-05,False
0.7024756189047261,1.4235369500213586,420,2,2792.8934949409268,0.0,0.9474335628479658,0.05238656930033373,0.0001798678517005318,True
0.7024493623405851,1.4235901598201557,420,0,-744.5794986844619,0.0,0.9999399502664635,3.727158516588046e-07,5.967701768483104e-05,False
0.7024493623405851,1.4235901598201557,420,1,-3.0601510733013875,0.0,0.9999573773627651,9.764366527082526e-07,4.1646200582145166e-05,False
0.7024493623405851,1.4235901598201557,420,2,2943.2996460042245,0.0,0.9904475748891776,0.009281966248087104,0.00027045886273530714,True
0.7024231057764441,1.4236433735969156,420,0,-605.1167767778692,0.0,0.9999413904995196,8.713699245037484e-09,5.8600786781253295e-05,False
0.7024231057764441,1.4236433735969156,420,1,-3.0508012804184332,0.0,0.9999153767962026,1.371766529458093e-06,8.325143726796985e-05,False
0.7024231057764441,1.4236433735969156,420,2,3179.0145685201137,0.0,0.9980632326703389,0.0018024600803064465,0.000134307249354703,True
0.702396849212303,1.4236965913520845,420,0,-515.667798059924,0.0,0.9999420655538003,9.164027766859356e-07,5.701804342313227e-05,False
0.702396849212303,1.4236965913520845,420,1,-2.4508629754093483,0.0,0.9997383840066604,9.233081058194953e-07,0.0002606926852338083,False
0.702396849212303,1.4236965913520845,420,2,3566.470064812914,0.0,0.9992191783079981,0.0006783487716752808,0.00010247292032660115,True
0.702370592648162,1.4237498130861086,420,0,-520.7537720011502,0.0,0.9999416802890745,1.929131317832211e-06,5.639057960768495e-05,False
0.702370592648162,1.4237498130861086,420,1,-1.7788015845162233,0.0,0.9995394526290329,1.859743909184363e-07,0.00046036139657619284,False
0.702370592648162,1.4237498130861086,420,2,3881.2284264784,0.0,0.9993898168650002,0.0005132488587882976,9.693427621147847e-05,True
0.702344336084021,1.4238030387994338,420,0,-524.1909511593528,0.0,0.9999414400414698,1.045660976108625e-06,5.751429755418416e-05,False
0.702344336084021,1.4238030387994338,420,1,-2.427250254155926,0.0,0.9997216367995342,8.743193173293776e-07,0.000277488881148526,False
0.702344336084021,1.4238030387994338,420,2,3852.087658038946,0.0,0.9991064876690904,0.0007857559696904474,0.00010775636121929051,True
0.7023180795198799,1.423856268492507,420,0,-572.3784409722023,0.0,0.9999407601653416,2.733865510424862e-07,5.896644810736811e-05,False
0.7023180795198799,1.423856268492507,420,1,-2.873004572772011,0.0,0.9998616450657747,1.4115150204474636e-06,0.00013694341920494365,False
0.7023180795198799,1.423856268492507,420,2,3814.143457563639,0.0,0.9983116577916556,0.0015563175580452495,0.00013202465029911226,True
0.7022918229557389,1.423909502165774,420,0,-604.5573375538819,0.0,0.9999400436362468,5.8856490069158975e-08,5.9897507263215386e-05,False
0.7022918229557389,1.423909502165774,420,1,-3.0416907313789743,0.0,0.999900196283942,1.4637276071476594e-06,9.833998845080232e-05,False
0.7022918229557389,1.423909502165774,420,2,3885.3364048685703,0.0,0.9971039795231854,0.0027335124596923666,0.00016250801712223439,True
0.7022655663915979,1.4239627398196812,420,0,-658.4207654946001,0.0,0.9999390725101143,6.535154392072221e-09,6.092095473128304e-05,False
0.7022655663915979,1.4239627398196812,420,1,-3.142994636789624,0.0,0.9999301715046818,1.3593171573073882e-06,6.846917816102905e-05,False
0.7022655663915979,1.4239627398196812,420,2,3973.567966781526,0.0,0.9934579956485959,0.006305516166422381,0.0002364881849817618,True
0.7022393098274569,1.4240159814546756,420,0,-760.1789518053288,0.0,0.9999376234451456,2.51671466392463e-07,6.212488338787644e-05,False
0.7022393098274569,1.4240159814546756,420,1,-3.0719554638792097,0.0,0.999953022333556,1.1021467733534609e-06,4.5875519670560724e-05,False
0.7022393098274569,1.4240159814546756,420,2,4076.7403178043674,0.0,0.960624835307394,0.03866774017280325,0.0007074245198027791,True
0.7022130532633158,1.4240692270712034,420,0,-825.5987502148955,0.0,0.9999364997430622,5.501619068707744e-07,6.295009503080628e-05,False
0.7022130532633158,1.4240692270712034,420,1,-3.0534883325103443,0.0,0.999961533674044,9.346437319297335e-07,3.753168222403421e-05,False
0.7022130532633158,1.4240692270712034,420,2,4243.560373116842,0.0,0.25509534922014937,0.7373144431752847,0.0075902076045659995,True
0.7021867966991747,1.4241224766697116,420,0,-744.0303313605411,0.0,0.9999370195817998,2.2865342706397686e-07,6.27517647731338e-05,False
0.7021867966991747,1.4241224766697116,420,1,-3.070097270062832,0.0,0.9999513428959598,1.1446639958605956e-06,4.751244004442587e-05,False
0.7021867966991747,1.4241224766697116,420,2,4509.099730985816,0.0,0.9160436992061939,0.08269202211458829,0.0012642786792178545,True
0.7021605401350337,1.4241757302506466,420,0,-702.6152118125041,0.0,0.9999373553784321,4.894214324274371e-08,6.259567942469078e-05,False
0.7021605401350337,1.4241757302506466,420,1,-3.0992986485885066,0.0,0.9999422968570115,1.2852915342377488e-06,5.64178514543056e-05,False
0.7021605401350337,1.4241757302506466,420,2,4816.445897322212,0.0,0.9681066395925634,0.031263157308563515,0.000630203098873038,True
0.7021342835708927,1.424228987814455,420,0,-704.6633350051254,0.0,0.9999369211138684,6.580765158628257e-08,6.301307847996333e-05,False
0.7021342835708927,1.424228987814455,420,1,-3.0943637463025913,0.0,0.9999442082581508,1.2635887289402824e-06,5.452815312019516e-05,False
0.7021342835708927,1.424228987814455,420,2,5105.2210677158355,0.0,0.939057337272597,0.05992990526678659,0.0010127574606164855,True
0.7021080270067517,1.424282249361584,420,0,-686.1883367444204,0.0,0.999936643029323,5.593591237529013e-08,6.330103476474154e-05,False
0.7021080270067517,1.424282249361584,420,1,-3.075798661502659,0.0,0.9999418270757697,1.292543051297976e-06,5.688038117901034e-05,False
0.7021080270067517,1.424282249361584,420,2,5443.673510444708,0.0,0.9002444802951489,0.09826164448489078,0.0014938752199601681,True
0.7020817704426107,1.4243355148924803,420,0,-725.5783408186498,0.0,0.9999361453481405,7.54884662560563e-08,6.377916339325849e-05,False
0.7020817704426107,1.4243355148924803,420,1,-3.003472676237501,0.0,0.9999483656210947,1.2110195037804278e-06,5.042335940157752e-05,False
0.7020817704426107,1.4243355148924803,420,2,5819.933383911335,0.0,0.6859964854503443,0.31013286194479067,0.0038706526048650075,True
0.7020555138784697,1.4243887844075909,420,0,-668.9456188146926,0.0,0.999936011488662,4.300680988039869e-08,6.394550452813495e-05,False
0.7020555138784697,1.4243887844075909,420,1,-3.0706493692878096,0.0,0.9999415516506914,1.2927915398411487e-06,5.715555776867919e-05,False
0.7020555138784697,1.4243887844075909,420,2,6268.50161805974,0.0,0.5082102469823654,0.4860521240957964,0.005737628921838353,True
0.7020292573143285,1.4244420579073631,420,0,-630.808875820699,0.0,0.9999365282047348,4.6861730182455575e-08,6.342493353508743e-05,False
0.7020292573143285,1.4244420579073631,420,1,-2.9621288026998753,0.0,0.9999203451383628,1.455678242157917e-06,7.819918339505217e-05,False
0.7020292573143285,1.4244420579073631,420,2,6868.8290979004305,0.0,0.9275429426505499,0.07125381681544413,0.0012032405340058117,True
0.7020030007501875,1.4244953353922438,420,0,-599.4413709930176,0.0,0.9999363347146597,8.49870455501942e-08,6.358029829483832e-05,False
0.7020030007501875,1.4244953353922438,420,1,-2.9316478865972466,0.0,0.9999106265904032,1.4938608667365137e-06,8.787954873008567e-05,False
0.7020030007501875,1.4244953353922438,420,2,7483.240879064736,0.0,0.8855786183575456,0.11268408562179778,0.0017372960206566523,True
0.7019767441860465,1.4245486168626802,420,0,-678.8418266840941,0.0,0.9999348969663224,4.2108824469495626e-08,6.506092485313325e-05,False
0.7019767441860465,1.4245486168626802,420,1,-2.956976337817307,0.0,0.9999474551138965,1.1951972355396377e-06,5.1349688867983875e-05,False
0.7019767441860465,1.4245486168626802,420,2,8064.68471425528,0.0,0.8350082677105077,0.16383285101266593,0.0011588812768264806,True
0.7019504876219055,1.4246019023191194,420,0,-792.3620736355202,0.0,0.9999329846605173,5.140835345384944e-07,6.650125594818236e-05,False
0.7019504876219055,1.4246019023191194,420,1,-2.7235732076916315,0.0,0.9999642965710597,8.510474315659267e-07,3.485238150876351e-05,False
0.7019504876219055,1.4246019023191194,420,2,8784.289696568048,0.0,0.9780480652319313,0.021899460433808474,5.247433426009678e-05,True
0.7019242310577645,1.4246551917620087,420,0,-892.5091503939973,0.0,0.9999310326774753,1.2671617594673515e-06,6.770016076512271e-05,False
0.7019242310577645,1.4246551917620087,420,1,-2.5698884312210355,0.0,0.9999718931455139,5.968902160260602e-07,2.7509964269946623e-05,False
0.7019242310577645,1.4246551917620087,420,2,9676.293813711698,0.0,0.9896115894234769,0.010382194112514391,6.216464008623459e-06,True
0.7018979744936233,1.424708485191796,420,0,-1066.3378781620645,0.0,0.9999281043459558,2.782641900536053e-06,6.911301214365609e-05,False
0.7018979744936233,1.424708485191796,420,1,-2.1905444771692792,0.0,0.9999765251509302,3.5512280383478747e-07,2.3119726265952634e-05,False
0.7018979744936233,1.424708485191796,420,2,10754.35152676255,0.0,0.9941044875174831,0.005895502445196449,1.003732042647254e-08,True
0.7018717179294823,1.424761782608928,420,0,-1322.7765350875854,0.0,0.9999236123840186,5.592677669331223e-06,7.079493831217397e-05,False
0.7018717179294823,1.424761782608928,420,1,-1.890337583996765,0.0,0.999979370066827,1.4731072791738491e-07,2.0482622445130335e-05,False
0.7018717179294823,1.424761782608928,420,2,12081.136017114268,0.0,0.9962098548989777,0.0037873190445860605,2.8260564362724544e-06,True
0.7018454613653413,1.4248150840138527,420,0,-1326.0393071120984,0.0,0.9999232754582326,5.541378915979497e-06,7.118316285152449e-05,False
0.7018454613653413,1.4248150840138527,420,1,-1.776775007424634,0.0,0.9999798761098287,1.4087902790518816e-07,1.998301114341364e-05,False
0.7018454613653413,1.4248150840138527,420,2,13645.867116070332,0.0,0.9959940666007192,0.004003716977920312,2.2164213603838313e-06,True
0.7018192048012003,1.4248683894070175,420,0,-928.7635291500691,0.0,0.9999278822801398,2.1995705464615844e-06,6.99181493137028e-05,False
0.7018192048012003,1.4248683894070175,420,1,-2.203240437637786,0.0,0.9999757500836285,4.1279263709235175e-07,2.3837123734441152e-05,False
0.7018192048012003,1.4248683894070175,420,2,15583.001749921861,0.0,0.9934911136975058,0.006508752732870145,1.3356962414279772e-07,True
0.7017929482370593,1.42492169878887,420,0,-716.7048023844789,0.0,0.9999312021324306,3.120082604631417e-07,6.848585930898655e-05,False
0.7017929482370593,1.42492169878887,420,1,-2.503553208282161,0.0,0.9999669181251105,8.160641704020517e-07,3.226581071915805e-05,False
0.7017929482370593,1.42492169878887,420,2,18162.421878339843,0.0,0.9893733927956873,0.010618936824644189,7.670379668518007e-06,True
0.7017666916729182,1.424975012159858,420,0,-530.6288700088495,0.0,0.9999330337182151,9.348240107356162e-08,6.687279938390841e-05,False
0.7017666916729182,1.424975012159858,420,1,-2.6366480261629275,0.0,0.9999278050449777,1.33797384880078e-06,7.0856981173407e-05,False
0.7017666916729182,1.424975012159858,420,2,21572.413394306994,0.0,0.984349326413331,0.015624120726275828,2.6552860393172902e-05,True
0.7017404351087771,1.4250283295204291,420,0,-482.74252988456357,0.0,0.9999333980116122,1.7999773039026327e-06,6.480201108397481e-05,False
0.7017404351087771,1.4250283295204291,420,1,-2.289726771003422,0.0,0.9997805514061827,1.0477622404969644e-06,0.0002184008315766911,False
0.7017404351087771,1.4250283295204291,420,2,26182.50788577561,0.0,0.9768902870075966,0.023044352956711846,6.53600356916284e-05,True
0.7017141785446361,1.4250816508710318,420,0,-479.24737480782846,0.0,0.9999326073630419,3.6488063346140443e-06,6.374383062343543e-05,False
0.7017141785446361,1.4250816508710318,420,1,-1.546351023934658,0.0,0.9994571122331487,1.0586455815054309e-07,0.0005427819022931882,False
0.7017141785446361,1.4250816508710318,420,2,32217.9065411431,0.0,0.9778543410689278,0.022085087581271565,6.057134980067293e-05,True
0.7016879219804951,1.425134976212113,420,0,-465.19476367545184,0.0,0.9999326142501439,2.0900822644698e-06,6.529566759165808e-05,False
0.7016879219804951,1.425134976212113,420,1,-2.1899996197215272,0.0,0.9997641248828529,8.723556972687964e-07,0.00023500276144977885,False
0.7016879219804951,1.425134976212113,420,2,39921.29028285676,0.0,0.9866697843462163,0.013312527330686807,1.768832309690785e-05,True
0.7016616654163541,1.4251883055441217,420,0,-462.3485659702538,0.0,0.9999321093218545,6.30210085026826e-07,6.726046806045018e-05,False
0.7016616654163541,1.4251883055441217,420,1,-2.4192485479919514,0.0,0.9998962342272397,1.2493561130088894e-06,0.00010251641664729367,False
0.7016616654163541,1.4251883055441217,420,2,50566.98837682267,0.0,0.9906806554943399,0.009314624000536518,4.720505123617643e-06,True
0.701635408852213,1.425241638867505,420,0,-484.7986377164113,0.0,0.9999312155415234,1.7016093843898843e-07,6.861429753810402e-05,False
0.701635408852213,1.425241638867505,420,1,-2.420469027203498,0.0,0.9999372027067372,1.1207699496365013e-06,6.167652331308755e-05,False
0.701635408852213,1.425241638867505,420,2,65785.12474304001,0.0,0.992204039035995,0.007794301807839422,1.659156165656177e-06,True
0.701609152288072,1.4252949761827116,420,0,-538.0113404465116,0.0,0.9999299401289589,9.019130325782878e-11,7.005978084979861e-05,False
0.701609152288072,1.4252949761827116,420,1,-2.2941184873670046,0.0,0.999961751148297,8.560834503830997e-07,3.739276825261542e-05,False
0.701609152288072,1.4252949761827116,420,2,87628.5313614204,0.0,0.9930986311211102,0.006900841325188056,5.275537017610064e-07,True
0.701582895723931,1.4253483174901895,420,0,-605.0950534144758,0.0,0.9999280039100312,3.134844470493705e-07,7.168260552179275e-05,False
0.701582895723931,1.4253483174901895,420,1,-2.007284415186855,0.0,0.9999736104171141,5.55307841964247e-07,2.5834275044034335e-05,False
0.701582895723931,1.4253483174901895,420,2,118715.23373701525,0.0,0.9936693683034153,0.006330511196965969,1.2049961868371924e-07,True
0.7015566391597899,1.425401662790387,420,0,-704.7113656691203,0.0,0.9999263008447411,8.186211700467844e-07,7.288053408888097e-05,False
0.7015566391597899,1.425401662790387,420,1,-1.762919705121539,0.0,0.9999799047553448,3.571671662964403e-07,1.97380774888468e-05,False
0.7015566391597899,1.425401662790387,420,2,160268.24140457288,0.0,0.9939146190925658,0.0060853487957404345,3.211169376966933e-08,True
0.7015303825956489,1.425455012083752,420,0,-591.4731549531971,0.0,0.9999269942554965,3.716713847180223e-07,7.26340731188635e-05,False
0.7015303825956489,1.425455012083752,420,1,-1.8630939795336623,0.0,0.9999764925102008,4.794386223131136e-07,2.3028051176776362e-05,False
0.7015303825956489,1.425455012083752,420,2,205865.7010242021,0.0,0.9938989042463463,0.006101058899479703,3.685417408346337e-08,True
0.7015041260315078,1.425508365370734,420,0,-539.6139771777614,0.0,0.9999275033482636,9.331373243238624e-08,7.240333800395502e-05,False
0.7015041260315078,1.425508365370734,420,1,-1.9222453445272631,0.0,0.9999741217088596,5.873683372657452e-07,2.5290922803069016e-05,False
0.7015041260315078,1.425508365370734,420,2,233524.23650852538,0.0,0.9938671383774592,0.006132815482882315,4.613965834685674e-08,True
0.7014778694673668,1.4255617226517805,420,0,-538.1298379203438,0.0,0.9999268713191509,1.4083606779885674e-07,7.298784478125649e-05,False
0.7014778694673668,1.4255617226517805,420,1,-1.8439032840865288,0.0,0.9999764215809152,5.268994198649971e-07,2.305151966501552e-05,False
0.7014778694673668,1.4255617226517805,420,2,221279.28987204662,0.0,0.9938719538569791,0.006128001857284872,4.42857360435593e-08,True
0.7014516129032258,1.4256150839273396,420,0,-530.7248045351771,0.0,0.9999264208924115,1.462330994617342e-07,7.34328744891795e-05,False
0.7014516129032258,1.4256150839273396,420,1,-1.7710295035064425,0.0,0.9999776281455436,4.997126683117637e-07,2.1872141788058016e-05,False
0.7014516129032258,1.4256150839273396,420,2,179824.08922626748,0.0,0.9938114345419383,0.0061885023863607275,6.30717010402177e-08,True
0.7014253563390848,1.425668449197861,420,0,-515.4775510474524,0.0,0.9999258239046205,1.976764136484168e-07,7.39784189658096e-05,False
0.7014253563390848,1.425668449197861,420,1,-1.6856473585294842,0.0,0.9999785136598575,4.6083424511319454e-07,2.1025505897423883e-05,False
0.7014253563390848,1.425668449197861,420,2,135236.83761073084,0.0,0.9937212513095223,0.0062786516571844255,9.70332933151676e-08,True
0.7013990997749437,1.4257218184637928,420,0,-527.302758304807,0.0,0.9999254830646518,1.5924163640492854e-07,7.43576937118175e-05,False
0.7013990997749437,1.4257218184637928,420,1,-1.6439729055715435,0.0,0.9999806582651639,4.405888233643065e-07,1.8901146012883365e-05,False
0.7013990997749437,1.4257218184637928,420,2,99965.18688641915,0.0,0.9935371013125222,0.006462708519669533,1.9016780825208109e-07,True
0.7013728432108026,1.425775191725584,420,0,-410.12874884073165,0.0,0.9999264273578526,9.51902244273951e-09,7.356312312486951e-05,False
0.7013728432108026,1.425775191725584,420,1,-1.83359504327521,0.0,0.9999706115631579,6.885850741269209e-07,2.8699851767815457e-05,False
0.7013728432108026,1.425775191725584,420,2,74943.20270220198,0.0,0.9929159960000397,0.007083275239569623,7.287603907372903e-07,True
0.7013465866466616,1.4258285689836827,420,0,-397.77454418629145,0.0,0.9999261114325996,2.4330427225679472e-08,7.386423697323204e-05,False
0.7013465866466616,1.4258285689836827,420,1,-1.8203517640285496,0.0,0.99997101345228,6.929568526649762e-07,2.8293590867390773e-05,False
0.7013465866466616,1.4258285689836827,420,2,57496.3676782354,0.0,0.9923982984333095,0.007600292173008803,1.4093936817085501e-06,True
0.7013203300825206,1.4258819502385385,420,0,-513.0400480104856,0.0,0.9999239994387896,2.082081861466568e-07,7.579235302420363e-05,False
0.7013203300825206,1.4258819502385385,420,1,-1.4324455364542192,0.0,0.9999835606118945,3.6625072011750195e-07,1.6073137385427477e-05,False
0.7013203300825206,1.4258819502385385,420,2,45061.12237035123,0.0,0.9927496780295465,0.007249415964584374,9.060058691593759e-07,True
0.7012940735183796,1.4259353354906,420,0,-592.0192441221651,0.0,0.9999212921565946,1.1716439944585265e-06,7.753619941081087e-05,False
0.7012940735183796,1.4259353354906,420,1,-1.1255074264891582,0.0,0.999986157150942,1.611091478588281e-07,1.3681739910140684e-05,False
0.7012940735183796,1.4259353354906,420,2,36086.86851698602,0.0,0.9933973650621549,0.006602378986178538,2.5595166651091897e-07,True
0.7012678169542386,1.425988724740316,420,0,-785.1493259171928,0.0,0.9999184626693568,2.507717791471156e-06,7.9029612851778e-05,False
0.7012678169542386,1.425988724740316,420,1,-0.7618516782211519,0.0,0.9999878177810337,5.170258025690753e-08,1.2130516385949855e-05,False
0.7012678169542386,1.425988724740316,420,2,29485.166473834113,0.0,0.9940708848134233,0.005929114914152177,2.724245523028871e-10,True
0.7012415603900974,1.4260421179881362,420,0,-914.9865447995184,0.0,0.9999142382405567,5.028825673683889e-06,8.07329337696575e-05,False
0.7012415603900974,1.4260421179881362,420,1,-0.5919365745510276,0.0,0.9999864284727993,4.576930052599586e-09,1.3566950270627053e-05,False
0.7012415603900974,1.4260421179881362,420,2,24532.348462928432,0.0,0.9950963891692353,0.004902998042086578,6.127886781902833e-07,True
0.7012153038259564,1.426095515234509,420,0,-1305.6164823113554,0.0,0.9999078638017053,9.340249614455032e-06,8.279594868029752e-05,False
0.7012153038259564,1.426095515234509,420,1,-0.23528850838390297,0.0,0.9999852500193099,1.8633686790211435e-08,1.473134700325721e-05,False
0.7012153038259564,1.426095515234509,420,2,20766.012198113945,0.0,0.9962636658901113,0.0037330795121519756,3.2545977368603584e-06,True
0.7011890472618154,1.4261489164798835,420,0,-1200.6464999773461,0.0,0.9999078844162079,9.000588055610453e-06,8.311499573638144e-05,False
0.7011890472618154,1.4261489164798835,420,1,-0.33428553445682224,0.0,0.9999850827092809,1.3242439825320018e-08,1.4904048279306234e-05,False
0.7011890472618154,1.4261489164798835,420,2,17739.255221296466,0.0,0.9964253819902353,0.0035707343673138324,3.883642450761704e-06,True
0.7011627906976744,1.4262023217247095,420,0,-850.804241251948,0.0,0.9999145706619039,3.877971337268158e-06,8.155136675884905e-05,False
0.7011627906976744,1.4262023217247095,420,1,-0.48007200772605113,0.0,0.9999881145265093,1.2302574093149425e-08,1.1873170916706633e-05,False
0.7011627906976744,1.4262023217247095,420,2,15291.089754445853,0.0,0.9949679238715273,0.005031558609848393,5.175186241817362e-07,True
0.7011365341335334,1.4262557309694366,420,0,-504.3576017092669,0.0,0.9999193084567359,8.388358151268536e-07,7.985270744888246e-05,False
0.7011365341335334,1.4262557309694366,420,1,-1.0110332008880838,0.0,0.9999884711125442,1.8080891343408495e-07,1.1348078542506399e-05,False
0.7011365341335334,1.4262557309694366,420,2,13442.697194630522,0.0,0.9909818873389885,0.009014134809910838,3.977851100634528e-06,True
0.7011102775693923,1.4263091442145135,420,0,-365.18541973055136,0.0,0.9999219556754414,4.498697248264198e-09,7.803982586127371e-05,False
0.7011102775693923,1.4263091442145135,420,1,-1.4418377261953126,0.0,0.9999814319894104,5.963320088501572e-07,1.7971678580799632e-05,False
0.7011102775693923,1.4263091442145135,420,2,12060.16605693995,0.0,0.9750295977728451,0.024886607546152722,8.379468100215303e-05,True
0.7010840210052512,1.42636256146039,420,0,-251.8877713316491,0.0,0.9999234703367297,1.5816011216602981e-06,7.494806214874622e-05,False
0.7010840210052512,1.42636256146039,420,1,-1.824605616139748,0.0,0.9998863469526978,9.241974241344158e-07,0.0001127288498779799,False
0.7010840210052512,1.42636256146039,420,2,11120.788921864643,0.0,0.03005677360637466,0.9580065778216674,0.011936648571957968,True
0.7010577644411102,1.4264159827075154,420,0,-266.6303681012056,0.0,0.9999230726043605,3.4241365309403634e-06,7.350325910851685e-05,False
0.7010577644411102,1.4264159827075154,420,1,-1.4427363370326616,0.0,0.9996433514085002,1.9482579539225532e-07,0.00035645376570441536,False
0.7010577644411102,1.4264159827075154,420,2,10330.208105388341,0.0,0.9420173646577671,0.05671764459498576,0.0012649907472472744,True
0.7010315078769692,1.4264694079563391,420,0,-264.2017609816911,0.0,0.9999225536223637,1.6769294011768334e-06,7.576944823511989e-05,False
0.7010315078769692,1.4264694079563391,420,1,-1.8289873201672089,0.0,0.9998976247120315,9.267840239327633e-07,0.00010144850394460383,False
0.7010315078769692,1.4264694079563391,420,2,9305.02108236148,0.0,0.8707270354394022,0.12690384403736107,0.002369120523236663,True
0.7010052513128282,1.426522837207311,420,0,-260.15326846888644,0.0,0.9999213894618707,3.401428920262401e-07,7.827039523716554e-05,False
0.7010052513128282,1.426522837207311,420,1,-1.6972141512393724,0.0,0.999962349412559,8.793661631823044e-07,3.677122127767661e-05,False
0.7010052513128282,1.426522837207311,420,2,8383.111867017062,0.0,0.03857273479028207,0.9495742434279493,0.011853021781768584,True
0.7009789947486872,1.4265762704608815,420,0,-371.22659461710293,0.0,0.9999199270707809,2.152844097518921e-08,8.005140077800331e-05,False
0.7009789947486872,1.4265762704608815,420,1,-1.3714414736283047,0.0,0.9999822042350711,6.269989572918022e-07,1.7168765971624712e-05,False
0.7009789947486872,1.4265762704608815,420,2,7654.1759418206975,0.0,0.7818078458530601,0.2161724134747405,0.002019740672199423,True
0.7009527381845461,1.4266297077174996,420,0,-322.71925729962993,0.0,0.999918346430991,9.42443303307686e-08,8.155932467869232e-05,False
0.7009527381845461,1.4266297077174996,420,1,-1.3234690149696875,0.0,0.9999862610082019,4.023528609391479e-07,1.3336638937169722e-05,False
0.7009527381845461,1.4266297077174996,420,2,7016.448420897577,0.0,0.9437905930073792,0.05587815358348467,0.000331253409136049,True
0.700926481620405,1.4266831489776153,420,0,-575.5587119311953,0.0,0.9999157075488335,8.58695288916489e-07,8.343375587771006e-05,False
0.700926481620405,1.4266831489776153,420,1,-0.6837186333895123,0.0,0.9999896652733604,1.694214697923119e-07,1.0165305169856555e-05,False
0.700926481620405,1.4266831489776153,420,2,6452.713277346823,0.0,0.9842877211129963,0.015683500102060575,2.8778784943160344e-05,True
0.700900225056264,1.4267365942416783,420,0,-527.8608836089982,0.0,0.9999139042814397,1.5405055667271157e-06,8.455521299346512e-05,False
0.700900225056264,1.4267365942416783,420,1,-0.8070813367618009,0.0,0.9999899951373002,9.25188100046011e-08,9.91234388969076e-06,False
0.700900225056264,1.4267365942416783,420,2,5984.0414761936545,0.0,0.9900676760473456,0.00992650837993059,5.8155727238971325e-06,True
0.700873968492123,1.426790043510139,420,0,-530.7119360089091,0.0,0.9999149272725013,8.062178564493443e-07,8.426650964222584e-05,False
0.700873968492123,1.426790043510139,420,1,-0.7654923725687742,0.0,0.9999895905506392,1.8738254333964336e-07,1.022206681755017e-05,False
0.700873968492123,1.426790043510139,420,2,5603.182441034239,0.0,0.9799368680833622,0.020011174686297515,5.195723034019174e-05,True
0.700847711927982,1.4268434967834474,420,0,-401.94148346972827,0.0,0.9999156848582261,3.284685156955996e-07,8.39866732581709e-05,False
0.700847711927982,1.4268434967834474,420,1,-1.0761582735154034,0.0,0.9999884953797891,3.08212318426267e-07,1.1196407892379048e-05,False
0.700847711927982,1.4268434967834474,420,2,5281.585294074792,0.0,0.9361066216297806,0.06349321584937491,0.0004001625208445024,True
0.700821455363841,1.4268969540620533,420,0,-454.9422943671197,0.0,0.9999149616315023,4.1960435263069394e-07,8.461876414503266e-05,False
0.700821455363841,1.4268969540620533,420,1,-0.9587540985065085,0.0,0.9999890284397177,2.837371139227041e-07,1.0687823168450336e-05,False
0.700821455363841,1.4268969540620533,420,2,4964.0003359163,0.0,0.9408565876080757,0.05878651023779955,0.0003569021541247562,True
0.7007951987996999,1.4269504153464077,420,0,-421.5616142864232,0.0,0.9999145670397381,4.018138605820452e-07,8.503114640121536e-05,False
0.7007951987996999,1.4269504153464077,420,1,-1.0243529890661438,0.0,0.9999887999668843,2.9609326578994196e-07,1.0903939849824306e-05,False
0.7007951987996999,1.4269504153464077,420,2,4685.177706291976,0.0,0.9193137746947125,0.08012789733569481,0.0005583279695927164,True
0.7007689422355589,1.4270038806369598,420,0,-451.2874167963815,0.0,0.9999138886105555,4.88249023194238e-07,8.562314042116461e-05,False
0.7007689422355589,1.4270038806369598,420,1,-0.9360613869625675,0.0,0.9999888309186868,2.8090178533208927e-07,1.0888179527837603e-05,False
0.7007689422355589,1.4270038806369598,420,2,4427.165264326232,0.0,0.9260799938849301,0.07342657530718724,0.0004934308078827217,True
0.7007426856714178,1.4270573499341606,420,0,-420.3416410537007,0.0,0.9999137754474199,3.5601742969714896e-07,8.586853515043903e-05,False
0.7007426856714178,1.4270573499341606,420,1,-1.0534393515028033,0.0,0.9999888836355619,3.2241577811360166e-07,1.0793948659949002e-05,False
0.7007426856714178,1.4270573499341606,420,2,4206.739386259645,0.0,0.8016317870788193,0.1965587465368903,0.0018094663842904315,True
0.7007164291072768,1.4271108232384602,420,0,-332.5226375122694,0.0,0.9999150971981605,1.4048337990806857e-09,8.490139700577352e-05,False
0.7007164291072768,1.4271108232384602,420,1,-1.336687907260539,0.0,0.9999827482265594,6.366092686831971e-07,1.6615164172051092e-05,False
0.7007164291072768,1.4271108232384602,420,2,4069.7498173758418,0.0,0.9539921480687455,0.04490601617888527,0.001101835752369268,True
0.7006901725431358,1.4271643005503094,420,0,-323.9127159068382,0.0,0.9999146726501656,5.845162101732275e-10,8.53267653181381e-05,False
0.7006901725431358,1.4271643005503094,420,1,-1.3763566795032,0.0,0.9999826568312308,6.509870393102621e-07,1.669218173000062e-05,False
0.7006901725431358,1.4271643005503094,420,2,3887.836901654024,0.0,0.9674458904832322,0.03168886335171625,0.0008652461650515066,True
0.7006639159789947,1.4272177818701586,420,0,-447.70692831169066,0.0,0.9999120010849936,5.033536334624142e-07,8.749556137304817e-05,False
0.7006639159789947,1.4272177818701586,420,1,-0.968025135193023,0.0,0.9999890398479852,2.9736864696326316e-07,1.0662783367892309e-05,False
0.7006639159789947,1.4272177818701586,420,2,3634.769928719062,0.0,0.7732084728119946,0.22465406876769892,0.0021374584203065258,True
0.7006376594148537,1.4272712671984582,420,0,-581.0700533590419,0.0,0.9999088462060237,1.8034252215459607e-06,8.935036875483808e-05,False
0.7006376594148537,1.4272712671984582,420,1,-0.6461753831041201,0.0,0.9999896339480867,1.051236080160956e-07,1.0260928305304593e-05,False
0.7006376594148537,1.4272712671984582,420,2,3434.1070510884747,0.0,0.9886121011413662,0.011378494706176676,9.404152457109312e-06,True
0.7006114028507127,1.427324756535659,420,0,-736.274004043317,0.0,0.9999058208971258,3.3216713455317317e-06,9.085743152869695e-05,False
0.7006114028507127,1.427324756535659,420,1,-0.4509236842207601,0.0,0.99998933007979,2.5643443982143893e-08,1.0644276766023011e-05,False
0.7006114028507127,1.427324756535659,420,2,3275.228329079114,0.0,0.9958318376659867,0.004164865316264863,3.2970177485291914e-06,True
0.7005851462865716,1.4273782498822118,420,0,-962.5096886535774,0.0,0.9999015737164978,5.862745196871968e-06,9.256353830529536e-05,False
0.7005851462865716,1.4273782498822118,420,1,-0.19544571579353098,0.0,0.9999870285730723,1.643044624874612e-10,1.2971262623204747e-05,False
0.7005851462865716,1.4273782498822118,420,2,3156.858699723093,0.0,0.9982175147582307,0.0017628427165445374,1.964252522467873e-05,True
0.7005588897224306,1.4274317472385674,420,0,-1255.6185624879388,0.0,0.9998964593431449,9.205610054456739e-06,9.433504680066204e-05,False
0.7005588897224306,1.4274317472385674,420,1,-0.09699086994646677,0.0,0.9999842882804814,3.824395201199554e-08,1.5673475566728644e-05,False
0.7005588897224306,1.4274317472385674,420,2,3088.646657597627,0.0,0.9990520395516871,0.000914289276775733,3.3671171537157745e-05,True
0.7005326331582895,1.4274852486051768,420,0,-1204.0364052575947,0.0,0.9998971535567909,8.335148687758988e-06,9.451129452140464e-05,False
0.7005326331582895,1.4274852486051768,420,1,-0.04321380072612124,0.0,0.9999850371929934,2.3076015371489333e-08,1.4939730991339676e-05,False
0.7005326331582895,1.4274852486051768,420,2,2927.4642172738486,0.0,0.9989656668262507,0.001002278762357397,3.2054411391959495e-05,True
0.7005063765941485,1.4275387539824904,420,0,-753.5751468548474,0.0,0.9999028628217165,4.005382533178136e-06,9.313179575028194e-05,False
0.7005063765941485,1.4275387539824904,420,1,-0.42257865874263734,0.0,0.9999886794047058,1.9274023217108453e-08,1.1301321270950224e-05,False
0.7005063765941485,1.4275387539824904,420,2,2722.7980697090743,0.0,0.9970951346065751,0.002895028548065507,9.836845359382073e-06,True
0.7004801200300075,1.42759226337096,420,0,-485.9779881136174,0.0,0.9999076231487978,9.753300879318815e-07,9.140152111425417e-05,False
0.7004801200300075,1.42759226337096,420,1,-0.8474911128927705,0.0,0.9999894310909778,2.6029916925656154e-07,1.0308609852893109e-05,False
0.7004801200300075,1.42759226337096,420,2,2626.703437689479,0.0,0.8979273270879211,0.10130390022270626,0.000768772689372537,True
0.7004538634658665,1.4276457767710358,420,0,-293.29965521944143,0.0,0.9999109216104576,1.115874400370766e-08,8.906723079835346e-05,False
0.7004538634658665,1.4276457767710358,420,1,-1.4868123740506272,0.0,0.9999776692367826,9.161543835992546e-07,2.1414608833860506e-05,False
0.7004538634658665,1.4276457767710358,420,2,2647.9977218725335,0.0,0.9948746796106421,0.004823786394621207,0.00030153399473666683,True
0.7004276069017255,1.4276992941831697,420,0,-226.33661927754187,0.0,0.9999128447155343,1.9812650670373957e-06,8.517401939863054e-05,False
0.7004276069017255,1.4276992941831697,420,1,-1.7291656692023478,0.0,0.9998186968576224,1.147354942544729e-06,0.00018015578743509823,False
0.7004276069017255,1.4276992941831697,420,2,2850.1903884793346,0.0,0.9990428446308117,0.000796506128144421,0.00016064924104383844,True
0.7004013503375843,1.4277528156078123,420,0,-219.451572834665,0.0,0.999912772559325,3.7282074444176737e-06,8.34992332305436e-05,False
0.7004013503375843,1.4277528156078123,420,1,-1.2241982504431237,0.0,0.9992756018027723,2.9994252857263264e-08,0.0007243682029749372,False
0.7004013503375843,1.4277528156078123,420,2,2947.5081150855854,0.0,0.9993611200845753,0.0004944560530536726,0.00014442386237095898,True
0.7003750937734433,1.4278063410454156,420,0,-240.7635508757649,0.0,0.9999116570870226,1.4989273439102728e-06,8.684398563350036e-05,False
0.7003750937734433,1.4278063410454156,420,1,-1.8121516905925346,0.0,0.9998853005637836,1.3461577723745032e-06,0.00011335327844411681,False
0.7003750937734433,1.4278063410454156,420,2,2668.6250117970153,0.0,0.9990270865380616,0.0008102302178029877,0.00016268324413533012,True
0.7003488372093023,1.4278598704964305,420,0,-238.94171268922318,0.0,0.9999101438767208,2.65446800720982e-07,8.959067647841662e-05,False
0.7003488372093023,1.4278598704964305,420,1,-1.6744787127719452,0.0,0.9999558800288416,1.2493626162886398e-06,4.2870608542222535e-05,False
0.7003488372093023,1.4278598704964305,420,2,2435.7994941584348,0.0,0.9981370681360547,0.0016615011087455483,0.0002014307551998252,True
0.7003225806451613,1.4279134039613082,420,0,-316.2869769438657,0.0,0.9999083662850368,1.646919888839704e-09,9.163206804331196e-05,False
0.7003225806451613,1.4279134039613082,420,1,-1.4443169917682634,0.0,0.9999791363932169,9.066199032105117e-07,1.99569868797754e-05,False
0.7003225806451613,1.4279134039613082,420,2,2290.873775030299,0.0,0.996381652524251,0.0033562908160207606,0.0002620566597282298,True
0.7002963240810203,1.4279669414405003,420,0,-360.48144086367586,0.0,0.9999062402205504,2.3439911598089422e-07,9.352538033353975e-05,False
0.7002963240810203,1.4279669414405003,420,1,-1.1936100030717676,0.0,0.9999863459190413,5.52226602409045e-07,1.3101854356138631e-05,False
0.7002963240810203,1.4279669414405003,420,2,2158.2413167629034,0.0,0.9858003110312292,0.013671822502204325,0.0005278664665664607,True
0.7002700675168791,1.428020482934459,420,0,-515.7477452140614,0.0,0.9999031746277199,1.2609868474941399e-06,9.556438543257352e-05,False
0.7002700675168791,1.428020482934459,420,1,-0.7720233016109573,0.0,0.9999892209468304,2.433437862411464e-07,1.0535709383356954e-05,False
0.7002700675168791,1.428020482934459,420,2,2045.5828723444017,0.0,0.9041521217159845,0.0951433655069916,0.0007045127770240394,True
0.7002438109527381,1.428074028443635,420,0,-557.7887827470507,0.0,0.999901522911663,1.852575430372013e-06,9.662451290657289e-05,False
0.7002438109527381,1.428074028443635,420,1,-0.7116250953890139,0.0,0.9999897530782285,1.5833779975381134e-07,1.0088583971830239e-05,False
0.7002438109527381,1.428074028443635,420,2,1972.0925284532157,0.0,0.9826973590326634,0.017270273678598205,3.23672887383483e-05,True
0.7002175543885971,1.4281275779684806,420,0,-469.24359298980244,0.0,0.9999029227629502,9.183002504217322e-07,9.615893679935322e-05,False
0.7002175543885971,1.4281275779684806,420,1,-0.8747457603372534,0.0,0.9999886603344513,3.336567516383114e-07,1.1006008797019802e-05,False
0.7002175543885971,1.4281275779684806,420,2,1928.0674108113913,0.0,0.33715514085618775,0.6530431319867614,0.009801727157050901,True
0.7079894973743436,1.412450331125828,1000,0,-633.4196073272689,0.0,0.9999832876386143,8.88964923471232e-08,1.6623464893276066e-05,False
0.7079894973743436,1.412450331125828,1000,1,0.6304058249268519,0.0,0.9999985437724065,1.042935733660397e-08,1.4457982361285304e-06,True
0.7079894973743436,1.412450331125828,1000,2,358307.8735841643,0.0,0.9997696155595578,0.00020776299376354244,2.2621446678601238e-05,True
0.7079632408102026,1.4125027153324892,1000,0,-657.5204325179153,0.0,0.9999831766790258,9.18502839010327e-08,1.6731470690203406e-05,False
0.7079632408102026,1.4125027153324892,1000,1,0.6019970230558194,0.0,0.9999983941043981,9.958130108347802e-09,1.595937471829428e-06,True
0.7079632408102026,1.4125027153324892,1000,2,97296.99430591636,0.0,0.9997889032364264,0.0001886972000553504,2.239956351829128e-05,True
0.7079369842460614,1.41255510342489,1000,0,-655.2714067331488,0.0,0.9999830683265447,9.165412131872518e-08,1.684001933400505e-05,False
0.7079369842460614,1.41255510342489,1000,1,0.5293771553159856,0.0,0.9999982727570786,9.341455787565006e-09,1.7179014655652323e-06,True
0.7079369842460614,1.41255510342489,1000,2,56758.06411732307,0.0,0.9998051232873365,0.00017265570738108114,2.222100528235385e-05,True
0.7079107276819204,1.4126074954034622,1000,0,-671.8514128325523,0.0,0.9999829504836462,9.764123197464723e-08,1.695187512184719e-05,False
0.7079107276819204,1.4126074954034622,1000,1,0.464257676920744,0.0,0.999998128727527,9.27328455724917e-09,1.8619991884407952e-06,True
0.7079107276819204,1.4126074954034622,1000,2,40211.977529540054,0.0,0.9998176736130086,0.00016022575476287037,2.2100632228573214e-05,True
0.7078844711177794,1.4126598912686386,1000,0,-608.5093539568312,0.0,0.9999828750377269,6.971964107011596e-08,1.7055242632101177e-05,False
0.7078844711177794,1.4126598912686386,1000,1,0.3848942382150422,0.0,0.999998219832797,6.524506935774138e-09,1.7736426960965403e-06,True
0.7078844711177794,1.4126598912686386,1000,2,31582.66821461342,0.0,0.9998354319210668,0.0001426912263760121,2.1876852557196412e-05,True
0.7078582145536384,1.4127122910208516,1000,0,-535.1123493494405,0.0,0.9999828008685289,4.48838700624959e-08,1.7154247601046266e-05,False
0.7078582145536384,1.4127122910208516,1000,1,0.2877989077877388,0.0,0.9999982390331544,4.027120035617088e-09,1.756939725451759e-06,True
0.7078582145536384,1.4127122910208516,1000,2,26245.637995366662,0.0,0.9998525688253128,0.0001257807392285139,2.16504354586362e-05,True
0.7078319579894974,1.4127646946605337,1000,0,-608.7355433004351,0.0,0.9999826576991546,6.727839107510425e-08,1.7275022454336028e-05,False
0.7078319579894974,1.4127646946605337,1000,1,0.25487513894339764,0.0,0.9999979715405574,5.45509228265783e-09,2.023004350330214e-06,True
0.7078319579894974,1.4127646946605337,1000,2,22164.230495277847,0.0,0.9998554757777388,0.00012282330767654764,2.1700914584696634e-05,True
0.7078057014253563,1.412817102188118,1000,0,-733.9730520713327,0.0,0.9999824807125216,1.1775590871400739e-07,1.740153156968389e-05,False
0.7078057014253563,1.412817102188118,1000,1,0.2642623168631582,0.0,0.9999974857760456,8.419245317659321e-09,2.505804709097754e-06,True
0.7078057014253563,1.412817102188118,1000,2,19022.33326754208,0.0,0.9998500373414562,0.00012804226780545327,2.1920390738308456e-05,True
0.7077794448612152,1.4128695136040363,1000,0,-851.6034811513236,0.0,0.9999822980351059,1.7204917408740332e-07,1.752991572000631e-05,False
0.7077794448612152,1.4128695136040363,1000,1,0.24911988899663778,0.0,0.9999970670535244,1.1036136702134775e-08,2.921910338889526e-06,True
0.7077794448612152,1.4128695136040363,1000,2,16653.404409627758,0.0,0.9998424867535183,0.0001353329223765143,2.2180324105151277e-05,True
0.7077531882970742,1.412921928908722,1000,0,-981.3487001778058,0.0,0.9999821063189565,2.3246435041824217e-07,1.76612166930285e-05,False
0.7077531882970742,1.412921928908722,1000,1,0.2361642396216218,0.0,0.9999967111706136,1.3582240448451766e-08,3.2752471459481676e-06,True
0.7077531882970742,1.412921928908722,1000,2,14790.72005329142,0.0,0.9998313451209921,0.00014614932948875097,2.250554951905689e-05,True
0.7077269317329332,1.4129743481026076,1000,0,-1159.8618057238555,0.0,0.9999818706300664,3.318338475186097e-07,1.7797536086050384e-05,False
0.7077269317329332,1.4129743481026076,1000,1,0.24680757678296877,0.0,0.9999961260036828,1.7094844674770545e-08,3.856901472543882e-06,True
0.7077269317329332,1.4129743481026076,1000,2,13210.826999910067,0.0,0.9998047952648584,0.00017210434583515583,2.310038930636984e-05,True
0.7077006751687922,1.4130267711861262,1000,0,-1369.1170380095818,0.0,0.9999816196490178,4.403261010182015e-07,1.794002488119885e-05,False
0.7077006751687922,1.4130267711861262,1000,1,0.21989806210910326,0.0,0.9999957582310031,2.0942918236749743e-08,4.220826078560111e-06,True
0.7077006751687922,1.4130267711861262,1000,2,11920.209602476398,0.0,0.9997650066810212,0.0002111126826039298,2.3880636374853758e-05,True
0.7076744186046511,1.413079198159711,1000,0,-1232.9887041987292,0.0,0.9999815905739418,3.702873263962207e-07,1.8039138731881307e-05,False
0.7076744186046511,1.413079198159711,1000,1,0.18606104487489894,0.0,0.9999958072741593,1.7156652556959167e-08,4.1755691882529926e-06,True
0.7076744186046511,1.413079198159711,1000,2,11117.395160930684,0.0,0.9997941205848835,0.00018236111140617543,2.3518303710436975e-05,True
0.7076481620405101,1.4131316290237943,1000,0,-930.087065682499,0.0,0.9999816718341528,2.1305011050092662e-07,1.8115115736643846e-05,False
0.7076481620405101,1.4131316290237943,1000,1,0.04696550429448772,0.0,0.9999962505031975,9.891441545720897e-09,3.7396053608355016e-06,True
0.7076481620405101,1.4131316290237943,1000,2,10661.140748220685,0.0,0.9998511807193572,0.0001262295099036161,2.2589770739112476e-05,True
0.707621905476369,1.4131840637788098,1000,0,-722.1985985848818,0.0,0.999981696000827,1.0991950546783124e-07,1.8194079667480064e-05,False
0.707621905476369,1.4131840637788098,1000,1,-0.08283144203171948,0.0,0.9999964926039087,4.547499409279139e-09,3.502848591983449e-06,False
0.707621905476369,1.4131840637788098,1000,2,10309.454624012664,0.0,0.999884228442742,9.376356742049673e-05,2.2007989837339546e-05,True
0.707595648912228,1.4132365024251905,1000,0,-552.5415621447199,0.0,0.9999816946149753,3.9359022492055537e-08,1.8266026002141976e-05,False
0.707595648912228,1.4132365024251905,1000,1,-0.2538534422695676,0.0,0.9999964953907426,1.0198333129023187e-09,3.5035894239967783e-06,False
0.707595648912228,1.4132365024251905,1000,2,10085.579737940485,0.0,0.9999073472830193,7.108107472826797e-05,2.1571642252387687e-05,True
0.707569392348087,1.413288944963369,1000,0,-394.56110953448433,0.0,0.9999816888859661,1.4354849450162296e-09,1.8309678548967103e-05,False
0.707569392348087,1.413288944963369,1000,1,-0.5225587398028132,0.0,0.9999958762082148,1.0565410213557854e-10,4.123686130968876e-06,False
0.707569392348087,1.413288944963369,1000,2,10050.40614975209,0.0,0.9999257849176835,5.302597892542312e-05,2.118910339109015e-05,True
0.7075431357839459,1.4133413913937796,1000,0,-346.4179744358734,0.0,0.9999816271221125,9.118193688409413e-10,1.8371966068171624e-05,False
0.7075431357839459,1.4133413913937796,1000,1,-0.6241569158140182,0.0,0.9999946147313002,6.527685827465359e-10,5.384615931091556e-06,False
0.7075431357839459,1.4133413913937796,1000,2,9841.132460083181,0.0,0.9999326809014452,4.621587828450294e-05,2.1103220270378622e-05,True
0.7075168792198049,1.4133938417168548,1000,0,-432.24131149666385,0.0,0.9999814466229985,3.5747051966102015e-09,1.8549802296291934e-05,False
0.7075168792198049,1.4133938417168548,1000,1,-0.5665289520575983,0.0,0.9999954736486157,6.621697686680376e-11,4.526285167255663e-06,False
0.7075168792198049,1.4133938417168548,1000,2,9215.546156266128,0.0,0.9999277198902019,5.09035605042672e-05,2.1376549293748585e-05,True
0.7074906226556639,1.4134462959330285,1000,0,-514.4923998299105,0.0,0.9999812736194095,2.269555315621474e-08,1.8703685037408537e-05,False
0.7074906226556639,1.4134462959330285,1000,1,-0.4702751099809022,0.0,0.9999953988796788,1.366457432286834e-10,4.6009836754439205e-06,False
0.7074906226556639,1.4134462959330285,1000,2,8640.844511366802,0.0,0.9999209282232673,5.737213148115915e-05,2.1699645251587072e-05,True
0.7074643660915229,1.4134987540427335,1000,0,-593.4044680521212,0.0,0.9999811086210155,4.283441250225777e-08,1.8848544571990248e-05,False
0.7074643660915229,1.4134987540427335,1000,1,-0.4308774150383865,0.0,0.9999954127638226,5.23226812047106e-10,4.58671295045549e-06,False
0.7074643660915229,1.4134987540427335,1000,2,8205.819383705237,0.0,0.9999160640159154,6.19741532468661e-05,2.1961830837851075e-05,True
0.7074381095273818,1.4135512160464043,1000,0,-664.659576967291,0.0,0.9999809368439617,7.226465309468732e-08,1.8990891385240153e-05,False
0.7074381095273818,1.4135512160464043,1000,1,-0.42036441439239997,0.0,0.9999952264888418,1.238241383162062e-09,4.7722729168871624e-06,False
0.7074381095273818,1.4135512160464043,1000,2,7792.247633308611,0.0,0.9999090328657542,6.868684044241057e-05,2.2280293803484146e-05,True
0.7074118529632408,1.413603681944474,1000,0,-786.9028727494975,0.0,0.9999807388192486,1.204582356496637e-07,1.914072251579073e-05,False
0.7074118529632408,1.413603681944474,1000,1,-0.3438667136322491,0.0,0.9999950440329417,2.5246202663521625e-09,4.953442437986149e-06,False
0.7074118529632408,1.413603681944474,1000,2,7383.919388327057,0.0,0.9998966470376908,8.062631668180114e-05,2.272664562745521e-05,True
0.7073855963990997,1.413656151737376,1000,0,-872.2343984719655,0.0,0.9999805568353032,1.600556850392698e-07,1.9283109011752277e-05,False
0.7073855963990997,1.413656151737376,1000,1,-0.35225661640582806,0.0,0.9999949030358686,3.590459725643892e-09,5.093373671712978e-06,False
0.7073855963990997,1.413656151737376,1000,2,7054.604727802015,0.0,0.9998857317068705,9.114607883325072e-05,2.312221429639503e-05,True
0.7073593398349587,1.4137086254255444,1000,0,-807.7145093896842,0.0,0.9999804831128929,1.2875442108544332e-07,1.9388132685936624e-05,False
0.7073593398349587,1.4137086254255444,1000,1,-0.4044704245056143,0.0,0.9999946766136464,2.274229282488815e-09,5.3211121243572015e-06,False
0.7073593398349587,1.4137086254255444,1000,2,6916.890300407379,0.0,0.9998961539705175,8.083959266606442e-05,2.300643681649775e-05,True
0.7073330832708177,1.4137611030094128,1000,0,-729.1639878208808,0.0,0.999980418995302,9.326806425609072e-08,1.9487736633699315e-05,False
0.7073330832708177,1.4137611030094128,1000,1,-0.4900524496447407,0.0,0.9999943891370485,1.0919788194662343e-09,5.6097709726825555e-06,False
0.7073330832708177,1.4137611030094128,1000,2,6827.502618916591,0.0,0.9999071682711972,6.997167940692563e-05,2.2860049395894572e-05,True
0.7073068267066767,1.413813584489415,1000,0,-753.5773941258492,0.0,0.9999802852675762,9.838539738501905e-08,1.961634702647728e-05,False
0.7073068267066767,1.413813584489415,1000,1,-0.5081943486457312,0.0,0.9999943090010395,1.0760966586811201e-09,5.689922863932339e-06,False
0.7073068267066767,1.413813584489415,1000,2,6643.6406402018265,0.0,0.9999063839333493,7.059951102252419e-05,2.3016555628247e-05,True
0.7072805701425356,1.413866069865985,1000,0,-745.2816375069334,0.0,0.9999801656323672,9.768261796234104e-08,1.9736685014793274e-05,False
0.7072805701425356,1.413866069865985,1000,1,-0.5458371970427877,0.0,0.9999939897191062,8.901876217568401e-10,6.009390706200819e-06,False
0.7072805701425356,1.413866069865985,1000,2,6489.142509792004,0.0,0.9999071203841909,6.974427361012439e-05,2.3135342198824735e-05,True
0.7072543135783946,1.4139185591395569,1000,0,-760.5029101924489,0.0,0.9999800378077629,9.972897987315136e-08,1.9862463257308484e-05,False
0.7072543135783946,1.4139185591395569,1000,1,-0.5458375970811803,0.0,0.9999938049431122,7.858883101331233e-10,6.194270999498671e-06,False
0.7072543135783946,1.4139185591395569,1000,2,6343.070228474593,0.0,0.999906960913646,6.976054434938054e-05,2.3278542004712945e-05,True
0.7072280570142535,1.4139710523105646,1000,0,-767.3533745007402,0.0,0.999979907169422,1.0268565100281367e-07,1.999014492707801e-05,False
0.7072280570142535,1.4139710523105646,1000,1,-0.590586846495241,0.0,0.9999936528816439,7.310088349498527e-10,6.346387347345394e-06,False
0.7072280570142535,1.4139710523105646,1000,2,6204.9187445064545,0.0,0.9999064207188706,7.014553799787702e-05,2.3433743131497525e-05,True
0.7072018004501125,1.4140235493794422,1000,0,-687.9137116349679,0.0,0.9999798495251788,6.595790461869462e-08,2.0084516916677972e-05,False
0.7072018004501125,1.4140235493794422,1000,1,-0.6648373181196456,0.0,0.9999931414268614,1.1603712779716984e-10,6.858457101420781e-06,False
0.7072018004501125,1.4140235493794422,1000,2,6201.638345803982,0.0,0.9999171387015902,5.958550753384794e-05,2.3275790875978734e-05,True
0.7071755438859715,1.4140760503466236,1000,0,-635.0131681526881,0.0,0.9999797700516442,4.5550457592625276e-08,2.018439789821381e-05,False
0.7071755438859715,1.4140760503466236,1000,1,-0.7218329106709492,0.0,0.9999924466060188,5.505224955243664e-13,7.553393430552672e-06,False
0.7071755438859715,1.4140760503466236,1000,2,6180.367341025217,0.0,0.999923140387129,5.36206387775877e-05,2.3238974093365604e-05,True
0.7071492873218305,1.4141285552125435,1000,0,-731.4347348215634,0.0,0.9999795709209979,7.861953618790368e-08,2.035045946594019e-05,False
0.7071492873218305,1.4141285552125435,1000,1,-0.6915204787557493,0.0,0.999992905848687,1.4253213893829126e-10,7.094008780811891e-06,False
0.7071492873218305,1.4141285552125435,1000,2,5965.2295694697095,0.0,0.9999137785901357,6.256276383433969e-05,2.3658646029977943e-05,True
0.7071230307576895,1.4141810639776362,1000,0,-840.6284670465593,0.0,0.9999793521244851,1.3330326172120486e-07,2.0514572253270588e-05,False
0.7071230307576895,1.4141810639776362,1000,1,-0.6285830223851157,0.0,0.9999928179524613,7.319533424719388e-10,7.181315585322964e-06,False
0.7071230307576895,1.4141810639776362,1000,2,5732.8147962550765,0.0,0.9998971486060336,7.858981863862574e-05,2.4261575327859084e-05,True
0.7070967741935483,1.414233576642336,1000,0,-984.2541788060959,0.0,0.9999791266341311,1.918749063901574e-07,2.0681490962445853e-05,False
0.7070967741935483,1.414233576642336,1000,1,-0.5637082791250146,0.0,0.9999930642447785,1.7294594126864845e-09,6.9340257620096e-06,False
0.7070967741935483,1.414233576642336,1000,2,5540.23374679091,0.0,0.9998759188838368,9.914171477663352e-05,2.4939401386680806e-05,True
0.7070705176294073,1.4142860932070769,1000,0,-1084.729079704666,0.0,0.9999789066890764,2.5584113072000296e-07,2.083746979293901e-05,False
0.7070705176294073,1.4142860932070769,1000,1,-0.5577344984797556,0.0,0.9999927726485671,2.7658506365556976e-09,7.224585582254122e-06,False
0.7070705176294073,1.4142860932070769,1000,2,5365.927792232573,0.0,0.999846124904781,0.00012810755037659412,2.576754484244564e-05,True
0.7070442610652663,1.4143386136722935,1000,0,-1317.0975239077718,0.0,0.9999786173713788,3.6902064707601906e-07,2.1013607974106864e-05,False
0.7070442610652663,1.4143386136722935,1000,1,-0.45088863888243935,0.0,0.999992725830544,5.201634215220013e-09,7.268967821799888e-06,False
0.7070442610652663,1.4143386136722935,1000,2,5171.849326784759,0.0,0.9997656296357827,0.00020689211800056637,2.7478246216722832e-05,True
0.7070180045011253,1.4143911380384209,1000,0,-1454.7646350070731,0.0,0.9999783810356363,4.469464079400286e-07,2.117201795572206e-05,False
0.7070180045011253,1.4143911380384209,1000,1,-0.46656406454525845,0.0,0.9999925808547803,6.882752519170379e-09,7.412262467264575e-06,False
0.7070180045011253,1.4143911380384209,1000,2,5034.739314650237,0.0,0.9996680825519377,0.0003026867477164208,2.9230700345873413e-05,True
0.7069917479369843,1.4144436663058932,1000,0,-1263.951090258119,0.0,0.9999783842974496,3.466332548454892e-07,2.126906929553567e-05,False
0.7069917479369843,1.4144436663058932,1000,1,-0.5105459848008672,0.0,0.9999923823109172,3.889832328165757e-09,7.613799250394665e-06,False
0.7069917479369843,1.4144436663058932,1000,2,5037.1070882764325,0.0,0.9997788533948218,0.00019355984928461965,2.758675589362724e-05,True
0.7069654913728431,1.4144961984751456,1000,0,-972.6094605018483,0.0,0.9999784747653239,1.9212468750304872e-07,2.1333109988649255e-05,False
0.7069654913728431,1.4144961984751456,1000,1,-0.6758260620384221,0.0,0.9999920041292132,7.820923320652674e-10,7.995088694526503e-06,False
0.7069654913728431,1.4144961984751456,1000,2,5151.694495610115,0.0,0.9998711919324565,0.0001029662963980591,2.5841771145406976e-05,True
0.7069392348087021,1.4145487345466123,1000,0,-770.7956862151229,0.0,0.9999785150607072,9.212259053673092e-08,2.139281670224913e-05,False
0.7069392348087021,1.4145487345466123,1000,1,-0.7999953184274309,0.0,0.9999908912470846,1.0034609998142702e-11,9.10874288079211e-06,False
0.7069392348087021,1.4145487345466123,1000,2,5296.720835722205,0.0,0.9999069362405493,6.80030614876792e-05,2.5060697962993215e-05,True
0.7069129782445611,1.414601274520728,1000,0,-608.6061167447772,0.0,0.9999785436687756,2.3839811623673115e-08,2.143249141284701e-05,False
0.7069129782445611,1.414601274520728,1000,1,-0.9393306307179828,0.0,0.9999886703860027,1.0401473597595622e-09,1.1328573849826658e-05,False
0.7069129782445611,1.414601274520728,1000,2,5515.063275796937,0.0,0.9999280433501879,4.740521513647738e-05,2.4551434675540593e-05,True
0.7068867216804201,1.4146538183979285,1000,0,-475.10809541933867,0.0,0.999978571586307,1.760798601933237e-10,2.1428237613237526e-05,False
0.7068867216804201,1.4146538183979285,1000,1,-1.0392433911582128,0.0,0.9999827021846058,2.390558897871055e-09,1.7295424835343943e-05,False
0.7068867216804201,1.4146538183979285,1000,2,5830.435685503819,0.0,0.9999415238450169,3.426955942943882e-05,2.420659555378819e-05,True
0.7068604651162791,1.414706366178648,1000,0,-435.99804007008294,0.0,0.9999784911250686,2.6714369651569427e-09,2.150620349439524e-05,False
0.7068604651162791,1.414706366178648,1000,1,-1.0176679439851473,0.0,0.9999777953432271,2.0640258633098087e-09,2.2202592747115035e-05,False
0.7068604651162791,1.414706366178648,1000,2,5907.002169517037,0.0,0.9999434403148572,3.227872239773081e-05,2.4280962745021713e-05,True
0.706834208552138,1.4147589178633215,1000,0,-570.9037187390196,0.0,0.9999782144914331,5.095267193989606e-09,2.1780413299673285e-05,False
0.706834208552138,1.4147589178633215,1000,1,-1.0334193929965676,0.0,0.9999865564113046,2.1156764571780727e-09,1.344147301895116e-05,False
0.706834208552138,1.4147589178633215,1000,2,5655.728814815396,0.0,0.9999343820888106,4.083174884191104e-05,2.478616234746453e-05,True
0.706807951987997,1.4148114734523842,1000,0,-595.0406726157714,0.0,0.9999780287953557,2.1497487336621673e-08,2.194970715691644e-05,False
0.706807951987997,1.4148114734523842,1000,1,-0.9751471139634783,0.0,0.9999862522515768,1.4891042930679093e-09,1.374625931896936e-05,False
0.706807951987997,1.4148114734523842,1000,2,5500.874679886093,0.0,0.9999264006122163,4.836327761671519e-05,2.5236110166974898e-05,True
0.7067816954238559,1.4148640329462714,1000,0,-710.5191388925053,0.0,0.9999778055505317,4.405815757741521e-08,2.2150391310602905e-05,False
0.7067816954238559,1.4148640329462714,1000,1,-0.9360031179187775,0.0,0.9999888804629086,7.937965248737604e-10,1.111874329502491e-05,False
0.7067816954238559,1.4148640329462714,1000,2,5392.919484249173,0.0,0.9999175304464476,5.67740374848076e-05,2.5695516067552038e-05,True
0.7067554388597149,1.414916596345418,1000,0,-756.785559753958,0.0,0.9999776034113708,7.609196114002613e-08,2.232049666796719e-05,False
0.7067554388597149,1.414916596345418,1000,1,-0.9175125467619873,0.0,0.9999888054609902,3.691190426419716e-10,1.1194169890613752e-05,False
0.7067554388597149,1.414916596345418,1000,2,5278.567292315706,0.0,0.99990535102326,6.83986521589671e-05,2.625032458093318e-05,True
0.7067291822955739,1.4149691636502597,1000,0,-907.4840925395077,0.0,0.9999773491357924,1.3104625951552215e-07,2.2519817948067773e-05,False
0.7067291822955739,1.4149691636502597,1000,1,-0.8215415658485334,0.0,0.9999900802348576,5.2075386308476e-12,9.919759934947397e-06,False
0.7067291822955739,1.4149691636502597,1000,2,5152.690139293719,0.0,0.9998829720537341,8.99614581184594e-05,2.706648814746871e-05,True
0.7067029257314328,1.4150217348612315,1000,0,-930.1077821006427,0.0,0.9999771737313904,1.5245701331535724e-07,2.2673811596292885e-05,False
0.7067029257314328,1.4150217348612315,1000,1,-0.8571745214283931,0.0,0.9999899069865703,1.4429273308788728e-12,1.009301198674445e-05,False
0.7067029257314328,1.4150217348612315,1000,2,5108.397310345505,0.0,0.9998716134311089,0.0001008362043965505,2.755036449460022e-05,True
0.7066766691672918,1.4150743099787686,1000,0,-871.6958158900082,0.0,0.9999771053920993,1.1092063809656892e-07,2.2783687262634994e-05,False
0.7066766691672918,1.4150743099787686,1000,1,-0.8547178959184698,0.0,0.9999893922197812,1.3754882568315947e-10,1.0607642669912928e-05,False
0.7066766691672918,1.4150743099787686,1000,2,5187.1870304364575,0.0,0.9998874803707549,8.522433245599937e-05,2.7295296789113107e-05,True
0.7066504126031508,1.415126889003307,1000,0,-779.2070189236781,0.0,0.9999770278967981,8.335019143200689e-08,2.2888753010473022e-05,False
0.7066504126031508,1.415126889003307,1000,1,-0.950852860690193,0.0,0.999987973224068,5.591383112783357e-10,1.2026216793782729e-05,False
0.7066504126031508,1.415126889003307,1000,2,5255.287619099231,0.0,0.9998965968263045,7.619466253038958e-05,2.7208511165024406e-05,True
0.7066241560390097,1.415179471935282,1000,0,-862.2474623185333,0.0,0.9999768487598341,9.388344490351934e-08,2.3057356721001035e-05,False
0.7066241560390097,1.415179471935282,1000,1,-0.8853100478157422,0.0,0.9999891344394725,3.4955501656308314e-10,1.0865210972465604e-05,False
0.7066241560390097,1.415179471935282,1000,2,5248.552114870491,0.0,0.9998905134237964,8.192162491371785e-05,2.7564951289944664e-05,True
0.7065978994748687,1.4152320587751288,1000,0,-770.0796721875668,0.0,0.9999767446163349,8.466454549835439e-08,2.3170719119624163e-05,False
0.7065978994748687,1.4152320587751288,1000,1,-0.9764078770970819,0.0,0.9999871134673216,7.514690935639564e-10,1.2885781209286355e-05,False
0.7065978994748687,1.4152320587751288,1000,2,5280.797014446491,0.0,0.9998922214706957,8.007788085800092e-05,2.7700648446344674e-05,True
0.7065716429107276,1.4152846495232838,1000,0,-884.5615211676071,0.0,0.9999765544329066,9.607525185580113e-08,2.3349491841571617e-05,False
0.7065716429107276,1.4152846495232838,1000,1,-0.8682788689335051,0.0,0.9999889417025191,4.168618095310172e-10,1.1057880619246045e-05,False
0.7065716429107276,1.4152846495232838,1000,2,5284.030891951263,0.0,0.9998852367004676,8.667787365491914e-05,2.8085425877560315e-05,True
0.7065453863465866,1.415337244180182,1000,0,-768.9156083693962,0.0,0.999976460235254,8.204148146241778e-08,2.3457723264583315e-05,False
0.7065453863465866,1.415337244180182,1000,1,-1.0062662535987021,0.0,0.9999866620913853,9.486010261506727e-10,1.3336960013731043e-05,False
0.7065453863465866,1.415337244180182,1000,2,5334.856271644691,0.0,0.9998889426474994,8.28905164443698e-05,2.8166836056249535e-05,True
0.7065191297824456,1.41538984274626,1000,0,-772.0405851130504,0.0,0.99997637648523,4.7508375708280184e-08,2.3576006394355263e-05,False
0.7065191297824456,1.41538984274626,1000,1,-0.9555347484975626,0.0,0.9999870256697124,1.6121076012185357e-09,1.2972718179914722e-05,False
0.7065191297824456,1.41538984274626,1000,2,5478.057433869078,0.0,0.9999016089127378,7.044120838590207e-05,2.7949878876261653e-05,True
0.7064928732183046,1.4154424452219527,1000,0,-678.1010201109124,0.0,0.9999762833111286,3.67717212385189e-08,2.367991715012655e-05,False
0.7064928732183046,1.4154424452219527,1000,1,-1.0316975292214037,0.0,0.9999840470686606,2.3567982771988237e-09,1.5950574541044262e-05,False
0.7064928732183046,1.4154424452219527,1000,2,5553.7448235098855,0.0,0.9999042864327967,6.76637316861218e-05,2.8049835517164385e-05,True
0.7064666166541635,1.4154950516076965,1000,0,-851.3380988285172,0.0,0.9999759965703671,8.340677691354896e-08,2.392002285589805e-05,False
0.7064666166541635,1.4154950516076965,1000,1,-0.9495781554667636,0.0,0.9999877638308828,8.622977774863928e-10,1.2235306819406342e-05,False
0.7064666166541635,1.4154950516076965,1000,2,5459.049766952087,0.0,0.9998805782007476,9.043975077748529e-05,2.898204847495588e-05,True
0.7064403600900224,1.4155476619039278,1000,0,-921.1463169434388,0.0,0.9999757486657558,1.380747165544808e-07,2.4113259527565584e-05,False
0.7064403600900224,1.4155476619039278,1000,1,-0.9082150905619221,0.0,0.9999876928590993,3.162048652591081e-10,1.2306824695956994e-05,False
0.7064403600900224,1.4155476619039278,1000,2,5388.715454122342,0.0,0.9998486480955537,0.00012127216464187621,3.0079739804431997e-05,True
0.7064141035258814,1.4156002761110815,1000,0,-1072.5230266494766,0.0,0.9999754802071521,1.985471856531708e-07,2.432124566217309e-05,False
0.7064141035258814,1.4156002761110815,1000,1,-0.8540362183636138,0.0,0.9999890244141206,1.1018044563459041e-13,1.0975585769321318e-05,False
0.7064141035258814,1.4156002761110815,1000,2,5346.830451343293,0.0,0.99980354514234,0.00016504548016527096,3.1409377494665034e-05,True
0.7063878469617404,1.415652894229595,1000,0,-1192.0969675933115,0.0,0.9999752042543485,2.77660619631537e-07,2.4518085031876415e-05,False
0.7063878469617404,1.415652894229595,1000,1,-0.7882145814357807,0.0,0.9999890173780922,1.7538646245143694e-10,1.0982446521265613e-05,False
0.7063878469617404,1.415652894229595,1000,2,5305.5741549145905,0.0,0.9997202537198858,0.0002463098881659,3.343639194837298e-05,True
0.7063615903975994,1.4157055162599037,1000,0,-1425.6273380875741,0.0,0.9999748484144807,4.1050689482909517e-07,2.4741078624541816e-05,False
0.7063615903975994,1.4157055162599037,1000,1,-0.7217247866885762,0.0,0.999989519932463,1.4154482913394922e-09,1.0478652088717298e-05,False
0.7063615903975994,1.4157055162599037,1000,2,5251.895943484312,0.0,0.9994547354894713,0.0005070165879636734,3.824792256494188e-05,True
0.7063353338334584,1.415758142202444,1000,0,-1481.4835453799421,0.0,0.9999746514757158,4.3857111482822713e-07,2.490995316923389e-05,False
0.7063353338334584,1.415758142202444,1000,1,-0.6999555208289113,0.0,0.9999895978599824,1.7461137871315856e-09,1.0400393903758116e-05,False
0.7063353338334584,1.415758142202444,1000,2,5277.774565537059,0.0,0.9993395137356857,0.000620263887347738,4.0222376966584754e-05,True
0.7063090772693172,1.4158107720576525,1000,0,-1193.9465295404361,0.0,0.9999747317007645,2.852506526005784e-07,2.4983048582928555e-05,False
0.7063090772693172,1.4158107720576525,1000,1,-0.7980167272172433,0.0,0.9999886251437289,8.828151371823473e-11,1.1374767989700182e-05,False
0.7063090772693172,1.4158107720576525,1000,2,5430.365099184149,0.0,0.9996806917016944,0.0002843615057259831,3.4946792579672256e-05,True
0.7062828207051762,1.4158634058259647,1000,0,-948.2489784971472,0.0,0.9999748256068721,1.3978494981765203e-07,2.5034608178043735e-05,False
0.7062828207051762,1.4158634058259647,1000,1,-0.9214100744617659,0.0,0.9999872904834666,5.972758701245681e-10,1.270891925759387e-05,False
0.7062828207051762,1.4158634058259647,1000,2,5666.759630645981,0.0,0.9998176928295572,0.00015014913771461372,3.2158032728214086e-05,True
0.7062565641410352,1.415916043507818,1000,0,-764.0620236231898,0.0,0.9999748737672832,5.0994136208867965e-08,2.5075238580599195e-05,False
0.7062565641410352,1.415916043507818,1000,1,-0.995186232257207,0.0,0.9999842012912898,2.8781641257183584e-09,1.5795830546030642e-05,False
0.7062565641410352,1.415916043507818,1000,2,5945.8480356192995,0.0,0.9998698663882273,9.922212577636403e-05,3.0911485996319295e-05,True
0.7062303075768942,1.4159686851036484,1000,0,-598.6832444279896,0.0,0.9999749289376707,2.1303256937954637e-09,2.5068932003586924e-05,False
0.7062303075768942,1.4159686851036484,1000,1,-1.0832420157979465,0.0,0.9999769479826831,5.392625705284647e-09,2.304662469120725e-05,False
0.7062303075768942,1.4159686851036484,1000,2,6335.760914842885,0.0,0.9999023828797777,6.759561544059658e-05,3.0021504781784276e-05,True
0.7062040510127532,1.4160213306138925,1000,0,-513.829519120058,0.0,0.999974926090028,1.110387143102675e-08,2.5062806100543834e-05,False
0.7062040510127532,1.4160213306138925,1000,1,-1.0247957510598222,0.0,0.9999642112176803,3.79415320414627e-09,3.578498816651766e-05,False
0.7062040510127532,1.4160213306138925,1000,2,6751.20635733506,0.0,0.9999175750359273,5.280070255131296e-05,2.962426152145224e-05,True
0.7061777944486122,1.4160739800389872,1000,0,-519.306956006254,0.0,0.9999747512087478,6.236122299550996e-09,2.5242555129891925e-05,False
0.7061777944486122,1.4160739800389872,1000,1,-1.0428846194373111,0.0,0.999965606275706,4.341509148073587e-09,3.4389382784845256e-05,False
0.7061777944486122,1.4160739800389872,1000,2,6836.336001090076,0.0,0.9999122808646954,5.76833195757861e-05,3.003581572883548e-05,True
0.706151537884471,1.4161266333793692,1000,0,-633.6271332532149,0.0,0.9999744393626188,2.903552142078556e-09,2.5557733829046082e-05,False
0.706151537884471,1.4161266333793692,1000,1,-1.079820564668803,0.0,0.9999783776663383,5.347916274875803e-09,2.161698574545489e-05,False
0.706151537884471,1.4161266333793692,1000,2,6731.272144275921,0.0,0.9998909777297054,7.798044341076571e-05,3.104182688391284e-05,True
0.70612528132033,1.4161792906354749,1000,0,-663.9030608689845,0.0,0.9999742174428402,1.5132062278971958e-08,2.5767425097527626e-05,False
0.70612528132033,1.4161792906354749,1000,1,-1.0301272317977903,0.0,0.9999794176797796,4.8008059596483054e-09,2.0577519414332976e-05,False
0.70612528132033,1.4161792906354749,1000,2,6752.502982077208,0.0,0.9998730779314224,9.505224221830833e-05,3.1869826359318914e-05,True
0.706099024756189,1.416231951807741,1000,0,-765.6837760377833,0.0,0.9999739588255792,3.5926397980951944e-08,2.600524802278047e-05,False
0.706099024756189,1.416231951807741,1000,1,-1.0213387870048207,0.0,0.9999835716870229,3.415565311483098e-09,1.6424897411904364e-05,False
0.706099024756189,1.416231951807741,1000,2,6798.407580072179,0.0,0.9998501282447239,0.00011705493695096296,3.281681832520483e-05,True
0.706072768192048,1.4162846168966048,1000,0,-816.864127181,0.0,0.9999737062605277,7.227608445717429e-08,2.6221463387797567e-05,False
0.706072768192048,1.4162846168966048,1000,1,-0.9740231662749346,0.0,0.9999840788490397,2.3621560436338675e-09,1.591878880428658e-05,False
0.706072768192048,1.4162846168966048,1000,2,6831.89013920249,0.0,0.9998135509442764,0.00015233747804359278,3.411157768003481e-05,True
0.706046511627907,1.4163372859025032,1000,0,-969.4500385700153,0.0,0.9999734041631321,1.2788497219403718e-07,2.6467951895738437e-05,False
0.706046511627907,1.4163372859025032,1000,1,-0.9021668086868939,0.0,0.9999866805592609,8.045668188908666e-10,1.3318636172261014e-05,False
0.706046511627907,1.4163372859025032,1000,2,6874.069376571382,0.0,0.9997529804970027,0.00021109811507637587,3.5921387920936175e-05,True
0.7060202550637659,1.4163899588258737,1000,0,-915.6226549671926,0.0,0.9999732657002051,1.1899118704811425e-07,2.6615308607927745e-05,False
0.7060202550637659,1.4163899588258737,1000,1,-0.9454071864637152,0.0,0.9999856491194743,1.174471725374618e-09,1.434970605391394e-05,False
0.7060202550637659,1.4163899588258737,1000,2,7049.198068342509,0.0,0.9997507062593336,0.0002130576072480726,3.6236133418369116e-05,True
0.7059939984996249,1.416442635667152,1000,0,-856.4856748599899,0.0,0.9999731991300649,7.312717448460741e-08,2.672774276060699e-05,False
0.7059939984996249,1.416442635667152,1000,1,-0.9327661097624761,0.0,0.9999848269308074,2.2318542369240348e-09,1.5170837338357485e-05,False
0.7059939984996249,1.416442635667152,1000,2,7328.502403055847,0.0,0.9997857017762581,0.00017870218307102152,3.559604067084945e-05,True
0.7059677419354838,1.4164953164267764,1000,0,-812.0602570956288,0.0,0.9999730597581203,6.449259158178682e-08,2.687574928810604e-05,False
0.7059677419354838,1.4164953164267764,1000,1,-0.988186116387971,0.0,0.9999838744245793,2.67934135963417e-09,1.612289607933047e-05,False
0.7059677419354838,1.4164953164267764,1000,2,7548.005013475516,0.0,0.9997838684909074,0.00018023386020110722,3.589764889143651e-05,True
0.7059414853713428,1.416548001105184,1000,0,-842.656948684118,0.0,0.9999728752328022,6.88405004070979e-08,2.7055926697330944e-05,False
0.7059414853713428,1.416548001105184,1000,1,-0.950026669562513,0.0,0.9999844832881868,2.425974087726436e-09,1.5514285839181755e-05,False
0.7059414853713428,1.416548001105184,1000,2,7750.8398639889865,0.0,0.9997681012196228,0.00019532921135781398,3.656956901943801e-05,True
0.7059152288072018,1.4166006897028114,1000,0,-827.0572571774991,0.0,0.9999727173793157,6.546634748166661e-08,2.721715433694954e-05,False
0.7059152288072018,1.4166006897028114,1000,1,-0.9566092939212081,0.0,0.9999840337996503,2.6324984930903996e-09,1.596356785122669e-05,False
0.7059152288072018,1.4166006897028114,1000,2,7990.004012695327,0.0,0.9997595551728633,0.00020339148885929195,3.705333827737123e-05,True
0.7058889722430608,1.4166533822200966,1000,0,-838.3420428458646,0.0,0.9999725321813333,7.119162234877259e-08,2.7396627044273296e-05,False
0.7058889722430608,1.4166533822200966,1000,1,-0.9441748125020885,0.0,0.9999841848260607,2.4538604361665877e-09,1.5812720078927797e-05,False
0.7058889722430608,1.4166533822200966,1000,2,8223.162657977566,0.0,0.9997393656610987,0.00022279761384689617,3.7836725054379297e-05,True
0.7058627156789197,1.4167060786574772,1000,0,-795.7743622702967,0.0,0.9999724226442988,4.7549224323480675e-08,2.752980647686523e-05,False
0.7058627156789197,1.4167060786574772,1000,1,-0.9787616437768208,0.0,0.9999834804578293,3.2667877203226855e-09,1.6516275383007914e-05,False
0.7058627156789197,1.4167060786574772,1000,2,8562.615589247924,0.0,0.9997545159819742,0.00020777052433670456,3.771349368903185e-05,True
0.7058364591147787,1.41675877901539,1000,0,-707.2213895362474,0.0,0.9999723620045621,1.8656796378917212e-08,2.7619338641532084e-05,False
0.7058364591147787,1.41675877901539,1000,1,-0.9801941521959832,0.0,0.9999801819677493,5.048580971360721e-09,1.9812983669741476e-05,False
0.7058364591147787,1.41675877901539,1000,2,8988.398940036663,0.0,0.9997811885057661,0.00018155742526819191,3.7254068965696583e-05,True
0.7058102025506376,1.4168114832942726,1000,0,-750.9128469021342,0.0,0.9999721339355819,3.0762617408205753e-08,2.7835301800577866e-05,False
0.7058102025506376,1.4168114832942726,1000,1,-0.9858533359162193,0.0,0.9999821230183695,4.134008114181412e-09,1.7872847622279573e-05,False
0.7058102025506376,1.4168114832942726,1000,2,9256.13221791324,0.0,0.9997486618835524,0.00021293137120453832,3.840674524309732e-05,True
0.7057839459864966,1.4168641914945632,1000,0,-863.4150774552882,0.0,0.9999718141094123,7.967122540344715e-08,2.810621936232297e-05,False
0.7057839459864966,1.4168641914945632,1000,1,-0.9153175267903446,0.0,0.9999846261583177,2.066684565333457e-09,1.5371774997650685e-05,False
0.7057839459864966,1.4168641914945632,1000,2,9443.324551944715,0.0,0.9996573514048638,0.00030169738826831287,4.0951206867842756e-05,True
0.7057576894223556,1.4169169036166989,1000,0,-975.6791540301293,0.0,0.9999714992095262,1.403332419264795e-07,2.8360457231919728e-05,False
0.7057576894223556,1.4169169036166989,1000,1,-0.846096855998719,0.0,0.9999860044582219,7.351226650057892e-10,1.3994806655388152e-05,False
0.7057576894223556,1.4169169036166989,1000,2,9684.061511458583,0.0,0.9995280446455235,0.00042788271796810194,4.407263650840454e-05,True
0.7057314328582145,1.416969619661118,1000,0,-1088.7404650679487,0.0,0.9999711856155723,2.079731822283352e-07,2.8606411245504444e-05,False
0.7057314328582145,1.416969619661118,1000,1,-0.8081357784591163,0.0,0.9999870174428347,8.205113428535155e-11,1.2982475114146451e-05,False
0.7057314328582145,1.416969619661118,1000,2,9970.067551826989,0.0,0.9993423293030869,0.0006096999434858992,4.797075342718557e-05,True
0.7057051762940735,1.4170223396282575,1000,0,-1254.6224618430804,0.0,0.9999708027812214,3.26042179270123e-07,2.8871176599281373e-05,False
0.7057051762940735,1.4170223396282575,1000,1,-0.6994574270897984,0.0,0.9999874157872701,1.647191647830237e-10,1.2584048010749497e-05,False
0.7057051762940735,1.4170223396282575,1000,2,10255.384196896077,0.0,0.9988812378000449,0.0010629026581579196,5.585954179720144e-05,True
0.7056789197299325,1.417075063518556,1000,0,-1472.5733961871842,0.0,0.9999703804220641,4.7442653453079645e-07,2.914515140143303e-05,False
0.7056789197299325,1.417075063518556,1000,1,-0.6527381479450012,0.0,0.9999881644121487,1.603557452242115e-09,1.183398429398442e-05,False
0.7056789197299325,1.417075063518556,1000,2,10578.354343784333,0.0,0.9977348194844154,0.0021938337949339963,7.134672065055279e-05,True
0.7056526631657914,1.417127791332451,1000,0,-1340.8151182258116,0.0,0.9999703211161062,3.986201753278945e-07,2.9280263718514742e-05,False
0.7056526631657914,1.417127791332451,1000,1,-0.6649967958306776,0.0,0.9999876491084307,6.163736549303971e-10,1.2350275195655855e-05,False
0.7056526631657914,1.417127791332451,1000,2,11088.827745279788,0.0,0.9983059545453103,0.001629227330150055,6.481812453962377e-05,True
0.7056264066016504,1.417180523070381,1000,0,-1052.9038020505698,0.0,0.9999704878011862,1.958523030527878e-07,2.93163465106757e-05,False
0.7056264066016504,1.417180523070381,1000,1,-0.7717536059156304,0.0,0.9999867382144922,1.8859298519326308e-10,1.3261596914734352e-05,False
0.7056264066016504,1.417180523070381,1000,2,11822.577766456783,0.0,0.9991784527537608,0.0007691765416196804,5.2370704619455144e-05,True
0.7056001500375093,1.4172332587327832,1000,0,-826.8685698325598,0.0,0.999970584385492,7.153117188212677e-08,2.9344083336047395e-05,False
0.7056001500375093,1.4172332587327832,1000,1,-0.8757121110649101,0.0,0.999984150934473,2.5524292149197605e-09,1.5846513097649923e-05,False
0.7056001500375093,1.4172332587327832,1000,2,12680.14164335041,0.0,0.9994581420934932,0.0004943392522396245,4.751865426724519e-05,True
0.7055738934733683,1.4172859983200965,1000,0,-667.8476260039786,0.0,0.9999706378330957,8.319109385238052e-09,2.9353847794981318e-05,False
0.7055738934733683,1.4172859983200965,1000,1,-0.945267580201219,0.0,0.9999792394184164,6.302103897756509e-09,2.0754279479659936e-05,False
0.7055738934733683,1.4172859983200965,1000,2,13689.7980558113,0.0,0.9995940855074654,0.00036103136226948974,4.4883130264962795e-05,True
0.7055476369092273,1.4173387418327583,1000,0,-542.4461491119933,0.0,0.9999706862454888,1.4300550174534824e-08,2.9299453961128442e-05,False
0.7055476369092273,1.4173387418327583,1000,1,-0.9822554259599414,0.0,0.9999664279053593,7.367071471854911e-09,3.356472756915071e-05,False
0.7055476369092273,1.4173387418327583,1000,2,14949.78594574566,0.0,0.9996860743261823,0.00027101662585620086,4.290904796165297e-05,True
0.7055213803450863,1.4173914892712076,1000,0,-487.84557442004484,0.0,0.9999706086628598,4.469454451496328e-08,2.9346642595709404e-05,False
0.7055213803450863,1.4173914892712076,1000,1,-0.8885774944151312,0.0,0.9999504267033923,3.930720496400781e-09,4.956936588720175e-05,False
0.7055213803450863,1.4173914892712076,1000,2,16128.070589442372,0.0,0.9996968825340014,0.0002601995983872431,4.2917867611365024e-05,True
0.7054951237809453,1.4174442406358827,1000,0,-549.1056271781714,0.0,0.9999702936448802,9.44501626973316e-09,2.969691010347929e-05,False
0.7054951237809453,1.4174442406358827,1000,1,-0.9909251204789091,0.0,0.9999691516972852,7.588630749335661e-09,3.0840714084125316e-05,False
0.7054951237809453,1.4174442406358827,1000,2,16935.228881210744,0.0,0.9996093853735005,0.00034513981924493123,4.547480725454839e-05,True
0.7054688672168041,1.417496995927222,1000,0,-634.1011544724189,0.0,0.9999699713460877,4.758912973871515e-10,3.002817802109833e-05,False
0.7054688672168041,1.417496995927222,1000,1,-0.9215792170725016,0.0,0.999977790788204,6.92547529366393e-09,2.2202286320680488e-05,False
0.7054688672168041,1.417496995927222,1000,2,17844.125059755977,0.0,0.9994812888131015,0.0004699460472077008,4.8765139690824485e-05,True
0.7054426106526631,1.4175497551456633,1000,0,-636.9634956809082,0.0,0.9999697190308103,7.674489950608646e-09,3.0273294699716727e-05,False
0.7054426106526631,1.4175497551456633,1000,1,-0.9271068666173283,0.0,0.999978718522605,5.916279723022579e-09,2.1275561115283773e-05,False
0.7054426106526631,1.4175497551456633,1000,2,18996.000151868873,0.0,0.9993585268193482,0.0005897638712282574,5.170930942362732e-05,True
0.7054163540885221,1.4176025182916454,1000,0,-779.2672793300967,0.0,0.9999693887488605,3.063622361412031e-08,3.0580614915712596e-05,False
0.7054163540885221,1.4176025182916454,1000,1,-0.8353355105962058,0.0,0.999984347855823,3.3050027131324378e-09,1.564883917429275e-05,False
0.7054163540885221,1.4176025182916454,1000,2,20264.65998800003,0.0,0.9991667275695731,0.0007774714265878898,5.5801003838915774e-05,True
0.7053900975243811,1.4176552853656073,1000,0,-794.1533134536718,0.0,0.9999690809496025,7.426069275967145e-08,3.08447897048661e-05,False
0.7053900975243811,1.4176552853656073,1000,1,-0.8136864004904825,0.0,0.9999840620284757,1.933132070468352e-09,1.593603839226782e-05,False
0.7053900975243811,1.4176552853656073,1000,2,21678.839863314024,0.0,0.9988798938693181,0.0010588475733439167,6.12585573379716e-05,True
0.7053638409602401,1.4177080563679871,1000,0,-936.8976720978304,0.0,0.9999687650698285,1.1420030412503961e-07,3.112072986742671e-05,False
0.7053638409602401,1.4177080563679871,1000,1,-0.7288008821430985,0.0,0.9999869018188038,5.209338779623466e-10,1.309766026241362e-05,False
0.7053638409602401,1.4177080563679871,1000,2,23370.122983388716,0.0,0.9985775072673208,0.0013559070453669836,6.65856873122188e-05,True
0.705337584396099,1.4177608312992245,1000,0,-806.266794646667,0.0,0.999968688312006,7.332462927345186e-08,3.123836336474848e-05,False
0.705337584396099,1.4177608312992245,1000,1,-0.7816024785500143,0.0,0.9999848115022293,1.6905975707695574e-09,1.5186807173073852e-05,False
0.705337584396099,1.4177608312992245,1000,2,25591.122700725846,0.0,0.9986311663372162,0.0013025935178657155,6.624014491809811e-05,True
0.7053113278319579,1.4178136101597567,1000,0,-767.4927905713263,0.0,0.9999685759901292,4.325676122524462e-08,3.138075310956637e-05,False
0.7053113278319579,1.4178136101597567,1000,1,-0.7923619325653479,0.0,0.9999845623232678,2.583513866645829e-09,1.5435093218318204e-05,False
0.7053113278319579,1.4178136101597567,1000,2,28186.836355421256,0.0,0.9986432841716474,0.0012901815099227126,6.653431842997044e-05,True
0.7052850712678169,1.4178663929500237,1000,0,-767.6965115135321,0.0,0.9999683656207627,4.744599412917611e-08,3.1586933243057145e-05,False
0.7052850712678169,1.4178663929500237,1000,1,-0.7872731147559194,0.0,0.9999847809672486,2.32863472914927e-09,1.521670411659035e-05,False
0.7052850712678169,1.4178663929500237,1000,2,31046.6963103408,0.0,0.9984554734043195,0.0014745384148275892,6.998818085292523e-05,True
0.7052588147036759,1.4179191796704642,1000,0,-759.9664974888746,0.0,0.999968172254422,4.6045263615873e-08,3.178170031439306e-05,False
0.7052588147036759,1.4179191796704642,1000,1,-0.7770360354087771,0.0,0.9999848019405253,2.3251465154677147e-09,1.519573432818201e-05,False
0.7052588147036759,1.4179191796704642,1000,2,34450.63766853049,0.0,0.9982768937429772,0.0016498743582091825,7.32318988135932e-05,True
0.7052325581395349,1.4179719703215168,1000,0,-763.8184758174403,0.0,0.999967964694238,4.8690725432064754e-08,3.1986615036517024e-05,False
0.7052325581395349,1.4179719703215168,1000,1,-0.7461228124741444,0.0,0.9999849514192686,2.1578465437829875e-09,1.5046422884816321e-05,False
0.7052325581395349,1.4179719703215168,1000,2,38488.1765278558,0.0,0.9980438342032978,0.001878943254736326,7.722254196587684e-05,True
0.7052063015753938,1.4180247649036213,1000,0,-756.5508940429042,0.0,0.9999677665195708,4.6855788988436334e-08,3.218662464016843e-05,False
0.7052063015753938,1.4180247649036213,1000,1,-0.7645865702721434,0.0,0.9999853095072369,2.073866047909488e-09,1.4688418897128306e-05,False
0.7052063015753938,1.4180247649036213,1000,2,43373.52288037195,0.0,0.9978101585222549,0.0021086961338612135,8.114534388397399e-05,True
0.7051800450112528,1.418077563417216,1000,0,-671.7209833607295,0.0,0.9999677012387751,1.4056356919598405e-08,3.228470486803415e-05,False
0.7051800450112528,1.418077563417216,1000,1,-0.7844854389682835,0.0,0.9999832936346188,4.136578834600206e-09,1.6702228802350364e-05,False
0.7051800450112528,1.418077563417216,1000,2,49665.28662640843,0.0,0.9978262881868213,0.0020922086418987216,8.15031712799572e-05,True
0.7051537884471117,1.4181303658627404,1000,0,-628.0458287230779,0.0,0.9999675491084778,6.963253026351359e-09,3.244392826924055e-05,False
0.7051537884471117,1.4181303658627404,1000,1,-0.8001211422618748,0.0,0.9999819803891666,4.968622722882558e-09,1.8014642210597416e-05,False
0.7051537884471117,1.4181303658627404,1000,2,57264.37726890766,0.0,0.9976188169902512,0.002296151830842515,8.503117890622507e-05,True
0.7051275318829707,1.4181831722406335,1000,0,-734.6551180481073,0.0,0.9999671888488864,3.639151915956793e-08,3.2774759594459016e-05,False
0.7051275318829707,1.4181831722406335,1000,1,-0.7318892664053713,0.0,0.999985656646466,2.2073264148585988e-09,1.4341146207563465e-05,False
0.7051275318829707,1.4181831722406335,1000,2,66186.09516389659,0.0,0.9969294517701975,0.002975576638919635,9.497159088279978e-05,True
0.7051012753188297,1.418235982551335,1000,0,-825.3000689079395,0.0,0.9999668118453306,9.553097681814521e-08,3.309262369262102e-05,False
0.7051012753188297,1.418235982551335,1000,1,-0.639678267693394,0.0,0.9999867323721758,5.093312955340723e-10,1.326711849290791e-05,False
0.7051012753188297,1.418235982551335,1000,2,77464.19197683664,0.0,0.9960509425252179,0.003842283943294515,0.00010677353148757352,True
0.7050750187546886,1.4182887967952846,1000,0,-943.5485083233311,0.0,0.9999664364873684,1.6490293087150954e-07,3.339860970075392e-05,False
0.7050750187546886,1.4182887967952846,1000,1,-0.5760255758392344,0.0,0.9999880100711653,3.119833515861731e-12,1.1989925714779635e-05,False
0.7050750187546886,1.4182887967952846,1000,2,92199.45104718137,0.0,0.9951400655321562,0.004741499874062126,0.00011843459378165705,True
0.7050487621905476,1.4183416149729209,1000,0,-1064.2539981133336,0.0,0.9999660215177484,2.70622678450803e-07,3.370785957317227e-05,False
0.7050487621905476,1.4183416149729209,1000,1,-0.49202369020022646,0.0,0.9999881857298581,6.279560866824189e-10,1.1813642185830124e-05,False
0.7050487621905476,1.4183416149729209,1000,2,111816.88233611647,0.0,0.9940701519615299,0.005798353462646566,0.00013149457582355267,True
0.7050225056264066,1.4183944370846835,1000,0,-1305.600332414389,0.0,0.9999654604252912,4.7113304931410026e-07,3.4068441659489166e-05,False
0.7050225056264066,1.4183944370846835,1000,1,-0.38985284038667684,0.0,0.9999885893384329,3.678404711429922e-09,1.140698316238214e-05,False
0.7050225056264066,1.4183944370846835,1000,2,138605.47565399905,0.0,0.9926955490214429,0.007157012668592177,0.000147438309964992,True
0.7049962490622655,1.4184472631310123,1000,0,-1347.053644666507,0.0,0.9999651428418174,5.37501428485154e-07,3.431965675419998e-05,False
0.7049962490622655,1.4184472631310123,1000,1,-0.38390343367697977,0.0,0.9999884935651319,4.7713196790155184e-09,1.1501663548432984e-05,False
0.7049962490622655,1.4184472631310123,1000,2,178095.51876142246,0.0,0.9920875881260005,0.007757484892416099,0.00015492698158332994,True
0.7049699924981245,1.4185000931123466,1000,0,-1101.5354440638787,0.0,0.9999653096683587,3.1154432389030596e-07,3.437878731741824e-05,False
0.7049699924981245,1.4185000931123466,1000,1,-0.41488662196952536,0.0,0.9999886685356719,1.2939249484942574e-09,1.133017040315946e-05,False
0.7049699924981245,1.4185000931123466,1000,2,241133.9069427327,0.0,0.9924068104096371,0.007440608333192733,0.00015258125717025433,True
0.7049437359339834,1.4185529270291268,1000,0,-804.9156435293514,0.0,0.9999655083672894,1.1226437493572252e-07,3.437936833573355e-05,False
0.7049437359339834,1.4185529270291268,1000,1,-0.5702144941186886,0.0,0.9999877742871396,1.6606059048070398e-10,1.222554679980019e-05,False
0.7049437359339834,1.4185529270291268,1000,2,347012.2745777887,0.0,0.9924537509442274,0.0073931512760534775,0.00015309777971917108,True
0.7049174793698424,1.4186057648817918,1000,0,-647.3324250272967,0.0,0.9999655798958355,2.1118670614023454e-08,3.439898549401648e-05,False
0.7049174793698424,1.4186057648817918,1000,1,-0.640423718105476,0.0,0.9999860299292563,2.8877442564292654e-09,1.3967182999383408e-05,False
0.7049174793698424,1.4186057648817918,1000,2,539942.1977359834,0.0,0.9920778698458371,0.007763957232689299,0.0001581729214735859,True
0.7048912228057014,1.4186586066707818,1000,0,-487.99544867065254,0.0,0.9999656531026594,6.211762174032077e-09,3.434068557834704e-05,False
0.7048912228057014,1.4186586066707818,1000,1,-0.7804385549007198,0.0,0.9999791440565333,8.542549216691922e-09,2.0847400917499437e-05,False
0.7048912228057014,1.4186586066707818,1000,2,940727.4043252821,0.0,0.9915051517891085,0.008329499547234115,0.0001653486636574147,True
0.7048649662415604,1.4187114523965367,1000,0,-407.18739498699057,0.0,0.9999656558678817,7.29749941443663e-08,3.42711571242397e-05,False
0.7048649662415604,1.4187114523965367,1000,1,-0.7825276992000875,0.0,0.999961398136191,7.355786019637965e-09,3.859450802305117e-05,False
0.7048649662415604,1.4187114523965367,1000,2,1910328.6490705109,0.0,0.9907319051886448,0.009093484184452506,0.00017461062690259002,True
0.7048387096774194,1.4187643020594969,1000,0,-414.57967981686465,0.0,0.9999654002316186,5.489414548329906e-08,3.454487423599149e-05,False
0.7048387096774194,1.4187643020594969,1000,1,-0.7876857720072066,0.0,0.9999672787963234,8.609750649685855e-09,3.271259392598197e-05,False
0.7048387096774194,1.4187643020594969,1000,2,4329765.629869476,0.0,0.9898838272188475,0.009931584393150597,0.00018458838800191897,True
0.7048124531132783,1.4188171556601012,1000,0,-498.6926901819461,0.0,0.9999649808613239,4.824172865538857e-09,3.5014314503208484e-05,False
0.7048124531132783,1.4188171556601012,1000,1,-0.736202186775618,0.0,0.9999819668271531,7.955158147918205e-09,1.8025217688622236e-05,False
0.7048124531132783,1.4188171556601012,1000,2,5567407.729271115,0.0,0.9892406797075762,0.010566925795265665,0.00019239449715811993,True
0.7047861965491372,1.418870013198791,1000,0,-510.22966019185037,0.0,0.9999646645615812,6.506991539084382e-10,3.5334787719718776e-05,False
0.7047861965491372,1.418870013198791,1000,1,-0.6683683515937924,0.0,0.9999835980913483,5.435249062301944e-09,1.6396473402718058e-05,False
0.7047861965491372,1.418870013198791,1000,2,2607536.8753955415,0.0,0.9888503377567383,0.010952074787017676,0.0001975874562441234,True
0.7047599399849962,1.4189228746760056,1000,0,-611.0676855922213,0.0,0.9999643114884479,1.1652026967149894e-08,3.567685952506702e-05,False
0.7047599399849962,1.4189228746760056,1000,1,-0.5889917925526458,0.0,0.9999875722632526,2.8202525757219397e-09,1.242491649475791e-05,False
0.7047599399849962,1.4189228746760056,1000,2,1198067.9961240168,0.0,0.9886230242408882,0.01117586929913331,0.00020110645997857915,True
0.7047336834208552,1.4189757400921856,1000,0,-652.5540062920525,0.0,0.9999639453025893,4.743575724459308e-08,3.600726165346242e-05,False
0.7047336834208552,1.4189757400921856,1000,1,-0.5207869476877552,0.0,0.9999881051174326,8.364339312210953e-10,1.1894046133440423e-05,False
0.7047336834208552,1.4189757400921856,1000,2,654293.3401599526,0.0,0.9883978673649214,0.011397527473284512,0.00020460516179403865,True
0.7047074268567142,1.419028609447771,1000,0,-782.0366268494008,0.0,0.999963534214921,1.0881326617554221e-07,3.635697181277507e-05,False
0.7047074268567142,1.419028609447771,1000,1,-0.4177132046304793,0.0,0.9999895893036687,1.4472053477993298e-12,1.041069488420015e-05,False
0.7047074268567142,1.419028609447771,1000,2,400057.70308315515,0.0,0.9880727651623553,0.011718102367295964,0.00020913247034874932,True
0.7046811702925732,1.4190814827432026,1000,0,-744.2172650772078,0.0,0.9999633350878707,9.922003363861042e-08,3.6565692095675955e-05,False
0.7046811702925732,1.4190814827432026,1000,1,-0.43344044118694475,0.0,0.9999895160940688,4.8873130304968206e-12,1.0483901043763722e-05,False
0.7046811702925732,1.4190814827432026,1000,2,268779.48612521734,0.0,0.9882650391487152,0.011526657575319049,0.00020830327596572322,True
0.7046549137284321,1.4191343599789206,1000,0,-658.100073775775,0.0,0.9999632599283171,4.783585818802968e-08,3.6692235824745034e-05,False
0.7046549137284321,1.4191343599789206,1000,1,-0.45158552409673164,0.0,0.9999890767329082,6.370576123162355e-10,1.0922630034274465e-05,False
0.7046549137284321,1.4191343599789206,1000,2,193238.75791914036,0.0,0.9892676557757186,0.010533483791676769,0.00019886043260463772,True
0.704628657164291,1.4191872411553654,1000,0,-625.4676452020708,0.0,0.9999630475681859,4.3348804938428726e-08,3.6909083009102266e-05,False
0.704628657164291,1.4191872411553654,1000,1,-0.4862063105247947,0.0,0.9999891599004064,7.286511143604462e-10,1.0839370942573044e-05,False
0.704628657164291,1.4191872411553654,1000,2,144862.919793781,0.0,0.9899415520930587,0.009865791050018773,0.00019265685692268465,True
0.70460240060015,1.4192401262729777,1000,0,-662.9829001247427,0.0,0.9999627953773768,4.803603288714777e-08,3.715658659036205e-05,False
0.70460240060015,1.4192401262729777,1000,1,-0.4181413039953247,0.0,0.9999898079142294,5.011322135909408e-10,1.0191584638421174e-05,False
0.70460240060015,1.4192401262729777,1000,2,112413.39056667888,0.0,0.9905165304032836,0.00929611916109379,0.00018735043562263126,True
0.704576144036009,1.4192930153321976,1000,0,-609.0724366421056,0.0,0.9999625795259335,4.6559104132571847e-08,3.737391496242771e-05,False
0.704576144036009,1.4192930153321976,1000,1,-0.4521073731807633,0.0,0.9999893388863194,5.937428258293853e-10,1.0660519937810725e-05,False
0.704576144036009,1.4192930153321976,1000,2,89610.65404540251,0.0,0.9912858568908469,0.00853446029942697,0.00017968280972611154,True
0.704549887471868,1.4193459083334663,1000,0,-658.2106546895553,0.0,0.9999623104433397,5.478274351012111e-08,3.763477391661883e-05,False
0.704549887471868,1.4193459083334663,1000,1,-0.38819487154720594,0.0,0.9999901983094545,3.0005141509292015e-10,9.801390494216874e-06,False
0.704549887471868,1.4193459083334663,1000,2,72985.83492062449,0.0,0.9918207380447484,0.008004804514661224,0.00017445744059036453,True
0.704523630907727,1.4193988052772246,1000,0,-571.4206417712142,0.0,0.9999621864477044,2.631137370927335e-08,3.778724092183389e-05,False
0.704523630907727,1.4193988052772246,1000,1,-0.4563864325881651,0.0,0.999989714583823,1.2654659670674109e-09,1.0284150711033456e-05,False
0.704523630907727,1.4193988052772246,1000,2,60859.52201419773,0.0,0.9933964869458964,0.0064469385284367355,0.000156574525666775,True
0.7044973743435858,1.4194517061639131,1000,0,-509.92032965908186,0.0,0.9999620782493531,5.32302282603045e-09,3.791642762404904e-05,False
0.7044973743435858,1.4194517061639131,1000,1,-0.47471375479383826,0.0,0.9999887611341353,3.3711203177640527e-09,1.1235494744389474e-05,False
0.7044973743435858,1.4194517061639131,1000,2,51641.46204679029,0.0,0.9949513946231193,0.004910986573118007,0.00013761880376260036,True
0.7044711177794448,1.4195046109939728,1000,0,-538.5685917811421,0.0,0.9999617472855665,1.9786437091418522e-08,3.823292799639973e-05,False
0.7044711177794448,1.4195046109939728,1000,1,-0.4514919652851992,0.0,0.9999898820986408,1.5987223060975682e-09,1.0116302636865613e-05,False
0.7044711177794448,1.4195046109939728,1000,2,44021.39627692499,0.0,0.9949921810162133,0.004870061403451573,0.00013775758033500538,True
0.7044448612153038,1.4195575197678445,1000,0,-682.7739082973955,0.0,0.9999612924092325,7.993665188153293e-08,3.862765411561852e-05,False
0.7044448612153038,1.4195575197678445,1000,1,-0.29755637164847726,0.0,0.9999910533296739,2.5670748557470157e-12,8.946667759069919e-06,False
0.7044448612153038,1.4195575197678445,1000,2,37761.11582591092,0.0,0.9939261414129525,0.005921621450520663,0.00015223713652688748,True
0.7044186046511628,1.4196104324859689,1000,0,-752.7029495123419,0.0,0.9999608623935737,1.5991976461455224e-07,3.897768666161745e-05,False
0.7044186046511628,1.4196104324859689,1000,1,-0.259498141997287,0.0,0.9999909221586324,7.453842311910405e-10,9.077095983453754e-06,False
0.7044186046511628,1.4196104324859689,1000,2,32724.122750729075,0.0,0.9923268756234424,0.007500462471318447,0.0001726619052392687,True
0.7043923480870218,1.4196633491487878,1000,0,-913.9050195478112,0.0,0.9999604024734231,2.6351591405595094e-07,3.933401066274956e-05,False
0.7043923480870218,1.4196633491487878,1000,1,-0.15333461381308913,0.0,0.9999912107546796,3.2969025260418746e-09,8.785948417934799e-06,False
0.7043923480870218,1.4196633491487878,1000,2,28586.160535649477,0.0,0.9890874830497024,0.010701733440630433,0.00021078350966720257,True
0.7043660915228807,1.4197162697567418,1000,0,-1073.153101675759,0.0,0.9999598275002131,4.5418900498846014e-07,3.971831078192272e-05,False
0.7043660915228807,1.4197162697567418,1000,1,-0.09544669435999878,0.0,0.9999902704726008,8.088362820097801e-09,9.721439036251761e-06,False
0.7043660915228807,1.4197162697567418,1000,2,25099.907927910557,0.0,0.9731256175055062,0.026502144249559264,0.00037223824493465117,True
0.7043398349587396,1.4197691943102724,1000,0,-1299.2953758713365,0.0,0.9999592548875207,6.526095377704237e-07,4.009250294159189e-05,False
0.7043398349587396,1.4197691943102724,1000,1,-0.03125465288064149,0.0,0.9999901287924913,1.4743316195251398e-08,9.85646419257682e-06,False
0.7043398349587396,1.4197691943102724,1000,2,22206.279483889706,0.0,0.8451709949163204,0.15342812408415857,0.0014008809995209874,True
0.7043135783945986,1.419822122809821,1000,0,-1097.0177839729686,0.0,0.9999592844164092,4.885688902884454e-07,4.022701470042238e-05,False
0.7043135783945986,1.419822122809821,1000,1,-0.06015740290529013,0.0,0.9999904170510348,9.395888872794686e-09,9.573553076421544e-06,False
0.7043135783945986,1.419822122809821,1000,2,19934.42250382303,0.0,0.9608491715391964,0.0386637568402764,0.00048707162052726943,True
0.7042873218304576,1.419875055255828,1000,0,-786.4834841400166,0.0,0.9999595565143031,2.0531175740042585e-07,4.023817393952133e-05,False
0.7042873218304576,1.419875055255828,1000,1,-0.16104359576004607,0.0,0.9999915919363459,1.7986898198865362e-09,8.406264964309954e-06,False
0.7042873218304576,1.419875055255828,1000,2,18163.883522833337,0.0,0.9935692621422354,0.006269786497094612,0.00016095136067001168,True
0.7042610652663166,1.4199279916487355,1000,0,-577.8906298219646,0.0,0.999959676270717,5.7783776581026735e-08,4.0265945506416855e-05,False
0.7042610652663166,1.4199279916487355,1000,1,-0.2668549295776039,0.0,0.9999917705981435,1.9175867909767877e-10,8.229210097887112e-06,False
0.7042610652663166,1.4199279916487355,1000,2,16707.667419795886,0.0,0.9975000609924504,0.0023944766298194193,0.00010546237773021214,True
0.7042348087021755,1.4199809319889851,1000,0,-412.44062127744655,0.0,0.9999597529626024,1.7943795299799045e-10,4.024685795969972e-05,False
0.7042348087021755,1.4199809319889851,1000,1,-0.4304321852983588,0.0,0.9999901638176663,5.88171739894288e-09,9.830300616311645e-06,False
0.7042348087021755,1.4199809319889851,1000,2,15552.936717368739,0.0,0.9988063702837023,0.0011120850288542157,8.154468744348516e-05,True
0.7042085521380345,1.4200338762770186,1000,0,-296.03133369230153,0.0,0.9999598411764924,5.8991281353166743e-08,4.009983222625756e-05,False
0.7042085521380345,1.4200338762770186,1000,1,-0.6118717204428306,0.0,0.9999801164130205,1.5028084807875244e-08,1.9868558894710365e-05,False
0.7042085521380345,1.4200338762770186,1000,2,14699.046708257803,0.0,0.9993644334126485,0.0005670391024367844,6.852748491474595e-05,True
0.7041822955738934,1.4200868245132767,1000,0,-293.48860599478604,0.0,0.9999596655089152,9.02395962679828e-08,4.024425148851035e-05,False
0.7041822955738934,1.4200868245132767,1000,1,-0.5967656227288387,0.0,0.9999756888172395,1.5080603411414203e-08,2.4296102157137258e-05,False
0.7041822955738934,1.4200868245132767,1000,2,13729.77101162799,0.0,0.9994850693822687,0.00044953154820010866,6.539906953110569e-05,True
0.7041560390097524,1.4201397766982016,1000,0,-316.40447004868116,0.0,0.9999592020720348,1.7198970936807522e-08,4.0780728994284317e-05,False
0.7041560390097524,1.4201397766982016,1000,1,-0.5556066312156727,0.0,0.9999869996570022,1.2179725834546438e-08,1.2988163271954774e-05,False
0.7041560390097524,1.4201397766982016,1000,2,12521.294044529284,0.0,0.9993775398268903,0.0005536182680407673,6.884190506893473e-05,True
0.7041297824456114,1.420192732832235,1000,0,-424.754903803324,0.0,0.9999587677081765,5.757409359919777e-11,4.123223424949381e-05,False
0.7041297824456114,1.420192732832235,1000,1,-0.3565386845341326,0.0,0.9999908734841737,6.215190450158505e-09,9.120300635841789e-06,False
0.7041297824456114,1.420192732832235,1000,2,11488.538823114768,0.0,0.9992437524276687,0.0006834730376051782,7.277453472611855e-05,True
0.7041035258814703,1.420245692915819,1000,0,-413.63693360834145,0.0,0.9999584131509285,8.057891138742617e-09,4.157879118029323e-05,False
0.7041035258814703,1.420245692915819,1000,1,-0.36851481273680936,0.0,0.9999915753367095,3.057638579843803e-09,8.421605652013556e-06,False
0.7041035258814703,1.420245692915819,1000,2,10624.003876266359,0.0,0.9991559044751144,0.0007687349022294025,7.536062265619555e-05,True
0.7040772693173293,1.4202986569493947,1000,0,-554.3714580542646,0.0,0.9999579816275411,4.3767758436031214e-08,4.197460470050705e-05,False
0.7040772693173293,1.4202986569493947,1000,1,-0.20081863282640255,0.0,0.9999926221925927,4.489769698080625e-10,7.3773584304047725e-06,False
0.7040772693173293,1.4202986569493947,1000,2,9815.804332559346,0.0,0.9988925459356196,0.00102550681075639,8.194725362400856e-05,True
0.7040510127531883,1.4203516249334045,1000,0,-613.3442462659384,0.0,0.9999575332150225,1.1315213211300446e-07,4.2353632845427686e-05,False
0.7040510127531883,1.4203516249334045,1000,1,-0.16596728391389906,0.0,0.99999238236488,2.0456392939126569e-10,7.617430556111755e-06,False
0.7040510127531883,1.4203516249334045,1000,2,9083.027288266998,0.0,0.9983103529431426,0.0015951679916204598,9.447906523696191e-05,True
0.7040247561890473,1.4204045968682903,1000,0,-683.6833882277955,0.0,0.9999571972520814,1.4418784356529103e-07,4.2658560074908954e-05,False
0.7040247561890473,1.4204045968682903,1000,1,-0.11373401953678206,0.0,0.9999926665164474,7.329939499022536e-10,7.332750558565186e-06,False
0.7040247561890473,1.4204045968682903,1000,2,8481.909046064946,0.0,0.9980628774533198,0.0018375123236840957,9.961022299614998e-05,True
0.7039984996249062,1.420457572754494,1000,0,-578.4200703433612,0.0,0.9999571092007918,8.062247825200313e-08,4.281017672990052e-05,False
0.7039984996249062,1.420457572754494,1000,1,-0.15871227076182334,0.0,0.9999925824151186,4.002289849252464e-12,7.41758087927339e-06,False
0.7039984996249062,1.420457572754494,1000,2,8034.628842234074,0.0,0.9988633924132394,0.0010528679014130066,8.373968534759484e-05,True
0.7039722430607651,1.4205105525924586,1000,0,-514.8154792955163,0.0,0.9999569302578813,5.496473846255128e-08,4.3014777380185836e-05,False
0.7039722430607651,1.4205105525924586,1000,1,-0.2231473803844873,0.0,0.9999926500955613,2.7275669830769e-10,7.349631682117191e-06,False
0.7039722430607651,1.4205105525924586,1000,2,7612.270990859979,0.0,0.9991364263263987,0.0007859393653156645,7.763430828576251e-05,True
0.7039459864966241,1.4205635363826252,1000,0,-574.0073093250528,0.0,0.9999566369788883,6.506833567613621e-08,4.3297952775992904e-05,False
0.7039459864966241,1.4205635363826252,1000,1,-0.15090712550223795,0.0,0.9999928802955447,1.3527191573539556e-10,7.119569183437412e-06,False
0.7039459864966241,1.4205635363826252,1000,2,7182.271716749667,0.0,0.9991343475040358,0.0007876119656191194,7.804053034500202e-05,True
0.7039197299324831,1.4206165241254365,1000,0,-508.4229063934237,0.0,0.9999564005928994,6.053513811971039e-08,4.3538871962476875e-05,False
0.7039197299324831,1.4206165241254365,1000,1,-0.21946926478141005,0.0,0.9999925818516673,2.2758703234793202e-10,7.417920745673915e-06,False
0.7039197299324831,1.4206165241254365,1000,2,6808.631575719666,0.0,0.9992233445577747,0.0007005411846828987,7.611425754232394e-05,True
0.7038934733683421,1.4206695158213345,1000,0,-566.1767631740943,0.0,0.9999561058962395,7.119478865657181e-08,4.3822908971936526e-05,False
0.7038934733683421,1.4206695158213345,1000,1,-0.14764477543449767,0.0,0.9999927361007108,1.1168479322743267e-10,7.263787604428444e-06,False
0.7038934733683421,1.4206695158213345,1000,2,6450.576467233318,0.0,0.9992140372501059,0.0007092557585258925,7.67069913681475e-05,True
0.7038672168042011,1.4207225114707622,1000,0,-514.9265428137239,0.0,0.999955901451325,5.2959402102333055e-08,4.404558927299552e-05,False
0.7038672168042011,1.4207225114707622,1000,1,-0.21221904939147973,0.0,0.9999928195554432,4.695293175669535e-10,7.179975027472773e-06,False
0.7038672168042011,1.4207225114707622,1000,2,6160.001321373887,0.0,0.9993630269674352,0.000563999186663106,7.297384590180472e-05,True
0.7038409602400599,1.4207755110741618,1000,0,-427.62784452547305,0.0,0.9999558276366705,1.2059694443048008e-08,4.416030363509822e-05,False
0.7038409602400599,1.4207755110741618,1000,1,-0.27632622583677613,0.0,0.9999919796016147,3.623988513762916e-09,8.016774396790885e-06,False
0.7038409602400599,1.4207755110741618,1000,2,5967.603737043697,0.0,0.9995950714413419,0.00033891650638149943,6.601205227672114e-05,True
0.7038147036759189,1.4208285146319757,1000,0,-434.8848472518617,0.0,0.9999555412966885,1.5701293030620046e-08,4.4443002018463455e-05,False
0.7038147036759189,1.4208285146319757,1000,1,-0.2806741283807087,0.0,0.9999921906333326,3.1818207197020007e-09,7.80618484683234e-06,False
0.7038147036759189,1.4208285146319757,1000,2,5697.065960551072,0.0,0.999601626196517,0.00033227331943807154,6.610048404484184e-05,True
0.7037884471117779,1.4208815221446465,1000,0,-565.4109222836813,0.0,0.9999550435215112,7.702960509830289e-08,4.487944888364264e-05,False
0.7037884471117779,1.4208815221446465,1000,1,-0.15980605919078394,0.0,0.9999926904270195,1.3972760146932175e-10,7.309433252957865e-06,False
0.7037884471117779,1.4208815221446465,1000,2,5347.822075470904,0.0,0.9993615739936769,0.0005643819324106623,7.404407391234005e-05,True
0.7037621905476369,1.420934533612617,1000,0,-654.4323598106361,0.0,0.9999545565417726,1.6872257975247856e-07,4.527473564759054e-05,False
0.7037621905476369,1.420934533612617,1000,1,-0.11099002172515111,0.0,0.9999921025513024,6.105456556757163e-10,7.896838151981571e-06,False
0.7037621905476369,1.420934533612617,1000,2,5046.330901125225,0.0,0.9987885943550512,0.001122528622257092,8.887702269163889e-05,True
0.7037359339834959,1.4209875490363295,1000,0,-820.793845339755,0.0,0.9999540672909774,2.723756755567418e-07,4.566033334704596e-05,False
0.7037359339834959,1.4209875490363295,1000,1,-0.026699225238529804,0.0,0.9999920102919809,3.1451472257531157e-09,7.986562871844118e-06,False
0.7037359339834959,1.4209875490363295,1000,2,4787.25805788003,0.0,0.9970281876797663,0.0028490046109840993,0.00012280770924961187,True
0.7037096774193548,1.4210405684162275,1000,0,-951.7020507810781,0.0,0.9999535087602173,4.368403131539314e-07,4.605439946955511e-05,False
0.7037096774193548,1.4210405684162275,1000,1,0.002519292298209669,0.0,0.9999906315980206,7.676550571146439e-09,9.360725428831123e-06,True
0.7037096774193548,1.4210405684162275,1000,2,4549.392152565921,0.0,0.9155897830045189,0.08349331725197497,0.0009168997435059592,True
0.7036834208552137,1.4210935917527534,1000,0,-1237.2036438089215,0.0,0.9999528506181419,6.659813427702797e-07,4.6483400515455194e-05,False
0.7036834208552137,1.4210935917527534,1000,1,0.0668107515847621,0.0,0.9999898333775803,1.6608435609576322e-08,1.0150013984050526e-05,True
0.7036834208552137,1.4210935917527534,1000,2,4345.5621085070425,0.0,0.9958473347083246,0.004150743519239578,1.9217724357032724e-06,True
0.7036571642910727,1.42114661904635,1000,0,-1152.6328508878807,0.0,0.9999526752107859,6.111558852596115e-07,4.671363332883424e-05,False
0.7036571642910727,1.42114661904635,1000,1,0.047352172699001036,0.0,0.999989820287,1.3492982608055583e-08,1.0166220017332069e-05,True
0.7036571642910727,1.42114661904635,1000,2,4164.103135996463,0.0,0.9930306707622805,0.006969296061060287,3.317665921413999e-08,True
0.7036309077269317,1.4211996502974604,1000,0,-818.6926628179204,0.0,0.9999529243236268,3.158408777646556e-07,4.67598354954843e-05,False
0.7036309077269317,1.4211996502974604,1000,1,-0.05728259860614916,0.0,0.9999911391448458,3.117855600283421e-09,8.8577372985214e-06,False
0.7036309077269317,1.4211996502974604,1000,2,4033.2371594102133,0.0,0.9955925922005092,0.004259812685054567,0.00014759511443621933,True
0.7036046511627907,1.421252685506528,1000,0,-600.7070932890751,0.0,0.9999530963157357,1.1181257121183536e-07,4.679187169314909e-05,False
0.7036046511627907,1.421252685506528,1000,1,-0.16341522316637727,0.0,0.9999918409914998,1.4359908548045306e-10,8.158864901088854e-06,False
0.7036046511627907,1.421252685506528,1000,2,3979.3131141202884,0.0,0.9994090711213047,0.0005158796331644074,7.504924553075677e-05,True
0.7035783945986497,1.4213057246739953,1000,0,-389.5958556112571,0.0,0.9999532294231096,9.044787290012146e-09,4.676153210316528e-05,False
0.7035783945986497,1.4213057246739953,1000,1,-0.36823772298479707,0.0,0.999989831830283,7.447514990634186e-09,1.016072220210809e-05,False
0.7035783945986497,1.4213057246739953,1000,2,4000.7807871409186,0.0,0.9997571749347884,0.000180143936338413,6.268112887321876e-05,True
0.7035521380345086,1.421358767800306,1000,0,-307.6738696648963,0.0,0.9999533607644661,3.534463961521558e-08,4.660389089430539e-05,False
0.7035521380345086,1.421358767800306,1000,1,-0.5485924500879639,0.0,0.9999814262739327,2.366293613357112e-08,1.8550063131210885e-05,False
0.7035521380345086,1.421358767800306,1000,2,4146.255921993526,0.0,0.9998604436999001,8.213477648466286e-05,5.7421523615170047e-05,True
0.7035258814703675,1.4214118148859032,1000,0,-228.43270392459837,0.0,0.9999534097841994,1.1894562146166173e-07,4.647127017909374e-05,False
0.7035258814703675,1.4214118148859032,1000,1,-0.5860905203183311,0.0,0.9999496332073422,1.534984165836327e-08,5.0351442816221347e-05,False
0.7035258814703675,1.4214118148859032,1000,2,4223.6281179269745,0.0,0.9998860998470314,5.796270366871307e-05,5.5937449299956984e-05,True
0.7034996249062265,1.42146486593123,1000,0,-317.84232051867787,0.0,0.9999528256293623,3.484391838532048e-08,4.713952671928682e-05,False
0.7034996249062265,1.42146486593123,1000,1,-0.5638466971688303,0.0,0.9999805710120145,2.422165651657321e-08,1.9404766328944016e-05,False
0.7034996249062265,1.42146486593123,1000,2,3969.767338485976,0.0,0.9998665378140195,7.586456823041817e-05,5.7597617750192604e-05,True
0.7034733683420855,1.42151792093673,1000,0,-330.2065402653658,0.0,0.9999523547359968,5.519127318272774e-10,4.764471209053792e-05,False
0.7034733683420855,1.42151792093673,1000,1,-0.4900392334233854,0.0,0.9999847731045212,1.5492836325950788e-08,1.5211402642544108e-05,False
0.7034733683420855,1.42151792093673,1000,2,3727.045646912094,0.0,0.9998319929837274,0.00010795752250099662,6.0049493771542195e-05,True
0.7034471117779445,1.4215709799028469,1000,0,-441.76974693185355,0.0,0.9999518911092246,7.568085521059983e-09,4.810132268991293e-05,False
0.7034471117779445,1.4215709799028469,1000,1,-0.3816410371901231,0.0,0.9999885904138053,9.939277459820146e-09,1.1399646917186355e-05,False
0.7034471117779445,1.4215709799028469,1000,2,3562.780678317982,0.0,0.999793350819126,0.0001441866330084336,6.246254786557426e-05,True
0.7034208552138034,1.4216240428300235,1000,0,-472.02803337845154,0.0,0.9999514635634125,3.573384667570673e-08,4.8500702740885475e-05,False
0.7034208552138034,1.4216240428300235,1000,1,-0.36510226819942476,0.0,0.999989058955273,5.193580198405626e-09,1.0935851146763812e-05,False
0.7034208552138034,1.4216240428300235,1000,2,3413.241356323245,0.0,0.9997334167505643,0.00020090170332935008,6.56815461064511e-05,True
0.7033945986496624,1.4216771097187042,1000,0,-611.0332218209312,0.0,0.999950911746057,1.2066187330684535e-07,4.896759206975714e-05,False
0.7033945986496624,1.4216771097187042,1000,1,-0.24526944677530202,0.0,0.9999895662749675,8.426857293770404e-10,1.0432882346823968e-05,False
0.7033945986496624,1.4216771097187042,1000,2,3252.688825389308,0.0,0.9995050875348446,0.00042006777779456605,7.484468736084403e-05,True
0.7033683420855213,1.421730180569332,1000,0,-673.5025394824997,0.0,0.9999505508402442,1.478484616400699e-07,4.9301311294256846e-05,False
0.7033683420855213,1.421730180569332,1000,1,-0.24515963922769235,0.0,0.9999900852180548,3.436818981480969e-10,9.91443826336685e-06,False
0.7033683420855213,1.421730180569332,1000,2,3163.403127796097,0.0,0.9994014759485432,0.0005199382442661333,7.85858071906905e-05,True
0.7033420855213803,1.4217832553823508,1000,0,-464.9926143874235,0.0,0.9999506722455385,3.133701506055405e-08,4.929641744648089e-05,False
0.7033420855213803,1.4217832553823508,1000,1,-0.3937398401853369,0.0,0.999986918977151,7.52069628801405e-09,1.3073502152818411e-05,False
0.7033420855213803,1.4217832553823508,1000,2,3203.495255616178,0.0,0.9997576231393104,0.00017683617922934522,6.554068146022665e-05,True
0.7033158289572393,1.4218363341582043,1000,0,-462.7291243772578,0.0,0.9999504642600785,1.6552456482767492e-08,4.9519187464967735e-05,False
0.7033158289572393,1.4218363341582043,1000,1,-0.43373916848743027,0.0,0.9999864921256945,1.0543789978315491e-08,1.3497330515585042e-05,False
0.7033158289572393,1.4218363341582043,1000,2,3179.9970200483435,0.0,0.9997912007065973,0.00014462498416928398,6.41743092333577e-05,True
0.7032895723930983,1.421889416897337,1000,0,-591.6753610123144,0.0,0.9999498834253129,8.971026683312412e-08,5.002686442024919e-05,False
0.7032895723930983,1.421889416897337,1000,1,-0.3400745784684899,0.0,0.999988320225814,3.117101023922912e-09,1.167665708497403e-05,False
0.7032895723930983,1.421889416897337,1000,2,3027.6104242329425,0.0,0.9996337907429366,0.000294608874770083,7.160038229335667e-05,True
0.7032633158289572,1.421942503600192,1000,0,-701.3646486770396,0.0,0.9999493395739917,1.9167630634010332e-07,5.046874970203158e-05,False
0.7032633158289572,1.421942503600192,1000,1,-0.27493189367392923,0.0,0.9999880248856363,3.9520718278001256e-10,1.1974719156542078e-05,False
0.7032633158289572,1.421942503600192,1000,2,2916.050615095206,0.0,0.9991805537643546,0.0007326975971182484,8.674863852709959e-05,True
0.7032370592648162,1.4219955942672136,1000,0,-866.1079408975532,0.0,0.9999488145340157,2.95873506951452e-07,5.0889592477350486e-05,False
0.7032370592648162,1.4219955942672136,1000,1,-0.21011023694255454,0.0,0.9999884851941752,1.3516346653769358e-10,1.151467066144384e-05,False
0.7032370592648162,1.4219955942672136,1000,2,2834.156191612669,0.0,0.9973167667633286,0.002555416942124107,0.00012781629454718636,True
0.7032108027006752,1.4220486888988455,1000,0,-1008.800591673905,0.0,0.9999482081168956,4.6772419781546793e-07,5.132415890663474e-05,False
0.7032108027006752,1.4220486888988455,1000,1,-0.17109052417123025,0.0,0.9999869965065872,1.9191768050214576e-09,1.3001574235963728e-05,False
0.7032108027006752,1.4220486888988455,1000,2,2763.078583774887,0.0,0.942254051500365,0.05756763973112374,0.00017830876851121505,True
0.7031845461365341,1.4221017874955326,1000,0,-1301.7770757461587,0.0,0.9999475475556758,6.727565792548651e-07,5.177968774491452e-05,False
0.7031845461365341,1.4221017874955326,1000,1,-0.09870120290112236,0.0,0.9999867925405956,7.63572664130324e-09,1.3199823677728417e-05,False
0.7031845461365341,1.4221017874955326,1000,2,2716.7435204346402,0.0,0.9987435077020999,0.001239505911890847,1.698638600932656e-05,True
0.7031582895723931,1.4221548900577183,1000,0,-1163.913262039699,0.0,0.9999474003601013,5.947309884203478e-07,5.200490891020961e-05,False
0.7031582895723931,1.4221548900577183,1000,1,-0.1554424277277223,0.0,0.9999862972186983,3.91574841082656e-09,1.36988655534002e-05,False
0.7031582895723931,1.4221548900577183,1000,2,2664.471083599449,0.0,0.9975005491804212,0.002491107180240579,8.343639338114466e-06,True
0.703132033008252,1.4222079965858474,1000,0,-859.5688978857465,0.0,0.9999476599618254,3.0379810103010874e-07,5.2036240073589414e-05,False
0.703132033008252,1.4222079965858474,1000,1,-0.2720513128625009,0.0,0.9999867636801796,5.52705937084873e-11,1.323626454985432e-05,False
0.703132033008252,1.4222079965858474,1000,2,2643.334108589061,0.0,0.9968549336790897,0.003006344116623692,0.00013872220428661972,True
0.703105776444111,1.4222611070803637,1000,0,-617.9194767084156,0.0,0.9999478756206629,1.0209217688796435e-07,5.202228716014808e-05,False
0.703105776444111,1.4222611070803637,1000,1,-0.4313371638490528,0.0,0.9999846670179328,6.915026467309586e-09,1.5326067040779658e-05,False
0.703105776444111,1.4222611070803637,1000,2,2689.37747815983,0.0,0.9996150616044533,0.0003099728204491717,7.496557509742301e-05,True
0.70307951987997,1.422314221541712,1000,0,-439.01377236134175,0.0,0.9999480769972615,4.507702527665748e-09,5.1918495035966666e-05,False
0.70307951987997,1.422314221541712,1000,1,-0.5915316899709518,0.0,0.9999759730505423,2.3913270308824623e-08,2.4003036187330883e-05,False
0.70307951987997,1.422314221541712,1000,2,2808.294372487969,0.0,0.9998283504922675,0.00010660571358347745,6.504379414909805e-05,True
0.703053263315829,1.4223673399703365,1000,0,-366.48986453262415,0.0,0.9999482639971561,5.260165701839312e-08,5.168340118698212e-05,False
0.703053263315829,1.4223673399703365,1000,1,-0.6804797364777762,0.0,0.9999511189906412,3.261983061995071e-08,4.8848389528334735e-05,False
0.703053263315829,1.4223673399703365,1000,2,3044.985852970518,0.0,0.9998889330049565,5.004230849713641e-05,6.1024686546300324e-05,True
0.7030270067516879,1.4224204623666814,1000,0,-275.49499071088945,0.0,0.9999483563660857,1.4287327357615988e-07,5.150076064080278e-05,False
0.7030270067516879,1.4224204623666814,1000,1,-0.5518707348696554,0.0,0.9998477209046956,4.610764738084938e-09,0.0001522744845395509,False
0.7030270067516879,1.4224204623666814,1000,2,3186.641194449669,0.0,0.9999020316203617,3.780642721179544e-05,6.016195242643325e-05,True
0.7030007501875468,1.422473588731192,1000,0,-418.6815257495832,0.0,0.999947581643652,3.049080906518651e-08,5.23878655388216e-05,False
0.7030007501875468,1.422473588731192,1000,1,-0.6949432443034778,0.0,0.9999600979095927,3.616085821696919e-08,3.9865929549125666e-05,False
0.7030007501875468,1.422473588731192,1000,2,2995.6716286890846,0.0,0.9998811256727859,5.6565269536209735e-05,6.230905767798696e-05,True
0.7029744936234058,1.4225267190643125,1000,0,-380.4506752496452,0.0,0.9999471506411195,1.0198499811998812e-09,5.284833903056542e-05,False
0.7029744936234058,1.4225267190643125,1000,1,-0.6635969835977003,0.0,0.9999581331231869,3.285701887997654e-08,4.183401979426028e-05,False
0.7029744936234058,1.4225267190643125,1000,2,2862.5441916366676,0.0,0.9998544024457922,8.090735531250876e-05,6.469019889528912e-05,True
0.7029482370592648,1.4225798533664875,1000,0,-525.9513361590551,0.0,0.9999465722881375,7.973751752159491e-09,5.341973811057706e-05,False
0.7029482370592648,1.4225798533664875,1000,1,-0.6106947702236075,0.0,0.9999751464066209,2.6472991394113934e-08,2.4827120387789535e-05,False
0.7029482370592648,1.4225798533664875,1000,2,2782.8715771150996,0.0,0.999814329422091,0.00011801596028136243,6.765461762749602e-05,True
0.7029219804951238,1.4226329916381624,1000,0,-552.0862217148546,0.0,0.9999460937040533,3.949635151577184e-08,5.3866799595231046e-05,False
0.7029219804951238,1.4226329916381624,1000,1,-0.5992934703096863,0.0,0.9999762710916025,2.0355298299830967e-08,2.370855309921456e-05,False
0.7029219804951238,1.4226329916381624,1000,2,2714.4716281423457,0.0,0.9997469241022617,0.00018127363815029,7.18022595880322e-05,True
0.7028957239309828,1.4226861338797814,1000,0,-689.5860981806708,0.0,0.9999454898812691,1.179165166279961e-07,5.439220221431711e-05,False
0.7028957239309828,1.4226861338797814,1000,1,-0.512515362362816,0.0,0.9999803068643986,1.1269528857616934e-08,1.968186607244829e-05,False
0.7028957239309828,1.4226861338797814,1000,2,2647.3280430234686,0.0,0.9995250578001075,0.00039306002081966596,8.188217907285976e-05,True
0.7028694673668416,1.4227392800917895,1000,0,-758.6493709196446,0.0,0.9999450434062869,1.6575197239882424e-07,5.4790841740832664e-05,False
0.7028694673668416,1.4227392800917895,1000,1,-0.5049654014934881,0.0,0.9999813551190166,8.102258667376763e-09,1.8636778724758202e-05,False
0.7028694673668416,1.4227392800917895,1000,2,2625.0427766157695,0.0,0.9992659390657311,0.0006427481752072108,9.131275906161289e-05,True
0.7028432108027006,1.4227924302746322,1000,0,-667.3676175029636,0.0,0.9999449587286436,9.782580741937236e-08,5.494344554896808e-05,False
0.7028432108027006,1.4227924302746322,1000,1,-0.5549865273647305,0.0,0.9999779927986324,1.5527934153948682e-08,2.1991673433463535e-05,False
0.7028432108027006,1.4227924302746322,1000,2,2666.2064489931017,0.0,0.9995765820034624,0.00034264139164727367,8.077660489034238e-05,True
0.7028169542385596,1.4228455844287538,1000,0,-617.3067788000063,0.0,0.9999448072009297,5.809246696724528e-08,5.5134706603384424e-05,False
0.7028169542385596,1.4228455844287538,1000,1,-0.6120946316284931,0.0,0.9999752572648635,2.1814119046776833e-08,2.4720921017483224e-05,False
0.7028169542385596,1.4228455844287538,1000,2,2710.3887416919993,0.0,0.9996828720697476,0.00024053877742433231,7.65891528280581e-05,True
0.7027906976744186,1.4228987425545996,1000,0,-647.5540117666782,0.0,0.9999444634542908,6.653729207842007e-08,5.5470008417124456e-05,False
0.7027906976744186,1.4228987425545996,1000,1,-0.6059562528649215,0.0,0.9999756866124369,2.136355661653434e-08,2.4292024006605017e-05,False
0.7027906976744186,1.4228987425545996,1000,2,2717.995005973369,0.0,0.999651687026407,0.0002698482534838518,7.846472010909143e-05,True
0.7027644411102776,1.4229519046526151,1000,0,-623.831119323351,0.0,0.9999441892143868,6.173838410851094e-08,5.574904722913056e-05,False
0.7027644411102776,1.4229519046526151,1000,1,-0.6341261864796329,0.0,0.9999734419789363,2.391443314324677e-08,2.6534106630559373e-05,False
0.7027644411102776,1.4229519046526151,1000,2,2740.714309703927,0.0,0.9996548423033187,0.0002663814801499962,7.877621653126124e-05,True
0.7027381845461365,1.4230050707232451,1000,0,-673.1714560972827,0.0,0.9999438345462913,7.065289663256445e-08,5.609480081193206e-05,False
0.7027381845461365,1.4230050707232451,1000,1,-0.6029946694613229,0.0,0.9999746442975908,2.30392921784104e-08,2.5332663117121957e-05,False
0.7027381845461365,1.4230050707232451,1000,2,2756.905361653381,0.0,0.9996166783835322,0.00030238180253493006,8.093981393284322e-05,True
0.7027119279819954,1.4230582407669357,1000,0,-617.0931776125775,0.0,0.9999436105923875,5.3858311584538385e-08,5.63355493008523e-05,False
0.7027119279819954,1.4230582407669357,1000,1,-0.6753537314811416,0.0,0.9999711855832115,2.7688702817370937e-08,2.8786728085650494e-05,False
0.7027119279819954,1.4230582407669357,1000,2,2798.717392737679,0.0,0.9996543630694921,0.0002659230472807388,7.971388322718465e-05,True
0.7026856714178544,1.4231114147841313,1000,0,-576.1568670546573,0.0,0.9999435628984309,9.832964779068079e-09,5.6427268604347125e-05,False
0.7026856714178544,1.4231114147841313,1000,1,-0.6820960845597817,0.0,0.9999646959131997,3.8835054268960834e-08,3.526525174601731e-05,False
0.7026856714178544,1.4231114147841313,1000,2,2906.753216773102,0.0,0.999765900615693,0.00015966810852940542,7.443127577759127e-05,True
0.7026594148537134,1.4231645927752778,1000,0,-536.4869530514962,0.0,0.9999433042636189,7.216921388495633e-09,5.6688519459784354e-05,False
0.7026594148537134,1.4231645927752778,1000,1,-0.7170996566536362,0.0,0.999959077567262,4.2149109467444185e-08,4.0880283628569925e-05,False
0.7026594148537134,1.4231645927752778,1000,2,2954.0122183016424,0.0,0.9997664365802789,0.00015873043672658864,7.483298299459076e-05,True
0.7026331582895724,1.4232177747408206,1000,0,-682.9419137566223,0.0,0.9999426170788422,6.371475629047646e-08,5.731920640145805e-05,False
0.7026331582895724,1.4232177747408206,1000,1,-0.6606841343765992,0.0,0.9999717855281428,2.8193301097528693e-08,2.8186278556091615e-05,False
0.7026331582895724,1.4232177747408206,1000,2,2909.2527368577325,0.0,0.9995744159235772,0.00034084978299529507,8.473429342747525e-05,True
0.7026069017254313,1.4232709606812055,1000,0,-792.2634902663034,0.0,0.9999419723172471,1.600275713781213e-07,5.7867655181400906e-05,False
0.7026069017254313,1.4232709606812055,1000,1,-0.5940010659302055,0.0,0.9999749221186093,1.7898400047059242e-08,2.5059982990683834e-05,False
0.7026069017254313,1.4232709606812055,1000,2,2896.7654999540737,0.0,0.9989090566480411,0.0009827307221965881,0.00010821262976229831,True
0.7025806451612903,1.423324150596878,1000,0,-920.7864786726283,0.0,0.9999413587075096,2.6546248610735525e-07,5.837583000440257e-05,False
0.7025806451612903,1.423324150596878,1000,1,-0.5619845636680783,0.0,0.9999776233369903,1.0022149504676787e-08,2.2366640860174158e-05,False
0.7025806451612903,1.423324150596878,1000,2,2914.72747985367,0.0,0.9951027535846207,0.004706103141633733,0.0001911432737454784,True
0.7025543885971492,1.4233773444882836,1000,0,-1100.4638395570084,0.0,0.9999406462215549,4.3715524052779043e-07,5.8916623204613975e-05,False
0.7025543885971492,1.4233773444882836,1000,1,-0.463722099189646,0.0,0.9999785780155545,3.7426060772577255e-09,2.1418241839425744e-05,False
0.7025543885971492,1.4233773444882836,1000,2,2947.3185979070213,0.0,0.9784272942008864,0.021537171639908516,3.55341592050686e-05,True
0.7025281320330082,1.4234305423558684,1000,0,-1352.665077798413,0.0,0.9999398235599242,6.835859274563312e-07,5.949285414850041e-05,False
0.7025281320330082,1.4234305423558684,1000,1,-0.41179659895722986,0.0,0.9999795354445599,1.0384066934974299e-10,2.0464451599433646e-05,False
0.7025281320330082,1.4234305423558684,1000,2,3007.951710668646,0.0,0.9988866035726731,0.0010925895610320636,2.0806866294890613e-05,True
0.7025018754688672,1.4234837442000778,1000,0,-1309.3818037201997,0.0,0.9999395623419297,6.489194269022765e-07,5.978873864333212e-05,False
0.7025018754688672,1.4234837442000778,1000,1,-0.41899415956310326,0.0,0.9999790333122665,5.429633987633616e-10,2.096614477002895e-05,False
0.7025018754688672,1.4234837442000778,1000,2,3060.9757433938908,0.0,0.9986017546551437,0.0013807214566030552,1.7523888253224532e-05,True
0.7024756189047261,1.4235369500213586,1000,0,-987.4569762840035,0.0,0.9999399087369634,3.292836495954321e-07,5.976197938704579e-05,False
0.7024756189047261,1.4235369500213586,1000,1,-0.5425496390440888,0.0,0.9999766103105483,1.0270337499842687e-08,2.3379419114185615e-05,False
0.7024756189047261,1.4235369500213586,1000,2,3131.6888217620995,0.0,0.9324579442738171,0.06655360552575391,0.000988450200429002,True
0.7024493623405851,1.4235901598201557,1000,0,-734.1445023189135,0.0,0.999940251944466,9.67094255345478e-08,5.965134610837296e-05,False
0.7024493623405851,1.4235901598201557,1000,1,-0.6768585883822772,0.0,0.9999690558968517,3.325874868366826e-08,3.091084439966262e-05,False
0.7024493623405851,1.4235901598201557,1000,2,3282.671892892648,0.0,0.9990824356669088,0.000810507050166355,0.00010705728292479576,True
0.7024231057764441,1.4236433735969156,1000,0,-577.8227569592063,0.0,0.9999405173151008,1.8606979306689491e-09,5.9480824201290956e-05,False
0.7024231057764441,1.4236433735969156,1000,1,-0.7404640419119872,0.0,0.9999503193006668,5.8335017216143685e-08,4.962236431587069e-05,False
0.7024231057764441,1.4236433735969156,1000,2,3513.384708227492,0.0,0.9996696585967434,0.0002460303378355975,8.431106542108215e-05,True
0.702396849212303,1.4236965913520845,1000,0,-459.28989283269004,0.0,0.9999408294133885,8.727439627837665e-08,5.908331221531434e-05,False
0.702396849212303,1.4236965913520845,1000,1,-0.7013968746087103,0.0,0.9998770860936932,4.4878654323445496e-08,0.0001228690276525163,False
0.702396849212303,1.4236965913520845,1000,2,3885.3784518193333,0.0,0.9998169763702242,0.0001071806666365927,7.584296313917922e-05,True
0.702370592648162,1.4237498130861086,1000,0,-446.54154670708,0.0,0.9999407651722508,2.202386049315101e-07,5.901458914422754e-05,False
0.702370592648162,1.4237498130861086,1000,1,-0.543471655621984,0.0,0.9997915589785454,8.745527842290723e-09,0.00020843227592671766,False
0.702370592648162,1.4237498130861086,1000,2,4198.47341945513,0.0,0.999842522684868,8.318886618679027e-05,7.428844894530268e-05,True
0.702344336084021,1.4238030387994338,1000,0,-464.227851886819,0.0,0.9999402086294912,1.0167351338962493e-07,5.968969699548848e-05,False
0.702344336084021,1.4238030387994338,1000,1,-0.700347025694723,0.0,0.9998702109589858,4.2387519248807336e-08,0.00012974665349495577,False
0.702344336084021,1.4238030387994338,1000,2,4202.00718544738,0.0,0.99980014228735,0.00012191948782244553,7.793822482753435e-05,True
0.7023180795198799,1.423856268492507,1000,0,-530.4911971471495,0.0,0.9999395177587623,1.4294948247853355e-08,6.046794628950175e-05,False
0.7023180795198799,1.423856268492507,1000,1,-0.740861032961158,0.0,0.9999271521987629,6.385090482677066e-08,7.278395033223142e-05,False
0.7023180795198799,1.423856268492507,1000,2,4202.315431042839,0.0,0.999696815345407,0.0002182919360472768,8.489271854581001e-05,True
0.7022918229557389,1.423909502165774,1000,0,-571.8109296535682,0.0,0.9999389669383774,8.546634921144427e-11,6.1032976156329184e-05,False
0.7022918229557389,1.423909502165774,1000,1,-0.7501916856866547,0.0,0.9999433437581161,6.249002671578529e-08,5.659375185713548e-05,False
0.7022918229557389,1.423909502165774,1000,2,4304.533537253751,0.0,0.9995655287052644,0.00034225406357761106,9.221723115803915e-05,True
0.7022655663915979,1.4239627398196812,1000,0,-635.139284501382,0.0,0.9999383606047993,1.3450133625140174e-08,6.16259450669869e-05,False
0.7022655663915979,1.4239627398196812,1000,1,-0.7392124488677698,0.0,0.9999562710300652,5.367042948077474e-08,4.367529950534082e-05,False
0.7022655663915979,1.4239627398196812,1000,2,4426.38246553889,0.0,0.9992653996887125,0.0006290505805936292,0.00010554973069387122,True
0.7022393098274569,1.4240159814546756,1000,0,-747.0709396560427,0.0,0.9999376462458529,7.627554994956809e-08,6.227747859705595e-05,False
0.7022393098274569,1.4240159814546756,1000,1,-0.6721309236055841,0.0,0.9999663914535482,3.799050655163844e-08,3.3570555945310653e-05,False
0.7022393098274569,1.4240159814546756,1000,2,4566.552598466515,0.0,0.9980668552118123,0.0017893841390202825,0.00014376064916745557,True
0.7022130532633158,1.4240692270712034,1000,0,-817.2448360900282,0.0,0.9999370704072471,1.346083557702848e-07,6.279498439707313e-05,False
0.7022130532633158,1.4240692270712034,1000,1,-0.656712841449573,0.0,0.9999704720434811,2.8675573597478642e-08,2.9499280945259705e-05,False
0.7022130532633158,1.4240692270712034,1000,2,4767.477166184144,0.0,0.9948931456215105,0.0048895233449012246,0.0002173310335881836,True
0.7021867966991747,1.4241224766697116,1000,0,-730.9477513527553,0.0,0.999936975836933,7.207755108324038e-08,6.295208551604817e-05,False
0.7021867966991747,1.4241224766697116,1000,1,-0.6771343289828196,0.0,0.9999653419347535,3.9812953778778975e-08,3.461825229259311e-05,False
0.7021867966991747,1.4241224766697116,1000,2,5060.039997317086,0.0,0.997386848706798,0.0024495873901506844,0.0001635639030513741,True
0.7021605401350337,1.4241757302506466,1000,0,-683.9092352173183,0.0,0.9999368466495164,2.9446609471285764e-08,6.31239038740379e-05,False
0.7021605401350337,1.4241757302506466,1000,1,-0.7029741419997725,0.0,0.9999615476872316,4.851976525532033e-08,3.8403793003206474e-05,False
0.7021605401350337,1.4241757302506466,1000,2,5397.939528022976,0.0,0.9982682812322621,0.0015904742552144925,0.00014124451252332064,True
0.7021342835708927,1.424228987814455,1000,0,-687.2864830725473,0.0,0.9999364652779515,3.427481577247377e-08,6.350044723262833e-05,False
0.7021342835708927,1.424228987814455,1000,1,-0.7013082167601726,0.0,0.9999623369853803,4.712881363319397e-08,3.7615885806087665e-05,False
0.7021342835708927,1.424228987814455,1000,2,5729.3580350893235,0.0,0.9977247996641192,0.002117927336759993,0.00015727299912086722,True
0.7021080270067517,1.424282249361584,1000,0,-668.9409149665204,0.0,0.9999361363673938,3.158884652803879e-08,6.383204375979851e-05,False
0.7021080270067517,1.424282249361584,1000,1,-0.7024227797441582,0.0,0.9999609726943441,4.8555400409578754e-08,3.8978750255446357e-05,False
0.7021080270067517,1.424282249361584,1000,2,6114.511973302486,0.0,0.9972875994766335,0.002542632458454253,0.00016976806491234958,True
0.7020817704426107,1.4243355148924803,1000,0,-709.5921269025944,0.0,0.9999357334725784,3.666511047677195e-08,6.422986231109301e-05,False
0.7020817704426107,1.4243355148924803,1000,1,-0.6644612723445373,0.0,0.9999643103758895,4.4972477405750054e-08,3.564465163306236e-05,False
0.7020817704426107,1.4243355148924803,1000,2,6545.3791311332025,0.0,0.9962100495748196,0.003592904376514342,0.00019704604866595195,True
0.7020555138784697,1.4243887844075909,1000,0,-652.3252740512858,0.0,0.9999354501626426,2.763277114724762e-08,6.452220458616001e-05,False
0.7020555138784697,1.4243887844075909,1000,1,-0.7107084881585619,0.0,0.9999608444836852,4.899475476296548e-08,3.910652156003533e-05,False
0.7020555138784697,1.4243887844075909,1000,2,7053.708000579833,0.0,0.9957760076452782,0.004015511221096708,0.00020848113362518448,True
0.7020292573143285,1.4244420579073631,1000,0,-603.6886827728536,0.0,0.9999354362955316,2.615359525661178e-11,6.456367831479942e-05,False
0.7020292573143285,1.4244420579073631,1000,1,-0.7034937711135746,0.0,0.9999517019582699,6.182191089432412e-08,4.823621981921336e-05,False
0.7020292573143285,1.4244420579073631,1000,2,7713.147147808103,0.0,0.9976512493951546,0.0021848568821352986,0.0001638937227099744,True
0.7020030007501875,1.4244953353922438,1000,0,-571.2880695828084,0.0,0.9999351481391113,5.674410001165716e-10,6.48512934476355e-05,False
0.7020030007501875,1.4244953353922438,1000,1,-0.7126253715453867,0.0,0.9999472368603997,6.428398633597756e-08,5.269885561398061e-05,False
0.7020030007501875,1.4244953353922438,1000,2,8407.700480178946,0.0,0.9972697210068425,0.002555014787256196,0.00017526420590135446,True
0.7019767441860465,1.4245486168626802,1000,0,-664.5274649035049,0.0,0.9999343593791495,2.6407637459584616e-08,6.56142132130268e-05,False
0.7019767441860465,1.4245486168626802,1000,1,-0.6742262144391482,0.0,0.9999637874580068,4.5636577347343874e-08,3.616690541592154e-05,False
0.7019767441860465,1.4245486168626802,1000,2,9098.216349801343,0.0,0.9878166364158383,0.011812568751897264,0.00037079483226446424,True
0.7019504876219055,1.4246019023191194,1000,0,-787.8799390489968,0.0,0.999933521567895,1.2372931917424948e-07,6.635470278588924e-05,False
0.7019504876219055,1.4246019023191194,1000,1,-0.5742553535884584,0.0,0.9999714622681063,2.672056837861344e-08,2.8511011325376436e-05,False
0.7019504876219055,1.4246019023191194,1000,2,9938.681874067168,0.0,0.005196465503829619,0.9843091242695747,0.010494410226595688,True
0.7019242310577645,1.4246551917620087,1000,0,-892.7769242667069,0.0,0.9999327382346941,2.509337970778151e-07,6.701083150893245e-05,False
0.7019242310577645,1.4246551917620087,1000,1,-0.5302134395397811,0.0,0.9999751982401502,1.4320823804002877e-08,2.4787439026094838e-05,False
0.7019242310577645,1.4246551917620087,1000,2,10965.849058407583,0.0,0.9764099475956547,0.023526330416288786,6.372198805655288e-05,True
0.7018979744936233,1.424708485191796,1000,0,-1068.3620524964495,0.0,0.9999317726353227,4.867127530627004e-07,6.774065192408405e-05,False
0.7018979744936233,1.424708485191796,1000,1,-0.41195925719957727,0.0,0.999977052614097,4.612752775794817e-09,2.2942773150352583e-05,False
0.7018979744936233,1.424708485191796,1000,2,12201.018523183408,0.0,0.9942102031523132,0.005789777256976312,1.959071041746353e-08,True
0.7018717179294823,1.424761782608928,1000,0,-1320.290856291963,0.0,0.9999305343819286,8.997385209198065e-07,6.856587955044751e-05,False
0.7018717179294823,1.424761782608928,1000,1,-0.34273144207767514,0.0,0.9999780736424729,1.8049795490835078e-11,2.1926339477369314e-05,False
0.7018717179294823,1.424761782608928,1000,2,13709.64097455671,0.0,0.9974472910558345,0.002544644899058572,8.064045106879179e-06,True
0.7018454613653413,1.4248150840138527,1000,0,-1323.1597035599134,0.0,0.9999301737171644,8.86606014435784e-07,6.893967682111308e-05,False
0.7018454613653413,1.4248150840138527,1000,1,-0.3049774845681837,0.0,0.9999786167959931,6.223649192306893e-12,2.1383197783261616e-05,False
0.7018454613653413,1.4248150840138527,1000,2,15499.593888803773,0.0,0.9971649253779324,0.0028285852807704006,6.489341297254068e-06,True
0.7018192048012003,1.4248683894070175,1000,0,-931.6262061826319,0.0,0.9999308761276056,3.878365387904103e-07,6.873603585565169e-05,False
0.7018192048012003,1.4248683894070175,1000,1,-0.43899611277798584,0.0,0.9999767318202086,7.602704480856636e-09,2.3260577086901626e-05,False
0.7018192048012003,1.4248683894070175,1000,2,17721.20452895811,0.0,0.9925703915272976,0.007428647675300905,9.607974013629377e-07,True
0.7017929482370593,1.42492169878887,1000,0,-714.9976669714183,0.0,0.9999314420270519,7.93086492643213e-08,6.847866429879385e-05,False
0.7017929482370593,1.42492169878887,1000,1,-0.537169146729533,0.0,0.9999734550667244,2.867939378325245e-08,2.6516253881834723e-05,False
0.7017929482370593,1.42492169878887,1000,2,20649.78610108967,0.0,0.971843402526894,0.028061330828488877,9.526664461708935e-05,True
0.7017666916729182,1.424975012159858,1000,0,-515.6112567523586,0.0,0.9999318480764194,1.728064636147368e-09,6.815019551587724e-05,False
0.7017666916729182,1.424975012159858,1000,1,-0.6412484756585475,0.0,0.9999547426069706,6.209183340065212e-08,4.519530119592166e-05,False
0.7017666916729182,1.424975012159858,1000,2,24501.26773166765,0.0,0.8384064228324907,0.16034415707053806,0.001249420096971227,True
0.7017404351087771,1.4250283295204291,1000,0,-437.8527083454022,0.0,0.9999322031581916,1.9035872840360435e-07,6.76064830798764e-05,False
0.7017404351087771,1.4250283295204291,1000,1,-0.6545800031400808,0.0,0.9998927713281236,5.935786662601808e-08,0.00010716931400987819,False
0.7017404351087771,1.4250283295204291,1000,2,29677.766478473743,0.0,0.33253897042713265,0.6589788496643517,0.008482179908515632,True
0.7017141785446361,1.4250816508710318,1000,0,-413.02607341014345,0.0,0.9999321747923308,4.3306968057943867e-07,6.739213798860524e-05,False
0.7017141785446361,1.4250816508710318,1000,1,-0.49137087783905936,0.0,0.9997610283382561,7.589266776312472e-09,0.00023896407247717076,False
0.7017141785446361,1.4250816508710318,1000,2,36487.85062980208,0.0,0.15222679235826309,0.8373581405655853,0.010415067076151563,True
0.7016879219804951,1.425134976212113,1000,0,-422.22623047028605,0.0,0.9999315133898917,2.324670858125001e-07,6.82541430224961e-05,False
0.7016879219804951,1.425134976212113,1000,1,-0.6400400166600582,0.0,0.9998854509703322,5.240612300291823e-08,0.00011449662354476805,False
0.7016879219804951,1.425134976212113,1000,2,45295.29543700181,0.0,0.9298185498220705,0.06975704309278656,0.00042440708514308086,True
0.7016616654163541,1.4251883055441217,1000,0,-443.68428726706037,0.0,0.9999307050292855,5.6539822200901794e-08,6.923843089242226e-05,False
0.7016616654163541,1.4251883055441217,1000,1,-0.6327501086151881,0.0,0.9999408167040182,6.738452401569933e-08,5.911591145779011e-05,False
0.7016616654163541,1.4251883055441217,1000,2,57460.54827283057,0.0,0.981051920938477,0.018903338078811404,4.474098271153187e-05,True
0.701635408852213,1.425241638867505,1000,0,-477.4167623172564,0.0,0.9999300200274973,9.623814790111026e-09,6.997034868798378e-05,False
0.701635408852213,1.425241638867505,1000,1,-0.5991148096441041,0.0,0.999959352613694,5.768943642626475e-08,4.058969686956242e-05,False
0.701635408852213,1.425241638867505,1000,2,74804.72783291522,0.0,0.9883923859431062,0.011595827849332873,1.1786207560881465e-05,True
0.701609152288072,1.4252949761827116,1000,0,-539.3215129260836,0.0,0.9999292701470669,3.0611029543492716e-09,7.072679183008985e-05,False
0.701609152288072,1.4252949761827116,1000,1,-0.5362973645304375,0.0,0.9999714490508751,4.057318654676524e-08,2.8510375938331612e-05,False
0.701609152288072,1.4252949761827116,1000,2,99696.03661581437,0.0,0.9913876378343184,0.008609105801308956,3.2563643726740504e-06,True
0.701582895723931,1.4253483174901895,1000,0,-612.3867013968969,0.0,0.9999283941735154,6.480434591693541e-08,7.154102213865037e-05,False
0.701582895723931,1.4253483174901895,1000,1,-0.4396023313603557,0.0,0.9999771187531574,2.169222369455073e-08,2.2859554618900633e-05,False
0.701582895723931,1.4253483174901895,1000,2,135127.0198330448,0.0,0.9929328141471458,0.0070664657766639155,7.20076190296852e-07,True
0.7015566391597899,1.425401662790387,1000,0,-712.9862402378487,0.0,0.9999276489313244,1.420578612111254e-07,7.220901081432701e-05,False
0.7015566391597899,1.425401662790387,1000,1,-0.36446386085909227,0.0,0.9999809996932769,1.089824916403029e-08,1.8989408473897716e-05,False
0.7015566391597899,1.425401662790387,1000,2,182499.41529190762,0.0,0.9935303319445971,0.0064694649972363225,2.0305816662066616e-07,True
0.7015303825956489,1.425455012083752,1000,0,-601.0335399764441,0.0,0.999927557442375,7.0569473710689e-08,7.237198815121407e-05,False
0.7015303825956489,1.425455012083752,1000,1,-0.40734432751966937,0.0,0.9999788948167844,1.8945040937911448e-08,2.108623817464224e-05,False
0.7015303825956489,1.425455012083752,1000,2,234507.41225009668,0.0,0.9935085829331618,0.006491198399974664,2.1866686345391438e-07,True
0.7015041260315078,1.425508365370734,1000,0,-549.3731912150074,0.0,0.9999274346442344,2.266836203073955e-08,7.254268740346039e-05,False
0.7015041260315078,1.425508365370734,1000,1,-0.4331281839219834,0.0,0.999978016219749,2.733460716397725e-08,2.1956445643828627e-05,False
0.7015041260315078,1.425508365370734,1000,2,266087.2033277972,0.0,0.9934425076269912,0.006557228124754155,2.6424825467369096e-07,True
0.7014778694673668,1.4255617226517805,1000,0,-549.4038047374346,0.0,0.9999269712180034,2.9827598999964056e-08,7.299895439769692e-05,False
0.7014778694673668,1.4255617226517805,1000,1,-0.415103972386385,0.0,0.9999793641914784,2.433029393408995e-08,2.061147822770682e-05,False
0.7014778694673668,1.4255617226517805,1000,2,252203.64354102686,0.0,0.9934493539759993,0.006550386754215839,2.592697849176261e-07,True
0.7014516129032258,1.4256150839273396,1000,0,-543.1866633231797,0.0,0.9999265630487383,2.9553172843649407e-08,7.340739808896815e-05,False
0.7014516129032258,1.4256150839273396,1000,1,-0.39719932213794085,0.0,0.9999801076645313,2.3561193116368867e-08,1.9868774275602695e-05,False
0.7014516129032258,1.4256150839273396,1000,2,205016.80498559042,0.0,0.9932923317303511,0.006707288994783889,3.792748649606198e-07,True
0.7014253563390848,1.425668449197861,1000,0,-529.2248532303861,0.0,0.9999261116842794,3.664271161455842e-08,7.385167300904434e-05,False
0.7014253563390848,1.425668449197861,1000,1,-0.37675132593001187,0.0,0.9999804064280126,2.17595781531614e-08,1.957181240935749e-05,False
0.7014253563390848,1.425668449197861,1000,2,154230.95670276758,0.0,0.9930445172202544,0.006954871344112152,6.114356334262533e-07,True
0.7013990997749437,1.4257218184637928,1000,0,-541.8922993244988,0.0,0.9999257293835276,2.9406871389050582e-08,7.424120960101456e-05,False
0.7013990997749437,1.4257218184637928,1000,1,-0.3678602037738392,0.0,0.9999822026032072,2.1568383702472926e-08,1.7775828409026454e-05,False
0.7013990997749437,1.4257218184637928,1000,2,114040.15559893775,0.0,0.9925304216374644,0.007468325105278753,1.2532572567872943e-06,True
0.7013728432108026,1.425775191725584,1000,0,-424.7650201512282,0.0,0.999925781524601,2.0128855444709925e-10,7.421827411048133e-05,False
0.7013728432108026,1.425775191725584,1000,1,-0.4442206080594704,0.0,0.9999761370322231,4.110429113715345e-08,2.382186348577735e-05,False
0.7013728432108026,1.425775191725584,1000,2,85506.32290221495,0.0,0.9906752397371155,0.009319660145883263,5.100117001278391e-06,True
0.7013465866466616,1.4258285689836827,1000,0,-413.40904822634474,0.0,0.999925416868249,1.496248231223217e-09,7.458163550276574e-05,False
0.7013465866466616,1.4258285689836827,1000,1,-0.44651743269888644,0.0,0.9999764780053055,4.2952697442710955e-08,2.3479041997136248e-05,False
0.7013465866466616,1.4258285689836827,1000,2,65609.30822670663,0.0,0.988743826130405,0.011245071032243948,1.1102837351096525e-05,True
0.7013203300825206,1.4258819502385385,1000,0,-530.4132574646238,0.0,0.9999244480129348,3.375440376080573e-08,7.551823266147928e-05,False
0.7013203300825206,1.4258819502385385,1000,1,-0.31505824989245174,0.0,0.9999840324355468,1.881836434941539e-08,1.594874608895086e-05,False
0.7013203300825206,1.4258819502385385,1000,2,51446.03777331054,0.0,0.9897839332411051,0.010208429517312101,7.637241582802137e-06,True
0.7012940735183796,1.4259353354906,1000,0,-605.6671962610067,0.0,0.9999234422497724,1.6742824185447867e-07,7.639032198591301e-05,False
0.7012940735183796,1.4259353354906,1000,1,-0.22869884173009794,0.0,0.9999849969979395,5.1873540885739705e-09,1.4997814706349522e-05,False
0.7012940735183796,1.4259353354906,1000,2,41223.01473210964,0.0,0.9916422140180217,0.008355006855173255,2.7791268051853816e-06,True
0.7012678169542386,1.425988724740316,1000,0,-790.9880289673354,0.0,0.9999224709369813,3.456672773488984e-07,7.718339574143433e-05,False
0.7012678169542386,1.425988724740316,1000,1,-0.1115492130827888,0.0,0.9999863084271874,2.105007435931787e-10,1.3691362311891865e-05,False
0.7012678169542386,1.425988724740316,1000,2,33697.52873794091,0.0,0.9932941187355852,0.006705545494770811,3.3576964404645476e-07,True
0.7012415603900974,1.4260421179881362,1000,0,-906.4459403328466,0.0,0.9999212816710616,6.760674208927356e-07,7.80422615173502e-05,False
0.7012415603900974,1.4260421179881362,1000,1,-0.07141724373511617,0.0,0.9999844087561526,1.4471989626673777e-09,1.5589796648421567e-05,False
0.7012415603900974,1.4260421179881362,1000,2,28039.91205641749,0.0,0.9953960134310531,0.0046029338540606035,1.0527148862417577e-06,True
0.7012153038259564,1.426095515234509,1000,0,-1270.7171288585387,0.0,0.9999197302173819,1.2350060674944065e-06,7.903477655056288e-05,False
0.7012153038259564,1.426095515234509,1000,1,0.04556356414657078,0.0,0.9999834246045581,1.2190715901153067e-08,1.6563204725993334e-05,True
0.7012153038259564,1.426095515234509,1000,2,23717.649802133823,0.0,0.9971984514831793,0.0027940264868196747,7.52203000108419e-06,True
0.7011890472618154,1.4261489164798835,1000,0,-1167.992725825708,0.0,0.9999194017572322,1.1867553548443248e-06,7.941148741304034e-05,False
0.7011890472618154,1.4261489164798835,1000,1,0.0025661456087692153,0.0,0.9999830724924424,1.0037316532792815e-08,1.6917470240930946e-05,True
0.7011890472618154,1.4261489164798835,1000,2,20276.636347379655,0.0,0.9973606044076259,0.002630776097666911,8.619494707234604e-06,True
0.7011627906976744,1.4262023217247095,1000,0,-848.7765723804911,0.0,0.9999203497772241,5.166950807537011e-07,7.913352769507485e-05,False
0.7011627906976744,1.4262023217247095,1000,1,-0.03438957755384829,0.0,0.9999862548155423,3.5903057385655446e-10,1.3744825427208053e-05,False
0.7011627906976744,1.4262023217247095,1000,2,17528.784131454562,0.0,0.9947620737924745,0.005237628171279931,2.980362455683995e-07,True
0.7011365341335334,1.4262557309694366,1000,0,-522.1321833709695,0.0,0.9999210906090367,1.1347611998855274e-07,7.879591484334896e-05,False
0.7011365341335334,1.4262557309694366,1000,1,-0.21453624621796397,0.0,0.9999869503221924,8.444409705437329e-09,1.3041233397819756e-05,False
0.7011365341335334,1.4262557309694366,1000,2,15434.733665679738,0.0,0.9744246509169229,0.025485918896975962,8.943018610122241e-05,True
0.7011102775693923,1.4263091442145135,1000,0,-388.8902162251546,0.0,0.9999215730512182,5.205505469248767e-10,7.842642823135988e-05,False
0.7011102775693923,1.4263091442145135,1000,1,-0.3486679790834738,0.0,0.9999825944359116,4.305910856674174e-08,1.7362504979732306e-05,False
0.7011102775693923,1.4263091442145135,1000,2,13842.436278600551,0.0,0.8791787037115163,0.11856539692943205,0.002255899359051633,True
0.7010840210052512,1.42636256146039,1000,0,-266.24176911741847,0.0,0.9999221803350162,2.1747822293067154e-07,7.760218676088484e-05,False
0.7010840210052512,1.42636256146039,1000,1,-0.5400188674866481,0.0,0.9999331623050157,7.591901676934897e-08,6.676177596749408e-05,False
0.7010840210052512,1.42636256146039,1000,2,12715.435643324281,0.0,0.9955797633647205,0.0041580070559948164,0.0002622295792846411,True
0.7010577644411102,1.4264159827075154,1000,0,-269.29674823162543,0.0,0.999922216435759,4.804853740979109e-07,7.730307886699029e-05,False
0.7010577644411102,1.4264159827075154,1000,1,-0.4668962645294396,0.0,0.999828110269749,2.450242687522851e-08,0.00017186522782411924,False
0.7010577644411102,1.4264159827075154,1000,2,11765.998586502315,0.0,0.9981558851772128,0.0016610650972664377,0.0001830497255207363,True
0.7010315078769692,1.4264694079563391,1000,0,-279.1393700999217,0.0,0.9999213339087716,2.326563344663571e-07,7.843343489395123e-05,False
0.7010315078769692,1.4264694079563391,1000,1,-0.5398523544984776,0.0,0.9999375687175617,7.852181765512675e-08,6.235276062066788e-05,False
0.7010315078769692,1.4264694079563391,1000,2,10629.110029369807,0.0,0.9976819069079326,0.0021176438448670446,0.00020044924720041986,True
0.7010052513128282,1.426522837207311,1000,0,-284.0710703367434,0.0,0.9999203471899355,4.6827414476929894e-08,7.960598264994497e-05,False
0.7010052513128282,1.426522837207311,1000,1,-0.4573940052275875,0.0,0.9999704806199388,6.86376423939562e-08,2.9450742418901378e-05,False
0.7010052513128282,1.426522837207311,1000,2,9609.459083899026,0.0,0.9959030801625723,0.0038407323144280378,0.00025618752299962403,True
0.7009789947486872,1.4265762704608815,1000,0,-396.51157806232663,0.0,0.9999194886714733,3.124070582525896e-09,8.050820445615444e-05,False
0.7009789947486872,1.4265762704608815,1000,1,-0.32894866132185874,0.0,0.9999831417899101,4.808836672083962e-08,1.6810121723216372e-05,False
0.7009789947486872,1.4265762704608815,1000,2,8790.03322067457,0.0,0.9936562745487177,0.006026151812122383,0.0003175736391599105,True
0.7009527381845461,1.4266297077174996,1000,0,-347.7812455170624,0.0,0.9999186744870128,1.2070091392349811e-08,8.131344289588121e-05,False
0.7009527381845461,1.4266297077174996,1000,1,-0.33309492740881347,0.0,0.9999851321042967,2.8247637654064352e-08,1.4839648065624373e-05,False
0.7009527381845461,1.4266297077174996,1000,2,8070.946239713685,0.0,0.98600151007098,0.013503644324679032,0.0004948456043410894,True
0.700926481620405,1.4266831489776153,1000,0,-593.8657444664286,0.0,0.9999176158548999,1.1280396643287348e-07,8.227134113374485e-05,False
0.700926481620405,1.4266831489776153,1000,1,-0.1006478182310128,0.0,0.9999881157845403,8.601629161520823e-09,1.1875613830581435e-05,False
0.700926481620405,1.4266831489776153,1000,2,7430.958446326521,0.0,0.4490788316808182,0.5427097473396075,0.00821142097957429,True
0.700900225056264,1.4267365942416783,1000,0,-542.1103735578434,0.0,0.9999168550566194,2.015488679570234e-07,8.294339451262535e-05,False
0.700900225056264,1.4267365942416783,1000,1,-0.16780050452597087,0.0,0.999987831652202,3.388759828027829e-09,1.2164959038228568e-05,False
0.700900225056264,1.4267365942416783,1000,2,6894.874291215855,0.0,0.9038218018742876,0.09545292846947322,0.0007252696562391973,True
0.700873968492123,1.426790043510139,1000,0,-549.6999508859948,0.0,0.9999167654965344,1.0546064159130891e-07,8.312904282408022e-05,False
0.700873968492123,1.426790043510139,1000,1,-0.13359393485003387,0.0,0.9999879235368455,1.0118107889355484e-08,1.2066345046493111e-05,False
0.700873968492123,1.426790043510139,1000,2,6463.046462359024,0.0,0.9140978378376337,0.08413579098320971,0.0017663711791566677,True
0.700847711927982,1.4268434967834474,1000,0,-424.9854084167288,0.0,0.9999166504129858,4.246542625288537e-08,8.330712158792332e-05,False
0.700847711927982,1.4268434967834474,1000,1,-0.24560566423622154,0.0,0.9999869203975761,2.032347332240045e-08,1.3059278950617594e-05,False
0.700847711927982,1.4268434967834474,1000,2,6095.332215830938,0.0,0.9897822933718663,0.009800239242428751,0.000417467385704844,True
0.700821455363841,1.4268969540620533,1000,0,-477.00484599858635,0.0,0.9999161243339443,5.4468416626661684e-08,8.382119763910705e-05,False
0.700821455363841,1.4268969540620533,1000,1,-0.20063244670038285,0.0,0.9999875296456656,1.8114985398788282e-08,1.2452239349074388e-05,False
0.700821455363841,1.4268969540620533,1000,2,5733.186864533043,0.0,0.989563430534137,0.010012650658409448,0.00042391880745356664,True
0.7007951987996999,1.4269504153464077,1000,0,-443.96506123356653,0.0,0.9999156966064644,5.2029912737559486e-08,8.425136362287624e-05,False
0.7007951987996999,1.4269504153464077,1000,1,-0.22672700106447644,0.0,0.9999871816513826,1.9232171757974856e-08,1.279911644563973e-05,False
0.7007951987996999,1.4269504153464077,1000,2,5414.884435237619,0.0,0.9920613992765015,0.007572583396870435,0.0003660173266280978,True
0.7007689422355589,1.4270038806369598,1000,0,-472.9076302141707,0.0,0.9999151854666231,6.340981967302235e-08,8.475112355713703e-05,False
0.7007689422355589,1.4270038806369598,1000,1,-0.19254926134531095,0.0,0.9999871965719426,1.7821511582300322e-08,1.2785606545853103e-05,False
0.7007689422355589,1.4270038806369598,1000,2,5120.5249763707225,0.0,0.99190611660984,0.007722778306140653,0.0003711050840194938,True
0.7007426856714178,1.4270573499341606,1000,0,-443.0122341438791,0.0,0.9999148268766794,4.604029721167549e-08,8.512708302328372e-05,False
0.7007426856714178,1.4270573499341606,1000,1,-0.23603399883873363,0.0,0.9999873693612218,2.1414385155812226e-08,1.2609224393084625e-05,False
0.7007426856714178,1.4270573499341606,1000,2,4868.511650990868,0.0,0.9951158384197216,0.004595502769924291,0.00028865881035411076,True
0.7007164291072768,1.4271108232384602,1000,0,-358.3604605647651,0.0,0.9999149238746287,1.2008802095212688e-10,8.507600528329416e-05,False
0.7007164291072768,1.4271108232384602,1000,1,-0.3224290180436387,0.0,0.999982874818708,4.853196053542739e-08,1.7076649331521668e-05,False
0.7007164291072768,1.4271108232384602,1000,2,4704.415553770071,0.0,0.9985980053288113,0.0012265533410810102,0.00017544133010769994,True
0.7006901725431358,1.4271643005503094,1000,0,-349.7921014953603,0.0,0.9999144807981627,3.776349243047736e-11,8.551916407388412e-05,False
0.7006901725431358,1.4271643005503094,1000,1,-0.3378222222164263,0.0,0.9999828527884062,4.98000557041424e-08,1.7097411538029745e-05,False
0.7006901725431358,1.4271643005503094,1000,2,4495.791214746734,0.0,0.9987671814544702,0.0010639212244209165,0.00016889732110902394,True
0.7006639159789947,1.4272177818701586,1000,0,-469.16700728963696,0.0,0.9999133537202397,6.541413611065698e-08,8.658086562418171e-05,False
0.7006639159789947,1.4272177818701586,1000,1,-0.2045493494502525,0.0,0.999987400674164,1.9111941061212193e-08,1.2580213895026567e-05,False
0.7006639159789947,1.4272177818701586,1000,2,4214.722361588125,0.0,0.9957024149096291,0.004022611429249029,0.00027497366112201447,True
0.7006376594148537,1.4272712671984582,1000,0,-593.2035996884979,0.0,0.9999122259137859,2.3659909048607173e-07,8.753748712364158e-05,False
0.7006376594148537,1.4272712671984582,1000,1,-0.10195092107209698,0.0,0.9999874431578074,4.000782900857319e-09,1.2552841409718187e-05,False
0.7006376594148537,1.4272712671984582,1000,2,3982.4474206818336,0.0,0.2366137565651304,0.752315030065754,0.011071213369115682,True
0.7006114028507127,1.427324756535659,1000,0,-737.773297739549,0.0,0.9999111822672029,4.3911732297562573e-07,8.837861547406304e-05,False
0.7006114028507127,1.427324756535659,1000,1,-0.04168122765478652,0.0,0.9999871179416738,3.113420045901541e-11,1.2882027191972244e-05,False
0.7006114028507127,1.427324756535659,1000,2,3792.132242900286,0.0,0.9931756983801385,0.0068241856948898305,1.1592497152066521e-07,True
0.7005851462865716,1.4273782498822118,1000,0,-947.0618458487418,0.0,0.9999099201082995,7.839203352083985e-07,8.929597136536913e-05,False
0.7005851462865716,1.4273782498822118,1000,1,0.04609353383482559,0.0,0.9999847533194562,3.1932918661451912e-09,1.5243487251952168e-05,True
0.7005851462865716,1.4273782498822118,1000,2,3637.443765481449,0.0,0.9988279033501781,0.0011431878468510849,2.8908802970817345e-05,True
0.7005588897224306,1.4274317472385674,1000,0,-1218.8547673853325,0.0,0.9999085032802022,1.249482460895909e-06,9.024723733684034e-05,False
0.7005588897224306,1.4274317472385674,1000,1,0.07035908491356588,0.0,0.9999821681283307,1.517119695125462e-08,1.7816700472276208e-05,True
0.7005588897224306,1.4274317472385674,1000,2,3529.710322687446,0.0,0.9995433251321829,0.00040788919722048635,4.8785670596577205e-05,True
0.7005326331582895,1.4274852486051768,1000,0,-1172.6728418097935,0.0,0.9999082651464297,1.1301383595707697e-06,9.060471521066912e-05,False
0.7005326331582895,1.4274852486051768,1000,1,0.09615678027031599,0.0,0.9999829023447613,1.1645041584608615e-08,1.70860101971159e-05,True
0.7005326331582895,1.4274852486051768,1000,2,3355.848108159614,0.0,0.9994824021501948,0.0004709288887886304,4.666896101646529e-05,True
0.7005063765941485,1.4275387539824904,1000,0,-750.8229342296115,0.0,0.9999090953266837,5.300585253448104e-07,9.037461479091609e-05,False
0.7005063765941485,1.4275387539824904,1000,1,-0.033192051321765004,0.0,0.9999862448040732,5.766780955251487e-12,1.3755190159985192e-05,False
0.7005063765941485,1.4275387539824904,1000,2,3161.5691313391385,0.0,0.9967804869999838,0.0032118684190729,7.644580943263468e-06,True
0.7004801200300075,1.42759226337096,1000,0,-503.825563269529,0.0,0.999909829424281,1.2709414721133302e-07,9.004348157181452e-05,False
0.7004801200300075,1.42759226337096,1000,1,-0.16256099504500385,0.0,0.9999874502028033,1.5526713125058772e-08,1.2534270483463364e-05,False
0.7004801200300075,1.42759226337096,1000,2,3069.7328747478764,0.0,0.9953022113430737,0.004404055214803773,0.0002937334421224624,True
0.7004538634658665,1.4276457767710358,1000,0,-318.7953910021112,0.0,0.9999104769253653,1.6116816823155166e-09,8.952146295302135e-05,False
0.7004538634658665,1.4276457767710358,1000,1,-0.36947193173911946,0.0,0.9999793446653815,7.144982166458286e-08,2.058388479681484e-05,False
0.7004538634658665,1.4276457767710358,1000,2,3083.3415224232795,0.0,0.9994729944862487,0.00038908437616022026,0.00013792113759093433,True
0.7004276069017255,1.4276992941831697,1000,0,-240.95186813244223,0.0,0.9999112728997477,2.722945785832948e-07,8.84548056737928e-05,False
0.7004276069017255,1.4276992941831697,1000,1,-0.5186659124475385,0.0,0.9999014057307114,9.827244804658585e-08,9.849599684053504e-05,False
0.7004276069017255,1.4276992941831697,1000,2,3260.782852594894,0.0,0.9997726958422563,0.00011262032080394418,0.00011468383693989562,True
0.7004013503375843,1.4277528156078123,1000,0,-224.24737646556173,0.0,0.999911375398345,5.223642624332968e-07,8.810223739261509e-05,False
0.7004013503375843,1.4277528156078123,1000,1,-0.40991038695035187,0.0,0.9997040759488455,1.2365599988314667e-08,0.0002959116855545485,False
0.7004013503375843,1.4277528156078123,1000,2,3336.503868409911,0.0,0.9998131035528617,7.629495840913092e-05,0.00011060148872918731,True
0.7003750937734433,1.4278063410454156,1000,0,-258.08656308153917,0.0,0.9999101362004053,2.0525448903452297e-07,8.965854510575454e-05,False
0.7003750937734433,1.4278063410454156,1000,1,-0.5251752461008957,0.0,0.9999307720135557,1.1316438194917481e-07,6.911482206231849e-05,False
0.7003750937734433,1.4278063410454156,1000,2,3059.9313917777004,0.0,0.9997710040467992,0.00011314777087927585,0.00011584818232160338,True
0.7003488372093023,1.4278598704964305,1000,0,-263.39655696691693,0.0,0.9999090264826351,3.581415686097987e-08,9.09377032080539e-05,False
0.7003488372093023,1.4278598704964305,1000,1,-0.4409050970196748,0.0,0.9999659255899576,9.817202761589946e-08,3.3976238014769875e-05,False
0.7003488372093023,1.4278598704964305,1000,2,2824.3429823502097,0.0,0.9996840738309087,0.00019132426134174107,0.0001246019077495351,True
0.7003225806451613,1.4279134039613082,1000,0,-341.64960977709944,0.0,0.9999080445484874,2.646828621047562e-10,9.19551868298761e-05,False
0.7003225806451613,1.4279134039613082,1000,1,-0.3510752468043124,0.0,0.9999803978153324,7.085140128945189e-08,1.953133326630992e-05,False
0.7003225806451613,1.4279134039613082,1000,2,2671.0206246627545,0.0,0.9995647164162501,0.0003007533821935229,0.00013453020155631076,True
0.7002963240810203,1.4279669414405003,1000,0,-383.91571269398844,0.0,0.9999070434516983,3.0259195842013945e-08,9.29262891058818e-05,False
0.7002963240810203,1.4279669414405003,1000,1,-0.27385062751556516,0.0,0.9999850088595492,4.015982488140254e-08,1.4950980625834442e-05,False
0.7002963240810203,1.4279669414405003,1000,2,2527.2886151112443,0.0,0.9992212524839168,0.0006221034759700809,0.0001566440401132043,True
0.7002700675168791,1.428020482934459,1000,0,-531.521523725612,0.0,0.9999058668401033,1.6549248553470466e-07,9.396766741124711e-05,False
0.7002700675168791,1.428020482934459,1000,1,-0.13411501081198812,0.0,0.9999870642225572,1.3914698614595565e-08,1.2921862744160884e-05,False
0.7002700675168791,1.428020482934459,1000,2,2398.6731866602977,0.0,0.9960621789578221,0.0036587492791612906,0.00027907176301660827,True
0.7002438109527381,1.428074028443635,1000,0,-569.4900323198459,0.0,0.9999050975935055,2.438172513995146e-07,9.465858924304582e-05,False
0.7002438109527381,1.428074028443635,1000,1,-0.12221561158359667,0.0,0.9999873998016223,7.418225113562691e-09,1.2592780152534595e-05,False
0.7002438109527381,1.428074028443635,1000,2,2312.2540081737675,0.0,0.9819440191152061,0.017426756175582165,0.0006292247092116985,True
0.7002175543885971,1.4281275779684806,1000,0,-487.46923617871937,0.0,0.9999050800411982,1.200977133386154e-07,9.479986108851174e-05,False
0.7002175543885971,1.4281275779684806,1000,1,-0.16558991421394467,0.0,0.9999866100645275,2.1214660827658047e-08,1.3368720811792944e-05,False
0.7002175543885971,1.4281275779684806,1000,2,2265.580530176075,0.0,0.9981677570033117,0.0016248596957193938,0.00020738330096888962,True
