u,x,f3_delta,f3X_delta,f3XX_delta,f4_delta,f4X_delta,f4XX_delta,f4XXX_delta,tf4_delta,f2XX_delta,f2XF_delta,f2FF_delta,f2XY_delta,f2FY_delta,f2YY_delta,e3_emitted,e3_historical_target
0.715,1.3986013986013988,0.0,0.0,0.0,0.0,0.0,0.0,0.0,0.0,-3.416171239223331e-07,0.0,0.0,0.0,0.0,0.0,0.0005789543122715889,0.0
0.7149964285714285,1.398608384657266,0.0,0.0,0.0,0.0,0.0,0.0,0.0,0.0,-3.4371623769402504e-07,0.0,0.0,0.0,0.0,0.0,-0.00014178970530725338,0.0
0.7149928571428571,1.398615370782925,0.0,0.0,0.0,0.0,0.0,0.0,0.0,0.0,-3.45578882843256e-07,0.0,0.0,0.0,0.0,0.0,0.00021249544349365065,0.0
0.7149892857142857,1.3986223569783764,0.0,0.0,0.0,0.0,0.0,0.0,0.0,0.0,-3.594541340135038e-07,0.0,0.0,0.0,0.0,0.0,0.0001896308281080273,0.0
0.7149857142857142,1.3986293432436214,0.0,0.0,0.0,0.0,0.0,0.0,0.0,0.0,-3.6139681469649076e-07,0.0,0.0,0.0,0.0,0.0,-0.00010952189666059622,0.0
0.7149821428571428,1.398636329578661,0.0,0.0,0.0,0.0,0.0,0.0,0.0,0.0,-3.5529228625819087e-07,0.0,0.0,0.0,0.0,0.0,-8.382411500054448e-06,0.0
0.7149785714285714,1.398643315983496,0.0,0.0,0.0,0.0,0.0,0.0,0.0,0.0,-3.630448190961033e-07,0.0,0.0,0.0,0.0,0.0,0.00020142860169710422,0.0
0.7149749999999999,1.398650302458128,0.0,0.0,0.0,0.0,0.0,0.0,0.0,0.0,-3.681616362882778e-07,0.0,0.0,0.0,0.0,0.0,-7.243189130341242e-05,0.0
0.7149714285714286,1.3986572890025577,0.0,0.0,0.0,0.0,0.0,0.0,0.0,0.0,-3.598753437472624e-07,0.0,0.0,0.0,0.0,0.0,0.00010194746183682999,0.0
0.7149678571428572,1.398664275616786,0.0,0.0,0.0,0.0,0.0,0.0,0.0,0.0,-3.725290298461914e-07,0.0,0.0,0.0,0.0,0.0,-2.86566770254516e-05,0.0
0.7149642857142857,1.3986712623008142,0.0,0.0,0.0,0.0,0.0,0.0,0.0,0.0,-3.5762786865234375e-07,0.0,0.0,0.0,0.0,0.0,-0.00024886639679674985,0.0
0.7149607142857143,1.3986782490546434,0.0,0.0,0.0,0.0,0.0,0.0,0.0,0.0,-3.5762786865234375e-07,0.0,0.0,0.0,0.0,0.0,5.355720892003083e-05,0.0
0.7149571428571428,1.3986852358782744,0.0,0.0,0.0,0.0,0.0,0.0,0.0,0.0,-3.5762786865234375e-07,0.0,0.0,0.0,0.0,0.0,-0.0001019805676141476,0.0
0.7149535714285714,1.3986922227717085,0.0,0.0,0.0,0.0,0.0,0.0,0.0,0.0,-3.501772880554199e-07,0.0,0.0,0.0,0.0,0.0,-0.00020668622192217677,0.0
0.71495,1.3986992097349469,0.0,0.0,0.0,0.0,0.0,0.0,0.0,0.0,-3.427267074584961e-07,0.0,0.0,0.0,0.0,0.0,-1.0751562373261082e-05,0.0
0.7149464285714285,1.3987061967679897,0.0,0.0,0.0,0.0,0.0,0.0,0.0,0.0,-3.427267074584961e-07,0.0,0.0,0.0,0.0,0.0,5.665603183906608e-06,0.0
0.7149428571428571,1.3987131838708389,0.0,0.0,0.0,0.0,0.0,0.0,0.0,0.0,-3.3527612686157227e-07,0.0,0.0,0.0,0.0,0.0,-0.0001831959798031936,0.0
0.7149392857142857,1.398720171043495,0.0,0.0,0.0,0.0,0.0,0.0,0.0,0.0,-3.2782554626464844e-07,0.0,0.0,0.0,0.0,0.0,-0.00011898290958382858,0.0
0.7149357142857142,1.39872715828596,0.0,0.0,0.0,0.0,0.0,0.0,0.0,0.0,-3.241002559661865e-07,0.0,0.0,0.0,0.0,0.0,-0.00010702378751539505,0.0
0.7149321428571428,1.3987341455982336,0.0,0.0,0.0,0.0,0.0,0.0,0.0,0.0,-3.166496753692627e-07,0.0,0.0,0.0,0.0,0.0,-0.00017665744597353955,0.0
0.7149285714285714,1.398741132980318,0.0,0.0,0.0,0.0,0.0,0.0,0.0,0.0,-3.0919909477233887e-07,0.0,0.0,0.0,0.0,0.0,-0.00011980548840643725,0.0
0.7149249999999999,1.3987481204322134,0.0,0.0,0.0,0.0,0.0,0.0,0.0,0.0,-3.0547380447387695e-07,0.0,0.0,0.0,0.0,0.0,-8.518812054522549e-05,0.0
0.7149214285714285,1.398755107953921,0.0,0.0,0.0,0.0,0.0,0.0,0.0,0.0,-2.980232238769531e-07,0.0,0.0,0.0,0.0,0.0,-0.000105104897441085,0.0
0.7149178571428572,1.3987620955454425,0.0,0.0,0.0,0.0,0.0,0.0,0.0,0.0,-2.905726432800293e-07,0.0,0.0,0.0,0.0,0.0,-7.476716217634012e-05,0.0
0.7149142857142857,1.398769083206778,0.0,0.0,0.0,0.0,0.0,0.0,0.0,0.0,-2.868473529815674e-07,0.0,0.0,0.0,0.0,0.0,-0.00013235766885393756,0.0
0.7149107142857143,1.398776070937929,0.0,0.0,0.0,0.0,0.0,0.0,0.0,0.0,-2.7939677238464355e-07,0.0,0.0,0.0,0.0,0.0,-0.00012023493951612705,0.0
0.7149071428571429,1.3987830587388972,0.0,0.0,0.0,0.0,0.0,0.0,0.0,0.0,-2.7567148208618164e-07,0.0,0.0,0.0,0.0,0.0,-0.00011049061451474861,0.0
0.7149035714285714,1.3987900466096828,0.0,0.0,0.0,0.0,0.0,0.0,0.0,0.0,-2.682209014892578e-07,0.0,0.0,0.0,0.0,0.0,-0.00013539044717885386,0.0
0.7149,1.3987970345502867,0.0,0.0,0.0,0.0,0.0,0.0,0.0,0.0,-2.644956111907959e-07,0.0,0.0,0.0,0.0,0.0,-7.15556616335694e-05,0.0
0.7148964285714285,1.3988040225607106,0.0,0.0,0.0,0.0,0.0,0.0,0.0,0.0,-2.60770320892334e-07,0.0,0.0,0.0,0.0,0.0,-2.8238967166882955e-05,0.0
0.7148928571428571,1.3988110106409553,0.0,0.0,0.0,0.0,0.0,0.0,0.0,0.0,-2.5704503059387207e-07,0.0,0.0,0.0,0.0,0.0,-4.4211084535310495e-05,0.0
0.7148892857142857,1.3988179987910216,0.0,0.0,0.0,0.0,0.0,0.0,0.0,0.0,-2.5331974029541016e-07,0.0,0.0,0.0,0.0,0.0,-5.781147987897431e-05,0.0
0.7148857142857142,1.3988249870109108,0.0,0.0,0.0,0.0,0.0,0.0,0.0,0.0,-2.5331974029541016e-07,0.0,0.0,0.0,0.0,0.0,-2.6489689174517436e-06,0.0
0.7148821428571428,1.3988319753006242,2.508982602408169,-3.632058623785408e-20,0.0,3.585239929087335,-0.9144508561340755,6.618612275578327e-21,0.0,-1.828901712268151,-2.5331974029541016e-07,2.459028713268418e-20,0.0,-3.1128622510507436e-20,0.0,0.0,-5.276268652191349e-05,0.0
0.7148785714285714,1.398838963660162,-17.160238675067347,5.752408566211242e-20,0.0,-24.511949133868054,6.254349980042928,-1.0483761960063157e-20,0.0,12.508699960085856,-2.4959444999694824e-07,-4.1029374435801606e-20,0.0,5.193644149293819e-20,0.0,0.0,-7.290453342908056e-05,0.0
0.7148749999999999,1.3988459520895262,48.500489769424796,-3.510848044852176e-19,0.0,69.24630598232824,-17.67671139512532,6.397673115261286e-20,0.0,-35.35342279025064,-2.4959444999694824e-07,2.22898990895591e-19,0.0,-2.821662967901988e-19,0.0,0.0,2.935487417569071e-05,0.0
0.7148714285714285,1.3988529405887171,-68.55919890966504,5.995367947621266e-19,0.0,-97.87104237936629,24.987274488477073,-1.09272622928271e-19,0.0,49.974548976954146,-2.5331974029541016e-07,-4.40688904203402e-19,0.0,5.578301037223265e-19,0.0,0.0,5.203715467044163e-05,0.0
0.7148678571428572,1.3988599291577364,-138.3792359936697,-20.934528551838255,1.7632415262334313e-38,-198.00582989098507,85.03242990290217,3.8148483273167537,-2.0892575375943e-39,100.86503982688296,-2.5331974029541016e-07,14.360154326108749,-7.842618764061106e-26,-18.178389735674298,1.985508288396053e-25,-1.2566730822756668e-25,6.302012075046306e-05,3.5869902466729524e-14
0.7148642857142857,1.398866917796585,-118.47679588273519,-59.466214781203064,5.804003357185045e-38,-248.74559837507007,141.46685074245082,10.836151904401895,-1.0469246562010998e-38,86.35818349369231,-2.5704503059387207e-07,40.79204882417337,-2.596050449071999e-24,-51.638705137113774,6.5727182334835086e-24,-4.160225872269855e-24,7.037672037589455e-05,1.076097074001886e-13
0.7148607142857143,1.398873906505263,-105.4949836696498,-52.94463529289167,-8.228460455756013e-38,-241.2532978528591,125.95877510603697,9.647559041656264,-7.567244883418476e-38,76.89320922653484,-2.60770320892334e-07,36.319218081406945,-1.9060381801603697e-24,-45.97691509087957,4.825802869887746e-24,-3.054552314160644e-24,2.8927168911879315e-05,2.510893172671068e-13
0.7148571428571429,1.398880895283773,-115.3228477817273,-57.870633916295716,0.0,-244.21018053994686,137.68489953913647,10.54494724507926,-6.288894776899238e-37,84.05344682746923,-2.644956111907959e-07,39.69922978321095,-4.875685055347348e-23,-50.256115542679716,1.2344521005017885e-22,-7.813630141762276e-23,8.73788016592495e-05,5.38048537000943e-13
0.7148535714285714,1.398887884132115,-118.81732052227281,-59.618231907570376,-1.316553672920962e-36,-246.2977732791617,141.85112439202166,10.863154220467207,-1.410593220986745e-37,86.60057554875706,-2.7194619178771973e-07,40.89895880664365,-2.5856881116525526e-22,-51.775294002263756,6.546638919783852e-22,-4.143817747395388e-22,0.00010288069331500509,1.3630562937357222e-12
0.71485,1.3988948730502904,-105.12965598721075,-52.74465225762473,-2.9340338996524296e-35,-239.3524374652287,125.50323522516412,9.610499529521146,-3.197344634236622e-36,76.62231435165319,-2.7939677238464355e-07,36.184361869434134,-6.742667906378827e-22,-45.80730189076198,1.7071813711101253e-21,-1.0806064728651681e-21,0.00017009716605387423,3.013071807205281e-12
0.7148464285714285,1.3989018620383,-114.11084037571224,-57.244316266466804,5.5069559347322525e-34,-245.06999147957595,136.21657198804877,10.43015033984013,-1.0156271191104564e-34,83.16464364203202,-2.942979335784912e-07,39.27210584274168,-4.85451091429332e-21,-49.716602165670544,1.2291239674690889e-20,-7.780112940361499e-21,0.00025784683292326535,6.6000620538782335e-12
0.7148428571428571,1.3989088510961452,-119.56660195048283,-59.97519392081323,-5.296307347064899e-34,-245.4835081489405,142.72322964527865,10.9274926566414,-8.425943506694157e-35,87.14084631904205,-3.0547380447387695e-07,41.14649168458818,-2.6248624444408866e-20,-52.089898915343454,6.645991895262307e-20,-4.206811709686261e-20,0.00017450986680099198,1.3809912449690869e-11
0.7148392857142857,1.3989158402238266,-105.4264543364095,-52.876879369338155,-2.6000054249227684e-33,-238.66526884026823,125.83812679375362,9.633971602073979,5.657419211637505e-34,76.83394896580593,-3.129243850708008e-07,36.277410907532996,-5.3226683486427036e-20,-45.92619575282498,1.3476848679600776e-19,-8.53075179657492e-20,0.0002375501480809067,2.797852392404904e-11
0.7148357142857142,1.3989228294213456,-113.05687417920925,-56.69765336970556,3.505192498784769e-32,-246.09504140495707,134.9373522122093,10.329880980827035,-5.537048590113303e-33,82.39116506508587,-3.3155083656311035e-07,38.89957570176554,-2.7332849633628957e-19,-49.246179886767,6.920642928731539e-19,-4.380745072799395e-19,0.0003339227880198928,5.5024430383963093e-11
0.7148321428571428,1.3989298186887031,-120.20651751096034,-60.2770784729067,7.703719777548943e-33,-244.9127092804297,143.46450466912808,10.981789288044665,1.9066706449433635e-32,87.60132795154487,-3.501772880554199e-07,41.356263696303834,-1.4008355622312518e-18,-52.35672271058927,3.5469187999912384e-18,-2.245201598308699e-18,0.00023685665140111677,1.0524229383738443e-10
0.7148285714285714,1.3989368080259004,-105.81293629543364,-53.053984862084576,4.098378921656038e-31,-237.5695636245091,126.27993565591696,9.665617262519062,-1.1555579666323415e-31,77.11091267432583,-3.650784492492676e-07,36.40126172620482,-2.450282511017003e-18,-46.084094515311904,6.2042021865122545e-18,-3.927314972111373e-18,0.00032848026362462205,1.9595727717574343e-10
0.7148249999999999,1.3989437974329382,-111.9500112531363,-56.12482104848677,3.821045009664276e-31,-247.11847853504625,133.5954340090371,10.22485647434054,-2.1570415377137042e-32,81.57926325071037,-3.8743019104003906e-07,38.5090434475685,-9.148339948052522e-18,-48.75293900350626,2.316408763812506e-17,-1.4663178212850482e-17,0.0002458671252818026,3.5557834315268985e-10
0.7148214285714285,1.398950786909818,-120.79139800869947,-60.55118411278785,8.38164711797325e-31,-244.71200522182943,144.13987537441824,11.031016954724015,2.465190328815662e-32,88.02161360106174,-4.023313522338867e-07,41.547006868349996,-4.573905751902746e-17,-52.59945556003244,1.158142471014332e-16,-7.33122880009596e-17,0.0004401878694764161,6.301624465355043e-10
0.7148178571428571,1.39895777645654,-106.32059716361648,-53.291719605402164,1.0255191767873153e-29,-236.13871227372263,126.86620878237488,9.708302471457806,-1.873544649899903e-30,77.47611843638296,-4.3958425521850586e-07,36.56673484947515,-7.23435836917487e-17,-46.29468256351519,1.8318100200731832e-16,-1.159580358709618e-16,0.0005954211225678158,1.091987440794647e-09
0.7148142857142857,1.398964766073106,-110.69264267600995,-55.47692837783156,-3.392101892450351e-29,-248.19197771015757,132.07439793361348,10.10617089942079,2.3665827156630354e-30,80.65783010453482,-4.6193599700927734e-07,38.06695944576211,-1.9720013280754438e-16,-48.19439847410083,4.99334552649154e-16,-3.160938482535782e-16,0.0005379887299502145,1.8527880721139803e-09
0.7148107142857143,1.3989717557595167,-121.5206255533861,-60.8974474313747,1.735493991486226e-28,-244.6399432867876,144.98724036161943,11.09338277865588,-2.741291645643016e-29,88.54699993488725,-4.991888999938965e-07,41.78728862135673,-9.967134589107524e-16,-52.904917097203416,2.5238049623383486e-15,-1.5976486096717732e-15,0.0006207054002092954,3.081583320916734e-09
0.7148071428571429,1.3989787455157734,-106.73609181501857,-53.48311374975463,-1.0412963948917356e-28,-234.6341942315086,127.34231826542984,9.742541477153244,-4.812051521848172e-29,77.77410994278338,-5.364418029785156e-07,36.70042697664916,-1.4783186928796622e-15,-46.46505073522688,3.743338450543082e-15,-2.3696823324302125e-15,0.0007109569443182889,5.029821203494682e-09
0.7148035714285714,1.398985735341877,-109.55259175793965,-54.88822369827837,7.446846945286351e-28,-248.983132613352,130.69381168394827,9.998282892188705,-2.3034738432453545e-28,79.82203895709407,-5.885958671569824e-07,37.66543132049233,-2.9364215188307155e-15,-47.6871848127342,7.435578209240367e-15,-4.707074830213668e-15,0.0009274826628187516,8.064988870619467e-09
0.7148,1.3989927252378287,-122.05419637114336,-61.14546847442685,2.675816190509672e-27,-245.1161115422911,145.6009214140653,11.137845232289516,-1.7670484276950664e-28,88.92973431624686,-6.48200511932373e-07,41.960184366515364,-1.5451886860488678e-14,-53.125074777425525,3.9127102802287694e-14,-2.4769307907064912e-14,0.0011586884275026632,1.2715916294358085e-08
0.7147964285714286,1.3989997152036295,-107.34228655988449,-53.769912445040276,5.503093674821778e-27,-232.80970013098295,128.0457610552782,9.79415298948786,-1.4136387421560532e-27,78.21098686777015,-7.301568984985352e-07,36.8996110318016,-2.2197291467449413e-14,-46.718336437968134,5.620843200572263e-14,-3.558303309877031e-14,0.001430860773888376,1.9731710517825715e-08
0.7147928571428571,1.39900670523928,-108.28280409956854,-54.234920794653995,1.9689968194316455e-26,-249.6873601970681,129.15895438208784,9.878641099932125,-2.6505726415425997e-27,78.8918614330365,-8.270144462585449e-07,37.21952497575792,-3.176358627509277e-14,-47.12374564348448,8.043373414337473e-14,-5.091982946266275e-14,0.0020037945956195014,3.015880420568425e-08
0.7147892857142857,1.399013695344782,-122.6002005549694,-61.399560000701484,3.8572142821686593e-26,-245.894660345595,146.22924171091805,11.183406363066076,-4.594325912007173e-27,89.32144722353142,-9.611248970031738e-07,42.13727300056078,-1.793619087069718e-13,-53.35053901092333,4.5418943596617706e-13,-2.875304533846468e-13,0.0027519543257620294,4.5439059827388833e-08
0.7147857142857142,1.399020685520136,-108.07832360160602,-54.12154486787952,1.1309109937248425e-25,-230.75750511055298,128.90382642866922,9.857566088402915,-1.8276329452160402e-26,78.74236991171101,-1.1324882507324219e-06,37.14331714431934,-2.5639150532476773e-13,-47.02800025230617,6.492552708922196e-13,-4.110241544138654e-13,0.0034218319393517493,6.753398712943008e-08
0.7147821428571428,1.3990276757653433,-106.86911907399299,-53.50998325712457,2.7101474171048905e-25,-250.30907352799161,127.45299372383097,9.74596821551158,-5.033563664034232e-26,77.8570271925784,-1.3690441846847534e-06,36.72439536850312,-2.5929552809899436e-13,-46.49796145082653,6.566243369493664e-13,-4.156989542654696e-13,0.004614027736864923,9.907977285379537e-08
0.7147785714285714,1.3990346660804047,-123.14686906741952,-61.653812661227256,6.745076284001739e-25,-247.00971132191935,146.85812407971525,11.228991929956326,-1.3631516442219084e-25,89.71357090223817,-1.687556505203247e-06,42.31449024064895,-1.624121743487108e-12,-53.57618558440669,4.112786411266114e-12,-2.603716767288311e-12,0.006130047838190267,1.4357843144821396e-07
0.7147749999999999,1.3990416564653214,-108.88386748525463,-54.50774382088967,1.3053944041852468e-24,-228.60752077782297,129.8444986824114,9.927266636158018,-2.5849394142282115e-25,79.324314468884,-2.1085143089294434e-06,37.410784052664155,-2.363730676153116e-12,-47.36776485738588,5.985772107025731e-12,-3.789504031871009e-12,0.008219967916979876,2.05631748570045e-07
0.7147714285714285,1.3990486469200945,-105.49042255113531,-52.80302273953425,3.67061396820406e-24,-250.50114457793893,125.78932584928778,9.616585742765052,-3.6835386652752014e-25,76.84785610954503,-2.682209014892578e-06,36.24154759126884,-1.6384676190382874e-12,-45.887691360951294,4.149296408712725e-12,-2.6269455161226755e-12,0.010997533089161404,2.912240076575205e-07
0.7147678571428571,1.399055637444725,-123.51563635114029,-61.818879598318816,1.1166938269465874e-23,-248.68437603356796,147.27469393333797,11.258327757449832,-6.074607623436297e-25,89.97598000672643,-3.4570693969726562e-06,42.43048089383826,-1.1849685412599603e-11,-53.72430477764008,3.00078656192864e-11,-1.8997803897950458e-11,0.01529651212717642,4.080608170284457e-07
0.7147642857142856,1.399062628039214,-110.00012985133486,-55.04916223535521,1.0339757656912846e-23,-226.16175386041516,131.15533190755272,10.025224385668606,1.6026624368214911e-24,80.13257128091512,-4.470348358154297e-06,37.784932593581324,-1.7944461255750763e-11,-47.8426109843739,4.5442560967745745e-11,-2.876968995419661e-11,0.019004688565017247,5.659708527878266e-07
0.7147607142857143,1.399069618703562,-103.8199915931025,-51.950551781450336,1.1745964698252993e-22,-250.61825184197383,123.77841773434615,9.460720034901518,-1.737079286361358e-23,75.6263131811226,-5.662441253662109e-06,35.65870956857993,-8.118888835742479e-12,-45.150778856297066,2.056129397700184e-11,-1.3018000900315264e-11,0.024512731601348925,7.773795926297483e-07
0.7147571428571429,1.3990766094377711,-124.09217928008967,-62.08776715631424,2.3822801641527197e-22,-250.42487550128973,147.93883483646255,11.306565490429367,-4.880365614062863e-23,90.38977129056886,-7.3909759521484375e-06,42.61783070818035,-7.161616537039766e-11,-53.96278781953705,1.813636190052394e-10,-1.1482310635496336e-10,0.03412468804734736,1.0578611025470202e-06
0.7147535714285714,1.3990836002418416,-111.20642057358853,-55.63549410451161,3.8381180422460484e-22,-223.63556414555157,132.57315314073793,10.131346847783558,3.8050308177439273e-23,81.00566696583087,-9.775161743164062e-06,38.18921348361204,-1.1517231712144963e-10,-48.35564128929433,2.9166928379946465e-10,-1.8466019704470135e-10,0.046515222120472544,1.4267782428504034e-06
0.71475,1.3990905911157747,-102.63733140207084,-51.34202572081887,-3.044024654195142e-22,-249.54697457215576,122.34952600317422,9.349291244991424,-3.308722450212111e-24,74.76188081098735,-1.2874603271484375e-05,35.245092580846496,-3.253481326847216e-11,-44.62810764751723,8.239941351422427e-11,-5.2172293450992555e-11,0.05454486974912065,1.9080177500798583e-06
0.7147464285714286,1.3990975820595717,-125.08998830326505,-62.56554889946052,3.626359805432473e-21,-251.6313640031154,149.10459115987436,11.39282162758508,-3.705769144237564e-22,91.11471073453724,-1.6450881958007812e-05,42.95369512566071,-3.7060847217334787e-10,-54.389330863407125,9.385670470522158e-10,-5.942309524333615e-10,0.06961808398368774,2.530829377502856e-06
0.7147428571428571,1.3991045730732332,-114.37883534522462,-57.21264447019001,4.605741650695258e-21,-218.2967830913722,136.3371099668588,10.417841444186083,-8.470329472543003e-22,83.28978666528951,-2.1457672119140625e-05,39.248457025194135,1.7935641358109447e-14,-49.698024925089214,-2.2261362233821205e-14,-5.691642891272594e-16,0.09191558114431686,3.330777380147205e-06
0.7147392857142857,1.3991115641567604,-104.83776594271004,-52.41276777550579,1.0164395367051604e-20,-242.31467986721492,124.95029873560584,9.543578782396867,-3.202843331805323e-21,76.39620446346318,-2.765655517578125e-05,36.02465588570145,1.5414760539372078e-14,-45.616264954330184,-2.751269057931323e-15,-2.1232108767380132e-14,0.11857216200780485,4.3508116259586194e-06
0.7147357142857143,1.3991185553101546,-133.28639160894454,-66.650780261841,-8.893845946170154e-21,-241.22967513627205,158.854520076261,12.135773124881487,-3.1763735522036263e-22,97.06080564739496,-3.528594970703125e-05,45.73857519461239,3.364036772888295e-14,-57.91697613483699,-7.679321711615141e-15,-4.421551290359801e-14,0.1484524619102956,5.642466583160559e-06
0.7147321428571428,1.3991255465334167,-132.78891385903017,-66.37635351414225,5.082197683525802e-21,-188.32597308922132,158.25442074002956,12.0853434610089,-8.364450354136216e-21,96.75399997944821,-4.482269287109375e-05,45.61129736143829,6.042318407593844e-14,-57.75625929324917,-2.4918188363869597e-14,-6.53318958966275e-14,0.1757126525449948,7.2671950708376594e-06
0.7147285714285714,1.3991325378265476,-138.5222399786365,-69.36688721185051,5.590417451878382e-20,-183.22722142719707,165.12769402421873,12.629146152800226,-2.964615315390051e-20,100.57727892151335,-5.7220458984375e-05,47.24426913546943,1.0066776437194904e-13,-59.82450960741528,-3.7613701057314335e-14,-1.1378793113013631e-13,0.23647631102612365,9.297843157585356e-06
0.7147249999999999,1.3991395291895483,-201.55597129375022,-100.497101105458,-6.776263578034403e-20,-131.8316411385715,240.1219859202853,18.295923072375988,2.964615315390051e-20,147.46317260454654,-7.343292236328125e-05,69.78477511086136,2.3210273027278097e-13,-88.3678009984021,-6.920860789089395e-14,-2.8453660670285945e-13,0.2967796696293803,1.1820273453946018e-05
0.7147214285714285,1.3991465206224205,-269.63914164274433,-134.43224033848617,6.979551485375435e-19,36.248294713945434,321.24032846014603,24.47230461277507,-1.1689054672109345e-19,197.2757882335015,-9.1552734375e-05,93.33675485754645,5.055897073329597e-13,-118.19236540122135,-1.722823520936289e-13,-5.925602744821358e-13,0.33211709877120654,1.4935139955182995e-05
0.7147178571428571,1.3991535121251644,-423.79845179668877,-214.41117216794726,1.2468324983583301e-18,282.34124349104945,505.9310259139808,39.02928403787764,-3.7269449679189215e-20,301.7054857957556,-0.0001163482666015625,138.85935138221086,-380629493.0112785,-175.83898853803788,963989899.5344805,-610355045.6985751,0.4950391569285699,1.8759821680112905e-05
0.7147142857142856,1.3991605036977814,-673.9084627181536,-331.11852375754785,2.4936649967166602e-18,656.1711977946784,801.2965280084958,60.26984036402831,-4.472333961502706e-19,505.7695916851747,-0.00014495849609375,245.11152040696118,-304187997.42207587,-310.3895410009186,770398513.7771434,-487785411.5381988,0.6385119552406735,2.3430516397312597e-05
0.7147107142857143,1.3991674953402724,-1229.8878758941396,-620.2433227147039,7.968885967768458e-18,1588.087630385645,1467.5639271190214,112.89316079167084,-8.131516293641283e-19,880.4871504687341,-0.00017547607421875,407.4938125017855,-244437407.26107097,-516.0214232550334,619076554.5758476,-391977423.5047492,0.933958338763702,2.9104498707219253e-05
0.7147071428571429,1.3991744870526388,-2054.500626713581,-1025.150496307215,-3.903127820947816e-18,2980.511698640563,2447.9390646532197,186.5824269094298,-6.505213034913027e-19,1499.6161758426194,-0.000213623046875,707.552821730547,-197464904.1572788,-896.0018510211271,500115096.9123016,-316657675.48291343,1.4454966985205147,3.596254355622065e-05
0.7147035714285714,1.3991814788348815,-3572.4338429672466,-1778.0031852091588,1.214306433183765e-17,5404.9457207550295,4254.953981323878,323.59482780277784,-1.8973538018496328e-19,2619.1464236913125,-0.000247955322265625,1241.0539860881672,-160333522.80849677,-1571.6074435608746,406076385.54548544,-257117207.9444683,2.7343659745493483,4.421151647405207e-05
0.7147,1.3991884706870017,-5983.907352452506,-2988.741913130881,3.122502256758253e-17,9400.306111031858,7130.405391267788,543.9331771856963,-6.2341624917916505e-18,4358.215260568849,-0.000255584716796875,2051.611666450455,-130824989.74121155,-2598.0763143487216,331342730.7552335,-209799376.71218204,4.73948848221994,5.408712963775237e-05
0.7146964285714286,1.3991954626089995,-9422.719135833013,-4727.928573077565,-1.3444106938820255e-17,15018.659352114882,11234.866829412395,860.431011578522,8.673617379884035e-19,6803.899850782385,-0.00023651123046875,3175.3429924626307,-107253830.1038023,-4021.1540263244733,271645723.8145776,-172001781.18424547,5.657313977701165,6.585686329587034e-05
0.7146928571428571,1.3992024546008774,-12809.11885438974,-6380.506941676507,6.895525817007808e-17,20586.633481724817,15256.908707732893,1161.1394408327237,-1.5016200088924236e-17,9370.828088844719,-0.00014495849609375,4430.053581393456,-88332016.00726096,-5610.122864317715,223723454.68319917,-141659237.6066429,4.998656068630282,7.982304932463023e-05
0.7146892857142857,1.3992094466626357,-14867.655518437497,-7391.055847414411,1.5829351718288365e-17,24024.258281309943,17703.444004738612,1345.0022230824043,-1.1058862159352145e-17,10913.966344171988,-2.09808349609375e-05,5176.462536452738,-73069761.61495836,-6555.407976639777,185069291.26744685,-117184734.87952198,-1.6483067608272108,9.63261141182042e-05
0.7146857142857143,1.3992164387942752,-14780.862822969988,-7404.045081353411,-8.239936510889834e-18,23820.39577360816,17617.90893988555,1347.3398299210262,-3.198396408832238e-18,10698.961402143157,6.914138793945312e-05,5004.4659571792745,-60702372.604841866,-6337.642202037369,153746637.55428144,-97352160.81719561,-7.75601173796656,0.0001157479761858
0.7146821428571428,1.3992234309957974,-12831.831881097847,-6434.26245696608,-4.853234089971124e-17,20575.11780442577,15296.495753603655,1170.8321609903383,3.020334201451623e-18,9268.878245181857,0.00010261079296469688,4326.247841989629,-50635987.07351654,-5478.790465643161,128251531.66920303,-81209315.3808559,0.42288051034500995,0.0001385155933984
0.7146785714285714,1.399230423267203,-10726.411926969517,-5330.867156136328,-1.0303816990169662e-16,17189.164029977142,12770.74861423157,970.0108645959867,7.663212952928062e-18,7872.956372163397,0.00011909659951925278,3732.978530109695,-42407118.17770214,-4727.506022582255,107410162.87865926,-68013010.46486984,10.747982099265698,0.0001651046522076
0.714675,1.3992374156084937,-9470.303042469055,-4702.212516633013,-9.424766197509149e-17,15176.093177985034,11273.45234078618,855.5963222686148,7.872006574426247e-18,6961.181367477471,0.00014265254139900208,3305.1767533604607,-35652254.10666425,-4185.763028416791,90301907.19361383,-57180356.804422826,2.9532269243449605,0.0001960433935658
0.7146714285714285,1.3992444080196695,-8477.899124197487,-4244.845181638241,-1.9575439630815233e-16,13488.197614429913,10103.352119089986,772.3630243496052,3.461664836750715e-17,6136.514536093528,0.00017114123329520226,2869.6349688446703,-30084949.998817224,-3634.2088365856107,76201325.66687804,-48252049.89220435,-5.5127218499908395,0.0002319165652513
0.7146678571428571,1.3992514005007322,-7268.486604390852,-3642.8026294664382,-2.8496898851065877e-16,11463.193513877115,8662.97916843803,662.8006763861342,5.2298355262322266e-17,5250.706152774337,0.00020125624723732471,2450.3753915510047,-25478472.455218438,-3103.2672022331953,64534196.67445093,-40864523.4495182,9.326960743804534,0.0002733694933891
0.7146642857142856,1.3992583930516826,-6248.013553290323,-3106.306713165201,-4.582414363327875e-16,9846.785133939224,7438.316498430552,565.1638688932513,9.230181553701155e-17,4579.041032326467,0.00023575173690915108,2167.4968588178017,-21652559.22767613,-2745.037331887525,54843988.8262652,-34728725.1214498,18.13605011059576,0.000321112261976
0.7146607142857142,1.399265385672522,-5641.991472928422,-2802.826203523345,-7.646454406066636e-16,8874.042300606094,6715.907194861239,509.9349131290817,1.3885749917518647e-16,4139.832783525252,0.00027648359537124634,1961.7760795756853,-18463283.982967686,-2484.520007842827,46766191.8498639,-29613863.684215747,-1.3090397453406695,0.0003759239909764
0.7146571428571429,1.399272378363251,-5083.468475874308,-2545.4469726547636,-1.192566485559536e-15,7905.857805421299,6057.477956260885,463.1004173446937,2.1841888039430928e-16,3675.9682641777126,0.00032294285483658314,1716.917825419802,-15795251.582839416,-2174.432220343275,40008556.88270062,-25334902.319240943,-5.139371465707654,0.0004386572015819
0.7146535714285714,1.3992793711238711,-4420.044917880346,-2211.8514034778163,-1.8801327749990056e-15,6819.678723986045,5266.344142138479,402.3957631875387,3.460160294478155e-16,3199.2603730061064,0.000375359901227057,1495.5866343020034,-13555578.964503858,-1894.1361973888954,34335843.3303824,-21742895.310774267,21.436980727837863,0.0005102422571561
0.71465,1.399286363954383,-3912.4890532049035,-1940.6797690118397,-2.946641276249315e-15,6023.696160063865,4655.826577229425,353.0487537591819,5.436170634601006e-16,2876.859458690509,0.00043499923776835203,1365.8398306033112,-11669210.6641385,-1729.8272383787446,29557957.576348774,-18717479.725732036,23.756526667421213,0.0005916918675258
0.7146464285714286,1.3992933568547885,-3597.3364483984683,-1790.2691429327374,-4.571886379068214e-15,5492.003549589669,4282.607598483855,325.67893683719245,8.333869817762375e-16,2628.9060812445555,0.0005027362785767764,1240.576417051438,-10075261.893903969,-1571.1937324960568,25520699.032384884,-16161021.072207635,-5.236731617193641,0.0006841056451406
0.7146428571428571,1.3993003498250876,-3252.5920054381613,-1630.253521908047,-6.984159344608498e-15,4910.858895788963,3875.876142773565,296.56365016638796,1.2738998597043149e-15,2345.834925962208,0.0005791566800326109,1092.4987146428105,-8724164.843339294,-1383.6633639935726,22098528.295383297,-13994031.566090157,-2.7634834583759584,0.000788674699433
0.7146392857142857,1.3993073428652818,-2881.046922557965,-1435.785255746705,-1.0577145840160915e-14,4314.577294418327,3430.3214516442017,261.1782535584896,1.927428341916607e-15,2099.281980234585,0.0006651909789070487,987.6784857566587,-7575421.031788571,-1250.9165363328784,19188875.229796376,-12151566.594106436,38.773352677190815,0.0009066862568978
0.7146357142857143,1.399314335975372,-2625.017455931668,-1302.5670684330912,-1.5926168007676005e-14,3897.086683259953,3123.5410433551247,236.9371523677546,2.8950987920132987e-15,1927.2425943938606,0.0007618840609211475,913.431443019831,-6595827.769023131,-1156.889632825172,16707646.823887134,-10580380.210302565,36.86612932039748,0.001039528294336
0.7146321428571428,1.3993213291553597,-2437.617483512633,-1216.645433197894,-2.377912756397558e-14,3588.417208728065,2902.7914156255574,221.30346639746335,4.32907432622152e-15,1770.5408402291348,0.0008702470404386986,830.2917415606879,-5758070.7980843475,-1051.5985216902884,14585664.62195944,-9236670.576152708,-19.88046319843943,0.0011886941714522
0.7146285714285714,1.3993283224052455,-2223.133080102328,-1110.5016377338443,-3.522852188695585e-14,3235.456243489292,2647.5894754461997,201.9913674235327,6.410529574486573e-15,1612.0013259180862,0.0009914052207022905,754.6238403696372,-5039607.172984154,-955.769163052755,12765833.732026892,-8084286.397726144,1.600437998175721,0.0013557872499659
0.714625,1.3993353157250308,-2019.235459899481,-1004.9386159292078,-5.1828967295920085e-14,2895.756273684557,2403.4743006132258,182.78420754086034,9.432553752251756e-15,1473.690070266758,0.0011265581051702611,694.288765911542,-4421774.603260239,-879.3583911366361,11200885.91586759,-7093297.180264318,85.37935103187965,0.0015425254866446
0.7146214285714285,1.399342309114716,-1872.8244218476661,-931.8671498432782,-7.566568484173772e-14,2666.3258582943963,2229.07384218511,169.48839708489993,1.3773806996121585e-14,1367.0890248396938,0.0012769304084940813,644.1459099222366,-3889073.817711117,-815.8555885659622,9851564.772382794,-6238845.867521586,26.941948094245163,0.0017507459871313
0.7146178571428571,1.3993493025743031,-1753.374022523072,-873.188966935005,-1.0974036264548534e-13,2473.7939488967127,2087.0783217162084,158.81240496962153,1.9965518989158597e-14,1277.6170131484228,0.0014438887069445627,600.9037834931854,-3428593.3720301245,-761.0921019333475,8685168.668250863,-5500226.084793916,-52.25454486520243,0.0019824095073307
0.7146142857142856,1.3993562961037924,-1623.9939409692054,-810.4165497484029,-1.5798816772139421e-13,2247.3592869647177,1933.5662600098772,147.39205597744547,2.87441070826638e-14,1178.7030648345626,0.0016289239435991476,552.1882085293942,-3029546.5472523174,-699.395209836493,7674377.125618459,-4860138.584075588,69.6718926796575,0.002239604891556
0.7146107142857142,1.3993632897031851,-1499.9986637263391,-747.676638747716,-2.2593526442099554e-13,2052.8541359950214,1785.6041697846226,135.9768929426279,4.110913637351402e-14,1090.75990584555,0.0018335150889470242,511.916203432427,-2682895.8848181097,-648.3919008451679,6796300.046477822,-4304089.340843535,108.94034966778463,0.002524553433305
0.7146071428571428,1.3993702833724826,-1412.939021236318,-701.1552233106876,-3.2102431302171493e-13,1921.2910889361403,1680.8778094442077,127.51231988669404,5.840632795030227e-14,1035.5157013208946,0.002059205236946582,489.7274593672615,-2381048.388156292,-620.2923225381759,6031705.8420429295,-3819900.8833568823,-29.80178924888287,0.0028396131489433
0.7146035714285714,1.3993772771116852,-1341.142288190813,-668.183451279604,-4.5324861523651533e-13,1790.3906062054168,1596.2949918001184,121.51369455597498,8.246161821887327e-14,975.6608843345479,0.002307750081854465,458.0442866253756,-2117606.935869376,-580.1665082292019,5364392.173648794,-3397314.074825015,11.623194643780153,0.0031872829516344
0.7146,1.3993842709207949,-1252.838078052236,-626.2871925144702,-6.359985371518455e-13,1648.3409465184664,1491.8461528676562,113.8915432906763,1.1570578082664297e-13,905.6672012217025,0.0025810003389779013,422.4747375710025,-1887168.6445259776,-535.1174983315709,4780674.070461658,-3027663.2449196368,102.07306228168,0.0035702067154348
0.7145964285714286,1.399391264799812,-1176.3176727124385,-583.7371439937431,-8.870669135794037e-13,1535.2033723718332,1399.2591372923325,106.1499308012293,1.6138222353311306e-13,861.5507698329614,0.002880754823991083,407.132387482377,-1685158.6436876939,-515.6883612382849,4268963.595866398,-2703610.4658597875,57.562881032745736,0.0039911772189033
0.7145928571428571,1.399398258748738,-1127.462496203754,-560.0140519072321,-1.230029173470724e-12,1447.2648039242522,1341.2768978289434,101.83352872088913,2.237731330829179e-13,824.2225646645464,0.0032089268233903567,388.7528245164059,-1507692.6204447304,-492.4117783071981,3819422.405132225,-2418925.998411225,69.09729027164076,0.0044531399584304
0.7145892857142857,1.3994052527675738,-1072.5828347949634,-536.0905643030845,-1.6959045227750633e-12,1358.6245923346573,1277.059937168607,97.48115365786803,3.0852103217953853e-13,775.1041560406202,0.003567695226365686,361.3864266898903,-1351464.981798901,-457.75168533166885,3423677.8121787882,-2168308.080391962,-5.298462979601936,0.0049591968223201
0.7145857142857143,1.3994122468563204,-1012.5832523460551,-503.4512917694012,-2.3253863474932945e-12,1269.6417278807824,1204.7025033341185,91.54314607318308,4.2303045997563655e-13,738.6052333271695,0.003959286792905914,347.5751965493965,-1213655.8082499935,-440.2608302375076,3074587.286055389,-1947233.9100004218,30.89394399822504,0.0055126096165869
0.7145821428571428,1.3994192410149788,-970.5774473723864,-481.6800309107667,-3.1713117120040757e-12,1195.4976773978801,1154.4000543891038,87.58188889733843,5.769026520935101e-13,710.1681873016852,0.004385826541351889,335.1968696901018,-1091853.9861100642,-424.5847859787095,2766043.6587658455,-1751836.2389866954,306.2799077222003,0.0061168034342509
0.7145785714285714,1.3994262352435505,-933.191673005185,-465.4921944152735,-4.302155909028335e-12,1137.8005296362487,1110.6897487740857,84.63648441208203,7.826002948614261e-13,676.4044504418374,0.004849636402070701,316.26729696824657,-983992.9473024424,-400.6101756464049,2492812.7170537813,-1578800.7575005197,-21.127036496322035,0.0067753698614617
0.714575,1.3994332295420355,-892.324199920852,-443.7400251771382,-5.8065088743771385e-12,1078.9310680978892,1061.5573132490094,80.67919561849865,1.0562351602524646e-12,650.260180220487,0.005353373528208749,305.6592720450003,-888297.8191044023,-387.17601981412815,2250398.8080399395,-1425280.656529555,-236.01645547755152,0.007492070012164
0.7145714285714285,1.399440223910436,-857.5271594238294,-426.0459331420097,-7.797952749133196e-12,1016.0551432481464,1020.001864857209,77.4599835804888,1.4184576519753976e-12,625.8086053658128,0.005899622915150893,294.5687889454209,-803241.2206141296,-373.1305871755044,2034932.907502598,-1288825.7698201027,523.5658278862902,0.0082708373864982
0.7145678571428571,1.3994472183487523,-825.0867589941306,-411.2099457395564,-1.042121139790697e-11,968.1035451744467,981.8173622352884,74.76049624781734,1.895593862096937e-12,598.6145234505174,0.006490824742030554,280.11174707188684,-727505.5130921504,-354.8204385845151,1843077.4989312023,-1167322.6545831775,219.01168587001212,0.0091157805461572
0.7145642857142857,1.3994542128569858,-795.8284659256392,-395.1234107518846,-1.3860730086692599e-11,929.5550448984017,946.4670493435048,71.83373511248239,2.521176852021895e-12,581.2435424965836,0.007129805714328086,273.7771971222471,-659951.7969652993,-346.7989567271931,1671947.7879130337,-1058944.5389654252,-537.4513217839603,0.0100311856023228
0.7145607142857142,1.3994612074351376,-771.1933110788864,-383.2848507790826,-1.8350567202576394e-11,883.0353003061712,917.2717028719062,69.67983455163886,3.3377759805819033e-12,562.0984832520353,0.007819695475099309,264.2071716592095,-599593.6748160934,-334.67885277943833,1519045.256645853,-962109.2535899491,540.5999401827357,0.0110215185115188
0.7145571428571428,1.3994682020832083,-742.524763491461,-370.33786158003306,-2.4185109778206438e-11,840.8920486651355,883.5854926255803,67.32419455274358,4.398923198061248e-12,537.6441580102575,0.008563337153020711,251.03657316036936,-545575.1778319022,-317.997581648757,1382201.7218917562,-875443.7874138303,520.633157549124,0.0120914271756502
0.7145535714285713,1.3994751968011998,-717.3485236053929,-355.7587972475626,-3.17334937657541e-11,810.5807391979371,852.9235503735176,64.67164615654345,5.7717416279985325e-12,524.651254289084,0.009363586729890017,247.41597029842706,-497151.9896806073,-313.41352947254046,1259531.8951383126,-797754.3225211151,-648.7125558440839,0.0132457433425702
0.71455,1.399482191589112,-700.3329047242989,-347.63482439128427,-4.145868084533505e-11,777.9166722337432,832.7712297314426,63.193361072404386,7.540408617347468e-12,511.27093442785,0.0102238260422709,240.656633302436,-453675.68350642564,-304.8533802711902,1149393.358036063,-728000.8272025385,559.6174017025178,0.0144894843058471
0.7145464285714286,1.3994891864469468,-677.2787500656527,-338.02552946355155,-5.39376212108316e-11,744.1885308929442,805.9500919559251,61.44501992290908,9.809838654454767e-12,489.4827322550307,0.011147523448528318,228.07700225330714,-414580.53035041044,-288.9201763422331,1050352.9973292777,-665275.7053413236,541.4485204977263,0.0158278543998937
0.7145428571428571,1.399496181374705,-653.6297376218827,-324.2035974714514,-6.988450715571237e-11,716.826850950335,777.1082264920391,58.93042077678525,1.2709880476843498e-11,477.6265982374542,0.012137873865313509,225.0042746327308,-379371.93928904174,-285.02984303640113,961157.9416294943,-608785.5301638352,-791.3381394829021,0.017266246290351
0.7145392857142857,1.3995031763723875,-639.2311515448818,-316.9044678217977,-9.018190782355321e-11,690.3174254808494,759.9142164497924,57.60215339454843,1.640100932115791e-11,467.42713041768764,0.013198212018561861,220.33508014331636,-347616.684515012,-279.11705023000206,880710.821196035,-557835.3867378148,1066.8482168178125,0.018810242058579
0.7145357142857143,1.399510171439996,-621.1136988885179,-309.8226379522772,-1.1591887886809114e-10,664.9276336621105,738.9934852808609,56.313566519732774,2.1081226135191727e-11,449.0578388554768,0.01433230422384213,209.2804382389737,-318934.7007238131,-265.11513692468174,808048.9031599073,-511815.60709456645,469.95773538397043,0.0204656140789627
0.7145321428571428,1.3995171665775308,-600.1784604971772,-297.84585903244067,-1.4843306664502027e-10,641.867961139468,713.5478335040457,54.1348122265007,2.699372865506884e-11,437.8815358312698,0.015544070296975576,205.9244777083019,-292991.9844714932,-260.86569097317266,742326.13071351,-470190.40924795833,-1532.5266036201783,0.0222383256906477
0.7145285714285714,1.3995241617849932,-586.3852242167906,-290.58698776193296,-1.8935610144758453e-10,617.6856851869725,696.9900207185381,52.814001294107314,3.4435158495971494e-11,428.8256111265575,0.016837077729570105,202.12193530168742,-269494.5274821946,-256.05048333564434,682797.7569806664,-432488.1671007506,2037.2957542791255,0.0241345316627731
0.714525,1.399531157062384,-570.5907251591437,-284.3702839158241,-2.406739242427734e-10,596.9446078378413,678.7399174881527,51.682784053767485,4.3766553655596795e-11,412.9287995711635,0.01821488332269272,192.59353422448714,-248183.0471227019,-243.9815620084589,628807.0505770812,-398293.0254901369,897.740437213035,0.0261605784552452
0.7145214285714285,1.3995381524097048,-552.5037930171734,-274.107166944612,-3.048087493557747e-10,578.9159647064671,656.7837186293342,49.8158627905843,5.5428268192548355e-11,403.051879084115,0.019681931993549284,189.4879549525749,-228828.6288061519,-240.04908652060573,579774.1165681621,-367237.7315680486,-3072.0291575587635,0.028323004276381
0.7145178571428571,1.3995451478269565,-539.503472141117,-267.3834889276278,-3.84694220615556e-10,556.8187993761725,641.2182385586983,48.592604335968744,6.995360334152519e-11,394.2121631513913,0.021242660374771294,185.62024611795994,-211228.88959532778,-235.15108261351034,535186.2363506178,-338997.5539423973,2876.2327709777182,0.0306285389389978
0.7145142857142857,1.3995521433141396,-524.0076357016615,-261.0620875185306,-4.838503776818447e-10,537.279454432286,623.2428072844929,47.44249044089738,8.798245111190517e-11,379.2169905760321,0.022900503391291682,176.8356796101355,-195204.51247860395,-224.0240544394309,494589.1858350147,-313284.84628621844,2104.6618342074726,0.0330841035173768
0.7145107142857142,1.3995591388712556,-507.2502407255115,-251.46621888469778,-6.065230831955664e-10,522.2780679981446,602.8729376126262,45.69704658988467,1.1028662663259624e-10,370.30347401884563,0.02465971853330373,174.18162974823136,-180596.43965994913,-220.66337869137732,457580.045198714,-289844.44288921804,-4800.819098307233,0.0356968098083552
0.7145071428571428,1.3995661344983057,-495.4520346966837,-245.46615589194775,-7.578316156189353e-10,503.1371615597683,588.7811068584911,44.605558165023545,1.3779668540108013e-10,362.01591557039643,0.026525613487927036,170.42401753268683,-167263.36444850435,-215.9045499627122,423800.86452028406,-268449.65925493557,3377.0570878377403,0.0384739595986774
0.7145035714285713,1.3995731301952905,-480.2818897185922,-239.30828862427984,-9.438637904330322e-10,484.47105633535125,571.196855097502,43.485400357890306,1.7161920969744284e-10,347.26763268123204,0.028502220848069193,161.76136395272258,-155079.5845548435,-204.93159256460632,392933.210967354,-248898.82946925447,3527.2116264250944,0.0414230437425172
0.7144999999999999,1.3995801259622116,-463.55509510057016,-229.71459032577314,-1.1718671649198819e-09,470.3794067898857,550.8622606821049,41.74054257532666,2.1307156448444088e-10,338.42391060336286,0.030593510330111595,159.1637309188556,-143933.07880827604,-201.64216798082595,364693.3468416071,-231012.28420135248,-6557.047726837712,0.044551741052801
0.7144964285714286,1.3995871217990692,-452.28060276592265,-223.86146052287216,-1.4505118003118776e-09,453.4980013055853,537.3572209368243,40.67592314972499,2.637296277824939e-10,330.82740835081677,0.03280494959676372,155.8766983727502,-133723.92637991684,-197.47928901070023,338828.1552074088,-214629.7260878543,4186.177642084163,0.0478679170101508
0.7144928571428572,1.3995941177058653,-437.6667920543454,-218.088520697405,-1.7900593017434905e-09,436.0851615107696,520.4740100760291,39.6259814172169,3.2545850179463303e-10,316.2109722328166,0.03514144844515976,147.14959154840744,-124362.90700138747,-186.42432542331693,315111.58592935343,-199607.9739150126,4704.152797275718,0.0513796222939027
0.7144892857142857,1.3996011136826003,-420.5519881542704,-208.40070237068207,-2.2026192271527935e-09,422.0106499269491,499.7138450797589,37.864289749337004,4.004590982954283e-10,306.8376774341175,0.03760750823656256,144.18994306327986,-115770.1925973792,-182.67604384493097,293341.41531853896,-185818.9573898825,-9183.313077920579,0.0550950911387555
0.7144857142857143,1.399608109729276,-408.7604508671141,-202.152953452672,-2.702513840658417e-09,405.73350920206383,485.55039975400575,36.728104737266506,4.913344288679863e-10,299.24037828181423,0.040208423086094625,141.0796142800409,-107874.28806423975,-178.73681259528175,273336.5302602962,-173147.97649057454,6220.282465031807,0.0590227395231229
0.7144821428571428,1.3996151058458923,-394.3990995640707,-196.44256141030257,-3.30656029496629e-09,389.43480927911713,468.94939263468126,35.68973632820407,6.011408525150486e-10,284.9874071454452,0.04294903821844853,132.60841144124282,-100611.08183742511,-168.0056567772654,254934.52136424833,-161492.1761010301,6568.778414064076,0.0631711631928405
0.7144785714285714,1.3996221020324513,-377.1777454258317,-186.92131827038523,-4.0345457927509334e-09,375.7239638580961,448.13895792035106,33.95862607264277,7.334744043532544e-10,274.9703020744949,0.04583494476531483,129.08398233487347,-93923.01556852704,-163.5416043115654,237989.57591454888,-150759.2092873723,-13851.78176025808,0.0675491355255582
0.714475,1.3996290982889534,-364.54706761850935,-180.1833036996054,-4.909694622013679e-09,359.4266235875728,432.9554889692188,32.733556711932025,8.925556674208753e-10,266.96869421853484,0.04887227150247064,125.88247657478142,-87758.3373670418,-159.48663179016927,222370.6024427203,-140866.05989332797,8890.537303584677,0.072165605241182
0.7144714285714285,1.3996360946154,-349.81776313215204,-174.17139891923617,-5.958915970546276e-09,343.3578318218537,415.88071168130637,31.640583943515445,1.083274769554622e-09,252.77613667125473,0.052065059547418024,117.594374167631,-82070.47507142193,-148.9870914019458,207959.63395327175,-131738.02550899965,10359.410273404912,0.0770296939634684
0.7144678571428571,1.399643091011792,-332.3754116439675,-164.655552705222,-7.213749830822739e-09,330.0359161950001,394.8489781344839,29.910748321094307,1.311363168967374e-09,242.30811868958838,0.05541928880557623,113.72475926815427,-76817.48799348954,-144.0854858278562,194650.4062588438,-123307.79633129927,-20688.035383730996,0.0821506936380403
0.7144642857142857,1.3996500874781306,-318.94248027523275,-157.57189797488056,-8.711210864490255e-09,313.6364031565833,378.7317984512042,28.62314296371086,1.583547008553336e-09,233.59638282599084,0.058943224400357375,110.13329728055716,-71961.52843343056,-139.53622371998756,182347.0283509284,-115514.63494543909,10988.545483222126,0.0875380638122817
0.7144607142857142,1.399657084014417,-303.3866629870297,-151.04621170409553,-1.0493627540737666e-08,297.05434013522984,360.64318487752416,27.43704142716584,1.907517813789678e-09,219.09094488134292,0.06264070566598767,101.83520211876579,-67468.40454378145,-129.0236501582204,170962.88474706016,-108303.68732845101,16474.479151032167,0.093201428783381
0.7144571428571428,1.399664080620651,-285.2965660427831,-141.2556859220291,-1.2610101457650403e-08,283.5500968657513,338.8605353818331,25.657567617555113,2.2921976079614613e-09,208.04284502354534,0.06651677015806415,97.64469475227469,-63307.20733730211,-123.71522199858096,160419.6723239234,-101625.36127759176,-28469.934550775364,0.0991505746186256
0.7144535714285714,1.3996710772968357,-271.10369549447216,-133.8186021430449,-1.5118377083350604e-08,267.2198214355542,321.85048147723626,24.30601727801968,2.748078649938341e-09,198.7287917397842,0.07058158975473294,93.74997562407343,-59449.961395368344,-118.78146390716252,150646.5203003157,-95434.77214251609,12455.56659366994,0.1053954460551203
0.7144499999999999,1.3996780740429702,-254.7824097985034,-126.88515564111127,-1.8084097676080112e-08,250.1464733574536,302.84590405739857,23.0461116114144,3.2870880154672582e-09,183.7558201211083,0.07484028709656682,85.27658720062938,-55871.32058990229,-108.04642452252219,141579.2180200374,-89691.25288040888,23969.275083325138,0.111946143283808
0.7144464285714286,1.3996850708590567,-235.74107757392954,-116.68870342404261,-2.1582533457943998e-08,235.9682422917635,279.9584810194886,21.19318649409103,3.922901739560389e-09,171.85713068470753,0.07929738571747641,80.61530489430558,-52548.28848643252,-102.14124823178516,133159.52000787458,-84357.92239601504,-37719.982406608215,0.1188129186232206
0.7144428571428572,1.399692067745096,-220.54813182524603,-108.68660156767774,-2.5701936522780278e-08,219.45300078388428,261.7391919155407,19.739246724247707,4.671554110416549e-09,162.01126380484897,0.08396395160577008,76.56532638880292,-49460.010380214924,-97.01052637826785,125334.58951259986,-79401.3143524115,14415.870273028868,0.1260061730902944
0.7144392857142857,1.3996990647010892,-203.4484005362258,-101.38105265370865,-3.054239840514721e-08,201.89577925668274,241.8177290425543,18.41204458555924,5.551229668539406e-09,146.45129574643784,0.08884664486665539,67.80920838236608,-46587.52764258761,-85.91688201560753,118056.38459490617,-74790.99368904767,32852.704787216004,0.1335364528704149
0.7144357142857143,1.3997060617270374,-183.3607235367856,-90.74995221425773,-3.6217987465241515e-08,186.85344188866625,217.71863820878426,16.48050708935139,6.582651857966131e-09,133.58552322521234,0.09395096238777415,62.60087296200617,-43913.57944475319,-79.31827519710016,111281.17888610308,-70499.26771433142,-50166.47599928855,0.1414144456969639
0.7144321428571428,1.3997130588229414,-166.88833610380436,-82.0676178581295,-4.2861710551937055e-08,169.68312120504407,197.9665489790367,14.903274780261723,7.789984262404534e-09,122.9446253211331,0.0992891438155519,58.24438890585008,-41422.45005391293,-73.79892577443444,104969.15763092642,-66500.91942536748,17865.977640716977,0.1496509771416956
0.7144285714285714,1.3997200559888023,-148.86862819760955,-74.24036208453283,-5.062316816675985e-08,151.5805276750564,176.93331445791003,13.481601383471101,9.200404153514395e-09,106.90538815606396,0.10486769486944769,49.35498711760809,-39099.81384418764,-62.53598495965436,99084.02875301127,-62772.963530279056,45583.72353216563,0.15825700682476
0.714425,1.399727053224621,-127.82845330912298,-63.26802235985203,-5.967280238826003e-08,135.770694626618,151.75025404365633,11.488457520712752,1.0844874025272202e-08,93.01859287576704,0.11069359973099463,43.51719860808914,-36932.60304422483,-55.13951197972355,93592.68436144305,-59294.42988009512,-67366.4701420895,0.1672436245474118
0.7144214285714285,1.3997340505303992,-110.00962515098145,-53.890977768322436,-7.020971209643484e-08,117.83954894278598,130.3920865502974,9.785359623068732,1.2759562159863214e-08,81.48604931633596,0.11678296608481817,38.786956593225824,-34908.8765143234,-49.146290425846,88464.87986874764,-56046.16756271764,20555.106272737296,0.1766220463545453
0.7144178571428571,1.3997410479061374,-90.8860420529749,-45.44916872866,-8.245470716493709e-08,98.91781198617413,108.02843610054097,8.252368864862797,1.498457918612823e-08,64.83958016547956,0.12314189862655955,29.70717002521972,-33017.73280992782,-37.64171017736936,83672.99873775347,-53010.68639442572,64068.28726912388,0.1864036105315766
0.7144142857142857,1.3997480453518367,-68.8045377390927,-34.03006994180677,-9.66581737626311e-08,82.30098213472624,81.63527907094974,6.178464858023379,1.7565406159028867e-08,50.03081235816587,0.12977722778750087,23.36323828541758,-31249.202071894033,-29.60357651850354,79191.77424221326,-50171.97793723993,-88962.83247029262,0.1965997735408451
0.7144107142857142,1.3997550428674983,-49.64886688936137,-24.026632582615534,-1.1311580653349627e-07,63.54826548927338,58.704256841188,4.361967093677854,2.0555754105332445e-08,37.4476951899499,0.1367111613371607,18.10730727743838,-29594.145780716484,-22.9439423821577,74998.05331549792,-47515.377220140355,20641.71382162973,0.2072221059036392
0.7144071428571428,1.399762040453123,-29.29051156946681,-14.903230402719865,-1.3215174583022088e-07,43.62492422527753,34.853902980694706,2.705531373520757,2.4014498553010112e-08,20.10596026327422,0.14395132469708014,8.799759478357288,-28044.18816119224,-11.150336981546484,71070.61638806552,-45027.44458804863,88950.4477116529,0.2182822880317549
0.7144035714285714,1.3997690381087122,-6.021609282375271,-2.948197877023903,-1.541287586345147e-07,26.008278122031694,7.071970354665815,0.534685917855522,2.8007528887319783e-08,4.314924880974561,0.15150262038956816,1.9431294379711521,-26591.64701418253,-2.4621914189953436,67390.00087398634,-42695.85309414776,-113030.39890418146,0.2297921060142433
0.7143999999999999,1.3997760358342666,14.455988166310448,7.6943341746787235,-1.7948004775029302e-07,6.48187873225906,-17.420685136541277,-1.397493350518744,3.2613527494179246e-08,-9.253228435708662,0.15939272586554773,-3.7819418321943927,-25229.47097825693,4.792235511613996,63938.34158926429,-40509.28702298826,18310.229514083054,0.2417634473644498
0.7143964285714285,1.3997830336297876,36.011496974042686,17.44801761396379,-2.0867975766966965e-07,-14.396521632614128,-42.70193283987936,-3.1680011569967657,3.7918609938148594e-08,-27.347550753919414,0.16763373022663924,-13.383436953967415,-23951.179358119225,16.9587533973728,60699.22177019432,-38457.349723973544,119092.44372097577,0.2542082967314497
0.7143928571428572,1.3997900314952756,60.547605451997725,29.963568452947452,-2.422519110854646e-07,-33.145453136925255,-71.96201017712691,-5.440213303664246,4.401794855865431e-08,-44.21655743385581,0.1762304412514428,-20.81499493597308,-22750.81498209046,26.37579648629092,57657.553048110174,-36530.48721675043,-141686.3677279472,0.2671387315808223
0.7143892857142857,1.3997970294307325,82.43619586628384,41.33751452894143,-2.808246494767606e-07,-53.545355667177404,-98.1382363097855,-7.504817152361083,5.102562336639254e-08,-58.705759583246234,0.1852152075317294,-26.918521403796984,-21622.90420170477,34.11013996334113,54799.4638890631,-34719.91105491707,14600.542349622341,0.2805669178510971
0.7143857142857143,1.399804027436159,105.21586875311755,51.705394966827946,-3.250860366444734e-07,-75.4165991897754,-124.87205870045884,-9.3864386869507,5.90665910863265e-08,-77.64833948293675,0.19460496270591066,-36.89422042554974,-20562.401045892108,46.751297983406324,52112.16646525489,-33017.51930187363,156074.28214189975,0.2945051055849015
0.7143821428571429,1.399811025511556,131.0313021914861,64.79107744976348,-3.757911792079276e-07,-95.3280641439713,-155.62588881781667,-11.761712727688204,6.827798022029141e-08,-95.5929127987046,0.20440636992755234,-44.89387264135312,-19564.651054549384,56.888619411097736,49583.86944057136,-31415.844088463,-176744.50618131063,0.3089656245466364
0.7143785714285714,1.3998180236569246,154.41164878721062,76.91387831921386,-4.3384909639575014e-07,-116.75576701919064,-183.5734347700891,-13.961870673091546,7.882487060046198e-08,-111.11943279255688,0.2146587764973284,-51.45707624459942,-18625.362331468867,65.20583241079173,47203.69882239129,-29907.99779973059,9130.099786523431,0.323960879825451
0.714375,1.399825021872266,178.4682494077322,87.96736076954912,-5.002477345533625e-07,-139.62698622749977,-211.8377676375266,-15.967547192801462,9.08866674428324e-08,-130.827760039132,0.22538189675348158,-61.711314249843866,-17740.573127156415,78.20041854696963,44961.617346261366,-28487.62297449601,204580.89910871038,0.3395033474291068
0.7143714285714285,1.3998320201575811,205.50098895428775,101.56374686343943,-5.760678336433578e-07,-160.65834809993027,-244.00159931600658,-18.435049468416594,1.046596184324809e-07,-149.8767497664949,0.23658405520076461,-70.32706214666936,-16906.624331570914,89.11888675419794,42848.35415349566,-27148.847363854475,-218778.1318598204,0.3556055698730598
0.7143678571428571,1.399839018512871,230.3810816694736,114.4346119053117,-6.626301539654558e-07,-183.10875704040043,-273.72824057174824,-20.770564763482266,1.2038356561519266e-07,-166.4570597390073,0.24831748809960466,-77.36222697154135,-16120.130793934439,98.03456639824095,40855.33660969453,-25886.243586179535,-4313.726605074973,0.3722801517687021
0.7143642857142857,1.3998460169381368,255.7630703167349,126.19222810575319,-7.613533800461854e-07,-207.07567533066043,-303.57836073089686,-22.90363372894861,1.3831611607043815e-07,-186.9790958432827,0.26060664748052265,-87.92318358101365,-15377.968814847229,111.41833333708972,38974.64964168949,-24694.797683973862,266655.7595678574,0.3895397554131555
0.7143607142857142,1.3998530154333797,284.05554477647956,140.35995978351622,-8.737702272421787e-07,-229.24422465991054,-337.21583626080115,-25.474351214011683,1.5873556328494152e-07,-207.05719300825544,0.27345828333148553,-97.06963500658895,-14677.245655689856,123.00979071123358,37198.96029081043,-23569.86247928695,-265750.86881117354,0.407397096385978
0.7143571428571428,1.3998600139986002,310.406380701362,153.92101413778673,-1.0017952752663607e-06,-252.74488647096226,-368.6719539006786,-27.934661709903335,1.8198955287575326e-07,-224.782916584993,0.2869404834476439,-104.6722754323105,-14015.277418105208,132.64500827974788,35521.46908817043,-22507.131477680596,-27287.071994861984,0.4258649391547884
0.7143535714285714,1.3998670126338,337.1433860827989,166.40639065815265,-1.1474760446429113e-06,-277.8329928995815,-400.14614847140075,-30.199363252149215,2.0844984851670762e-07,-246.11500008912955,0.30108759225224263,-115.52594215091894,-13389.576916902119,146.40022981206096,33935.8742286793,-21502.61294311274,342243.33246237016,0.4449560926939429
0.7143499999999999,1.3998740113389796,366.7457856702675,181.17453523058023,-1.3129800832428804e-06,-301.20608591966476,-435.31785769577806,-32.87854363361674,2.3850998561089015e-07,-267.2457428244735,0.31590339137198564,-125.20788733651906,-12797.836817750416,158.67074417240838,32436.330004422998,-20552.604302169268,-314914.2937757819,0.4646834061191404
0.7143464285714285,1.3998810101141403,394.52227986298163,195.41696760304197,-1.5010537245277127e-06,-325.7198582612448,-468.45429035933785,-35.46201587690407,2.7266859905642374e-07,-286.0467639274455,0.3314691784542857,-133.3273984170249,-12237.916268549143,168.96141186435835,31017.411671525104,-19653.669090573767,-57922.73433072396,0.4850597643409609
0.7143428571428571,1.3998880089592831,422.5842531480084,208.5929422076206,-1.7146655455158718e-06,-351.8747793702366,-501.5091266142854,-37.85155252704097,3.1146466306453495e-07,-308.22410163083566,0.3478358860191436,-144.51670695014704,-11707.824368885564,183.14250634781138,29674.077245812325,-18802.615085569534,428550.26570986764,0.5060980837402759
0.7143392857142857,1.3998950078744097,453.4949054249432,223.9548706471553,-1.9569049399920857e-06,-376.47661021883295,-538.2107782165549,-40.6379571440569,3.5545904954101114e-07,-330.4197803792821,0.365009035333982,-154.74593158840952,-11205.71348745693,196.1070870744342,28401.646360780956,-17996.47824535633,-371068.69030766,0.5278113078679884
0.7143357142857143,1.3999020068595198,482.72137143281844,238.92103311143268,-2.2316973687414235e-06,-402.03981336627817,-573.066524720006,-43.35225099601753,4.05364422692849e-07,-350.2321327340512,0.3830828705061282,-163.31364152415756,-10729.868507661165,206.9662403233055,27195.770724027527,-17232.502540589765,-95873.30961091387,0.5502124031757567
0.7143321428571429,1.3999090059146155,512.104780937951,252.75990323650325,-2.5433245238031575e-06,-429.27692640089583,-607.6885815386141,-45.86155213739422,4.619580958347945e-07,-373.31875099730524,0.4021251685012064,-174.89957664213676,-10278.691060688505,221.6505250938663,26052.399963593234,-16508.121993734596,531022.4864451264,0.5733143547695276
0.7143285714285714,1.3999160050396977,544.2937476930177,268.7096927413627,-2.896199586080533e-06,-455.0763533988943,-645.8877083137551,-48.754057458873255,5.260412001741276e-07,-396.5325886594236,0.42214583451112114,-185.64204220527952,-9850.69221325819,235.26606902559774,24967.76177495548,-15820.94726327659,-434398.2750671761,0.5971301622026808
0.714325,1.399923004234767,574.9887446322263,284.3919186657903,-3.295966322731584e-06,-481.74084191697284,-682.4785727476317,-51.59774169558997,5.986383035750781e-07,-417.41219699556456,0.44325940390377044,-194.70393174079553,-9444.48486700101,246.7519652704075,23938.341685859476,-15168.752206675306,-147148.39049247178,0.6216728353006414
0.7143214285714286,1.399930003499825,605.6819502784633,298.92002310537504,-3.7487448304248603e-06,-510.03355482633634,-718.6649811714698,-54.23155544419854,6.808603935048688e-07,-441.31361074543855,0.46554656358161023,-206.60155815231442,-9058.776109411827,261.8318016692636,22960.86357096099,-14549.461471304981,659511.267714335,0.6469553900231654
0.7143178571428571,1.3999370028348723,639.0912410644586,315.40231719367165,-4.260816400015912e-06,-536.9861427003964,-758.283330043043,-57.220068617991686,7.738476464912593e-07,-465.57197987462933,0.48902084142022373,-217.90158995391482,-8692.359182470436,276.15451646248,22032.270487005615,-13961.13910569479,-502850.7896669378,0.672990844365911
0.7143142857142857,1.3999440022399106,671.2275185826041,331.7906976097484,-4.840349202966043e-06,-564.7085180925496,-796.5780896466616,-60.19129945683762,8.79082855000142e-07,-487.4878843348462,0.51382859353366,-227.4374961381436,-8344.10621553701,288.2416605565628,21149.706431832838,-13401.977114090365,-226737.46034093798,0.699792214303108
0.7143107142857142,1.39995100171494,703.2286082878488,347.001862584238,-5.496135449001874e-06,-594.093515728964,-834.3243735391336,-62.94848094366492,9.98161968274662e-07,-512.2148267226407,0.5400703891989083,-239.65724410332166,-8012.966531461846,303.7303528132,20310.507916667553,-12870.287496312165,815044.8101587693,0.7273725097736182
0.7143071428571428,1.3999580012599624,737.8601881084265,364.0444354976238,-6.237028854855921e-06,-622.1852402950966,-875.3732626385855,-66.03801662154572,1.132691942896486e-06,-537.4469730052133,0.5677552153575015,-251.4474749517147,-7697.959744592632,318.67491526779384,19512.189452234976,-12364.494939300814,-568461.0415976737,0.7557447307114501
0.7143035714285714,1.3999650008749782,771.3779957793105,381.0751897173112,-7.0747879162398766e-06,-650.9526882778136,-915.288996828046,-69.12516577229137,1.284807149293538e-06,-560.4440673710176,0.5970643507528635,-261.51967797914966,-7398.167656232807,331.4422621925042,18752.424950567707,-11883.126264052966,-332786.6991121008,0.7849218631234798
0.7142999999999999,1.399972000559989,804.6784863291668,396.97614890748116,-8.022148542449322e-06,-681.4031686627297,-954.5889116688128,-72.00688971248393,1.4568192553958183e-06,-585.9601389982145,0.6281329621443881,-274.0299613835446,-7112.731827079382,347.2997742994704,18029.03907659507,-11424.803364150426,989221.986804393,0.8149168752148573
0.7142964285714285,1.3999790003149954,840.5342622434723,414.58367963652137,-9.091590329516576e-06,-710.6513624439323,-997.071566263089,-75.19826360799684,1.6509931844652265e-06,-612.1559538746405,0.6609639607293818,-286.300176597555,-6840.8485507403975,362.8531830948465,17339.99556248211,-10988.236469371572,-624075.3128888095,0.8457427135644605
0.7142928571428571,1.3999860001399989,875.3626402869994,432.2274603916376,-1.0299762411277673e-05,-740.4140449023406,-1038.5259040286776,-78.39596830560338,1.8703508012610099e-06,-636.1660298789795,0.6957627510135826,-296.8686902742698,-6581.765415388784,376.25011172745246,16683.387841072024,-10572.217797548277,-455961.5599865147,0.8774122993514285
0.7142892857142857,1.3999930000349998,909.9264699230932,448.7825647562853,-1.1665187350468846e-05,-771.8637260712959,-1079.3303607148653,-81.3957197032477,2.1182540003033027e-06,-662.4903285106209,0.7327164718628048,-309.69943114533237,-6334.775790275867,392.51437458801934,16057.426830047058,-10175.614928545656,1169134.0061592148,0.9099385246329362
0.7142857142857143,1.4,946.9702600982577,466.9388069807458,-1.3205632961839256e-05,-802.2582504232851,-1123.2041101186967,-84.68595982054532,2.3979272658658914e-06,-689.6176867533711,0.7718328946811133,-322.43151561855774,-6099.217516542775,408.65380808856133,15460.434660837785,-9797.364959254248,-678982.2006033661,0.9433342486809664
0.7142821428571429,1.4000070000350002,983.1000040261729,485.2126433407724,-1.494451662287237e-05,-833.0203613636758,-1166.1933192865122,-87.99728484055632,2.7136205207865964e-06,-714.5756535948719,0.8133374333610154,-333.43805255476883,-5874.471853192411,422.6065117726326,14890.84204847969,-9436.47286316989,-593102.9763743432,0.9776122943635036
0.7142785714285714,1.4000140001400014,1018.885898463371,502.37544823373435,-1.6908413242877134e-05,-865.4482519945792,-1208.4441380047483,-91.1065917983155,3.0701567452488256e-06,-741.7451326397166,0.8574663495545682,-346.63778753021427,-5659.957040612539,439.33906232138617,14347.174870862695,-9092.004819900354,1370776.8983872184,1.0127854445920612
0.714275,1.4000210003150046,1057.0649070121258,521.0659184243806,-1.912269950669574e-05,-896.9259749981418,-1253.65048999715,-94.49302383922367,3.472140912150518e-06,-769.7338568057522,0.9042424667799364,-359.7836437147875,-5455.126973315134,456.003577765686,13828.049419201581,-8763.084327584205,-737941.951992282,1.048866438820382
0.7142714285714286,1.4000280005600112,1094.4932185841994,539.9560683921669,-2.1620551886981088e-05,-928.7084591242149,-1298.166572870612,-97.91543769517266,3.92559378923578e-06,-795.668442366754,0.953928348200419,-371.2561469370684,-5259.468594628106,470.54737125073467,13332.165857643588,-8448.888098536505,-761822.3058933662,1.0858679696028162
0.7142678571428571,1.400035000875022,1131.4405596424926,557.723295842791,-2.4439313382544003e-05,-962.0625574517478,-1341.8011346939902,-101.13367278459926,4.437292054350728e-06,-823.5677252548933,1.006789911714289,-384.7370672704479,-5072.500204631597,487.6369517719652,12858.30315173228,-8148.642349493393,1624544.9518414666,1.123802679209915
0.7142642857142857,1.400042001260038,1170.6996021063708,576.8899906653493,-2.761510254814561e-05,-994.5626136124577,-1388.2637318146956,-104.60572904740945,5.013789674277669e-06,-852.4570109959185,1.0628716643341238,-398.35217477064856,-4893.7677571425875,504.8968624632138,12405.311793185047,-7861.619529276774,-803314.8925196546,1.1626831563047355
0.7142607142857142,1.4000490017150602,1209.3686234357347,596.3809454326449,-3.1195129199662005e-05,-1027.3051173840722,-1434.24251278533,-108.1363873022228,5.663653735939961e-06,-879.290410113293,1.1224955802182988,-410.23695148236266,-4722.843911606706,519.9638362324052,11972.109572348689,-7587.134483684249,-995178.0556180187,1.2025219326782368
0.7142571428571428,1.4000560022400896,1247.4604183628041,614.7385315691861,-3.523201588152234e-05,-1061.605665496337,-1479.2382511344279,-111.46098227193433,6.396432921062475e-06,-907.9205881967699,1.1859719864226208,-424.00562238842326,-4559.328427979896,537.4188635276012,11557.68093798897,-7324.543009626225,1930719.8952201456,1.2433314800452862
0.7142535714285714,1.4000630028351275,1287.767317357282,634.3829826628353,-3.9776012346470166e-05,-1095.0836186651622,-1526.9248408918465,-115.01891324063457,7.221244385068732e-06,-937.6399044504006,1.2533396279414415,-438.0344948580723,-4402.844001486566,555.2038880878714,11161.069634219468,-7073.239214028426,-845084.7117389326,1.285124206902054
0.7142499999999999,1.4000700035001752,1327.5916753678607,654.4053657823921,-4.489377767521588e-05,-1128.7379527838473,-1574.2555571736293,-118.64517934670481,8.150183574249048e-06,-965.380258108248,1.324988004336767,-450.3682333296778,-4253.0348806949505,570.8405565304311,10781.374459159035,-6832.652358099827,-1288701.3548208983,1.3279124554448896
0.7142464285714285,1.400077004235233,1366.8133222930794,673.3565807994632,-5.066023784866006e-05,-1163.949002490533,-1620.598815328706,-122.07668450874547,9.196845610553828e-06,-994.701896785331,1.4013131619240016,-464.3925174829627,-4109.566125914768,588.6202036301163,10417.746372847403,-6602.2443830635,2246990.264211335,1.3717084985509758
0.7142428571428571,1.4000840050403025,1408.1274717072747,693.4673945326913,-5.714448148376455e-05,-1198.3935845073372,-1669.4640981311109,-125.71839291364115,1.0373764696030936e-05,-1025.19775799208,1.4823292772134788,-478.79881233406087,-3972.1218319007353,606.8842302147852,10069.384945492731,-6381.508263631778,-826178.3195293547,1.4165245368214625
0.7142392857142856,1.4000910059153846,1449.0298942158136,713.9768222408709,-6.443864296220959e-05,-1232.8927091292987,-1718.0528583162302,-129.43217712580568,1.169765757713505e-05,-1053.8040137026176,1.5684684974554117,-491.5692198865779,-3840.403807509602,623.0750465619374,9735.534943063174,-6169.96580143641,-1621324.6867555124,1.4623726956873495
0.7142357142857143,1.4000980068604802,1489.3253447311743,733.4836794316718,-7.264966998326344e-05,-1268.935568527686,-1765.6734748504448,-132.96366715809305,1.3187929048109288e-05,-1083.8022474080688,1.660256268877848,-505.8539940358111,-3714.130102408189,641.1855642123861,9415.482386916166,-5967.1649975836035,2527294.8429131852,1.509265022576558
0.7142321428571429,1.4001050078755906,1531.6031766812507,754.0449346319446,-8.187359932770788e-05,-1304.3336120655697,-1815.667368577529,-136.68625631395463,1.4862000941471933e-05,-1115.027119745914,1.757709116686862,-520.6076849631226,-3593.0352611292037,659.8907105744566,9108.554235473544,-5772.67924095282,-763448.9981114651,1.5572134841512764
0.7142285714285714,1.4001120089607169,1573.5508941437297,775.0412917273327,-9.223555694180783e-05,-1339.6571596344402,-1865.4806648727304,-140.48751820874782,1.674257339424192e-05,-1144.4319530301113,1.8612696933982738,-533.7624766050345,-3476.8693004069914,676.5694693905305,8814.11653988828,-5586.106613484827,-1965641.3929702577,1.606229963594316
0.714225,1.4001190101158598,1614.845462406615,795.0403992371735,-0.00010388524508930569,-1376.4760586304808,-1914.2808165880188,-144.107448141564,1.8856806125228223e-05,-1175.1210586328395,1.9715846224285614,-548.3465349156962,-3365.395563720607,695.0600340877514,8531.569394376771,-5407.066936563269,2809554.7504458614,1.6563262579725584
0.7142214285714286,1.4001260113410208,1658.0327775184774,816.037795632326,-0.00011695761210090792,-1412.7569277401808,-1965.3436109284767,-147.90828059018534,2.1229178251643514e-05,-1207.0019586695264,2.088719832253671,-563.3975189639746,-3258.3903811742057,714.1427567886311,8260.346025715577,-5235.201163320738,-705111.4695592248,1.707514075657424
0.7142178571428571,1.4001330126362004,1701.0072772607252,837.506532069623,-0.00013162314633373634,-1448.916233384697,-2016.3572769675006,-151.7943484473899,2.3890617590745742e-05,-1237.204767953436,2.2131477037887497,-576.9426537282388,-3155.6420747971424,731.3168470304324,7999.910401914256,-5070.169945775509,-2338218.7595073236,1.7598050338089275
0.7142142857142857,1.4001400140014002,1743.2141455769288,857.9737425537553,-0.00014808460071700182,-1486.4396692776015,-2066.2407060315163,-155.4983086860472,2.687790514630755e-05,-1268.4718076942718,2.3455656015188064,-591.7494595161124,-3056.9509220415857,750.0905165600011,7749.755810758598,-4911.65189158364,3179389.337759827,1.8132106559240584
0.7142107142857143,1.400147015436621,1787.252131573163,879.3466480787544,-0.00016653168185389342,-1523.5250229180178,-2118.291406580674,-159.36635032609416,3.022545226900496e-05,-1301.0477992730737,2.4861314776191397,-607.154403286301,-2962.126874953773,769.6226333063477,7509.401469704141,-4759.3429316280035,-690459.1118541979,1.867742369447517
0.7142071428571428,1.4001540169418636,1831.1823845301235,901.2727727839778,-0.00018719845171464704,-1560.4623846856466,-2170.428148435292,-163.33449319661366,3.397571676187033e-05,-1331.943399973838,2.635396354705485,-621.0149578207686,-2870.990128675132,787.1973329536033,7278.392116021537,-4612.954887027894,-2808106.446569942,1.9234115034458092
0.7142035714285714,1.4001610185171296,1874.2794805860387,922.1919228929831,-0.00021035861010862704,-1598.7036948898342,-2221.3663719165334,-167.11954418520392,3.817834478676619e-05,-1363.784993696197,2.794115718183222,-636.0486768547397,-2783.371913596646,806.2594782652054,7056.298744885649,-4472.2151318558645,3652586.539925517,1.9802292863443764
0.7142,1.4001680201624196,1919.1055780791278,943.9176322243334,-0.00023626914839349893,-1636.5205334770437,-2274.3336956191156,-171.05064679512697,4.287994710866064e-05,-1396.9883210491626,2.9624601139810642,-651.7651629469184,-2699.111467235773,826.1872510751248,6842.714113840989,-4336.865760280424,-624470.9936414569,2.038206843726785
0.7141964285714285,1.400175021877735,1963.8965072381375,966.2345476623709,-0.0002652514818215889,-1674.1656761075797,-2327.474026818222,-175.0887398897309,4.813882208217095e-05,-1428.5585474523812,3.1411075852120733,-665.9566190811582,-2618.056349783904,844.1821845563605,6637.252310168809,-4206.662531025936,-3410379.018915308,2.0973551961969257
0.7141928571428571,1.4001820236630764,2007.8749848077482,987.6109678210739,-0.0002976806798192398,-1713.102100315049,-2379.4598981348117,-178.9558103002348,5.402300018587686e-05,-1460.9417854086585,3.3309674542494476,-681.1895299906835,-2540.0624261860467,863.4974497452027,6439.547557774886,-4081.373383899229,4117873.5775871635,2.157685257303047
0.7141892857142856,1.400189025518445,2053.413957485296,1009.6657058956945,-0.00033389388465130846,-1751.6171531816965,-2433.259381375629,-182.94563783277252,6.0593622385117694e-05,-1494.6821967124422,3.5321197008029963,-697.1585413573162,-2464.992906728856,883.7461046880536,6249.253066041855,-3960.7785220721953,-359603.6016614789,2.2192078315237564
0.7141857142857142,1.4001960274438423,2098.996163396642,1032.320173688432,-0.00037432458982058293,-1789.8877156025178,-2487.31427914928,-187.04398831410012,6.792931167702747e-05,-1526.925511280893,3.745348322497722,-711.7031088255342,-2392.71730732551,902.18940590432,6066.039086549407,-3844.6696195221334,-4138152.886755812,2.281933612315315
0.7141821428571429,1.4002030294392689,2143.7774177988504,1054.115630816743,-0.00041948976043546763,-1829.4372001088002,-2540.2547551294874,-190.98612815279,7.612383210097444e-05,-1559.7912127593493,3.9718160010212116,-727.1061319956651,-2323.1120946754772,921.7211546398773,5889.5922782228845,-3732.8479795897383,4452802.936377875,2.345873180218344
0.7141785714285714,1.4002100315047257,2189.997740175545,1076.4902343582723,-0.00046983783201227686,-1868.6490063088163,-2594.8507760421144,-195.0330243269862,8.525849919254516e-05,-1594.0281587466554,4.211569767653296,-743.3001549393533,-2256.0605691041446,942.2559890538796,5719.616265863109,-3625.125431131896,77330.75425184853,2.411037001035386
0.714175,1.4002170336402142,2236.317390095509,1099.4662920620342,-0.0005259335534068076,-1907.5017562744508,-2649.759991078781,-199.18871981563623,9.543572822738555e-05,-1626.8768405590204,4.465364498943368,-758.1524661945349,-2191.451467207676,961.0902205301351,5555.829536871195,-3521.3239079182576,-4862913.624233144,2.4774354240483034
0.7141714285714286,1.4002240358457354,2281.8043382202823,1121.6081211697644,-0.0005884782200268311,-1947.582158265681,-2703.5315014454586,-203.1927033111897,0.00010678270410228639,-1660.2189914317735,4.734625715541841,-773.7531678638176,-2129.1794597314324,980.8733993165151,5397.9645311792,-3421.273494790839,4700956.91065641,2.5450786803162213
0.7141678571428571,1.40023103812129,2328.668968518126,1144.295734249438,-0.0006580844031124752,-1987.4334792077088,-2758.8843509754033,-207.29538276386793,0.00011941050079376812,-1694.895060793285,5.0195266622843695,-790.1310875691931,-2069.1442606379105,1001.6421457019226,5245.766966749613,-3324.813004337518,494177.5961498698,2.61397688102271
0.7141642857142857,1.4002380404668795,2375.6817136348322,1167.5758880990327,-0.0007354800515450522,-2026.870149103369,-2814.5966558600435,-211.50522660844925,0.0001334511172497973,-1728.3046819750846,5.320741865616775,-805.2648696408032,-2011.2501444107215,1020.8338938679295,5098.994974741703,-3231.7896563673185,-5503886.793652719,2.684140015883804
0.7141607142857143,1.4002450428825044,2421.78912420724,1190.0268691203328,-0.0008215823298552306,-2067.396865242421,-2869.100004334104,-215.56427495834888,0.00014907087358623453,-1762.0483747506203,5.639807621547832,-821.0219640106844,-1955.4067182787353,1040.8162288642984,4957.41869051203,-3142.0573182351945,5024397.92158303,2.755577951614759
0.7141571428571428,1.4002520453681664,2469.225949948375,1212.9669296022485,-0.0009172340250993422,-2107.7982386301114,-2925.115234394568,-219.71173113747085,0.0001664225870191551,-1797.1761177203011,5.9771566831809215,-837.6200844025067,-1901.5273002702477,1061.865016152222,4820.818816865284,-3055.47729029461,743590.3432599049,2.8283004304548025
0.7141535714285714,1.400259047923866,2516.8694851299924,1236.542849052549,-0.0010233895394247503,-2147.780578205094,-2981.564440364938,-223.97421689394835,0.00018567930416254523,-1831.0422376170163,6.333500018216111,-852.9581535575405,-1849.5295104092372,1081.316754235661,4688.9871703216495,-2971.9180481178573,-6194245.469102028,2.902317068749425
0.71415,1.4002660505496043,2563.5687326713446,1259.284643383538,-0.0011412285544059153,-2188.755515056176,-3036.7637371923943,-228.0850010340488,0.00020705492299094816,-1865.176990960482,6.710401343910021,-868.8714581394863,-1799.3358570576247,1101.4981282066392,4561.726033556464,-2891.253479308557,5530457.899116321,2.9776373555890867
0.7141464285714285,1.4002730532453829,2611.492376574815,1282.4349331754556,-0.0012718625212774582,-2229.611425460687,-3093.3403320907923,-232.2695407982399,0.00023075095163969134,-1900.6944679310836,7.108395305357712,-885.6607676761888,-1750.8717675562434,1122.7902078294082,4438.846408966571,-2813.363834629404,1039566.0496398445,3.0542706515050413
0.7141428571428571,1.4002800560112023,2659.6819958306987,1306.2519731887426,-0.0014165658518832144,-2270.067970980378,-3150.421707219371,-236.5747141206604,0.00025699844291210725,-1934.9891318438806,7.528421849399123,-901.2060783222669,-1704.0659084162774,1142.5056513812174,4320.168288421783,-2738.1355550471008,-7152547.093080157,3.132226187220506
0.7141392857142856,1.4002870588470635,2706.96230728414,1329.2909002380627,-0.0015768760794448906,-2311.483059311926,-3206.3081477366986,-240.73834488811258,0.0002860761655849399,-1969.4759888722579,7.97220698346969,-917.2430777743126,-1658.8509578365517,1162.8445813442365,4205.520345159161,-2665.459640072085,6067093.877155337,3.211513062457211
0.7141357142857142,1.4002940617529682,2755.279252127235,1352.6172369116218,-0.0017541866899929064,-2352.7391513971625,-3263.3396365393146,-244.95374815264225,0.00031823672823506964,-2005.2841365667855,8.440079276413819,-934.1625492000128,-1615.1627692983027,1184.30273770321,4094.7393879246474,-2595.2322994016395,1767538.079982499,3.292140244796093
0.7141321428571428,1.400301064728917,2803.947253681222,1376.6161959665294,-0.0019501855288756025,-2393.5745832555654,-3320.963663268236,-249.29083866134175,0.0003537861347772066,-2040.025284721865,8.933262725975569,-949.9551044847188,-1572.939023430826,1204.3326073436556,3987.6690492795024,-2527.355457280788,-8474393.03409386,3.374116568592858
0.7141285714285714,1.4003080677749105,2851.7226247431418,1399.9200183321648,-0.0021669066919389533,-2435.359116267285,-3377.438786169627,-253.50147076835052,0.00039309316605828205,-2074.7751499421106,9.453867455127497,-966.0610955991966,-1532.1216425802368,1224.7601727376482,3884.1613334489,-2461.7348338485344,6362910.305791581,3.457450733943481
0.714125,1.4003150708909504,2900.414373652103,1423.4190905043138,-0.00240611260007601,-2477.023880400451,-3434.9046285827485,-257.747147291744,0.00043647726536222314,-2110.844772112963,10.00207236861604,-983.0895150294957,-1492.6554665599847,1246.3577072426995,3784.0752990054866,-2398.2804032847366,2931074.630553562,3.542151305715694
0.7141214285714286,1.4003220740770377,2949.4880196567037,1447.5686144639965,-0.002669924887644268,-2518.1725040180263,-3492.9866485213875,-262.1104435744615,0.00048432302390139404,-2145.9676078163393,10.579020071187092,-999.0933017804005,-1454.4864933584195,1266.6564546012905,3687.275522857633,-2336.9072746311717,-9771146.272480087,3.628226712607051
0.7141178571428571,1.4003290773331734,2997.6566872388375,1471.0662065099966,-0.0029610274755617026,-2560.2335881966123,-3549.9227753115983,-266.3551261820577,0.0005371169941907252,-2180.9617256033466,11.187339191435381,-1015.285687001233,-1417.5643044770777,1287.194766895773,3593.6331481808998,-2277.5331214888693,6320497.040175119,3.715685246279544
0.7141142857142857,1.4003360806593583,3046.707331368472,1494.7413221745494,-0.0032817412181075497,-2602.2743965125437,-3607.8080642539617,-270.6316277317734,0.0005952798295123426,-2217.2517850572394,11.827428573104546,-1032.3903831219275,-1381.8405109070573,1308.8900079918085,3503.025045448652,-2220.0796167465205,4084801.8998270906,3.80453506053272
0.7141107142857143,1.4003430840555935,3096.1143874137256,1519.0176013173434,-0.0036346403102250494,-2643.723089188955,-3666.266549199869,-275.01679042951383,0.0006592780924922748,-2252.6731064315486,12.500023143591282,-1048.5522469431705,-1347.268209825774,1329.3903510659145,3415.3334527977363,-2164.4728494395567,-10624360.688137101,3.894784170529213
0.7141071428571428,1.4003500875218806,3144.6064751992412,1542.6644228944654,-0.004023157897153062,-2685.96641261093,-3723.577229819233,-279.2874095494033,0.0007297341266230199,-2287.8871005376504,13.208079352771458,-1064.832081259544,-1313.8033131580794,1350.0408048548395,3330.445890045887,-2110.6410805119217,6106279.923187292,3.9864404520698633
0.7141035714285714,1.40035709105822,3193.92614314347,1566.4578228782211,-0.004450399753591511,-2728.293450040946,-3781.7704648260956,-283.5842505453439,0.0008072108522379795,-2324.367796956652,13.952524367934602,-1082.01556078885,-1281.4035850191672,1371.837340715722,3248.2549266909655,-2058.515996028537,4866687.9479154935,4.079511640917398
0.7141,1.400364094664613,3243.626411835953,1590.8626339793836,-0.004919572497034275,-2770.0273669250982,-3840.56486599753,-287.9916087065608,0.0008922893817263723,-2360.001768412512,14.733924856461579,-1098.2683383096594,-1250.0282757709913,1392.4545103437908,3168.6582275507276,-2008.0333527978987,-11260153.776022924,4.1740053321684485
0.7140964285714285,1.4003710983410604,3292.399902659554,1614.6331799978905,-0.005434909630016118,-2812.4362553735236,-3898.198098806478,-292.2835246920639,0.0009857370262092095,-2395.417548234844,15.555181423658667,-1114.6330042302745,-1219.6392454059082,1413.2140039920685,3091.5580791210527,-1959.1305727056751,6141824.72515283,4.269928979672699
0.7140928571428571,1.400378102087564,3341.8905187775827,1638.4917353872713,-0.006000425606019431,-2854.94031786529,-3956.5816826724867,-296.5910147784474,0.0010882813212079417,-2432.030792618621,16.41757647499792,-1131.8744044979221,-1190.19984524163,1435.0855070360094,3016.8608032249567,-1911.747796494403,5562054.784108926,4.367289895499314
0.7140892857142856,1.4003851059041237,3391.8288133741285,1662.9894900266465,-0.006620292919322128,-2896.9077703489324,-4015.643630529662,-301.01405586797455,0.0012006783937422879,-2467.859545587514,17.322048887584636,-1148.2207153674435,-1161.6740255327188,1455.8227630606607,2944.476485860263,-1865.8289743769244,-12351937.629331337,4.466095249448588
0.7140857142857142,1.4003921097907417,3440.8555486911414,1686.8872221821991,-0.007299717218861499,-2939.4801098598837,-4073.5719306276337,-305.32785460885236,0.001323871675601519,-2503.4113710841807,18.27141812550688,-1164.6185891496498,-1134.028283006186,1476.625788263579,2874.319430114759,-1821.3193102512591,6487979.959993059,4.566352068609577
0.7140821428571428,1.400399113747418,3490.433811597799,1710.7720043564605,-0.008043602026177264,-2982.0933776428856,-4132.047837220454,-309.63889797223254,0.0014587497264539372,-2540.09174325987,19.266745810718962,-1181.8850843484317,-1107.2308931831078,1498.5309079602828,2806.3077129891262,-1778.1659327757325,6841417.547997805,4.668067236962146
0.7140785714285715,1.4004061177741545,3540.53604094659,1735.3035312667837,-0.008857396412299202,-3024.195897751421,-4191.281122622389,-314.06685292057995,0.0016063000339230477,-2576.120964893692,20.30959055082383,-1198.3555876903554,-1081.2495938722707,1519.4274159795893,2740.3620015465094,-1736.3201194783949,-14251076.19740222,4.771247495019447
0.714075,1.400413121870952,3589.7469299595537,1759.3091573173238,-0.0097476817177179,-3066.889130544906,-4249.427349793655,-318.39903218261645,0.0017677152567234541,-2611.7205918814207,21.403155299675593,-1214.7270111501825,-1056.055188548711,1540.1989901593909,2676.4072167840272,-1695.7336129743367,6629057.987195596,4.875899439530547
0.7140714285714286,1.4004201260378113,3639.3979330742654,1783.218065109436,-0.010720377760045788,-3109.618035570544,-4307.97882321376,-322.71323869375794,0.0019440679188808406,-2648.4435366381017,22.54812396710247,-1232.000628972114,-1031.6202624566336,1562.1153055390719,2614.371817927103,-1656.359777527209,8930687.296112511,4.982029523192362
0.7140678571428571,1.4004271302747338,3689.576293988238,1807.738690925282,-0.01178217696856394,-3151.7701478776125,-4367.278805173306,-327.1379499800007,0.0021365706337442506,-2684.6138481234257,23.746008469847514,-1248.569775113301,-1007.916376042283,1583.1389349348967,2554.186235363979,-1618.1561247056306,-16155032.510567274,5.089644054436554
0.7140642857142857,1.4004341345817204,3738.884131570954,1831.7930357876485,-0.012941566441708236,-3194.500258929273,-4425.533964508078,-331.47770030341593,0.00234676132241321,-2720.2413038174273,25.000920468261928,-1264.9262992404467,-984.9180025851941,1603.8938989584785,2495.784456643234,-1581.0799926411082,5942777.983391668,5.19874919724074
0.7140607142857143,1.400441138958772,3788.603138889149,1855.7374941525072,-0.014205982267205817,-3237.335497852383,-4484.159866798933,-335.797066562011,0.002575987198757169,-2756.967596054206,26.313721508401144,-1282.1725138951451,-962.6006100835635,1625.7775010385571,2439.1031560007164,-1545.0905278213734,11216149.579847079,5.309350970983856
0.7140571428571428,1.40044814340589,3838.7739811744236,1880.2178058740112,-0.015583148561802332,-3279.5086199001407,-4543.4313184575685,-340.21315428509206,0.002825647554269157,-2793.1884836164713,27.684987484479997,-1298.7841863642113,-940.9396041332634,1646.8575780474482,2384.081299705898,-1510.149882037799,-17005172.75082827,5.421455250341023
0.7140535714285714,1.4004551479230751,3888.1216554060697,1904.2739238109198,-0.017083799505081865,-3322.1779518084536,-4601.72047912823,-344.55189519521474,0.0030976875019801003,-2828.8518828946176,29.119669746571628,-1315.153134162217,-919.9118816759241,1667.6308552150008,2330.660276108492,-1476.2208812946656,4388325.743184926,5.535067765217504
0.71405,1.4004621525103285,3937.8192581501926,1928.2074248292445,-0.018717559330538612,-3365.0481120796844,-4660.313317981348,-348.8679620980342,0.0033938506643063026,-2865.524152394214,30.619445425396336,-1332.3483197188127,-899.4960929477926,1689.452690879188,2278.7843005463724,-1443.2671172619748,12961252.984132899,5.650194100721178
0.7140464285714285,1.4004691571676513,3987.9651360769294,1952.6586458102277,-0.02049354696646738,-3407.2458490800063,-4719.541414601594,-353.27743578749494,0.0037157886913191337,-2901.731451393357,32.18423476223359,-1348.948098111478,-879.6706074288751,1710.52083014836,2228.399717220584,-1411.2553316570882,-17031916.73267013,5.7668396971723
0.7140428571428571,1.4004761618950443,4037.295560491313,1976.6807994940816,-0.022424587511533284,-3449.816858508927,-4777.793423409443,-357.6086243600363,0.004065825178651235,-2937.410009401785,33.818852954155126,-1365.3297036991853,-860.4150909055684,1731.3132259033623,2179.454975353116,-1380.1528523528625,3079514.333854202,5.8850098501506025
0.7140392857142857,1.400483166692509,4086.875525350874,2000.5504241945562,-0.02452296775417949,-3492.611830878951,-4836.237240883271,-361.9116888576162,0.004446185920882802,-2973.9743537735617,35.52587480910172,-1382.4565466704578,-841.7111494632469,1753.051786050896,2131.9009711767067,-1349.926989234466,14151988.932186889,6.004709710578238
0.7140357142857142,1.4004901715600462,4136.973068037993,2024.9566314419928,-0.02680020676267947,-3534.811817939026,-4895.392030317259,-366.3115504220305,0.004858957329089857,-3010.1632983295985,37.30566976428516,-1399.0488497709382,-823.5388744377676,1774.1136767763012,2085.6897740527256,-1320.5489757866937,-17584045.147660546,6.125944284838994
0.7140321428571428,1.4004971764976568,4186.23443297451,2048.941473369972,-0.029271146772825718,-3577.276918264094,-4953.552699015562,-370.63449669588937,0.005306828074691363,-3045.762682120066,39.162247660685715,-1415.372738445699,-805.880662944617,1794.8364895471345,2040.77591124254,-1291.9894544265462,2839775.557966108,6.248718434931501
0.7140285714285713,1.400504181505342,4235.636076159679,2072.7066398551224,-0.0319507299616459,-3619.9198767114763,-5011.770907600566,-374.9171065273572,0.0057925048619409765,-3082.2040600163145,41.09838018847999,-1432.438208487195,-788.7203152641559,1816.5011736903334,1997.1158323850398,-1264.2192487700154,15543297.675081644,6.373036878657434
0.714025,1.4005111865831028,4285.600945183314,2097.0137561873457,-0.03485377688699074,-3662.030788946003,-5070.746987441202,-379.29747332230636,0.006318672222670803,-3118.347522745439,43.1154918098625,-1449.0262894286427,-772.0396822598691,1837.5619436066152,1954.666745717722,-1237.2132794614836,-19470901.543950256,6.498904189838849
0.7140214285714286,1.4005181917309404,4334.753104146611,2120.9570071496128,-0.03799813292250147,-3704.3786655175077,-5128.77279336796,-383.6113425471292,0.006888562430072695,-3153.7991410812965,45.217605879886825,-1465.2415465572647,-755.8233930110399,1858.151680739609,1913.3885129272355,-1210.9453639239089,2849823.023137664,6.626324798588126
0.7140178571428571,1.400525196948856,4383.95539016795,2144.610735048251,-0.04140121826223339,-3746.8630206822777,-5186.740065324442,-387.8721501712554,0.0075053303712723325,-3190.094353132228,47.4068596958206,-1482.2312444652684,-740.0574752398301,1879.7250826292784,1873.2428180627378,-1185.3893822311607,18069358.136751167,6.7553029915711225
0.7140142857142857,1.40053220223685,4433.6934897956535,2168.7677441128067,-0.04508107482219737,-3788.7881443605957,-5245.423642263009,-392.2236333084711,0.008172243557746681,-3226.13809938704,49.684939519143356,-1498.7968422482738,-724.7257953685564,1900.762333924504,1834.1917641245773,-1160.5232207799465,-21611139.141748372,6.885842912340567
0.7140107142857143,1.400539207594924,4482.681738789817,2192.6303894297594,-0.04906022668893437,-3830.962404161031,-5303.2445799500565,-396.5211915575108,0.008893381650845238,-3261.4353855794066,52.057212873574095,-1514.916909827395,-709.814485156308,1921.2366164145456,1796.1995120916906,-1136.323732159984,1387097.8001691573,7.01794856168102
0.7140071428571428,1.400546213023079,4531.671573490264,2216.1858244939594,-0.053359285611004115,-3873.28981683313,-5360.95108869932,-400.7624303997197,0.009672477310361036,-3297.5250112328163,54.525469206956316,-1531.780363281426,-695.3110084609954,1942.655278722031,1759.2318605623602,-1112.767705063915,21528812.943564896,7.15162379798805
0.7140035714285714,1.400553218521316,4581.109833646367,2240.1599723952077,-0.05799860183744337,-3914.9865988355773,-5419.25543074326,-405.07895709887487,0.01051321545705852,-3333.409527939247,57.09011765174548,-1548.293028800336,-681.2016679463109,1963.631492917275,1723.2553412560449,-1089.8347225817427,-22249734.19085319,7.286872337676513
0.714,1.400560224089636,4629.875816484336,2263.8958386170734,-0.06300645771997095,-3956.8917059503315,-5476.794494957833,-409.3516829809885,0.01142071901311054,-3368.5571181360883,59.75816174712708,-1564.3424392501756,-667.473044998412,1984.022512013284,1688.2375196920543,-1067.5052325589488,-2112014.147002102,7.423697755618479
0.7139964285714285,1.40056722972804,4678.585581322608,2287.32398590308,-0.06840844511207418,-3999.022813374771,-5534.159696303997,-413.56798671339277,0.012399622251873108,-3404.3828617109502,62.532270576730475,-1581.0478129964931,-654.1147012777135,2005.2477504691,1654.148242225296,-1045.757782002386,24622971.90987479,7.562103485608072
0.7139928571428571,1.4005742354365291,4727.717896482083,2311.130353605095,-0.07422743086049491,-4040.4990766709147,-5592.081580710738,-417.85216147609174,0.013454064599529912,-3440.057714656466,65.4114286991615,-1597.4623992454237,-641.1144354962357,2026.1070030471217,1620.9577890692005,-1024.5743022550942,-21193813.37309259,7.7020928208557455
0.7139892857142857,1.4005812412151044,4776.192055394383,2334.694188115512,-0.08049658113535349,-4082.0786513602857,-5649.2506456694455,-422.0916656614684,0.014590052451896457,-3475.0359262448796,68.40260251437935,-1613.4470647161422,-628.4600781776893,2046.4234955626146,1588.6372207806774,-1003.9376651776344,-5558880.113256803,7.843668914507859
0.7139857142857142,1.400588247063767,4824.544188722957,2357.952787032169,-0.08724827920794687,-4123.919399818344,-5706.179990330318,-426.27514133402667,0.015813449636719934,-3510.5548094141764,71.51022885088618,-1629.9813078297548,-616.1430104300813,2067.4399649547004,1557.1597792097866,-983.8277960817611,26201254.56176024,7.98683478019335
0.7139821428571428,1.4005952529825176,4873.366370873261,2381.5911682677934,-0.09451016207824915,-4165.178011835483,-5763.712917903962,-430.5266902346947,0.017129259305693603,-3546.013696724521,74.73342990082996,-1646.294643929771,-604.1510556313083,2088.179051374904,1526.4983318369389,-964.2298695299726,-20194705.078464743,8.131593292596145
0.7139785714285714,1.4006022589713578,4921.483520163941,2404.971746854968,-0.10231870238536826,-4206.412447610777,-5820.440191086548,-434.73073160800203,0.018544085315194622,-3580.723491082115,78.07723774923336,-1662.1444513040278,-592.474601465525,2108.333755110588,1496.627511589959,-945.1271719886664,-6790313.321190465,8.277947188052545
0.7139749999999999,1.4006092650302884,4969.434176297818,2428.020441601177,-0.11071361977759775,-4247.881149180887,-5876.872407561369,-438.8738308853536,0.020065120360576835,-3615.9546555639745,81.54742829815675,-1678.5411709657328,-581.1051875092152,2129.1855250015183,1467.5230123575075,-926.5024847700884,26614684.05603174,8.425899065172725
0.7139714285714286,1.40061627115931,5017.862921156123,2451.4482656561745,-0.11972970402877421,-4288.851337095071,-5933.914461051255,-443.08483593148304,0.021698662719076056,-3651.14407316543,85.14450857809281,-1694.7313952371828,-570.0320697649998,2149.7790309541747,1439.1607235429979,-908.3425093684169,-20774378.250498574,8.575451385482117
0.7139678571428572,1.4006232773584244,5065.610823911076,2474.6548845163375,-0.1294085010257553,-4329.751989267638,-5990.187477010897,-447.25488889342074,0.023452233189307246,-3685.538549296758,88.87256777079008,-1710.4066244790586,-559.2467488108414,2169.723612625726,1411.5181229790826,-890.6323501691356,-6729379.993408829,8.72660647410875
0.7139642857142857,1.4006302836276323,5113.127827795412,2497.4773573798416,-0.1397953599552541,-4370.824908578551,-6046.081093407913,-451.35439732888847,0.025334041864913583,-3720.4623449568676,92.7366694652423,-1726.6589694078502,-548.7418653501738,2190.403946971569,1384.5736152769055,-873.3564564283208,28227576.97196409,8.879366520446974
0.7139607142857143,1.400637289966935,5161.076070878867,2520.6474593126636,-0.15093280038974152,-4411.411056402959,-6102.525301448484,-455.51598752100676,0.027351785442579817,-3755.333850465044,96.73837361174539,-1742.711294891352,-538.508203494956,2210.8350390993232,1358.305627961039,-856.5022889565021,-22383128.083579972,9.03373357888966
0.7139571428571428,1.400644296376333,5208.434853673984,2543.662422333022,-0.1628718513584975,-4451.956212134932,-6158.314560066926,-459.648497993339,0.029514701958212937,-3789.4218318639737,100.8832763440878,-1758.2285479410534,-528.53683697255,2230.592123723951,1332.693343616944,-840.0578018670548,-8532412.993358267,9.189709569558552
0.7139535714285714,1.400651302855828,5255.484267979837,2566.2672588034675,-0.17566280896025954,-4492.630694331397,-6213.635184847124,-463.7056451829388,0.03183189562846111,-3823.9508756116734,105.17476251128484,-1774.267066226849,-518.8222647898107,2251.01506727704,1307.717775133914,-824.007761118014,32347272.01023695,9.34729627906048
0.71395,1.4006583094054206,5302.90074624266,2589.1455125270227,-0.1893541838493475,-4532.778416381042,-6269.413902241634,-467.8112969486572,0.034312147058384396,-3858.493585838454,109.61368401421576,-1790.189699045406,-509.3562566343626,2271.2964686235823,1283.3595324489647,-808.340809200551,-23078947.220907647,9.506495361263289
0.7139464285714285,1.400665316025112,5349.802358713244,2611.9270395442036,-0.2040094062912417,-4572.881670228079,-6324.631921060349,-471.89835340660323,0.036966940419374206,-3892.2507433623323,114.2080718501372,-1805.5496830310678,-500.12969583446295,2290.8698012309715,1259.5994740990934,-793.0473319520175,-13622965.277236909,9.667308338092491
0.7139428571428571,1.4006723227149032,5396.348074493457,2634.3035392546744,-0.21968779821782175,-4613.151204064565,-6379.334598253392,-475.91087743517465,0.03980701224101151,-3926.343676287823,118.96163317930495,-1821.3481093655928,-491.1386870435397,2311.0051603230827,1236.4210445785745,-778.112594863049,37053090.02637277,9.829736600345546
0.7139392857142857,1.4006793294747957,5443.2242415547125,2656.9016837308673,-0.23644205052463732,-4652.857437389288,-6434.4385280619135,-479.9623528531405,0.042841896214255465,-3960.5128522409223,123.87303260545917,-1837.1025511920127,-482.3757664745203,2331.090946295854,1213.8069760935393,-763.5267004099733,-21304542.519571744,9.993781408526552
0.7139357142857142,1.4006863363047894,5489.593993641242,2679.400756947738,-0.25434623085572844,-4692.450735188495,-6488.988286990945,-483.9946302856216,0.046084999804295035,-3993.921116209266,128.95084298885595,-1852.3150361237085,-473.83266971402287,2350.495759601728,1191.740135422873,-749.281210015497,-19326483.2656698,10.159443893697633
0.7139321428571428,1.4006933432048865,5535.592867512962,2701.525405347456,-0.27347451975575393,-4732.254585551735,-6543.0169630806795,-487.957776708715,0.04954974931593798,-4027.556801578622,134.20151055723912,-1867.8697358360828,-465.50622982793766,2370.3416771935613,1170.2056714303633,-735.3623771904197,39029803.52689817,10.326725058348496
0.7139285714285714,1.4007003501750876,5581.927161296756,2723.8537560742884,-0.29388651646119657,-4771.536173617873,-6597.443120534594,-491.95644963963,0.053246928117019345,-4061.326016153755,139.62261539366338,-1883.4334140173246,-457.3886873704041,2390.2059406799635,1149.1875999758072,-721.7624093998243,-18023450.894768037,10.495625777282786
0.7139249999999999,1.400707357215394,5627.710613364039,2746.0556396411093,-0.31566170599179094,-4810.590997608614,-6651.259316606671,-495.9307940115792,0.05719092129063881,-4094.3191003480906,145.22005379492106,-1898.4557961771666,-449.4743052105771,2409.3917670340866,1128.6710989398132,-708.4717283181564,-22144351.124013867,10.666146798520913
0.7139214285714285,1.4007143643258064,5673.12432350686,2767.892389743836,-0.3388918030106246,-4849.85145428374,-6704.556577216455,-499.8375160113811,0.06139833133787252,-4127.518565128836,151.00330315990036,-1913.8005683723559,-441.7585214355889,2428.9946663497167,1108.6420438402904,-695.4797552033683,37623559.847934626,10.838288744218737
0.7139178571428572,1.4007213715063258,5718.857185459395,2789.927067866413,-0.3636491570674755,-4888.671786420156,-6758.230141752902,-503.77857050406476,0.0658822482517092,-4160.835361104086,156.97116577366612,-1929.1448664680206,-434.2352106586604,2448.605603767949,1089.0862123386285,-682.7782998308033,-15771630.042581147,11.012052111596288
0.7139142857142857,1.4007283787569536,5764.055887639526,2811.8486700235203,-0.39001956735102594,-4927.205070162296,-6811.3133724093395,-507.6975171926673,0.07065819448889196,-4193.376292067252,163.12705244082537,-1943.9426394023847,-426.89895629220615,2467.5328157268714,1069.9902581599442,-670.359140730529,-22223827.328107957,11.187437273908582
0.7139107142857143,1.4007353860776908,5808.839469718614,2833.3705090946887,-0.41810704894766365,-4965.8803526111715,-6863.817682620024,-511.5423180775437,0.07574499428045321,-4226.124661748044,169.48017205054933,-1959.0802298801664,-419.7457460780107,2486.900307997166,1051.3416035172563,-658.2127777573993,37012492.46805482,11.36444448137621
0.7139071428571429,1.4007423934685383,5853.904575375999,2855.077701217564,-0.4480011868852345,-5004.158514921164,-6916.653725341719,-515.4189510401826,0.08115885543297621,-4258.949892632397,176.0317719492157,-1974.1927004209424,-412.77124224023953,2506.246328455921,1033.1279497063429,-646.3305799824973,-16095553.595545143,11.543073862184505
0.7139035714285714,1.4007494009294974,5898.52576991971,2876.720724696685,-0.4798029904201157,-5042.181728361381,-6969.004607350803,-519.2820980774752,0.08691805422302075,-4291.053431227229,182.78610362612207,-1988.7795651437934,-405.9677424723524,2524.9361393474474,1015.3361732120017,-634.7082891924441,-23502660.074794162,11.723325423468784
0.7139,1.4007564084605688,5942.639396174775,2897.934176762338,-0.5136218815928877,-5080.264082843714,-7020.6709592886145,-523.0654683506528,0.09304238819397155,-4323.259858860872,189.7488229340549,-2003.6396555020283,-399.334881607993,2543.983979266919,997.9560642358742,-623.3335328675067,40975813.747452885,11.905199052317345
0.7138964285714285,1.4007634160617537,5987.011206673437,2919.284592085331,-0.5495636901286841,-5117.945053900821,-7072.624961439317,-526.8716414701042,0.09955100694162387,-4355.623815068673,196.92240945064816,-2018.5590483346562,-392.86693871513,2563.1190534503116,980.9757827513049,-612.2004891320294,-17800101.7100189,12.088694516787974
0.7138928571428571,1.4007704237330532,6030.992138095252,2940.6210444442286,-0.5877516810799774,-5155.396731969846,-7124.161845038044,-530.6731951681725,0.1064662154201211,-4387.243363401336,204.31389552943045,-2032.9132807047213,-386.5566516157084,2581.5498694971684,964.3831764439672,-601.3054193092831,-28649668.43642689,12.273811466935324
0.7138892857142857,1.4007774314744683,6074.433472899039,2961.533518850314,-0.6283075894643699,-5192.906956830932,-7174.980880928977,-534.3957300082615,0.11381003288643904,-4418.889423200328,211.92776006495436,-2047.4803911417177,-380.40456774895455,2600.2642556903093,948.1693136850946,-590.6361024293585,47350572.029986605,12.460549435850368
0.7138857142857142,1.4007844392860005,6118.095455807569,2982.5315713970035,-0.671344723730722,-5229.972341197792,-7226.028339856864,-538.1314251247717,0.12160295341160916,-4450.753603005201,219.76395587941997,-2062.1776362289716,-374.40515592301125,2619.1573499971687,932.3234397762061,-580.1877901072737,-16704336.243508562,12.648907840710557
0.7138821428571428,1.40079144716765,6161.366119577579,3003.517362301688,-0.7170083256436302,-5266.78195434797,-7276.655997441638,-541.8624878471073,0.12987125432282823,-4481.870934548928,227.83134487841036,-2076.3081463678755,-368.5526673292705,2637.346358918564,916.8349910447945,-569.9563186955033,-35913073.266787216,12.83888598384037
0.7138785714285714,1.400798455119418,6204.128447230954,3024.125854986466,-0.7654474934894957,-5303.696881340466,-7326.61023791432,-545.522667294659,0.13864190890551822,-4512.95770838994,236.13771539811793,-2090.5881447313172,-362.8460116473751,2655.740409583657,901.6952953035404,-559.9324317772345,50152282.66737419,13.03048305378245
0.7138749999999999,1.4008054631413065,6247.067673419764,3044.785479593818,-0.8167804001331951,-5340.163102485799,-7376.732808788701,-549.1894338813923,0.14793628616019602,-4544.267160684505,244.67943499211617,-2105.0182806884027,-357.28151995687733,2674.3408788574293,886.895056009714,-550.110229248757,-11060879.125728434,13.22369812637804
0.7138714285714285,1.4008124712333154,6289.59830929275,3065.4061335098527,-0.8711646312168365,-5376.296320118281,-7426.405072257102,-552.8463833290386,0.15778289415227104,-4574.867667631831,253.46347635657446,-2118.9234688406164,-351.85423619500045,2692.292882297668,872.4247547387702,-540.4855931095001,-41428825.77807306,13.418530165856104
0.7138678571428572,1.4008194793954465,6331.640041763646,3085.682663785681,-0.9287844413286811,-5412.548881171109,-7475.431007532772,-556.4381146807007,0.16821507341869765,-4605.392352447473,262.5022936764288,-2132.929348571399,-346.56148694314174,2710.3905687151732,858.2757928348803,-531.0519061855617,47211880.440264314,13.614978025926252
0.7138642857142857,1.4008264876277003,6373.831959700939,3106.0007762927,-0.9897755977761847,-5448.414846345158,-7524.59024295199,-560.034360547335,0.17925737015575532,-4636.113796201513,271.79235942349356,-2147.0707475865393,-341.4014848929877,2728.6790851117466,844.4401914469851,-521.8019067012075,-4514720.759794255,13.81304045090927
0.7138607142857143,1.4008334959300783,6415.626629954697,3126.2753498587813,-1.0543012535755376,-5483.88118305308,-7573.304917114228,-563.6195440118765,0.1909392852461409,-4666.163699754781,281.33655378859567,-2160.719232187096,-336.3689443252992,2746.3622419168255,830.9091158733332,-512.7328758056611,-42931346.801508136,14.012716076815588
0.7138571428571429,1.4008405043025816,6456.898224306529,3146.188744822803,-1.1225717137666973,-5519.419417612019,-7621.328823370941,-567.1359741440017,0.20329886323080185,-4696.117102630939,291.14837448697216,-2174.4617789563063,-331.46193453690114,2764.1852546610835,817.6750425939093,-503.8383625367865,43722255.19876398,14.21400343249131
0.7138535714285714,1.400847512745211,6498.309388703992,3166.1514944337737,-1.1947566195547081,-5554.632845100169,-7669.473363160761,-570.6578939402007,0.21636677911319668,-4726.228945526956,301.22828614290734,-2188.308421158477,-326.6796155598264,2782.162298324024,804.7310596002301,-495.1109270593097,-2356360.3084595343,14.416900940741463
0.71385,1.4008545212579675,6539.381958195075,3186.0946034883923,-1.2710350032131963,-5589.460292028069,-7717.23542910887,-574.1726207004926,0.23017540657869767,-4755.726696285244,311.57768758494046,-2201.697286008476,-322.0141641296495,2799.581094709025,792.0680251867917,-486.5515463526098,-43076331.62747746,14.621406919465928
0.7138464285714285,1.4008615298408522,6579.851563503932,3205.6492166090693,-1.3516232951819207,-5624.267755454179,-7764.212403359568,-577.613198014192,0.24476388743177166,-4785.043749089923,322.205434880955,-2215.1286208154643,-317.46834587951224,2817.078089801236,779.6806830803497,-478.14907331354004,45796220.52013338,14.827519582801134
0.7138428571428571,1.4008685384938662,6620.462835781754,3225.2324137852565,-1.436729270210068,-5658.773624924596,-7811.298601596011,-581.0550158203073,0.26016980569998105,-4814.57996565111,333.11609150843975,-2228.721425844224,-313.03785462030646,2834.8050119959103,767.5614076056951,-469.90074356156407,-5074656.646765798,15.035237042268452
0.7138392857142857,1.400875547217011,6660.771134482339,3244.834201798182,-1.5265645350352275,-5692.931813877763,-7858.04589230778,-584.4960981476435,0.2764314254316568,-4843.477365884749,344.3132834382677,-2241.8213376286953,-308.7165475695759,2851.933040488662,755.7020947728853,-461.80613551501426,-46262155.795454,15.244557307927444
0.7138357142857142,1.4008825560102869,6700.454338335958,3264.0493737114966,-1.621356328650686,-5727.038369145167,-7903.980964873348,-587.8628517233161,0.29358982440425724,-4872.148788536392,355.802369055402,-2254.929670796597,-304.5073394589153,2869.0996543361885,744.098140173398,-453.854687998833,52553510.17559396,15.455478289534556
0.7138321428571428,1.400889564873695,6740.242004308174,3283.2499603034817,-1.721328461941665,-5760.80446355,-7949.966679030605,-591.2224384168404,0.311685469099197,-4901.080841854154,367.5860604591567,-2268.2527549806186,-300.4059125578059,2886.5670280339773,732.7425356124726,-446.0444392644066,-5415849.733978705,15.667997797706205
0.7138285714285714,1.4008965738072368,6779.73545159643,3302.481858325094,-1.8267353181290458,-5794.23390528889,-7995.620977590739,-594.5830191267484,0.3307643559765433,-4929.3630096587185,379.67180793881215,-2281.0704511873223,-296.4085303360751,2903.423785467444,721.6286571107375,-438.37295948167855,-54172586.964084744,15.882113545086984
0.7138249999999999,1.400903582810913,6818.652300997855,3321.3728603159593,-1.9378434446468698,-5827.649559808966,-8040.521288784091,-597.8769411651042,0.3508746813001362,-4957.400406441225,392.0674042937443,-2293.863889846863,-292.5132734392551,2920.281081551373,710.7506587999426,-430.8358958531332,56587897.37998774,16.097823147520934
0.7138214285714285,1.400910591884725,6857.59715138043,3340.2066600599996,-2.05487055249897,-5860.684283426552,-8085.373880573214,-601.1553860531604,0.3720557904799743,-4985.661385920961,404.7688665131331,-2306.8641609490237,-288.72200941732353,2937.4337522204864,700.1041839648408,-423.4246771787244,2443939.3260837784,16.31512412522718
0.7138178571428571,1.400917601028674,6896.267058624071,3359.0570810002687,-2.178104025444053,-5893.347258023533,-8129.901930342102,-604.4315289619268,0.3943596570421415,-5013.3530271200725,417.78462527168,-2319.429149827055,-285.02767642925954,2954.0689072814703,689.6818605803954,-416.1412761098776,-64106221.095283635,16.534013903978636
0.7138142857142857,1.4009246102427602,6934.377002913032,3377.6087895910014,-2.3078685496355527,-5926.023153217202,-8173.700349175339,-607.6480221541932,0.41784500085496196,-5040.727902911996,431.12787719662776,-2331.897113673636,-281.4285967703142,2970.6171477525054,679.478239452091,-408.98144173410697,53715488.6365423,16.754489816276923
0.7138107142857143,1.4009316195269854,6972.486602241046,3396.0914730175723,-2.4443969775523975,-5958.350424122048,-8217.410438178309,-610.8462365533313,0.4425538839881979,-5068.305031243751,444.7924264876719,-2344.5627814059085,-277.92810999374416,2987.454045758239,669.4899090263601,-401.9354267117531,14403834.430178002,16.976549102564125
0.7138071428571429,1.4009386288813506,7010.3323778655895,3414.577157700602,-2.5879809244549095,-5990.242506890676,-8260.794938480985,-614.0389435322595,0.4685390136970655,-5095.37493730026,458.7817552141003,-2356.849259923007,-274.5181534166225,3003.848891954893,659.7096539112779,-395.0070146184333,-69476512.88076627,17.200188912368166
0.7138035714285714,1.4009456383058565,7047.591144463695,3432.7635689263634,-2.7389974281659453,-6022.1257815565405,-8303.415126181797,-617.1711453372585,0.4958685632774259,-5122.081186254347,473.1124017000861,-2369.0052551998365,-271.19938365095777,3020.1194169455252,650.1334001411168,-388.1899277477673,47635445.404664874,17.425406305519182
0.7138,1.4009526478005043,7084.86984172579,3450.904326789973,-2.897735747611763,-6053.728346648329,-8345.966938324022,-620.2885187248074,0.5245948073869979,-5148.973954717438,487.78311013004253,-2381.339003577929,-267.9724679370149,3036.6582211797254,640.7572045967852,-381.4780406281605,20843025.714009903,17.652198253332692
0.7137964285714286,1.4009596573652952,7121.899627121288,3469.048028287947,-3.06448648310875,-6084.88022643371,-8388.199421297482,-623.3995930048466,0.554770257292166,-5175.394485009738,502.79160238813523,-2393.3227265284368,-264.8307953933076,3052.7972178533846,631.5747209314013,-374.87389128537745,-68647914.82715209,17.880561639801613
0.7137928571428571,1.4009666670002303,7158.298676284272,3486.8757973659,-3.2396444479012354,-6115.9502900679,-8429.609530609943,-626.4463509441365,0.5864662923216452,-5201.413387837712,518.1511366490167,-2405.1561050754744,-261.77699667726415,3068.7924846593883,622.5829180601415,-368.36933167810355,45091395.29641862,18.11049326278865
0.7137892857142857,1.4009736767053105,7194.727711280401,3504.6608997540966,-3.4235723655863866,-6146.7814095056365,-8470.952427899276,-629.4779855364129,0.6197484975843439,-5227.63594523657,533.8672866892388,-2417.1812869867276,-258.80852842909985,3085.0795919894613,613.7769999926963,-361.96231594188373,18881963.647314113,18.341989835219856
0.7137857142857142,1.4009806864805363,7230.932586393979,3522.474253022302,-3.6165945171622953,-6177.196465105181,-8511.999967609709,-632.5070623994385,0.6546754576393703,-5253.37566125082,549.9378959378786,-2428.8390303176825,-255.92114322339498,3100.9511528873113,605.151713705791,-355.6529481105254,-67774326.7933522,18.5750479862789
0.7137821428571428,1.4009876963259098,7266.493918671183,3539.969877835762,-3.819107088590746,-6207.478446817035,-8552.202315126118,-635.4705933000394,0.6913187536959657,-5278.698872880977,566.3703330431462,-2440.3384660788765,-253.11665633751673,3116.6746983604226,596.7040937673396,-349.4344742160805,49000827.84412961,18.80966426260053
0.7137785714285714,1.4009947062414316,7302.047510484091,3557.3937249850933,-4.031510447518454,-6237.497389537157,-8592.279475984738,-638.4127678192165,0.7297507456803863,-5304.232193177984,583.1704802872538,-2452.0507942226996,-250.3933317133075,3132.7227308888137,588.4299893787884,-343.3043592641491,17365134.282572307,19.04583512946513
0.7137749999999999,1.4010017162271025,7337.405469391526,3574.8695477331285,-4.254202549903952,-6267.137844603608,-8632.08790062286,-641.3557063500645,0.7700433427034339,-5329.284492839244,600.3419592149343,-2463.389283085995,-247.74843530316028,3148.353814516492,580.3250265895698,-337.261364743787,-74294734.56382674,19.28355697199196
0.7137714285714285,1.4010087262829238,7372.156661114249,3592.0607992291425,-4.4876137838473324,-6296.658434275025,-8671.088818136226,-644.2380876011491,0.8122743209775592,-5353.913324571191,617.891148126564,-2474.552486571719,-245.17808983007546,3163.821476960546,572.3845191535212,-331.30571592916897,53757128.56677019,19.522826096332118
0.7137678571428571,1.4010157364088969,7406.819811347909,3609.1402570394393,-4.732123884684199,-6325.861136323487,-8709.859269059767,-647.0908885034555,0.8565122753261313,-5378.703530992208,635.815656901111,-2485.911389080877,-242.6895783195738,3179.5992627880364,564.6077686790184,-325.4247061981185,25771895.492798086,19.763638730860297
0.7137642857142856,1.4010227466050218,7441.327262947776,3626.271350060925,-4.988206237498655,-6354.686641476683,-8748.388778553588,-649.94333909045,0.9028427908666433,-5403.099133015728,654.1242175799055,-2496.9657994468903,-240.27313280186874,3195.0549208235225,556.98819653531,-319.62562152668414,-88011935.9595857,20.005991027365923
0.7137607142857143,1.4010297568713004,7475.245428921005,3643.1621508702647,-5.256369587505342,-6383.422951578599,-8786.132101752093,-652.7421848239146,0.9513578113507801,-5426.998491203691,672.8279427589832,-2507.7716590157265,-237.92750473377373,3210.262175162013,549.5223652933544,-313.9060107645282,52537821.18078849,20.24987906223452
0.7137571428571429,1.4010367672077335,7509.0487516729045,3659.928626841166,-5.536990500143423,-6411.846266351246,-8823.601281233912,-655.5080732843638,1.002125299913294,-5451.04546346885,691.9190615571309,-2518.7714649089244,-235.66058465390745,3225.784882218407,542.2100720645647,-308.2528112803057,41866323.09163019,20.49529883766543
0.7137535714285714,1.4010437776143227,7542.704353432907,3676.7310753229654,-5.830549739271881,-6439.8422815421345,-8860.81992712444,-658.2695981315342,1.0552321161136557,-5474.761434111082,711.4018608994483,-2529.5262262321753,-233.46135289029837,3241.067957336801,535.0445568933267,-302.6750906477693,-97668663.07131161,20.742246282812356
0.71375,1.4010507880910683,7575.761296439077,3693.3096396808764,-6.137650869566612,-6467.750304453978,-8897.236536620463,-660.9792869534499,1.1107873311327556,-5497.928436667248,731.2935332442547,-2539.987967812044,-231.33247445581242,3256.0545516450447,528.0239144928524,-297.16600634431774,44014400.43620006,20.99071725499669
0.7137464285714286,1.4010577986379718,7608.729322258325,3709.789359898325,-6.4587397863044105,-6495.400108842502,-8933.400124075117,-663.6593639921259,1.1688714761653105,-5521.235554129772,751.5899915067245,-2550.63053239801,-229.27404279993715,3271.3476596919127,521.1454107949777,-291.72183493367015,53803700.39095516,21.24070754088112
0.7137428571428571,1.401064809255034,7641.526493488231,3726.2864092435584,-6.794251399838267,-6522.581111302928,-8969.270128672375,-666.3304935899722,1.2295630743389947,-5544.2224115039935,772.2849342952518,-2561.04771194469,-227.2841273750146,3286.4348442348396,514.4057064180118,-286.3413138229274,-95729491.4848769,21.492212857647484
0.7137392857142857,1.4010718199422558,7673.721743967986,3742.558020975531,-7.144847104792125,-6549.6278181522675,-9004.320557756337,-668.9482345748145,1.2929816784961479,-5566.665898081607,793.3964307966947,-2571.1801192356506,-225.36021451748437,3301.2445184994667,507.8012999921064,-281.0239002945986,33304801.125603866,21.745228854172648
0.7137357142857143,1.401078830699639,7705.8291220046085,3758.7472985050026,-7.51108760992889,-6576.464064474643,-9039.109718493963,-671.5380325729099,1.3592286094074013,-5589.217023700413,814.9286669137749,-2581.4643352665244,-223.50292728621352,3316.333310685831,501.3299669254913,-275.7656335690118,55873184.73521851,21.999751112200304
0.7137321428571428,1.4010858415271836,7737.785867593587,3774.968872180663,-7.893420459488317,-6602.853058771373,-9073.615734787034,-674.1202454578757,1.4283846143705803,-5611.457909330028,836.8721682986115,-2591.5276743105987,-221.7121772967736,3331.231373966719,494.98932849674503,-270.5634842679632,-89031487.96174946,22.25577514750999
0.7137285714285714,1.4010928524248916,7769.142149927018,3790.963788090834,-8.292495688782505,-6629.053355067649,-9107.288827513394,-676.6474418333921,1.5005671005447507,-5633.170255736683,859.237959887557,-2601.322256456013,-219.9834177521585,3345.881035011874,488.77542357273063,-265.41959483654273,29458514.348439723,22.513296411082717
0.7137249999999999,1.4010998633927634,7800.372260562493,3806.8640193893248,-8.708952907904798,-6655.038141415257,-9140.642861564414,-679.143001507766,1.575891604375827,-5654.955600388031,882.033709205322,-2611.2518294417714,-218.32091338031492,3360.7980936003587,482.6874058444319,-260.3258565895275,54797513.66804782,22.772310290262027
0.7137214285714285,1.4011068744308004,7831.498638542584,3822.8266530625956,-9.14334275877202,-6680.6238153389895,-9173.754891056498,-681.6349082462895,1.654457546352564,-5676.454994301751,905.2562872956713,-2620.970154327561,-216.7207428793388,3375.5465032984894,476.7216560501823,-255.2838138330719,-90979611.57655816,23.03281210991213
0.7137178571428571,1.4011138855390035,7862.034078638815,3838.5787000307487,-9.596300947897443,-6706.002294739059,-9206.03311173081,-684.0732032975701,1.73637972793867,-5697.412617152402,928.9097717292682,-2630.4065676294103,-215.17834872291013,3390.03976372024,470.8743964191566,-250.2958341335195,32728364.16734295,23.29479713357109
0.7137142857142856,1.401120896717374,7892.382627501169,3854.2079305334837,-10.068453923726922,-6731.117727422896,-9237.905428511465,-686.4732801435111,1.8217712799327448,-5718.405460469377,952.9957067823888,-2639.965247527663,-213.70359301314713,3404.7948448326724,465.1469233454668,-245.34747573677902,60852203.02758241,23.558260564600204
0.7137107142857142,1.401127907965913,7922.669436077102,3869.91122534424,-10.560487669881878,-6755.860082511995,-9269.563829544257,-688.8702253784733,1.9107561690625414,-5739.174849167314,977.5196902185685,-2649.359599861846,-212.28577139061142,3419.451456105304,459.53346246569487,-240.44844886851172,-104658558.97277589,23.823197547328345
0.7137071428571429,1.4011349192846203,7952.384538291833,3885.443565802141,-11.073110124937815,-6780.417431868265,-9300.40397121624,-691.2191141138378,2.003462215431033,-5759.348638159656,1002.4875970510249,-2658.4168732161133,-210.92408882052646,3433.794546506136,454.0318710950693,-235.59709194844785,34088082.87336133,24.0896031681838
0.7137035714285714,1.401141930673499,7981.889399942721,3900.842184623315,-11.606909438371195,-6804.695720532208,-9330.793264701977,-693.5261585440486,2.0999955007346123,-5779.549723628797,1027.8929357385723,-2667.599912831382,-209.62773087182507,3448.414716800036,448.6434232602126,-230.7800157035924,76906247.79797499,24.35747245686227
0.7137,1.4011489421325487,8011.336208152075,3916.30417439906,-12.162601526909304,-6828.5728402771365,-9360.950797933547,-695.8264209365201,2.200485305350351,-5799.572786509751,1053.7395321398221,-2676.6633114634787,-208.38623079343554,3463.0038698923654,443.36257113348563,-226.0068135709307,-116737235.20114182,24.626800387407364
0.7136964285714286,1.401155953661771,8040.228365438707,3931.625521251651,-12.74104123899509,-6852.284701718499,-9390.29924913552,-698.0823348936369,2.305086009296672,-5818.9672775162335,1080.0414259732245,-2685.3555992808406,-207.20157708179192,3477.248458701138,438.18817849864683,-221.27256054926275,24539394.156136826,24.89758187936834
0.7136928571428571,1.4011629652611668,8068.924666790917,3946.834406495195,-13.34285748157568,-6875.746606386616,-9419.199040583424,-700.298421365499,2.413911113975277,-5838.373028070045,1106.7914660156248,-2694.157299898917,-206.07318392386992,3491.7607776121613,433.11824008772936,-216.5754315796932,93550187.64620763,25.169811798910867
0.7136892857142857,1.4011699769307373,8097.528800397179,3962.083273941696,-13.968666101716048,-6898.7609103335835,-9447.805877722432,-702.5017720852035,2.527071724784991,-5857.605230367894,1133.9808068991135,-2702.857432284577,-205.00553794033559,3506.277479620224,428.15259146598845,-211.90770769498891,-114908846.86204617,25.44348495993136
0.7136857142857143,1.4011769886704832,8125.605492045732,3977.2047497648796,-14.61945583902874,-6921.594283659828,-9475.615440023534,-704.6613255580619,2.64474653234629,-5876.2395764770545,1161.6296961425642,-2711.2089188036325,-203.98830451155328,3520.490212959795,423.2859423664466,-207.27901751136892,5642333.779157827,25.71859612516471
0.7136821428571428,1.401184000480406,8153.483146059256,3992.239284742157,-15.295992726792107,-6944.220701697346,-9502.96098386145,-706.7837645918152,2.76707383410062,-5894.824889500958,1189.7381917932146,-2719.616777330448,-203.02602747355758,3534.9169706916664,418.5183583825541,-202.6818366556634,101953949.15338852,25.99514000728641
0.7136785714285714,1.4011910123605065,8181.283031837611,4007.320429513873,-15.998846128742546,-6966.405073796994,-9530.009362713427,-708.8927501292445,2.894156186555327,-5913.259828126616,1218.2902113172884,-2727.9430290357373,-202.1236047210193,3549.3863664264945,413.85001824902923,-198.10820032821954,-103523057.09234558,26.27311127000928
0.713675,1.4011980243107858,8208.564584492507,4022.274346589826,-16.728986963333398,-6988.362550733292,-9556.249524617873,-710.9560029886852,3.026168899655494,-5931.126534973218,1247.2996930495901,-2735.9489423426853,-201.26803013722164,3563.5999749768503,409.2748570895426,-193.57104012550528,-7554837.066446511,26.552504529172904
0.7136714285714285,1.401205036331245,8235.620269909461,4037.147971175288,-17.48732473353065,-7010.123179599109,-9581.979977280662,-712.9813065321246,3.16327615137303,-5948.886978839466,1276.7737700453406,-2743.969864351072,-200.47061171263812,3577.9889593733506,404.79532296721646,-189.05488642905306,102211331.33903827,26.833314353827934
0.7136678571428571,1.401212048421885,8262.648137392218,4052.0976267084416,-18.274533083225386,-7031.486999106678,-9607.450572295424,-714.996351839245,3.3055994505315445,-5966.532084395461,1306.700937487736,-2751.929177946406,-199.7245095670565,3592.4593205193573,400.4075790267065,-184.565561922679,-98697996.63200782,27.11553526731331
0.7136642857142856,1.401219060582707,8289.147660277074,4066.923519380738,-19.091467342511894,-7052.585811875425,-9632.082684511812,-716.9642846195716,3.453293125434069,-5983.593319463197,1337.082192052068,-2759.5596644051197,-199.02853494771244,3606.677142059667,396.10982138914744,-180.10230608319523,-7300030.149432723,27.399161748326986
0.7136607142857142,1.4012260728137125,8315.39396421963,4081.6601013751465,-19.93908201661802,-7073.459083365697,-9656.152354597483,-718.8905741797241,3.6065295555502033,-6000.530052855277,1367.9240581103536,-2767.200485080643,-198.38836461771447,3621.078220346446,391.90265209713704,-175.6563391627659,102261232.30393444,27.684188231990174
0.7136571428571429,1.401233085114901,8341.643353839308,4096.491458100742,-20.81823781141141,-7093.9739807321,-9679.975318451396,-720.8078216636334,3.765464158842246,-6017.377319216988,1399.225082062623,-2774.796632042412,-197.7968133247557,3635.5971513876707,387.78232362480276,-171.23408492860514,-106887024.15748711,27.970609110895985
0.7136535714285714,1.401240097486275,8367.388681962846,4111.231797102613,-21.72980668220868,-7114.234459616152,-9702.971944235424,-722.6816847626832,3.930254133530259,-6033.617992090183,1430.9836207696,-2782.0373543325236,-197.25482699378657,3649.844971643633,383.7479917568542,-166.83251097436087,-3321846.4678328037,28.25841873619528
0.71365,1.401247109927836,8392.864539614817,4125.87675772073,-22.674660134284085,-7134.243355431211,-9725.364727319662,-724.5106062206378,4.101056629048748,-6049.730948528585,1463.1969971580293,-2789.2948819080525,-196.76574678920036,3664.2983122144274,379.7995875138489,-162.44573491634378,112610224.7152655,28.547611418586907
0.7136464285714286,1.4012541224395834,8418.34040221203,4140.614234931507,-23.653735677731063,-7153.886119614412,-9747.48333293178,-726.3278128403892,4.27804081014594,-6065.768120276259,1495.8657852690797,-2796.5255213928626,-196.3273607901598,3678.906866987962,375.93514456777933,-158.07436582705174,-117567786.53715707,28.838181429389632
0.7136428571428571,1.4012611350215194,8443.353024401567,4155.2972599856785,-24.668090942647105,-7173.303683117329,-9768.804095344056,-728.1058699461212,4.4613975260681205,-6081.199556444666,1528.9968793101725,-2803.391618229554,-195.93553783615883,3693.2483717396967,372.1520839776941,-153.72127763455381,-11781316.030142203,29.13012300156193
0.7136392857142857,1.4012681476736446,8468.090153349964,4169.8993036816155,-25.718530812919248,-7192.469510898196,-9789.495279248005,-729.8392604595866,4.651271899544715,-6096.468176779787,1562.580194941445,-2810.2475470945787,-195.59157233969344,3707.776397046125,368.4497274113425,-149.38306943959503,130896753.75312623,29.423430330724543
0.7136357142857143,1.4012751603959603,8492.80306879198,4184.576613732801,-26.80587783444762,-7211.234154977082,-9809.857840975397,-731.5555906225285,4.847812255546941,-6111.671733776113,1596.6064097785916,-2817.097982581772,-195.30450553586712,3722.5023111896667,364.83014594033983,-145.04727607119685,-117669028.37394483,29.718097576173854
0.7136321428571428,1.4012821731884677,8517.091429244789,4199.221436007071,-27.931409491395463,-7229.780897490362,-9829.442823737305,-733.2343443716891,5.051249395208673,-6126.303646163778,1631.0923804645947,-2823.606357591252,-195.0572373846103,3737.0056036464935,361.28636036110635,-140.73201895471706,-35023057.79081791,30.014118861889603
0.7136285714285714,1.4012891860511671,8541.100945914284,4213.813940390841,-29.09603195737733,-7248.104505952807,-9848.378360606082,-734.8711710064529,5.261746674182488,-6140.707358335041,1666.0314575917776,-2830.0475474220657,-194.85801916058313,3751.640219335918,357.8203230619569,-136.4259354664345,145949985.0769883,30.31148827753332
0.713625,1.4012961989840604,8565.095227454869,4228.48407167766,-30.300433552671926,-7266.019901264482,-9866.969313708856,-736.488958791298,5.4794278690123575,-6155.072068126832,1701.4042901136488,-2836.5087082590585,-194.7149258827773,3766.52082072058,354.4339175182265,-132.11786395236277,-105430587.5228251,30.610199879440227
0.7136214285714285,1.4013032119871482,8588.67872243222,4243.125580918993,-31.545897156739834,-7283.68966186551,-9884.77264139887,-738.0674158536846,5.7045245148972885,-6168.897259322612,1737.2246688909618,-2842.657610820493,-194.60974032299103,3781.2321258007687,351.11989938670376,-127.8273427012099,-55836154.396977484,30.91024769160274
0.7136178571428571,1.4013102250604317,8611.976788084934,4257.736938850005,-32.83353779935106,-7301.1570021921125,-9901.90094700151,-739.6053850657011,5.9372377129804965,-6182.440090185811,1773.4953089478647,-2848.6946264832513,-194.55661752447068,3796.0353908233506,347.88233679903396,-123.53606426105476,149008731.15013131,31.21162570664659
0.7136142857142856,1.401317238203912,8635.298225924971,4272.451289331865,-34.16407431810879,-7318.246590364251,-9918.704198123805,-741.1262886337854,6.177696936391417,-6195.969631284006,1810.1967352133256,-2854.7675172342147,-194.54829107911044,3811.1212150625383,344.7178341398061,-119.25085711645517,-94001755.60354,31.514327886798085
0.7136107142857142,1.40132425141759,8658.198809419891,4287.136112616921,-35.53856668133368,-7335.052963540058,-9934.683805991823,-742.6053050113526,6.426093262949078,-6208.9575979855035,1847.3277264616702,-2860.5326565999458,-194.58809170689452,3826.060403999257,341.62676637614237,-114.96611207102326,-61237604.70924825,31.818348164844625
0.7136071428571428,1.4013312647014666,8680.812042395984,4301.798164042098,-36.95827082940494,-7351.648803726465,-9949.961999289715,-744.0426340652302,6.682653530607257,-6221.655316166841,1884.896118693024,-2866.1830846852445,-194.67257962758237,3841.1045225500766,338.60714521313776,-110.68413238766388,143648467.34561035,32.12368044508596
0.7136035714285714,1.401338278055543,8703.468191027092,4316.585686556939,-38.42408487609952,-7367.902761948202,-9964.91355675858,-745.4643366394135,6.947539661493246,-6234.3362739064205,1922.8903869512242,-2871.863065823823,-194.8023743503292,3856.441456017517,335.65841009121584,-106.40251757058194,-93001432.17515816,32.430318604268535
0.7136,1.4013452914798206,8725.726800179813,4331.366579217526,-39.93696659612233,-7383.871639799814,-9979.045236442702,-746.8457091983404,7.220923951024692,-6246.47841832702,1961.3019838082055,-2877.2338109167663,-194.9800596813877,3871.6472211435507,332.7808013495009,-102.11664931132623,-57797461.70660409,32.738256492558975
0.7135964285714286,1.4013523049743002,8747.686712953833,4346.12310718453,-41.498061843996574,-7399.604884447103,-9992.437273847936,-748.1825446022839,7.503012978845806,-6258.32731277818,2000.1310901789755,-2882.495473462473,-195.19864109656575,3886.9811874993293,329.9712272029414,-97.83313277562674,146930773.54281384,33.04748793441387
0.7135928571428571,1.4013593185389828,8769.691375273644,4361.016258278049,-43.10842687023423,-7415.004764385249,-10005.480733693159,-749.5031086083942,7.793997111403089,-6270.150602560131,2039.372763287537,-2887.781860053109,-195.4694131054462,3902.619618828343,327.2330079958291,-93.5371643109226,-99575047.19922736,33.35800672953679
0.7135892857142857,1.4013663321738696,8791.353622792856,4375.938848760121,-44.769201131262975,-7430.1545605616075,-10017.742409438446,-750.787059150285,8.094081754466135,-6281.467264458147,2079.025424571573,-2892.775460470571,-195.77801923634522,3918.165526047858,324.56056090393065,-89.24396158386885,-64603249.44594397,33.669806653779204
0.7135857142857143,1.4013733458789617,8812.701629892696,4390.848247717776,-46.48127971004714,-7445.053442321667,-10029.22570789795,-752.0259201282423,8.403428047267804,-6292.447156444507,2119.075644749649,-2897.627987475348,-196.13183335591054,3933.8166113484776,321.95588863808075,-84.94335624961519,164828398.7996752,33.98288146004208
0.7135821428571428,1.4013803596542596,8834.092715938265,4405.891375611348,-48.245659905504034,-7459.603168116753,-10040.330474584243,-753.2454450633885,8.722215853351555,-6303.420711969291,2159.5146527138663,-2902.5276212661142,-196.5384571113704,3949.817542334904,319.42109619851243,-80.62489091830616,-103308016.24009672,34.29722487916967
0.7135785714285714,1.4013873734997648,8855.18120817549,4420.989131790032,-50.06375134428954,-7473.926181473791,-10050.672418470178,-754.4301825733424,9.050699672708719,-6313.917600947746,2200.351606775656,-2907.1528738098614,-196.9792074186135,3965.7677381611124,316.9491407486537,-76.30877166032462,-87970426.46726353,34.61283062083429
0.713575,1.4013943874154784,8875.954290843449,4436.100022072702,-51.93641643868675,-7488.012659928838,-10060.215255081632,-755.5718936856323,9.389034478815326,-6324.024036492526,2241.570747686385,-2911.590716170054,-197.46563343767338,3981.782801232269,314.543530143374,-71.97992406279586,185814711.98269153,34.92969237441269
0.7135714285714285,1.4014014014014016,8896.773932183145,4451.345714815277,-53.86440518455917,-7501.733574704967,-10069.356452756172,-756.691893568826,9.73735495475418,-6334.143274228505,2283.1518877148205,-2916.09692822927,-198.00277415380654,3998.1911110870838,312.20554829011814,-67.6309771740521,-93779982.26957476,35.247803809853686
0.7135678571428571,1.401408415457535,8917.305394853303,4466.653855601945,-55.84920042606407,-7515.21674464821,-10077.724825587471,-757.775878597588,10.095928522972528,-6343.810109249306,2325.105974191667,-2920.3509767990427,-198.57702026463394,4014.5939261898493,309.93005842145345,-63.276272616638124,-114067333.14976269,35.567158578537374
0.7135642857142857,1.40141542958388,8937.53371150025,4482.003459751619,-57.89191792397986,-7528.491547072084,-10085.287044877708,-758.8191459472253,10.464956147933831,-6353.05457858801,2367.4274704873233,-2924.3879285257817,-199.19549342576943,4031.042371816076,307.7191554105705,-58.905937524042265,193230292.33103892,35.88775031412519
0.7135607142857142,1.4014224437804372,8957.828597191268,4497.50823604172,-59.99314313055534,-7541.411503559421,-10092.446446206615,-759.841701329605,10.844542932719568,-6362.314343955969,2410.0892035111315,-2928.4932977015765,-199.85750599020307,4047.9013503914894,305.5721854466101,-54.51932703303229,-76755784.1550127,36.20957263340205
0.7135571428571428,1.4014294580472082,8977.83777460015,4513.075448007744,-62.15409605778281,-7554.068091644924,-10098.809319770668,-760.825799343103,11.23490868421652,-6371.141731731255,2453.0902467102483,-2932.3675145920133,-200.56781126354971,4064.79848553746,303.4904933018198,-50.109312432641055,-128759081.43685406,36.53261913710872
0.7135535714285713,1.401436472384194,8997.552252941656,4528.699585417818,-64.37612324838037,-7566.524379829857,-10104.351901823018,-761.7693354847988,11.636296595900179,-6379.539024960329,2496.433871587359,-2936.0184172413856,-201.3127675568145,4081.750598723888,301.4689973857452,-45.6902770812529,186375538.7489046,36.85688341076639
0.71355,1.4014434867913952,9017.34701507266,4544.502839882947,-66.65989035735807,-7578.652163039888,-10109.48480148045,-762.6938258938125,12.04882615830533,-6387.932862168173,2540.0966567877576,-2939.7189079129334,-202.10385545042263,4099.1078120463135,299.51134224536224,-41.24727777947828,-64417820.95003279,37.18235902548172
0.7135464285714286,1.4014505012688132,9036.87950124072,4560.383217306209,-69.00636728212211,-7590.508826659119,-10113.823189458944,-763.5799941814739,12.472671395638637,-6395.917600686085,2584.0676409014263,-2943.206083008894,-202.94281911626206,4116.542276055963,297.6178928656747,-36.776778720463575,-131832685.82151482,37.509039538793786
0.7135428571428571,1.401457515816449,9056.107951934338,4576.321294675594,-71.41679230707149,-7602.149597762115,-10117.307163413352,-764.4232594763752,12.90805542593241,-6403.466578500304,2628.3457650701002,-2946.472169900491,-203.81347653040322,4134.050027857618,295.78277531866433,-32.29620224347411,184532593.5340144,37.83691849541101
0.7135392857142857,1.401464530434304,9075.424453935417,4592.458758791183,-73.89203710565562,-7613.476150590895,-10120.369369722586,-765.2485364145056,13.35513495828177,-6410.990763976221,2672.916222269712,-2949.7689106783,-204.73866364042183,4151.956272058771,294.0137346540784,-27.777326659787633,-63196534.138189584,38.16598942804072
0.7135357142857143,1.4014715451223785,9094.527697052627,4608.700008552,-76.4331390864641,-7624.558296297653,-10122.667303926602,-766.0376342104082,13.814096710830771,-6418.149009889634,2717.7705176748664,-2952.881126379063,-205.69644939398165,4169.992815159452,292.3029387472933,-23.244317288888848,-139463840.67112774,38.49624585815859
0.7135321428571428,1.401478559880674,9113.306617774957,4625.004153373536,-79.04089761250412,-7635.404153877327,-10124.068527587291,-766.7825038751384,14.285084202373552,-6424.832256672187,2762.8918923690157,-2955.7448349484125,-206.69986420536702,4188.083834051265,290.6547723319844,-18.680422878799263,198846542.24778664,38.82768129678023
0.7135285714285714,1.401485574709192,9132.180790142374,4641.513668632274,-81.71621377469151,-7645.931332857401,-10125.032727274856,-767.508145575882,14.768260065682778,-6431.5026423451745,2808.2675401753504,-2958.651447334765,-207.74997880822553,4206.603842227939,289.0694422022346,-14.082884804396404,-66889614.84060382,39.160289245223005
0.713525,1.4014925896079324,9150.876178653483,4658.149336219924,-84.46037776810236,-7656.239245077991,-10125.247933976474,-768.199174527637,15.263856873085945,-6437.832066472382,2853.8982254650377,-2961.3883437711497,-208.83405476436744,4225.289988526909,287.5423862019048,-9.465002580024777,-161294159.37591562,39.494063195859454
0.7135214285714285,1.4014996045768973,9169.246681709694,4674.866234875066,-87.2739743273382,-7666.316260018401,-10124.547898257633,-768.846956871417,15.771978775085028,-6443.652089950673,2899.760907179653,-2963.84785041606,-209.96354726397837,4244.009525827661,286.0774940893966,-4.811896248600031,221275095.61383852,39.828996632861646
0.7135178571428571,1.4015066196160877,9187.7125263618,4691.78982845125,-90.1575726013382,-7676.058720008075,-10123.389799534121,-769.4736204402855,16.29272769427828,-6449.468131857806,2945.8329808133026,-2966.3624155542934,-211.13585915864743,4263.186559125615,284.6737445762927,-0.12518383776373435,-58356502.48032864,40.16508303293685
0.7135142857142857,1.4015136347255035,9206.019555349329,4708.85286743019,-93.11262754376793,-7685.583331751075,-10121.48434887469,-770.0658300227099,16.826365683789497,-6454.961607310297,2992.121345862275,-2968.7209874816194,-212.35202222880756,4282.561890842694,283.3315170053692,4.59794777139421,-191557607.94347018,40.50231586605391
0.7135107142857142,1.4015206499051471,9224.019880005038,4726.018812468937,-96.13992738162963,-7694.907700825513,-10118.664745164548,-770.6163042598838,17.37303429902698,-6459.9395975326515,3038.6109635365137,-2970.794496965875,-213.6013006383526,4301.975803705895,282.04704384542947,9.346435596971753,232483922.26382765,40.840688596161215
0.7135071428571428,1.401527665155019,9242.116106518144,4743.405476670744,-99.23956795010932,-7703.889993400416,-10115.371898828887,-771.1462079629725,17.93274985446376,-6464.8901520519785,3085.2658603890113,-2972.9034081619984,-214.8981890131796,4321.835599322445,280.8253090124554,14.138639073415503,-35222126.80150374,41.18019468189523
0.7135035714285713,1.4015346804751203,9260.070076696038,4760.933170479027,-102.4128317818837,-7712.642511240876,-10111.329069977404,-771.6400975690864,18.50574354663394,-6469.557264196076,3132.0882327664112,-2974.8897897171296,-216.24288946990612,4341.948492616787,279.6664573261507,18.976404421565835,-219002734.36070237,41.52082757728074
0.7135,1.401541695865452,9277.72434035949,4778.577107315228,-105.660772670722,-7721.213179927242,-10106.362140349604,-772.0926178116056,19.092205582313117,-6473.700245664882,3179.072848591988,-2976.583214019973,-217.61399153866046,4362.103511640538,278.563063033537,23.836272259693608,227513343.45994583,41.86258073241078
0.7134964285714286,1.4015487113260152,9295.48035687259,4796.460880440201,-108.98333538020192,-7729.454782368205,-10100.914169898444,-772.526113192773,19.692124550018107,-6477.789073605295,3226.1818411473328,-2978.287172701565,-219.0353437960074,4382.685950761099,277.52341013351054,28.747574935199033,-8961681.419970836,42.20544759417192
0.7134928571428572,1.401555726856811,9313.116815890873,4814.493047634573,-112.38143856074885,-7737.455607364815,-10094.724298335828,-772.9232438815166,20.305664955641202,-6481.629561047752,3273.4078194781528,-2979.8966630418004,-220.50276238865115,4403.567472813985,276.54614992710106,33.70694713296986,-234704965.33320472,42.54942160685324
0.7134892857142857,1.4015627424578403,9330.445895972509,4832.641856855219,-115.85611722316011,-7745.272922941582,-10087.586325615866,-773.2773917347703,20.933012998685715,-6484.939636545286,3320.7468078287893,-2981.212683848671,-221.99875940692496,4424.500864789175,275.6253236705701,38.6954968168265,221132120.04474503,42.89449621285373
0.7134857142857143,1.401569758129105,9347.88703347972,4851.050412213296,-119.40747753371193,-7752.778573455575,-10079.966641802885,-773.6143253707323,21.574186851455302,-6488.174651087089,3368.168641829658,-2982.518637363087,-223.5467707099983,4445.84698509837,274.769179125466,43.7420974152249,6806906.416545189,43.240664853326926
0.7134821428571428,1.4015767738706044,9365.244920118588,4869.62384441103,-123.03625154630683,-7760.0546586891605,-10071.630305400744,-773.9162369557775,22.22931782319366,-6491.199272532689,3415.6621696382645,-2983.7562971637944,-225.1298006046003,4467.535245050653,273.97193404343085,48.82838038536595,-247195949.48522195,43.58792096882794
0.7134785714285714,1.401583789682341,9382.280253605375,4888.312018493517,-126.74301049302781,-7767.1355070346,-10062.317333434214,-774.1736161650701,22.898508109373463,-6493.675648702186,3463.212328078594,-2984.6896281205304,-226.7572833640099,4489.270365317076,273.23707050351675,53.96696093431457,225036708.69102937,43.93625799995131
0.713475,1.4015908055643156,9399.431593445473,4907.267357468631,-130.5279321484407,-7773.909185186257,-10052.51607278345,-774.4138327382068,23.581789961329598,-6496.072432771932,3510.794033542088,-2985.6089960022946,-228.42432738768102,4511.421216326071,272.56299277856596,59.153584049453315,13481780.614781808,44.28566938796025
0.7134714285714285,1.401597821516529,9416.530973599516,4926.404121862017,-134.39186547061865,-7780.471697657137,-10042.020436558509,-774.6206786101769,24.279315707240972,-6498.28512259067,3558.401519168303,-2986.475195156317,-230.1314600897022,4533.942851501137,271.9500879698716,64.39049774468509,-267983011.881233,44.63614857540732
0.7134678571428571,1.4016048375389822,9433.304697897429,4945.660983177535,-138.33500125948672,-7786.840381855944,-10030.536260197825,-774.7828772856499,24.991117751314107,-6499.9357156726965,3606.012203663804,-2987.0265515675305,-231.88183484042867,4556.504763874733,271.3996649189379,69.68290085544577,239028733.46939588,44.987689006745626
0.7134642857142857,1.4016118536316766,9450.186100243964,4965.182559548575,-142.35715754217026,-7792.892114142131,-10018.547265049887,-774.9266296393049,25.71716238550971,-6501.50086639923,3653.5950052487633,-2987.5630202372063,-233.6677824007799,4579.485563144673,270.9091822819141,75.0232032317834,29155215.23452745,45.34028412893248
0.7134607142857142,1.4016188697946128,9467.042338625472,4984.901035950032,-146.45941000030038,-7798.738460399924,-10005.886389262563,-775.0388186591263,26.457642865064848,-6502.899890301642,3701.1524398275724,-2988.0549606362692,-235.5073055859413,4602.854578588782,270.48525746591883,80.43415864700572,-300588226.96994483,45.69392739202317
0.7134571428571428,1.4016258860277924,9483.584976089958,5004.745060672274,-150.64200610616268,-7804.4192924211375,-9992.240949649991,-775.106294787899,27.2126029526806,-6503.752128715777,3748.666148276336,-2988.244757307622,-237.3689115719655,4626.285360855606,270.1171533592384,85.88041949907026,247256566.85882312,46.04861224975684
0.7134535714285714,1.401632902331216,9500.221559367827,5024.859477550872,-154.90401101712422,-7809.7679583972385,-9978.075459463455,-775.1559848781426,27.98187251226105,-6504.478862055524,3796.0898660705457,-2988.3858908009784,-239.28410491926485,4650.095335640422,269.8160080990219,91.40019797006747,60859043.86464164,46.40433216013363
0.7134499999999999,1.401639918704885,9516.856587271399,5045.171396744183,-159.24648931560824,-7814.908722498174,-9963.258025123476,-775.1738368867823,28.765643971721893,-6505.085479490453,3843.4281303191806,-2988.517996370863,-241.24525658769127,4674.340506347118,269.5795308103491,96.98624725689261,-337818844.9556791,46.76108058598297
0.7134464285714286,1.4016469351488,9533.182263070685,5065.613135521125,-163.66994527323436,-7819.907395539227,-9947.45588578788,-775.1471972699118,29.564007980426222,-6505.145418904745,3890.6719322229915,-2988.3464317054954,-243.22849092109672,4698.649469812785,269.3997319791897,102.61224213711647,240683108.26844123,47.11885099551219
0.7134428571428572,1.4016539516629622,9549.596936507598,5086.332961424155,-168.17299958166794,-7824.578865467285,-9931.129810891276,-775.103950227286,30.376713128185088,-6505.0507299546325,3937.768908359435,-2988.1001529818295,-245.26621027693463,4723.30587836179,269.2880487215265,108.31737888159846,102316024.09263666,47.47763686290258
0.7134392857142857,1.401660968247373,9566.02958638992,5107.250350717539,-172.75629292400654,-7829.030569712547,-9914.173216848412,-775.0289449855554,31.20387391731615,-6504.872616116779,3984.716264865279,-2987.872896594685,-247.34588810693867,4748.431373733481,269.2404613117645,114.0885942821072,-364768280.2327119,47.83743166878537
0.7134357142857143,1.4016679849020337,9582.147449024844,5128.29376918128,-177.42045623401253,-7833.347682227962,-9896.226053511211,-774.9087459541826,32.0456033361887,-6504.146317131301,4031.511152795901,-2987.342036777103,-249.45883937605635,4773.620462596083,269.2543606214562,119.91741619276127,225360395.40780514,48.198228900820574
0.7134321428571428,1.401675001626944,9598.352474186982,5149.6197784327815,-182.16407693507438,-7837.354693403453,-9877.756321471985,-774.7727635188057,32.901645239330335,-6503.24924020883,4078.1051849528512,-2986.7221559627137,-251.6127942949797,4799.137509997824,269.33259928127507,125.81414981767524,138346417.94503364,48.56002205421167
0.7134285714285714,1.4016820184221066,9614.59647943619,5171.1499228934035,-186.98728137023502,-7841.134149828107,-9858.684770246518,-774.6066829936436,33.772021294798776,-6502.289101828486,4124.486827286469,-2986.1319035660686,-253.81320194887263,4825.133740017726,269.4774353002512,131.786725077059,-382866611.31229615,48.92280463222325
0.713425,1.4016890352875215,9630.515495702852,5192.79248199206,-191.89046837793185,-7844.779080223254,-9838.614932030217,-774.3936317975954,34.656803051939555,-6500.790821813354,4170.65114891795,-2985.2490887493223,-256.0537398953451,4851.203136211448,269.6871138288693,137.8294263945466,210194146.08981085,49.28657014669042
0.7134214285714285,1.40169605222319,9646.511578568654,5214.716593192893,-196.8722503877713,-7848.122979349207,-9818.019905768948,-774.1652769072706,35.55574032042343,-6499.099712402401,4216.555235818062,-2984.25819799957,-258.3247993660058,4877.571533659461,269.95848382793235,143.9322525812245,165849162.41417885,49.65131211851899
0.7134178571428571,1.4017030692291137,9662.573158312529,5236.852117485504,-201.93265419250008,-7851.246897928616,-9796.85992195672,-773.9089044900177,36.46883613486026,-6497.372954807798,4262.188879949651,-2983.311362639054,-260.6483674086803,4904.432603644308,270.29963221009353,150.12247658116172,-401238669.6598718,50.01702407817884
0.7134142857142857,1.4017100863052925,9678.307021748573,5259.091784572586,-207.0717310709146,-7854.239860607155,-9774.707560617046,-773.6050500311467,37.39609760300599,-6495.117247391727,4307.543151771385,-2982.079967623554,-263.0089809309755,4931.369560166578,270.7055972395193,156.3835901356812,202660479.04482576,50.3836995661876
0.7134107142857142,1.4017171034517284,9694.0986373778,5281.602490130468,-212.28776086771398,-7856.931816241936,-9752.02177772081,-773.2852252265818,38.3372133733061,-6492.649481535922,4352.573299496085,-2980.727148823582,-265.40092173955105,4958.579335932052,271.1745609427374,162.71008297461626,197080154.3253581,50.75133213358734
0.7134071428571428,1.4017241206684223,9709.980009483346,5304.332408846298,-217.58084971432228,-7859.405855054918,-9728.811589713827,-772.9399908113413,39.29220153720278,-6490.164967205695,4397.274241258838,-2979.4254001831023,-267.85225377726766,4986.282216832229,271.71677204935526,169.13641153918803,-428221432.21636426,51.1199153424122
0.7134035714285714,1.401731137955375,9725.534111478135,5327.153301956191,-222.95092501267453,-7861.766580212939,-9704.619677980585,-772.5461958792016,40.26104804739583,-6487.177783837086,4441.637802470664,-2977.862163193447,-270.3226502086236,5014.080241543271,272.3185952608698,175.61692118416602,193903330.86945644,51.48944276614841
0.7133999999999999,1.4017381553125878,9741.119467751492,5350.236368380186,-228.39550650582362,-7863.815095033943,-9679.886002871104,-772.1368240177202,41.243303897183345,-6483.936081498232,4485.609204913539,-2976.141854344815,-272.84557149708655,5042.093378150722,272.99185621941854,182.19186889449458,238075114.11454788,51.85990799018621
0.7133964285714285,1.4017451727400616,9756.812046412242,5373.53304969231,-233.91474557510637,-7865.644401138855,-9654.664416045425,-771.7029609797125,42.23899747023322,-6480.713425850174,4529.187691720551,-2974.496967354192,-275.41319121403546,5070.616894464977,273.7342890827204,188.8536581371175,-461044811.52361774,52.23130461226375
0.7133928571428572,1.4017521902377972,9772.179579533242,5396.91070039421,-239.50878740765302,-7867.38025155646,-9628.478443968856,-771.2205263801649,43.24815404194009,-6477.006305193009,4572.372888415899,-2972.6028549255902,-278.00556438391874,5099.239614001449,274.5394736815815,195.58056544639226,174207541.62306812,52.60362624289105
0.7133892857142857,1.4017592078057963,9787.557759851741,5420.540923526204,-245.17455918423855,-7868.806671178336,-9601.751472807675,-770.7230104125763,44.27021585465267,-6473.014506512583,4615.104319635169,-2970.5263555346505,-280.64848780509834,5128.029993857576,275.4164885069865,202.40368297120284,291332855.4842549,52.97686650582468
0.7133857142857143,1.4017662254440597,9803.056949480806,5444.377805883541,-250.91185366571997,-7870.004510784299,-9574.57552154162,-770.2022146613311,45.305144803699825,-6469.070533277823,4657.378089336108,-2968.5440782621586,-283.3318013311521,5157.336830439505,276.3622120394309,209.31255167121748,-486766652.7823971,53.35101903841802
0.7133821428571429,1.401773243152588,9818.233802356375,5468.285832641219,-256.7211188580197,-7871.121668322826,-9546.458842647917,-769.6333307901774,46.35302075983255,-6464.657651489085,4699.20283946497,-2966.3218958049088,-286.05724661525437,5186.739539036008,277.3778847888448,216.3109593463782,141725255.1131523,53.72607749208037
0.7133785714285714,1.401780260931383,9833.400305354426,5492.428190538401,-262.5989821087794,-7871.947657964618,-9517.80217132982,-769.0485564264857,47.413233979996846,-6459.950461469848,4740.518036586543,-2963.912370250909,-288.80534864890024,5216.285278875059,278.4567123288518,223.37684802294794,346781832.44040483,54.10203553266915
0.713375,1.401787278780445,9848.70094230801,5516.778430010066,-268.544539930035,-7872.526876070365,-9488.74309017592,-768.4438636467282,48.48562001673107,-6455.292806709369,4781.310776866837,-2961.587525535033,-291.6169783468246,5246.315162328029,279.61335479035665,230.55941354172398,-504427390.7680995,54.47888684088735
0.7133714285714285,1.4017942966997758,9863.67593157504,5541.17462486625,-274.55841962860865,-7873.038242304432,-9458.762773732711,-767.7895103838604,49.57029307141657,-6450.205564807298,4821.595857277934,-2959.0559513613393,-294.4622651171863,5276.4626643460215,280.83804316602044,237.82542804810205,101180167.15651453,54.85662511267219
0.7133678571428571,1.401801314689376,9878.615862619754,5565.789744978301,-280.6371052072525,-7873.270857137438,-9428.24606320212,-767.119616054537,50.66661862566761,-6444.7953757298255,4861.315902497981,-2956.3123773586235,-297.327245870868,5306.701255858268,282.12590394006156,245.1592428560238,397158802.3448271,55.23524405957694
0.7133642857142857,1.4018083327492463,9893.704627548988,5590.607152234738,-286.7792731728004,-7873.252467284522,-9397.376269093143,-766.4322504350641,51.77435484015028,-6439.455374582851,4900.45474110944,-2953.6615090081814,-300.25981603100615,5337.411130987692,283.4939838921341,252.61813927804715,-514319449.14616233,55.61473740914485
0.7133607142857142,1.401815350879389,9908.465105455933,5615.449772286518,-292.98548421397226,-7873.170846361094,-9365.612928717806,-765.6949182218955,52.89360159046388,-6433.712309011767,4939.0290608056785,-2950.824697170511,-303.21993093098433,5368.240910451206,284.92893712287866,260.1569041297555,62519955.79119506,55.99509890527516
0.7133571428571428,1.401822369079804,9923.162293358859,5640.490091577782,-299.25206080143977,-7872.820295019419,-9333.316551214088,-764.9417979654223,54.0236942741957,-6427.622613601763,4976.984483609624,-2947.757115028467,-306.2111299463486,5399.113658481546,286.43198404136945,267.7803178524966,445415315.524545,56.376322308582864
0.7133535714285714,1.4018293873504926,9938.021584601882,5665.72559287005,-305.5774557378952,-7872.217776793683,-9300.719271786274,-764.1736943627825,55.16435279273573,-6421.623460511263,5014.304869816714,-2944.7909637865496,-309.25781361978153,5430.442452268194,288.0119187038438,275.5180314877004,-522991767.66905326,56.75840139674958
0.7133499999999999,1.4018364056914558,9952.553426890086,5690.964990279131,-311.96212594856354,-7871.559757092672,-9267.263203302164,-763.3556788280506,56.31565869309309,-6415.2529465938305,5051.007801857035,-2941.6618482323556,-312.333429145405,5461.893996995085,289.6601170034734,283.3406106515041,21412381.364190407,57.14132996486822
0.7133464285714285,1.4018434241026951,9966.98732466966,5716.376227422234,-318.4019632569715,-7870.6375194433895,-9233.275857274251,-762.5215002419535,57.476870266685744,-6408.507121251534,5087.037331085396,-2938.2789123497596,-315.4498716460748,5493.3310405409475,291.3806503806046,291.26247592587833,494695560.8433956,57.5251018257798
0.7133428571428571,1.401850442584211,9981.590701427585,5741.9705594984125,-324.89526124906394,-7869.459908098058,-9199.038211570545,-761.6745797502505,58.64768124771106,-6401.869536638388,5122.378559338581,-2935.0038603461726,-318.6085835750717,5525.202483737803,293.17424824287843,299.28627304692,-532153120.73835385,57.9097108104031
0.7133392857142857,1.401857461136005,9995.871879499295,5767.546464927474,-331.4426809848291,-7868.240262206608,-9163.983588939554,-760.7779944272388,59.8282091115181,-6394.900769236801,5157.054950226577,-2931.5938663750953,-321.8045137771676,5557.204192445548,295.03984795187694,307.40779726447954,-27084662.887445603,58.295150768045445
0.7133357142857143,1.4018644797580782,10010.019594980113,5793.266915861264,-338.03965593790775,-7866.7636310670705,-9128.40244762142,-759.8649049788886,61.01762676444099,-6387.528905669686,5191.008984414314,-2927.9087789966343,-325.03536631177366,5589.13314486626,296.97642820756164,315.6246140253113,553544067.6313965,58.68141556676572
0.7133321428571429,1.4018714984504312,10024.340574513959,5819.156840872605,-344.6841251639778,-7865.0228532907795,-9092.622504393823,-758.9414603432577,62.215562073468234,-6380.277078190147,5224.224308232408,-2924.3338229376313,-328.3088615165188,5621.4660943249055,298.9868152909353,323.94654544417267,-536386223.87485206,59.06849909361135
0.7133285714285714,1.4018785172130654,10038.347713485762,5845.009052666772,-351.37713900880556,-7863.250279885789,-9056.075420249574,-757.9694275505001,63.42220381876767,-6372.730620045268,5256.732472791228,-2920.647533517071,-331.6320323776338,5653.928669566724,301.07425547691133,332.383641432465,-86193849.26505257,59.45639525496708
0.713325,1.401885536045982,10052.182402964134,5870.967155129991,-358.11377161752245,-7861.239580979471,-9019.002480707899,-756.9787638038828,64.63666239662041,-6364.775093839545,5288.475587075685,-2916.6871596009314,-334.9619694249601,5686.286005742185,303.2234150225949,340.8856660543922,616868824.6246649,59.845097976837664
0.7133214285714286,1.4018925549491814,10066.194569485602,5897.089686179023,-364.89127952226613,-7858.944491197436,-8981.790460869848,-755.9823378196509,65.85844172344724,-6356.92487114442,5319.4310211076045,-2912.8107544841664,-338.36377111563405,5718.97861933611,305.4570745817726,349.529469367656,-536811143.03051597,60.23460120513524
0.7133178571428571,1.4018995739226652,10079.89409007363,5923.141476017044,-371.71118823324286,-7856.632195741403,-8943.85474862531,-754.9364466762255,67.08781972357889,-6348.835835028542,5349.638934827365,-2908.867156650219,-341.79760407338284,5751.822395097642,307.7621519176287,358.2702322883786,-154227206.46309304,60.62489890596024
0.7133142857142857,1.4019065929664345,10093.385806181646,5949.2673029712,-378.56839876881634,-7854.097185417972,-8905.402311764961,-753.8714446188686,68.3238758022851,-6340.317416340806,5379.044031229254,-2904.6326879505555,-345.2416546665686,5784.505133210775,310.1306377376616,367.082325053547,676957185.9789575,61.015985065875086
0.7133107142857142,1.40191361208049,10107.054533909055,5975.540930035312,-385.4595475422745,-7851.267790374769,-8866.865375193562,-752.803412981937,69.56599926032881,-6331.909950009347,5407.618877486129,-2900.4780167429985,-348.75766818503354,5817.479476008994,312.58395484559253,376.03836400518946,-523664040.4164523,61.40785369217136
0.7133071428571428,1.401920631264833,10120.414208247146,6001.7192959078,-392.3865117734321,-7848.424844710747,-8827.657463520758,-751.6868668033005,70.8145286804508,-6323.300428690592,5435.410244874156,-2896.2816252590114,-352.2992863453221,5850.600372115714,315.1067590236417,385.08590559295243,-227230872.25896475,61.80049881313058
0.7133035714285714,1.4019276505194644,10133.533305633846,6027.938645143865,-399.34425385846527,-7845.377654764415,-8787.945059415222,-750.5506068745321,72.06855433696605,-6314.248032301292,5462.36850170922,-2891.783531852163,-355.8706180582787,5883.510889388741,317.7000910746981,394.22963979594215,732088331.6888344,62.19391447827789
0.7132999999999999,1.4019346698443853,10146.822049360297,6054.282100465314,-406.3287211555456,-7842.031150533349,-8748.197388724351,-749.4129504614278,73.32734462400671,-6305.3176827305415,5488.46024691709,-2887.3698251397655,-359.48147662149717,5916.677820149522,320.3670069439321,403.4809607477517,-497260082.96394366,62.58809475862955
0.7132964285714285,1.401941689239597,10159.813038966216,6080.511707498153,-413.3419884910262,-7838.668467583774,-8707.843460718841,-748.229268282011,74.59127295012748,-6296.217044593167,5513.736031943036,-2882.9295115035084,-363.14495379791117,5949.972519529232,323.11301991889064,412.85716677933965,-311329665.95674664,62.98303374693405
0.7132928571428571,1.4019487087051004,10172.520527145563,6106.738945275243,-420.37911980366505,-7835.123011754122,-8666.98790766494,-747.0238008145471,75.85945072014623,-6286.6658539261325,5538.151819113041,-2878.185776029575,-366.82696690296433,5983.016194856173,325.92576546065294,422.318074261378,783015261.3190801,63.37872555790602
0.7132892857142857,1.401955728240896,10185.392036391757,6133.072427658192,-427.43545456149263,-7831.269698143033,-8626.151858627898,-745.8199992137578,77.13103856460886,-6277.232435950893,5561.669846023601,-2873.5130969067727,-370.5440660494395,6016.2578809289225,328.8104926128327,431.8826641983021,-462784223.2592164,63.775164328442806
0.7132857142857143,1.4019627478469858,10197.977161392066,6159.264430053996,-434.5133699427472,-7827.4048109448495,-8584.773482030838,-744.5712019515482,78.406462186164,-6267.683557420873,5584.345503376515,-2868.851083158738,-374.32111913903975,6049.634897663269,331.77685534167654,441.5820652049235,-399926346.0629979,64.17234421789517
0.7132821428571429,1.4019697675233702,10210.236238567943,6185.415612916342,-441.6080532571458,-7823.373617426426,-8542.900389592704,-743.2995189666631,79.68485176223086,-6257.664479198311,5606.140584067004,-2863.8731330204027,-378.10576886671794,6082.7052870678535,334.80601043132197,451.35456274318403,834822236.2739358,64.57025940820884
0.7132785714285714,1.4019767872700508,10222.653136233925,6211.65536824791,-448.71429502462496,-7819.026883898513,-8501.101129492708,-742.0326097973004,80.96526732721415,-6247.756482052152,5627.01415082239,-2858.9515830778355,-381.9378288083397,6115.912964030378,337.9111518004262,461.2461015871023,-421988607.92932117,64.96890410418366
0.713275,1.401983807087028,10234.793756954954,6237.726275254199,-455.83469308380677,-7814.670174398237,-8458.825139978984,-740.7218844570702,82.24817739590459,-6237.7851800737935,5647.024490943985,-2854.0768333244596,-385.82123468877984,6149.260285699682,341.0946305253592,471.263271003373,-489623823.46640015,65.3682725336641
0.7132714285714286,1.4019908269743036,10246.565201851863,6263.71011638771,-462.9645227283059,-7810.166897482758,-8416.059558545463,-739.3860229967636,83.5327290964902,-6227.341054088503,5666.137986188789,-2848.888966011935,-389.7054052100071,6182.263765539087,344.33818445717776,481.3463437763217,880836016.1831523,65.76835894773677
0.7132678571428571,1.401997846931878,10258.484205287634,6289.768929506809,-470.09798094096624,-7805.3342616672635,-8373.421984226787,-738.0591185397802,84.81787593556028,-6216.980562347259,5684.310019557041,-2843.723103815443,-393.65232111677835,6215.317594310432,347.66257888256746,491.5669218776149,-378306424.62841016,66.1691576209216
0.7132642857142857,1.4020048669597525,10270.135888155279,6315.627553201339,-477.23807507100486,-7800.497186692876,-8330.371666662186,-736.689036604397,86.10416421603966,-6206.61614453871,5701.603657283641,-2838.6467265280853,-397.63528778771126,6248.523216496229,351.059506105419,501.89571164173753,-581334272.0769795,66.57066285135706
0.7132607142857142,1.402011887057928,10281.38196824726,6341.356653255864,-484.38027347915875,-7795.53331501727,-8286.844428495573,-735.2923078589315,87.39077480023651,-6195.778192798859,5717.990822920935,-2833.2580262206952,-401.6255851633685,6281.345827471366,354.51834589832833,512.2985491390507,920243452.8081906,66.97286896097972
0.7132571428571428,1.4020189072264062,10292.75974288,6367.138777021551,-491.51818832255987,-7790.233075488233,-8243.491541735926,-733.9071459951458,88.67655181795448,-6185.008864617338,5733.423722760998,-2827.87223760067,-405.67255674381,6314.1505287368755,358.0551653411434,522.8318179433446,-319001127.80601966,67.37577029569773
0.7132535714285714,1.4020259274651874,10303.88550777467,6392.702499569709,-498.65528460791677,-7784.925611544135,-8199.799719184748,-732.4816642428842,89.96212116960022,-6174.274095127244,5747.9706209128635,-2822.597633737665,-409.75527369647966,6347.092982749463,361.66370648310675,533.4730695178522,-681337179.4679708,67.7793612255586
0.7132499999999999,1.4020329477742728,10314.57076916608,6418.092400145412,-505.7872647120511,-7779.514048462603,-8155.642683328905,-731.0275307855571,91.24670724086853,-6163.073155265843,5761.608719499986,-2817.019489411421,-413.86122113249456,6379.6239269536,365.33900581388855,544.207120687878,956481445.0681077,68.18363614491159
0.7132464285714285,1.4020399681536635,10325.358014522662,6443.501449607258,-512.9067450117882,-7773.758509935976,-8111.692895987571,-729.5856558617141,92.52897824588639,-6151.930652027201,5774.281987804376,-2811.4355175549126,-417.98548456261375,6412.079253716678,369.0777844242512,555.0261470565794,-241350653.12455675,68.58858947256383
0.7132428571428571,1.402046988603361,10335.918306439678,6468.6835451936795,-520.0177748083022,-7767.983801113383,-8067.490480445189,-728.1083432696356,93.8096641608179,-6140.850322149724,5786.064749011423,-2805.967527536172,-422.18509772937034,6444.63730699224,372.90123280730575,565.9993203956141,-801857786.9333761,68.99421565193167
0.7132392857142856,1.402054009123366,10345.992519367102,6493.63803657251,-527.1166396741773,-7762.135843217646,-8022.820993306132,-726.598595326215,95.0880993699139,-6129.318186388614,5796.942692004744,-2800.2165290537664,-426.3830900681601,6476.770253067667,376.78186279705886,577.0358952057958,988597524.3206528,69.40050915118563
0.7132357142857143,1.402061029713679,10356.147072747786,6518.58781031147,-534.194860163388,-7755.932206946498,-7978.400827944986,-725.1036656944328,96.36275499404812,-6117.820759498421,5806.851059380517,-2794.432310773936,-430.6017655372153,6508.748053086825,380.72558133034994,588.159357497453,-147658481.50168714,69.80746446337818
0.7132321428571429,1.4020680503743022,10366.094337844286,6543.288650289258,-541.2569897619811,-7749.703656624152,-7933.805799544994,-723.575730531916,97.6344481450533,-6106.439696667802,5815.868885090963,-2788.797734788607,-434.90032742499506,6540.8289849199455,384.75439161199847,599.4415045945037,-924625818.9114704,70.21507610662827
0.7132285714285714,1.4020750711052357,10375.520650229335,6567.725280547739,-548.3004260645904,-7743.427706064992,-7888.753692033538,-722.0141524189792,98.90270974212761,-6094.600881955906,5823.995787910292,-2782.8791494995858,-439.184582790143,6572.446856778395,388.8349280492124,610.7716561900439,1006585391.6060563,70.62333862417515
0.713225,1.4020820919064811,10385.010629466893,6592.135078391724,-555.3157265897889,-7736.795191275067,-7843.99097352644,-720.4696306424515,100.16583665525229,-6082.780574120805,5831.160047018459,-2776.906854420801,-443.512131116066,6603.842609813062,392.9851068846709,622.2141160619148,-38400867.92959453,71.0322465845526
0.7132214285714286,1.4020891127780393,10394.305727862538,6616.271105980203,-562.307191798608,-7730.125819651988,-7799.126604704992,-718.8940400306357,101.42460509556368,-6071.127422231072,5837.436299364337,-2771.119028358531,-447.88580911761585,6635.341677228717,397.2070790607558,633.7743577919075,-1035255434.2987806,71.44179458169515
0.7132178571428571,1.4020961337199114,10403.054953958284,6640.106390109839,-569.2734782126706,-7723.433741168582,-7753.821974998956,-717.2836928972042,102.67877218529154,-6059.025592110176,5842.838410448649,-2765.0542850588795,-452.2710591068785,6666.35148871262,401.4886540422702,645.412064559008,993728671.4406897,71.85197723505125
0.7132142857142857,1.402103154732098,10411.839116882538,6663.893045120589,-576.2045011278711,-7716.386208830661,-7708.83401683988,-715.6924806527347,103.92652236203043,-6046.906152827235,5847.291133605098,-2758.901981354956,-456.6872151253778,6697.056563977662,405.83404476395236,657.1461482860539,81234549.62203476,72.26278918969214
0.7132107142857143,1.402110175814601,10420.448403860222,6687.385064204243,-583.104157867596,-7709.290311408937,-7663.822848212265,-714.0728093087639,105.16856197804313,-6035.006622728539,5850.863327691624,-2752.9658983366344,-461.14639527991267,6727.863502660722,410.24851289594005,668.9927220903598,-1134924537.3422287,72.67422511641485
0.7132071428571428,1.4021171969674209,10428.482523257915,6710.532582711681,-589.9720128583745,-7702.1920859101765,-7618.383848219139,-712.4160854370118,106.40480900720276,-6022.678209689875,5853.578617818662,-2746.7719473587017,-465.6235642741987,6758.16886913851,414.72334996574637,680.9229029273848,964617370.8127693,73.08627971184076
0.7132035714285714,1.4021242181905589,10436.51825499852,6733.608167407395,-596.7978160851936,-7694.741333893594,-7573.280685498702,-710.7799523511346,107.63341328576814,-6010.293886146923,5855.363603880567,-2740.4577943582326,-470.1164860482323,6788.090016491466,419.25496540233223,692.9299611121925,212372311.67524764,73.498947698509
0.7132,1.4021312394840155,10444.410864260364,6756.385467519858,-603.5854968120381,-7687.229363459205,-7528.242396564231,-709.1203168662736,108.85508442204012,-5998.164249834788,5856.285995334588,-2734.3723317658028,-474.6680537579162,6818.091588116801,423.8593749476226,705.0660210104679,-1235793206.8303325,73.91222382496507
0.7131964285714285,1.402138260847793,10451.701519541602,6778.7719795097555,-610.3352531376726,-7679.740388193525,-7482.786486811139,-707.4203802920061,110.06985846158976,-5985.6412422595395,5856.3751798462245,-2728.064090634627,-479.23132916987305,6847.601852234526,428.520327008895,717.2766362836791,936870346.5627372,74.32610286584435
0.7131928571428571,1.4021452822818914,10458.958199530196,6801.058330554685,-617.0363226844474,-7671.902291126126,-7437.680550302501,-705.7415146046224,111.27579484333482,-5973.033109304825,5855.555643624712,-2721.6121724566183,-483.7923102588802,6876.6609236953645,433.2298283992117,729.5408040108439,348775526.2867721,74.7405796219514
0.7131892857142856,1.4021523037863122,10466.11052461265,6823.054487780295,-623.6930207282219,-7663.9872596238565,-7392.733607492735,-704.0459206214954,112.47367287139872,-5960.698263838509,5853.897051314719,-2715.382634019932,-488.439225926974,6905.758521724671,438.01988437629126,741.9639528223385,-1352297727.8170316,75.15564892033423
0.7131857142857142,1.4021593253610565,10472.631160722663,6844.610505429708,-630.3062562612957,-7656.127580831782,-7347.370978174998,-702.3058442329261,113.66366216154037,-5948.01144351619,5851.4345846069355,-2708.9727392637997,-493.07601049788775,6934.387393689755,442.8571582174006,754.4341724748706,908506903.1376035,75.57130561435373
0.7131821428571429,1.4021663470061243,10479.082594352061,6866.039288770096,-636.8640822750539,-7647.914253709806,-7302.373077353088,-700.5876747371253,114.84360732602268,-5935.204677800707,5848.08456945471,-2702.387939828565,-497.7145364885536,6962.488512950239,447.74222263763215,766.9600740847942,498451171.3085176,75.98754458373591
0.7131785714285714,1.4021733687215183,10485.454090870368,6887.169912055202,-643.3711391905773,-7639.608581943575,-7257.610987469856,-698.8567287211655,116.01434106510295,-5922.705571597491,5843.9181467286035,-2696.0411163755975,-502.4375171121126,6990.612302719384,452.70513385704584,779.6406573613416,-1465489874.9725337,76.40436073468436
0.713175,1.4021803905072387,10491.17937551998,6907.836129545814,-649.8301154743281,-7631.382636175625,-7212.450134708139,-697.0807637865316,117.1763497443102,-5909.865648581587,5838.985964887268,-2689.5244777622447,-507.14503711585974,7018.254807992159,457.7116412702267,792.3602120591753,853413617.5397829,76.82174899985833
0.7131714285714286,1.4021874123632867,10496.802775190348,6928.344098553579,-656.227901154806,-7622.813426697516,-7167.659569589744,-695.3259533170987,118.32726967088999,-5896.889702624366,5833.196495400058,-2682.82041530476,-511.87375724427903,7045.3220600723025,462.7705410028263,805.1555981367038,675155134.5751156,77.23970433847637
0.7131678571428571,1.4021944342896633,10502.36243024959,6948.543700149636,-662.5684611318256,-7614.127268321186,-7123.177098208476,-693.5619173918,119.46781677443695,-5884.25057788065,5826.612586530359,-2676.3697056956153,-516.6428249095703,7072.394463270554,467.8893570683815,818.050791333987,-1560092806.7417045,77.65822173635071
0.7131642857142857,1.4022014562863696,10507.282041665308,6968.262256361715,-668.85694188176,-7605.547920868979,-7078.326339037651,-691.7533297266989,120.59891875047163,-5871.298104422825,5819.305123759061,-2669.7649054851004,-521.4438489222921,7098.984546269722,473.066688883849,831.0386359468686,742758431.82591,78.07729620592993
0.7131607142857143,1.4022084783534066,10512.051251827948,6987.793094245781,-675.0793751648433,-7596.641401542704,-7033.832415599312,-689.9647418950734,121.71806315242557,-5858.16917998378,5811.177485582894,-2662.9458692930207,-526.2317408979843,7124.937720858309,478.28222980421765,844.0593293746745,875383100.8849864,78.49692278633795
0.7131571428571428,1.4022155004907757,10516.783456145975,7007.00804617511,-681.2381950053958,-7587.590212610689,-6989.726019844042,-688.1710412424931,122.82569077861069,-5845.413066086925,5802.277347738427,-2656.3944961293214,-531.0678438336807,7150.879047039548,483.55778194934663,857.1855495794207,-1630025329.3076143,78.91709654340858
0.7131535714285714,1.4022225226984772,10520.868065948307,7025.711536957239,-687.3405397164058,-7578.664606578203,-6945.269899601682,-686.3310621603353,123.92308367202295,-5832.382608213297,5792.690697017466,-2649.7221828944425,-535.9410154405391,7176.355762317118,488.89153209381385,870.4078590924801,601705613.6715144,79.3378125697155
0.71315,1.4022295449765128,10524.758608847906,7044.208312916178,-693.3729822439119,-7569.430799441628,-6901.155620977204,-684.5108880134042,125.00782169585106,-5819.122810873239,5782.32847967565,-2642.7975109703657,-540.7801980527607,7201.125279801636,494.25399588144785,883.6359520907441,1075499164.499221,79.7590659845991
0.7131464285714285,1.402236567324883,10528.649304125898,7062.395512703129,-699.3365376199228,-7560.029171960101,-6857.511540919076,-682.6911575336173,126.08008862057488,-5806.260585446383,5771.224829605491,-2636.1424818575647,-545.6975390344072,7225.856782190672,499.68431616720045,897.0012934708742,-1676444816.2980282,80.18085193418811
0.7131428571428571,1.40224358974359,10531.879544219697,7080.033893893392,-705.2393033999012,-7550.767941657008,-6813.531150513381,-680.8220239987917,127.1413453296125,-5793.17652830309,5759.470612047364,-2629.416878680618,-550.6174686825569,7250.162599656503,505.1583989925528,910.4192587294953,462342144.81151795,80.60316559141843
0.7131392857142856,1.4022506122326337,10534.882239143235,7097.446411755893,-711.068751115079,-7541.220596261234,-6769.880553238159,-678.972210446197,128.18933306151746,-5779.826692494146,5746.986583376765,-2622.410295037805,-555.5219976817638,7273.706509436236,510.66553592202376,923.8620492146839,1247060351.4710805,81.02600215604723
0.7131357142857142,1.4022576347920153,10537.916674921345,7114.567376901441,-716.8250944908248,-7531.483612945024,-6726.775467638354,-677.1297348944519,129.22409453010758,-5766.867462591228,5733.79877123602,-2615.6496377237777,-560.4988937789934,7297.158846143676,516.2360100469417,937.4319802413156,-1710868996.4062655,81.44935685466297
0.7131321428571428,1.4022646574217363,10540.28794800881,7131.102845908198,-722.5168387939141,-7521.9060432437855,-6683.350784912689,-675.2345701273475,130.24716803017037,-5753.754320159556,5719.998033673223,-2608.8777472557913,-565.4746580941535,7320.239498871256,521.8466009512043,951.0470520559982,326988568.8882543,81.87322494069284
0.7131285714285714,1.4022716801217974,10542.386402844695,7147.384787394442,-728.1313664546017,-7512.0526547505715,-6640.235445148035,-673.3571107920106,131.25627548199358,-5740.337438169596,5705.506651776605,-2601.7984775464042,-570.436235454955,7342.503289813209,527.4881065869022,964.6849826480678,1413940602.9750266,82.29760169439179
0.713125,1.4022787028922,10544.539399643587,7163.38459713008,-733.6689030477745,-7501.992109258341,-6597.725968689682,-671.491989019192,132.25145554292092,-5727.312493761849,5690.349868920241,-2594.9543988446867,-575.4581340261651,7364.639929569662,533.186010981602,978.4323927609151,-1734058891.7672398,82.72248242289474
0.7131214285714286,1.4022857257329446,10546.04890863431,7178.794538641946,-739.1394365945436,-7492.104158234193,-6554.933342719409,-669.5754098953521,133.23451030683202,-5714.168398458498,5674.62696907083,-2588.121782047491,-580.4943117167962,7386.420488204166,538.9272557837841,992.2403356108183,165215433.96103516,83.14786246013274
0.7131178571428571,1.402292748644033,10547.234336496733,7193.909417121144,-744.5294636231953,-7481.9634618449945,-6512.413044686064,-667.6718239390055,134.2030063600055,-5700.711127173349,5658.254994448814,-2580.9867401457386,-585.5107717233375,7407.372013623178,544.694844585915,1006.0611475394564,1614146445.1591718,83.5737371668775
0.7131142857142857,1.4022997716254657,10548.493205060708,7208.751345005767,-749.8384116432889,-7471.586739227034,-6470.558969181282,-665.785708161645,135.15684144724474,-5687.641192871472,5641.251825510631,-2574.0716256844535,-590.5615183592768,7428.153718887588,550.5067363854005,1019.9568171758112,-1747600527.7766824,84.00010193071668
0.7131107142857143,1.402306794677244,10549.145403952827,7223.009298220464,-755.0790202775082,-7461.402052551865,-6428.466896351743,-663.8504674178488,136.09831305243404,-5674.49397954834,5623.734010111667,-2567.1902772718536,-595.6677750432533,7448.601113497152,556.3745401552293,1033.9589845926625,-57290369.62116794,84.42695216603842
0.7131071428571428,1.402313817799369,10549.413421915231,7236.935631628222,-760.2369316037584,-7450.9933710125515,-6386.596613858079,-661.9236010294919,137.02484054897647,-5661.00363650082,5605.613626692329,-2559.9974744233923,-600.7180294344724,7468.1951236541145,562.2535818525007,1047.9281933697564,1845836580.9851966,84.85428331401287
0.7131035714285714,1.4023208409918415,10549.774878007613,7250.590857838997,-765.3091278030493,-7440.312837013321,-6345.453372181479,-660.0185580567426,137.9358795992391,-5647.908048740782,5586.889550526913,-2553.016381371489,-605.8127498178012,7487.583471083416,568.1771543779529,1061.9794808728382,-1727863249.8408303,85.28209084256969
0.7131,1.4023278642546628,10549.551053225407,7263.654799870246,-770.3111145011798,-7429.83439247352,-6304.1051767705385,-658.06472428787,138.8342198614893,-5634.784243055364,5567.69499541831,-2546.1056518014034,-610.9651041124725,7506.673417268128,574.1550450542628,1076.13671755934,-319115199.0657601,85.71037024637276
0.7130964285714285,1.402334887587834,10548.901071172757,7276.374925741827,-775.230029580934,-7419.166723343361,-6262.936700858096,-656.1173984199195,139.71754520487087,-5621.268145495468,5547.954844879947,-2538.8530172483997,-616.0457921590837,7524.868876453738,580.136672039664,1090.2401668610937,2059101264.1436107,86.1391170467914
0.7130928571428571,1.4023419109913555,10548.369120032725,7288.829913912316,-780.0597229295382,-7408.2023867609605,-6222.549722110718,-654.1959302802993,140.58474785873818,-5608.156366733905,5527.644733619155,-2531.8061232130267,-621.1992366786563,7542.83217803174,586.1695416710972,1104.454431156901,-1648765435.743526,86.56832679186793
0.7130892857142856,1.4023489344652291,10547.265134781728,7300.679820224871,-784.8168315521174,-7397.436269060463,-6181.9903301701315,-652.225197356495,141.43882758689816,-5595.07196194235,5506.901313815557,-2524.8772932675397,-626.3629443434432,7560.543124813645,592.2374055543106,1118.7153087050478,-585814008.4819641,86.99799505628273
0.7130857142857142,1.402355958009456,10545.713318313712,7312.176114150602,-789.491325310285,-7386.526078742637,-6141.575837720746,-650.2589865716717,142.27797648657105,-5581.572026302762,5485.670881082418,-2517.5897238462453,-631.5026568933562,7577.341895260702,598.3240323228092,1132.9761677950414,2201985998.4197154,87.42811744131532
0.7130821428571428,1.4023629816240366,10544.289017068395,7323.4283788245,-794.0745780620392,-7375.2962791605805,-6101.981805657961,-648.3242624513653,143.10064719898924,-5568.435453138805,5463.91135585315,-2510.4645055761202,-636.6766264355339,7593.841507930888,604.445624359616,1147.2987168858613,-1516907409.2410562,87.85868957480291
0.7130785714285715,1.402370005308972,10542.323227997482,7334.056887440418,-798.5827705722685,-7364.263332685294,-6062.257899807125,-646.3391396137699,143.90975854200806,-5555.415722071646,5441.751666914547,-2503.525860880298,-641.8778145457891,7610.162161749588,610.6053300747797,1161.683719767832,-841499074.2710565,88.2897071110822
0.713075,1.402377029064264,10539.865289049854,7344.308890715569,-803.0077899053522,-7353.11337905354,-6022.631459620949,-644.3549848648147,144.70384284921334,-5541.949962186996,5419.152326688825,-2496.21405515682,-647.0524009406817,7625.549220746667,616.7806201662459,1176.0626130278392,2308312960.083646,88.72116573099512
0.7130714285714286,1.4023840528899127,10537.544021833719,7354.337790026891,-807.3405412378333,-7341.632222000675,-5983.852645686663,-642.4069939711146,145.48126183120158,-5528.810247767978,5396.068715297646,-2489.026945463383,-652.2391453569294,7640.583128179353,622.9804392997462,1190.4737103716232,-1367047777.9768512,89.15306114175783
0.7130678571428571,1.40239107678592,10534.732209117588,7363.754881840693,-811.5970125607236,-7330.340172652775,-5945.00436388119,-640.4117996067149,146.24489761507655,-5515.842318634532,5372.624100073262,-2482.0570949132302,-657.4906517002624,7655.47082713368,629.2289378724757,1204.9878520483485,-1099298242.0031161,89.58538907696017
0.7130642857142857,1.4023981007522863,10531.366151534294,7372.748483303594,-815.7693659417512,-7318.961084550841,-5906.186414410947,-638.4099234370042,146.99333898247693,-5502.429926348285,5348.780992650153,-2474.7387004914026,-662.6765831860648,7669.449942548087,635.4767232538685,1219.4465514566127,2436500385.490676,90.01814529649603
0.7130607142857143,1.4024051247890132,10528.15185528148,7381.540974117281,-819.848238095061,-7307.233001981504,-5868.248536025581,-636.4493070209888,147.7248989993201,-5489.307663461811,5324.4935836560835,-2467.5029721857777,-667.886355397495,7683.016188900444,641.7503327442365,1233.9472558236744,-1233659574.9639132,90.4513255865036
0.7130571428571428,1.4024121488961014,10524.501787443012,7389.74750430616,-823.8510874949204,-7295.692505368946,-5830.300272187411,-634.4460850121875,148.4427276443083,-5476.3950282665655,5299.8903376052085,-2460.5005543370235,-673.1698458244532,7696.458113191178,648.0737150235675,1248.558726735057,-1387522297.943692,90.88492575930312
0.7130535714285714,1.402419173073552,10520.244770364041,7397.489923172023,-827.7698090163163,-7284.101903620681,-5792.316633599137,-632.4290294477951,149.14537076204792,-5463.041289486653,5274.932049147568,-2453.171327492889,-678.3714026780665,7709.0186111722,654.3883978854068,1263.092348228084,2591082773.7184052,91.31894165333162
0.71305,1.402426197321366,10516.143137071236,7405.039183545637,-831.5929584858753,-7272.135734435064,-5755.238384448497,-630.4565405371695,149.83076295845572,-5449.952063024274,5249.5603565084375,-2445.894964280435,-683.6001504991633,7721.116980854933,660.7268096201377,1277.667129702184,-1073504815.7953246,91.7533691330752
0.7130464285714285,1.4024332216395448,10511.65614729108,7412.023628771129,-835.3404532696413,-7260.354821094616,-5718.202640009958,-628.44502063595,150.50248986575792,-5437.117590126311,5223.9153073144835,-2438.8784724539555,-688.8983333876809,7733.126458746217,667.1112995995423,1292.3447364826118,-1711030909.2468793,92.1882040889985
0.7130428571428571,1.402440246028089,10506.534089874785,7418.53557995044,-839.0058326278162,-7248.564499474092,-5681.081033180733,-626.4164956538452,151.15938947933267,-5423.818699718946,5197.968269417777,-2431.526341909931,-694.1199823988167,7744.254518911769,673.4873655735636,1306.9489332711955,2713745301.864634,92.6234424374715
0.7130392857142857,1.402447270487,10501.551284699613,7424.843974303502,-842.5732117614762,-7236.375938240758,-5644.866463946653,-624.4327234724573,151.79860067970478,-5410.767145541304,5171.6339679040475,-2424.213153774909,-699.3688095383263,7754.889266442469,679.8834629555396,1321.5890511850573,-823166394.0476346,93.05908012069362
0.7130357142857142,1.4024542950162786,10496.22061572826,7430.598426657518,-846.0635052416749,-7224.344224701914,-5608.750628427181,-622.4131381373026,152.42389265880203,-5398.012555976677,5145.054149937623,-2417.1866543676806,-704.6577242930724,7765.460416790839,686.3122492693242,1336.293203330863,-2056109705.0330136,93.49511310661542
0.7130321428571428,1.402461319615926,10490.242160237178,7435.8729997508435,-849.4746536537647,-7212.357565806013,-5572.500293651533,-620.3729081130543,153.03489527866716,-5384.792531954728,5118.227048826982,-2409.828860783694,-709.9177298168797,7775.173125156458,692.7481823264183,1350.9785312342508,2737159126.889937,93.931537388858
0.7130285714285713,1.4024683442859434,10484.376707217421,7440.953858249289,-852.7871462874126,-7199.953285415403,-5537.147032391104,-618.3799052310458,153.6281019571418,-5371.7495422761895,5091.0466175913825,-2402.454145328541,-715.153985613843,7784.317118302644,699.1833125916042,1365.6357063799335,-482952932.6795694,94.368348986629
0.713025,1.4024753690263314,10478.2173845136,7445.479677848012,-856.0205715251163,-7187.6810486954,-5501.959309885827,-616.352701509954,154.20704156729062,-5359.093525578146,5063.642324220173,-2395.426828590158,-720.4567031479863,7793.46387214424,705.6570531832963,1380.3828702187857,-2378321936.1946797,94.80554394462388
0.7130214285714286,1.4024823938370916,10471.387146941259,7449.5169271949235,-859.1775165190601,-7175.494948350594,-5466.58690873814,-614.3011375263966,154.77217416769426,-5345.963216778356,5036.039571129383,-2388.071875463947,-725.7264773657174,7801.771466428035,712.1351924301935,1395.1047838070751,2682935381.5739655,95.24311833299168
0.7130178571428571,1.4024894187182249,10464.661173870909,7453.384888058353,-862.2377100575403,-7162.89761960959,-5432.097210127301,-612.2996386567117,155.31985026151813,-5332.945649259468,5008.1298815431755,-2380.6474378929474,-730.9489599556424,7809.453796756062,718.6022660367072,1409.7683292546606,-125088210.56490149,95.68106824716293
0.7130142857142857,1.402496443669732,10457.703595798344,7456.715610369016,-865.2173085691609,-7150.398845275313,-5397.848671550076,-610.2684426815833,155.85298091102257,-5320.37286560362,4980.0184834373595,-2373.5984462695505,-736.280903476069,7817.1666539468915,725.11966217037,1424.567591581262,-2648068447.038268,96.11938980781132
0.7130107142857143,1.4025034686916145,10450.01937073535,7459.51459171636,-868.1207679854547,-7138.010098860394,-5363.347234037402,-608.2048599321656,156.37237017861673,-5307.341633775442,4951.740142619279,-2366.261246033942,-741.5229927419331,7824.090933283251,731.618931015739,1439.271282458657,2617087415.4467497,96.55807916074454
0.7130071428571428,1.4025104937838733,10442.439682891494,7462.16549237407,-870.9290602462288,-7125.217361008102,-5329.717020830344,-606.1939916835191,156.8745902269,-5294.367795032467,4923.195746927469,-2358.8007756811367,-746.7620233473646,7830.331553591169,738.1205781251069,1453.9657201649127,174800749.92039523,96.99713247680748
0.7130035714285714,1.4025175189465091,10434.68267903996,7464.318287000463,-873.657232342154,-7112.4939169805,-5296.394926513475,-604.1602307424313,157.36235889847777,-5281.850780267665,4894.4804358279525,-2351.710312638318,-752.0801163255048,7836.5977707249795,744.659400199773,1468.7566515064223,-2885456707.5398903,97.4365459517817
0.713,1.402524544179523,10426.169421893695,7465.895935447893,-876.3099606241408,-7099.914477650766,-5262.766141207305,-602.0858417096509,157.83652198406082,-5268.928181446242,4865.62857806848,-2344.391134466527,-757.3221643914301,7842.15486021285,751.1826678244037,1483.464839867379,2566267596.767553,97.87631580628442
0.7129964285714285,1.4025315694829168,10417.739058206304,7467.333772218875,-878.8681071941756,-7086.924606939821,-5229.986898885674,-600.0652604252731,158.2936264051002,-5256.004412244975,4836.542614984308,-2336.901371984444,-762.5528444238806,7846.971468323326,757.7027989527955,1498.1502359780256,472652638.55278546,98.31643828566418
0.7129928571428571,1.4025385948566906,10409.19772238924,7468.319279384783,-881.3480402789502,-7073.989590512996,-5197.581337191857,-598.0284837532474,158.73662041970013,-5243.560922988801,4807.321962445272,-2329.7852017067466,-767.8487591445958,7851.828373104733,764.2533304097511,1512.9133407252507,-3142674436.239385,98.75690965989467
0.7129892857142857,1.4025456203008462,10399.901146689812,7468.72379957121,-883.755337495895,-7061.234709084288,-5164.837057706247,-595.9476896840217,159.16650973408258,-5230.73518208406,4778.004229838184,-2322.4640251881933,-773.1051240514246,7856.022382075104,770.7997077873092,1527.6348820082708,2490316423.7849073,99.19772622346696
0.7129857142857142,1.402552645815384,10390.626050771943,7468.96033400274,-886.0669062907195,-7048.058844797284,-5132.887427418101,-593.9166131447113,159.5791364340856,-5217.866165837671,4748.472105374958,-2314.955821597392,-778.3051791586487,7859.447797047695,777.3235188159308,1542.2756068025892,868971002.6113417,99.63888429527894
0.7129821428571428,1.4025596714003057,10381.304694647379,7468.783055964504,-888.3000809475817,-7034.899544091353,-5101.389131106597,-591.876524996426,159.97762278831013,-5205.499332268513,4718.827189828156,-2307.81772615257,-783.5840541045937,7862.908285929779,783.8795624691609,1557.0057911312226,-3449235470.1287265,100.08038021852352
0.7129785714285714,1.402566697055612,10371.23470599441,7468.026761066668,-890.4651478711506,-7021.971672239546,-5069.51483267943,-589.789147165321,160.3638249591064,-5192.775096837608,4689.130391585663,-2300.5006398759656,-788.84258090803,7865.764277724081,790.4377414297204,1571.716602371914,2319454134.386819,100.52221036057428
0.7129749999999999,1.4025737227813038,10361.131583362372,7467.093194560483,-892.5349671377076,-7008.619788039268,-5038.379714201352,-587.7495652475413,160.73286244477814,-5179.93644367555,4659.24506425059,-2292.9506118527074,-794.007362389612,7867.795532984028,796.9574556696518,1586.2985213754705,1373909086.9159143,100.96437111286944
0.7129714285714286,1.4025807485773822,10351.042395950157,7465.760748633634,-894.5246498891436,-6995.2416057440705,-5007.7734230937085,-585.7052434207152,161.0874533752434,-5167.662892437507,4629.258259084165,-2285.804215105672,-799.2721574362174,7869.894954885736,803.5131096581939,1600.989077402749,-3724534326.012588,101.40685889078036
0.7129678571428572,1.4025877744438489,10340.212331602683,7463.859376315983,-896.4508614493537,-6982.136073153467,-4976.760668421834,-583.6116199428023,161.43059478739823,-5155.045647627036,4599.262074453396,-2278.496513585981,-804.5102758522742,7871.43779869086,810.0682846886298,1615.6525925123867,2035010258.6670418,101.84967013354652
0.7129642857142857,1.4025948003807045,10329.320730134325,7461.79437872953,-898.2856517498586,-6968.634445940394,-4946.430726258539,-581.565060714892,161.75725570521604,-5142.246637314068,4569.1183627898245,-2270.9088982450885,-809.6471287241378,7872.117503944234,816.581172872042,1630.1770635944094,1894766527.8191192,102.29280130407147
0.7129607142857143,1.4026018263879496,10318.49017067366,7459.345425361775,-900.0377550543949,-6955.050456136361,-4916.7019650707525,-579.518591859489,162.06900964344462,-5130.048585549631,4538.87875429831,-2263.737593054003,-814.900334183675,7872.867463132495,823.1313551569363,1644.8229320228793,-3878975039.9510236,102.7362488888546
0.7129571428571428,1.402608852465586,10306.90187865839,7456.305697076817,-901.7277913989187,-6941.75428702758,-4886.53346669459,-577.4177630025754,162.3695707789392,-5117.545741105099,4508.652572465584,-2256.4529405025214,-820.0903899232894,7873.128575869595,829.6661388950414,1659.3960094621648,1680379811.5152671,103.18000939785183
0.7129535714285714,1.4026158786136145,10295.234512095989,7453.116691922341,-903.3309549354968,-6928.103281997542,-4856.988775692671,-575.3629338395372,162.65447288663006,-5104.802402355665,4478.320271120223,-2248.841419477126,-825.2241557638032,7872.493238925083,836.1738184203826,1673.8822530165994,2321661977.086865,103.62407936434904
0.71295,1.402622904832036,10283.669717084545,7449.587895098453,-904.8513747408197,-6914.3184578244345,-4828.110660278897,-573.3163410045299,162.92446825162907,-5092.638196087412,4447.9083593917985,-2241.61384411398,-830.4244381344798,7871.8858832542755,842.698247849206,1688.426806952292,-3918045442.9306746,104.06845534483344
0.7129464285714285,1.4026299311208517,10271.352992479113,7445.429967567273,-906.310100356798,-6900.842332865452,-4798.775164783127,-571.2083057197447,163.1833473483118,-5080.270001370271,4417.5251802350585,-2234.3633262131893,-835.5970928330236,7870.906787268953,849.2172322614963,1702.9363887761015,1324321302.5221171,104.51313391886296
0.7129428571428571,1.4026369574800626,10258.915908285893,7441.131316110374,-907.6855361362643,-6887.033896670752,-4769.997308083872,-569.1448711935211,163.42721509531816,-5067.582823109842,4387.069532320854,-2226.7321029600275,-840.6954866810402,7868.982654328125,855.7016897462481,1717.3365802791304,2688629955.779477,104.95811168893468
0.7129392857142857,1.4026439839096698,10246.643927881069,7436.550608919374,-908.9808756522556,-6873.069738828839,-4741.947152127815,-567.0978769033137,163.65664851696383,-5055.466436227879,4356.562178998223,-2219.4612544781116,-845.8417727015546,7867.070912867831,862.194652492951,1731.7710055638154,-3943167246.833969,105.40338528035124
0.7129357142857142,1.4026510104096743,10233.648435427851,7431.333517478623,-910.2159193747431,-6859.427462560271,-4713.4435262419875,-564.9869572682272,163.87521311429134,-5043.212679121516,4326.10217703467,-2212.2186288800017,-851.0147072528285,7864.8608640087805,868.6991373624348,1746.2313714764516,984911773.0262961,105.84895134108557
0.7129321428571428,1.4026580369800774,10220.440079177357,7425.934831587139,-911.3680893493279,-6845.461228722344,-4685.3985593102525,-562.9129596417868,164.07884525840254,-5030.588121705198,4295.585539935129,-2204.5858289646044,-856.0392373922475,7861.694717354768,875.140060503519,1760.4909755336448,3108571173.4250193,106.2948065416445
0.7129285714285714,1.4026650636208795,10207.47169182449,7420.311530985286,-912.4415269593393,-6831.3068947914435,-4658.157126657907,-560.8647204425715,164.26829007985066,-5018.525513168636,4265.036661317631,-2197.2759739062026,-861.1617638262418,7858.5020399804025,881.6048217724654,1774.8404257247714,-4043122538.788143,106.74094757493046
0.7129249999999999,1.4026720903320828,10193.806455426016,7414.064956571332,-913.4588177213628,-6817.501326738141,-4630.4575138277105,-558.7515900297714,164.44762084512757,-5006.3674134445055,4234.564447859651,-2190.0317219753956,-866.2933523790716,7855.081003101423,888.0744849641831,1789.1946958952308,605098989.6241188,107.18737115610166
0.7129214285714285,1.4026791171136874,10179.85662856799,7407.601513804317,-914.394119031344,-6803.388907078339,-4603.127468346044,-556.6684272461926,164.61218921261656,-4993.79698826983,4204.051657344695,-2182.383913361358,-871.2689287656108,7850.691738604635,894.475381166759,1803.33537649498,3621528043.7401457,107.63407402243124
0.7129178571428572,1.4026861439656944,10166.191461447956,7400.940498884039,-915.2496678484434,-6789.040727290746,-4576.663944854004,-554.616838231043,164.76239175826223,-4981.798759157396,4173.513178445671,-2175.050636953262,-876.3468747635187,7846.259640121515,900.897968639898,1817.5654272319782,-4117669096.161815,108.08105293315064
0.7129142857142857,1.4026931708881052,10151.875304043562,7393.690761179417,-916.0544502948446,-6775.068535699462,-4549.752190961369,-552.502094942166,164.90344590573213,-4969.735111475636,4143.084262898475,-2167.8046867789385,-881.4234514454184,7841.656265352124,907.3220784652877,1831.7888883202531,98649930.25810581,108.52830466936126
0.7129107142857143,1.4027001978809208,10137.236869788709,7386.216687155746,-916.7818360254946,-6760.839090712809,-4523.124994852159,-550.4121202553564,165.03055890813036,-4957.223316830666,4112.646229369938,-2160.139532350543,-886.3693401013949,7836.090803762573,913.6858538112524,1845.828233649157,4155331616.8925753,108.9758260338059
0.7129071428571429,1.402707224944142,10122.891562708624,7378.553961979093,-917.4264521312368,-6746.307021728848,-4497.409647428367,-548.3578535704547,165.14276460949372,-4945.273225125703,4082.178816836415,-2152.775117800596,-891.3795058884981,7830.447541608259,920.0528920892721,1859.90461545305,-4017721604.0918603,109.4236138507773
0.7129035714285714,1.4027142520777705,10107.941950906534,7370.315689427023,-918.0226686104653,-6732.156935960936,-4471.272279137785,-546.2408879923299,165.246250182086,-4933.32073956402,4051.837848224645,-2145.5432304113992,-896.4055554603339,7824.703580552402,926.4261581813163,1873.9928006665,-549129354.4128175,109.87166496595648
0.7129,1.402721279281807,10092.6366788793,7361.857693415065,-918.5484415341265,-6717.819543477014,-4445.3233131216775,-544.1438397536948,165.33705050576222,-4920.874469933046,4021.5270845535056,-2137.868835923391,-901.3162444720832,7818.00693501282,932.7456799717917,1887.916986408675,4584110259.427967,110.3199762462633
0.7128964285714285,1.402728306556252,10077.637432988337,7353.24410740525,-918.9903661789398,-6703.118985226314,-4420.329961486992,-542.0894889174781,165.41276047168702,-4908.937699623268,3991.1907565041984,-2130.4424203509584,-906.2458862189058,7811.158906729238,939.0487464984991,1901.8190934488473,-3724474633.517213,110.76854457970592
0.7128928571428571,1.4027353339011073,10062.074211830826,7344.030407914947,-919.3829823880683,-6688.7950996943955,-4394.945571512068,-539.9688909445612,165.47959411873177,-4897.121043945868,3960.9816862053785,-2123.245101501226,-911.2334932843753,7804.327980737958,945.3695307201507,1915.7773263558474,-1217547744.5773933,111.21736687522886
0.7128892857142857,1.4027423613163736,10046.105446765938,7334.605691161695,-919.7112837944633,-6674.332959250806,-4369.653320682572,-537.8646749033816,165.53484536668182,-4884.731433671861,3930.8361195174475,-2115.558785958741,-916.0807530700542,7796.519145357936,951.6285591891716,1929.543781873888,4878193749.88189,111.66644006256004
0.7128857142857142,1.402749388802052,10030.484284027752,7325.07768902154,-919.9587107227245,-6659.490916991389,-4345.35185883209,-535.8100802972261,165.57553602068683,-4872.816875258279,3900.6855445495594,-2108.079167384637,-920.9376969835497,7788.522983973769,957.8664258018441,1943.2754484244847,-3364344160.363141,112.11576109205612
0.7128821428571428,1.402756416358144,10014.353274604533,7314.950014594476,-920.1562188009258,-6645.005242865559,-4320.711348020824,-533.6897967799329,165.6072379732763,-4861.110977596973,3870.6635226266176,-2100.889301071415,-925.8921015410187,7780.6178715537335,964.1326853113741,1957.1048732351294,-1803947575.4944222,112.56532693454764
0.7128785714285714,1.40276344398465,9997.736300732082,7304.575459978972,-920.2926508377835,-6630.42100087993,-4296.051133421589,-531.5767586634564,165.6279441530301,-4848.803329266714,3840.7236365769404,-2093.221741682524,-930.648378298192,7771.76613158342,970.3159213180459,1970.6733602240622,5118915677.465092,113.01513458118184
0.7128749999999999,1.4027704716815712,9981.52901983665,7294.164828055129,-920.3521059975462,-6615.447664521292,-4272.425866671411,-529.5222899014191,165.63479291182665,-4836.9240524896895,3810.8012844465734,-2085.6950897241454,-935.462618544742,7762.666284380615,976.4944111869239,1984.2630662225806,-3076917776.9255905,113.46518104326522
0.7128714285714285,1.402777499448909,9964.866005950114,7283.183017311091,-920.3641259102177,-6600.821093923599,-4248.50822486256,-527.4053046972886,165.63310950359278,-4825.3058937020805,3781.0203603983773,-2078.4948702822426,-940.3409803597233,7753.717023818574,982.6884648062071,1997.9096333130033,-2336203938.228641,113.91546335210448
0.7128678571428572,1.402784527286664,9947.648440626968,7271.898610314348,-920.3162961297738,-6586.133825360129,-4224.469394560332,-525.2846102076174,165.62066039277147,-4813.096663574313,3751.33004915366,-2070.8502135373187,-945.0413842313385,7743.870381523127,988.8045605872221,2011.315783358664,5392653571.975192,114.36597855883268
0.7128642857142857,1.4027915551948378,9930.850431015926,7260.6110886226425,-920.192135197463,-6571.022183194328,-4201.485741759269,-523.2279434029547,165.59447256069922,-4801.259970608479,3721.664813999993,-2063.2923973063585,-949.78217851829,7733.710476914107,994.9070015506406,2024.7184778573626,-2788677690.7325444,114.8167237343044
0.7128607142857143,1.402798583173431,9913.67523766577,7248.807083210116,-920.0248221894012,-6556.255058728589,-4178.26911831117,-521.1150206447026,165.56051838320911,-4789.720717223906,3692.160232870353,-2056.0759169512025,-954.5777502011543,7723.743555454676,1001.0217063974144,2038.1674983580517,-2958576626.30631,115.26769596884913
0.7128571428571429,1.402805611222445,9895.907535845246,7236.668214564334,-919.8015315253107,-6541.486624577451,-4154.838238870339,-518.9893013490703,165.51649015909481,-4777.604738623212,3662.7645194410866,-2048.4432161183167,-959.2462757601324,7712.937310432098,1007.0760117235775,2051.4357480263698,5695883870.999609,115.71889237216482
0.7128535714285714,1.4028126393418805,9878.521808215495,7224.528537766428,-919.5000548675981,-6526.239415466286,-4132.459182082624,-516.9295802817888,165.45839277282957,-4765.801680352285,3633.3903576376274,-2040.859632433246,-963.8719583839244,7701.758338368558,1013.0828970392613,2064.59592987755,-2335722308.2130556,116.17031007313952
0.71285,1.4028196675317388,9860.865680876943,7211.922793102871,-919.1581625630225,-6511.328265774874,-4109.934360176288,-514.8204560931064,165.39302215197222,-4754.364811752699,3604.1883167301003,-2033.6419990908792,-968.6193025584987,7690.819741384308,1019.1248104603358,2077.8799923362267,-3755855744.7443957,116.62194621968617
0.7128464285714285,1.402826695792021,9842.576198418787,7198.975019732212,-918.7678628716818,-6496.494505553938,-4087.087611501419,-512.6910284340725,165.31894659869792,-4742.335129697317,3575.1261326898034,-2026.0198755818137,-973.2184814271668,7679.0983421117835,1025.1013230730898,2090.9623606666596,5918234569.130301,117.07379797857682
0.7128428571428571,1.402833724122728,9824.645294537884,7186.036899725164,-918.2979399963033,-6481.134216765809,-4065.294008766552,-510.6307950207769,165.2305538273457,-4730.548715630519,3546.0828522482557,-2018.3881234845715,-977.7500724312954,7666.921505730083,1031.017678509401,2103.9012225706483,-1664792551.6299062,117.52586253527572
0.7128392857142857,1.4028407525238609,9806.514208333516,7172.634445670474,-917.785948495714,-6466.078108583673,-4043.4322484311674,-508.5229407568371,165.1345951193082,-4719.238998295765,3517.204940214903,-2011.196773573168,-982.4364577396512,7655.070492556631,1036.9769000921283,2116.9969884727607,-4578791034.9604225,117.97813709377114
0.7128357142857142,1.4028477809954207,9787.71551417748,7158.905272514259,-917.2334127057171,-6451.163225097922,-4021.154847680782,-506.39094389991163,165.03134315392725,-4707.281276464101,3488.4972937482885,-2003.5751283843385,-986.9476279734259,7642.447270125221,1042.8639444170058,2129.8640010757003,5939274182.929505,118.430618876407
0.7128321428571428,1.4028548095374087,9769.278614908577,7145.210026531154,-916.6039970033962,-6435.723835268032,-3999.9159319939145,-504.33019117900056,164.91426152971331,-4695.521818688847,3459.8216686366404,-1995.903212932957,-991.4069283146007,7629.332683084474,1048.695055781447,2142.6043622408306,-872570443.668434,118.88330512371292
0.7128285714285714,1.4028618381498257,9750.696241165979,7131.061605027422,-915.9292916241455,-6420.5231653086375,-3978.6984179551987,-502.2264905703333,164.7890347094299,-4684.304324455861,3431.298423007955,-1988.7111908210288,-996.0084630822973,7616.575682715533,1054.5595675902382,2155.479161077059,-5247825882.598178,119.33619309423392
0.7128249999999999,1.402868866832673,9731.407820736678,7116.559231222261,-915.21881051711,-6405.524658871446,-3956.9734987549496,-500.08979184563924,164.65737456618513,-4672.457894444014,3402.962226150941,-1981.1272947399198,-1000.4384079671754,7603.12162059016,1060.353975931435,2168.1308970089335,5763682054.652105,119.78928006435888
0.7128214285714285,1.4028758955859513,9712.489647382743,7102.14219349915,-914.4369255180397,-6390.016386302983,-3936.2653974359464,-498.0291120289682,164.5128733519717,-4660.720613560673,3374.680050860754,-1973.412067362631,-1004.8235806660916,7589.104194388022,1066.0959129989706,2180.6659740329346,-121412563.49161845,120.2425633281485
0.7128178571428571,1.402882924409662,9693.492082438781,7087.305969321696,-913.6088367199518,-6374.692430619339,-3915.6704029744606,-495.9324818015353,164.36007261711566,-4649.569684606264,3346.545493449472,-1966.1962796965572,-1009.323451314813,7575.4634657266515,1071.8582793497462,2193.2979021658957,-5746846738.259849,120.69604019716246
0.7128142857142857,1.4028899533038055,9673.745621576914,7072.054346698094,-912.7461148084202,-6359.616537778473,-3894.485640187923,-493.7909074023175,164.20105125474834,-4637.856839640206,3318.60001918686,-1958.664516956707,-1013.6905679968821,7561.228638567352,1077.5625640826986,2205.7498108021405,5528901737.8382635,121.14970800027122
0.7128107142857143,1.402896982268384,9654.339789514699,7056.9221198910245,-911.8157359916332,-6344.029059039398,-3874.276497523433,-491.7283699454194,164.02986267754434,-4626.143317273928,3290.7229610473632,-1950.917088353405,-1017.9747305079,7546.343983558383,1083.2006625994034,2218.0400750476824,580304615.8197006,121.60356408353812
0.7128071428571429,1.402904011303398,9634.954014781986,7041.436933547632,-910.8415470486631,-6328.594822008556,-3854.2802037990195,-489.6397793869254,163.8507990042051,-4615.050508384574,3263.0007512689544,-1943.6710082179295,-1022.3753919322826,7531.851692514068,1088.8588061813102,2230.4281531344423,-6238669091.837865,122.05760580995964
0.7128035714285714,1.4029110404088485,9614.79615156428,7025.49223405995,-909.8347714756509,-6313.455557117433,-3833.6266869858864,-487.4965343132245,163.66587927326722,-4603.457772216505,3235.472420599657,-1936.1741701770045,-1026.6927308523486,7516.8599336781535,1094.4752462863385,2242.692988884833,5330514155.811958,122.51183055934546
0.7128,1.4029180695847363,9594.901793154879,7009.656763993867,-908.7609416348284,-6297.788577486783,-3813.8822681892248,-485.4300078568881,163.4689041892301,-4591.777918432037,3208.0145196708604,-1928.4171700669654,-1030.8421291426616,7501.164071112387,1099.9929932840914,2254.692418935689,1355277533.657052,122.96623572812776
0.7127964285714286,1.4029250988310629,9575.158339016434,6993.546915477497,-907.6456746463157,-6282.244886664112,-3794.47383630071,-483.34965607438266,163.26448153964643,-4580.755970716917,3180.717749868056,-1921.1458150089757,-1035.1786795972253,7485.854950340757,1105.5549419934207,2266.8717021693024,-6866947090.580305,123.42081872918392
0.7127928571428571,1.402932128147829,9554.61906421061,6976.961916351974,-906.503736153971,-6267.059680419195,-3774.330756707013,-481.20698979945564,163.05527537787688,-4569.267682849837,3153.632246355747,-1913.6753869129554,-1039.402443650798,7470.144089792412,1111.066975328339,2278.896469636071,5095457152.313214,123.87557699165828
0.7127892857142857,1.402939157535036,9534.277083758663,6960.465894535056,-905.293923499058,-6251.331000192651,-3755.0368993027305,-479.1381581365418,162.83387554869074,-4557.6181231163555,3126.6135007496277,-1905.8963864443838,-1043.4501300580312,7453.663241161102,1116.47400201047,2290.6407888716,2302520349.5654554,124.33050796078324
0.7127857142857142,1.4029461869926847,9514.165287082564,6943.725419847983,-904.0408919453906,-6235.672140802153,-3736.181023231782,-477.06244814231997,162.60470975516694,-4546.6885329703155,3099.7471108354644,-1898.6303660490175,-1047.6978073400385,7437.593915334185,1121.9257235218315,2302.5738709322504,-7500429423.650481,124.78560909770022
0.7127821428571428,1.4029532165207763,9493.265229559258,6926.537999794835,-902.768960727963,-6220.427675793738,-3716.541480426728,-474.9229480419929,162.37215305312688,-4535.2818236476905,3073.114899783928,-1891.1663000064718,-1051.815128822995,7421.167054818435,1127.3250324788723,2314.3380299986043,4626051701.636817,125.24087787927893
0.7127785714285714,1.4029602461193118,9472.519560245586,6909.4226706346235,-901.4319292239584,-6204.674753632481,-3697.6711971696996,-472.85187770076953,162.12789604536482,-4523.677321751744,3046.557994108055,-1883.3747745280446,-1055.7935692753751,7403.962334309602,1132.6316321938677,2325.864581704456,3400109247.7693777,125.69631179793734
0.7127749999999999,1.4029672757882925,9452.04433569023,6892.0908807485575,-900.047252921663,-6188.893182846205,-3679.344260768416,-470.78265268172294,161.87507932941526,-4512.803741271947,3020.1356125236607,-1876.0939601394239,-1059.9037633411106,7387.140542482406,1137.952666352352,2337.490062946991,-7928107862.130801,126.15190836145986
0.7127714285714285,1.4029743055277188,9430.813396780079,6874.306274083989,-898.6487722743481,-6173.589350287924,-3660.2016676039234,-468.64435165447026,161.6197883160889,-4501.528311691028,2993.959892767581,-1868.6742107453745,-1063.9567351963442,7370.065394346984,1143.2489754798682,2349.035748102707,3844505476.6173334,126.60766509281576
0.7127678571428571,1.4029813353375926,9409.682194762336,6856.61603058015,-897.192255230429,-6157.823152147297,-3641.7298772558024,-466.5726693837926,161.35407342201768,-4489.94633323344,2967.881385664818,-1860.857620682237,-1067.8273472637766,7352.16324290752,1148.440225271648,2360.297422058341,4488870510.016156,127.06357952997644
0.7127642857142856,1.4029883652179145,9388.884077226021,6838.7435210869835,-895.6843997424029,-6141.943969838209,-3623.9135534015704,-464.51218161434167,161.07914421850862,-4479.114816677829,2941.9221290616097,-1853.54324843915,-1071.8187776514903,7334.612515830476,1153.6365217703967,2371.6363327658014,-8085051915.984306,127.51964922573244
0.7127607142857143,1.402995395168685,9367.3349054886,6820.3717842556825,-894.1632324101964,-6126.575744249493,-3605.253752065829,-462.3739031737676,160.8018336401571,-4467.992946545703,2916.20588755596,-1846.1896751416139,-1075.7994072138622,7316.937953415742,1158.8227292183687,2382.9473348441393,2928316735.271273,127.97587174749566
0.7127571428571429,1.4030024251899065,9345.819343466343,6802.1209958088575,-892.5911032736965,-6110.785589096266,-3587.1590184322154,-460.3010801906749,160.5153685668985,-4456.428728045709,2890.607785939542,-1838.3503610569535,-1079.5448633863377,7298.362524806342,1163.888351797241,2393.9174810274826,5443763271.789108,128.432244677172
0.7127535714285714,1.403009455281579,9324.729247617179,6783.74634118473,-890.9677702106851,-6094.834706372383,-3569.8261329243105,-458.24981854175536,160.21970681362416,-4445.636327303937,2865.126644259612,-1830.999360801653,-1083.434999681926,7280.121997154784,1168.9647704858903,2404.989158573406,-8095787947.787142,128.8887656108915
0.71275,1.403016485443704,9302.89174016237,6764.838929354145,-889.3306434284013,-6079.401197567137,-3551.6426234576634,-456.1150780735283,159.92157609311693,-4434.640133496674,2839.881545260465,-1823.688547791101,-1087.3256394817013,7261.855477841929,1174.0325060112525,2416.042365174793,2066971265.1367028,129.34543215887993
0.7127464285714286,1.4030235156762825,9280.998789444302,6746.025998011946,-887.6463649790034,-6063.588886112735,-3533.9007787132728,-454.03786495407854,159.61497802406777,-4423.1324048925,2814.763827577617,-1815.8674011007777,-1090.9499768109238,7242.677738023396,1178.9692707420704,2426.7191933148697,6291675021.478969,129.8022419452587
0.7127428571428571,1.403030545979315,9259.635488655425,6727.18133367758,-885.9131084785002,-6047.56819248282,-3517.034358958187,-451.9970039685633,159.29958576940786,-4412.3646036372365,2789.767082674291,-1808.4674701156955,-1094.7400527110774,7223.762689529169,1183.9236425845102,2437.521442938165,-8127451604.483013,130.25919260785884
0.7127392857142857,1.4030375763528038,9237.545033056254,6707.788706630229,-884.1683301248711,-6032.090201895264,-3499.311864236239,-449.8681235537555,158.9821420814377,-4401.483893178797,2765.0077976319917,-1801.1908059794987,-1098.5232129998979,7204.939148534914,1188.8666687630766,2448.2962661497777,1245793818.1242626,130.71628179803452
0.7127357142857143,1.403044606796749,9215.306778567156,6688.445083064011,-882.3775350107661,-6016.26271163622,-3481.9155438883267,-447.78766316308764,158.6564421631262,-4390.0370461725715,2740.3759374421816,-1793.3848037255784,-1102.0449921350182,7185.186774267636,1193.6790234853945,2458.6981690492853,7172743077.468939,131.17350718047558
0.7127321428571428,1.403051637311152,9193.656490920243,6669.121928517141,-880.5374040858756,-6000.171038201662,-3465.4790294789204,-445.75329482833376,158.32188337797567,-4379.315525878991,2715.860678827676,-1785.967801146374,-1105.7147802160055,7165.654049804296,1198.4997933286434,2469.2002484162313,-8128383963.509663,131.63086643302012
0.7127285714285714,1.4030586678960133,9171.34248387417,6649.291778072581,-878.6908099922774,-5984.6431619560435,-3448.2160120277954,-443.6339865195834,157.9861761225226,-4368.521906028436,2691.592835099988,-1778.697962980201,-1109.3838769394263,7146.271236565648,1203.313752075617,2479.686348864607,244517182.11864963,132.08835724646633
0.7127249999999999,1.4030656985513348,9148.796371434242,6629.453015481559,-876.8007482025,-5968.8285784982145,-3431.144375229151,-441.5505405572403,157.6426668927312,-4357.147431284654,2667.456650368273,-1770.9145481149635,-1112.8292733425394,7125.9942844220595,1208.0099932892244,2489.8436604781064,8172129268.402173,132.5459773243842
0.7127214285714285,1.403072729277117,9126.844420937075,6609.668699767127,-874.8575439008266,-5952.651173376498,-3415.109051259632,-439.5224937266202,157.28961724449488,-4346.445827725469,2643.422047220362,-1763.4743555309017,-1116.3313381605897,7105.856562562187,1212.6764211321797,2499.9844367890623,-7931611411.509409,133.00372438292675
0.7127178571428571,1.403079760073361,9104.328976444172,6589.40274726098,-872.9113527483117,-5937.068601846124,-3398.2997827063623,-437.41120279295995,156.9360439018873,-4335.773917016989,2619.6393244341043,-1756.2350155850904,-1119.9331025052877,7085.957382254468,1217.3727129369172,2510.2294197929127,-1076943863.2746747,133.46159615064022
0.7127142857142856,1.4030867909400684,9081.484151602603,6569.111124619417,-870.9289878562231,-5921.273315323923,-3381.5289361799314,-435.3266855078876,156.57598769693666,-4324.4408663099675,2596.006137569953,-1748.4579537308896,-1123.2516149385528,7065.173225830838,1221.9345228627433,2520.0822058293156,9165447848.11147,133.919590368275
0.7127107142857142,1.4030938218772395,9059.260621185542,6548.899620129861,-868.8889447120167,-5905.0281884239885,-3365.877268787048,-433.3060621249876,156.20558417486887,-4313.750578105437,2572.4575524971983,-1740.9794950351793,-1126.619535865921,7044.4465309010375,1226.4573902367154,2529.8994302566966,-7419522234.049508,134.37770478859525
0.7127071428571429,1.4031008528848756,9036.53861229685,6528.194533072097,-866.8454590426242,-5889.380362821305,-3349.503067823951,-431.20046989637166,155.83457671613988,-4303.222872112028,2549.1532288620438,-1733.7994825592868,-1130.1315868359272,7024.079803405706,1231.023495188152,2539.869551159542,-2547926690.1034136,134.83593717617416
0.7127035714285714,1.403107883962978,9013.413391116621,6507.481969580805,-864.7753377605574,-5873.596290067117,-3333.0283916074354,-429.11686066963836,155.458796113649,-4291.9177748406455,2526.022239785791,-1726.0178500920954,-1133.312039333822,7002.799704911411,1235.4445216149406,2549.401198381311,9917195920.463627,135.29428530726028
0.7127,1.4031149151115476,8990.952264007237,6486.876522998788,-862.646167119524,-5857.322245644145,-3317.7300774222635,-427.1031195593467,155.07241579284164,-4281.248975324681,2502.9687677143147,-1718.5080087986305,-1136.5780646941,6981.5360532721015,1239.8353491847922,2558.9339113937385,-6622562178.305403,135.75274696950072
0.7126964285714286,1.4031219463305855,8968.029097759945,6465.774237204558,-860.5101068610242,-5841.590086508641,-3301.784195744913,-425.0066771720053,154.68481302801138,-4270.821436600785,2480.143271063101,-1711.3589633332865,-1139.9510305472775,6960.691441774756,1244.2511704694762,2568.567878119036,-3925946960.7877827,136.2113199618068
0.7126928571428571,1.4031289776200928,8944.634943170899,6444.622859935457,-858.3534236691038,-5825.817875711553,-3285.5906875074943,-422.919724501303,154.29351817345972,-4259.6039737986375,2457.5035687188074,-1703.623537326357,-1143.0389370155087,6938.9868608592815,1248.5418702446425,2577.823836330091,10340889619.284866,136.67000209414772
0.7126892857142857,1.4031360089800704,8921.932499625846,6423.660053859815,-856.1405916584683,-5809.510083915926,-3270.6203794607304,-420.91494504617225,153.89214987164166,-4248.907844676605,2434.946499428315,-1696.051311395322,-1146.15976681529,6917.1767941418875,1252.7840478044307,2587.0193802918566,-5710493936.109584,137.1287911873585
0.7126857142857143,1.4031430404105196,8898.839207738198,6402.193239711854,-853.9181464933838,-5793.713943837821,-3255.087690826633,-418.82855929518564,153.4890781301669,-4238.58187234878,2412.6034414115943,-1688.9297568867855,-1149.4139596096868,6895.884533620085,1257.056175618443,2596.3401729763286,-5146144478.713005,137.58768507294752
0.7126821428571428,1.4031500719114414,8875.186816635618,6380.619635484708,-851.6779079002034,-5777.941033351381,-3239.171986245522,-416.73890533332263,153.0828272719627,-4227.453344594407,2390.448888179175,-1681.2425743815695,-1152.3994186545667,6873.774531527997,1261.2097187791103,2605.303353956874,10607751521.547419,138.04668159290355
0.7126785714285714,1.4031571034828365,8852.232084869749,6359.293345426627,-849.3843330282367,-5761.602765729609,-3224.4962666815136,-414.7396442384816,152.66700589801,-4216.748310761407,2368.3816405534108,-1673.635252258972,-1155.3660905723511,6851.4685960618835,1265.2965941310115,2614.1457764041643,-4768010729.464678,138.50577859950283
0.712675,1.4031641351247064,8829.004049740817,6337.513619463135,-847.0819549608474,-5745.749921444957,-3209.374335266805,-412.6671393396544,152.24961966972245,-4206.496105451734,2346.5248760736035,-1666.5123487495785,-1158.5066015672944,6829.72815889902,1269.4265469379966,2623.159644675293,-6379949236.690064,138.96497395511537
0.7126714285714285,1.403171166837052,8805.122483385312,6315.552610741076,-844.7640690115056,-5729.989684781957,-3193.7262791734847,-410.5759864573865,151.8294634885381,-4195.459466975863,2324.8575548418094,-1658.8772153008658,-1161.3892453132387,6807.2503785037625,1273.4419549647978,2631.829229728764,10915377702.784883,139.42426553201162
0.7126678571428571,1.403178198619874,8781.908027582467,6293.864447652891,-842.392356034865,-5713.615599423153,-3179.3210214645346,-408.58024984959457,151.39965056182982,-4184.753248199971,2303.2727121142875,-1651.2525156348343,-1164.190919723598,6784.485309392381,1277.36576418387,2640.3003533847755,-3744557712.064212,139.8836512121681
0.7126642857142856,1.4031852304731742,8758.563101800963,6271.791309421549,-840.0134855761472,-5697.703154392245,-3164.6038568423346,-406.5222565284458,150.9685695672856,-4174.576141795443,2281.8969912668117,-1644.127372952365,-1167.2309745341752,6762.31485559052,1281.355367061171,2649.0188022419115,-7792442195.452513,140.34312888707348
0.7126607142857142,1.4031922623969533,8734.476364876835,6249.48493082159,-837.6247668830036,-5681.970795587052,-3149.210102710216,-404.43160223745184,150.53574399359374,-4163.618872189654,2260.720434406772,-1636.5370445542935,-1169.9873225721133,6739.497635848466,1285.225165384884,2657.3684699788237,11204626407.509472,140.8026964575339
0.7126571428571429,1.403199294391212,8711.02290194281,6227.460331744199,-835.1795579738155,-5665.569034682019,-3135.063555517102,-402.4402318717223,150.092789898616,-4152.904751516509,2239.6155842902936,-1628.884184960926,-1172.644019211594,6716.285833074576,1288.9917879718241,2665.4897419259996,-2480170159.1661987,141.26235183346404
0.7126535714285714,1.4032063264559518,8687.545016490849,6205.07928994224,-832.725651034826,-5649.590663407998,-3120.7249760413088,-400.3930843351673,149.6482902234892,-4142.829123649842,2218.7099050762486,-1621.7924918441493,-1175.566103469408,6693.738248878935,1292.8303393926321,2673.884908313621,-9281313470.22769,141.72209293374902
0.71265,1.4032133585911737,8663.282511285304,6182.475166132965,-830.2709420190623,-5633.876241770192,-3105.595221235373,-398.30742035627975,149.203665298483,-4131.921801141814,2198.021856304133,-1614.2180869172341,-1178.1859566530156,6670.571855100596,1296.5499660763974,2681.9016231645596,11186056975.673662,142.18191768596392
0.7126464285714286,1.4032203907968788,8639.617634977563,6160.135623561602,-827.7587849921198,-5617.486944435753,-3091.6754099117297,-396.3187083931412,148.7487354227611,-4121.22017604582,2177.399648978038,-1606.5543006543849,-1180.7321946306215,6646.971992904134,1300.1720441989125,2689.715301524445,-877727723.6412153,142.6418240262348
0.7126428571428571,1.403227423073068,8615.998062276703,6137.47857213374,-825.233169359855,-5601.416690141484,-3077.7081664889733,-394.2851972886261,148.29140649889965,-4111.201378252157,2156.9583486233446,-1599.4719832600283,-1183.4791121897827,6624.034590956697,1303.8364906579232,2697.716276443707,-10634005892.772545,143.10180989902943
0.7126392857142857,1.4032344554197425,8591.585384567872,6114.562733936183,-822.7135602152077,-5585.72699349698,-3062.838872249598,-392.201065063974,147.83517522371957,-4100.410225079474,2136.7464240147924,-1591.9621685648615,-1186.0246676114607,6600.587425017591,1307.423174681591,2705.466300967947,10686801484.816132,143.56187325696078
0.7126357142857143,1.4032414878369033,8567.708210633655,6091.957692702257,-820.141128187513,-5569.351184237553,-3049.123804795342,-390.2183877834383,147.36947704526767,-4089.6625277969306,2116.608924296968,-1584.2508847189079,-1188.3983511469792,6576.5895112285325,1310.8801556941892,2712.901616330122,919633279.8911806,144.02201206059118
0.7126321428571428,1.4032485203245515,8543.977979616002,6069.045652659889,-817.5487589046013,-5553.212716419925,-3035.5141790807966,-388.1983293093687,146.90022322612876,-4079.7146697390112,2096.630048276947,-1577.1813545171092,-1191.0126963426676,6553.294672915694,1314.3851067386101,2720.5576210173754,-11699965759.250664,144.48222427823606
0.7126285714285714,1.403255552882688,8519.414469058578,6045.826692203544,-814.9658082895759,-5537.525808396485,-3020.906099033505,-386.1161140557759,146.43268180054756,-4069.0427275144925,2076.8829944541744,-1569.7450935851798,-1193.4565411670794,6529.58627505878,1317.8253864909943,2728.002469621588,9864950569.407982,144.94250788576733
0.712625,1.403262585511314,8495.327563474768,6022.963445127222,-812.3366398001627,-5521.171384888704,-3007.3734156637356,-384.1378524023829,145.9568558552382,-4058.260148179862,2057.2237735613617,-1562.002518060761,-1195.6568510503612,6505.230441638103,1321.1152890669105,2735.056001247644,2680817653.050297,145.4028608664167
0.7126214285714285,1.4032696182104305,8471.517675020437,5999.839554373572,-809.6837643073101,-5504.983620449944,-2994.1095018181563,-382.13366372049614,145.476790572398,-4048.36160927824,2037.7086284587565,-1554.922740376381,-1198.1567612558824,6481.584057403917,1324.4679789797312,2742.390508346322,-12525074028.15936,145.86328121057863
0.7126178571428571,1.4032766509800385,8446.813089195168,5976.347641359142,-807.0412848788318,-5489.288859452888,-2979.7612725136396,-380.0554536610097,144.99861368312241,-4037.7948825190106,2018.421380046227,-1547.5565997158815,-1200.4654093774795,6457.630858626941,1327.748268773758,2749.48893113571,8988189041.443771,146.32376691561365
0.7126142857142856,1.4032836838201392,8422.52060548259,5953.20977302015,-804.3564380621813,-5472.960839676672,-2966.392585555731,-378.07769267233033,144.5128445653681,-4027.0218069736766,1999.2278596466488,-1539.8221749362979,-1202.5297269085786,6432.97335089267,1330.8799031886726,2756.198392265713,4297980638.931406,146.7843159856508
0.7126107142857142,1.4032907167307338,8398.633646159402,5929.9130838605315,-801.6479507247036,-5456.718263001784,-2953.462031405825,-376.0923254934419,144.0228514998991,-4017.1281139718585,1980.1737223901941,-1532.702492601896,-1204.87780977685,6408.96464547014,1334.0670798859983,2763.1675806220987,-13262149835.78216,147.24492643139035
0.7126071428571428,1.4032977497118229,8373.822238793959,5906.176262008029,-798.9512388303001,-5441.037027374439,-2939.3675186594123,-374.018886632244,143.5350022783071,-4006.680924030307,1961.3444339637078,-1525.4129687894583,-1207.0715024958627,6384.804513387984,1337.195142319068,2769.9442116089426,8103535333.03441,147.70559626990615
0.7126035714285714,1.4033047827634078,8349.329265638757,5882.7821315972005,-796.2134905089015,-5424.725291288393,-2926.158605779042,-372.0427068241866,143.03980449404744,-3995.9049931997442,1942.6082106997212,-1517.677778585932,-1208.9903534629295,6359.849320276981,1340.1632765600568,2776.2951537909917,5937371929.726106,148.1663235244338
0.7126,1.4033118158854898,8325.347855034,5859.29374327547,-793.4509671447945,-5408.433745593014,-2913.5279415054115,-370.07153968809394,142.5401763242475,-3986.0469316177478,1924.00395193439,-1510.5576143769276,-1211.183819500506,6335.536797933926,1343.1804971583479,2782.8902391127804,-13943404996.15852,148.62710622422998
0.7125964285714286,1.4033188490780697,8300.468649436152,5835.371870255467,-790.7053219992171,-5392.7585709729055,-2899.7056419875335,-368.0091155188657,142.0436017268522,-3975.678046518119,1905.630727857901,-1503.301687597846,-1213.2571162331926,6311.144778907811,1346.155114959986,2789.340415523799,6967751673.439802,149.0879424042884
0.7125928571428571,1.4033258823411483,8275.79121569402,5811.733749566895,-787.9195564143002,-5376.4917628316025,-2886.6294306694435,-366.0325311647585,141.5398411718106,-3964.921838787471,1887.348887832995,-1495.5896740692472,-1215.0468108673304,6285.949564310334,1348.9655627406833,2795.353033559151,7825384493.27823,149.54883010519922
0.7125892857142857,1.4033329156747274,8251.70305996348,5788.068192996544,-785.1049092665788,-5360.130422167454,-2874.288638388263,-364.07642295432726,141.03091409907393,-3955.074450830702,1869.1846034909938,-1488.4595446706958,-1217.0559609313964,6261.3315269679215,1351.7991121025498,2801.534749910131,-14483175665.624487,150.00976737293618
0.7125857142857143,1.4033399490788077,8226.780761513248,5763.963251246863,-782.3122469601547,-5344.466448940446,-2860.7394036258124,-362.023745155454,140.5259580355137,-3944.823151500352,1851.2571749936706,-1481.2647755944297,-1219.044618548315,6236.75355258714,1354.6300612469522,2807.696415495315,5377018353.72389,150.47075225865848
0.7125821428571428,1.40334698255339,8201.92974779237,5740.129168444557,-779.4849876320048,-5328.253316179948,-2847.7817833961426,-360.0500041379161,140.01481581511052,-3934.045019357139,1833.430191963816,-1473.5484762283638,-1220.664567700603,6211.319336234785,1357.2712560645011,2813.327257521525,9880999796.668417,150.9317828185121
0.7125785714285714,1.4033540160984754,8177.751321388579,5716.29672594211,-776.6216077576595,-5311.837389990979,-2835.716019917783,-358.1081086292886,139.49721294870847,-3924.2189157217117,1815.6993272469822,-1466.412513033414,-1222.5219389096158,6186.420232905437,1359.93177745759,2819.132200043373,-14665688245.331999,151.3928571134314
0.712575,1.4033610497140652,8152.777659502452,5692.00770408489,-773.7825566514239,-5296.163550365866,-2822.4379863122062,-356.0645851567809,138.9840013216232,-3914.09487533439,1798.2044294066918,-1459.296378215666,-1224.401183386269,6161.681491398397,1362.60633971047,2824.9696795051186,3417760269.5322022,151.85397320894
0.7125714285714285,1.4033680834001605,8127.774245879737,5668.005909900324,-770.9182284205808,-5280.012509244912,-2809.5942373172975,-354.09502832028204,138.4662719048891,-3903.2924361997575,1780.827664937566,-1451.5739272299793,-1225.8523767670592,6136.030548852236,1365.0791529547168,2830.221090355085,11776392638.38273,152.31512917495246
0.7125678571428571,1.403375117156762,8103.525532477498,5644.033534002229,-768.011598851155,-5263.569788172696,-2797.7790706155465,-352.1674701648551,137.940966991339,-3893.4787974909786,1763.528819025914,-1444.4235701877853,-1227.5822694877702,6110.870415772509,1367.5765488674901,2835.6808303572247,-14367660762.702908,152.7763230855751
0.7125642857142857,1.403382150983871,8078.493209567371,5619.584856050147,-765.1280202071073,-5247.855399850056,-2784.7773638503513,-350.1357737900211,137.41982503517477,-3883.453541596669,1746.456640159747,-1437.3753994690599,-1229.3013394132415,6085.9671645697035,1370.0738909025222,2841.1306956197714,1346982443.584564,153.23755301890668
0.7125607142857142,1.403389184881489,8053.351779733042,5595.38869018405,-762.2266003134639,-5231.778455356127,-2772.0354287556775,-348.16558481545155,136.89550035827082,-3872.693543257467,1729.5152866373762,-1429.697379358592,-1230.649734759215,6060.164132380672,1372.3969836095566,2846.0735105121876,13263060468.760433,153.69881705684006
0.7125571428571428,1.4033962188496163,8029.022883366509,5571.329964813112,-759.2827561383928,-5215.301722567414,-2760.4531544097076,-346.2569844792303,136.36358388605163,-3862.813943428039,1712.6478594424186,-1422.48251312918,-1232.1813666407968,6034.712311832217,1374.7089610081941,2851.109129885358,-13704499917.850216,154.1601132848623
0.7125535714285713,1.4034032528882543,8003.965202832106,5546.7290599335765,-756.357852190738,-5199.570220345474,-2747.722157793736,-344.2359397365956,135.8350986172656,-3852.9240587618906,1695.991554707808,-1415.522313017477,-1233.7922018306963,6009.688234298776,1377.0468248911434,2856.2312493943023,-657132623.5287911,154.6214397918557
0.71255,1.4034102869974037,7978.681086179969,5522.355219939072,-753.4207129062398,-5183.540282326849,-2735.0885981556607,-342.2670377852803,135.30443938192232,-3842.1881891738226,1679.4741507353945,-1407.8800616530575,-1235.003998118859,5983.729313531442,1379.2058001683122,2860.821440031555,14459293675.34778,155.08279466988404
0.7125464285714286,1.4034173211770662,7954.265300222231,5498.1972804866255,-750.4423791935917,-5167.052040790169,-2723.7037056384293,-340.3728277058739,134.7664051447809,-3832.277120376461,1663.0299392139855,-1400.6398214902283,-1236.349296409193,5958.050552964664,1381.3354814009217,2865.4453196019667,-12870932651.772182,155.54417601405075
0.7125428571428571,1.4034243554272423,7929.222742687278,5473.506593378496,-747.48162420702,-5151.3015139942845,-2711.2608335199698,-338.3689338981873,134.23155097838503,-3822.4752281049823,1646.7880068074649,-1393.7176361948484,-1237.8532088707047,5932.87303552113,1383.5164256902005,2870.2453048493685,-2687956884.298367,156.00558192221305
0.7125392857142857,1.4034313897479338,7903.794450854582,5448.958613336205,-744.5113321309422,-5135.323696952288,-2698.718308086428,-336.3997008845308,133.6950075140085,-3811.7802710678493,1630.6863021673016,-1386.1373447764076,-1238.916919937143,5906.805493333834,1385.5057129003972,2874.467874336024,15680160413.99673,156.46701049483983
0.7125357142857143,1.4034384241391409,7879.2808899893425,5424.692718776231,-741.4986527563478,-5118.813337512905,-2687.5163091957206,-334.51807792941105,133.15087533251196,-3801.841862625789,1614.6517169505498,-1378.880085802047,-1240.0913921860813,5880.911387618737,1387.4543114501591,2878.692217218846,-11979879433.941637,156.92845983479813
0.7125321428571428,1.4034454586008651,7854.2604468412965,5399.935301069538,-738.5051797488735,-5103.039726870517,-2675.358190965329,-332.53287263411215,132.61021752798376,-3792.1154216299406,1598.8172496080028,-1371.9905911507683,-1241.4712875689856,5855.590906994075,1389.4719091108711,2883.1495884862184,-4923240789.955811,157.38992804715312
0.7125285714285714,1.4034524931331076,7828.709475433898,5375.242579996615,-735.5062657997519,-5087.127256544503,-2662.9006340430637,-330.56490255655524,132.0686130849747,-3781.453182099281,1583.1271601385627,-1364.4632438361025,-1242.3917880815493,5829.428577954427,1391.2949736151097,2887.0128560630137,16956300931.17148,157.8514132389683
0.712525,1.403459527735869,7804.089164901262,5350.869676039521,-732.4606935220488,-5070.589875082675,-2651.8661640223327,-328.6949252431532,131.5186574263712,-3771.4822613722667,1567.4916148171778,-1357.1894774548482,-1243.3968092355315,5803.327825630146,1393.0608798214212,2890.835587661262,-10805743325.935299,158.31291351910608
0.7125214285714285,1.403466562409151,7779.077044473467,5326.034639382867,-729.4347810528241,-5054.781976032879,-2639.980958059357,-326.72630118130473,130.97225484858257,-3761.847934834216,1552.0516381849632,-1350.3571230914074,-1244.6428549995956,5777.896655088776,1394.9079443660278,2894.9327659496284,-7404946978.273343,158.774426998028
0.7125178571428571,1.4034735971529535,7753.443618002471,5301.247265708895,-726.4124801370587,-5038.941307333444,-2627.6227534049963,-324.7641204979741,130.4265247165654,-3751.200373915132,1536.7707083682792,-1342.860362035358,-1245.4218791086396,5751.6404666710105,1396.5680923375955,2898.443534442413,17965402892.363064,159.23595178759464
0.7125142857142857,1.403480631967279,7728.725099161632,5276.779749423541,-723.3386472669403,-5022.407589696153,-2616.7242249302867,-322.9040056719812,129.87156599680847,-3741.203492344356,1521.530896802773,-1335.5806984573599,-1246.2737987109842,5725.372503206758,1398.1586334705403,2901.8872016114437,-9058185829.547998,159.69748600086606
0.7125107142857142,1.4034876668521277,7703.713925450799,5251.886539802047,-720.2812890257454,-5006.533373420916,-2605.121071878386,-320.9544482069834,129.3195894309605,-3731.6359534553576,1506.4745084033125,-1328.7944278124467,-1247.3500763491463,5699.821810110681,1399.8194386121095,2905.577848355528,-9985123001.750942,160.15902775190187
0.7125071428571428,1.4034947018075008,7678.0254555235215,5226.9916426676455,-717.236688293868,-4990.782315958028,-2592.8599013377066,-318.99479599282023,128.76992721650882,-3721.067453831774,1491.5914572168047,-1321.3740496577104,-1248.042740564073,5673.536333320617,1401.333759317798,2908.7975197379283,18382144706.770134,160.6205751555611
0.7125035714285713,1.4035017368333995,7653.209867691298,5202.491438641252,-714.1417237264159,-4974.25599187461,-2582.083016982304,-317.14971778110976,128.21125299982194,-3710.969211970678,1476.7489541293717,-1314.0376790957341,-1248.6800472914845,5647.075882853051,1402.7328992956668,2911.7985954774076,-6795731210.374651,161.08212632730297
0.7124999999999999,1.4035087719298247,7628.220358151874,5177.531898476248,-711.0545307463672,-4958.33548861576,-2570.751763366714,-315.21656928902075,127.65400364831943,-3701.511167031201,1462.0665957052154,-1307.3250906986052,-1249.638808950133,5621.450064939673,1404.224288290079,2915.141218066595,-12359949587.14135,161.54367938298603
0.7124964285714286,1.4035158070967777,7602.465693806611,5152.541933094995,-707.9876137737533,-4942.635386144484,-2558.601617767032,-313.2617537590285,127.10041800442401,-3691.0013906666723,1447.568042480219,-1299.973081969668,-1250.2060001356988,5595.124559294317,1405.5755641106914,2918.0180762356963,18220967892.760555,162.0052324386548
0.7124928571428571,1.403522842334259,7577.557581704651,5128.007018671958,-704.8750862013317,-4926.146650519102,-2547.915397750957,-311.4283431435348,126.53866875845027,-3680.8301796226647,1433.1169506449683,-1292.6098539331522,-1250.64713117815,5568.529427961117,1406.790939231838,2920.600300513609,-4347300806.126311,162.4667836103966
0.7124892857142857,1.4035298776422702,7552.619466674576,5103.033960807993,-701.7632044388969,-4910.184603271915,-2536.8615342040234,-309.5166031115786,125.97705992489347,-3671.4354503165673,1418.8067506835055,-1285.9252301184831,-1251.4922598798619,5542.799470136723,1408.1171654773814,2923.604855403365,-14407617011.29405,162.92833101405586
0.7124857142857143,1.4035369130208124,7526.794777256408,5077.953573184636,-698.6752411992578,-4894.522829800269,-2524.8221463831055,-307.56625773617645,125.41976959512469,-3660.999231935064,1404.6825662970084,-1278.667623822673,-1251.906836761033,5516.473605328667,1409.293588159347,2926.104236424953,17802968275.19029,163.3898727650916
0.7124821428571428,1.4035439484698864,7501.806936473101,5053.369977495193,-695.5457729143226,-4878.084515523549,-2514.2152781296486,-305.7413791821108,124.85505239462054,-3650.794118311563,1390.6111885998455,-1271.3039868943824,-1252.205279634,5489.781340806019,1410.3415011077507,2928.3268821429238,-2027565186.2327187,163.85140697836303
0.7124785714285714,1.4035509839894935,7476.927718894044,5028.440920621985,-692.4156258717403,-4862.081866246418,-2503.4347852434107,-303.85600321995196,124.29024215326274,-3641.407481627208,1376.6735281896053,-1264.6131677365952,-1252.8765464840203,5463.9391116203815,1411.4865483979738,2930.9307493221877,-16238077683.009123,164.3129317679297
0.712475,1.4035580195796344,7451.075501860449,5003.28362202848,-689.3098493047041,-4846.483386061359,-2491.510712735596,-301.9099458657194,123.72983738493306,-3631.081162110974,1362.9175343166764,-1257.4656431920803,-1253.1882932429335,5437.651216202558,1412.5069840577412,2933.112841815052,17310526649.471924,164.77444524685163
0.7124714285714285,1.4035650552403105,7425.988245128551,4978.655810481983,-686.1642006925242,-4830.074543081481,-2480.9763329517436,-300.09379878116806,123.16230117428692,-3620.824271451472,1349.214593786643,-1250.0980874156062,-1253.3157368270574,5410.861238204493,1413.3755073143716,2934.939098494395,314381600.7713126,165.23594552698947
0.7124678571428571,1.4035720909715226,7401.155141165763,4953.754872249131,-683.0167233557313,-4814.0390424706175,-2470.4441175694046,-298.23118646199157,122.59446144659259,-3611.469923136256,1335.6388767392934,-1243.4308985954776,-1253.8216230253313,5384.9497042591365,1414.340356755109,2937.149103801016,-18045145993.967823,165.69743071880464
0.7124642857142857,1.403579126773272,7375.3217519469845,4928.582453176314,-679.8981595490452,-4798.502449723299,-2458.661962823694,-296.29617770081626,122.03183626583815,-3601.2164433017606,1322.2487083125575,-1236.3506783949101,-1254.0315832122074,5358.673772688602,1415.2088570464002,2939.02165847408,16560566967.049738,166.15889893115954
0.7124607142857142,1.4035861626455597,7350.12509603532,4903.906002542596,-676.7390182460498,-4782.141690756751,-2448.167810931347,-294.4856081588629,121.46195300654531,-3590.9245868310727,1308.907262422183,-1229.0073484843222,-1253.985902735008,5331.836625816352,1415.8974619800656,2940.450210148449,3071501020.1640773,166.62034827111793
0.7124571428571428,1.4035931985883865,7325.335991211191,4879.039898718267,-673.5743801666428,-4766.052415756323,-2437.8893600658025,-292.64664835286374,120.89110795295971,-3581.59303263066,1295.6818391302718,-1222.3578892744529,-1254.3282353573225,5305.84935026727,1416.6796524151914,2942.264176060135,-19883334679.340515,167.08177684374473
0.7124535714285714,1.4036002346017535,7299.548103860759,4853.865248715349,-670.446041957651,-4750.592045621472,-2426.2523028729065,-290.72245226628934,120.3268042644512,-3571.444374538039,1282.6510949430863,-1215.369848423038,-1254.4474203567963,5279.633681220219,1417.4013587829136,2943.842218109384,15252087445.713907,167.54318275190698
0.7124499999999999,1.4036072706856624,7274.261808814897,4829.192158288189,-667.2797265832371,-4734.294060652824,-2415.7924863897906,-288.9215131659777,119.75571588657425,-3561.073375922844,1269.6710768361254,-1208.0143761447387,-1254.2094169562674,5252.738360186219,1417.9095983632224,2944.8601740748572,6277031227.944709,168.00456409607364
0.7124464285714286,1.4036143068401132,7249.512499703355,4804.34294499176,-664.098270057377,-4718.158989292169,-2405.7501267589732,-287.1028213252149,119.18193858750199,-3551.7948598335925,1256.784793067832,-1201.4099914326323,-1254.4139326696136,5226.712027996466,1418.5158243676092,2946.3040968549185,-21395119510.989883,168.465918974102
0.7124428571428572,1.403621343065108,7223.760821642683,4779.175169122048,-660.959686687343,-4702.738640997644,-2394.273560521846,-285.191502303222,118.61587979850783,-3541.735838797349,1244.1005447993034,-1194.5088900896926,-1254.4146022713994,5200.547025074644,1419.0776234125435,2947.549541134417,13252866471.031944,168.92724548109538
0.7124392857142857,1.4036283793606472,7198.408583907945,4754.52113232681,-657.7906789336861,-4686.536491741289,-2383.8314977050863,-283.3991952407778,118.04438634520534,-3531.305629325183,1231.4784077409126,-1187.156642605837,-1254.0064534260548,5173.638177662928,1419.417037175704,2948.189295845298,9567791487.70778,169.3885417091176
0.7124357142857143,1.4036354157267323,7173.707813740315,4729.724201774002,-654.5967407840211,-4670.363755635879,-2374.0138292717656,-281.6033108345871,117.46844425606973,-3522.0404357640823,1218.9281724910709,-1180.5661338919388,-1254.0686760469996,5147.557544884699,1419.848776872264,2949.263600584378,-22244842793.17278,169.849805747051
0.7124321428571428,1.403642452163364,7147.9877489472665,4704.563807025889,-651.4474716026837,-4654.957060471033,-2362.7100336053136,-279.70517789479095,116.90054346783062,-3512.0834774621817,1206.5781421178106,-1173.7719898357639,-1253.9319352785287,5121.465862246194,1420.2402628442962,2950.149009163945,10792751438.161734,170.31103568038262
0.7124285714285714,1.4036494886705435,7122.5894906140065,4679.914606828001,-648.2766629479839,-4638.871855759774,-2352.2762493927817,-277.91813145037753,116.32880233290925,-3501.6438865103414,1194.30368768586,-1166.4564144335054,-1253.4077287555078,5094.591332869074,1420.428809621216,2950.472653393766,12484946756.2963,170.77222959100527
0.712425,1.4036565252482718,7097.9409736376765,4655.239075685089,-645.0777354790445,-4622.665366412047,-2342.674997259241,-276.1511830947703,115.75204603850793,-3492.3133015125527,1182.0920220643886,-1159.8278680824458,-1253.260199789233,5068.431769485776,1420.6707414498815,2951.1111995439314,-22455340383.16302,171.2333855570177
0.7124214285714285,1.40366356189655,7072.286292959446,4630.075735459261,-641.9185953879958,-4607.293470371062,-2331.5468171548655,-274.26382328569497,115.18245944864627,-3482.5161973041554,1170.0664499261131,-1153.173949930143,-1253.048012225593,5042.460595465846,1420.9125795875357,2951.70704853647,8224967886.311365,171.69450165252638
0.7124178571428571,1.4036705986153792,7046.819474457592,4605.44088537704,-638.7458446247396,-4591.288106289156,-2321.127962287827,-272.483857329146,114.6104554063435,-3472.0381902651047,1158.1277747066283,-1145.8838206467615,-1252.3665149480862,5015.604918245438,1420.9334310713834,2951.6620931686093,15014003196.335514,172.1555759474456
0.7124142857142857,1.4036776354047606,7022.217724007862,4580.871258397616,-635.5441913318734,-4575.078273731741,-2311.7065077137395,-270.7411576106636,114.03329094431025,-3462.67479244044,1146.2475425314085,-1139.2517984985973,-1252.0324111802356,4989.422953231256,1420.9946204527337,2951.8937327463177,-22342806129.40962,172.61660650729925
0.7124107142857142,1.403684672264695,6996.671867527251,4555.772677220658,-632.3800356396055,-4559.733594274213,-2300.7843082756685,-268.87247868595114,113.46287986696468,-3452.9834902883945,1134.5444608125065,-1132.6808845014903,-1251.739074347174,4963.527046570036,1421.0894580687109,2952.2014774132463,5602864888.65714,173.07759139302152
0.7124071428571428,1.4036917091951835,6971.119091659503,4531.134671198376,-629.2059806669332,-4543.812427716104,-2290.3579200574536,-267.0958189248432,112.89071818514876,-3442.499203550161,1122.9316453356514,-1125.4604867832074,-1250.8908643038328,4936.7496481798,1420.937570240054,2951.774885434033,17555504992.40308,173.5385286607585
0.7124035714285714,1.4036987461962271,6946.567576884956,4506.66709886691,-626.0014750960258,-4527.593720801717,-2281.1141241027763,-265.3766305721904,112.31311787414482,-3433.1072568639474,1111.3716872819343,-1118.8234233346552,-1250.402499872985,4910.543017054626,1420.8269365276367,2951.6341394682927,-22192994606.746593,173.99941636166926
0.7123999999999999,1.4037057832678272,6921.14834027595,4481.6719360738025,-622.8372360155757,-4512.284517679637,-2270.4010777041003,-263.52944019810144,111.74277066984223,-3423.510933615561,1099.9890892654278,-1112.3339689576833,-1249.9945115230078,4884.7474890040685,1420.7682075633802,2951.6225986274953,2721136851.5269594,174.46025254172767
0.7123964285714285,1.403712820409985,6895.5451523320135,4457.061603476676,-619.6659570566363,-4496.466839080157,-2259.972088360399,-261.75821791787274,111.17119146888376,-3413.0174093354813,1088.6984188871638,-1105.16851175293,-1249.0049221628865,4858.052659688097,1420.4570642326196,2950.850912996661,20269610757.353416,174.9210352415239
0.7123928571428572,1.4037198576227,6871.0138568212515,4432.672935856464,-616.4579689977953,-4480.23240985662,-2250.882111092787,-260.0589862712316,110.59305298029327,-3403.6084835430443,1077.4468966365996,-1098.5496759245614,-1248.3578635136225,4831.847142593341,1420.1700628879041,2950.3273554262114,-21698498266.985283,175.38176249605158
0.7123892857142857,1.4037268949059754,6845.713486560445,4407.786786373654,-613.2934089294399,-4464.933910229545,-2240.3862626328655,-258.234494230615,110.02273073518894,-3394.0964579371407,1066.3737207619674,-1092.138688240369,-1247.8220932005618,4806.146734012119,1419.9507754961405,2949.977337526989,-696637028.7927824,175.84243233456738
0.7123857142857143,1.403733932259811,6820.102110857404,4383.236662838188,-610.1296291497089,-4449.24790716267,-2229.957726182498,-256.47049789588874,109.45257385909107,-3383.6026667762844,1055.4028060729183,-1085.0257761229539,-1246.7158694845236,4779.558069759896,1419.494496862168,2948.8987782172767,22882325143.446693,176.30304278030687
0.7123821428571429,1.4037409696842085,6795.578725516934,4358.9446146479,-606.9216377997957,-4433.006494315877,-2220.996516535086,-254.79132366355338,108.87451135251813,-3374.1496782714125,1044.455587212775,-1078.4160969637103,-1245.890539358936,4753.361444280259,1419.0272505630896,2947.9749731159413,-20389684662.04031,176.76359185034406
0.7123785714285714,1.4037480071791684,6770.402264146469,4334.164198017363,-603.7554795497435,-4417.694454867464,-2210.736284118473,-252.98983981058385,108.3039785422533,-3364.7383796282097,1033.6794497348535,-1072.096341649493,-1245.2368140665235,4727.765313882735,1418.646651037444,2947.291904632554,-4585430276.300513,177.22407755537907
0.712375,1.403755044744692,6744.805840782841,4309.675726062314,-600.6014507465784,-4402.161247680544,-2200.3049036627144,-251.23138494400007,107.73564781743003,-3354.284391820918,1023.0215911417953,-1065.0658141343056,-1244.0376535542864,4701.333289759113,1418.0555460793746,2945.937465793385,24904098716.31035,177.68449789954104
0.7123714285714285,1.4037620823807806,6720.304602572923,4285.546282608537,-597.4008485512941,-4385.926878536359,-2191.465117695375,-249.57787943067208,107.15899373870272,-3344.717912679099,1012.3810971924058,-1058.412584184258,-1242.9949305486614,4675.119738067162,1417.404507020726,2944.5832513671126,-18210545049.96932,178.14485088019038
0.7123678571428571,1.403769120087435,6695.265555434247,4260.846028497695,-594.232500546157,-4370.6156968953555,-2181.434830058352,-247.79544123520404,106.58815401112226,-3335.467050252807,1001.8910409195787,-1052.2272218220262,-1242.2701143166908,4649.679531113241,1416.8764334704629,2943.6174055078372,-8463511157.339887,178.60513448772164
0.7123642857142857,1.403776157864656,6669.6716347519305,4236.4379110370255,-591.0878239122848,-4355.19071697495,-2171.0231089750596,-246.04618159995155,106.02158481242945,-3325.0193098667523,991.5351805225098,-1045.2599983185235,-1240.9389147424538,4623.377385420211,1416.1348293946646,2941.937846528225,26120288494.95588,179.06534670536652
0.7123607142857142,1.4037831957124451,6645.199030744204,4212.4582495957075,-587.8979126332806,-4339.011853372733,-2162.2636975399746,-244.4132343409621,105.44692764835933,-3315.379978092977,981.1968665720844,-1038.5995959902846,-1239.7154743701922,4597.211665393871,1415.3166290381887,2940.2025420418436,-15523556957.728687,179.52548550899692
0.7123571428571428,1.4037902336308032,6620.319281402276,4187.900798767715,-584.731577246852,-4323.685364006178,-2152.4849827603507,-242.65735074616518,104.87652457659276,-3306.219060960675,970.9904925873442,-1032.4864301573305,-1238.8953790479054,4571.872061763664,1414.6373719126916,2938.9339625791727,-12029125606.83715,179.98554886692827
0.7123535714285714,1.4037972716197316,6594.710685307164,4163.541944073236,-581.5943194665793,-4308.357988176105,-2142.0848193720735,-240.91324822565184,104.31136229571402,-3295.823665899426,960.9235435670118,-1025.6338113210827,-1237.4357044997887,4545.753883790711,1413.7415111935888,2936.9262622946385,26847353609.38826,180.4455347397229
0.7123499999999999,1.4038043096792308,6570.264943012381,4139.701779795192,-578.4149093172384,-4292.2369951814435,-2133.3940494411027,-239.29907684193472,103.73866478392125,-3286.117690740036,950.8772096892021,-1018.9675525042571,-1236.065569727898,4519.637014797748,1412.7665491322377,2934.8476795441184,-12812790290.942118,180.90544107999375
0.7123464285714285,1.4038113478093024,6545.550408842822,4115.338388990231,-575.2562640820828,-4276.898589860161,-2123.864873713789,-237.57421869931898,103.16972136660854,-3277.000576103847,940.9544249022738,-1012.900994907065,-1235.0984163849516,4494.396751131811,1411.92566630046,2933.227666154558,-15346930681.506178,181.36526583220865
0.712342857142857,1.4038183860099471,6519.964897695476,4091.0357210289785,-572.1278294934158,-4261.684026557415,-2113.4883397144517,-235.83538400295285,102.60622598059773,-3266.687952729346,931.1690814029082,-1006.170700987273,-1233.5572686007001,4468.480564375247,1410.893436688181,2930.9486474890136,27400897867.33923,181.8250069324937
0.7123392857142857,1.403825424281166,6495.511899777191,4067.320010299417,-568.9583908027739,-4245.605104062863,-2104.8485726347176,-234.23772123291843,102.03540190866974,-3256.9126849851737,921.4042052234886,-999.5131413664827,-1232.0196113848385,4442.427719141543,1409.7523915832317,2928.4986856226024,-9958450081.63787,182.28466230842383
0.7123357142857143,1.4038324626229606,6470.963348781968,4043.154713475742,-565.8087568553007,-4230.257124717671,-2095.56240988414,-232.54346129742888,101.46815507661884,-3247.8425419515697,911.7578322606644,-993.499112455487,-1230.909616584071,4417.301686485191,1408.7522289407464,2926.5336406520037,-18776764254.377373,182.74422987888423
0.7123321428571429,1.4038395010353315,6445.45070003953,4018.9566525243445,-562.6935428938184,-4215.167692611933,-2085.2322781836697,-230.81477065855952,100.90710603838927,-3237.5996255499795,902.251991305247,-986.8659614512596,-1229.3014585852188,4391.580400688423,1407.594800908946,2924.01062815972,27710739331.415855,183.2037075537896
0.7123285714285714,1.4038465395182802,6420.952283445886,3995.352736656155,-559.5348295779239,-4199.130344928359,-2076.608162933258,-229.23062641654587,100.3382817861487,-3227.7478903363435,892.7606214305184,-980.2346762968779,-1227.5736303130277,4365.617798575127,1406.2793294186997,2921.1629185483835,-6480082853.108342,183.6630932339461
0.712325,1.403853578071807,6396.559113501024,3971.3683121606564,-556.3910994957592,-4183.743231333725,-2067.5731391501254,-227.5663593564169,99.77216916413812,-3218.7256101097887,883.376706370091,-974.27057745657,-1226.3473465910952,4340.585742770534,1405.1226076135645,2918.8741447962607,-22454788929.411182,184.1223848108424
0.7123214285714285,1.4038606166959138,6371.120164409608,3947.2816717071455,-553.2908961012118,-4168.781634907135,-2057.2852277512766,-225.8475668845271,99.21388953918648,-3208.5628726474,874.1440661534929,-967.752212272319,-1224.65789309968,4315.091430653838,1403.836897903988,2916.093480413888,27364776990.50633,184.5815801664549
0.7123178571428571,1.403867655390601,6346.5891106807485,3923.8322382463653,-550.1475022321946,-4152.795559158903,-2048.671662026356,-224.2807334787446,98.64789543728689,-3198.583655807942,864.9244529897542,-961.1016925532937,-1222.7347043806922,4289.187153266964,1402.3524041119854,2912.853007669948,-2241389204.8717985,185.04067717305412
0.7123142857142857,1.4038746941558702,6322.329928762175,3899.9878610910873,-547.0077372924532,-4137.372412884849,-2039.8647700578836,-222.6408988945127,98.08257856265566,-3189.6547797243666,855.7912804910073,-955.2336879874603,-1221.4135811476456,4264.296717241814,1401.0420922214055,2910.2579222934914,-25860715907.563004,185.49967369301024
0.7123107142857142,1.403881732991722,6296.967280529297,3876.043040202753,-543.9225842489731,-4122.494360136108,-2029.654362641398,-220.93735563668574,97.52707878691923,-3179.536117368753,846.8229924649999,-948.8031057643918,-1219.6107726551568,4238.99517013311,1399.6161392005276,2907.1807282647433,25960497937.25806,185.9585675785993
0.7123071428571428,1.403888771898158,6272.432855625704,3852.7433241949198,-540.7986953580314,-4106.621376834432,-2021.0183903538234,-219.38339504420574,96.96465868212812,-3169.4808277343936,837.8728717071235,-942.1689350431656,-1217.5433383694956,4213.218039004033,1397.9869661579135,2903.6180292701156,2442559562.5183187,186.41735667181007
0.7123035714285714,1.403895810875179,6248.301408667847,3829.091790457842,-537.6667889037615,-4091.142152920569,-2012.4445595875393,-217.77398474357648,96.40082632637477,-3160.566863501096,828.9883227714678,-936.3429228341147,-1216.0792878760626,4188.422189640775,1396.5114035770503,2900.6693018108654,-28504143293.56567,186.876038804151
0.7122999999999999,1.4039028499227857,6223.0049436955915,3805.2471309154903,-534.5923621846918,-4076.326073538135,-2002.3176422836893,-216.08178852526325,95.84732472863942,-3150.545878155909,820.2691979403937,-930.0463317679175,-1214.1938852415738,4163.348008089913,1394.9472299599652,2897.3184543308425,23679478508.12273,187.33461179645704
0.7122964285714285,1.4039098890409794,6198.451227980446,3782.0879015595983,-531.4879724083996,-4060.564760125713,-1993.6417322744744,-214.53902187682553,95.28847657320037,-3140.4105728799477,811.5798757048914,-923.4311969432447,-1211.990289067835,4137.701495721301,1393.1756042729544,2893.4422932303214,6963310683.623644,187.79307345869748
0.7122928571428571,1.4039169282297612,6174.4447894026125,3758.6763233022766,-528.3690639409195,-4045.033496591589,-1985.29034236977,-212.96421866027384,94.72705533639726,-3131.449829316777,802.9436525667364,-917.6067811401379,-1210.344468037077,4112.977464039051,1391.5293577907821,2890.1071008395224,-30325739740.620655,188.2514215897836
0.7122892857142857,1.4039239674891322,6149.235512685491,3734.916420890046,-525.3042909327575,-4030.282870954876,-1975.2571842005527,-211.281609322795,94.17536770313922,-3121.572460835444,794.4638994122513,-911.470804889432,-1208.4183865816524,4088.1586487251425,1389.8390940634486,2886.527171959983,21012997916.455776,188.70965397736245
0.7122857142857143,1.403931006819093,6124.636340109821,3711.897078516532,-522.218896181172,-4014.6061250223856,-1966.5404336073877,-209.7502898152954,93.62000723515193,-3111.33958368311,786.0261683465926,-904.8738245571406,-1206.052203158922,4062.638547309078,1387.9144000877773,2882.304057177609,11166301711.133163,189.16776839768272
0.7122821428571429,1.403938046219646,6100.760740638244,3688.721478365504,-519.115612824828,-3999.055544853371,-1958.3843089432341,-208.20710702725006,93.06146503010244,-3102.3533170935725,777.6342231579653,-899.0697736274994,-1204.2483417880264,4038.0249387859517,1386.1096766387247,2878.6165867788714,-31701510765.70244,189.62576261531757
0.7122785714285714,1.4039450856907911,6075.682126988092,3665.110237530787,-516.0647579754318,-3984.361782891342,-1948.4812992604734,-206.54178607020606,92.51234647880763,-3092.576229151929,769.3925217761977,-893.0477068229836,-1202.269452788113,4013.426231038667,1384.2957595327234,2874.8046972408756,18153050696.375328,190.08363438303095
0.712275,1.4039521252325295,6051.002516241864,3642.192477160079,-512.9967316385053,-3968.769525468661,-1939.692713343095,-205.0163681523929,91.96017459928252,-3082.278909328863,761.1959235599559,-886.5153294812793,-1199.7434526561472,3988.08219144384,1382.2150236007299,2870.2323578194846,15435245909.223122,190.5413814415735
0.7122714285714286,1.4039591648448626,6027.241325043569,3619.243658182318,-509.9071304818709,-3953.1768714822933,-1931.7297028405067,-203.5046894918924,91.40415968790751,-3073.247446584039,753.0375550585674,-880.7144826127986,-1197.7996862855794,3963.5467620422755,1380.2540235609047,2866.207739714782,-32976287313.645496,190.99900151949143
0.7122678571428571,1.403966204527791,6002.2960979627405,3595.8010265927937,-506.8729495327302,-3938.5424054727773,-1921.9556563659141,-201.8579980468099,90.85810771647532,-3063.565773131558,745.0302737006033,-874.8129663029405,-1195.7418565354,3939.191600199171,1378.3115648990101,2862.1398974624512,14858039536.12279,191.4564923329376
0.7122642857142857,1.4039732442813162,5977.559518289165,3573.013879678593,-503.82506650284313,-3923.0413049884137,-1913.1030664559896,-200.34132921191005,90.309628445044,-3053.1818281269448,737.0710805312881,-868.3157270684791,-1193.0708073747344,3914.002028257821,1376.0850867054592,2857.24329144132,20005380353.611675,191.9138515854821
0.7122607142857142,1.403980284105439,5953.87373314918,3550.2451566308614,-500.7471017382917,-3907.4091911928585,-1905.2974538418268,-198.85457748289568,89.75578180974796,-3044.141697168131,729.1357348436668,-862.5642946720615,-1190.9973103768632,3889.5917609439184,1373.9669242593013,2852.8859011249815,-33751481537.252003,192.3710769679232
0.7122571428571428,1.4039873240001606,5929.0719802198255,3527.009379730407,-497.73052466458773,-3892.7971771652356,-1895.6879476074014,-197.2325009381211,89.21296326008938,-3034.5155507786035,721.3567144986862,-856.751019335353,-1188.8326363942274,3865.444278402446,1371.8874118170606,2848.5314244782126,10629386302.363903,192.82816615809887
0.7122535714285714,1.403994363965482,5904.321691980281,3504.35630330306,-494.7065032349436,-3877.4421541443576,-1886.7556546312585,-195.72201656476466,88.66883484162601,-3024.0933435513252,713.6327861708348,-850.3145113094963,-1186.069745652849,3840.462787305948,1369.5404559490412,2843.3839653343966,24712643561.608444,193.28511682069905
0.7122499999999999,1.4040014040014042,5880.677913515758,3481.798598889278,-491.64301263180795,-3861.7511461357963,-1879.092673535091,-194.26318301453637,88.11765700979805,-3014.976535902406,705.9174362035022,-844.5802863131067,-1183.81002324456,3816.152353872318,1367.2495511561058,2838.635022855604,-33492320436.004845,193.74192660707772
0.7122464285714285,1.4040084441079284,5856.018925178032,3458.7301090327564,-488.6390747462218,-3847.137635210371,-1869.661750258169,-192.66272781904806,87.57717700057421,-3005.452347560553,698.3523052320727,-838.8849635819062,-1181.586945853703,3792.2229074148336,1365.0400251621927,2834.0355415985596,5499786706.558119,194.1985931550662
0.7122428571428571,1.4040154842850554,5831.240637258229,3436.2139552088915,-485.6401086751602,-3831.9269114404174,-1860.6374188954685,-191.15793568556404,87.0376144402289,-2994.9850569985597,690.8578776173753,-832.5157024403691,-1178.7156871680602,3767.4642075602465,1362.5688856298239,2828.6212100824737,28940425501.41256,194.65511408878572
0.7122392857142856,1.4040225245327866,5807.643177092151,3413.908922759638,-482.595874648477,-3816.1893193175015,-1853.1048479643357,-189.73047152059394,86.4899678796893,-2985.7354683142744,683.3622423940317,-826.7541896406539,-1176.2555254708673,3743.223964285497,1360.10925906034,2823.477933715377,-32050511528.860786,195.1114870184621
0.7122357142857143,1.4040295648511227,5783.127080544241,3390.9757401423544,-479.6022969190504,-3801.5732414142963,-1843.8514639413834,-188.1479579739698,85.95142568306392,-2976.3656697394104,676.0008697711969,-821.2189388587054,-1174.0035551843712,3719.5532330958927,1357.775223721537,2818.6598447300667,93698624.97990315,195.56770954022528
0.7122321428571429,1.4040366052400652,5758.313916031596,3368.619336951071,-476.6284103899534,-3786.4686537099224,-1834.759620380868,-186.65283389151483,85.41643629609165,-2965.820313961586,668.7287017575745,-814.8965444207975,-1170.993297262569,3694.99143710625,1355.1693314515558,2812.9427855867193,32240552068.683987,196.0237792359813
0.7122285714285714,1.4040436456996148,5734.774750134547,3346.5490331787855,-473.60647773496504,-3770.744510157064,-1827.3122933347154,-185.25089536339956,84.87286103346122,-2956.482416675908,661.4501232078425,-809.1406270438524,-1168.3812488887302,3670.8803843973574,1352.5636232892832,2807.471357210516,-29733564072.152428,196.47969367314192
0.712225,1.4040506862297728,5710.417792848537,3323.8224181806245,-470.62729863783903,-3756.0946330680513,-1818.271891565383,-183.6954800192196,84.33697184063149,-2947.1892359211047,654.2916688092923,-803.7048434239261,-1166.049543579441,3647.4139535131126,1350.094247390462,2802.386882303695,-5152784783.653446,196.93545040449783
0.7122214285714286,1.4040577268305403,5685.554050992267,3301.5658615048287,-467.674197261337,-3741.0966902007885,-1809.0963818260432,-182.20289051194055,83.80577988573759,-2936.6395585304713,647.2288315090469,-797.4933094685127,-1162.9454946467968,3623.106372021984,1347.3607840779196,2796.4070025342444,34826347972.44491,197.3910469680204
0.7122178571428571,1.404064767501918,5662.045866109886,3279.7368983197634,-464.6747466578385,-3725.368044840397,-1801.721545455231,-180.82744531770086,83.26630680659008,-2927.168638251383,640.1607334248499,-791.7160640579852,-1160.16845591065,3599.0914594667993,1344.6047559106216,2790.5928801166,-27066228652.276707,197.8464808866788
0.7122142857142857,1.4040718082439074,5637.854281155013,3257.2389833269585,-461.7129638380895,-3710.6931571210353,-1792.8896626532883,-179.30067626611475,82.73361186022703,-2917.9394201644095,633.2028407006512,-786.3751594230768,-1157.7430045561564,3575.8400789724274,1342.0007053429688,2785.2341788932526,-10255223593.244196,198.30174966825751
0.7122107142857143,1.4040788490565093,5612.962279663257,3235.096332096942,-458.7812147648711,-3695.7955846066484,-1783.6505654144337,-177.81265264861833,82.20632551540007,-2907.3869303387405,626.3434476640585,-780.2648552029884,-1154.5608867052672,3551.777837849005,1339.1466384665248,2779.0117202949273,37056159033.33613,198.75685080517448
0.7122071428571428,1.4040858899397246,5589.441684039921,3213.465869706107,-455.80236822988405,-3680.0630391355458,-1776.3107953957008,-176.4576090882483,81.67062354177133,-2897.806329759094,619.4766178348539,-774.502439002803,-1151.6250654187393,3527.894263559255,1336.238760704251,2772.8559250348544,-23944305695.9476,199.21178177429948
0.7122035714285714,1.4040929308935548,5565.424985292413,3191.230682339256,-452.8599184864484,-3665.346447624763,-1767.705765018766,-174.96385721420634,81.14146740824832,-2888.6062874216095,612.7156037305765,-769.2285907756968,-1149.0882634646923,3504.8334791884135,1333.4975356475618,2767.208369676298,-15685978324.773527,199.66654003677385
0.7121999999999999,1.4040999719180007,5540.5540937033375,3169.2236006524286,-449.9527363681538,-3650.579868314053,-1758.4136122262778,-173.4814963229474,80.6186541332948,-2878.0774306461913,606.057654643966,-763.2251550143653,-1145.8608079712674,3481.0419845837573,1330.5407483374943,2760.7924679331645,39014315042.36158,200.12112303783
0.7121964285714285,1.4041070130130633,5516.985675891854,3147.7916241895523,-446.9958443819579,-3634.8394985596797,-1751.0815786995245,-172.14558971327017,80.08695832569136,-2868.364738713264,599.3876255856745,-757.4818714481908,-1142.7369219369775,3457.3024864807203,1327.4730736578717,2754.2649460162625,-19961660765.49395,200.57552820661223
0.7121928571428571,1.4041140541787438,5493.151247228414,3125.804827925295,-444.0700816817828,-3620.063004171672,-1742.7191505547328,-170.6843939599004,79.56086338381043,-2859.2103727692147,592.8137802071489,-752.2777292670434,-1140.12418250529,3434.4212758880412,1324.6017307429036,2748.3619144474105,-21564502801.870045,201.02975295599805
0.7121892857142856,1.4041210954150434,5468.308629073388,3103.9474397547006,-441.18996215191703,-3605.435843866268,-1733.3731954866548,-169.20814344716058,79.04297272113345,-2848.713567840727,586.3542805192692,-746.3956478151857,-1136.8351729041458,3410.9325314977655,1321.5418013985957,2741.7416779954206,40226529773.03062,201.4837946824196
0.7121857142857142,1.404128136721963,5444.70752645384,3082.753836405049,-438.25931814952395,-3589.7006180838453,-1726.045972861531,-167.89483546683556,78.51605761824435,-2838.823430844628,579.8805346767655,-740.6283578707123,-1133.521232869061,3387.306595141526,1318.3231064912302,2734.854591287262,-14926416672.080938,201.9376507656865
0.7121821428571429,1.404135178099503,5421.0286201521085,3060.96087969738,-435.34693389514143,-3574.867163277202,-1717.9002994311454,-166.45935571276718,77.99243771897936,-2829.7711165103024,573.483539928423,-735.5493040558838,-1130.859558186666,3364.656591825071,1315.324182047555,2728.71628481405,-27260980800.76122,202.39131856879527
0.7121785714285714,1.4041422195476656,5396.218489283581,3039.300693139232,-432.4943118176928,-3560.3243709308413,-1708.5483739815543,-164.9972608593179,77.4795477174802,-2819.247259834157,567.2168837064629,-729.7438652264212,-1127.4654951058506,3341.416208109854,1312.147258959027,2721.842973182656,40050750724.45932,202.8447954378092
0.712175,1.4041492610664514,5372.604506076809,3018.312183119319,-429.59224460025473,-3544.669585273326,-1701.1739244389023,-163.69860239272097,76.95782328984812,-2809.248202311072,560.9364193255238,-723.9982988164375,-1124.0321884516645,3317.975252444723,1308.807515788557,2714.687898755396,-8999235794.019373,203.29807870159885
0.7121714285714286,1.4041563026558614,5349.075376585715,2996.7871497169294,-426.6979247573257,-3529.742384213761,-1693.270325100574,-162.29790079384333,76.43751052863291,-2800.2032060129313,554.7168414285414,-718.9836274634443,-1121.2440661087808,3295.505307381279,1305.6630827140127,2708.238709269126,-32243345535.516277,203.7511656717238
0.7121678571428571,1.4041633443158967,5324.323418652023,2975.2664272615507,-423.8682996202954,-3515.296655982596,-1683.9190450026838,-160.84335273701026,75.92881001159101,-2789.7574122141737,548.6312264626022,-713.321519844086,-1117.8269688901858,3272.573142901469,1302.3889225678379,2701.1945939292796,38557747114.33472,204.2040536422448
0.7121642857142857,1.4041703860465584,5300.684119420381,2954.516216555542,-420.9984994916925,-3499.7201341477107,-1676.4882337774627,-159.56207925160544,75.41293758087843,-2779.6018935485695,542.5428229162051,-707.5726340671265,-1114.2356770690112,3249.305799343908,1298.9230083121201,2693.7394566218736,-2803783220.6923685,204.65673988955072
0.7121607142857143,1.4041774278478474,5277.329179380731,2933.2842207521385,-418.12627721981386,-3484.72825744029,-1668.819431940583,-158.19729254342764,74.89665864507317,-2770.558258780419,536.5002448968658,-702.6111183225299,-1111.3310446916298,3227.024308430264,1295.645530592319,2687.0047512409606,-36342852288.947105,205.10922167218655
0.7121571428571428,1.404184469719765,5252.656723450856,2911.907158404411,-415.31908477804654,-3470.367347770465,-1659.4956763122973,-156.7515285917797,74.39205274653364,-2760.213203653222,530.5892404637056,-697.1032700090294,-1107.9012898450928,3204.4110464195815,1292.2771999162915,2679.8005185636275,36235545971.01715,205.56149623068205
0.7121535714285714,1.404191511662312,5228.963277897488,2891.372564387774,-412.4804342964161,-3454.8637773934015,-1651.9879955678016,-155.48446745333422,73.88183476366468,-2749.907854451891,524.6855319283816,-691.3677426175412,-1104.1533749633224,3181.3321415428804,1288.6841332486792,2672.044381449873,3379677771.067901,206.0135607873809
0.71215,1.4041985536754895,5205.782221142618,2870.4446572741826,-409.6322867402256,-3439.818116082224,-1644.540413810974,-154.15582727400113,73.36993905898646,-2740.8481908468543,518.8169822540982,-686.4463857297443,-1101.1364737515132,3159.233821909994,1285.2796681082261,2665.036767199094,-39875215014.50859,206.46541254627155
0.7121464285714285,1.4042055957592992,5181.221528320398,2849.252832484721,-406.85000780749584,-3425.532368658193,-1635.2764856808517,-152.7240754446867,72.86986421505108,-2730.5865183004044,513.0783271262012,-681.0726288411588,-1097.682685684738,3136.9277943984134,1281.8187383526858,2657.6685510062475,33420794892.33131,206.91704869281816
0.7121428571428571,1.4042126379137414,5157.456282322877,2828.894517024135,-404.0410508282363,-3410.116585265887,-1627.6628155448718,-151.46534014329524,72.36503401350596,-2720.1743092860675,507.35182828152944,-675.3923041774606,-1093.8048727959435,3114.0822997905125,1278.105335954932,2649.639183604052,9697385817.17648,207.3684663937929
0.7121392857142856,1.4042196801388174,5134.444149512199,2808.2896755012025,-401.2177551044337,-3395.000190760827,-1620.443130960063,-150.17546261875492,71.85765885950634,-2711.0630530843832,501.6528957622516,-670.4837891723039,-1090.66596549685,3092.136972411834,1274.57280113666,2642.3510613862845,-43085828641.982185,207.8196627971086
0.7121357142857142,1.4042267224345282,5110.020431015151,2787.291517567842,-398.4623989126557,-3380.808384295259,-1611.243817079851,-148.75761153941573,71.3624778796125,-2700.9136542176907,496.0837267322181,-665.2643390714218,-1087.19620684789,3070.1749183051647,1271.027143480744,2634.835941621894,29928905629.47726,208.2706350316534
0.7121321428571428,1.404233764800875,5086.201889442391,2767.149116723484,-395.68627440305244,-3365.47804944689,-1603.5392994211654,-147.51152395664144,70.8636027379958,-2690.357073076387,490.53283490738903,-659.6018433687324,-1083.1791488343674,3047.533095987326,1267.1983954942884,2626.5349120660626,16330908094.598114,208.72138020712504
0.7121285714285714,1.4042408072378585,5063.319677487105,2746.79656561669,-392.88455603449484,-3350.310829246202,-1596.4969920082303,-146.2505860645799,70.36016637848638,-2681.2568969097706,484.9941836610369,-654.76864839997,-1079.955466027115,3025.8016237382544,1263.5442490779194,2618.9990774089974,-45542303222.97791,209.1718954138533
0.712125,1.40424784974548,5039.04668014428,2726.0602255111185,-390.1578178685973,-3336.155075276672,-1587.4209511853971,-144.85728726266652,69.87018069498329,-2671.142442955279,479.5913712528205,-649.642623902855,-1076.41622053619,3004.1157304154326,1259.8996736045683,2611.2817670236054,25132515804.543484,209.62217772269256
0.7121214285714286,1.404254892323741,5015.202073714653,2706.096667471629,-387.41549505640296,-3320.9774095183925,-1579.5864497557234,-143.61641754377922,69.37742643380719,-2660.518642562497,474.2119529986387,-644.0457394664184,-1072.3333899898416,2981.744001261131,1255.984503096384,2602.8007855187234,23333864496.842236,210.07222418477588
0.7121178571428571,1.404261934972642,4992.419430501222,2686.0468592709776,-384.6389324183099,-3305.7275519188483,-1572.7238780649984,-142.39020742174597,68.87856336199206,-2651.3435306436854,468.8330176505409,-639.2431892005065,-1068.9518350844178,2960.1893688642954,1252.1912878226783,2594.9450387297034,-46846532417.15647,210.5220318314101
0.7121142857142857,1.4042689776921842,4968.327944938543,2665.52678752301,-381.93642685293975,-3291.61265471764,-1563.7873518554436,-141.01692997219828,68.39298396876457,-2641.3484087398365,463.5861337293797,-634.2551671758982,-1065.4193909433802,2938.812138517806,1248.4656986361622,2587.101255600868,19034762242.355995,210.9715976739016
0.7121107142857143,1.4042760204823688,4944.449082111331,2645.7726181484677,-379.2314218906674,-3276.587161900972,-1555.8181312847405,-139.78371423682583,67.90698163247772,-2630.623919117286,458.37721162087314,-628.7108917977276,-1061.231200956602,2916.7133402891045,1244.459347008698,2578.408110728694,30122187659.274033,211.42091870339772
0.7121071428571428,1.4042830633431969,4921.779744027707,2626.045166545853,-376.4833101494966,-3261.2802473309425,-1549.1215675936605,-138.59295262963275,67.41328607309852,-2621.3549838147383,453.1570103271297,-623.9165406434927,-1057.7041902449487,2895.325723934168,1240.5401441755719,2570.260302225031,-46762830930.049614,211.86999189072884
0.7121035714285714,1.404290106274669,4897.87067160254,2605.720578847143,-373.8026821073185,-3247.1930882999063,-1540.3358007927052,-137.2380507210284,66.93169664066214,-2611.5162403651793,448.0583661312589,-619.096844849791,-1054.1912777551984,2874.282325491179,1236.7334938170195,2562.297330855444,12218535352.646954,212.31881418625176
0.7121,1.404297149276787,4873.952495473817,2586.190226077826,-371.1350751561835,-3232.2968930770867,-1532.2462275002426,-136.01491498785253,66.45246059616005,-2600.669756354197,443.0148711224883,-613.592404447764,-1049.8817436937186,2852.44066724468,1232.632095247643,2553.3760009398948,36083669462.43192,212.7673825196944
0.7120964285714285,1.4043041923495514,4851.395463466225,2566.7640121316335,-368.4170376684477,-3216.9802698114713,-1525.670088011586,-134.85439070931508,65.96421697304021,-2591.3286878141184,437.9505239835695,-608.8203111972962,-1046.248231957703,2831.2472726855394,1228.605262783546,2544.989718413036,-45392654131.576355,213.21569380000128
0.7120928571428571,1.4043112354929634,4827.67920327825,2546.699308964836,-365.76128009577224,-3202.8799572455823,-1517.0788446560427,-133.52665616736442,65.48714657011136,-2581.5825579843363,432.9991211524136,-604.1255895976392,-1042.6966539426844,2810.4992333465398,1224.7044310661938,2536.85147630618,5172130211.337592,213.66374491518044
0.7120892857142856,1.4043182787070243,4803.735317319722,2527.3245423689873,-363.12693006397626,-3188.1422255051552,-1508.8510922435014,-132.30486356217938,65.01393052444843,-2570.7159338073966,428.11119133834234,-598.7276861083653,-1038.3475194629714,2788.9765283812135,1220.5285427229173,2527.785327143819,41139004266.83407,214.11153273215183
0.7120857142857142,1.4043253219917349,4781.26585098459,2508.2465014853306,-360.44275364517335,-3172.797011216083,-1502.3911448707534,-131.1796667258385,64.53181648745436,-2561.220429337496,423.20241239253426,-593.9301576164231,-1034.5497598511715,2767.9378309672084,1216.3838489081081,2519.1086641723346,-43103295230.27832,214.55905409659644
0.7120821428571428,1.404332365347096,4757.772610913906,2488.432986064317,-357.8125213858021,-3158.7121913998617,-1493.992530045626,-129.87710726535832,64.05938551012444,-2551.610293289459,418.39446809031494,-589.3822698490958,-1030.996804611125,2747.5166735263538,1212.4045893804762,2510.8426867030785,-1970409569.2078424,215.00630583280716
0.7120785714285714,1.404339408773109,4733.819258984108,2469.2518872021196,-355.21297100566227,-3144.1078472431864,-1485.6617027342268,-128.66203847277794,63.592470433760546,-2540.6933165559235,413.6591479816486,-584.0633944943271,-1026.5847466556172,2726.2865958580164,1208.1513797412865,2501.6122986630744,45471290947.07375,215.45328474352647
0.712075,1.4043464522697748,4711.400192406791,2450.450230733022,-352.5600377893949,-3128.767355554046,-1479.2569221818362,-127.56155614479694,63.11601962336025,-2531.1037418858123,408.89817779368224,-579.2975638591884,-1022.6674361962711,2705.46044269556,1203.8997886900224,2492.689934312891,-39820777898.46761,215.89998760985603
0.7120714285714286,1.404353495837095,4688.140774718459,2430.9548747048375,-349.95790425031197,-3114.6539599067078,-1471.0957167352562,-126.29384773810692,62.64868478584226,-2521.5499191935755,404.2323035026816,-574.8348255647495,-1019.0635480321548,2685.3023234353036,1199.8318393009117,2484.249741505363,-9629345774.906063,216.34641119102727
0.7120678571428571,1.40436053947507,4664.207382551636,2411.9459768079264,-347.3931367516292,-3100.2186468283735,-1462.6525979110886,-125.08169366982607,62.188060356852574,-2510.6424548043856,399.64501254612475,-569.6301158671223,-1014.6367907637573,2664.40957680462,1195.519535057948,2474.914317699978,49360589811.88258,216.7925522243132
0.7120642857142857,1.4043675831837013,4641.810215376174,2393.4300808185317,-344.7729963774675,-3084.8767848259727,-1456.284420307459,-124.00612821855287,61.71754480429755,-2500.924483017839,395.02918888889263,-564.8850109173948,-1010.5729568327401,2643.790589468542,1191.1564001481106,2465.722682740377,-35470430392.403366,217.23840742487215
0.7120607142857143,1.4043746269629898,4618.802847691244,2374.2455783148807,-342.1975051918683,-3070.7286306879346,-1448.3775189192622,-122.77309511018734,61.25504322689694,-2491.4497884056955,390.49940910768044,-560.5135851036931,-1006.945725473684,2623.895426856376,1187.0072710106958,2457.1373206112994,-17803914804.2279,217.68397348560651
0.7120571428571428,1.4043816708129364,4594.903182476406,2355.420867256998,-339.6693560163693,-3056.4720361416903,-1439.8263175334516,-121.56445258218339,60.80103995565828,-2480.5616880982443,386.0577693200613,-555.4316400658062,-1002.4988276536903,2603.361018047254,1182.6400129991555,2447.6997213819386,52439379027.836266,218.12924707702305
0.7120535714285714,1.4043887147335423,4572.532047848051,2337.219241016476,-337.0851716725299,-3041.1378521531,-1433.4890374083825,-120.51612702700136,60.337029818998424,-2470.676080876216,381.5862765679374,-550.673212675168,-998.2803911517365,2582.9238381530718,1178.1721325029657,2438.244045504858,-29901086101.33515,218.57422484709477
0.71205,1.4043957587248088,4549.760221090591,2318.291262373645,-334.5328786880387,-3026.9633487804126,-1425.813935378779,-119.31107613536123,59.87874893373582,-2461.3406701517565,377.1845284723476,-546.444601803583,-994.6642176341999,2563.3376200020057,1173.946740587236,2429.54212588891,-25925553057.442955,219.01890342112424
0.7120464285714285,1.4044028027867366,4525.910286018792,2299.711023696777,-332.0429934030835,-3012.8371872283383,-1417.2092105075576,-118.11521801939837,59.43165938717506,-2450.4116957357373,372.8860440342366,-541.4380409326619,-990.1517143643565,2543.1106071045515,1169.5144278772275,2419.9584355419056,53970982587.17916,219.46327940160865
0.7120428571428571,1.404409846919327,4503.566142577893,2281.768203329295,-329.49479915038535,-2997.581864029894,-1410.8377111808165,-117.08420063161736,58.97415394247121,-2440.4237605437975,368.55464969427203,-536.7095561763318,-985.8497412685907,2522.910680330397,1164.9684742010645,2410.3253338171608,-22999145322.19286,219.9073493681059
0.7120392857142857,1.4044168911225807,4481.013928156822,2263.170425849975,-326.9692208021108,-2983.325216622373,-1403.4314750334718,-115.91708572358279,58.52071741550406,-2431.128802909024,364.2809754353125,-532.5660373238021,-982.1576364189625,2503.579510106938,1160.6456654695958,2401.4202137059724,-33571825891.234253,220.3511098771032
0.7120357142857142,1.4044239353964991,4457.25026668344,2244.7579336864865,-324.5119774088826,-2969.3604562050336,-1394.7706253727765,-114.72503920126084,58.07953158533788,-2420.2854903903917,360.11515537647284,-527.7056852445817,-977.6856198432083,2483.718797699282,1156.173644386949,2391.7963223208108,53810738163.61561,220.79455746188623
0.7120321428571428,1.4044309797410832,4434.9005533625095,2227.131725244288,-322.00481107921087,-2954.1646359393994,-1388.358020008904,-113.7172980163073,57.629433187131426,-2410.099224513129,355.92526347364276,-522.9569822918568,-973.2216770454663,2463.720304297887,1151.5363637144826,2381.916197477207,-15209233170.962,221.2376886324112
0.7120285714285713,1.404438024156334,4412.589406951572,2208.841169908812,-319.50573077726614,-2939.861172678577,-1381.2039462939917,-112.58430305640987,57.18080546002742,-2400.8866204666483,351.7755211868877,-518.9160320282929,-969.5043635869922,2444.665434345193,1147.1350876372658,2372.868721646181,-40399218249.56185,221.68049987517736
0.712025,1.4044450686422527,4388.926202127451,2190.628677707612,-317.0813191755774,-2926.0195173346483,-1372.5331083179617,-111.40160277564438,56.74556152223726,-2390.110619537168,347.7385676686762,-514.1875381330457,-965.0441382821512,2425.1536917579892,1142.6156003113033,2363.1741353447055,52191397035.22377,222.1229876530883
0.7120214285714286,1.4044521131988403,4366.555363380894,2173.270327219171,-314.61399698146886,-2910.918384996263,-1366.0347320848634,-110.40938964098827,56.302658295258446,-2379.7744726083847,343.68471309856363,-509.45803604934844,-960.4582995434602,2405.400096046821,1137.9002729960207,2353.0926164846173,-6873451108.143455,222.5651484053835
0.7120178571428571,1.404459157826098,4344.484340156767,2155.3271550297763,-312.1440008940638,-2896.554483088038,-1359.1416629336804,-109.31536668557753,55.85929693990987,-2370.585028326877,339.6580088476541,-505.47519127995884,-956.688818472461,2386.579714463024,1133.4189399385855,2343.884080401772,-46512226544.187065,223.00697854743424
0.7120142857142857,1.4044662025240264,4320.9369146238,2137.3193968204255,-309.7518612511471,-2882.824631177323,-1350.4822579546333,-108.14328880952766,55.42988839216614,-2359.8923293717567,335.7454967943953,-500.88918916280693,-952.2424513662065,2367.4272799298087,1128.8527291029743,2334.121848868091,49575101100.17476,223.4484744706788
0.7120107142857143,1.4044732472926271,4298.532221176805,2120.1883481501536,-307.3224117256933,-2867.8361857023224,-1343.8686718233464,-107.16096080892801,54.99382300286304,-2349.440591440789,331.82157283115635,-496.2044900470463,-947.5715093516095,2347.9402343939973,1124.0693278019228,2323.8778302060496,1699770845.4952855,223.8896325424908
0.7120071428571428,1.4044802921319008,4276.681527716319,2102.62634718664,-304.8834597792354,-2853.3876410690896,-1337.2412648210448,-106.11022818967416,54.55607800877884,-2340.2130531269368,327.9163389449895,-492.24483639949943,-943.7073988672971,2329.3209087703335,1119.499592638924,2314.468849688226,-51918615906.83345,224.33044910606304
0.7120035714285714,1.4044873370418487,4253.275576377064,2084.8005516096887,-302.52213370122666,-2839.7868918116164,-1328.597009351026,-104.94605399656363,54.13224606869108,-2329.6569961384243,324.1229819091638,-487.8296652972602,-939.3157595145329,2310.555693751714,1114.8991778286959,2304.6837140849757,45974047759.73515,224.7709204802936
0.712,1.404494382022472,4230.831506703223,2067.939770505924,-300.1331780257859,-2824.8886194890015,-1321.884630551478,-103.97888979448258,53.70349117501786,-2319.029822848968,320.32794776162007,-483.1478863227099,-934.520380461211,2291.2966775876043,1110.0430522299512,2294.245056848005,10478220300.883347,225.2110429596733
0.7119964285714285,1.4045014270737717,4209.176344659173,2050.6753652247794,-297.72172804281263,-2810.3979345215853,-1315.462730053253,-102.95958726264385,53.27073080187066,-2309.8471032077023,316.5367884204496,-479.278121530064,-930.6239257472984,2272.9432425056134,1105.3993310868468,2284.696602083499,-56243025310.45276,225.65081281417608
0.7119928571428571,1.4045084721957484,4185.940087730619,2033.127906611383,-295.39462024490973,-2796.8628534449545,-1306.9128512645182,-101.81750835736743,52.85308127074466,-2299.3347025891517,312.8626726772461,-474.96027787687547,-926.2169452840358,2254.491008607356,1100.7507145539444,2274.8234085775666,40797183438.8892,226.09022628915028
0.7119892857142857,1.404515517388404,4163.463561182738,2016.4665705865475,-293.0443546949965,-2782.1229438119735,-1300.0437800123293,-100.85447300174627,52.431307568885146,-2288.6232906609616,309.1909010092179,-470.34151115126855,-921.3780796997278,2235.526471697385,1095.8476925882915,2264.281493620479,19783616005.02408,226.5292796052132
0.7119857142857142,1.4045225626517388,4141.970453767041,1999.5545532422293,-290.66333439405923,-2767.545046064313,-1293.8408605728966,-99.8736805960354,52.00405087144374,-2279.3897983977995,305.51351954124016,-466.5100052002185,-917.3741430621961,2217.389577019369,1091.1125688172,2254.5200731605737,-59384550235.56861,226.96796895814643
0.7119821428571428,1.404529607985754,4118.937304572841,1982.2317480303604,-288.36582098729264,-2754.091068144605,-1285.3939804739123,-98.74800775032382,51.59175405295213,-2269.013984092921,301.9502949650236,-462.337462600833,-913.0292033853946,2199.2856769706727,1086.4328306917603,2244.633825853097,33997480893.0654,227.4062905187948
0.7119785714285713,1.4045366533904513,4096.408825261162,1965.809660726584,-286.0576831451635,-2739.4965114365896,-1278.3666808410435,-97.79322893377582,51.1775777726867,-2258.1573862260825,298.4017827270439,-457.7507931115549,-908.0944360049726,2180.5953792384507,1081.4757939564772,2233.944784511331,29219538249.108036,227.84424043296605
0.7119749999999999,1.404543698865831,4075.074034454989,1949.2306637175193,-283.7069871083126,-2724.8553837569107,-1272.355620443998,-96.84762352149234,50.75580897764414,-2248.882668434831,294.8346860135404,-453.9590550260686,-904.0119069252577,2162.6765806594776,1076.6612854110247,2224.006812845861,-60997562506.78998,228.28181482133385
0.7119714285714286,1.4045507444118943,4052.2480563779063,1932.135792378433,-281.43738003075384,-2711.452086059695,-1264.0414385090828,-95.74040511870363,50.34856605517868,-2238.650610765289,291.3772959970703,-449.93905499150554,-899.719946095328,2144.9205970390285,1071.9445643128859,2214.0922611763935,25888005745.23386,228.71900977932876
0.7119678571428572,1.404557790028643,4029.6782244060137,1915.953130027792,-279.1719884210201,-2697.013815112037,-1256.8550227445671,-94.79332508658501,49.942096095476195,-2227.660342574729,287.94914069575333,-445.3893174337007,-894.6993342416594,2126.5141990012626,1066.9411940511754,2203.274485541391,38129139920.07323,229.15582137709976
0.7119642857142857,1.4045648357160772,4008.491285262804,1899.6992442234841,-276.8530898229806,-2682.338169639122,-1250.9995453483666,-93.88014429846467,49.526073014726606,-2218.3346044399677,284.49062937793354,-441.6294584818732,-890.5522242457057,2108.8119583051703,1062.0579283474233,2193.18590108219,-60883255887.01681,229.59224565934232
0.7119607142857143,1.4045718814741983,3985.874919125234,1882.8728420387934,-274.6120334521927,-2668.9388509441765,-1242.8622322134663,-92.79792006362851,49.12399406909867,-2208.2093385182857,281.13662044502,-437.741962355035,-886.2685291819153,2091.381874031855,1057.2916197668762,2183.1959997981967,16970728895.807928,230.02827864526412
0.7119571428571428,1.4045789273030078,3963.2872768028687,1866.8579756000886,-272.3850804388449,-2654.6977486084315,-1235.4944897501791,-91.84939834202862,48.724456183340244,-2197.187062887126,277.82099046979556,-433.28473450379386,-881.252759136533,2073.3061988798513,1052.2647863323973,2172.34193387415,45979446996.04827,230.46391632848625
0.7119535714285714,1.4045859732025063,3942.210188177733,1851.001037984604,-270.10369658640093,-2639.959808863901,-1229.792562173743,-90.97654281799751,48.31520182622682,-2187.692752855428,274.47370748997974,-429.4947370854739,-876.9486845095769,2055.773486166886,1047.2976895509062,2162.021682916144,-59132282142.89175,230.89915467695928
0.71195,1.4045930191726947,3919.836945696376,1834.390010113797,-267.8877411971521,-2626.5988210942423,-1221.82402942722,-89.91292259101459,47.917672154167946,-2177.7624620092024,271.21651207423855,-425.7834745854544,-872.7519490333511,2038.7057977304673,1042.5021418864185,2152.0368528889912,7663167207.972521,231.33398963288255
0.7119464285714285,1.4046000652135746,3897.2306095751815,1818.6043506975286,-265.7014434877352,-2612.502692870971,-1214.3236604687124,-88.97183635051093,47.525466024066695,-2166.639156517074,268.0123847402631,-421.37392334509036,-867.677995733144,2020.9161585644877,1037.4383223168804,2141.085723206572,52584486941.622505,231.7684171126261
0.7119428571428571,1.4046071113251466,3876.2422017553804,1803.0479981395306,-263.4546116929808,-2597.7733225651177,-1208.6924805514222,-88.12465339205718,47.12245055246788,-2157.0720380690077,264.7701459247874,-417.6245074414881,-863.2977211219666,2003.626257647863,1032.409947559218,2130.6192048335056,-55725147016.78133,232.20243300665464
0.7119392857142857,1.404614157507412,3854.13000569683,1786.7555221898097,-261.26799636681596,-2584.3873425446995,-1200.964356959448,-87.0942898060453,46.73022401810297,-2147.2243814772787,261.61116597451826,-414.0057172403158,-859.1081707736846,1986.8384255035533,1027.5704610606736,2120.567317727415,-2266175452.6578183,232.63603317945413
0.7119357142857142,1.4046212037603718,3831.5142261418555,1771.13521734786,-259.11898046415666,-2570.473300268456,-1193.3027273513358,-86.15219778904121,46.34474049591097,-2136.088443792094,258.5120115923262,-409.70305815845154,-854.0406164747716,1969.3912088823827,1022.4852976675944,2109.5842656602968,58450516121.30202,233.0692134694617
0.7119321428571428,1.404628250084027,3810.589836424263,1755.8959049916484,-256.90810834581396,-2555.741263947925,-1187.7318837878058,-85.33225099834235,45.94821166291164,-2126.401665394435,255.37321000610203,-405.96852315981175,-849.5581183001204,1952.319419575246,1017.3925375701414,2098.950825363794,-51074057465.308716,233.5019696889976
0.7119285714285714,1.4046352964783788,3788.75395291985,1739.920015401081,-254.75031009882952,-2542.329850743161,-1180.2559716594099,-84.33521677370427,45.56119370572218,-2116.654759783334,252.309058826801,-402.44991267284047,-845.3875305967862,1935.8183392125413,1012.513708077957,2088.8464430476515,-12685354199.621466,233.9342976242
0.7119249999999999,1.4046423429434285,3766.1440742238606,1724.4706975132578,-252.63898519510806,-2528.601802663749,-1172.4423980213337,-83.39277384620101,45.18250736853153,-2105.5144261428254,249.31226319056307,-398.25454915183434,-840.3315276766104,1918.7163644375307,1007.4126932843931,2077.8430396449216,63459279571.58876,234.3661930349626
0.7119214285714285,1.4046493894791765,3745.262737183077,1709.5535011915792,-250.4651466323966,-2513.867545363166,-1166.9145685947365,-82.59996524080529,44.79266002114677,-2095.6769680345733,246.27497417054576,-394.51697284505957,-835.7348024222172,1901.845994510447,1002.2569673723862,2067.037057236777,-45089683749.7871,234.7976516548756
0.7119178571428572,1.4046564360856235,3723.6977453853206,1693.8537147833986,-248.333229709717,-2500.4366061296255,-1159.678741558593,-81.6315969726769,44.41032740701513,-2086.0769346978864,243.2999934998547,-391.1326648063223,-831.6132184714909,1885.658495850265,997.3430361161949,2056.905168786443,-23267605523.053654,235.2286691911549
0.7119142857142857,1.4046634827627724,3701.126126626969,1678.6359339239946,-246.2622167430903,-2486.8670669830617,-1151.7658699964118,-80.6972997840113,44.0389039939579,-2074.8913806606483,240.40521581396436,-387.0075162468869,-826.5346652445311,1868.869412935446,992.2240746093628,2045.857220485781,66913990082.255905,235.65924132464244
0.7119107142857143,1.4046705295106228,3680.270889037131,1663.9822784397793,-244.12440722938774,-2472.1877914404013,-1146.2130063324278,-79.92204838957429,43.65555284515258,-2064.9486961955613,237.4655991442472,-383.29915960627204,-821.8768495296958,1852.236015587469,987.0235103736244,2034.940665026811,-37339161475.67056,236.089363709675
0.7119071428571428,1.404677576329176,3658.9600122064603,1648.6177235264313,-242.02012164888177,-2458.67565995898,-1139.26021285623,-78.9911872126641,43.278214301024086,-2055.415554556525,234.57889315689852,-380.0046845370026,-817.733388345168,1836.3152673993554,982.0561102870723,2024.7088711404135,-33732518956.10284,236.5190319740898
0.7119035714285714,1.4046846232184336,3636.469822017925,1633.5550519800804,-239.984215084485,-2445.306606575082,-1131.2399242515978,-78.05583937549245,42.91312039517231,-2044.310080011288,231.77823152171683,-376.01399164863903,-812.7344488269194,1819.8918350135543,976.9429891011592,2013.7172584153166,68334437037.65426,236.9482417191664
0.7119,1.4046916701783958,3615.6037154823375,1619.2433257308983,-237.88890606349344,-2430.657571758034,-1125.6607211465398,-77.30652053645693,42.53742336818559,-2034.1398045893022,228.9397464643211,-372.26989985721394,-807.9191808270647,1803.4488996680177,971.6846683845989,2002.609933087243,-27999398811.79598,237.37698851958496
0.7118964285714285,1.4046987172090644,3594.5601786461825,1604.1455022543298,-235.80815624590474,-2417.103093438714,-1118.9607598071154,-76.404596326481,42.164348925131655,-2024.7555299709368,226.13479840877636,-369.1086224938361,-803.833353964212,1787.8273136754308,966.6822358084842,1992.3561292114773,-43427899343.005684,237.80526792338813
0.7118928571428571,1.40470576431044,3572.157405133622,1589.3010007097384,-233.80844364746488,-2403.867257964554,-1110.9007389684632,-75.47839401105519,41.80578138791535,-2013.669263222282,223.42660071559234,-365.2135853891208,-798.8507014931938,1771.7261601551922,961.5583526686228,1981.3551172476227,67490940455.95313,238.23307545194487
0.7118892857142857,1.404712811482524,3551.278396891038,1575.2532147695024,-231.75399745597474,-2389.3244904344833,-1105.2240752643597,-74.74250330499532,41.43744417326489,-2003.3596461261814,220.6848763863969,-361.49135689636694,-793.9536347644913,1755.5377689087695,956.2669130413752,1970.142688507289,-17441010917.536663,238.66040659991933
0.7118857142857142,1.4047198587253171,3530.498960222557,1560.4975089003478,-229.70086317425313,-2375.689476960097,-1098.809730433569,-73.87929590836087,41.0693585861331,-1994.0246936965386,217.96318893763973,-358.3944273286042,-789.8610742502099,1740.1508900743736,951.2204427873532,1959.813308627864,-52165106618.54496,239.0872568352411
0.7118821428571428,1.4047269060388208,3508.1926057749715,1545.8352718078056,-227.7336431206257,-2362.5813512185,-1090.7193714371697,-72.95899316011167,40.71665083532671,-1983.015280522767,215.34135496272557,-354.6346091932054,-784.9258099929802,1724.4014773560896,946.0881236343287,1948.8262586589328,64998629264.874596,239.5136215990803
0.7118785714285714,1.404733953423036,3487.299526436195,1532.0253942772104,-225.7190942385138,-2348.166749349622,-1084.9221598761671,-72.2326252731863,40.35549744044243,-1972.5865468612153,212.69280683271774,-350.9419924321877,-779.9777969061137,1708.4723069588,940.7744455109562,1937.5452209377443,-6550410359.556993,239.93949630582503
0.7118749999999999,1.4047410008779633,3466.76943270441,1517.6622659335155,-223.69761561604653,-2334.4369725733777,-1078.7985425052275,-71.41369538689948,39.993123005843806,-1963.2334242535221,210.05577792594636,-347.8745698698077,-775.8209950245027,1693.2983218026707,935.6775321882611,1927.0944821546284,-59712820327.980804,240.36487634306295
0.7118714285714285,1.4047480484036043,3444.5985099889863,1503.1435461335293,-221.75959917171573,-2321.4771495966024,-1070.6867473994778,-70.49526921574092,39.64568863017014,-1952.3760656223055,207.51475539844293,-344.28217147349415,-770.9959149188703,1677.9233443593366,930.5517565666715,1916.183554437061,61212819564.12806,240.789757071566
0.7118678571428572,1.4047550959999595,3423.6666444354937,1489.6110980541969,-219.78699517236652,-2307.1560915395544,-1064.783427365289,-69.7835029866185,39.2920874609861,-1941.7613145378407,204.95869338140963,-340.582579880747,-765.9433630097984,1662.218289699191,925.2060294678557,1904.7848615501457,4365699755.756011,241.21413382526487
0.7118642857142857,1.4047621436670312,3403.3741965771537,1475.5568040431924,-217.79384763634093,-2293.3870882544,-1058.8875743008468,-68.9968039828939,38.93483004552201,-1932.474745001726,202.40082587508297,-337.6024718752164,-761.7930855813394,1647.3120329788192,920.0759423905142,1894.2836253469343,-65881766512.84681,241.6380019112948
0.7118607142857143,1.4047691914048193,3381.3773270176816,1461.2911276897364,-215.88948588120675,-2280.514742676064,-1050.843887648603,-68.09588611066536,38.593461046212354,-1921.6769274965068,199.942448109814,-334.10471820790247,-757.0029665362575,1632.244078822187,914.9457468085967,1883.3853248225705,55711229894.2166,242.06135660991055
0.7118571428571429,1.4047762392133254,3360.390686882625,1447.9453730312155,-213.954922621961,-2266.345179390443,-1044.7645077352995,-67.38599557657895,38.246709078370266,-1910.9628564475972,197.4727410669126,-330.45932414810295,-751.9211134001245,1616.8190689431883,909.5854400493549,1871.9435466781865,15904047496.63621,242.48419317453929
0.7118535714285714,1.40478328709255,3340.3061827417873,1434.2498478868877,-211.99208968338343,-2252.4880875839635,-1039.1174072068181,-66.63850570488886,37.894919799281766,-1901.655088433001,194.9936202024009,-327.51697489795214,-747.714289505806,1602.1287110723977,904.4080324356406,1861.3308320962146,-70896518076.87602,242.90650683176963
0.71185,1.4047903350424948,3318.5206313619246,1420.1879851604594,-210.11773087390645,-2239.7289230631295,-1031.1451551685839,-65.74945819336155,37.55896207858335,-1891.0081212631449,192.61221922210422,-324.1603800989706,-743.0255598226037,1587.4065231634922,899.2882195999075,1850.5096646156273,48314737606.41664,243.32829278135867
0.7118464285714285,1.4047973830631608,3297.466013846865,1407.0832746711658,-208.22535364693192,-2225.695002754748,-1024.8983260606085,-65.04749912123562,37.21980110921148,-1880.1197101697805,190.23026757316325,-320.5247379695743,-737.8575493511927,1572.228259396286,893.9087228660155,1838.9821306956187,27935062206.20765,243.74954619624225
0.7118428571428571,1.404804431154549,3277.5706274143595,1393.6876337144545,-206.28975494972107,-2211.7774457595015,-1019.4550937667786,-64.33143648564767,36.872931531370114,-1870.8321796601404,187.8248475675555,-317.6476349767245,-733.6411164757093,1557.771592055404,888.6936909644471,1828.3019029935476,-74201999530.45097,244.1702622225492
0.7118392857142857,1.4048114793166595,3256.004955026935,1379.866981886491,-204.44504830294625,-2199.0793710907233,-1011.6087042666662,-63.46119146988426,36.542323801605185,-1860.306202688125,185.51792094986868,-314.41290964141143,-729.0176966751321,1543.3685892152891,883.572856818834,1817.517293596328,38867923912.15541,244.5904359796198
0.7118357142857142,1.4048185275494949,3234.909448704801,1366.977234556548,-202.59517436267797,-2185.2315122344185,-1005.1718291961515,-62.762243920210075,36.2108079406163,-1849.2972349850645,183.22163888946366,-310.8124439405406,-723.8068370312201,1528.4712541213266,878.1933344838559,1805.9611427614952,39845631992.92358,245.01006256002788
0.7118321428571428,1.4048255758530557,3215.1785395457778,1353.9004475437591,-200.68917209313483,-2171.255550049033,-999.9112681907382,-62.07883633902533,35.8692756369481,-1839.9770259884779,180.88997972228273,-307.9697928656506,-719.554995811994,1514.2225238498881,872.9409215483402,1795.1982739415841,-75287013539.32848,245.4291370296071
0.7118285714285714,1.404832624227342,3193.832084835557,1340.3236265288738,-198.87149731547785,-2158.5741880228975,-992.2278457159093,-61.22999429828281,35.543545750044714,-1829.5743743928329,178.65308466204476,-304.86177601286687,-714.9864768403894,1500.1300983090707,867.8094119517784,1784.4289556116048,27937709900.26976,245.84765442748144
0.7118249999999999,1.4048396726723564,3172.7180203531125,1327.5896312365471,-197.06067260794777,-2144.951769858134,-985.5787315151296,-60.526456150461755,35.21905512405887,-1818.5244885891382,176.4370753389368,-301.334773805855,-709.8046250351271,1485.543242270525,862.447628130637,1772.9168307538248,50541954523.21818,246.26560976609943
0.7118214285714285,1.404846721188099,3153.113848101457,1314.9159556357886,-195.1912706932455,-2130.8941607369566,-980.5000460890525,-59.88471317802562,34.88411228532951,-1809.0446240740937,174.18336665487126,-298.46140323755077,-705.4170642564693,1471.458672735777,857.146489842569,1761.9912103620322,-73975060029.33813,246.6829980312734
0.7118178571428571,1.404853769774571,3132.0184128850037,1301.4999526024899,-193.39430772185844,-2118.2632256709726,-972.965757230919,-59.048056194269606,34.56213245015518,-1798.8787025334761,172.00887640012434,-295.5362430711877,-701.0013796708643,1457.7130047304236,852.0215717061164,1751.324708102567,16376986060.659279,247.09981418222185
0.7118142857142857,1.404860818431774,3110.868592611409,1288.997705609879,-191.62489097033,-2104.7907632243778,-966.1636507792924,-58.35120975429396,34.2450903077009,-1787.692009074688,169.8730475039538,-292.028593748045,-695.7623575181547,1443.3809446388868,846.6575967508367,1739.771538131316,59367410152.26489,247.516053151604
0.7118107142857143,1.4048678671597084,3091.3829027915135,1276.6130578854538,-189.78879812817033,-2090.7506608761805,-961.1666095671218,-57.73367239131215,33.916147617568086,-1778.1692214455577,167.6922606458594,-289.1984499692141,-691.341460055518,1429.53612434936,841.3361073182724,1728.7912318288757,-70353522758.97073,247.93170984562357
0.7118071428571429,1.4048749159583755,3070.5629098480003,1263.4910895475805,-188.01864154001515,-2078.0958705808343,-953.8744470913305,-56.92754208467836,33.59900309335043,-1768.1087459842236,165.58376073998033,-286.3633345502913,-686.9746543049414,1416.053560376595,836.2022168497522,1718.1390631609754,4220014112.2718153,248.34677914400635
0.7118035714285714,1.4048819648277766,3049.378305277556,1251.1223929983557,-186.28454517562315,-2064.8145107629093,-946.8761874965998,-56.22521316735027,33.28831724353681,-1756.8992523823447,163.52062731953046,-282.9495911024764,-681.763429378857,1402.0368997388007,830.8495451830989,1706.6190728152756,67053193934.1144,248.76125590011344
0.7118,1.4048890137679124,3029.9920296680566,1239.0568338040168,-184.48380872300226,-2050.77658838627,-941.96074106287,-55.63528880492356,32.965737653756776,-1747.274331182537,161.41257460935208,-280.1254830671216,-677.2756179128191,1388.3962044665825,825.5050407399705,1695.5593120652777,-65309844292.45806,249.17513494099276
0.7117964285714286,1.404896062778784,3009.4714689780653,1226.229179958642,-182.74098823618772,-2038.1140381348798,-934.9172895720719,-54.85934061206279,32.653522780199346,-1737.3460212348723,159.36867319673553,-277.3936210211353,-672.967685265821,1375.19640095178,820.3694767528539,1684.9390647085863,-8357734536.07867,249.58841106744876
0.7117928571428571,1.4049031118603927,2988.2798831404975,1214.010854596184,-181.04285316312885,-2025.0238002343117,-927.7465408804219,-54.153913785598455,32.349308684023164,-1726.1161095721025,157.37680692375,-274.0629450980962,-667.7871977644317,1361.485088270319,815.03417790889,1673.4633581258295,73785083667.22244,250.00107905411696
0.7117892857142857,1.4049101610127397,2968.952637994427,1202.2351772801323,-179.27619555781328,-2010.9915668931244,-922.8757354771807,-53.58740977351491,32.03286569791666,-1716.3818062585221,155.33839771450312,-271.2499174572448,-663.2345124077463,1348.047743271456,809.6662029888897,1662.3243291382576,-58728464941.77915,250.4131336495429
0.7117857142857142,1.4049172102358254,2948.730559594883,1189.6903609944393,-177.5589218547042,-1998.3102710627088,-916.0879787758641,-52.84114760630822,31.725261013259217,-1706.5973540819712,153.3557427186647,-268.6288803894431,-658.9922628976989,1335.1302765338678,804.5279324989466,1651.7384665805675,-21428891672.13599,250.8245695762656
0.7117821428571428,1.4049242595296516,2927.578359729966,1177.6636402773697,-175.899042568063,-1985.4120121187204,-908.7847364221702,-52.138013843127325,31.427925397772732,-1695.341951682621,151.43521188840825,-265.36366264258976,-653.8336987633065,1321.714918147695,799.2170636821193,1640.3129753215687,79012381295.0259,251.2353815309065
0.7117785714285714,1.4049313088942188,2908.277549622991,1166.1355993939976,-174.16588223297833,-1971.4224654390412,-903.8970564442795,-51.587903136590896,31.117510839943243,-1685.5096420211262,149.46407793175734,-262.57657044984455,-649.237531985139,1308.496598272211,793.8338005691107,1629.121206020539,-49934566707.641045,251.64556418426264
0.7117749999999999,1.4049383583295283,2888.346772316385,1153.9083658705188,-172.47391613251074,-1958.6683702976586,-897.4080425091563,-50.877498448164964,30.814470605421178,-1675.8249166348087,147.5407603256308,-260.0401571917169,-645.0223995181725,1295.8268523950635,788.6806270310628,1618.5269080106834,-34749793405.25403,252.05511218140512
0.7117714285714285,1.4049454078355814,2867.2813182812993,1142.0105618826035,-170.84848118926234,-1946.0085067471452,-889.9643764704748,-50.16876264705714,30.523330954667667,-1664.6553868276408,145.68641726207798,-256.89352709849675,-639.9685580024579,1282.7537209588588,783.4139232237725,1607.2339858819375,81852339998.61697,252.46402014178264
0.7117678571428571,1.4049524574123788,2847.982896978373,1130.8244061262371,-169.1567272439739,-1932.0446864884614,-885.0675827920255,-49.644937061238075,30.220358317195448,-1654.5988541369823,143.7874700673279,-254.06158370007802,-635.2309335129015,1269.7087114324588,778.0094178748844,1595.919216446795,-38897787813.262665,252.8722826593296
0.7117642857142856,1.4049595070599217,2828.3522226110376,1118.8114629142003,-167.48336280140427,-1919.2633938988802,-878.8326111535894,-48.95793752966199,29.920686142544508,-1645.12726033141,141.91612830192457,-251.67271126780574,-631.142582994102,1257.329205536386,772.8569493682113,1585.4024325644336,-47216991111.481125,253.2798943025796
0.7117607142857143,1.404966556778211,2807.372881287966,1107.1369697472123,-165.89451048958074,-1906.7467858663613,-871.3393262319512,-48.258408599921225,29.63612539424059,-1633.9448862972633,140.12799759743115,-248.58606247104186,-626.100814272731,1244.5357048880983,767.61171771689,1574.1487436676762,81514258851.26993,253.6868496147721
0.7117571428571429,1.404973606567248,2788.0856410778583,1096.1827304199953,-164.24144000464298,-1892.9200855750282,-866.3360720945676,-47.74369099884477,29.34010605666407,-1623.7875550808578,138.29706558259514,-245.77988380055268,-621.3286712841506,1231.7385827419926,762.2177271048683,1562.8273124633934,-25989882148.19703,254.09314311402613
0.7117535714285714,1.4049806564270335,2768.746148598486,1084.495194188425,-162.5926954570895,-1880.0510301555685,-860.4102242592137,-47.09448519476537,29.044873317751634,-1614.393800044157,136.48127662784805,-243.4541485953298,-617.2644814531299,1219.5758941269694,757.0515502945345,1552.3022128756875,-58380906916.83733,254.498769293394
0.71175,1.4049877063575693,2747.8646503212635,1072.9669891522383,-161.0335845006257,-1867.6828527996865,-852.8636606770526,-46.39634365083391,28.765665841277567,-1603.2981286988024,134.75188007217523,-240.48807127741597,-612.3036511091573,1207.100646471548,751.8320994657468,1541.1374809025592,78807701136.33636,254.90372262104623
0.7117464285714286,1.4049947563588558,2728.586722345863,1062.2421873521234,-159.41975596855022,-1854.0078158903523,-847.7396727322335,-45.889721262778124,28.476697224561022,-1593.0321509428516,132.98766129048062,-237.6973961131845,-607.5020137837173,1194.541696695905,746.4554249401297,1529.8233301086354,-12649833852.783386,255.3079975403992
0.7117428571428571,1.405001806430894,2709.5353652416234,1050.9292392823795,-157.80035685265855,-1841.055430146419,-842.1243288947093,-45.28309151823103,28.186748220871248,-1583.6633143380197,131.22981443482828,-235.40737106069028,-603.4132220115963,1182.5872988244676,741.2762332065469,1519.2606520003903,-67858154623.733,255.7115884702601
0.7117392857142857,1.4050088565736851,2688.7976567318824,1039.509319390336,-156.26715280823132,-1828.8508704192063,-834.5421832897783,-44.5828953921644,27.91221016048881,-1572.7310869630185,129.55436358522155,-232.59010362246713,-598.5944669192247,1170.444893270747,736.0941149758543,1508.2406330487781,74480495801.37814,256.11448980497806
0.7117357142857142,1.4050159067872303,2669.4874096226595,1029.0372355294976,-154.69327317071213,-1815.2881272298202,-829.3028031855557,-44.087665488946826,27.630419704658966,-1562.2952988238162,127.85570034984183,-229.78888254812088,-593.7141284669334,1158.094880637865,730.7230491873258,1496.8845589347388,577277342.4319037,256.51669591460075
0.7117321428571428,1.405022957071531,2650.716276400238,1018.0250053579549,-153.10033098635108,-1802.3064428788055,-823.9380311642768,-43.51298338970035,27.345237687283433,-1553.019819230099,126.15185094347301,-227.57612326683324,-589.6623561626939,1146.3854347168906,725.5453060155273,1486.3452236998783,-75711447822.45204,256.91820114503616
0.7117285714285714,1.4050300074265871,2630.1700079844954,1006.8236835119868,-151.5979345895545,-1790.2141710726194,-816.4128360842564,-42.8261139674494,27.076241018775644,-1542.1725942741941,124.53290645769944,-224.84510934653537,-584.9144468241176,1134.523973835635,720.3943408520291,1475.4164223017126,68342671668.045876,257.318999818221
0.7117249999999999,1.405037057852401,2610.8045209404463,996.5076824481341,-150.0593315039446,-1776.816723858663,-810.9846293670588,-42.32920288321316,26.800790431081886,-1531.6488208520038,122.89428912317828,-222.09041748475047,-580.02621809095,1122.4292297927714,715.0409527902048,1464.0815981569854,14444639711.430586,257.7190862322937
0.7117214285714285,1.4050441083489729,2592.2925541526947,985.8455813827893,-148.49469138831654,-1763.7594035284153,-805.8981438013196,-41.79341658154484,26.520702492713298,-1522.3889887509838,121.24448520258409,-219.90893443363922,-575.9566195639953,1110.916757216906,709.8540980479347,1453.5152122300137,-82329941748.74083,258.11845466177414
0.7117178571428571,1.4050511589163042,2571.985385538498,974.8154226992831,-147.02025570781663,-1751.819312422926,-798.4294118213514,-41.113935238379774,26.256738096909018,-1511.7243991113917,119.67821917856779,-217.31126856257134,-571.343718728902,1099.380100235236,704.7497250129213,1442.741585964899,60028686668.9697,258.5170993577489
0.7117142857142856,1.405058209554396,2552.5675414230345,964.7347713059046,-145.52272383387455,-1738.5707255056298,-792.8399612287654,-40.62431163814159,25.9886627160543,-1501.0262202798058,118.10278357123661,-214.5465734811057,-566.3797809454334,1087.5013262812072,699.4130714955336,1431.3843031203082,28975464913.60481,258.91501454806263
0.7117107142857142,1.4050652602632492,2534.2872408499993,954.3198758304652,-143.98061379793313,-1725.4808681806098,-787.9609659408461,-40.114178892842176,25.712639405743325,-1491.8619294664566,116.5008852170342,-212.44941374163264,-562.3675485420911,1076.220911520162,694.2264509065949,1420.8518243056717,-86806561030.16699,259.31219443751496
0.7117071428571429,1.405072311042865,2514.2232399598033,943.5401334675439,-142.53536838978718,-1713.6078536272125,-780.6327153388938,-39.45505269167252,25.45392698864446,-1481.3013897822125,114.98687114220213,-209.93792347201062,-557.8160759737235,1064.9559628498112,689.1496030243461,1410.1576782483367,48855129309.64594,259.70863320805176
0.7117035714285714,1.405079361893244,2494.7897305266306,933.6293058930605,-141.07747710437255,-1700.5933810881252,-774.8324342839632,-38.96238751709352,25.192968491526738,-1470.5269785239134,113.47187500220257,-207.20925191268165,-552.8565256952332,1053.3437619460683,683.856150752079,1398.869414479812,43671769663.83113,260.1043250190238
0.7117,1.405086412814388,2476.7056002080494,923.5168062545148,-139.5622358676485,-1687.4492340289187,-770.1585701957108,-38.4838280209164,24.921781195958737,-1461.3623875464496,111.92005708763618,-205.14625933055777,-548.8332005228586,1042.2560205907018,678.662761457268,1388.3177828697085,-88490901261.2558,260.4992640073282
0.7116964285714286,1.4050934638062975,2456.898038075209,912.9536813534353,-138.1410076313088,-1675.6156117819405,-762.9994486047051,-37.84338191928629,24.66739424557706,-1450.9561639333992,110.45276943349357,-202.74731825797446,-544.3757329846638,1031.267331165019,673.6095124145551,1377.7173332348407,35580728579.371925,260.8934442876799
0.7116928571428571,1.4051005148689744,2437.4692602009018,903.1780400943444,-136.72109010206623,-1662.8677536425714,-756.973449725278,-37.34291965181737,24.41325333507161,-1440.156391153615,108.99536171759259,-200.07589718743603,-539.461891692676,1019.9394485530157,668.3712794565945,1366.5426209838945,56960821266.40777,261.28685995282723
0.7116892857142857,1.4051075660024188,2419.5606647375603,893.4531262956997,-135.24042134765503,-1649.6648998038445,-752.5057454794384,-36.9044619164422,24.148277909819445,-1430.881098187244,107.49841113163477,-197.98773276364057,-535.3397415855535,1009.0120700178406,663.1695768465862,1355.914897764466,-87107661281.11043,261.67950507378646
0.7116857142857143,1.4051146172066322,2400.0460356696217,883.0138782298355,-133.8360392762712,-1637.9062262450743,-745.5005027128212,-36.27252970548085,23.896937108416022,-1420.7543283162186,106.07087452642885,-195.7616539374564,-531.0780005337965,998.3362306084439,658.15318513994,1345.4917220354491,21539391671.957485,262.07137370008275
0.7116821428571428,1.4051216684816157,2380.5970377912977,873.4585295216965,-132.45655749396107,-1625.336151222095,-739.3166162471613,-35.77702770673677,23.650053886688934,-1409.8207765610448,104.67154161388895,-193.09062027124764,-526.1146252546198,987.2341199804949,652.9485595518979,1334.337354599596,67758416296.24978,262.4624598599976
0.7116785714285714,1.40512871982737,2362.859552316971,863.9935671071065,-131.00653214357928,-1612.188126023495,-734.9413241959538,-35.35942296367151,23.390587086867406,-1400.5584136693712,103.2249613214297,-191.0477884029989,-522.0050269716284,976.5347600869111,647.7667601362598,1323.747016424876,-82824883669.77065,262.85275756082257
0.711675,1.4051357712438963,2343.6610390004657,853.8293169077872,-129.6262373507188,-1600.4216131371547,-728.196648633738,-34.75646562263899,23.143582233176208,-1390.5702083595443,101.8417506998514,-188.90262670629042,-517.8177012662912,966.0956142313773,642.772000806404,1313.4023724892675,6976974394.159011,263.24226078912017
0.7116714285714285,1.4051428227311964,2324.1943649614054,844.3706015569142,-128.27906620477745,-1588.076350188444,-721.8013951139917,-34.25104285149111,22.90250282381418,-1379.6367112398293,100.49268218639713,-186.3122323482871,-512.9103238940812,955.275694137601,637.6124786248007,1302.3520391832772,76924339375.34836,263.63096351099074
0.7116678571428571,1.4051498742892703,2306.602707958142,835.2127822254504,-126.86268386846388,-1574.9576600501232,-717.5265671356891,-33.859907838137,22.64907818298029,-1370.306811318138,99.09752298646433,-184.2681875532204,-508.75963763990217,944.7621706339154,632.4452281098509,1291.7575523695944,-76807276620.5911,264.0188596723464
0.7116642857142856,1.4051569259181196,2287.752924384817,825.309066755289,-125.50642069716184,-1563.2167245358853,-711.0396019700313,-33.28354881310699,22.406399257194025,-1360.5046005499796,97.75739907437472,-182.2260013563173,-504.67237951366826,934.587337798587,627.483140269051,1281.5245569178833,-7933705486.152592,264.4059431991921
0.7116607142857142,1.4051639776177454,2268.303695508335,815.9895025381942,-124.19346254298958,-1551.0840550105315,-704.4773264828272,-32.77399179119142,22.17146379409282,-1349.5538317911262,96.45877692118955,-179.6914861819388,-499.8025992701008,924.0289453072709,622.3721602556749,1270.5720274715325,84812512254.82845,264.7922079979124
0.7116571428571429,1.4051710293881483,2250.8116063023194,807.0695863568525,-122.80725767288271,-1538.0169042907173,-700.2405439878397,-32.399907235538855,21.923463469068746,-1340.185357203173,95.11103863911852,-177.6738212438748,-495.6430363018669,913.7168454869395,617.2213881587519,1259.9960904590757,-68828380125.48534,265.1776479555547
0.7116535714285714,1.40517808122933,2232.3095759344333,797.4526638355544,-121.47497776597469,-1526.2670131977513,-694.0425978996266,-31.854823148684734,21.685101224752113,-1330.5394769393567,93.81281173653635,-175.71665880346325,-491.6293441317908,903.7832558859819,612.2848743677889,1249.8471396492698,-23625893399.64999,265.562256940178
0.71165,1.4051851331412917,2212.93335981764,788.2836425644746,-120.1970825579884,-1514.3726603697023,-687.3369039897837,-31.342544412561736,21.45645844938854,-1319.6053039125297,92.56402816188553,-173.24106121916523,-486.81702546716735,893.4951547578422,607.2354218346908,1239.0254355517193,91073022824.35178,265.94602880108954
0.7116464285714286,1.4051921851240332,2195.4943410216565,779.5810475110567,-118.84139266073622,-1501.3742644106323,-683.0856322790426,-30.981561148306277,21.21393961710781,-1310.1740566915225,91.26276239474355,-171.24755980166893,-482.6393085759588,883.3835321635001,602.1016339944354,1228.4634188647171,-58237173201.38964,266.3289573692082
0.7116428571428571,1.405199237177557,2177.3306873229185,770.2601327886367,-117.53083763443611,-1489.5650265018753,-677.2115831369954,-30.471117808259546,20.97948880049711,-1300.6639966898995,90.00359078063569,-169.3624411971586,-478.68448539104025,873.6621373195085,597.1797945468785,1218.3724673413847,-39671130254.02115,266.7110364573749
0.7116392857142857,1.4052062893018635,2158.059522132078,761.182876701539,-116.28406525997515,-1477.9430324757768,-670.3517706501331,-29.949089060857258,20.756434450683724,-1289.8365634584468,88.80039583518442,-166.9892281540605,-473.9937680692428,863.6774804701668,592.2030850276916,1207.7389555801678,94516945637.16327,267.09225986068265
0.7116357142857143,1.4052133414969536,2140.652157164729,752.8007834493214,-114.96724202780125,-1464.9953725578996,-666.1018993418623,-29.612235353657656,20.520888057994203,-1280.2113031027402,87.55078618470206,-164.94622067585976,-469.6959776263929,853.7195674990382,587.0837180375842,1197.1235627744313,-45044169119.975876,267.472621356813
0.7116321428571428,1.405220393762829,2122.8326707777437,743.6446969357912,-113.6700577297075,-1453.1840097713832,-660.4880236039984,-29.12055612935179,20.288858533810103,-1270.9727730432746,86.32325879322369,-163.20826585314515,-465.9162126511109,844.2590372136904,582.1892805719102,1187.1823261364932,-54457469740.96251,267.85211470638086
0.7116285714285714,1.4052274460994902,2103.6648543522606,734.7862429835851,-112.45794915069666,-1441.715912255244,-653.5904541486608,-28.60810846891419,20.07202454908249,-1260.1235628342797,85.16718590600264,-160.86484979105887,-461.2296042673479,834.505389618368,577.2598639813481,1176.6240576925604,93887193982.99791,268.23073365328565
0.711625,1.4052344985069385,2086.3072970526387,726.5830679299405,-111.17573999328808,-1428.9575754221191,-649.2222593138887,-28.27399576782821,19.842689228718676,-1250.4586680569714,83.96477756413483,-158.85214662281925,-456.9454654479378,824.778883197523,572.189508274807,1166.0926831089755,-29566226695.724117,268.6084719250705
0.7116214285714285,1.4052415509851748,2068.814548907086,717.7325706967696,-109.89979510487574,-1417.066659423623,-643.9406974133022,-27.81905141175044,19.61448274803449,-1241.3287925200548,82.77392657884889,-157.16974821116256,-453.2066292406305,815.5069490674654,567.3059528406532,1156.1924333606642,-67482123985.38893,268.9853232332887
0.7116178571428571,1.4052486035342004,2049.764098958086,708.9817900168548,-108.71280756609845,-1405.7650729550364,-636.9880955131315,-27.304723193630913,19.40216342496544,-1230.5857468191816,81.65664619963547,-154.92675583018294,-448.6244301487378,806.0205940730274,562.4268142675221,1145.776465575245,90215504411.30276,269.3612812738774
0.7116142857142856,1.4052556561540162,2032.4259581993113,700.9749990573508,-107.46642041321958,-1393.1831850160295,-632.4916468947403,-26.975359160312934,19.179253223613596,-1220.8290472111285,80.50120035867516,-152.91830405248194,-444.32196842291995,796.4992593655589,557.4017760556361,1135.3036205558833,-13557332449.843485,269.7363397275398
0.7116107142857142,1.4052627088446232,2015.254625968426,692.4541677344689,-106.2147174916887,-1381.2283491817036,-627.5300822356465,-26.55901293110804,18.95540577925493,-1211.7760827839388,79.3482941658578,-151.2757274720903,-440.5975876314445,787.4126978043573,552.5330797292152,1125.4341482692482,-78367101801.753,270.1104922601332
0.7116071428571428,1.4052697616060228,1996.3636801440998,683.789473208561,-105.04956998130093,-1370.0924519666423,-620.5517473557246,-26.041810433320908,18.747016219317633,-1201.1954682914147,78.26635039825187,-149.15080024537758,-436.1594828684814,778.1977726387587,547.7086318294646,1115.191804927624,84527249426.26315,270.4837325230668
0.7116035714285714,1.4052768144382155,1979.0019469033268,675.9835507948769,-103.83871435238565,-1357.6576258163805,-615.9213208786482,-25.71799398807966,18.53047955882231,-1191.3051417325755,77.15651819144293,-147.13269257547273,-431.80729162324167,768.8622500108479,542.7199243463592,1104.7436938994163,2319020967.6480827,270.85605415369406
0.7116,1.405283867341203,1962.147623622492,667.7354674369075,-102.60932002900552,-1345.6872771209032,-611.2282400072987,-25.331804773237288,18.310644922521384,-1182.378175061054,76.03914959436756,-145.55599921158588,-428.14314951249844,759.9833907737953,537.8773233319976,1094.9510622794999,-87348251534.90086,271.2274507757716
0.7115964285714286,1.405290920314986,1943.4700739754883,659.2583110250126,-101.47062414411462,-1334.675906208805,-604.3155708498729,-24.825769532746424,18.107005419828162,-1171.9027559528897,74.99503440771777,-143.5012810299193,-423.78792286555523,751.0050414160245,533.1055873217384,1084.8415983592085,76825631349.22409,271.5979159998094
0.7115928571428571,1.4052979733595656,1926.0574853989758,651.5571572156529,-100.29029451558434,-1322.435012427369,-599.47687795454,-24.494879323729485,17.895946384855637,-1161.950072684787,73.92603855842935,-141.52188900909675,-419.4515659092495,741.8887071562208,528.160316964465,1074.4702613198715,18730471732.82531,271.96744342354566
0.7115892857142857,1.405305026474943,1909.4824503510067,643.6296448333125,-99.08460405836455,-1310.3919137932596,-595.0773883854323,-24.145906979520966,17.680371902767966,-1153.0610499044471,72.84431771288112,-139.9658015457369,-415.78635196662833,733.1679644466823,523.3299342696301,1064.6948484346965,-94698197472.9304,272.3360266323705
0.7115857142857143,1.4053120796611192,1891.0547713717756,635.273797696417,-97.96782690456152,-1299.5425720734816,-588.2176768454067,-23.643333858626004,17.48067327618702,-1142.792236691202,71.83375341158033,-138.03108131914558,-411.58531795918435,724.4639874928016,518.6212412139432,1054.7786551317085,66619628226.09419,272.7036591997702
0.7115821428571428,1.405319132918095,1873.5910354558373,627.7839920855249,-96.82508373225483,-1287.4614465465547,-583.2182407239094,-23.318003533392066,17.276351864359988,-1132.664123775984,70.80976542158385,-136.02167167627692,-407.17146513108884,715.5191818159201,513.7163331621487,1044.4213244151547,35573832670.578094,273.070334687779
0.7115785714285714,1.405326186245872,1857.2674900922868,620.0308458267912,-95.63524470534792,-1275.4154764891637,-579.0096275606102,-22.987204827298925,17.063637148172898,-1123.9320559920245,69.757043783818,-134.55902562706373,-403.61450967618595,707.0050594934287,508.90915683139394,1034.7478975931087,-99092317778.94937,273.43604664743884
0.711575,1.405333239644451,1839.092971584909,611.9225787038654,-94.54388352469869,-1264.6127391546945,-572.320676689385,-22.507370588105047,16.868502880799376,-1113.7477321985,68.78171298985133,-132.67550348017613,-399.4564515174288,698.5076306769455,504.24007948963697,1024.919183578914,52854195428.79568,273.80078861926745
0.7115714285714285,1.4053402931138326,1821.6261815000153,604.5386657592566,-93.4351424173706,-1252.8058567307005,-567.0874523744804,-22.17216357088094,16.670276990327036,-1103.5863133028477,67.7990951650882,-130.70034314768986,-395.08065815603845,689.7960565796993,499.4055862401205,1014.6949015760497,52492865632.09615,274.1645541337345
0.7115678571428571,1.4053473466540187,1805.5093239974606,597.0488659487527,-92.26761309460757,-1240.7179627443356,-563.0835899488454,-21.86958508142235,16.461572024005346,-1094.8792226352598,66.7792706546388,-129.2670433967534,-391.5285704336888,681.4432864095575,494.61177298115877,1005.0442175245911,-100049566984.90971,274.5273367117462
0.7115642857142856,1.4053544002650098,1787.6033761811864,589.1232980411291,-91.19429359337016,-1229.9434920691822,-556.5801232504571,-21.407251380120506,16.269684576019475,-1084.8581506399257,65.83296852797574,-127.47331157267391,-387.4756668384349,673.1601892621559,489.9783635049927,995.3354701589774,36656778839.19948,274.8891298651373
0.7115607142857142,1.4053614539468071,1770.1264530361434,581.825639466263,-90.11808000954133,-1218.4149038936005,-551.1021599527552,-21.05993349456299,16.077290121319,-1074.6747713307425,64.88969630315923,-125.53918051110695,-383.1475615874631,664.6822079633985,485.21492647644055,985.2512561659033,67652072512.77434,275.2499270971725
0.7115571428571428,1.405368507699412,1754.1947753610243,574.6682424748707,-88.97945306941045,-1206.2888298289415,-547.2970753638024,-20.792175118736555,15.873771171829402,-1065.8983255579228,63.90667372960536,-124.08545717709383,-379.5282352990507,656.4645303173573,480.4369131113145,975.5824118799419,-97468114629.00519,275.6097219030553
0.7115535714285713,1.405375561522825,1736.5934021771243,566.8355104949183,-87.91722269402395,-1195.57665965252,-540.9620633738024,-20.33760064773403,15.68389093130932,-1056.1596963830063,62.98364094042656,-122.43790047068721,-375.6745023203931,648.4284712942338,475.84745414246663,966.0646854336314,19795315508.341347,275.9685077704456
0.71155,1.4053826154170472,1719.085104027209,559.7175413053484,-86.87640530172335,-1184.2339627951799,-535.3165838591766,-19.992025338577417,15.497839429788915,-1045.8453374822172,62.08084700346719,-120.48954419909481,-371.29819167464854,640.1299206133594,471.1354523900218,956.0301513320707,79714131905.84381,276.3262781799749
0.7115464285714286,1.4053896693820802,1703.3381806189864,552.7574402938802,-85.7623927939363,-1172.1913404363938,-531.5888922603352,-19.73885959583161,15.298739840750327,-1037.1260014162285,61.13069558393555,-119.08090756890815,-367.7263256855593,632.1066243695518,466.3994858580856,946.4555698654117,-91548029680.28798,276.6830266058242
0.7115428571428571,1.4053967234179248,1686.0618092673901,545.1750935683409,-84.7191180686047,-1161.4568717227328,-525.5352091680269,-19.313006175864817,15.112267958892811,-1027.5308418912932,60.23587249242824,-117.49587511800189,-363.9439324215511,624.2554563476424,461.84130862386314,937.0300323783675,2587172305.5982985,277.038746516201
0.7115392857142857,1.405403777524582,1668.5294091018047,538.1003375995234,-83.70437855435657,-1150.3491542652134,-519.6634517675502,-18.95316190868822,14.930894944433703,-1017.2270258694602,59.36602417123515,-115.61068380745277,-359.637505102221,616.182442440614,457.18875459638434,927.1311177494556,89552920118.99963,277.39343137393473
0.7115357142857143,1.4054108317020528,1652.9138926552932,531.4004282927446,-82.61857107973326,-1138.3416681287329,-516.0230886767758,-18.722521955370173,14.736853959357376,-1008.4487392517224,58.45049047438691,-114.19240312625149,-356.0307450312188,608.30419746287,452.4824644287803,917.5804592950087,-83459724343.1763,277.7470746370254
0.7115321428571428,1.4054178859503386,1635.9897837203687,524.0206175849205,-81.59168801007384,-1127.626466898589,-510.22928901777476,-18.319369417513755,14.553333078006677,-999.0672702729579,57.581338768406276,-112.70315544289097,-352.37118284613587,600.6657651439405,447.96558366912285,908.294704349604,-14824157017.326326,278.0996697592122
0.7115285714285714,1.40542494026944,1618.460766918599,517.0639766146608,-80.60638973822005,-1116.7159573048102,-504.19812012319596,-17.955455322974597,14.377238710179329,-988.7221725629788,56.74601163787293,-110.84198797779257,-348.0822548073953,592.7874979784175,443.3699945479156,898.4949247994182,97467446583.07295,278.4512101905505
0.711525,1.4054319946593583,1602.933079026257,510.51685381547713,-79.54359003733457,-1104.792359728509,-500.5546199972227,-17.73269227373613,14.187329526073375,-979.9504432039107,55.86062510575047,-109.45874741213306,-344.5067406238028,585.0819038030565,438.6987314645735,889.0173907897863,-72787627215.09921,278.80168937799755
0.7115214285714285,1.4054390491200948,1586.3571057906354,503.4039280925289,-78.53504010860138,-1094.0386998627296,-495.07600292056725,-17.361901978802194,14.007105092154463,-970.7144833016977,55.01783584972041,-108.0279797325717,-340.9104060409733,577.6197136131492,434.2118506065815,879.8167473847191,-33086729263.44477,279.1511007660065
0.7115178571428571,1.4054461036516503,1568.8968056003907,496.5482024227711,-77.57838777739535,-1083.370174944582,-488.89609525542636,-16.991761998122108,13.836145168082028,-960.3985715728065,54.21568113134623,-106.21189826845459,-336.68538311752746,569.9586094506329,429.6890324026007,870.1699191057418,103319127207.9655,279.4994377971299
0.7115142857142857,1.4054531582540255,1553.4126509968523,490.1552106483372,-76.54042435676746,-1071.542261849281,-485.20777870681866,-16.7755359149096,13.650691864635938,-951.589670152683,53.36098988557168,-104.85012657460923,-333.1136842077316,562.4186338276844,425.0525759453617,860.748387852669,-59217491956.78451,279.84669391263094
0.7115107142857142,1.4054602129272225,1537.1764174692846,483.3086396818518,-75.54764439508862,-1060.7073384856028,-480.07202651142023,-16.43901286107193,13.473305396466316,-942.4903717177305,52.542108761722275,-103.47159656624807,-329.5760641337208,555.1104870200897,420.58604896699234,851.6150277704677,-51368999998.051765,280.19286255310413
0.7115071428571428,1.4054672676712412,1519.808945803978,476.4935856775503,-74.6151313783841,-1050.3046028068743,-473.7323810605685,-16.055893953380473,13.306675639027702,-932.2854463001565,51.76923463035486,-101.73988696287638,-325.4738839593168,547.6911550132332,416.14123275307963,842.1658624124999,105802234838.56773,280.5379371591046
0.7115035714285713,1.4054743224860835,1504.3486371904748,470.3693775067492,-73.6109460938131,-1038.5500657735647,-470.0266539102091,-15.858653191961789,13.127272913753725,-923.3033159599211,50.95070544542276,-100.32546436057815,-321.7960662323947,540.2728343811799,411.53933015804546,832.7317707588156,-43105670796.68662,280.881911171786
0.7115,1.4054813773717498,1488.459781873529,463.63320284573535,-72.62465682627163,-1027.7111410659968,-465.1463318896269,-15.537070944536483,12.951070186960486,-914.496598198006,50.14868907589448,-99.08207900948176,-318.4518822926211,533.1720252271276,407.1051354403617,823.7678008945892,-67560464115.75323,281.22477803353644
0.7114964285714286,1.4054884323282415,1471.1782050451272,457.01894945490005,-71.7212205078195,-1017.4296984184574,-458.78918177033967,-15.164920473141814,12.78965052372408,-904.2435549918677,49.40780783565048,-97.35136164669753,-314.32946259642085,525.9161977177288,402.7103663656658,814.3836753705888,103395614226.61433,281.5665311886772
0.7114928571428571,1.4054954873555603,1455.762557004519,450.99297667414004,-70.74470544985428,-1005.9016045544818,-454.92743437625677,-14.961863129050792,12.615207119022287,-895.2644371080671,48.620454552196065,-95.96997430586171,-310.6993967494539,518.6942696937849,398.1753015086301,805.0832430982222,-24685262023.820408,281.90716408406263
0.7114892857142857,1.4055025424537062,1440.2050881681935,444.5294252582875,-69.77463356029034,-994.9800037782275,-450.38709164985033,-14.675265788242228,12.441920948467615,-886.5778858909181,47.84147217781102,-94.77047619642116,-307.398126810369,511.73936645004414,393.76115135145886,796.1763076154062,-81335457031.3072,282.24667016979663
0.7114857142857143,1.405509597622681,1423.051418472813,437.99216500188356,-68.89035617812996,-984.8539209795325,-443.99245564389696,-14.300764244640842,12.28394114830248,-876.4348886867346,47.12507415219728,-93.1156472892846,-303.38046037669676,504.68666059764274,389.42280359879845,786.944750197439,97365301221.81277,282.58504289990395
0.7114821428571428,1.4055166528624854,1407.6433373487805,432.1116560221671,-67.94468405085078,-973.5252207230005,-439.9790584379682,-14.097436445711782,12.115021871427345,-867.376739931163,46.37036249160986,-91.72997314760242,-299.73603354474227,497.6315088770181,384.9482237839494,777.7295093797213,-5760667949.111722,282.922275733021
0.7114785714285714,1.4055237081731204,1392.4289016547714,425.91515653514466,-66.99239226524087,-962.5637338586439,-435.7527531205745,-13.84367168676815,11.944930953773458,-858.8205700140303,45.614888487053136,-90.57537930965302,-296.4856588647792,490.8325852146284,380.56522642510436,768.9019162061628,-92457661181.82283,283.2583621330962
0.711475,1.4055307635545873,1375.4500610676052,419.4627735212288,-66.12579417947704,-952.5800142727804,-429.3687003578861,-13.469490560468408,11.790127520245107,-848.8213541765314,44.92136067616358,-89.00218137645858,-292.58680723911425,483.9820327034782,376.2843854557743,759.8331846212773,88864465595.94463,283.5932955700984
0.7114714285714285,1.4055378190068872,1360.0109315672703,413.7140644481099,-65.2098427200934,-941.4358120759946,-425.18602128476687,-13.264232759937405,11.626531950330996,-839.6634151354231,44.197814171510764,-87.6086027211424,-288.9165193663822,477.08274853341055,371.8644276695408,750.6866981679196,12989268655.847767,283.92706952073485
0.7114678571428571,1.405544874530021,1345.1229764369264,407.74337576799957,-64.27402065706984,-930.4665970197185,-421.22779469993367,-13.037096954745746,11.459401471180112,-831.2578467855343,43.464382253842786,-86.51045238608387,-285.74142653516844,470.44716861859945,367.5177641139286,741.9617963752946,-101220879675.0266,284.25967746917763
0.7114642857142857,1.4055519301239898,1328.372484452,401.459757938159,-63.428602937359166,-920.5901328875851,-414.94030429551145,-12.675083946447188,11.308396734744207,-821.3677242063144,42.795525843172385,-84.98690858087069,-281.91423599747554,463.7778330045898,363.29421394455153,733.0265396599673,78079534670.06845,284.5911129077993
0.7114607142857142,1.405558985788795,1312.8959231692672,395.75731836604814,-62.53824803481288,-909.6852837753444,-410.5233065805179,-12.4564302488351,11.149387755120854,-812.1841872509837,42.09968888356171,-83.62624366662565,-278.2840347292881,457.0631488760756,358.93761612625883,724.0035057720287,31860526562.97068,284.9213693379172
0.7114571428571428,1.4055660415244369,1298.3011634026693,390.0751173295503,-61.622073760758866,-898.6593740682698,-406.86078309783346,-12.264061289988224,10.98578333469815,-803.83610582297,41.38988532940384,-82.53914917218796,-275.11283247314594,450.55113822380576,354.61736821978764,715.3215054525776,-107578486641.02663,285.25044027054685
0.7114535714285714,1.4055730973309173,1281.8315768777347,383.87595939184445,-60.79218703816581,-888.9421353127002,-400.6512775544396,-11.904347192860683,10.837569895654019,-794.1827629167711,40.74132853990541,-81.1216311130191,-271.45088716455393,444.10293230429215,350.462723473329,706.595835974199,64597146937.509865,285.57831922716406
0.7114499999999999,1.4055801532082368,1266.3223113230633,378.3601970840014,-59.93637580924917,-878.2266557742212,-396.0759652515974,-11.68911621136734,10.684742472148395,-784.8401714249267,40.078566125625215,-79.71703685994672,-267.740582702057,437.5254637299844,346.16697145774583,697.6177354639743,50347365761.6289,285.9049997404761
0.7114464285714286,1.4055872091563966,1252.0024045153484,372.78048957708984,-59.03060286518698,-867.2503195137037,-392.57246370892517,-11.506718022774658,10.523015932521485,-776.7079100222185,39.38564752005604,-78.72769836711804,-264.7183047857081,431.19529936452227,341.88773449894705,689.091267991574,-109877061087.73822,286.2304753551914
0.7114428571428572,1.405594265175398,1235.805411924219,366.83332368689173,-58.22166314120825,-857.5448965209565,-386.58667552281946,-11.174164248918432,10.37855855979648,-767.1257821005389,38.760489443825385,-77.33158946660127,-261.0740200353308,424.8910921756646,337.7746437302013,680.4408007694959,47237996023.25705,286.5547396288491
0.7114392857142857,1.405601321265242,1220.3104169196201,361.3646351182098,-57.39418958635946,-847.1415412553024,-381.76189239675637,-10.943325388058529,10.230804320154755,-757.7917411139402,38.12600072077397,-75.95831650270227,-257.4225621928595,418.51175380750567,333.5655125043589,671.6343996605709,68317234361.3798,286.87778613255585
0.7114357142857143,1.4056083774259294,1206.2225631265192,355.99836471537293,-56.50700505733049,-836.1741896116936,-378.4430221068954,-10.783265162744284,10.072413632092362,-749.7292073902695,37.454939512613855,-74.9975925430773,-254.42933609551827,412.32146403024956,329.3208940431806,663.1793338839896,-108146941423.78056,287.19960845183266
0.7114321428571428,1.4056154336574616,1190.3340019643592,350.22831596031597,-55.711832412319886,-826.4847453471804,-372.6888809306132,-10.470704341285856,9.930431240887597,-740.3218820271564,36.84788421646222,-73.66721362569454,-250.88275375425752,406.1773871845137,325.2496137787609,654.6541003006066,27571706525.082287,287.5202001874205
0.7114285714285714,1.4056224899598393,1174.8451651454789,344.8053853347794,-54.9121203948792,-816.3842782035551,-367.6175629813696,-10.22443357666165,9.78764680405795,-730.9907490370081,36.24068810846434,-72.32354734052956,-247.2827875085178,399.99074152048684,321.12461213321,646.0108709028523,83987128157.41151,287.83955495610417
0.711425,1.405629546333064,1160.977679756414,339.70790139198266,-54.049462616063224,-805.4438904964126,-364.4740200023631,-10.091371482117097,9.633650375277767,-722.9276777216892,35.59487806614013,-71.35285590050262,-244.26288225735487,393.924676619888,316.9221859105137,637.6045095935158,-102681821611.4482,288.1576663915452
0.7114214285714285,1.4056366027771363,1145.4390663939148,334.03150709059497,-53.26194055970865,-795.8106974011752,-358.9319440070221,-9.789588909980433,9.493053094321265,-713.8096317709051,35.00143458351295,-70.13947167604458,-240.90233291790713,387.97154547884764,312.89969623276113,629.2700490188835,7648099683.903007,288.4745281451236
0.7114178571428571,1.4056436592920576,1129.937060395527,328.7556231176465,-52.49311042591322,-785.9154723108654,-353.70036188247065,-9.542927296789856,9.355793944730934,-704.3703168691704,34.423000915353484,-68.77172121986145,-237.25638172629678,381.9268776245494,308.84036098177893,620.7005575163466,95949250837.07285,288.7901338867882
0.7114142857142857,1.4056507158778289,1116.278120486551,323.78539476555466,-51.64991576268663,-775.1166751383336,-350.6031259107856,-9.416225344968758,9.20528776646597,-696.4229861517997,33.79857851537873,-67.84984090320194,-234.31982171566213,376.0313961197658,304.6996198262721,612.4418216862746,-93611656730.61734,289.10447730591585
0.7114107142857142,1.4056577725344512,1101.1061169369002,318.35365154903326,-50.87774526152998,-765.4588940086534,-345.3843543295806,-9.14502884088735,9.067446747718746,-687.4668551077287,33.22338736858539,-66.68168085801454,-231.0223066500096,370.2212180325292,300.7167885588884,604.2077577677703,-12266690421.222319,289.41755211217867
0.7114071428571428,1.4056648292619256,1085.626505457553,313.0931921911881,-50.131033232869406,-755.83100271525,-339.94132157572926,-8.882435645560365,8.934149415058066,-678.0737191367739,32.6674164470321,-65.36204992283328,-227.45657342189045,364.3611567688609,296.7327905850994,595.8054441369852,104904698056.42746,289.7293520364211
0.7114035714285714,1.4056718860602533,1072.118171430102,308.33812353838533,-49.31294401313037,-745.1214625455053,-336.90894353827633,-8.772659732334347,8.78813828558335,-670.1042980945817,32.06756534501576,-64.42827215476515,-224.4979964009903,358.5907917499919,292.6429013347238,587.6120403450693,-81863728968.73866,290.039870831544
0.7113999999999999,1.4056789429294352,1057.3540827248898,303.06837473602616,-48.551514547029726,-735.5033471189948,-331.9749044142967,-8.521705395564162,8.652231774243651,-661.4205550234635,31.50718433093071,-63.35294185303107,-221.35045969733733,352.95820423466364,288.7123846905977,579.5520292250826,-31961615615.559673,290.34910227339896
0.7113964285714285,1.4056859998694722,1041.92475380095,297.9373069287688,-47.83228626813263,-726.0812671265085,-326.41812497174413,-8.258431585154673,8.523852403044025,-651.9914532952859,30.976657080103067,-62.029896946679735,-217.77895054076328,347.2474053833037,284.79879659180756,571.2557761594954,110843291488.93698,290.65704016168934
0.7113928571428572,1.4056930568803654,1028.5352538838476,293.25748302600744,-47.03302172695201,-715.5426786735582,-323.33318997641555,-8.146191087288827,8.381216762082532,-644.100913426265,30.396791871595685,-61.14088213751382,-214.8962247606756,341.63890682016654,280.7695057318071,563.2035627899651,-66887972017.31571,290.963678320872
0.7113892857142857,1.4057001139621164,1014.1600286564177,288.24390886723234,-46.28579159494172,-705.8826508494932,-318.7550458964122,-7.929039376716063,8.24786020605022,-635.583447717221,29.85306224600775,-60.1069735557761,-211.80855208656737,336.1380169051576,276.8761359959957,555.2380131152266,-52049688000.6135,291.26901060111334
0.7113857142857143,1.4057071711147258,998.8423809166585,283.19764825103374,-45.59090537766744,-696.7111900810752,-313.08490807723774,-7.660212530529427,8.123837188889079,-626.2105243388219,29.34543818762974,-58.814125245892676,-208.29626056046035,330.6016308997954,273.044663510716,547.1066296272388,113912613909.34921,291.5730308791598
0.7113821428571429,1.4057142283381947,985.539223885894,278.6094659627265,-44.81346136259228,-686.3591994829068,-309.9161903627557,-7.545809486588923,7.985109519842723,-618.3507760750399,28.787034886100162,-57.95048051478554,-205.45511344060625,325.14715299680336,269.07877647756806,539.1789015031219,-49097809710.354614,291.87573305931136
0.7113785714285714,1.4057212856325243,971.5518778077933,273.8554155948859,-44.07918402169837,-676.6313955585318,-305.71528983199875,-7.363912099227063,7.854079966354537,-609.9950944750157,28.25874891903594,-56.95323744870246,-202.4224090720307,319.7649879981692,265.2172819050215,531.2965144463674,-71184456822.14708,292.17711107435514
0.711375,1.4057283429977157,956.3773316451394,268.8283110935264,-43.40334979328151,-667.7316703692196,-299.92467981349904,-7.082534612600314,7.733470233941955,-600.7686127740111,27.770163375493098,-55.730318095019825,-199.03604233922488,314.42379588051233,261.47063066408015,523.3754904563675,113053489798.76486,292.47715888651777
0.7113714285714285,1.40573540043377,943.1401191264246,264.461915711134,-42.65733232739656,-657.5330754579759,-296.71647326373085,-6.980414017322128,7.600361903195948,-592.7951846711678,27.238898644164543,-54.81720901367012,-196.11295084381803,309.0822154975153,257.5687837732119,515.4966719674625,-29462672358.78164,292.77587048842463
0.7113678571428571,1.405742457940688,929.5598765263719,259.7867144139312,-41.9263483716556,-647.8474678059869,-292.7782000040462,-6.810530310284691,7.469938433357704,-584.7828746183612,26.71950715602898,-53.94543194501781,-193.29281502376452,303.87738699389394,253.75408524546617,507.81841022261005,-86987086634.04346,293.0732399040684
0.7113642857142857,1.4057495155184707,914.5186514702192,254.9714062584207,-41.27606665535565,-639.0533799191202,-287.0350908169594,-6.544883480725139,7.353899442339943,-575.5179180633181,26.25367794979685,-52.70147118922774,-189.86572047995625,298.65228500622635,250.06413970791075,499.9603424504684,106795286651.30174,293.3692611897841
0.7113607142857142,1.4057565731671195,901.3610959204575,250.63202298570624,-40.55319078356777,-629.1593889388366,-283.6344264727703,-6.42803900069616,7.224932676664823,-567.6162285670662,25.743774197140315,-51.82737268617207,-187.02652189424032,293.48961705862087,246.25094280171194,492.2719637196919,-8035094259.840266,293.6639284352334
0.7113571428571428,1.4057636308866353,888.1649680959882,246.20522970881302,-39.835964816804236,-619.4368779857502,-280.046005249834,-6.290742519702591,7.096978680937447,-559.7688173937403,25.239617104859597,-50.992255944571376,-184.26085790880904,288.40797997071417,242.4744339107974,484.6865058627701,-99605602087.44258,293.95723576439593
0.7113535714285714,1.4057706886770194,873.3161419214349,241.47172029304258,-39.20134841528865,-610.7968037970583,-274.32607915130944,-6.026471386267774,6.98374774734751,-550.638430392335,24.789831068454266,-49.80192459076488,-180.92920554130805,283.3384362616456,238.84796625358592,476.9864073917501,96628453682.86235,294.2491773365683
0.7113499999999999,1.4057777465382724,860.18722676569,237.2297692324868,-38.505815805107154,-601.1582027218794,-270.7520324183364,-5.903576112469986,6.85967042369744,-542.6969319594465,24.303505713237037,-48.92002998004632,-178.08663040601368,278.3187688945476,235.11341820039866,469.41865553788665,13607959976.79361,294.53974734737096
0.7113464285714285,1.4057848044703958,847.3870968035786,233.00693122809093,-37.801531915675056,-591.4592842643337,-267.4646053137843,-5.791930338558224,6.734040443505592,-535.0592184640193,23.813701975950973,-48.13911990308522,-175.4150115591415,273.3780880924426,231.3871558630359,461.9693905831821,-109011150282.73419,294.82894002976263
0.711342857142857,1.4057918624733905,832.7775751509405,228.39541168405248,-37.18293338179953,-582.9446079335178,-261.8354749899007,-5.535864889870472,6.623680375751407,-526.0680443347509,23.37981054345652,-46.994669217072726,-172.16500960237215,268.45623094110897,227.82267780536722,454.41627728610825,83609033751.68279,295.116749655062
0.7113392857142857,1.4057989205472574,819.6540319351736,224.22443891677582,-36.51328797529887,-573.5662056611426,-258.0629046477526,-5.403361770768794,6.50423243221629,-518.0900563837371,22.915694422013832,-46.10986521053359,-169.32648252007178,263.5776141698204,224.16533522322936,446.9714520926646,34863639650.21433,295.40317053396774
0.7113357142857143,1.405805978691998,807.2196985180293,220.1769938889886,-35.82131287886066,-563.9094631646877,-255.03371378423074,-5.312746693739273,6.380812674081675,-510.65807720898164,22.439503177615144,-45.384422119161485,-166.75496454109216,258.77598152068555,220.49028005687367,439.66373373701464,-115390413869.73375,295.68819701763096
0.7113321428571429,1.405813036907613,792.8939250826755,215.74794830788005,-35.22045107245715,-555.4841967338338,-249.57188850694743,-5.074075387427012,6.273628377290681,-501.78960791955615,22.02222678303201,-44.26768316656519,-163.55484792131108,253.9883921076912,216.9859947163772,432.23523420297624,68076871033.4578,295.97182349864465
0.7113285714285714,1.4058200951941036,779.7823698356834,211.574787827655,-34.57313763713706,-546.4195632006945,-245.5467230929256,-4.922301487706937,6.158175251884769,-493.84440151789636,21.57767338278661,-43.41259253091893,-160.78123949682097,249.2723543929371,213.4136500361478,424.96336626678686,55401493612.81005,296.25404441213
0.711325,1.4058271535514708,767.6653750833376,207.77747858496372,-33.89794450348827,-536.75533828346,-242.79764080756811,-4.861927866981063,6.037761902066119,-486.5041353310997,21.117553909802815,-42.69372528993214,-158.22176040645428,244.57277361120816,209.78044781487546,417.7279660241966,-118261158213.11975,296.53485423678507
0.7113214285714285,1.4058342119797158,753.6740312277306,203.4153146632601,-33.30662788196954,-528.4741244615897,-237.46914011012882,-4.627596847894887,5.932294026420048,-477.9079257209418,20.711437727078483,-41.6698309917264,-155.19012842630977,239.95624423223876,206.34325512360246,410.5083186019592,49979766648.30298,296.8142474959487
0.7113178571428571,1.4058412704788397,740.566850942503,199.4125954220533,-32.691703114578544,-519.6401431214244,-233.29707443057592,-4.477890360320523,5.8226266374659055,-469.82994845707276,20.292305011058858,-40.758662086960456,-152.32932416218492,235.35025796368862,202.84963883162104,403.3052795078127,74052623793.35762,297.0922187586715
0.7113142857142857,1.4058483290488433,728.7638488841669,195.64584826716242,-32.023356069594314,-510.1160902345635,-230.65773062930103,-4.417731246935365,5.703449826783025,-462.7753614621421,19.841745274126765,-40.14196721154185,-149.9582217202935,230.818423220781,199.2774356378728,396.28144111557054,-115825696759.19753,297.36876264079325
0.7113107142857142,1.4058553876897275,715.0934683764434,191.55139503670628,-31.448959690190232,-501.8134569315166,-225.6306093126543,-4.216667325496041,5.601011241418292,-454.25782463528043,19.451067283255004,-39.1178510882333,-146.92177719746698,226.2961117012799,195.88107426332965,389.1220619471969,28328049353.928326,297.64387380602653
0.7113071428571428,1.4058624464014944,702.0336161910175,187.55778821385695,-30.85787201459301,-493.3253942779131,-221.2130621457409,-4.0484326483789985,5.495604961381845,-446.22634909810023,19.05163236119125,-38.23126003847686,-144.1258591999748,221.85472618261278,192.4836279450309,382.1095758217535,90990396116.99623,297.91754696704703
0.7113035714285714,1.405869505184144,690.4995091906328,183.9397504734421,-30.205242634918285,-483.90303236050784,-218.71166641594942,-4.001464055456973,5.3792438254584125,-439.306096612787,18.615836479660796,-37.647368600519755,-141.81792426749226,217.45227817695218,188.96964019901435,375.2154991670684,-108966110849.44315,298.1897768865897
0.7112999999999999,1.4058765640376776,677.1871605759247,180.0358360867494,-29.641204903141176,-475.59473913600414,-213.9826304037453,-3.825613360185608,5.278665159145527,-430.9716089287498,18.23622889929631,-36.66609469834167,-138.85733236237263,213.0421256076922,185.6146267427026,368.1672081271066,5185498862.453055,298.4605583785506
0.7112964285714285,1.4058836229620966,664.1575402399844,176.05508831714664,-29.07277771396096,-467.4216972636164,-209.33339242425822,-3.640408633961847,5.177309871459331,-422.96961836482524,17.855400366172482,-35.799047456859455,-136.11234583153364,208.7523244573737,182.30518885689244,361.3237851479936,104786705959.5249,298.72988630909566
0.7112928571428571,1.4058906819574015,652.868205333317,172.6302660257299,-28.44080846837159,-458.1139269208514,-206.9551124854132,-3.610178355749169,5.064644350326495,-416.1155709535972,17.43708218603693,-35.21512420022534,-133.81462648111062,204.46533859648795,178.85498718521526,354.53541080510547,-98540262102.89194,298.99775559777413
0.7112892857142857,1.405897741023594,639.9607423017983,168.8311754513276,-27.881525762166074,-449.8547018661641,-202.4934994778455,-3.4496380980013885,4.964927724136169,-408.08061042493506,17.06483821501591,-34.325855828309294,-131.02093789271584,200.19834070752688,175.54925102134584,347.66699945097525,-17323560635.495556,299.2641612186296
0.7112857142857143,1.4059048001606749,626.9515208540053,164.98342814503619,-27.339868704677702,-441.8929697341123,-197.71716235856175,-3.2649771445911755,4.8683544698566745,-399.9919131163016,16.704780688687272,-33.42312067498439,-128.22166911592484,196.0130335666892,172.31161663405928,340.90199698432735,114195047784.33427,299.5290982013577
0.7112821428571429,1.405911859368645,615.8867022662145,161.60006383980726,-26.72260181863125,-432.81054116607237,-195.32402823825052,-3.229895348884085,4.758322513679053,-393.31854523186047,16.299968408057797,-32.89660067886943,-126.04581027101078,191.88109718244067,168.9391724847884,334.310514456717,-84545350589.7595,299.7925616323869
0.7112785714285714,1.405918918647506,603.3923496148577,158.04899443894416,-26.175485361447244,-424.52140296007326,-191.23607894508376,-3.1031849748309903,4.660786817782293,-385.4614572729459,15.939378690466855,-32.03511239192846,-123.30035182893644,187.71724449094208,165.67593611786347,327.5379243971689,-39153997751.44414,300.05454665604583
0.711275,1.4059259779972584,590.4551075167118,154.20743672062255,-25.65211324163998,-416.83725537214576,-186.28664730456828,-2.9042959383445126,4.567483604132754,-377.4444324900909,15.59456900766433,-31.16451531989721,-120.57475650641844,183.6750285401475,162.51843953177433,320.9437360291404,119746451622.53229,300.315048475696
0.7112714285714286,1.4059330374179035,579.5408926458026,150.97620286286508,-25.056575651510688,-407.91267508431235,-183.90598009451526,-2.8777054951707237,4.4613358978789295,-370.78388113528047,15.207242724620045,-30.626621359015324,-118.39107080117739,179.6501960226936,159.21200000715515,314.4503536285329,-67610359363.586845,300.5740623548753
0.7112678571428571,1.4059400969094424,567.4978577241935,147.54348243178657,-24.514061668754085,-399.67503257379883,-180.12198485698278,-2.768885297675426,4.364634204649158,-363.2509914352263,14.853455627312446,-29.857136994756733,-115.81737882987478,175.62865870920987,156.00145227531004,307.8660688345317,-59915334415.69591,300.83158361844795
0.7112642857142857,1.4059471564718762,554.652845076277,143.86379562048216,-24.016101321177846,-392.17345742607915,-175.13104677832115,-2.5767431527156552,4.275869661523186,-355.184617186372,14.527910601048461,-28.953115162504407,-113.04306502475008,171.6862492041475,152.91563177405885,301.3535441999965,120967181874.00139,301.0876076537577
0.7112607142857142,1.4059542161052057,543.8758285430621,140.62146494280356,-23.435541467742095,-383.5216166898321,-172.62408885684573,-2.5356869675049882,4.1724035802369395,-348.66912679439776,14.153668841630493,-28.468588240571357,-110.9749938791447,167.812888155481,149.6893658663446,295.056967888144,-47124046636.58517,301.3421299117853
0.7112571428571428,1.405961275809432,532.2540761914782,137.42101829755558,-22.90257436163065,-375.24359405487905,-169.22316389377443,-2.4603373867439613,4.0774155949612405,-341.33141636257454,13.809459741071112,-27.732609117901102,-108.46342266363786,163.88712014882108,146.51693511710926,288.5702254057732,-80003557689.03564,301.5951459083105
0.7112535714285714,1.4059683355845565,519.5560381295511,133.83794205153168,-22.424731803792465,-367.95960199934495,-164.18614566818596,-2.2683668629182994,3.9922459581733114,-333.32063563426664,13.49966389677663,-26.836951177847993,-105.71889394424471,160.0679213524475,143.50792814100424,282.1961345543676,118344253664.62738,301.8466512250768
0.7112499999999999,1.40597539543058,508.8922781024549,130.61055996451086,-21.86269921772182,-359.59744251950866,-161.5303279177615,-2.2144109224172968,3.8920925646604676,-326.90037201418966,13.14037484974257,-26.38373138841758,-103.72873875843669,156.33794906628864,140.36654683420406,276.0804932448269,-24441445339.25581,302.09664151096126
0.7112464285714285,1.4059824553475038,497.68484370980354,127.65429951302174,-21.3395697231857,-351.264503569883,-158.52281557154524,-2.1742555607103773,3.798869566118608,-319.74034498780094,12.80568670272189,-25.672558567859205,-101.26390721123077,152.4985517314881,137.22952479669917,269.6775238557416,-97605458064.94507,302.3451124831456
0.7112428571428571,1.4059895153353286,485.1664486936309,124.08649147783595,-20.874821610969835,-344.2128330303527,-153.4307406715532,-1.9743033258332552,3.716044065184466,-311.8882340410629,12.507144585994691,-24.8300937224394,-98.63082043007078,148.82009175987378,134.2951918599939,263.48903028959484,111412593782.07567,302.5920599282926
0.7112392857142856,1.4059965753940558,474.580139203708,121.02256440050269,-20.341265827985843,-336.0793133938471,-150.69024850197144,-1.9245952397918182,3.6209741622759086,-305.39628178343145,12.168484857834557,-24.329193343941505,-96.57391015872214,145.1890505025705,131.2359003554976,257.46030958307495,-1323890598.9031143,302.8374797037235
0.7112357142857143,1.406003635523686,463.81730695992644,118.10215105964599,-19.81799849184465,-327.8394368053197,-147.92855164918709,-1.8919343017337795,3.5277402551269796,-298.6221800994414,11.837130148870775,-23.737451722445424,-94.33769334547719,141.5002335503222,128.15297715923464,251.28309777222404,-110295240032.64072,303.08136773859206
0.7112321428571429,1.406010695724221,451.4710119468338,114.77326117959973,-19.374574788754508,-320.839195527977,-142.97445858053737,-1.7161590150723909,3.448723242301136,-290.7246251834657,11.55451915416119,-22.851975609573,-91.62967321750021,137.88650513517214,125.26773438195866,245.12457472540646,99006963968.83305,303.32372003509767
0.7112285714285714,1.4060177559956617,440.97054162709213,111.66497253451577,-18.859456438280063,-313.0749050119568,-139.99099259550076,-1.6432247332440515,3.3569485368388245,-284.34801366815054,11.230184699577658,-22.392540028558056,-89.6780406840451,134.4113358236316,122.30616393152171,239.31395839185961,22423702428.974243,303.5645326696259
0.711225,1.4060248163380085,430.6226270167686,108.94681979259552,-18.346779036853263,-304.85571636303507,-137.55680231274403,-1.637686193850305,3.265612766212168,-277.7834141880463,10.908387382908614,-21.836203777865126,-87.51394176570389,130.82657065561958,119.2733491160575,233.2593890190677,-118915506548.37852,303.80380179396604
0.7112214285714286,1.406031876751263,418.5165493142534,105.72817249741124,-17.915365238299437,-297.9642269334353,-132.71238072724455,-1.4715648391681755,3.188745474371684,-270.0160068110713,10.635902549286673,-20.979255829861398,-84.8678592547147,127.31620763623934,116.44342561410835,227.2254127878242,82890557692.97958,304.0415236364928
0.7112178571428571,1.4060389372354265,408.0426731792028,102.66283847616009,-17.423325348042944,-290.49846094725666,-129.5222752710037,-1.3865393895130338,3.101091490626937,-263.62518393482276,10.328390217759301,-20.509310825764157,-82.9193990111217,123.95692870528937,113.567144628251,221.5501065724168,45565357993.161705,304.2776945033575
0.7112142857142857,1.406045997790499,398.11080194794187,100.07120881096374,-16.918539174563062,-282.3698133735084,-127.34186284881169,-1.3973876054206613,3.011173316203542,-257.33242925221214,10.014339324484075,-20.01678761230106,-80.88683736292928,120.49718971310105,110.59395863448202,215.669921178294,-123691797464.5909,304.5123107796791
0.7112107142857143,1.406053058416483,386.2917016332611,97.02184099144041,-16.50053444729544,-275.55060162574375,-122.68524428009268,-1.250259746843389,2.9367045540519,-249.68287121190366,9.752596669090432,-19.173811558513382,-78.27450567166143,117.07955001627036,107.81736464847381,209.73987246678433,63946745249.34887,304.7453689307381
0.7112071428571428,1.4060601191133788,375.83624673535945,93.97823001498988,-16.030510365647956,-268.3948189077432,-119.26950770411837,-1.1502903680550112,2.8529814145147467,-243.28833870972755,9.461007213483807,-18.698825780302407,-76.33995087269908,113.83716413630836,105.02696142414574,204.20745371822704,67618991889.812675,304.9768655031694
0.7112035714285714,1.4060671798811877,366.2781020572977,91.48296064071363,-15.533193295062445,-260.3735235484086,-117.29264508867823,-1.172329909804091,2.764405074287269,-237.2554454529697,9.154265452921877,-18.269606613861672,-74.44019399374504,110.49946142224007,102.11303048250386,198.50190345670404,-124658858779.27701,305.2067971261564
0.7111999999999999,1.40607424071991,354.7832656058982,88.6480629222942,-15.129171380158722,-253.58758371205536,-112.89458015193068,-1.0515586318178638,2.6924361535592762,-229.71787984958618,8.90339385884217,-17.430043732872658,-71.840269175234,107.16435807960889,99.3863213626363,192.65720248094505,42639975923.98873,305.43516051262526
0.7111964285714285,1.406081301629548,344.36849291530035,85.56451301797286,-14.678039521445609,-246.79452342844553,-109.21172463541829,-0.9288153161996805,2.6120870856130423,-223.38919178352825,8.625636294742385,-16.97891527569437,-69.97790666621496,104.05807490102782,96.68920486614124,187.31545459264032,87648816724.44838,305.66195246043884
0.7111928571428571,1.406088362610102,335.12751927802725,83.26006591862668,-14.194566413730476,-238.8333253416708,-107.45996114843345,-0.9731294513756189,2.52598670500587,-217.479404373802,8.329766219360742,-16.55711767353865,-68.10412304311933,100.80721247872606,93.82837124884756,181.70870664214092,-121059294536.09654,305.88716985358985
0.7111892857142856,1.406095423661573,324.0100525683304,80.48579371455016,-13.793818566407158,-232.14859042070992,-103.26255305895913,-0.8613171410774554,2.4546116149385213,-210.23537523883678,8.083281687268782,-15.799806118305447,-65.66783365659781,97.59468458021914,91.15519451655923,176.04870703980342,19529506411.788605,306.11080966339387
0.7111857142857142,1.4061024847839625,313.6156425181647,77.57209489426681,-13.37280437897235,-225.59436970151964,-99.4555388026987,-0.7423790249693909,2.379633730641099,-203.77133588676972,7.825699361497156,-15.27600942709599,-63.69210241749236,94.56493117420267,88.54118116562913,170.76668537000205,103762558515.74484,306.3328689496811
0.7111821428571429,1.4061095459772712,304.70176946820584,75.21120444142058,-12.892832482350059,-217.87904777536545,-97.72666818709827,-0.7745977527959717,2.2941684624095533,-198.20671968720566,7.534447685655425,-14.963234177221157,-62.045349153377686,91.47191530102769,85.75611780047146,165.41889530901668,-111160632389.74812,306.5533448619793
0.7111785714285714,1.4061166072415006,293.9424524694723,72.7185922797041,-12.504326928555663,-211.12347586861483,-93.90905112544853,-0.702641024354954,2.224982608999352,-191.04637300198414,7.297443820296801,-14.191896195427162,-59.58378745414633,88.31002306668879,83.113855082431,159.79107535034822,-6009885593.21766,306.7722346407308
0.711175,1.4061236685766514,283.60661991047493,69.80538892778266,-12.10304021414089,-204.9033818780463,-89.88281882290697,-0.567398213751911,2.1535259361867887,-184.6256747820578,7.053703783093862,-13.676825205546612,-57.651179076948786,85.40188317036346,80.59026220916269,154.67723859227084,116536089366.83267,306.989535618437
0.7111714285714286,1.4061307299827246,274.97779402728224,67.50440457259398,-11.6356859905564,-197.40498276002594,-88.20340125680987,-0.5998834871773365,2.0703174673489477,-179.26202109360992,6.772234293635426,-13.407994515883292,-56.11050750076211,82.43524817138233,77.88297248714626,149.516712823826,-96853980829.52515,307.205245220871
0.7111678571428571,1.4061377914597215,264.6189253403224,65.22424385574885,-11.254493931012181,-190.6112351005672,-84.75327815218341,-0.5598031207868214,2.0024433695803756,-172.28432576909128,6.54166244508511,-12.660649126839553,-53.698075388466606,79.34463073057368,75.27540697630768,143.97310780567466,-31516782887.68462,307.4193609682518
0.7111642857142857,1.4061448530076437,254.33184487398097,62.31615743721941,-10.871102971295159,-184.68342245052312,-80.53487193827905,-0.4105135147293317,1.934181446589447,-165.89702079071276,6.310486738409466,-12.151870824081898,-51.79995342257826,76.54472863223667,72.83197325021646,139.0059513878854,125164584938.71219,307.63188047642353
0.7111607142857143,1.406151914626491,245.94965197790992,60.12237167892642,-10.42115857358293,-177.40123632427523,-78.89304309001528,-0.44729430572258577,1.8540820564410845,-160.65505398770605,6.041395342224636,-11.893301354824112,-50.303949809784314,73.68862659262831,70.2051905728627,133.99894526463174,-79665306936.36089,307.8428014580305
0.7111571428571428,1.4061589763162654,236.04526593785457,57.95085736238803,-10.041530658024918,-170.65140722363537,-75.75603311920935,-0.4263062690372202,1.7864966223494145,-153.99384081754863,5.813773422894448,-11.223974286990744,-48.04822093327002,70.70562629867521,67.64344255119295,128.62363836387493,-54934514915.22707,308.0521217236896
0.7111535714285714,1.4061660380769676,225.80522180922088,55.19703326169705,-9.681509631209416,-164.89784096054936,-71.47662189759818,-0.28441496018087764,1.7224026774345222,-147.50857502617703,5.598131794773837,-10.660419780989749,-46.06269785569322,67.96714389804937,65.26519335517624,123.70414280361194,128706539529.25317,308.2598391831569
0.71115,1.4061730999085988,217.63972205028693,52.94711609759249,-9.2418687503841,-157.93725457912055,-69.72395933161398,-0.3030963633416025,1.6441473222511565,-142.50143221964387,5.3371155456368955,-10.470700147252646,-44.72749064041381,65.25611863365373,62.72685078410024,118.93508993492671,-59437691260.91974,308.46595184649215
0.7111464285714285,1.4061801618111602,208.18748537595292,51.01933433047513,-8.871110991457595,-151.15593298897164,-66.99763743025862,-0.3181650390775941,1.5781499421087597,-136.03740944272747,5.11654156342416,-9.81963816317939,-42.51319049672021,62.34586290531288,60.20645597277826,113.64973467916896,-76554883549.8221,308.67045782521654
0.7111428571428571,1.4061872237846529,198.05864639339097,48.29634451635294,-8.526105438197714,-145.6450509862763,-62.61548327013122,-0.16956372843814416,1.5167369213623956,-129.6168250955986,4.911405470279451,-9.267414822437578,-40.57004677265414,59.70588761885044,57.90018466696645,108.86898703009416,127643912305.73541,308.87335533346675
0.7111392857142856,1.4061942858290772,190.02767000526336,46.12533970823847,-8.105226830485368,-138.92376609328605,-60.79501181082546,-0.1863767243873181,1.4418299783885824,-124.6524433457662,4.6631753959720585,-9.069875322845483,-39.244786257283664,57.09005293019794,55.43937192926955,104.22734027764757,-36609291588.25712,309.0746426891424
0.7111357142857142,1.406201347944435,181.0601156512365,44.267694863454814,-7.733346509615235,-132.2129339867968,-58.37253175676787,-0.2162124391205216,1.3756428050902347,-118.56149124799649,4.44375813621367,-8.516008041400681,-37.22805889123424,54.296698705831425,52.96778270923916,99.14034930125247,-95752322156.4668,309.2743183150488
0.7111321428571428,1.4062084101307273,171.0581737252763,41.76607095590079,-7.411765655331328,-126.82012205557437,-54.050955042861766,-0.08681269457453279,1.3184061469722086,-112.054701815341,4.253788386168087,-7.899599669646127,-35.17779694741535,51.70654117687187,50.723051935600104,94.38935747111776,121085276736.30075,309.47238074003184
0.7111285714285714,1.4062154723879547,163.16425384505837,39.50328997254007,-7.002913041192884,-120.47257103793908,-52.014568394978475,-0.07772499264337446,1.2456487484012218,-107.2801388606879,4.014293145563598,-7.760797373310535,-33.99732328453975,49.23263193885481,48.35576884516512,89.98378607797204,-10613767199.146162,309.668828600102
0.711125,1.4062225347161188,154.63986824031815,37.83159361397346,-6.635812478221455,-113.7444057738327,-49.968366758369804,-0.13708834366043332,1.1803214073513952,-101.42660880502814,3.7993166202047717,-7.245451707667801,-32.062599971807,46.51480709416668,45.92178775215099,85.00600592079859,-112666888622.86726,309.86366063958
0.7111214285714286,1.4062295971152203,144.8135173256545,35.475272802072844,-6.330785072144192,-108.48887961999425,-45.704357682853214,-0.01984510989668905,1.1260380343067322,-94.94279713062348,3.6203858796121993,-6.610076544703259,-29.991061446288203,43.99332474116709,43.73679974865246,80.33511609323065,109917234812.6848,310.05687571217555
0.7111178571428571,1.406236659585261,137.04021265115233,33.15400759990231,-5.937637059057977,-102.53034121876105,-43.43832602105852,0.012277084642830187,1.056083947963866,-90.30830223906325,3.3915773332849857,-6.508078905391165,-28.916394809089173,41.65416845414128,41.46839928343909,76.14993130389489,16270310372.259674,310.2484727821177
0.7111142857142857,1.4062437221262405,128.94882620606194,31.694367136241826,-5.5775763532616285,-95.78487997682134,-41.76908973990229,-0.0792946685854174,0.992018159103162,-84.65751418244498,3.182212989081321,-6.015674076382885,-27.03483357851518,39.004784111564454,39.073772792889336,71.2662605296184,-125266367092.11008,310.4384509252475
0.7111107142857143,1.4062507847381611,119.3378257475622,29.37916797138276,-5.280170993807273,-90.68473207465055,-37.54539831815106,0.03609321874425908,0.9390990583396507,-78.323846528933,3.0090692843841484,-5.4165605419559055,-25.047347385812216,36.571967981664805,36.943118831701405,66.73217784214114,94568052379.6888,310.6268093301077
0.7111071428571428,1.4062578474210237,111.6310250437568,27.175199462114342,-4.913356765160961,-85.01478866284239,-35.1434889991234,0.07029281632306798,0.8738382328465947,-73.63094932633173,2.7968412980434905,-5.263540530339244,-23.905809582937454,34.315729303155074,34.76622532784818,62.648860470035835,41455966358.85214,310.8135472990228
0.7111035714285714,1.406264910174829,104.01024461526255,25.68795606339336,-4.549854087538714,-78.43980425118765,-33.66510834121777,-0.020937064993399392,0.8091695425834682,-68.41748285035607,2.5870043841624466,-4.895794254107321,-22.284365324964256,31.80512397079375,32.43311073388376,58.02231717555841,-131296193888.39755,310.9986642491701
0.7111,1.4062719729995783,94.61036772428146,23.66170205057079,-4.269852120714119,-73.3061906571444,-29.6943278171798,0.05768767618712179,0.7593538567172661,-62.017337134342526,2.425088205356344,-4.233576062797588,-20.18004589817214,29.389707132460337,30.335173475250855,53.46666209897619,74324167122.6384,311.18215971364066
0.7110964285714285,1.4062790358952726,86.97470616539475,21.3672466670589,-3.9179455553763054,-68.04504438175726,-27.00336207077106,0.11971010528147503,0.6967533571837002,-57.44468452369589,2.222761894655813,-4.116660654632064,-19.143264927812584,27.262891685438507,28.255496412875438,49.60047638065201,65460169717.18095,311.3640333424893
0.7110928571428571,1.4062860988619128,79.78935685260824,20.00831334738782,-3.5618013312210515,-61.58145853867115,-25.785452480816055,0.011331645854964774,0.6334023407186232,-52.50068108559063,2.0185006926371725,-3.795779619162943,-17.632546868686738,24.852933707088635,25.98503684899242,45.14036253280722,-132417892530.92235,311.5442849037736
0.7110892857142856,1.4062931618995005,70.67833328087433,18.146939580327814,-3.290829758612831,-56.48317622152631,-22.035547681833062,0.06761754197990387,0.5852004888301966,-46.21031214272914,1.8629195817410995,-3.138385480387025,-15.546693594361539,22.494181993588878,23.927313592190234,40.65869118349859,51243210545.68662,311.72291428458186
0.7110857142857142,1.406300225008036,63.058988491885636,15.8627425397411,-2.958738352656335,-51.54433440197932,-19.113524954065934,0.14440420944288565,0.526132502428964,-41.62508481714142,1.673129366410598,-3.00452703622643,-14.506586195338912,20.45698346873891,21.932245783831842,36.92285739848878,87443161276.40756,311.89992149204954
0.7110821428571428,1.4063072881875212,56.295788604117554,14.542244872548887,-2.606512994925473,-45.26453110600418,-18.06366642827759,0.031319708267900835,0.46348724019392573,-37.01134155111311,1.47238676709849,-2.761446392264274,-13.170788902490521,18.16765840849429,19.73088338011427,32.679050181364246,-129178194814.45825,312.0753066543618
0.7110785714285714,1.4063143514379564,47.5236734961368,12.900285604957569,-2.3458415223943345,-40.173506703891384,-14.606597554573169,0.056436404102816605,0.4171246611437365,-30.824374176377916,1.3237455821670243,-2.0979222526650774,-11.081955196413436,15.85879859227087,17.71298666127852,28.257480394074083,26071429861.3535,312.2490700217394
0.711075,1.4063214147593432,39.92319225293775,10.631799018127229,-2.03356925352491,-35.55529953414387,-11.458276771976019,0.1468854975131454,0.3615892154151407,-26.222089678447862,1.1463399976977966,-1.9447609820533558,-10.033911054662568,13.908262871435587,15.802185745472269,24.648629525878516,107064219055.6459,312.4212119674371
0.7110714285714286,1.4063284781516825,33.528988714317954,9.30253746214953,-1.684327887530784,-29.485513421030372,-10.506409872978331,0.0368869212559635,0.29948318236558785,-21.932883434658685,0.9484938423710311,-1.7840871136420127,-8.883250859192861,11.740176615702167,13.669613633428035,20.626992050510705,-121504542592.61327,312.5917329886753
0.7110678571428571,1.4063355416149754,25.12555046820804,7.921343246681599,-1.4343403895137046,-24.3577978206231,-7.4112394592915765,0.02417287550623657,0.2550276804357243,-15.842762129115243,0.8068973035965158,-1.1047245309547027,-6.770741931311718,9.471041743401745,11.687086172611359,16.24570048110528,-643856491.6499648,312.76063370760966
0.7110642857142857,1.406342605149223,17.58018861279497,5.610323896778287,-1.1384071870206909,-20.110987378472064,-4.004593245683597,0.1349196112059168,0.20240535853479952,-11.299881151111022,0.6397739926733522,-0.9629023614320968,-5.777558713790084,7.626560112203765,9.866547329889809,12.812139339068473,122997352969.08864,312.92791487226043
0.7110607142857143,1.4063496687544264,11.492278699309296,4.394172339605652,-0.8007946566998304,-14.201967534729512,-3.180092077503305,0.014132277223736832,0.14237536014359464,-7.170828363875732,0.4495911625287929,-0.8180175505448795,-4.6810583009903,5.5436774289321304,7.800389400745501,8.927821193242767,-108654674239.98772,313.0935773574316
0.7110571428571428,1.4063567324305863,3.5144738398851465,3.0731155429139014,-0.5480941686553086,-9.131101614406452,-0.3519552247926807,-0.013567710037908331,0.097444685454981,-1.3979025498684705,0.3074143519313339,-0.21944514986439262,-2.7363474180887755,3.3617316374372903,5.854771491268117,4.7077798389707946,-27596008280.52834,313.25762216561253
0.7110535714285714,1.4063637961777042,-4.006800394566669,0.9729545983066812,-0.28113315832457375,-5.085183227826962,3.124594832751061,0.08483333565898846,0.04998093226776779,3.325710216300356,0.15752812651719417,0.02077433070971719,-1.5762100640104209,1.554918947349281,4.110551728623008,1.2902334617032547,132730746080.92168,313.42005042786565
0.71105,1.406370859995781,-9.768710126358625,-0.3983552786060157,0.05559269522512955,0.4466264624736283,4.051814791078068,-0.009408570412489518,-0.00988323924510363,7.053633952721678,-0.031120427776111074,0.04385612009403581,-0.7533990592282104,-0.3684406821360649,2.135255632460048,-2.282343229807976,-89135056934.39804,313.58086340469475
0.7110464285714285,1.4063779238848175,-17.34608539902322,-1.4326875843700737,0.30070528814368536,5.62616925302901,6.43529426583105,-0.08236192520783098,-0.0534579051609328,12.722689291047919,-0.16817265748623225,0.6575546936910046,1.2184425713051197,-2.52714857666903,0.20993466937561034,-6.487954386497016,-55015585832.09578,313.7400624868976
0.7110428571428571,1.4063849878448156,-24.807921603441745,-3.4906014432084396,0.550658858797392,9.402641760375952,10.065326313564444,0.021891240310416806,-0.09789100501944287,17.454487313143517,-0.307672113520434,0.9155940504942814,2.388158484687536,-4.26116464935298,-1.4609828035389578,-9.796789098847528,137346142278.51852,313.8976491963995
0.7110392857142857,1.4063920518757755,-30.287194221292875,-4.903457884741933,0.8774253316093741,14.581148369164188,11.071765785489964,-0.05771343791117353,-0.155976655766006,20.922091796149733,-0.4897918293286003,0.8780668495258824,3.0550957196612645,-6.05172860724355,-3.34091088041703,-13.123490388342072,-65864896792.81209,314.05362518706846
0.7110357142857142,1.4063991159776987,-37.41768349636175,-5.710944240368623,1.118183383790239,19.816455124098685,13.034981135136931,-0.1683742348745034,-0.1987704168500808,26.397469196750702,-0.6236126651590304,1.4746739968847724,4.986912247468971,-8.164434009273984,-5.237794165044314,-17.260295017042967,-80237395055.35388,314.2079922455111
0.7110321428571428,1.406406180150586,-44.81785060478085,-7.72805006071258,1.3540762917403544,23.371291108154992,16.781588780725162,-0.06050889604069823,-0.24069725779749443,31.130542926769017,-0.754484260818333,1.7458230222011493,6.161498377372254,-9.836225947566229,-6.847458997593455,-20.476473363356355,136914190028.25748,314.3607522918493
0.7110285714285713,1.4064132443944388,-50.07518916115941,-9.118051491809355,1.6655412502847122,28.226039074263934,17.865675232109904,-0.13172554518324583,-0.2960552053302332,34.44632894858912,-0.9271974579799008,1.6899920476806805,6.756540895426026,-11.517692376468045,-8.633920986099103,-23.612281111984306,-41123398105.4407,314.5119073804759
0.711025,1.4064203087092575,-56.7014388208799,-9.837769509456194,1.9087150483936781,33.397967358612966,19.5025793408446,-0.2622760181321487,-0.339271748188048,39.5659238043596,-1.0616279842847265,2.204185943498521,8.512242037884176,-13.539461351722897,-10.487958486633651,-27.57332036407836,-101352603112.11848,314.6614597007853
0.7110214285714286,1.4064273730950445,-64.03313976321698,-11.63047783882127,2.1235586504510926,36.86781930067987,23.202814671251037,-0.17700426595355082,-0.37745062187216266,44.45136338067649,-1.180088445609427,2.55739243449614,9.834386729947498,-15.197317613782396,-12.050479069208334,-30.807375370980434,130878635544.3798,314.8094115779056
0.7110178571428571,1.4064344375517994,-69.10301945684027,-13.165541823391063,2.4279343377456053,41.30055090297337,24.51872470047042,-0.2181826191215958,-0.4315410381077963,47.50680714727173,-1.3480651349968846,2.4234499151532574,10.2373520496285,-16.739868067147953,-13.741590668974668,-33.674906779492225,-14597404917.396969,314.9557654733619
0.7110142857142857,1.4064415020795242,-75.23599713450521,-13.671402546098665,2.6658366084477114,46.4729050453969,25.745063713811522,-0.38332857739451287,-0.4738140846404047,52.38583363548085,-1.4788894073474512,2.911971212604957,11.928894511494306,-18.69955457929348,-15.55303258098196,-37.529903871793806,-119087539488.12877,315.1005239857648
0.7110107142857143,1.4064485666782196,-82.42064512019601,-15.36330835333133,2.8680939120793454,49.785125923880365,29.437176727859356,-0.3067998451388424,-0.5097498110952562,57.25125357813724,-1.5897482199458448,3.2799553342764938,13.26259165187915,-20.30557047146927,-17.062214889411106,-40.68789218348772,119884578006.72548,315.24368985145026
0.7110071428571428,1.4064556313478869,-87.38568323445486,-16.883667147277077,3.155462313150094,53.89293136754391,30.918914643083628,-0.33688332154861467,-0.5608103027734286,60.25474183686934,-1.7475730140324337,3.1515094286113343,13.642843878549888,-21.759641831450686,-18.666773538106565,-43.405864414190404,13282593621.557045,315.38526594510233
0.7110035714285714,1.406462696088527,-92.99919376452394,-17.379686247005523,3.399542111673297,58.941689989791854,31.878607720616124,-0.5118256916010363,-0.6041749348620115,64.7028880587383,-1.8811985678861483,3.52649253051734,15.091983130967154,-23.60999609086035,-20.43017271416704,-47.03587132560365,-132655165483.87906,315.52525528035005
0.711,1.4064697609001406,-100.01889388473393,-18.765247685612113,3.5805628013779085,62.23566622904044,35.3804463410897,-0.4723867676850146,-0.6363306744875337,69.70704065549315,-1.9797571798153029,3.985630115473876,16.59413543535007,-25.212542511281292,-21.89666963246155,-50.231684349299904,102855283298.39647,315.6636610103397
0.7109964285714285,1.4064768257827296,-104.86859951325648,-20.423914178571135,3.8570709058884955,65.89019486852267,37.165636792696745,-0.47040072099469,-0.6854542379712932,72.52512755865894,-2.1309300264023516,3.803221471530633,16.82711770457204,-26.537141300221485,-23.401107724779763,-52.701598168886875,42960481228.955574,315.80048642828154
0.7109928571428571,1.4064838907362944,-110.01590942512728,-20.81635147624303,4.101306242896807,70.88157902118209,37.812632920571076,-0.665443344461016,-0.7288401949950297,76.66441323198175,-2.2640666309207735,4.115980792043024,18.137762080111713,-28.309496006055806,-25.1222256337924,-56.180018850628095,-142048562889.9921,315.93573496797006
0.7109892857142857,1.4064909557608365,-116.82497373970315,-21.96739093975527,4.268459614200013,74.15645820785903,41.11705682501024,-0.6572797502687007,-0.758526156966434,81.70434684207771,-2.3544968129820525,4.623300738667432,19.725530837030092,-29.895405895844647,-26.553224952985353,-59.3736932099039,81099112934.36708,316.0694102042771
0.7109857142857142,1.4064980208563564,-121.56870103349853,-23.730011316367538,4.53113887582912,77.34639772596279,43.21313452777817,-0.6272646330822901,-0.8051856335835634,84.38263997751643,-2.497460933866177,4.404711021837022,19.84492204288264,-31.096417542861946,-27.95363614130109,-61.610279186098424,71468039215.53793,316.2015158536176
0.7109821428571428,1.4065050860228558,-126.26340827955033,-23.968268873406736,4.770800431932243,82.26931396620014,43.55055502626378,-0.8474842368655681,-0.8477526581964617,88.27496365702154,-2.6275526299663543,4.6821599671825975,21.067557213522388,-32.79835344112912,-29.625816502391224,-64.95791569270388,-145371156427.61383,316.332055774387
0.7109785714285713,1.4065121512603356,-132.80801121416442,-25.02785641606944,4.9356623149646515,85.48572247272952,46.69887084429886,-0.8563028166696983,-0.8770263282622633,93.18216425829459,-2.7163071289463305,5.163827701469256,22.59549144431104,-34.338927103469906,-31.028197459589535,-68.07021882214379,56140393162.92101,316.46103396737
0.7109749999999999,1.4065192165687963,-137.51786025596564,-26.67321184994806,5.172174091988381,88.36441547268768,48.96496292471172,-0.8250162355275394,-0.9190298273908766,95.96411049040344,-2.8443579446926224,5.013738238644532,22.8161639680845,-35.47992683604074,-32.33661649769562,-70.22544405037468,95449893404.23222,316.5884545761193
0.7109714285714286,1.4065262819482398,-141.718009114994,-27.033089110318677,5.418720352551421,92.9887677979896,49.224391136305904,-1.0328662518182494,-0.9628141936404211,99.34808381994237,-2.97776169509263,5.144042620917983,23.715153876954233,-37.033799009207364,-33.934878990886865,-73.25705549346698,-140687825880.2992,316.7143218873006
0.7109678571428572,1.4065333473986668,-147.99816502248407,-27.737830316401677,5.569994050388341,96.33447066429181,51.99192163199336,-1.0946157082007952,-0.9896684920220445,104.34368501841163,-3.0586825519352514,5.701485818173427,25.39362006843237,-38.59435503169739,-35.32462594984967,-76.44339047830557,27738631377.169487,316.8386403310266
0.7109642857142857,1.4065404129200785,-152.67075777614417,-29.463486715351628,5.793235783833216,98.81065241003697,54.567400034807456,-1.0403263426731073,-1.029308309524853,107.06681749836497,-3.179008751110456,5.535205684529819,25.54739037701573,-39.6402776009349,-36.54655926966091,-78.4217893459016,115835615865.4489,316.9614144811191
0.7109607142857143,1.4065474785124756,-156.4245689480128,-29.80095042311012,6.035821251337446,103.18433666945573,54.69671697754969,-1.2509383401245264,-1.0723829460645533,110.10809174010271,-3.309802553286804,5.591925777734601,26.267963290079397,-41.078530625433615,-38.066476352585376,-81.22034176959083,-130535175406.02106,317.0826490553798
0.7109571428571428,1.4065545441758596,-162.35467528196475,-30.273691989502417,6.181289894077799,106.57550525383554,57.125053054313746,-1.3512591886359582,-1.0982011480790583,115.01526703128316,-3.387227428745579,6.158837852624511,27.959943666486172,-42.618597306201266,-39.43448642898607,-84.38155077519798,-1787171014.0526679,317.2023489158076
0.7109535714285714,1.4065616099102314,-167.03671267083632,-31.96953756279997,6.386526166330089,108.75171672218138,59.92927682163493,-1.2886311442428324,-1.1346364881765671,117.809082150798,-3.497307057235495,6.027863266395497,28.15590652224448,-43.60821551722846,-40.5833825299601,-86.27183305793058,132291848646.1227,317.3205190687858
0.71095,1.406568675715592,-170.37877688737953,-32.367831375114434,6.628170982900844,112.81167296071555,60.0296119063368,-1.4905451165077037,-1.1775382635060554,120.47251622760437,-3.6271947853232644,5.986985673558282,28.64775510099411,-44.917326596761505,-42.022251450612494,-88.80190926140686,-115958221898.71169,317.43716466523693
0.7109464285714285,1.4065757415919424,-175.9006262420135,-32.58624760470015,6.767981538784091,116.24615118606987,62.075701198060834,-1.6341731381783084,-1.202346813870386,125.26560066911007,-3.7012526242786317,6.559475835537882,30.34393171374557,-46.43277282934515,-43.365554540384544,-91.92753496676492,-31682145839.029976,317.55229100074064
0.7109428571428571,1.406582807539284,-180.57795385146179,-34.20095704575477,6.953660455953176,118.15257126483289,65.06288050005935,-1.5713775473702993,-1.2353025367469672,128.16550822746817,-3.8003158105796175,6.479501738721234,30.61528787237374,-47.37727998108806,-44.44438910966818,-93.75493710875975,144632444661.7274,317.6659035156171
0.7109392857142857,1.4065898735576174,-183.5681669697865,-34.72742634656649,7.196184352821127,121.85646580423504,65.23016847691022,-1.7543964245422994,-1.2783547470975398,130.44786351921456,-3.930333224093781,6.329023415850485,30.853378826892097,-48.55224156144075,-45.80235889376803,-96.00126468066223,-96895552174.86392,317.77800779497426
0.7109357142857142,1.4065969396469442,-188.6613080567759,-34.648030373056166,7.329245924788922,125.37861933326089,66.82878457851572,-1.9474588727089293,-1.301960030475947,135.14102889054928,-4.00047432941447,6.91992980054882,32.58076419345682,-50.05322680908218,-47.124409688268415,-99.11345194910788,-61367972571.0906,317.8886095687174
0.7109321428571428,1.4066040058072653,-193.28765114183415,-36.247331823663465,7.500404105841763,126.97030882185314,70.02664600274636,-1.8783875065119295,-1.3323313974475108,138.0581238506929,-4.091345523235478,6.853329319157688,32.850991362499386,-50.933148437395495,-48.1313958222547,-100.8277488116853,151509805103.53717,317.99771471152155
0.7109285714285714,1.4066110720385814,-196.00101977727635,-36.74735712443465,7.732755824645499,130.38016964691215,70.21688709441032,-2.0597717237756425,-1.3735711191155477,140.15946886911811,-4.215501544272347,6.673849476226335,32.99780251432415,-52.01416301101965,-49.40857775266059,-102.8910609670104,-72990142093.30232,318.1053292427657
0.7109249999999999,1.406618138340894,-200.60269131332294,-36.61600439959331,7.875132383592496,133.85943497647156,71.51169244441994,-2.274992100510462,-1.3988269299100582,144.49936808212215,-4.290524802394636,7.168265474064254,34.52308629864946,-53.44509479601139,-50.70940983671257,-105.8453572140956,-88844276250.36476,318.21145932642764
0.7109214285714285,1.406625204714204,-205.20940181992066,-37.90668781781939,8.017805195842348,135.34588338977682,74.68584120459703,-2.237706218845676,-1.4241340896431043,147.70103607834338,-4.365658774515212,7.2353004811261545,35.04273235470391,-54.3346191203286,-51.66023998609356,-107.62635873756834,150127017620.57877,318.31611127093873
0.7109178571428572,1.4066322711585124,-207.6199322139828,-38.65044412110203,8.250905055128204,138.2312116574523,75.14377080337351,-2.3807994462889854,-1.4655013631862785,149.38239024301353,-4.489952264335282,6.921170288004047,34.87387281913179,-55.24889530025215,-52.83344403221501,-109.33122217412567,-43112952776.35553,318.419291528996
0.7109142857142857,1.4066393376738204,-211.7595398531955,-38.25771340065812,8.391208088191373,141.8051887825822,75.97746288358329,-2.6435522774924154,-1.4903846775412852,153.5638956015034,-4.563673472720991,7.409551881220495,36.38317713339931,-56.66062280034337,-54.11981339898643,-112.25351971150096,-114096692027.71593,318.5210066973486
0.7109107142857143,1.4066464042601292,-216.30633836905352,-39.395177426178215,8.518427598889234,143.14560020264867,79.19129486762864,-2.6238266397240753,-1.5129429997816373,156.88895550371925,-4.630240138772241,7.5320318453138455,36.99838324730605,-57.53372305594886,-55.02655629329323,-114.02494432930804,142150628680.54572,318.62126351650954
0.7109071428571428,1.4066534709174394,-218.46401685609172,-40.269744027562574,8.743726481892343,145.53261794306613,79.89808728454003,-2.7412470893726177,-1.5529194466345122,158.29712982696108,-4.7500556584667635,7.1414820896549855,36.63048837837345,-58.30713466196512,-56.09252874612918,-115.43842505366108,-11060685954.551228,318.7200688704589
0.7109035714285714,1.4066605376457526,-222.0929835131127,-39.661227585534306,8.883545178818462,149.12700617883775,80.31049131629014,-3.045832185455579,-1.5777126963153583,162.24916180222942,-4.8233693399116815,7.598464654259006,38.06691814722242,-59.676359045633475,-57.35237381849289,-118.27445895345717,-134536552671.9034,318.81742978628546
0.7109,1.4066676044450697,-226.5574002208102,-40.66864296045829,9.00038550090099,150.36034863921395,83.53054856067227,-3.04442603946152,-1.59842393049501,165.6568793610347,-4.884176628239166,7.756442238720266,38.742675690151785,-60.536245837621614,-58.228316727532,-120.03548729013812,128763298382.45164,318.9133534337898
0.7108964285714285,1.4066746713153917,-228.5478071548274,-41.56738646380248,9.210375241956324,152.32374366043112,84.45009858097899,-3.1472222713834546,-1.6356766030462675,166.95023917296785,-4.995484231119925,7.351569915989483,38.30422220354331,-61.20541376025502,-59.19304854941829,-121.2465256133888,20065831854.70125,319.0078471250408
0.7108928571428571,1.4066817382567194,-231.60180347295645,-40.932148818377875,9.358200196411465,155.76506158642545,84.59210418948678,-3.4692281754241834,-1.6618877912582113,170.4698264730261,-5.073019979782374,7.693635140078794,39.489181020687276,-62.473801818719544,-60.407233010565754,-123.85558645550124,-148451219814.00098,319.10091831388826
0.7108892857142857,1.4066888052690545,-235.95813329867573,-41.59041696999588,9.45588263441887,157.03836269668346,87.62192747329105,-3.51703813594802,-1.6791932575390958,174.12431314397708,-5.123352245545313,7.96359730953707,40.38635089471293,-63.36823757936246,-61.26313115398403,-125.7227736678131,109805518594.19994,319.1925745954289
0.7108857142857142,1.4066958723523977,-237.81095962244703,-42.67153966882118,9.660047316925253,158.4905404529058,88.90648262779933,-3.5879069235607557,-1.715406689698677,175.20896522981414,-5.2313430795282265,7.483825241952531,39.75550845846783,-63.90957218430318,-62.13223410131884,-126.66477124465497,50762499257.58925,319.28282370542547
0.7108821428571428,1.4067029395067498,-240.31546379210727,-41.89266015961381,9.807212863500176,161.8250989707024,88.71534913144244,-3.9390842914584328,-1.7414967887324106,178.41270120700966,-5.308419518877791,7.767698954340968,40.802146717300495,-65.10041650942053,-63.295674543468564,-129.10890193706007,-157067782245.23407,319.3716735196786
0.7108785714285714,1.4067100067321123,-244.4682294353986,-42.33469111929745,9.895150456953962,163.0554795995488,91.59735525722866,-4.022011433076892,-1.7570685507375932,182.12401432367432,-5.353423204431129,8.075891298096192,41.76828197565052,-65.98866690623227,-64.12613094784642,-130.97931508522538,86271796481.21349,319.4591320533511
0.7108749999999999,1.4067170740284862,-246.26533364177016,-43.41180745216372,10.082070217564866,164.1130622843578,93.15209635609295,-4.082695533807381,-1.7902152974064631,183.2241610791604,-5.45195471914676,7.612754740351307,41.13485140114561,-66.45416662806076,-64.90686623150577,-131.78116822846238,80466681910.5184,319.54520746024247
0.7108714285714285,1.4067241413958724,-248.20012116663972,-42.700921727706756,10.240400474326005,167.19444563405239,92.80629660492838,-4.438594292003291,-1.8182840868396388,185.93253037739805,-5.534986944206514,7.749097629117775,41.85818515482715,-67.52052541717273,-66.0155761025929,-133.93950124947804,-159669386198.48978,319.62990803201467
0.7108678571428572,1.406731208834272,-252.1126261757007,-42.73373085096425,10.310832451953232,168.50533240737357,95.36146667115696,-4.58381598647936,-1.8307446284854998,189.83314651262793,-5.57050165967372,8.160420873560943,43.02912346474994,-68.4413368607446,-66.82775148873702,-135.9085022676543,57283523023.28194,319.71324219736533
0.7108642857142857,1.4067382763436862,-253.83086472822353,-43.91221141037134,10.485393563179482,169.065429263145,97.2891999611576,-4.6216157728959075,-1.8616927685621458,190.85269095869353,-5.6622622994826965,7.6686434918516175,42.29686595504564,-68.8009700548224,-67.51114860796316,-136.49651835345824,109464735559.60774,319.79521852116204
0.7108607142857143,1.4067453439241162,-255.252572014121,-43.21072325961783,10.64884559175506,171.91552442665736,96.78513096189126,-4.985983187389475,-1.8906669657237871,193.15893870529413,-5.747992235825967,7.697406386337077,42.77681483360184,-69.75959566608326,-68.56187976715009,-138.41344780353037,-156352845810.79254,319.875845703501
0.7108571428571429,1.4067524115755627,-258.8718158931636,-42.887258033696085,10.70816973264386,173.313364799512,98.99197658283927,-5.190299014447271,-1.9011526017859808,197.15723661313464,-5.7775136835074,8.17543108143291,44.08099997569272,-70.70268059149205,-69.36331503195666,-140.44859100277625,24581133305.863716,319.9551325787377
0.7108535714285714,1.4067594792980271,-260.5076444421918,-44.139726894066825,10.869343424013167,173.36664942514608,101.29871676264911,-5.210681599926121,-1.9297198303730956,198.1300344282005,-5.861986502824505,7.662886235240187,43.266223652155944,-70.96065936717234,-69.94941388966897,-140.83289586716535,134480423507.3663,320.0330881144531
0.71085,1.4067665470915105,-261.43737538492104,-43.358131834429344,11.029854431696576,175.96888520763682,100.63709212430246,-5.592789109293981,-1.958168042298027,200.13945209767235,-5.9460790431051205,7.628488714348612,43.58846236787869,-71.8225733055219,-70.93033845089579,-142.54279962866772,-145781931474.375,320.1097214103691
0.7108464285714285,1.4067736149560133,-264.67776415011537,-42.87323903663141,11.09330365669084,177.36196535591776,102.58449014928726,-5.837875972653618,-1.969383619943918,204.0104780529994,-5.977846914605995,8.071177601297194,44.81902619408497,-72.74406449530731,-71.72715860393502,-144.5255755570088,-9166007217.498444,320.1850416972088
0.7108428571428571,1.4067806828915372,-266.3083485232081,-43.91206904851583,11.2252334444464,177.1158679252139,105.06207639187222,-5.875006283777078,-1.992755599788525,205.22958904061144,-6.046524950218473,7.667343882694049,44.19262116063905,-72.97558378064352,-72.22832121528673,-144.89333061620948,151641097246.5873,320.2590583355033
0.7108392857142857,1.4067877508980833,-266.6938621477423,-43.35782913829165,11.395600375858162,179.19105432924908,104.52508024257433,-6.234401720204394,-2.022949764434299,206.65885939342922,-6.135893579393701,7.445343557226825,44.0898908871222,-73.65472578844847,-73.11193195509247,-146.18743099578018,-126462859255.94165,320.3317808143434
0.7108357142857142,1.4067948189756525,-269.5415596577366,-42.44363359502486,11.449306266709668,180.74046513544138,105.98645954401051,-6.553564202828312,-2.03243321905405,210.60841628948063,-6.16245062631627,7.955905116004085,45.46028614009982,-74.60767003363027,-73.90693283988507,-148.25444211849438,-43875565146.16338,320.4032187500744
0.7108321428571428,1.4068018871242458,-271.1390814593599,-43.445992738921206,11.566517302588249,180.120230474823,108.75455920030706,-6.592772544528988,-2.0531890667306745,211.9213405720225,-6.223204412437298,7.574108514497495,44.849788631241054,-74.78437460917677,-74.33748091763522,-148.52139882156666,162420702980.02252,320.47338188493546
0.7108285714285714,1.4068089553438643,-271.0366655723558,-42.97032056887433,11.734585092501623,181.7001398501784,108.30482680110757,-6.944294004121342,-2.082971273508395,212.94797855936213,-6.311314825276418,7.2408664568431185,44.474901711030114,-75.30932655340447,-75.1142407441361,-149.4792830483229,-101838788574.05359,320.542280085642
0.7108249999999999,1.4068160236345093,-273.37844879699543,-41.7491107299665,11.785841054635585,183.28050094069755,109.34283209289632,-7.324257424169719,-2.0920176130075845,216.78946947563824,-6.336606992813881,7.749208598939018,45.834829669972706,-76.24571887457819,-75.89238861044728,-151.5137473449598,-77022005195.5158,320.6099233419099
0.7108214285714285,1.4068230919961815,-274.96010481185715,-42.599944396915994,11.883645239952825,182.38505447423202,112.2999736664171,-7.38103884924465,-2.1093258070329433,218.30317181156886,-6.386947562021127,7.435328230462354,45.339034991747,-76.39948932120338,-76.26227304057868,-151.75668170567354,167185491031.2392,320.6763217649228
0.7108178571428571,1.4068301604288824,-274.4200007913194,-42.24964298279637,12.049674055543171,183.41730186034115,112.03036065793043,-7.717246018157203,-2.138742594557204,218.93765179947889,-6.473957292477336,6.985191061731277,44.6783145392446,-76.76452089746088,-76.92856824832498,-152.3641361237181,-73746405687.36342,320.7414855857398
0.7108142857142857,1.4068372289326123,-276.17111412423793,-40.75239844056561,12.100380166036638,184.9551549859075,112.65836646963076,-8.155778314479248,-2.1476893251217035,222.58601796326636,-6.499018326057167,7.462958552475613,45.96415196307222,-77.6590210647417,-77.67731290190642,-154.30688795297894,-107709576097.96909,320.80542515364294
0.7108107142857143,1.4068442975073734,-277.6862638160756,-41.33886598631131,12.174846200856159,183.8306893375009,115.70692197056357,-8.247886949131871,-2.160852613780607,224.36374176335917,-6.53686883336636,7.246901298665167,45.64568399413096,-77.80570207933127,-77.98766269733194,-154.56638409730326,165938931695.93884,320.8681509344345
0.7108071428571429,1.406851366153166,-276.748952232258,-41.18268161213648,12.340927738110393,184.23804706730263,115.7373349848638,-8.56031481803953,-2.190275191704558,224.59889561910873,-6.62391775243423,6.661430894872116,44.65928337901122,-77.99916727697713,-78.54023728066274,-154.7936388175454,-42225547372.51697,320.9296735086551
0.7108035714285714,1.4068584348699913,-277.88004076557905,-39.357942706716614,12.386721579491454,185.7421531047533,115.90044921413008,-9.061232124198863,-2.198348073741749,228.0647455571279,-6.646417171654252,7.1283925521142155,45.90767074493441,-78.85231201573032,-79.24960043105987,-156.65167329554646,-135398576488.26523,320.9900035697613
0.7108,1.4068655036578503,-279.240290976115,-39.76158811606015,12.444389551407617,184.31807682273407,119.06828500390755,-9.181900239136445,-2.2085278534590116,229.97422810191912,-6.675320908343925,6.95756858071134,45.65644923535749,-78.9619068950052,-79.4955332585026,-156.85186704678404,157693389037.56277,321.04915192223143
0.7107964285714286,1.4068725725167444,-277.97615663318675,-39.597291565030936,12.594570299212046,184.16078140795378,119.32671544558056,-9.490673656061587,-2.2351252012323553,230.03968107964678,-6.7538656407017115,6.338365767174131,44.54926665137696,-79.0230121458648,-79.92296376153595,-156.80778210249966,-7721829246.420481,321.10712947961383
0.7107928571428571,1.4068796414466742,-278.38337626926057,-37.71433282350471,12.652964068495232,185.42102151193814,119.22943318236125,-10.02717316337157,-2.2454324862289403,233.0430129567565,-6.783205927803845,6.661423691531748,45.48262461184412,-79.7643400759422,-80.5868163305584,-158.39950958790322,-157646174811.35272,321.16394726251247
0.7107892857142857,1.4068867104476412,-279.58093698922636,-37.6133544879331,12.677215962214673,183.8954917979319,122.24603788207283,-10.216382196655733,-2.249680445157554,235.33753589611797,-6.7942797072959555,6.660537272637539,45.558194368387234,-79.90164401363789,-80.77236802893994,-158.7074296541292,139898221432.46082,321.2196163965108
0.7107857142857142,1.4068937795196463,-277.9385738268572,-37.67858663093605,12.821090739910584,182.9262799524749,122.9741070753959,-10.491245838159076,-2.275155742606509,235.01592195402307,-6.869488777800236,5.909188822113689,44.11676959445451,-79.7593829504407,-81.04962149135515,-158.22042029924836,30532459226.060795,321.2741481100342
0.7107821428571428,1.4069008486626906,-277.63575742863674,-35.565177487732136,12.877153215758964,183.99640496268927,122.50211155898133,-11.076655989868916,-2.2850474698642134,237.69446725397486,-6.897668099079864,6.172220434776473,44.900371677558,-80.41136224517878,-81.64806852728,-159.61691474900508,-174565548677.35416,321.3275537321492
0.7107785714285714,1.4069079178767752,-278.5775488076541,-35.078788340373784,12.878987421568278,182.31007279412157,125.40194089147886,-11.325700164141034,-2.285316124008691,240.20718320531512,-6.896840390436722,6.268271946232511,45.153995755932634,-80.54554519325269,-81.77802208113309,-159.94803322622664,114789496102.37341,321.3798446903008
0.7107749999999999,1.4069149871619009,-276.57060047389785,-35.25313076231311,13.006698568955375,180.5134467204142,126.58627614153947,-11.58011024442743,-2.307920437779594,239.62792399376858,-6.963451734780427,5.438974305385067,43.484733705785615,-80.21324318900197,-81.8907930228401,-159.06151015479742,68050642036.96193,321.43103250798566
0.7107714285714285,1.4069220565180691,-275.4718989895934,-32.91427041824728,13.056506331157369,181.25152395754816,125.79220602355845,-12.211772745365323,-2.316700777313118,241.92521113335815,-6.988379406947204,5.63151630480669,44.083523568856734,-80.7404418094444,-82.3909598373162,-160.18933105884844,-183885024298.40353,321.4811288023639
0.7107678571428571,1.4069291259452807,-276.05468787641735,-32.10811579525742,13.042253870963698,179.35133306879254,128.57338404415242,-12.516221620538552,-2.314114417397851,244.52255128069814,-6.979062075868858,5.7748018648986665,44.411340647063774,-80.8440082325772,-82.46172996314061,-160.4736735575881,84919458276.34094,321.53014528180694
0.7107642857142856,1.4069361954435369,-273.76150376281186,-32.19805689596886,13.137042674379646,176.8195240266249,130.10441691435068,-12.764881526734282,-2.330875094367737,243.8892920931575,-7.028131061581726,4.972553567385125,42.72619394710742,-80.36060559347906,-82.39648788279638,-159.29755419637536,100769844764.2624,321.57809374338166
0.7107607142857143,1.4069432650128384,-271.75457810117695,-29.88412964397041,13.188554351175522,176.9207068940124,129.2259244125562,-13.408049700218022,-2.3399565356639296,245.52247701384005,-7.054076095680176,4.986338386700078,42.89852624288723,-80.67028368500434,-82.75520209135617,-159.93908721896872,-184216151100.83557,321.6249860702709
0.7107571428571429,1.4069503346531866,-271.8897307972271,-28.498686589397188,13.141791014801981,174.89300512178423,131.65731634356098,-13.796554875753571,-2.3316016501744654,248.33720181354803,-7.027503204282353,5.269500970676888,43.48439833130296,-80.7683826919065,-82.74519872114831,-160.25654950942678,50410496106.03939,321.6708342291368
0.7107535714285714,1.406957404364583,-269.2640853538807,-28.63570328537797,13.211333648817524,171.4761953351561,133.68461867788332,-14.027560661758166,-2.3438815105006547,247.5336121255658,-7.063167633832853,4.429837931916137,41.64653125102784,-80.09518491761838,-82.49371727056224,-158.69317842437914,129513553587.42084,321.7156502674073
0.71075,1.4069644741470275,-266.3471270479924,-26.216295213674993,13.246532565424996,170.88946977237163,132.67691323286667,-14.68448366204744,-2.350067794651905,248.59066718479076,-7.080504435827059,4.340390019443895,41.53063285627296,-80.1817689686831,-82.66519128300291,-158.8619843800704,-177471443687.17035,321.75944631051334
0.7107464285714286,1.4069715440005226,-265.8476306057993,-24.402646650346526,13.172436208817333,168.53100584178722,134.82072553900568,-15.135109564709222,-2.3368641861838824,251.33986691050802,-7.039469951035231,4.678733033575165,42.183336451779816,-80.19591077842539,-82.53418612265844,-159.030844207078,12825806803.993277,321.80223455905616
0.7107428571428571,1.4069786139250684,-262.91190535050407,-24.370513040262654,13.195298299778116,164.27730214657046,137.2056233509195,-15.36124504969941,-2.3408618667887175,250.53315887665917,-7.050300374721484,3.9137195552316912,40.41134068715394,-79.35447253666678,-82.06066609846165,-157.1592251749446,153485496148.5526,321.84402728591294
0.7107392857142857,1.4069856839206665,-259.00954874366903,-22.030303604913207,13.216892425174617,162.7352538793272,136.2747143772718,-16.00291409439602,-2.3446344260710026,250.81117708952652,-7.060492236421183,3.6490755908177377,39.84000976132076,-79.14174726680288,-82.0003258873922,-156.68156612024333,-163688202244.913,321.88483683328
0.7107357142857142,1.406992753987317,-257.7416731573235,-19.639525997736833,13.099592438281151,160.00062082551008,137.983492862774,-16.523333164037123,-2.323767994534281,253.48491298647005,-6.996539101151781,4.0968605020757245,40.65232877801526,-79.05137344142913,-81.69753455974752,-156.67932138619028,-28088852865.42206,321.9246756096535
0.7107321428571428,1.406999824125022,-254.38323934972198,-19.47240457498863,13.068976496150999,154.72775473070772,140.7708388113874,-16.730587520401897,-2.3182792784584465,252.54669671672818,-6.978940868623907,3.392065111858519,38.895499491137755,-77.98499130999316,-80.94824426513549,-154.3834912475176,172971141484.1077,321.9635560867484
0.7107285714285714,1.4070068943337823,-249.48447301727202,-17.187221333311875,13.058233830078603,152.06525107067725,139.9590349781421,-17.336823828075815,-2.3163159947694805,252.01713108724914,-6.9720005330734445,3.00013546371137,37.93890567260873,-77.42821851807803,-80.58246761824988,-153.1869730093688,-143414055806.4297,322.0014907963555
0.7107249999999999,1.4070139646135988,-247.30970996820668,-14.259014370537344,12.886347379518213,148.79658555118428,141.19258345858267,-17.900966845882735,-2.285769229469612,254.408647649966,-6.87908012174078,3.553179646405257,38.87371583219318,-77.16378362739108,-80.03494105256414,-152.87585057284284,-70373936222.91792,322.03849232713776
0.7107214285714285,1.407021034964473,-243.42000630035403,-13.966607111266608,12.788106423341908,142.32399764295903,144.38069240955852,-18.06770108552113,-2.2682868053886036,253.19837798997304,-6.825537173023629,2.9212671279521802,37.12897331600425,-75.80873675932894,-78.93430749982797,-150.0349719100116,184732067871.42102,322.07457332136624
0.7107178571428571,1.407028105386405,-237.4914151209709,-11.613767317190653,12.711930769919379,138.34941665976356,143.65814190443524,-18.617462352113975,-2.254719056499554,251.86508017966264,-6.783824716238729,2.5065563958080728,35.959478281362166,-74.85406195586442,-78.14984102404208,-148.04806964948168,-116537536350.0161,322.10974647159475
0.7107142857142856,1.407035175879397,-234.1744263297059,-8.41413126719505,12.485518538768567,134.1633998099692,144.5709534608243,-19.17319069626002,-2.214505189656913,253.5229824164695,-6.6619995592807335,3.0543600625393332,36.750782373259185,-74.2754235615274,-77.26439307485,-147.1166467074713,-110394254695.47934,322.1440245172773
0.7107107142857142,1.4070422464434496,-229.75015989815873,-7.680692739039579,12.272004661284996,126.52488603490701,147.84471839092728,-19.28835863974082,-2.1765809494802055,252.14935668735447,-6.547128130380245,2.6990360370821853,35.39542545582964,-72.62181962177733,-75.69440093623982,-143.7785891971404,184941222595.9723,322.1774202413253
0.7107071428571429,1.4070493170785636,-222.6631903240067,-5.635166111909028,12.117426265087083,120.69064001933334,147.51965147879494,-19.688731293871616,-2.1491111943610957,249.4977217730107,-6.463762413489194,2.1723625322873708,33.76688889948984,-71.082703346503,-74.33665262658522,-140.60554416130717,-81961289512.22673,322.2099464666068
0.7107035714285714,1.4070563877847404,-218.13872340000538,-2.001833015567087,11.783870871417193,115.44203695165932,147.86740339303148,-20.184732465225032,-2.0899007301693353,250.29258005529272,-6.2849954470809,2.8826438172862594,34.69334799239895,-70.10623851579702,-72.93475922629638,-138.94543194287496,-148430896775.9899,322.2416160523938
0.7107,1.4070634585619812,-213.03433172976673,-1.0529533829904152,11.433946417365217,106.28398135643039,151.27950818783444,-20.166998772949913,-2.0277901667559304,248.29223656667116,-6.097578852447857,2.7779777565557775,33.6146970379148,-68.00178761374016,-70.74437996926376,-134.80273738183968,175336898659.0389,322.27244189074344
0.7106964285714286,1.4070705294102868,-204.80707395029407,0.7394754932686589,11.141687658318457,98.29135947614695,151.27560734883312,-20.336951190461175,-1.9759093122702163,244.14608481635142,-5.940989524857704,2.3072352592187633,31.790233060399537,-65.757230185205,-68.59422510742182,-130.2616225127238,-44027111159.10873,322.3024369028348
0.7106928571428571,1.407077600329658,-198.90153574804785,4.551555449301823,10.656673432541167,91.46326015754862,151.09018887021622,-20.649065991293696,-1.8898479493288514,243.45760943482784,-5.681698709839847,3.2018373222627408,32.79859260221961,-64.16064073097125,-66.4242244439259,-127.44374260829304,-181223928300.5699,322.33161403524684
0.7106892857142857,1.4070846713200966,-193.10533710623824,5.60870448350471,10.10866814476456,80.50516225825166,154.45923724063223,-20.36962407406028,-1.7926204182773753,240.3612036278348,-5.38891555054347,3.4874334672938585,32.18650100549475,-61.43481215377061,-63.35575728977739,-122.20836245949637,157639960770.75568,322.3599862561847
0.7106857142857143,1.4070917423816034,-183.89314913991555,6.946718455707796,9.602596322723027,69.9833552285068,154.7122473319049,-20.13797935356388,-1.7028337921159007,234.22638772348967,-5.118575930107788,3.2539332610826546,30.42146000381891,-58.285683007658626,-60.10248031192252,-115.96822927432551,-5980970990.382575,322.3875665516552
0.7106821428571428,1.407098813514179,-176.60745677843815,10.516352733101222,8.893216520768528,61.00074300785945,153.990733092412,-20.052481764320387,-1.5769997921545116,231.19845147053073,-4.7399579988382,4.426431263033999,31.563270103787698,-55.77652055626263,-56.79916995441989,-111.44967941566598,-207578986815.9512,322.4143679215924
0.7106785714285714,1.407105884717825,-170.2262206577667,11.492075598779843,8.048797390322918,47.91450739945636,156.9999121165077,-19.2974785091919,-1.4272266335247288,226.3022145584552,-4.289472085926445,5.346407591097196,31.77229715421528,-52.18472424525226,-52.45981735991391,-104.72296659013283,132619216653.7881,322.44040337593515
0.710675,1.4071129559925424,-160.31848405537423,11.865235977270121,7.231517817351557,34.36000126292799,157.47643413203988,-18.384017523950067,-1.2822732364397125,217.28312700907512,-3.853555098418585,5.542910022323219,30.299147698531577,-47.8264087517764,-47.67262532532397,-96.24976031615581,33545551261.307583,322.4656859306576
0.7106714285714285,1.4071200273383322,-152.09787248064984,14.678922377962293,6.167556058622469,22.841124355481128,155.9431262758247,-17.554350208090188,-1.0935871187947293,210.8899038738917,-3.286294532462322,7.311150616984572,32.030415923370214,-44.07387386505451,-42.7111949034906,-89.48694599346453,-225077821761.2668,322.49022860375555
0.7106678571428571,1.4071270987551951,-145.6266605121852,14.728399813625524,4.905751831870797,7.234224458067259,158.3575373164247,-15.911672775680964,-0.8698312760230569,202.80162047118694,-2.613738773391956,9.096888892743403,33.330386756786794,-39.22746288491138,-36.55906735095025,-80.58310933144388,102059208917.65872,322.51404441118865
0.7106642857142856,1.4071341702431328,-135.998101639345,13.496345115281699,3.6036640537394375,-9.457413956915472,158.58425049875805,-13.851759560887059,-0.6389441859888151,189.79731691960515,-1.9198444402205455,10.235147062353398,32.969900048725364,-33.33072081299552,-29.61258033719701,-69.40080951379348,74559791484.79329,322.5371463627825
0.7106607142857142,1.407141241802146,-127.79562727428922,14.260792730230945,2.0438079387832806,-23.884560394052116,156.1216048564048,-11.721743754441299,-0.36236637441745856,178.3095927426814,-1.088751705657391,12.867365002010239,35.6005966726048,-27.878148442068365,-22.358090742444983,-59.58631122837974,-228218723020.92993,322.5595474580902
0.7106571428571429,1.4071483134322358,-122.68407974202229,12.409830740906065,0.16490412845605626,-41.711843232536566,157.15674420990726,-8.579621050650143,-0.029236710893191444,165.5551287240552,-0.08783936405283688,16.133567676221325,38.998936366867916,-21.431212748296794,-13.695459530341246,-48.03104529215761,70970409104.43613,322.581260682218
0.7106535714285714,1.407155385133403,-115.21769190792497,7.8716105962505845,-1.7956648059825686,-61.26706122523767,156.7713145520197,-4.636360976051581,0.3183548173629697,146.66629794706716,0.9564309866403133,18.667706449972137,40.43314081137311,-13.592865148059055,-3.914412224526009,-33.499195506142925,125224338238.85367,322.60229900161727
0.71065,1.4071624569056498,-109.56930835188861,4.903657468422134,-4.059802121420033,-77.70152822864601,152.63858496369633,-0.3875912698342026,0.7197475344312103,128.34605813710044,2.162249160822901,22.85500009724422,45.134491917999426,-6.142328136597592,6.319538711409929,-20.278003702279207,-210436824059.34354,322.62267535983904
0.7106464285714286,1.407169528748976,-108.74537475303963,-0.9980244661182415,-6.725378301571684,-96.37058076888943,151.53670624536957,5.137408268697711,1.1922880654277241,108.95734951529154,3.581721787345257,28.17264163575553,51.605867077528345,2.136935017049948,18.04456591950996,-5.8062872555580665,50665695397.915535,322.6424026732643
0.7106428571428571,1.4071766006633832,-107.17296370495701,-11.014125283589332,-9.506279239685371,-116.62705185543683,149.66403468967226,11.862606969966183,1.6852494658283614,82.69128210633258,5.062460851528675,32.809321934983096,56.155754870979,11.932802690398018,31.050479081396876,11.871337330288526,191006993203.90182,322.6614938268035
0.7106392857142857,1.4071836726488725,-108.42300821593224,-20.18023709767819,-12.58924879923798,-132.1951114912782,143.0096907146207,19.14176292095131,2.2317349462027245,56.25001597803919,6.703916142509526,39.19394348433111,64.20649384771447,21.212328810063394,44.42067120132814,27.954066937688463,-158174119197.88016,322.67996166957226
0.7106357142857143,1.4071907447054448,-116.70556597653231,-32.789262775625104,-16.045916551200563,-147.78110160296336,138.93133863061573,27.84912187788839,2.8444382140979334,29.41974871244734,8.54422282421919,46.978722949017694,74.7464820774742,30.821648560305942,58.88564221910639,44.21814794017706,55574444986.38806,322.69781901054506
0.7106321428571428,1.4071978168331014,-126.72571148061529,-50.45998182709301,-19.58568909160089,-163.32461086836656,134.45225562605506,37.97253395200933,3.471842387816083,-3.654826750797582,10.428642769710093,54.254523391340804,83.85774080097553,41.5475552470778,74.29033247698061,62.846004950297285,274017782792.41995,322.7150786141895
0.7106285714285714,1.4072048890318432,-140.4336490662444,-68.1821101639188,-23.214899445968086,-172.07271073683924,124.95355873535594,48.578203408891646,4.115068950308269,-36.83221427796936,12.36056211651518,62.7347206313616,95.6666047693696,51.24861822669741,89.22408985697076,79.06184139727831,-73218609731.28389,322.73175319608515
0.710625,1.4072119613016711,-163.2084449782391,-88.57906034603891,-27.053471215332934,-177.21438587850403,117.18232378694775,60.260241525539925,4.7953737870600595,-67.73808010058505,14.403844995598648,72.80217325512739,110.81156085786864,60.114958965872546,104.09351670324742,93.11017997965418,70201767145.16531,322.7478554185291
0.7106214285714285,1.4072190336425865,-189.0929566946036,-114.25137632209503,-30.68092357069233,-180.48917964644127,110.31231362844784,72.9290254578509,5.438223471164688,-102.56914803468932,16.334634109274667,81.76801849494011,123.80029982214529,69.19114333719115,118.61121016418844,107.94017703579284,347335097472.52625,322.7633978861328
0.7106178571428571,1.4072261060545903,-218.0959041386305,-139.07912457734864,-34.021041737625275,-174.76930824463759,98.48307783704567,85.27182242242628,6.030111927640581,-135.18444595262514,18.112383795368316,91.07253508053334,138.29743058609984,76.21695839252071,131.09403649072172,118.63308523111318,-209825404.21016526,322.77839314141164
0.7106142857142856,1.407233178537684,-255.43166254199576,-164.47955881026186,-37.17915013841015,-162.97901901944368,88.41341229941214,97.56849559478667,6.589711122500399,-161.6121507826099,19.79319559882375,101.28891001362253,155.43650621194095,81.05815649375977,141.6982851557143,124.73282829205684,44221652193.56824,322.79285366037345
0.7106107142857142,1.4072402510918678,-294.74007628196534,-193.22214433243582,-39.77743370871697,-148.8592206658547,80.79712626981846,109.74734284893222,7.050060553458866,-188.07756978491585,21.17595782858682,109.63477478488981,169.39586654053684,85.11847744246165,150.47500144342487,129.9252562661143,346790941484.0236,322.8067918481072
0.7106071428571428,1.4072473237171437,-333.2097492929681,-218.99341806454703,-41.67936215346933,-126.65027826523401,69.3168813511699,120.31987491922628,7.386969660199654,-209.9994084732969,22.1880219943463,116.92910658173317,182.48288045256936,86.58671581723732,155.89860389291914,130.3801483415953,2920867720.271062,322.8202200343774
0.7106035714285714,1.4072543964135116,-376.2919619269133,-242.02126712502877,-43.15478266724967,-99.01213083022543,59.68217542715062,129.58466311523063,7.648272328390526,-222.68360010952497,22.97306939634411,124.51155159606891,197.28990503247283,85.282878985693,158.47948559174694,125.2952850405289,-57540426138.44141,322.83315046922684
0.7106,1.4072614691809735,-418.1540604736176,-266.1272991879802,-43.96273840269397,-71.78365085510436,54.11126335984512,137.8635870258954,7.79127078293563,-233.34688634028498,23.402847721173522,129.73105071361465,207.9837775047791,83.21583605403076,158.99155819461794,119.50143863539338,269434625166.24426,322.84559531859384
0.7105964285714286,1.4072685420195308,-454.26223453922717,-285.6662055934431,-43.98740169646624,-40.372911780704804,45.760188693359545,143.85629746887506,7.795446909313893,-239.7397833299354,23.41571582742112,133.02083842447738,215.8896458167866,79.18120283355582,156.36158053639497,110.48866067011667,-33364284977.425446,322.85756665994404
0.7105928571428571,1.4072756149291838,-491.5469614780069,-300.42172331169746,-43.69962451860219,-5.993980566255534,38.64387798876298,148.17629051637,7.744253379393388,-237.08224667102715,23.262331656583463,136.69558626746814,225.475965844173,72.89438512112065,151.50062569889957,96.92344132504763,-174292577528.8896,322.8690764779265
0.7105892857142857,1.4072826879099338,-525.6216427145183,-315.6299966714294,-42.939743606927344,24.28055268994538,36.670268469960355,151.5551304160512,7.6094003600021995,-233.17901310648313,22.85770394277854,138.185987344945,230.91171872422092,66.71903077800076,145.6092008099274,84.30671794372257,176436434630.07257,322.8801366600546
0.7105857142857143,1.407289760961782,-551.5327833749283,-326.3436525315193,-41.64676411503022,55.01399696983975,32.081177936855106,152.98609139235987,7.380085716745115,-227.59407023770052,22.16936224358349,137.88862918482405,233.3021181109296,59.80674747678912,137.97946922514876,70.83989071937198,-35385333831.94387,322.89075899241743
0.7105821428571428,1.4072968340847294,-577.0413021007861,-332.40486604130166,-40.27674949800371,86.64303229735853,27.87376705896244,153.1442720998019,7.1371318061674,-215.45024271608582,21.440073603412845,138.28531801256355,237.55572101904187,51.577461867786546,129.29161048847268,54.55344392876724,-240722488579.32578,322.9009551554267
0.7105785714285714,1.407303907278777,-600.9586658334117,-339.66391013010804,-38.72638402592304,113.42910567752256,28.707829718616235,153.0261743985312,6.862232097509306,-203.1771144913936,20.614834420521273,137.38373100049813,239.10149124135893,43.97969271250214,120.6017010178274,39.940658880238615,96450372039.29485,322.91073671960373
0.710575,1.4073109805439257,-614.800295248474,-343.0029124610826,-36.88233932459651,136.97634514390774,27.448383144776162,151.39250518962098,6.535308012111568,-191.99620155757646,19.633308760627195,134.77609465795103,237.22484024649384,36.89190864450735,111.5637321953299,26.899523038633127,37868197772.48588,322.92011514141086
0.7105714285714285,1.407318053880177,-630.617336233061,-343.5418659639771,-35.24098005001687,162.80411133214932,24.587477223767575,149.52114130377342,6.244313801537936,-177.09598903766883,18.759713823423194,133.73973132108392,238.6621691311991,28.95094139098686,102.43089132714664,11.656351973792304,-284339048145.2743,322.9291017591335
0.7105678571428571,1.4073251272875318,-645.6613253403299,-345.6621446134447,-33.32806145437004,184.04901534586477,27.772001208580654,147.28760095295215,5.9052179448156945,-161.30253374351477,17.741588728630962,131.19124814482575,237.0930470844189,21.398265331443096,92.9207483160566,-2.3188234586624406,34444203426.443504,322.9377077888166
0.7105642857142856,1.407332200765991,-649.9435069124823,-343.8806654581069,-31.69356015422405,198.48839976344385,27.99134830786693,144.4456189546125,5.6154689734723195,-149.6528097065206,16.871694528921374,128.28452706862456,233.9888570929915,15.87163258200711,85.41071084103079,-12.195296899713696,157348972514.58093,322.9459443202614
0.7105607142857142,1.4073392743155555,-660.5840527437636,-342.9498587104108,-30.024619727452265,220.1181751476266,25.84011003020625,142.02934403850477,5.31963289215049,-135.75331789929754,15.983480899778225,126.463797285706,233.59390382499757,8.770204599735122,76.77071401063601,-25.5284633775965,-337874502355.1832,322.9538223130878
0.7105571428571428,1.4073463479362274,-667.6942963634091,-341.02625938149237,-28.113383363581573,234.68892201715198,30.487885340517423,138.564120244532,4.980883862602516,-119.10540024664566,14.966286739646126,123.1772386512712,230.23420198015933,2.1632682068434317,67.89272091919568,-37.400156830168214,9837517701.283714,322.961352592868
0.7105535714285713,1.4073534216280066,-667.7879857104149,-337.4548800632365,-26.967115666755063,242.86755660625354,30.83931523750774,135.93740283034535,4.777678751347838,-109.59764073341691,14.356330715561118,121.06670594619331,227.88314917979153,-1.6207432062644866,62.68423892804055,-44.12096511227356,258067542955.06134,322.96854584733506
0.71055,1.4073604953908945,-674.2453283548359,-336.1211685603523,-25.262779260108896,260.70455033990186,29.60535595138021,133.22886223375792,4.475614938719821,-97.40558586686906,13.449278164651707,118.39170610167658,225.50561834016415,-7.837882681881749,54.54920703795469,-55.43191372770791,-379637546799.38214,322.97541262267447
0.7105464285714286,1.4073675692248924,-676.782006847215,-331.8432960750745,-23.68929340217281,270.08266103859603,34.10537168980878,129.61190655750676,4.196747388331752,-81.95127375388752,12.611876327692245,115.58427790579344,222.49340228060836,-13.148627347473269,47.32373580761609,-64.91829149165221,357505039.15939194,322.9819633199031
0.7105428571428571,1.4073746431300012,-675.1327902930909,-328.38489513438077,-22.84941027909872,274.3297815386529,35.01554319229584,127.41776232073698,4.047854070042684,-74.67631102943994,12.16502951486214,113.85432267167896,220.32663873905102,-15.687855771910687,43.6605015203048,-69.3215240505217,315495918135.7744,322.9882081913396
0.7105392857142857,1.4073817171062222,-678.148753734175,-326.44761789404816,-21.281884903927615,288.5183515685524,33.95853314468035,124.68158756784622,3.770066946884453,-64.41883161811221,11.33077561534481,110.98126933371081,217.14081471312403,-20.882360961361115,36.526009582118924,-78.55751157626875,-375487045018.3865,322.9941573371749
0.7105357142857143,1.4073887911535563,-678.9988849348207,-321.6905309573977,-20.071722165076704,294.872440713496,37.77521177676635,121.50038188422644,3.5555986830599253,-51.116099492835374,10.686766604143054,108.9023939095365,215.01817744627553,-25.069096624522068,30.898781091033783,-86.07972597810517,-29615778722.229183,322.99982070214594
0.7105321428571428,1.4073958652720044,-676.3300340131927,-318.552712647854,-19.349274262943272,296.64355056194614,39.60394519245525,119.49654147173626,3.4275352025484302,-45.00582801702705,10.302419568395562,107.15265199368986,212.52082416988753,-26.921135964037664,27.96768266644657,-89.12626244717235,343916132450.66986,323.0052080723203
0.7105285714285714,1.407402939461568,-676.8485243735277,-316.3070038009163,-18.090218094370655,307.2282224999353,38.15775801762374,117.11743986742955,3.20442556053136,-37.354399319781,9.632342956114025,104.66201168752099,209.51899766480273,-30.861332108264904,22.39006874767765,-96.02613336747785,-329098773954.5658,323.0103290719948
0.710525,1.4074100137222476,-677.5119175448941,-311.7356315001036,-17.104137386450553,312.6247394975496,41.1698077127608,114.3582336126622,3.0296795484600905,-25.639464701713734,9.107592475989987,103.11453901238617,208.1433041739847,-34.45922057180918,17.679205241053584,-102.56908574020895,-87957018548.93993,323.0151931607171
0.7105214285714285,1.4074170880540449,-674.3044791036016,-309.2033249921281,-16.494232576012166,312.2551087848655,43.931332813416766,112.6170544807414,2.921573130838514,-20.735593319740918,8.783133361143637,101.36374193152835,205.37257237728042,-35.67527424379428,15.434966957380794,-104.3656312595183,361568569889.1813,323.01980963043263
0.7105178571428571,1.4074241624569606,-673.0032398472084,-306.7457913240492,-15.50584181661865,320.0091653154308,42.0862010391987,110.57757255040546,2.7464337038010247,-15.224771269605645,8.257114519215728,99.27089871316268,202.68278942310096,-38.593748219514985,11.171191213135497,-109.39125364794296,-261885277053.1771,323.0241876027654
0.7105142857142857,1.4074312369309958,-673.9407189778191,-302.46275685042065,-14.706150255055114,325.21063654176606,44.10002581883666,108.22612889007054,2.604725045824892,-4.877155994428485,7.831558144116023,98.237087794549,202.1016566457705,-41.792755092050854,7.162237482687314,-115.32200988855756,-154576124928.1623,323.0283360264351
0.7105107142857142,1.4074383114761515,-670.8608896290704,-300.7581428590087,-14.177894092637484,323.43696538382085,47.73162310003775,106.77211888015454,2.5110983887729694,-0.9491441917176684,7.550534898334135,96.4913564031737,199.1466466775224,-42.55486021491777,5.411470826778395,-116.22813019961697,363904452364.0331,323.03226367481955
0.7105071428571428,1.4074453860924292,-668.0733054387434,-298.14989651910764,-13.387729223409204,328.8904630557808,45.71248900174197,104.97371425427325,2.371090069595837,2.9392694653987634,7.130012289751747,94.65327437205117,196.59684826442046,-44.67858528550343,2.140985405696251,-119.77743376713275,-188185932026.8127,323.03597914366446
0.7105035714285713,1.407452460779829,-669.2902389966476,-294.2527767720793,-12.793370068096412,333.87841621292785,46.589340912341065,103.09115897301456,2.265766917251033,11.663488446099612,6.813750533399829,94.16957262202588,196.8529450170461,-47.41786006214992,-1.0810839294551093,-124.98862036035,-210575654284.9878,323.03949084894816
0.7104999999999999,1.4074595355383537,-666.8681609724163,-293.05506321838953,-12.298075373257367,331.75235889202736,50.82060246083304,101.79299391032697,2.1779933383390193,15.45722145904315,6.550234650708494,92.48938284642321,193.97693828431974,-48.077650331199756,-2.686434823941492,-125.71519452900796,347300516111.2692,323.04280702490564
0.7104964285714286,1.4074666103680022,-662.9731143078953,-290.95434663061434,-11.666079653762754,334.9310097689151,49.06998418910854,100.3256010866537,2.066014936764194,17.44306782798464,6.213890479963518,90.71567649909554,191.20283320978018,-49.39065997472577,-5.046654389675921,-127.69321850673094,-111061039443.22942,323.0459357222158
0.7104928571428571,1.4074736852687773,-664.0902433234046,-286.8379985823837,-11.219384167240099,340.016959132604,48.70449009101501,98.67126372072309,1.9868572051529774,25.28268504698789,5.9762273938896415,90.69844822001134,192.2322549642676,-51.88931268556085,-7.762586833407533,-132.58720038339783,-256647938275.49707,323.04888480635964
0.7104892857142857,1.4074807602406791,-662.7565308904972,-286.27927606322856,-10.80300907078603,337.8024637153601,53.24523747974948,97.65552460099845,1.913072763851877,28.747268016353857,5.754700683875796,89.2696218599496,189.77449606644203,-52.42326813085639,-9.09920449499665,-133.1502809603733,319087049234.7326,323.05166195614987
0.7104857142857143,1.4074878352837092,-658.1630943260568,-284.8321652555035,-10.244984760691954,339.2814968191568,52.069381696944205,96.41952983979617,1.8142083804368045,29.357106943472754,5.457700115206782,87.37890193270404,186.53955630711653,-53.1703675773617,-10.909210405167855,-133.9772515419554,-38235561748.63821,323.05427466244095
0.7104821428571428,1.407494910397869,-658.7971541546475,-280.5234395954897,-9.932498001514213,344.1502653300933,50.57152380796702,94.96786558091735,1.758828340712639,36.13092164821249,5.291485377046368,87.71061202194963,188.0902792893799,-55.35487326922839,-13.101506249852497,-138.37035822896556,-290850269075.3722,323.05673022701933
0.7104785714285714,1.4075019855831583,-658.6378339125492,-280.1999040726345,-9.609912350081283,342.23324783810085,55.054195191782114,94.17697739232511,1.701662878174525,39.64798299160946,5.119878935965169,86.69205678492953,186.39938538681855,-55.88084516268958,-14.213052072241165,-139.05456819735048,285686242852.1798,323.0590357616819
0.710475,1.4075090608395793,-653.8374837146854,-279.6486271743999,-9.084060579585152,342.4310868901735,54.66870272269209,93.16772314656039,1.6085080637597788,39.1321032396196,4.839960633366074,84.60977504620965,182.62379425915162,-56.20328685877574,-15.664775181019818,-138.98309830144,27835514093.640415,323.06119818750307
0.7104714285714285,1.407516136167133,-653.7250226102024,-275.2506102382169,-8.854578782356926,346.97242094987394,52.28594900076798,91.84909696251954,1.5678345983756174,44.835693767943525,4.717931458121585,85.0768838712371,184.30225562972458,-58.09134504812646,-17.465054594387723,-142.8387259159315,-317684547020.52277,323.06322423429555
0.7104678571428571,1.4075232115658194,-654.5560315051373,-274.7546793887979,-8.650988072344092,345.437003053833,56.3678007266572,91.23476521171435,1.5317474352214668,48.590837345097505,4.609689802369812,84.60207145890638,183.64043317442412,-58.6364344092183,-18.31051259118771,-143.74196207525202,248881584435.70047,323.0651204402676
0.7104642857142857,1.4075302870356408,-650.0514410796748,-275.2770948014443,-8.161233583282389,344.625515001756,56.83705381737112,90.50872924407346,1.444995060214723,47.049234888832665,4.348949853931629,82.39217132990983,179.469597555628,-58.59320994381153,-19.434041722572623,-142.90949732558016,91346966086.96495,323.0668931518793
0.7104607142857142,1.407537362576598,-649.0630176704932,-270.8602077505805,-7.94639942002645,348.94809507419023,53.82525666653292,89.22109072365862,1.406922070081406,51.87805577082867,4.234692790423337,82.76976214612984,180.89597854693437,-60.28501714037659,-21.069006266143493,-146.34922772680767,-338302216076.6195,323.06854852389966
0.7104571428571428,1.4075444381886917,-650.5835318117201,-270.0852909700927,-7.869915148844784,347.6429218514013,57.37790109267536,88.77082298661563,1.3933454522700066,55.7361825502855,4.194158011984693,82.8321343641008,181.22778009898633,-60.79494348533972,-21.593253608456486,-147.36274878924405,206263310488.3395,323.0700925196679
0.7104535714285714,1.407551513871923,-646.6569117098477,-271.25190999092587,-7.41709743228272,346.2682939431832,58.54913629259767,88.23512633913417,1.313142499724977,53.85608538025098,3.953049099306866,80.64834964799421,177.03152569642586,-60.576613426285526,-22.5135414286588,-146.1949957555642,153118814910.3652,323.0715309115584
0.7104499999999999,1.4075585896262934,-644.9473299091575,-267.4958935576344,-7.202102561039732,350.1340175723442,55.25507592829827,87.1111749464763,1.2750472910154078,57.20999954710439,3.8386744452396844,80.7670038511924,177.8317886504858,-61.94053675290771,-23.930288622192155,-148.90381075709647,-349751994003.60315,323.0728692816525
0.7104464285714286,1.4075656654518034,-646.7903974781476,-265.9075425715145,-7.210423918388639,349.35056756551995,58.07553656826475,86.63040008073098,1.2764884827656777,61.72314097703939,3.843322199375126,81.31445869937673,179.13262639962258,-62.58790909819047,-24.34724273064658,-150.34910124641442,151800180069.23282,323.07411302261573
0.7104428571428572,1.407572741348455,-643.6099695491616,-267.8370500423379,-6.841653145306866,347.2044393279245,59.9507124607638,86.39075682919115,1.2111732208591934,59.278610264371345,3.6469625970774,79.28209219457975,175.1008757184001,-62.08750543131934,-24.88281760808952,-148.67808359367245,218862479519.12894,323.0752673387826
0.7104392857142857,1.407579817316248,-641.3217667067418,-264.6587618313754,-6.589317758378519,350.9061793989333,56.46790178723335,85.35014682186895,1.1664731801307386,61.540615253230136,3.512652597385107,79.08727297733081,175.23258086550345,-63.26423218840998,-26.262023768155647,-150.91412282984294,-352358366064.88586,323.0763372474468
0.7104357142857143,1.4075868933551845,-643.2643397769408,-262.42960654487973,-6.652809948741702,350.5966737661968,58.592734127777426,84.83119680109652,1.1776833002388236,66.46654702954373,3.5467010036267914,79.96560639887052,177.20061861953621,-64.02041723721469,-26.621958712421577,-152.6833811825799,85711124153.80914,323.07732758035604
0.7104321428571428,1.407593969465265,-640.8276090022811,-264.79452793221293,-6.380621472263615,347.74197027882843,61.08613403197245,84.82992116273348,1.129472003880194,63.81013822522942,3.401788879176685,78.18902314842327,173.55559722842185,-63.29964238588136,-26.78459382268834,-150.66526764073382,282546705264.9072,323.0782429854122
0.7104285714285714,1.4076010456464911,-638.1282648414426,-262.25169316055246,-6.099071399210743,351.28398320276625,57.48196883190718,83.89889863070138,1.0796060571679902,65.00746016713292,3.2518700457649268,77.71664399990009,173.08623355602774,-64.28892910277631,-28.10713452912951,-152.44018000311868,-340982004776.87463,323.0790879285718
0.710425,1.4076081218988634,-640.0800961893681,-259.69546732038776,-6.1938359418193505,351.43181566566307,58.952437340938545,83.37999863958676,1.0963529920761785,69.98035264753462,3.30258815684651,78.78124835811745,175.42910748708573,-65.10516212391214,-28.4335682190147,-154.38927348554265,11272910074.683716,323.0798666959461
0.7104214285714285,1.4076151982223832,-638.2659965161932,-261.9501837810669,-6.001457212112235,348.11327032959804,61.94210412518835,83.45963997933596,1.062273938794463,67.77608873124454,3.200198131206228,77.31653756229976,172.34662833581535,-64.32995010280426,-28.373014257079387,-152.3686490795347,336506457338.2325,323.0805833960968
0.7104178571428571,1.4076222746170517,-635.3012040021284,-260.3733754940368,-5.715381781924532,351.179589525566,58.43329144545124,82.75037635908227,1.0116124332590957,67.55945034428564,3.04783176751025,76.57456852280703,171.23634735882223,-65.0024458781532,-29.495048481422113,-153.431336237367,-309748029217.1032,323.0812419625241
0.7104142857142857,1.4076293510828692,-637.1635945558344,-257.2966047996383,-5.803660980537234,352.14456362907157,59.08840002690875,82.13139626183883,1.0272118974468358,72.84889708825285,3.0950917237196363,77.76170433391795,173.8905491494478,-66.01100827727775,-29.964337673942474,-155.79858970767017,-72154363387.29892,323.0818461563418
0.7104107142857142,1.4076364276198376,-635.9825807132061,-259.5769142136925,-5.696352706792452,348.2532228159109,62.63354271013034,82.33190508603228,1.0081936686037571,70.93073633141334,3.0380452971524736,76.59259475775394,171.31859852499173,-65.1308544669382,-29.634667211329447,-153.67099241123654,377373576717.89746,323.082399569136
0.7104071428571428,1.407643504227958,-632.755974420613,-258.68518031001236,-5.408615439774506,350.83963797888407,59.274685115348845,81.77595873161815,0.9572431723760024,69.6890315438826,2.8847587193948794,75.64431751589088,169.71360440914555,-65.55078250105939,-30.592257562639062,-154.16880386594787,-259078702954.21133,323.08290562599984
0.7104035714285714,1.407650580907231,-634.5038276868645,-255.43443386138165,-5.491576879068867,352.5293796415974,59.10266563338293,81.14496655774421,0.9719016815893148,74.80548141666465,2.929183526967126,76.88040619744984,172.49847398924163,-66.651584146048,-31.135068494778444,-156.733164759459,-157726105928.2845,323.0833675887394
0.7103999999999999,1.4076576576576578,-633.9322797279468,-257.38913114787357,-5.442560754437169,348.41427483719025,63.07775223447877,81.3442569362439,0.9632026237931223,73.6795411343016,2.9032138065655246,76.01610500047352,170.52343225119034,-65.82943640158481,-30.70742112696603,-154.82146298809906,400446907199.6615,323.0837885592428
0.7103964285714285,1.4076647344792397,-630.4701157745891,-257.33368454372686,-5.165968251456859,350.19891715015336,60.11928149842601,80.9869595590563,0.9142294416913954,71.28559627061217,2.7558387022944277,74.85258220586549,168.37153279850958,-65.91308570116779,-31.41498793377135,-154.58729544318365,-190813336024.83948,323.0841714830067
0.7103928571428572,1.4076718113719773,-632.028394516517,-253.82781352810665,-5.231407708760544,352.7629587715892,58.99767529299263,80.30941338350694,0.9257871145845973,76.28196126447348,2.7909178725159363,76.11671379951814,171.26582130870256,-67.14851828169111,-32.08808416407222,-157.42494316575485,-241940968460.54123,323.0845191528093
0.7103892857142857,1.4076788883358722,-632.1100833203171,-255.51733282458738,-5.2428355205272075,348.51410323798194,63.310261976222804,80.53178968957504,0.9277861485417446,75.85021802616504,2.797185326314653,75.56379387193641,169.89827010178706,-66.3804951733695,-31.55481136802055,-155.7237011555715,405183700637.9384,323.084834212525
0.7103857142857143,1.4076859653709253,-628.4608003786832,-256.2149531150042,-4.980451114978628,349.3790203660567,60.92361864103002,80.34961234053391,0.881331748781231,72.50859648808031,2.6573593927737837,74.2094059450923,167.25121193352896,-66.14149034926108,-32.014280221262574,-154.79268025809802,-109250719459.56561,323.0851191610668
0.7103821428571429,1.4076930424771377,-629.6786348264143,-252.46210224610272,-5.016518901718512,352.79354600631945,58.832532093548956,79.60715418227322,0.8876919069035187,77.3115637803412,2.6767681240219883,75.44266900222753,170.14096984748446,-67.50367140620345,-32.84010914189839,-157.86841005769094,-316989909719.30005,323.0853763564509
0.7103785714285714,1.4077001196545105,-630.4569819381508,-253.93794439073605,-5.081603380683186,348.57412891419597,63.376781001451064,79.86157776957384,0.8991862372147376,77.51617177839351,2.7116636157033374,75.1878179621413,169.36492505797122,-66.81115137725135,-32.23132075605965,-156.4151380154951,388731405006.6449,323.08560801997123
0.710375,1.407707196903044,-626.676087275986,-255.07507859448296,-4.826389842361794,348.60667941498343,61.6416584224136,79.76292587887463,0.8540049312085777,73.74398528141272,2.5756345509295366,73.69637687883235,166.3697058213022,-66.35763970869252,-32.53116641681674,-155.0175632395411,-20837000090.31545,323.0858162404716
0.7103714285714285,1.4077142742227406,-627.4773358258773,-251.58424898190862,-4.850397701074792,352.43796665149097,58.74618797770954,79.09887883503445,0.858231447790272,77.62652843805242,2.588606547582299,74.81182552575315,169.00331880680739,-67.63830066542228,-33.33071744977636,-157.89367393946165,-375568702668.9332,323.0860029787083
0.7103678571428571,1.407721351613601,-628.8987962566824,-252.3062621088805,-4.947896603994849,348.79536581555084,63.15344130014125,79.23579749906273,0.8754609469607461,79.07940666297593,2.6408043255647837,74.92576178708624,169.04051503364178,-67.2311382292682,-32.835707841114825,-157.1236862298344,349015215029.008,323.0861700717868
0.7103642857142857,1.4077284290756251,-625.1547543436799,-254.27483299602628,-4.716861421226347,347.6511729537253,62.380503868743126,79.33251421846427,0.8345615287229668,74.53161287092264,2.517651929680175,73.2721944808919,165.59580764530756,-66.43512306207727,-32.851028794282726,-155.00018816083136,74848468797.86739,323.086319237664
0.7103607142857142,1.4077355066088155,-625.3536375568193,-250.75916501167723,-4.705461143788569,351.9918293099969,58.657075685833895,78.63680419494094,0.8325235190304734,77.83406586472914,2.511723185914238,74.23724881005118,167.95068819241058,-67.72482032486343,-33.739150312442,-157.84352210911024,-419443006682.8824,323.0864520797014
0.7103571428571428,1.4077425842131726,-627.3945020312175,-250.90002872666017,-4.83999091380425,348.95685533104086,62.79615041633027,78.7126450312805,0.8563039273914714,80.21622911994135,2.583694655551884,74.69866233461924,168.73840261356366,-67.54979541415258,-33.311657279191614,-157.645199086043,290654099501.0413,323.08657009125886
0.7103535714285714,1.407749661888697,-623.8462925137817,-253.49006528458318,-4.632054812475483,346.767445699586,63.037057568537094,78.95158375640555,0.819494692343822,75.30439283210985,2.4728480277242806,72.9513255446573,165.012023053616,-66.50420583609605,-33.106823516963516,-155.0010763285289,170451039405.6677,323.0866746603132
0.7103499999999999,1.4077567396353912,-623.3517289110209,-250.15893702781685,-4.589068274418378,351.3378448735852,58.63850956767328,78.27251685078704,0.8118691799530526,77.73691604096277,2.450052379265547,73.70564542696343,166.9333169399996,-67.70471004947338,-34.009274252654556,-157.59882030296973,-445213578978.6543,323.0867670740908
0.7103464285714285,1.407763817453255,-625.9181031980855,-249.68510683550969,-4.7577154425692445,349.05029280648216,62.301177918837425,78.28311571015281,0.8416840346053037,80.95470964603271,2.540249918693601,74.50850806817151,168.4637783824288,-67.77061561326997,-33.66195948856592,-157.98725228516807,218105631949.74695,323.08684852370124
0.710342857142857,1.4077708953422896,-622.686809108742,-252.6323385661004,-4.5675740846250354,345.9922636785892,63.56880495234042,78.592439263701,0.8080259476251936,76.13862210997284,2.438881781908581,72.73161546870782,164.6236546122898,-66.58700677894313,-33.32362983940925,-155.06290077138482,260247096844.4572,323.0869201087567
0.7103392857142857,1.4077779733024962,-621.4802209500423,-249.81518026657008,-4.488982623591022,350.4828998993529,58.7738094714363,77.99134276106606,0.7941027635461455,77.38225979533775,2.3970675247434188,73.1766201113785,165.88299287194005,-67.59581124522336,-34.18168105867276,-157.1811253110493,-450815872746.45233,323.0869828419673
0.7103357142857143,1.4077850513338763,-624.4011644232226,-248.487273633779,-4.6827743007336124,349.186077931518,61.66352222934835,77.87478616937425,0.828363738176519,81.55188887265513,2.500706892049211,74.33319925583106,168.20719012820746,-67.96890674336015,-33.97952105010425,-158.29024576339478,131822370707.72667,323.0870376536963
0.7103321428571429,1.4077921294364306,-621.6927483887496,-251.8780577910111,-4.531816127492759,345.21400579597116,64.00944592673115,78.31067008611153,0.8016396661195836,76.79165251330764,2.420243650059797,72.59850175554199,164.37536922721696,-66.61748508335467,-33.43783437554512,-155.0513445592901,341858969448.8879,323.08708539646494
0.7103285714285714,1.4077992076101602,-619.7250944074034,-249.48161881863507,-4.4005770879619925,349.57610485098354,58.97827072553606,77.72891782506012,0.7784049832690348,77.07198048145364,2.3503022163638545,72.6922928543518,164.91257524479826,-67.47773903237103,-34.32006303019971,-156.76074790143588,-434757249923.8573,323.08712684939303
0.710325,1.4078062858550664,-622.8548402559084,-247.58292658745728,-4.618926093192996,349.16687216084097,61.01813094753167,77.55587458148165,0.8170075217136509,81.68937423223207,2.467075051241182,74.11877303895022,167.82934643111503,-68.05482604226681,-34.19579899411151,-158.3600698897368,35206542709.92118,323.0871627225648
0.7103214285714285,1.40781336417115,-620.7619565936228,-250.88208173438358,-4.503756042518837,344.66487180300516,64.25031562800397,77.99150866032117,0.7966159195152933,77.69288931027839,2.405711117545793,72.55830824557609,164.3327856103713,-66.72253003957351,-33.583003091884244,-155.21732240302092,409831437686.72504,323.08719366130606
0.7103178571428571,1.407820442558412,-618.1086922798642,-249.4046015002758,-4.332117746273634,348.4293171372213,59.36069458848215,77.55458899031471,0.7662375857419953,76.50755741883438,2.3141747738203438,72.2199485774168,163.9232094445043,-67.26221555092874,-34.34647961250745,-156.15367263944856,-394737769863.4288,323.0872202503649
0.7103142857142857,1.4078275210168538,-621.2582656830458,-246.65506977059098,-4.547743160605986,349.2287266868009,60.297193849386026,77.22204822997415,0.8043558017046897,81.81901295797576,2.4295124724975286,73.88515985123242,167.42261936876162,-68.15791029970963,-34.440107933620915,-158.4574158305955,-71447205611.5031,323.08724301798213
0.7103107142857142,1.4078345995464765,-619.9115390018134,-249.99738371973913,-4.496630553510761,344.1127896571444,64.38167696011614,77.73922291874699,0.7952955282011746,78.37024914055478,2.402357992190508,72.56859375075254,164.3616044914609,-66.77337196935179,-33.64258555327215,-155.29413721631593,464017100262.0604,323.0872624398442
0.7103071428571428,1.4078416781472805,-616.6232154550335,-249.29774915535157,-4.282829734144037,347.2174658949762,59.79412288162818,77.40200420653967,0.7574626127330725,76.01497968546919,2.2882773072070726,71.82332110601212,163.07069034293866,-67.03453645462736,-34.31940495405552,-155.54853568304262,-333625383863.64044,323.087278942909
0.7103035714285714,1.4078487568192677,-619.5984334052449,-245.8695976913242,-4.474174691270005,349.2050010292481,59.59811602257146,76.91725078286674,0.7912839923391077,81.73374738065509,2.3906616884239713,73.6020898805952,166.90207895687277,-68.21168785544806,-34.65660648206294,-158.44189414105125,-179835556311.16806,323.087292909095
0.7102999999999999,1.4078558355624389,-619.0929894492078,-249.12630151493735,-4.489367825128893,343.67872546813,64.40595766787327,77.49608607920467,0.7939509754266827,79.00487640773504,2.3989307813365652,72.58759879012658,164.4115890416447,-66.83604605697535,-33.70973676045753,-155.39741525295648,497344224252.8865,323.0873046788286
0.7102964285714285,1.4078629143767944,-615.2481043498125,-249.032146764462,-4.242581853815214,346.0435853691279,60.25212922370468,77.2245371581219,0.7502876484706135,75.7814181738731,2.26720132947743,71.50162022102471,162.37733978127352,-66.85097117286149,-34.29993167992649,-155.05537489879265,-254736216425.8853,323.08731455444183
0.7102928571428571,1.4078699932623366,-617.9210630752593,-245.43426913229334,-4.412895921086975,348.9131197412717,59.00563051266179,76.71254680971988,0.7803875338210892,81.16600566928356,2.3583642016809327,73.2667185551066,166.22567126084132,-68.12959927983744,-34.75350656627562,-158.1428956986107,-280730381898.866,323.08732280341474
0.7102892857142857,1.4078770722190657,-618.2541926954656,-248.0213649343485,-4.476327780127457,343.52702936511895,64.1962048720701,77.19699033788189,0.7915850487143083,79.86056393002414,2.3924144226981157,72.65028430156201,164.58065002618233,-66.98690578412409,-33.84845275314969,-155.68845982093495,504226648439.7052,323.0873296614596
0.7102857142857143,1.407884151246983,-614.0365828992758,-248.9560564894677,-4.222607954214671,344.6957951745744,60.85019571719344,77.12171918735103,0.7466989187461773,75.38344942310843,2.2569536627877316,71.21375284031218,161.71694402545432,-66.59578828477228,-34.184915661394825,-154.43356515470725,-157076757500.3347,323.0873353354419
0.7102821428571429,1.4078912303460898,-616.1500269585135,-244.9036113995051,-4.3434096310588926,348.6150500027064,58.42073899080448,76.46884821122804,0.7680413524364457,80.69764528279306,2.3216675353353016,72.91199286332862,165.52217898231132,-68.06938402543847,-34.883572154133795,-157.8807227441819,-373513646641.09094,323.0873400061366
0.7102785714285714,1.4078983095163868,-617.386870566566,-247.02919996969405,-4.461163893717948,343.4201591947467,63.89887784934443,76.92657539932166,0.7888438408295443,80.51789376597605,2.3847605654369533,72.68343531382631,164.68327368248842,-67.11223658721254,-33.97454107176786,-155.91992553280664,486293905300.48285,323.0873438308183
0.710275,1.4079053887578754,-612.975018558564,-248.7400936633719,-4.207116487330822,343.4549929723079,61.4597567184235,76.9933343614993,0.7439032208281297,75.25775880334955,2.2490986781160753,70.99377679510924,161.20959725678392,-66.40150506300782,-34.09927804990833,-153.9542986868614,-47699020370.4174,323.0873469456849
0.7102714285714286,1.4079124680705566,-614.3615479938637,-244.57252761449922,-4.287015278315254,348.0807426596772,57.93732013711261,76.28927175499844,0.7580118407998951,79.94278509184014,2.2919564472917724,72.53874280101095,164.742524377361,-67.91163734590639,-34.917606647654075,-157.42166253794008,-451695635522.70465,323.0873494681151
0.7102678571428571,1.4079195474544313,-616.4363704541628,-245.98467213892252,-4.443180801228665,343.4254579528789,63.43623932839364,76.64531702000467,0.7856045873379821,81.13087882401543,2.375596417624339,72.71388134626444,164.78585823561082,-67.25009286274262,-34.11492731725699,-156.17533727798784,445385238190.311,323.08735149876327
0.7102642857142857,1.4079266269095003,-612.0381331601121,-248.47375863670115,-4.194347229123337,342.2702415953492,62.1071953020483,76.85734081895347,0.7415893145526246,75.2873569066851,2.2426960157287277,70.812295075178,160.78851268600837,-66.24076105934098,-34.029011748835394,-153.5540900784678,67843005279.22232,323.0873531234917
0.7102607142857142,1.4079337064357655,-612.5864800529475,-244.33162734090752,-4.228673366393799,347.43147929635523,57.58530622001336,76.12256068997424,0.7476395649362031,79.13857758275502,2.2611924727712305,72.13620321171972,163.89680759714037,-67.72776147072224,-34.938298885921725,-156.90208294372738,-513476995434.1709,323.0873544151467
0.7102571428571428,1.4079407860332276,-615.3559474207744,-244.89812744875817,-4.42221224251563,343.49745276627823,62.81682992875056,76.35421819013686,0.7818379821715178,81.65960930076368,2.3648322475944616,72.72970604143295,164.86005392001132,-67.3862738411041,-34.26056147890653,-156.42288782098288,383264743426.9736,323.08735543518094
0.7102535714285714,1.4079478657018871,-611.2512732357684,-248.22637226368147,-4.193109861699664,341.1109419382896,62.766507910646446,76.74635628159494,0.7413144494941468,75.35092094821191,2.242458259265318,70.68325267951528,160.46622048758493,-66.08139851519006,-33.932088497125974,-153.17460139253262,185555166628.40186,323.08735623512894
0.7102499999999999,1.407954945441746,-610.8599350953348,-244.09542395571734,-4.170021015104426,346.7290715883923,57.334846349390816,75.95210390396028,0.7372138756372602,78.40283550025717,2.2302510294114914,71.73475379690662,163.05444776545139,-67.5470593090931,-34.96122526291096,-156.38957839025343,-554558291128.1511,323.08735685794056
0.7102464285714285,1.407962025252805,-614.1468530459952,-243.95866412962005,-4.401838974949526,343.49580099136756,62.12586549233745,76.1016939518474,0.7781771091411133,81.87495732178103,2.3543825169852557,72.69569154187869,164.81235323754254,-67.4557611350601,-34.35988337678111,-156.52347190641453,300682851411.9044,323.08735733918
0.7102428571428571,1.407969105135065,-610.4840305233452,-247.6279944916211,-4.181042882686023,340.2037586667447,63.326268576231016,76.5367716645728,0.7391251491742457,75.89617736902237,2.2364276179210583,70.60961060301207,160.303418933831,-66.05368097886517,-33.94735981459937,-153.07196462670623,299431945645.1313,323.0873577080971
0.7102392857142856,1.4079761850885266,-609.2590741077556,-244.22892371913673,-4.120311311696681,345.74688963331,57.34964384442426,75.87671526348886,0.7283706564345186,77.33399573700612,2.2040813088180133,71.28654988998132,162.07779655773504,-67.25643978952456,-34.88972396458214,-155.64657814328723,-569662797395.1698,323.0873579885788
0.7102357142857143,1.4079832651131918,-612.8255290697865,-242.80394323895578,-4.373269497876595,343.70586724156055,61.212385203662635,75.7914401867114,0.773068003509888,82.23951381321301,2.33954381757761,72.67721798949822,164.821605923007,-67.59139031878556,-34.52173504734492,-156.75916286670835,194627160852.48572,323.0873581999874
0.7102321428571429,1.4079903452090614,-609.7502352562514,-247.11705740375032,-4.185233107318343,339.2018090724052,63.87867937746772,76.37543547551101,0.7398099205490253,76.2827039889059,2.23909211688937,70.56506848543327,160.17161823390552,-65.97097952729135,-33.887510760412404,-152.87168955583635,411367362420.99084,323.0873583578975
0.7102285714285714,1.4079974253761365,-607.7379475933459,-244.33607845839794,-4.064854609484312,344.7351980382157,57.51488835155993,75.77977878798211,0.718512868614775,76.43788742957733,2.17482689957121,70.83539390542768,161.107842421822,-66.99461405789839,-34.85023700482855,-154.9595508625601,-560025874427.3274,323.08735847473434
0.710225,1.408004505614418,-611.4462387428359,-241.778549220605,-4.34297400748702,343.9206454724687,60.22321407243962,75.51313443806275,0.7676544864626634,82.36654937947996,2.3237761340357346,72.62036890306825,164.74221536401345,-67.68803029703108,-34.66111206978146,-156.90599197118146,70143017287.85434,323.0873585603266
0.7102214285714286,1.408011585923907,-608.9978605655541,-246.41505809723424,-4.192893656800699,338.3138249951353,64.30747198866729,76.17790117101727,0.7411078941390149,76.84739080283944,2.2436147146473853,70.5725997869081,160.15696297698878,-65.93476979679913,-33.849832767972906,-152.78029383309598,512439565042.79254,323.0873586223799
0.7102178571428571,1.4080186663046048,-606.2613836370192,-244.43929268805485,-4.002198530146353,343.62757493352376,57.87944345766361,75.66170476042481,0.707384053634437,75.68915100561121,2.1417087842276974,70.36355383422577,160.10528934835764,-66.74728834123896,-34.836711677024105,-154.29451784881795,-522090299047.5301,323.0873586668785
0.7102142857142857,1.4080257467565125,-610.0964700119408,-241.07869240519253,-4.315833006700577,344.06435956801033,59.23598547082728,75.32103693083992,0.7627993569075606,82.06545316379932,2.3096904331041426,72.50845857032597,164.52224410937154,-67.69690746311585,-34.73432010656947,-156.862833839686,-66803167015.87912,323.0873586984242
0.7102107142857143,1.4080328272796303,-608.2261321917539,-245.3367790893945,-4.212547202489816,337.676815821841,64.4409328560805,75.91943446678877,0.7445253801881178,77.72981402320235,2.2545573359785713,70.70201633490515,160.4073522568504,-65.98555477566704,-33.84133488485705,-152.90032733187837,592559981307.6715,323.08735872051926
0.7102071428571428,1.4080399078739605,-604.7964272410078,-244.7154690274364,-3.94221945874002,342.2072929022706,58.540457091229676,75.57658749835973,0.6967300780296136,74.83508999526286,2.110010741870135,69.84704760202347,158.98859821830953,-66.42814244171733,-34.76877306241891,-153.47438751758915,-448604371927.6956,323.0873587357995
0.7102035714285714,1.4080469885395033,-608.6861075272946,-240.40852387538777,-4.257373191495927,344.35244519901687,58.25850349839924,75.08605116740203,0.7524099201681628,81.80824074785993,2.2788354135785633,72.29922741024565,164.14250737387698,-67.75937659019026,-34.9158217373588,-156.8925146632288,-214530170761.4603,323.0873587462266
0.7101999999999999,1.4080540692762604,-607.5638770433727,-244.25232480891705,-4.253862741235798,337.1814531531495,64.35228599836174,75.70610172011837,0.7517705144940298,78.51357339587506,2.27709990774946,70.92047107426087,160.82029802523962,-66.02683396723229,-33.775265438009754,-153.03180603891977,643536653274.6108,323.0873587532424
0.7101964285714285,1.4080611500842324,-603.2954534956623,-244.73042761578068,-3.8913514877665567,340.6732777821474,59.291507404698784,75.43526684800628,0.6876877590567327,74.31040955748233,2.083178347612634,69.39566478228971,158.00719248897767,-66.14020951612318,-34.69971905493605,-152.73763396113733,-339447816228.13306,323.0873587578933
0.7101928571428571,1.4080682309634205,-607.1862501224439,-240.16099518735473,-4.178378140788245,344.4167323554276,57.501277805080704,74.9119849186329,0.7383930604065557,81.10137799426195,2.2369748292626856,71.92002759862764,163.40203159992683,-67.72215581753201,-35.07868047423246,-156.6705963241553,-360089623074.45605,323.08735876092845
0.7101892857142856,1.4080753119138258,-607.0477146895541,-242.98175360621175,-4.296386066595568,337.12002291135343,63.94282335191542,75.46696236998602,0.7592279858271416,79.49838321387656,2.3002975031661053,71.22687008210836,161.442121853705,-66.17296637695951,-33.77543894013527,-153.3982219468647,654711507212.8254,323.0873587628767
0.7101857142857142,1.4080823929354496,-601.8189556370181,-244.61999362117618,-3.875410470600423,338.8977705230889,60.10411111366656,75.31404800411964,0.6848187647018552,73.8618566930964,2.0750366702975325,69.05894367750518,157.21857161376303,-65.80035312515041,-34.51406790148688,-151.9379362584895,-198704338013.10434,323.0873587641055
0.7101821428571429,1.4080894740282923,-605.435765263206,-239.98838597996584,-4.059826793144669,344.3268910105396,56.970964049547156,74.67938398328651,0.7173886128536239,80.38097810014696,2.173916887780865,71.36484087067352,162.33203444605132,-67.68530704116887,-35.33386851804145,-156.39104740076706,-491323713117.8727,323.0873587648663
0.7101785714285714,1.408096555192356,-606.704678429214,-241.9084028684517,-4.324612391506057,337.38139738812595,63.382280030399876,75.26586994797245,0.7641580374997624,80.32263250096938,2.3158476608630947,71.49747985873864,162.0115683444512,-66.35450238469016,-33.832017442910576,-153.82224431744888,622558323353.9097,323.08735876532813
0.710175,1.4081036364276411,-600.5874506249812,-244.28651027543026,-3.916504063455168,337.1131661824426,60.77142159142591,75.23702606005614,0.6920278892147681,73.58811032140763,2.0974361690807792,68.96654804558317,156.8823261884978,-65.4480923467871,-34.1862647038776,-151.19600220837208,-40957505474.78632,323.08735876560274
0.7101714285714286,1.4081107177341488,-603.3056897788196,-239.769115657838,-3.9317824058065414,343.84192573394824,56.62989900760142,74.40357330757307,0.6947099203936098,79.59339475428533,2.1057510514859197,70.71226526629715,161.05006992640847,-67.57855321999139,-35.564363963688976,-155.94252694337746,-588442165629.1796,323.0873587657624
0.7101678571428571,1.40811779911188,-606.374303139778,-241.20015316857874,-4.300342614673731,337.8622572730287,62.888184412457186,75.07216569458345,0.7598119193188348,80.89967313584198,2.3032865909375606,71.55840172553955,162.2010542956289,-66.56671613423006,-34.03124565490795,-154.2366280978474,548229646800.5665,323.08735876585297
0.7101642857142857,1.408124880560836,-599.7683907983061,-243.56423160396324,-3.9839639792716204,335.781655842488,61.19188313601942,75.12379608307667,0.7038943534220099,73.89323666055724,2.1339668976917516,69.11381661808161,157.06055222569228,-65.25102656918938,-33.89929912768869,-150.838288347278,110856698053.89117,323.0873587659032
0.7101607142857143,1.408131962081018,-600.8858218218452,-239.662958205094,-3.849344567557006,342.65305139821163,56.454219342281036,74.21218732295804,0.6800923602676662,78.36093529389544,2.061989358801548,70.08556093904454,159.72123692437427,-67.24666354225839,-35.538389601634606,-155.06227648359365,-637907333214.9083,323.08735876593033
0.7101571428571428,1.4081390436724266,-605.7250706345103,-240.42698415672766,-4.204162183541552,338.5796368672194,62.39973815980608,74.74525634137815,0.7427618573379877,81.63741263181093,2.252197411142184,71.39143032364564,162.01337299379125,-66.89648414675061,-34.476225998584425,-154.80531832758277,442899031321.3232,323.08735876594454
0.7101535714285714,1.4081461253350631,-599.6025031005314,-243.23353613156385,-4.065388394675273,334.7647351474637,61.63377842417305,75.14142897359677,0.7182261167227185,74.05539865248103,2.1779926160404597,69.33663917597991,157.38716433847028,-65.07084257825639,-33.5904250096505,-150.53917902780026,243736949668.51257,323.0873587659517
0.71015,1.408153207068929,-598.3750248251436,-239.07837339803044,-3.8320713642413824,341.2407742263215,56.07969756977949,74.00942777983134,0.6769892166274821,77.36898670907976,2.0531246590104635,69.71622384917367,158.85671182423008,-66.8729248678872,-35.33174901583533,-154.18646141006366,-650298140228.5076,323.08735876595534
0.7101464285714285,1.408160288874025,-604.3986864449774,-239.7281815857002,-4.0663861139442234,338.89678930931564,62.05534650269067,74.35296655923611,0.7183660209232037,82.06069236516517,2.178801780634008,70.96764911069722,161.30628767246824,-67.1355304443326,-34.95780589045098,-155.11096429002416,333901761581.8853,323.087358765957
0.7101428571428571,1.408167370750352,-599.9600490629421,-243.1964431932337,-4.082607717906675,334.3713261169992,62.242157109200555,75.13552673060316,0.7212134637925263,74.48583806728853,2.187631338719809,69.42637577097386,157.54670497925608,-65.08494208269495,-33.56017195588827,-150.5763344965255,346364735870.2027,323.08735876595773
0.7101392857142856,1.4081744526979114,-596.3230683705858,-238.38718666025545,-3.900279317723899,339.8531658865191,55.46990029828959,73.93165995842377,0.6889868053048438,76.38310883401364,2.090063845955216,69.68387751027588,158.59951525848544,-66.44339060376709,-34.8877175245202,-153.31430555331877,-645980383377.0725,323.0873587659581
0.7101357142857142,1.4081815347167042,-602.2304692203847,-238.70806195485662,-3.9579474070147893,338.5510852486863,61.57375155706235,73.91613190009883,0.6991562429627021,82.19408429385359,2.1211003467495377,70.5326891846889,160.50192589410153,-67.19443018883598,-35.2508290184026,-155.0604943907317,242963944585.71295,323.08735876595813
0.7101321428571428,1.4081886168067312,-600.3238513720199,-243.44011951950287,-3.992492561686411,334.29282018156243,63.23258750496478,75.01647704719237,0.7052406778946365,75.12902411934824,2.139748212074408,69.16713460226582,157.12232697071036,-65.26335928357561,-33.88961483475375,-150.81895860491977,430535650948.31824,323.0873587659583
0.7101285714285714,1.4081956989679938,-595.2570569064484,-238.11132890515347,-4.000239823042532,338.93861816562696,54.857302556460866,74.02459389508624,0.7065912906889559,75.3538488589656,2.1440353917075194,69.83084686562722,158.69821390825044,-66.06183673912201,-34.4008694704945,-152.59630170441324,-651379524551.4064,323.0873587659583
0.710125,1.408202781200493,-599.4089203242131,-236.85693918870243,-3.945252489862268,337.76685522118333,60.50074724806316,73.43604157566597,0.6968608402195584,82.388571895113,2.1146967268313714,70.42195447732054,160.24941277131975,-67.1232478966398,-35.2331264677662,-154.8638652040489,165553491753.6075,323.0873587659583
0.7101214285714286,1.4082098635042295,-600.0004693847487,-243.8507651813648,-3.8126190760430663,333.78108094406787,64.73032172099279,74.76360118822362,0.6734163789353512,75.6741383813876,2.043732639537173,68.48810883386959,155.90150957745269,-65.41674535896722,-34.41198000882755,-150.87288119931748,530045311821.0222,323.0873587659583
0.7101178571428571,1.408216945879205,-595.3149392720952,-238.5528408388926,-4.027169179010924,338.91851843949,54.596118824995685,74.1876156643531,0.7112939708790179,74.52599026069265,2.1588770937056743,69.83673570814928,158.63184305325842,-65.91443645033345,-34.23973314278364,-152.28988565677415,-679867836098.738,323.0873587659583
0.7101142857142857,1.4082240283254206,-596.7846424524635,-234.64939723466415,-4.097113522365354,336.853363589747,58.60998569213752,73.16419116453747,0.7236294920216291,82.19626717313045,2.196511120268067,70.8832294217287,160.98065337594895,-66.84699433598203,-34.69404032607406,-154.45702170997777,70185950112.02795,323.0873587659583
0.7101107142857143,1.4082311108428769,-598.2525060111336,-243.27538038813566,-3.6161269330458543,332.474625071914,66.23010839224247,74.21198932878157,0.6386618101106984,76.6790373784213,1.9387706089006471,67.70315630050541,154.46544040517375,-65.52983764684637,-34.94608056666308,-150.8128580122788,677334412701.1552,323.0873587659583
0.7101071428571428,1.4082381934315749,-595.9560296501542,-240.39989753849056,-3.876899774632475,339.1988992166272,55.483367273123115,74.38372713080469,0.6847008495975486,73.38397226398362,2.0787137709281422,69.14797705004457,157.31639194312194,-65.88793641916715,-34.57299675220975,-151.98873307604254,-707152361839.126,323.0873587659583
0.7101035714285714,1.4082452760915158,-595.4389014776274,-232.35706267329826,-4.348434393040104,337.09217701890486,55.8328488125376,73.09061266970765,0.7679593314684061,82.16936191894132,2.3316878204106395,71.9047196239873,162.8228999778503,-66.71908669835015,-34.02025587779976,-154.52752845373647,-103254333435.21542,323.0873587659583
0.7101,1.4082523588227012,-595.1574619352806,-241.36843703239737,-3.58768594294514,329.90559181768657,67.0376825622632,73.59686257908949,0.6335905914527037,77.64809240149279,1.9238857104566103,67.40360143828725,153.79614990019516,-65.30813581946904,-34.86466062037843,-150.2598934052452,881584406919.5251,323.0873587659583
0.7100964285714285,1.4082594416251315,-595.8775470625773,-242.9929941756682,-3.50524331785674,338.9385101606297,57.80472293274304,74.34093294076003,0.6190154182367295,72.256692095639,1.8797945743732938,67.52769641559628,154.28763304263427,-65.931868483455,-35.47048512219889,-151.51519228439074,-670439388270.6383,323.0873587659583
0.7100928571428571,1.4082665244988082,-596.1129940854519,-231.3868038799974,-4.545531264794698,339.0692602797098,52.96298594945848,73.30522709704317,0.8027067826288637,81.84900095536143,2.437834676779694,72.90127395444634,164.73444822592646,-66.86629927584346,-33.655238482365256,-155.128215610361,-393637331916.63,323.0873587659583
0.7100892857142856,1.408273607443732,-591.8079105811617,-237.7453011874712,-3.8612078296277677,326.9765657874186,66.2008337271611,73.09530251153237,0.6818431096363696,78.86822822263075,2.070952558221946,68.26808025871448,155.20722529532526,-64.8551231184097,-33.9230416996158,-149.64289249950858,1083360484960.209,323.0873587659583
0.7100857142857142,1.4082806904599043,-593.4848691065295,-244.878854560508,-3.0016133920639305,336.8758416122046,61.26169903908873,73.81832903242208,0.5300356028906361,71.57599485777655,1.6100118792910232,65.21899023420599,149.91743730426083,-65.84901829392486,-36.59227913401889,-150.56451556159323,-484387102385.39514,323.0873587659583
0.7100821428571428,1.4082877735473265,-598.4436294785049,-233.16093744499187,-4.458567385628998,342.4467252820909,51.42127850992553,73.7337640864209,0.7872898101231024,80.61270923087967,2.391646654331834,72.84785851122226,164.7970515982692,-67.28825453247696,-34.13646499316452,-155.91647518329435,-781877540674.4075,323.0873587659583
0.7100785714285714,1.4082948567059983,-590.2657963812469,-232.87730388559913,-4.452355250355928,325.68816409535566,63.05817280871771,72.9184291616852,0.7861729657041157,80.686275239576,2.3884648385095772,70.66575638861084,159.54953430690793,-64.55065438287531,-32.33641200746446,-149.82788963636344,1161498289693.5688,323.0873587659583
0.710075,1.4083019399359222,-588.1535818855087,-244.79285354699775,-2.677176754034907,331.73080670054634,64.73858884918991,73.02549973440323,0.47270950728442707,70.95418114878383,1.4362612861364352,63.21496205211562,145.85245302756607,-65.13882526381231,-36.8787546870972,-148.48877176139874,-87225238108.70177,323.0873587659583
0.7100714285714286,1.408309023237099,-600.2392637325155,-237.17628710004834,-3.8678711653853743,346.0175137910867,52.38628731686161,73.8106407001987,0.6829332868728398,79.06381437088676,2.0751800285356365,70.8133481489517,161.29533399623153,-68.04666966803723,-36.01864146057472,-156.70263985601153,-1166542285235.9485,323.0873587659583
0.7100678571428571,1.408316106609529,-592.625272846314,-229.32034986620076,-5.142251265939559,327.76954419248176,58.51632896215642,73.36289385603806,0.9079220382859698,82.28752916355526,2.7590809922503903,73.85760743925641,165.5666844443255,-64.69513583457575,-30.81577926630696,-151.1559071280884,986736496648.568,323.0873587659583
0.7100642857142857,1.4083231900532145,-581.1247976524603,-240.96013293386534,-2.877079521503613,324.505089566772,66.07215600832536,72.17993246157931,0.5079677159369974,71.28609763484945,1.5437977294525502,63.11366992432511,145.11404234930959,-63.876117735773626,-35.5720815488254,-145.96732460193223,469627602404.1149,323.0873587659583
0.7100607142857143,1.4083302735681558,-598.3598245764854,-242.09922293526492,-2.8513163378548483,346.6892992772517,56.30873538815267,73.24190056902695,0.5034062990851376,76.84846763738844,1.530069979018069,66.65062978321978,153.68967445252963,-68.51430565367545,-38.70392146787369,-156.21100441491365,-1356931200111.9224,323.0873587659583
0.7100571428571428,1.4083373571543538,-599.2719017203134,-229.56340738915088,-5.4664873154384805,334.20717697848846,54.65487719999296,74.2416514079002,0.9650961677628399,83.30695793253201,2.9336046716400603,76.11059719818365,170.19763794297734,-65.71752775527771,-30.731743951713142,-153.88789881548502,501536850086.80286,323.0873587659583
0.7100535714285714,1.40834444081181,-575.9755487322819,-233.88256509878138,-3.815859564087833,317.9713704851052,63.58082836300933,71.884373036317,0.6736644411494804,72.63927946053676,2.0479199969413293,66.12323616885796,150.0960080274228,-62.37961446619118,-32.381677457449996,-144.0261686602825,996825880315.4974,323.0873587659583
0.71005,1.4083515245405254,-590.2015979069548,-244.5083717631868,-1.8286384904615742,341.7487701625608,61.66054663407761,71.8507508045184,0.3228256899138732,74.58799476735474,0.9814672772055594,61.7259674317628,144.2655806258523,-68.04972892143982,-40.785534661508336,-153.6429167440606,-1168088877417.38,323.0873587659583
0.7100464285714285,1.4083586083405009,-607.3760674827746,-234.96001361056508,-4.901312969705811,343.3215201855422,54.42444506256982,74.88207765821802,0.8652500830136016,83.38816326638164,2.6307996259738715,75.11653641408729,169.14028309389428,-67.65317393425293,-33.33280239177795,-157.32339772667322,-184416653455.76083,323.0873587659583
0.7100428571428571,1.4083656922117378,-577.5562987175047,-226.8810696202283,-5.29494544633235,316.419416032335,57.38880015310118,72.74919127454149,0.9347160133599695,74.54749468983826,2.8422625943310624,71.96412861414765,160.59906530846814,-61.418009667387444,-28.28125761985243,-144.0750917379163,1208653872622.6216,323.0873587659583
0.7100392857142857,1.408372776154237,-576.2301960153158,-240.61170263125436,-1.534840295522961,330.7607339997256,64.80070008255095,70.0091784466111,0.2709382721211852,73.214255509593,0.823935625663491,58.976800440344036,138.33479455207214,-66.2205016649212,-40.25768144211259,-149.1322839957458,-559038964024.2816,323.0873587659583
0.7100357142857142,1.4083798601679998,-610.973184107256,-244.23264236125422,-3.2699163994570215,350.01300989974385,59.922492020943984,74.4786938765858,0.5772086058512113,81.9823136103638,1.7554727956697425,69.44626973643041,159.379624768426,-69.68957715655067,-38.49423610775914,-159.39744917272398,-752268586803.4185,323.0873587659583
0.7100321428571428,1.408386944253027,-588.7404096043891,-224.8291615202848,-6.526012800184173,323.64037400273713,50.4465622615617,74.6888919038032,1.1519485068395108,76.71032434103118,3.5037469048694603,78.01295988387308,172.19440569197,-62.124215196813346,-25.865259235107583,-147.45434344632554,851914979804.6738,323.0873587659583
0.7100285714285713,1.4083940284093197,-561.8938145210294,-229.40821594007983,-2.6726990968040893,317.2017674792319,61.639281266539875,68.84857882572086,0.47176335268349795,73.0642311847438,1.4350341310904429,61.64552841616587,142.0177198915433,-63.16279336820615,-35.56681158505535,-144.02618212576854,286257667015.6946,323.0873587659583
0.710025,1.408401112636879,-603.7096788336737,-251.36704647882544,-1.1881817873039222,348.1803940346722,69.29756098629862,72.45713536807614,0.2097229749047533,79.85181588323243,0.6380025533504379,60.808941535203964,143.55751968804566,-70.51003437882632,-43.90329349528114,-158.10569000278372,-878415928533.0999,323.0873587659583
0.7100214285714286,1.408408196935706,-607.2688734593422,-232.0353834177913,-6.407823266976657,339.4094045786359,48.15130631255527,76.76733538629402,1.1310000430091969,78.51437515346298,3.440942518917219,79.86096043223509,176.90756167866994,-65.13759172162685,-28.132935309279638,-153.94400822535303,56556083405.468475,323.0873587659583
0.7100178571428571,1.4084152813058022,-551.5157312058119,-220.66212253322115,-3.993724125509972,305.36994640832035,58.042662821862486,68.67725818269618,0.7048863997076057,71.22007233639609,2.144728512848301,65.02903633567858,146.98097042265007,-59.974183965539446,-30.360879605856393,-138.90374467799995,730804682284.1976,323.0873587659583
0.7100142857142857,1.4084223657471682,-576.6261793306617,-231.74970326211297,-2.0597185531591573,330.4985996454684,63.63245509964755,68.67749459597158,0.36352803990136867,82.75954812458993,1.1061894780333001,62.30874836090747,145.06333019895828,-67.47590689025222,-39.850455608265655,-152.6564986271172,-513811640195.5164,323.0873587659583
0.7100107142857143,1.408429450259805,-596.7691525018727,-244.7408310745877,-3.875848850860711,333.43295633596955,61.298272696413584,75.19766586949439,0.6840468331931799,70.16314988765689,2.0816889920753536,68.08712324933019,154.61441516195325,-64.52489930054185,-33.64626414024932,-148.80730398983033,-171808861251.9066,323.0873587659583
0.7100071428571428,1.4084365348437138,-567.0932311774188,-218.05408211222132,-4.5137770954665974,320.5220231624318,51.516206482219424,69.44927830913997,0.7966143021534372,80.00835388913605,2.4244681109498347,70.2278892702556,158.23261239722484,-63.628710941301705,-31.558896425630618,-147.76317079410325,1176755665611.6846,323.0873587659583
0.7100035714285714,1.4084436194988958,-649.0254337764244,-264.4892334013281,-3.3364256597246604,369.348161627505,66.07610408552745,80.03173215438669,0.5888144083980056,81.70575512117094,1.7921946428853726,72.23375629933375,165.87755708133878,-72.84697551781512,-40.41350589339863,-166.443481057166,-4123909333995.6045,323.0873587659583
0.71,1.4084507042253522,-75.17764784069702,-23.65396081414497,-1.6574798225266687,17.771218321251077,27.8024084049508,8.503521210090993,0.2925056124412223,22.6006313251481,0.8903880729468854,11.855965405255644,24.56424237329856,-5.667476616213853,0.1267166141537841,-15.0260603345699,323.5469195666956,323.0873587659583
