u,x,phi_prime,X_prime,F_prime,chain_phi_gradient,chain_phi_gradient_normalized,chain_X_gradient,chain_X_gradient_normalized,chain_F_gradient,chain_F_gradient_normalized,current_f2phiphi_control,implied_f2phiphi_control,current_f2Xphi_control,implied_f2Xphi_control,current_f2phiF_control,implied_f2phiF_control,current_response_v5,holonomic_response_v5,response_v5_scaled_change,current_response_c3,holonomic_response_c3,response_c3_scaled_change,current_response_e3,holonomic_response_e3,response_e3_scaled_change,current_response_v1,holonomic_response_v1,response_v1_scaled_change,current_response_v4,holonomic_response_v4,response_v4_scaled_change,current_response_c2,holonomic_response_c2,response_c2_scaled_change
0.71,1.4084507042253522,-1.277579716040595,0.12160518861583114,-7.0013986152698635,8972.988845818008,1.0,-788.5006723353658,0.9999995650824238,1536.104521111182,1.0,-375.5661945503169,-0.03686459451324596,617.1832832831125,0.00013421195803097456,-1202.348397318229,0.006729195357896266,-3873.2463227621683,0.02167743661758429,1.0000055967100492,337.2044016680053,-0.015192472358429177,1.00004505419349,323.0873587661293,-3.533003267844908,1.010935133090126,-0.003703074533973449,-0.003703074533973449,0.0,0.0,0.0,0.0,0.0003829691540317981,0.0003829691540317981,0.0
0.7100035714285714,1.4084436194988958,-1.2775573115330467,0.12625953984286298,-7.002189435050241,8982.134030460196,1.0,-788.9955542288589,0.999999286244478,1537.042937445422,1.0,-375.5789268518105,-0.058317607243073104,617.5815587147674,0.0002204012025888118,-1203.1001076342234,0.010644086963120773,-3875.7017961419424,0.03428917236353568,1.0000088472163668,337.4115142170638,-0.024026768307944264,1.0000712090942234,323.0873587661293,-5.406724482899392,1.0167345590478924,-0.005856975219899141,-0.005856975219899141,0.0,0.0,0.0,0.0,0.0006057064070148499,0.0006057064070148499,0.0
0.7100071428571428,1.4084365348437138,-1.2775348802789726,0.12317948439317661,-7.002983265403145,8986.50786719583,1.0,-789.490446649738,0.9999989738220658,1537.9827143177786,1.0,-375.5916600203138,-0.08602083575373361,617.979879779558,0.0003170788208667832,-1203.8517954870576,0.015698120578827482,-3878.157244818971,0.050570826310219245,1.0000130399112563,337.6186246825125,-0.0354396712059956,1.0001049695384527,323.0873587661293,-6.625517440996345,1.0205068915921045,-0.008637301904627748,-0.008637301904627748,0.0,0.0,0.0,0.0,0.0008931593492178535,0.0008931593492178535,0.0
0.7100107142857143,1.408429450259805,-1.2775124424087667,0.12546168368552912,-7.0037762442850635,8994.195163415656,1.0,-789.9853043011047,0.9999985446365615,1538.9238568829119,1.0,-375.6043940553383,-0.11989029921070425,618.3782270411996,0.00044998285883462584,-1204.603460876085,0.021876456247143274,-3880.6126687936394,0.07047468815939822,1.0000181607117675,337.82573306438366,-0.049383483361662525,1.0001461803484113,323.0873587661293,-9.14088804306991,1.0282923110268969,-0.012035743846809055,-0.012035743846809055,0.0,0.0,0.0,0.0,0.0012444361928487524,0.0012444361928487524,0.0
0.7100142857142857,1.4084223657471682,-1.2774900480589402,0.12836598390003928,-7.004570909426889,9002.27230061503,1.0,-790.4801023618666,0.9999980145865509,1539.866442513834,1.0,-375.6171289574762,-0.1600024826268668,618.776551942162,0.000614264253930672,-1205.355103797194,0.02919242770184288,-3883.068068066331,0.0940438079046237,1.0000242189439525,338.03283936271004,-0.06589113340055502,1.0001949252431355,323.0873587661293,-10.164718092519381,1.0314612064406927,-0.01605948518385958,-0.01605948518385958,0.0,0.0,0.0,0.0,0.0016602779589618422,0.0016602779589618422,0.0
0.7100178571428571,1.4084152813058022,-1.2774676689064208,0.12751670529556236,-7.005366062150301,9008.029261949674,1.0,-790.974886967191,0.9999974563149076,1540.8104801851284,1.0,-375.62986472812185,-0.20654949471361966,619.1748818522984,0.0007874939598508991,-1206.1067242437205,0.03767978972390548,-3885.523442637509,0.12138702433459127,1.0000312408420968,338.23994357753025,-0.08505148151433815,1.0002514530975104,323.0873587661293,-10.560078752212469,1.0326849022894038,-0.020726945244746275,-0.020726945244746275,0.0,0.0,0.0,0.0,0.002142611455766996,0.002142611455766996,0.0
0.7100214285714286,1.408408196935706,-1.2774452612733718,0.12569070759670353,-7.006160498827512,9013.180567177265,0.9999999999999998,-791.469678672582,0.9999968534820767,1541.7558982722321,1.0,-375.6426013668205,-0.2594517723191937,619.5732591111714,0.0009747507158538079,-1206.8583222148804,0.04732377373324868,-3887.97879250748,0.1524568586630945,1.000039212368894,338.4470457088704,-0.10682827902466083,1.0003156425218631,323.0873587661293,-11.765710014929038,1.0364164975685284,-0.02602984994177859,-0.02602984994177859,0.0,0.0,0.0,0.0,0.0026905519970910063,0.0026905519970910063,0.0
0.710025,1.408401112636879,-1.2774228359138233,0.12457120651981768,-7.006954523157219,9018.768962633463,1.0000000000000002,-791.9644580301435,0.9999961738118021,1542.7026896154625,1.0,-375.6553388730837,-0.3186238676726606,619.9716733354992,0.0011860664188971916,-1207.609897710002,0.0581087194174615,-3890.434117676553,0.18720295766445819,1.0000481187836632,338.6541457567565,-0.1311805484444478,1.000387358460211,323.0873587661292,-13.20842346440951,1.0408818949613272,-0.031959434942677944,-0.031959434942677944,0.0,0.0,0.0,0.0,0.0033031632484608053,0.0033031632484608053,0.0
0.7100285714285713,1.4083940284093197,-1.2774003896045352,0.12339327543438117,-7.007748080347483,9024.320686982104,1.0,-792.4592347143337,0.9999954367661544,1543.6508301898787,1.0,-375.6680772464227,-0.38398342182211687,620.3701276905979,0.001415450211197326,-1208.3614507284435,0.07001895959289367,-3892.8894181451114,0.2255749442390663,1.0000579453768166,338.861243721221,-0.15807604890036878,1.0004664919692923,323.0873587661293,-13.616153283830116,1.0421438750678151,-0.03850693589356524,-0.03850693589356524,0.0,0.0,0.0,0.0,0.003979508872987481,0.003979508872987481,0.0
0.7100321428571428,1.408386944253027,-1.2773779245697925,0.12146181695243286,-7.008541186204525,9029.404194165465,1.0,-792.9540211322852,0.999994677167071,1544.6003025425093,1.0,-375.6808164863497,-0.4554488703699453,620.7686200553883,0.0016521282230323427,-1209.1129812695904,0.08303882189095001,-3895.344693913619,0.2675224228443121,1.0000686774711522,339.06833960230273,-0.18748513935116703,1.0005529420398587,323.0873587661293,-14.627230999993147,1.0452733002487455,-0.04566358846284402,-0.04566358846284402,0.0,0.0,0.0,0.0,0.004718652536269019,0.004718652536269019,0.0
0.7100357142857142,1.4083798601679998,-1.277355435038106,0.12171722000212526,-7.009333703068819,9035.844887043313,1.0,-793.4487690301182,0.9999937643360267,1545.551079544938,1.0,-375.693556592376,-0.5329287635630529,621.1671560796435,0.0019367008665931006,-1209.8644893328092,0.09715262695692699,-3897.799944982459,0.31299497369035,1.0000803004202647,339.2754334000343,-0.21935010154304502,1.000646525153162,323.08735876612934,-19.851351595189154,1.061442675043064,-0.05342062829799943,-0.05342062829799943,0.0,0.0,0.0,0.0,0.005519657901544406,0.005519657901544406,0.0
0.7100392857142857,1.408372776154237,-1.2773329799561668,0.1253719173960235,-7.010127338222787,9044.401067399707,0.9999999999999998,-793.9433939590508,0.9999925780552981,1546.503224365561,1.0,-375.70629756438336,-0.6163835724456777,621.5656784420822,0.0023066216068399316,-1210.6159749162523,0.1123540576313267,-3900.2551713519388,0.3619723375360796,1.0000928073476307,339.48252511444156,-0.2536361780138768,1.0007471258732048,323.0873587661293,-21.79716738658504,1.0674652436722638,-0.06177442893374519,-0.06177442893374519,0.0,0.0,0.0,0.0,0.006382126281778255,0.006382126281778255,0.0
0.7100428571428571,1.4083656922117378,-1.277310559408647,0.12564318209945213,-7.010922097622142,9050.858195505823,1.0,-794.4380423278758,0.9999914876655673,1547.4567903958525,1.0,-375.7190394041305,-0.7060669376390104,621.9641869911496,0.002647194849344934,-1211.3674380120478,0.12868483553484894,-3902.710373022445,0.4145890228952542,1.000106231050544,339.689614745557,-0.29050069615111307,1.000855194517409,323.0873587661293,-18.497944921878318,1.0572536944575053,-0.07074778271351079,-0.07074778271351079,0.0,0.0,0.0,0.0,0.007308428480996554,0.007308428480996554,0.0
0.7100464285714285,1.4083586083405009,-1.2772881146025392,0.1237197092632698,-7.0117162729596885,9055.949942659068,0.9999999999999998,-794.9327489133146,0.9999904885316876,1548.4117009100573,1.0,-375.7317821115072,-0.8019575624570144,622.3627389545261,0.0029598058112114975,-1212.11887861834,0.14614068929287638,-3905.165549994361,0.4708313642713819,1.0001205663007735,339.89670229341306,-0.32993323643000866,1.0009706867827897,323.0873587661293,-18.79548835501496,1.0581746324795713,-0.0803382063799063,-0.0803382063799063,0.0,0.0,0.0,0.0,0.008298298051741426,0.008298298051741426,0.0
0.71005,1.4083515245405254,-1.277265651022011,0.12253422225933264,-7.012509995603864,9061.50023054588,1.0,-795.4274350525626,0.9999893912147477,1549.3679449128306,1.0,-375.7445256860248,-0.9039709542415884,622.761329031495,0.0033033881240027976,-1212.870296734471,0.16470790461518697,-3907.620702267995,0.5306552725665367,1.0001358000975527,340.10378775803576,-0.3718705274689738,1.0010934030753387,323.0873587661293,-20.879498590270668,1.064624931999845,-0.09053801521304194,-0.09053801521304194,0.0,0.0,0.0,0.0,0.00935092479862476,0.00935092479862476,0.0
0.7100535714285714,1.40834444081181,-1.2772431664698052,0.12141926922319612,-7.013303251759453,9067.09399383419,1.0,-795.9221204621583,0.9999882419460996,1550.3255020947688,1.0,-375.7572701271952,-1.0120369282534574,623.1599594027583,0.003663595733985266,-1213.6216923598352,0.184372760670113,-3910.075829843808,0.5940166360869874,1.0001519194670223,340.31087113946404,-0.41628930504632977,1.00122326184777,323.0873587661293,-20.624627872032576,1.063836071924318,-0.10133952447188221,-0.10133952447188221,0.0,0.0,0.0,0.0,0.010465498523956285,0.010465498523956285,0.0
0.7100571428571428,1.4083373571543538,-1.2772206642942503,0.11959589432782991,-7.014096095400532,9072.245657417405,1.0,-796.4168367240853,0.9999871253133692,1551.2843588715393,1.0,-375.77001543452985,-1.1260873825291773,623.5586268397628,0.004014086798323408,-1214.373065493783,0.205121532910177,-3912.53093272211,0.6608713296454057,1.0001689114644738,340.5179524377238,-0.46317284583009016,1.0013602009600795,323.0873587661293,-19.968736015874253,1.0618059960381454,-0.1127350494368784,-0.1127350494368784,0.0,0.0,0.0,0.0,0.011641209032433153,0.011641209032433153,0.0
0.7100607142857143,1.4083302735681558,-1.2771981335099103,0.11871533170508997,-7.014888223301909,9077.98430116572,0.9999999999999998,-796.9115231933081,0.9999858718054945,1552.2444842326258,1.0,-375.7827616075404,-1.2460391366222532,623.9573421105077,0.00440772648281136,-1215.124416135695,0.2269404833846914,-3914.9860109032834,0.7311751833480392,1.0001867631662826,340.7250316528475,-0.5124611412325712,1.0015040313849166,323.08735876612934,-28.19286606387664,1.0872608144482818,-0.12471690537893211,-0.12471690537893211,0.0,0.0,0.0,0.0,0.012877246127587227,0.012877246127587227,0.0
0.7100642857142857,1.4083231900532145,-1.2771756175695541,0.12175569250851481,-7.015680901486576,9086.17200339112,1.0000000000000002,-797.4059853799918,0.9999840618428304,1553.205914645064,1.0,-375.7955086457702,-1.371800249117193,624.3560627861805,0.004975582180035097,-1215.8757442848748,0.24981689737783122,-3917.441064387792,0.8048873225458265,1.0002054625224264,340.93210878487423,-0.5640538044421017,1.0016544461196466,323.0873587661293,-35.03173508011686,1.1084280586337487,-0.1372779493606231,-0.1372779493606231,0.0,0.0,0.0,0.0,0.014172856529611977,0.014172856529611977,0.0
0.7100678571428571,1.408316106609529,-1.2771531455404528,0.12347845061410112,-7.016474972148103,9093.541693106125,1.0,-797.9004454274852,0.9999822988419694,1554.1687395078773,1.0,-375.8082565506001,-1.5036409313295243,624.7547603978057,0.0055294903112906805,-1216.627049934635,0.27379311203030854,-3919.896093175941,0.8821442448149995,1.0002250427623198,341.13918383382975,-0.6181496681385813,1.00181201602581,323.08735876612934,-27.88911204011766,1.0863206537904366,-0.15044129010198048,-0.15044129010198048,0.0,0.0,0.0,0.0,0.015530460939245927,0.015530460939245927,0.0
0.7100714285714286,1.408309023237099,-1.27713066627167,0.12192404667754886,-7.017268958602017,9098.864961206935,1.0,-798.3950758645398,0.9999809349296351,1555.1329116708025,1.0,-375.8210053226344,-1.6416499459823524,625.1534849363302,0.00595935439730248,-1217.378333080768,0.2988809592840272,-3922.351097267964,0.9629841658455305,1.0002455119753344,341.3462567997337,-0.6748357187768703,1.0019769829178844,323.0873587661293,-23.830484669355144,1.0737586415029166,-0.16421330701007264,-0.16421330701007264,0.0,0.0,0.0,0.0,0.016950710442884542,0.016950710442884542,0.0
0.710075,1.4083019399359222,-1.277108163594696,0.12048349567510286,-7.018062363127115,9104.258533811595,1.0,-798.8897097298784,0.9999795260517786,1556.09838158248,1.0,-375.8337549613853,-1.7856746721227887,625.5522522555394,0.006403827767013292,-1218.129593722725,0.32505713668678143,-3924.8060766644744,1.047332099889721,1.0002668493880797,341.55332768263787,-0.733983405649372,1.002148956974389,323.0873587661293,-26.307725149873818,1.0814260429449887,-0.17858106441940436,-0.17858106441940436,0.0,0.0,0.0,0.0,0.01843222478719042,0.01843222478719042,0.0
0.7100785714285714,1.4082948567059983,-1.2770856416638117,0.11931073422138638,-7.01885532982692,9109.81907907978,0.9999999999999998,-799.384332843901,0.9999780432545046,1557.065124437673,1.0,-375.8465054663642,-1.9355877161541497,625.9510583286382,0.006871999483542272,-1218.8808318598424,0.35229835458743386,-3927.261031365705,1.1351130998379513,1.0002890342889794,341.7603964825618,-0.795534955926685,1.0023277564168185,323.0873587661293,-27.100147162572,1.08387869852311,-0.1935316267190501,-0.1935316267190501,0.0,0.0,0.0,0.0,0.01997362372480893,0.01997362372480893,0.0
0.7100821428571428,1.4082877735473265,-1.2770631000528225,0.11792878012735741,-7.019647851091804,9115.248149081797,1.0,-799.8789802083458,0.9999765734667727,1558.0331098413953,1.0,-375.85925683708217,-2.0912682946727763,626.349903611268,0.007336689351057793,-1219.6320474914592,0.38058131047796345,-3929.715961371886,1.2262521745482058,1.0003120460070403,341.967463199525,-0.8594523693626702,1.0025132577272744,323.0873587661293,-24.370246668390845,1.0754292794415135,-0.20905205828728413,-0.20905205828728413,0.0,0.0,0.0,0.0,0.02157352700719173,0.02157352700719173,0.0
0.7100857142857142,1.4082806904599043,-1.2770405360633885,0.11627810305526509,-7.020439819327748,9120.508049711787,1.0,-800.3736638127617,0.9999751423400771,1559.0023046090196,1.0,-375.8720090730523,-2.252591737726709,626.748790790529,0.007789850968041316,-1220.3832406171118,0.4098826887526354,-3932.1708666838636,1.320674288067213,1.0003358639115245,342.17452783359886,-0.9256871672540243,1.002705307063956,323.0873587661293,-30.27034405167141,1.0936908957604343,-0.22512942344951622,-0.22512942344951622,0.0,0.0,0.0,0.0,0.023230554380020862,0.023230554380020862,0.0
0.7100892857142856,1.408273607443732,-1.277017961057607,0.11772881619725695,-7.021231591403421,9127.712455436147,1.0,-800.868073515891,0.9999729930500413,1559.9726927442023,1.0,-375.8847621737852,-2.4193888422536722,627.1477087500651,0.008468787751496697,-1221.1344112360528,0.4401791888592528,-3934.6257473015608,1.418304450333877,1.0003604674348778,342.38159038477687,-0.9940569586914441,1.0029033598377013,323.0873587661293,-47.90289370482524,1.1482660723333975,-0.24175078662790384,-0.24175078662790384,0.0,0.0,0.0,0.0,0.0249433255996081,0.0249433255996081,0.0
0.7100928571428571,1.4082665244988082,-1.276995429015083,0.12095799519343586,-7.022024728567203,9136.036802251485,1.0,-801.3622458260683,0.9999703025555651,1560.9443498366325,1.0,-375.8975161397353,-2.591713204821248,627.5466044564623,0.009318403574492616,-1221.8855593446665,0.47147840961321585,-3937.080603225517,1.5191672306229467,1.0003858613484768,342.58865085310447,-1.0646090987529175,1.0031075433938101,323.0873587661292,-42.73013393194438,1.132255666378068,-0.25892014682074205,-0.25892014682074205,0.0,0.0,0.0,0.0,0.02671224571142261,0.02671224571142261,0.0
0.7100964285714285,1.4082594416251315,-1.2769729159086503,0.12025450448393826,-7.02281853485033,9141.896082319785,1.0,-801.8567580711829,0.9999684742819116,1561.917305552192,1.0,-375.9102709724005,-2.769903929067111,627.9455014550052,0.009898372453533883,-1222.6366849358938,0.5038265766662958,-3939.5354344561156,1.623411661086927,1.0004120820051237,342.79570923861405,-1.1376888740642987,1.003318853892866,323.08735876612934,-26.892418903631164,1.083235750870394,-0.2766627720134238,-0.2766627720134238,0.0,0.0,0.0,0.0,0.028539969961144607,0.028539969961144607,0.0
0.7101,1.4082523588227012,-1.2769503740586037,0.1183797611823536,-7.023611621542955,9147.019000570888,1.0,-802.3514109576467,0.9999669352631141,1562.8914851442373,1.0,-375.923026671356,-2.9538585589165622,628.3444466328029,0.010388193642263725,-1223.3877880088958,0.5372108748203118,-3941.9902409936662,1.7309965381818415,1.0004391174083032,343.00276554133166,-1.213169237156578,1.0035369080340852,323.08735876612934,-28.71336334058455,1.0888718254104428,-0.29497153305874235,-0.29497153305874235,0.0,0.0,0.0,0.0,0.030425744982750302,0.030425744982750302,0.0
0.7101035714285714,1.4082452760915158,-1.2769278146182905,0.11726243404129377,-7.024404295451291,9152.617169567284,0.9999999999999998,-802.8459935635241,0.9999651769384301,1563.866883297585,1.0,-375.9357832361136,-3.1434682328040173,628.7434290622408,0.010947576185053072,-1224.1388685630927,0.5716165515795956,-3944.445022838628,1.8418744145400092,1.0004669540084539,343.2098197612963,-1.290929559322621,1.0037613421440579,323.08735876612934,-32.739036285562115,1.1013318391985143,-0.3138381899793785,-0.3138381899793785,0.0,0.0,0.0,0.0,0.032368700408838436,0.032368700408838436,0.0
0.7101071428571428,1.4082381934315749,-1.2769052340929878,0.11610417616233804,-7.025196500820357,9158.189151655435,1.0,-803.3405939785458,0.999963413487135,1564.8434767505605,1.0,-375.948540666185,-3.3386663491218247,629.1424522214905,0.011509274753163433,-1224.8899265978378,0.6070288297913442,-3946.8997799912363,1.9559977616979967,1.0004955782692062,343.41687189852723,-1.3709730493197805,1.0039921540305827,323.0873587661293,-27.675312695995686,1.085658915290551,-0.33325450283018654,-0.33325450283018654,0.0,0.0,0.0,0.0,0.03436796587557467,0.03436796587557467,0.0
0.7101107142857143,1.4082311108428769,-1.2768826352786717,0.11415642798260706,-7.0259882661061965,9163.263682878076,0.9999999999999998,-803.8353128773507,0.9999618997081902,1565.8212499442843,1.0,-375.9612989610821,-3.539388045723697,629.5415133947436,0.011993086153456737,-1225.640962112559,0.6434329309631299,-3949.3545124519483,2.073319045227904,1.000524976686365,343.62392195306364,-1.453309980540576,1.0042293620661809,323.0873587661293,-27.942415037822744,1.0864856339305098,-0.35321223163430204,-0.35321223163430204,0.0,0.0,0.0,0.0,0.03642267101560037,0.03642267101560037,0.0
0.7101142857142857,1.4082240283254206,-1.2768600104355867,0.11420776245682873,-7.026779398678855,9169.596213879739,0.9999999999999998,-804.3297788869863,0.9999596995849158,1566.8001743754821,1.0,-375.9740581203167,-3.7455010149250265,629.940620254652,0.012693690017832,-1226.3919751066917,0.6808140559866418,-3951.8092202212283,2.1937906626224977,1.0005551357720908,343.8309699249443,-1.537745957098278,1.0044723893180243,323.08735876612934,-56.36507405287796,1.1744576893015444,-0.37370313641554276,-0.37370313641554276,0.0,0.0,0.0,0.0,0.03853194546161376,0.03853194546161376,0.0
0.7101178571428571,1.408216945879205,-1.2768374176323292,0.11785455559592606,-7.0275715775738945,9178.197471509602,1.0,-804.823669949025,0.9999561049978761,1567.7803003223353,1.0,-375.9868181436924,-3.956877045739843,630.3397155177379,0.013834685212423094,-1227.142965578671,0.7191558412263611,-3954.2639032993825,2.3173599682962065,1.0005860407967113,344.0380158141953,-1.6241218480867339,1.0047207627454866,323.0873587661293,-61.18329888231139,1.1893707606387647,-0.39471803828098473,-0.39471803828098473,0.0,0.0,0.0,0.0,0.04069481572274469,0.04069481572274469,0.0
0.7101214285714286,1.4082098635042295,-1.2768148616175419,0.1183316284311502,-7.028364940241886,9184.80487182243,1.0,-805.3179645330482,0.9999535559286488,1568.7616157365762,1.0,-375.9995790329537,-4.173580754262656,630.7387944278006,0.014647378928123756,-1227.8939335205982,0.7584442792495157,-3956.71856168672,2.4439819073846114,1.000617678985574,344.2450596208426,-1.7128254574038777,1.0049755992411058,323.0873587661293,-32.710018039531604,1.1012420237190683,-0.41624911189330754,-0.41624911189330754,0.0,0.0,0.0,0.0,0.042910424773353384,0.042910424773353384,0.0
0.710125,1.408202781200493,-1.2767922830585554,0.1164272087709719,-7.029157773681504,9189.909982739699,1.0,-805.8126457129076,0.9999519156137173,1569.7440734960096,1.0,-376.01234078807806,-4.395717865610499,631.1379155718338,0.015174304488552294,-1228.6448789303356,0.7986995785257976,-3959.1731953835483,2.5737216804390983,1.0006500654438255,344.452101344912,-1.8038794311592818,1.0052369529003191,323.0873587661293,-28.776632638472467,1.0890676526261207,-0.4383074028963847,-0.4383074028963847,0.0,0.0,0.0,0.0,0.04517993233001505,0.04517993233001505,0.0
0.7101285714285714,1.4081956989679938,-1.2767696852756245,0.11522056381468815,-7.0299501395538755,9195.454699350257,1.0,-806.3072329013107,0.9999499955279606,1570.7277096885016,1.0,-376.0251034085775,-4.623359652595871,631.5370757092339,0.015790233813243692,-1229.3958018073397,0.8399468973443246,-3961.6278043904067,2.7066604407131343,1.0006832192660082,344.65914098644913,-1.8971363309443405,1.005504384202649,323.0873587661293,-35.61602401369139,1.1102365135847747,-0.4609065932269232,-0.4609065932269232,0.0,0.0,0.0,0.0,0.047504782835289916,0.047504782835289916,0.0
0.7101321428571428,1.4081886168067312,-1.2767470667304022,0.11409351817570723,-7.030742041999929,9201.049213214425,1.0,-806.8018228790061,0.9999480336167894,1571.71255443488,1.0,-376.0378668939636,-4.856660727725192,631.9362764004445,0.01642014799990631,-1230.1467021510025,0.8822113986872706,-3964.0823887076017,2.842879359460355,1.0007171595039395,344.8661785454799,-1.9926942196438469,1.0057781665573826,323.0873587661293,-31.245218172760765,1.0967082658141942,-0.48406036484368536,-0.48406036484368536,0.0,0.0,0.0,0.0,0.04988642073402616,0.04988642073402616,0.0
0.7101357142857142,1.4081815347167042,-1.2767244303204848,0.11232960076205245,-7.031533530039269,9206.240629411386,1.0000000000000002,-807.2965499382935,0.9999463671058708,1572.698643326477,1.0,-376.0506312437484,-5.095780790708309,632.3355148158228,0.01695744659863807,-1230.8975799607383,0.9255182560759487,-3966.536948335516,2.9824596447751555,1.0007519051715947,345.0732140220365,-2.090668414171463,1.0060586227189399,323.0873587661291,-25.355967196700984,1.0784802206237205,-0.5077823997285122,-0.5077823997285122,0.0,0.0,0.0,0.0,0.0523262904736157,0.0523262904736157,0.0
0.7101392857142856,1.4081744526979114,-1.276701765943276,0.11130010842941829,-7.032324316138329,9211.895494366325,0.9999999999999998,-807.7911612895517,0.999944353747602,1573.6859959010683,1.0,-376.0633964574439,-5.3408244161196885,632.7348010041057,0.017605150049187394,-1231.648435235973,0.9698926147518419,-3968.991483274539,3.125482416500943,1.000787475213709,345.2802474161517,-2.1910052024407003,1.0063455851263914,323.08735876612906,-54.57609825141676,1.1689205621038314,-0.5320863798294795,-0.5320863798294795,0.0,0.0,0.0,0.0,0.054825836497840896,0.054825836497840896,0.0
0.7101428571428571,1.408167370750352,-1.276679112309623,0.11412557369530418,-7.0331155353693475,9219.99181072925,1.0,-808.2849526543968,0.9999403122443162,1574.6746913285233,1.0,-376.0761625345735,-5.591837434679402,633.1340966246244,0.01889574055936743,-1232.399267976091,1.0153591965900974,-3971.44599352505,3.272027433048416,1.0008238881854072,345.4872787278577,-2.293470145847262,1.0066383635145473,323.0873587661287,-80.13992537099594,1.2480441378983396,-0.5569856626470937,-0.5569856626470937,0.0,0.0,0.0,0.0,0.05738646866758756,0.05738646866758756,0.0
0.7101464285714285,1.408160288874025,-1.2766565031320374,0.11611319758642935,-7.033908158937379,9227.562358798661,0.9999999999999998,-808.7788303904555,0.9999365402812461,1575.6646976598217,1.0,-376.08892947638793,-5.848632371881625,633.5333681952782,0.020102562534950186,-1233.1500781747743,1.0618604275230115,-3973.90047908728,3.4219092520378993,1.0008610958603634,345.69430795717375,-2.3983291805957436,1.006937716720788,323.087358766128,-48.925831576511385,1.1514322063337896,-0.5824484590175416,-0.5824484590175416,0.0,0.0,0.0,0.0,0.06000478579022683,0.06000478579022683,0.0
0.71015,1.408153207068929,-1.2766338907048929,0.1146648404879329,-7.034700808848129,9232.957379662379,1.0000000000000002,-809.2734481931195,0.9999345781219808,1576.6559222012786,1.0,-376.1016972836363,-6.111154523417672,633.932663006963,0.02073721100943401,-1233.900865827436,1.109369824954918,-3976.354939961759,3.5750426196077596,1.0008990753274258,345.9013351041446,-2.5057887374999965,1.0072442297360475,323.08735876612633,-27.650508763630313,1.0855821436939774,-0.6084601952835555,-0.6084601952835555,0.0,0.0,0.0,0.0,0.06267922547800708,0.06267922547800708,0.0
0.7101535714285714,1.4081461253350631,-1.2766112537785403,0.11314960354133063,-7.035492848468834,9238.309094291808,1.0,-809.7681094036034,0.9999326686733887,1577.6483838820614,1.0,-376.11446595582896,-6.379499995812809,634.3320021838674,0.02135592657095325,-1234.6516309334982,1.1579228460920852,-3978.80937614886,3.7315418871676167,1.0009378538990927,346.10836016880177,-2.6156257651650963,1.0075572452624069,323.0873587661227,-34.631037820301515,1.1071878452705737,-0.6350402346042756,-0.6350402346042756,0.0,0.0,0.0,0.0,0.06541184346245643,0.06541184346245643,0.0
0.7101571428571428,1.4081390436724266,-1.2765885979047833,0.11197924098127032,-7.036284452717723,9243.878991833417,1.0,-810.2627092278578,0.9999305618249553,1578.64213484398,1.0,-376.127235492476,-6.653853162700415,634.7313802529779,0.02203805948545343,-1235.4023734923153,1.207555058625879,-3981.2637876487165,3.891521766231365,1.000977458910988,346.3153831511564,-2.727877697599417,1.0078768597362848,323.0873587661156,-36.707648409017956,1.1136152418627767,-0.6622079401706742,-0.6622079401706742,0.0,0.0,0.0,0.0,0.0682046954785136,0.0682046954785136,0.0
0.7101607142857143,1.408131962081018,-1.2765659220543424,0.11065010300839617,-7.037075601224842,9249.347575368585,1.0,-810.7573694669209,0.9999285567032277,1579.6372190823568,1.0,-376.1400058930852,-6.934429124282091,635.1307982756446,0.022688729534048588,-1236.153093503366,1.2583020164908423,-3983.718174461825,4.055096928043146,1.0010179176212912,346.5224040512503,-2.8426770031904414,1.00820344361564,323.08735876610126,-26.231814405981233,1.081191088707905,-0.6899826751210867,-0.6899826751210867,0.0,0.0,0.0,0.0,0.07105983725541876,0.07105983725541876,0.0
0.7101642857142857,1.408124880560836,-1.276543224736974,0.10891651343888498,-7.037866212299605,9254.55841731341,0.9999999999999998,-811.2521631411397,0.9999268307284622,1580.6336800142753,1.0,-376.15277715716206,-7.2214356275552305,635.5302577748454,0.02325149364819172,-1236.9037909661113,1.3101992730034142,-3986.1725365885745,4.222382045919057,1.0010592572215984,346.7294228691161,-2.9601351733075116,1.0085373059742464,323.0873587660742,-40.60252520987584,1.1256704235193349,-0.7183838026052172,-0.7183838026052172,0.0,0.0,0.0,0.0,0.07397932452360578,0.07397932452360578,0.0
0.7101678571428571,1.40811779911188,-1.2765205131324435,0.11012457459636948,-7.038656517857021,9261.63920648797,1.0,-811.7461505046778,0.9999230794699515,1581.631571867499,1.0,-376.165549284206,-7.514946458500458,635.9297516389972,0.024458967483243933,-1237.654465879917,1.3632824415302607,-3988.6268740289925,4.3934919907662175,1.0011015048861485,346.9364396047557,-3.079933355606568,1.0088775147376141,323.087358766024,-94.5355465565651,1.2926005737817385,-0.7474306858151749,-0.7474306858151749,0.0,0.0,0.0,0.0,0.07696521301814128,0.07696521301814128,0.0
0.7101714285714286,1.4081107177341488,-1.2764978434942076,0.11350649807408786,-7.0394481300529606,9270.106912823487,1.0,-812.2394243683286,0.999917623249218,1582.630951883258,1.0,-376.1783222745229,-7.81492668043431,636.3292238107564,0.026210446508321855,-1238.4051182415972,1.4175418195120342,-3991.081186783404,4.568395595268756,1.0011446511312265,347.143454258196,-3.202104536416252,1.0092241535801352,323.08735876593335,-79.23649583957959,1.2452478987176465,-0.7771177135215339,-0.7771177135215339,0.0,0.0,0.0,0.0,0.08001689908650178,0.08001689908650178,0.0
0.710175,1.4081036364276411,-1.2764751963129273,0.11296557906021576,-7.040240468921411,9276.08147354212,1.0000000000000002,-812.73379040874,0.9999148776708553,1583.6316921361442,1.0,-376.1910961296623,-8.121177406988904,636.7286936696619,0.027101068172180044,-1239.155748043749,1.472896140197629,-3993.5354748517616,4.746831054883502,1.0011886287438225,347.350466829432,-3.327230765322167,1.00957888669531,323.08735876577373,-27.37174631749349,1.0847193354207862,-0.8074002280455943,-0.8074002280455943,0.0,0.0,0.0,0.0,0.08312961190509327,0.08312961190509327,0.0
0.7101785714285714,1.408096555192356,-1.2764525204759738,0.11105094154802941,-7.041032027678511,9281.180425896728,1.0,-813.2286054126112,0.9999131760802629,1584.633764767234,1.0,-376.2038708491848,-8.433760406256047,637.1282121973652,0.027660185161877338,-1239.9063552854718,1.5293733042160362,-3995.989738233881,4.9288883821948515,1.0012334587186336,347.5574773184468,-3.4550865696493163,1.0099410508912274,323.0873587654991,-30.78990797853213,1.0952990178760904,-0.8382935208746858,-0.8382935208746858,0.0,0.0,0.0,0.0,0.08630495531552639,0.08630495531552639,0.0
0.7101821428571429,1.4080894740282923,-1.2764298270400105,0.10993137552026155,-7.0418230678760665,9286.78511262327,1.0,-813.7231957173495,0.9999108782710504,1585.6372266422297,1.0,-376.2166464325184,-8.752773261402883,637.5277684048875,0.02841005446344167,-1240.6569399662294,1.5870072151513714,-3998.443976929325,5.114676939572117,1.0012791668381709,347.7644857252012,-3.585464004127125,1.010310034955554,323.08735876503727,-42.03361453045524,1.1300998426280857,-0.8698160143673022,-0.8698160143673022,0.0,0.0,0.0,0.0,0.08954486633710701,0.08954486633710701,0.0
0.7101857142857142,1.4080823929354496,-1.2764071124716811,0.10878806926800166,-7.042613480079581,9292.374006207221,1.0,-814.2178152171555,0.9999086033170839,1586.642116457628,1.0,-376.2294228790444,-9.078439803943361,637.9273658583577,0.029153554859520148,-1241.407502085369,1.6458317253432186,-4000.8981909367853,5.304305928110323,1.0013257787814063,347.971492049581,-3.7185474452594387,1.0106863565844342,323.0873587642765,-27.96104411107254,1.0865432934857497,-0.9019861309244561,-0.9019861309244561,0.0,0.0,0.0,0.0,0.09285128199354631,0.09285128199354631,0.0
0.7101892857142856,1.4080753119138258,-1.2763843799122907,0.1068356911118542,-7.043403225321754,9297.445730603586,1.0,-814.712741267284,0.9999070368096528,1587.6484812171202,1.0,-376.24220018807887,-9.410986077348293,638.327001456926,0.029671836464452473,-1242.158041642435,1.7058807021950337,-4003.352380254852,5.497884601329304,1.0013733201774706,348.17849629146184,-3.8545331432036836,1.0110705663453066,323.0873587630477,-26.123853366986513,1.080856934381471,-0.9348222928972518,-0.9348222928972518,0.0,0.0,0.0,0.0,0.09622613930316959,0.09622613930316959,0.0
0.7101928571428571,1.4080682309634205,-1.2763616201853232,0.10669705755842074,-7.044191952706797,9303.67413829249,1.0,-815.2070475956624,0.9999038908686894,1588.656352531648,1.0,-376.25497835884033,-9.750478172629236,638.7266844197841,0.030695208437148694,-1242.9085586368312,1.7671879599528302,-4005.8065448806287,5.695522045304163,1.0014218165509223,348.38549845059134,-3.9930995069563884,1.0114617270945987,323.08735876109944,-97.03291789035778,1.3003302829997347,-0.9683429226653288,-0.9683429226653288,0.0,0.0,0.0,0.0,0.09967137528745695,0.09967137528745695,0.0
0.7101964285714285,1.4080611500842324,-1.2763388898321317,0.11029354490469245,-7.044981139109154,9312.29125577383,1.0,-815.6998982173233,0.9998972074764145,1589.6658289113211,1.0,-376.2677573906355,-10.09693560433229,639.1263581728161,0.03285039401078916,-1243.6590530672795,1.8297756249177144,-4008.2606848099226,5.8972896802323325,1.0014712839667792,348.5924985266039,-4.133954972466169,1.0118589900526809,323.0873587580643,-112.10190849069893,1.3469708902310955,-1.0025598305571748,-1.0025598305571748,0.0,0.0,0.0,0.0,0.10318822535856498,0.10318822535856498,0.0
0.7101999999999999,1.4080540692762604,-1.2763161980882136,0.1109873353646833,-7.045770835820804,9319.056571426256,1.0,-816.1937523075228,0.9998930326928126,1590.6768130086766,1.0,-376.280537284561,-10.450217834073813,639.526013400143,0.03420601722765548,-1244.4095249259603,1.893558425439483,-4010.71480003653,6.102912786765964,1.0015216521470713,348.7994965189591,-4.277959522512629,1.0122648099128781,323.0873587534133,-39.40332202542618,1.1219587240350668,-1.0374261319468587,-1.0374261319468587,0.0,0.0,0.0,0.0,0.1067716967850032,0.1067716967850032,0.0
0.7102035714285714,1.4080469885395033,-1.2762934860651511,0.10912539620230177,-7.046559046534753,9324.186137863162,1.0000000000000002,-816.6886207666691,0.9998912964663688,1591.6892351881525,1.0,-376.2933180398182,-10.810340651371764,639.9257090779842,0.034782983435716466,-1245.1599742104922,1.958539334049351,-4013.168890551572,6.312401048156193,1.0015729218531066,349.0064924268835,-4.425108492328841,1.0126791580911805,323.08735874639757,-25.900834199425212,1.0801666592587291,-1.0729435539087717,-1.0729435539087717,0.0,0.0,0.0,0.0,0.11042195509423891,0.11042195509423891,0.0
0.7102071428571428,1.4080399078739605,-1.276270754238431,0.10788343841306869,-7.047345356634651,9329.709859023815,0.9999999999999998,-817.1832716455376,0.999888980427949,1592.7031389509211,1.0,-376.3060996547,-11.177324414122891,640.3254447668781,0.03554630159327346,-1245.910400920253,2.024752072663145,-4015.6229563421425,6.525863254598415,1.001625118524709,349.2134862492544,-4.574952105469698,1.013100731459736,323.08735873597055,-41.75820815637029,1.129247421872966,-1.1091305038320343,-1.1091305038320343,0.0,0.0,0.0,0.0,0.11414093577759843,0.11414093577759843,0.0
0.7102107142857143,1.4080328272796303,-1.2762480018239528,0.10674274348320978,-7.048129266930573,9335.295495344437,1.0,-817.6779055262734,0.9998865748902638,1593.7185661853734,1.0,-376.3188821270384,-11.55138411518869,640.7252212901542,0.036339225158107794,-1246.660805054774,2.0922303331025445,-4018.0769973908446,6.743408103147475,1.001678267516408,349.4204779845579,-4.7276523358804505,1.0135299807359583,323.08735872069025,-32.8768211125019,1.1017583022829562,-1.1460053890416475,-1.1460053890416475,0.0,0.0,0.0,0.0,0.11793057431940213,0.11793057431940213,0.0
0.7102142857142857,1.4080257467565125,-1.2762252312909004,0.1050468459879994,-7.04891013495137,9340.521485494344,1.0,-818.1728113064928,0.9998847899188055,1594.7355627624331,1.0,-376.3316654540602,-11.932744487193444,641.1250362034083,0.036934161332274916,-1247.4111866134178,2.1610077471027265,-4020.5310136732382,6.965144101042318,1.001732394073657,349.62746763066855,-4.883409646326762,1.0139674656554312,323.08735869859515,-18.054294514282724,1.0558805351809675,-1.1835866169335532,-1.1835866169335532,0.0,0.0,0.0,0.0,0.12179280621177213,0.12179280621177213,0.0
0.7102178571428571,1.4080186663046048,-1.276202433616145,0.10387392076714264,-7.049686817073621,9346.07740255152,1.0,-818.6675196864485,0.9998824639146928,1595.7541599880803,1.0,-376.34444963220665,-12.32152898017052,641.524898608615,0.037703378358508094,-1248.1615455957722,2.231117789517753,-4022.985005157114,7.191179253711828,1.0017875232556157,349.83445518478374,-5.042097014959542,1.0144128085162347,323.0873586670495,-77.90820084754596,1.2411366423278496,-1.221892594806036,-1.221892594806036,0.0,0.0,0.0,0.0,0.12572956693632875,0.12572956693632875,0.0
0.7102214285714286,1.408011585923907,-1.2761796424614014,0.10646504641096044,-7.05045917388054,9354.044227915496,0.9999999999999998,-819.1604372596488,0.99987576092929,1596.7744426924303,1.0,-376.3572346569102,-12.71772338953733,641.9247746877988,0.03987854597324562,-1248.9118820012038,2.302594052253094,-4025.4389717986996,7.421621947674416,1.001843680155051,350.0414406430976,-5.20311907953004,1.0148642945531559,323.0873586225509,-140.6722105380789,1.4353999213643645,-1.2609416770222879,-1.2609416770222879,0.0,0.0,0.0,0.0,0.1297427863881211,0.1297427863881211,0.0
0.710225,1.408004505614418,-1.2761568960967564,0.10871850732530675,-7.0512268818703205,9361.791440171763,1.0,-819.6533939570872,0.9998692132606175,1597.7963910955498,1.0,-376.3700205239121,-13.121271793912328,642.324625892568,0.042006518670582624,-1249.6621958239273,2.375383554092383,-4027.8929135407893,7.656301532080681,1.0019008205273636,350.24842400063545,-5.367148100788328,1.0153238322659193,323.08735856049765,-74.58760057719468,1.2308589259249159,-1.3007048555288065,-1.3007048555288065,0.0,0.0,0.0,0.0,0.13382939072643296,0.13382939072643296,0.0
0.7102285714285714,1.4079974253761365,-1.2761341506451835,0.10738449030696984,-7.051986895939535,9367.226069720997,1.0000000000000002,-820.1480845362523,0.9998668840234222,1598.8198962113102,1.0,-376.3828072271412,-13.532160881416397,642.7244963200822,0.04278129693614916,-1250.4124870587689,2.449443956073193,-4030.346830308643,7.895081652295009,1.0019589087452532,350.4554052508984,-5.53480015540561,1.0157931653285335,323.08735847490533,-19.583332919613753,1.0606131202782259,-1.3411594042562456,-1.3411594042562456,0.0,0.0,0.0,0.0,0.13798695081801785,0.13798695081801785,0.0
0.7102321428571429,1.4079903452090614,-1.276111379570295,0.10579069846059497,-7.052736218183327,9372.480164510634,1.0,-820.6429475641945,0.999864919390184,1599.8449673669872,1.0,-376.3955947571305,-13.95036087465334,643.1244127009517,0.04343975286181762,-1251.1627557052163,2.524808702917901,-4032.800722006002,8.13807021798315,1.002017969837581,350.6623843855169,-5.705476696457566,1.0162705695007908,323.08735835806846,-34.10586333469092,1.1055623578341693,-1.3823241729146503,-1.3823241729146503,0.0,0.0,0.0,0.0,0.1422174213424796,0.1422174213424796,0.0
0.7102357142857143,1.4079832651131918,-1.2760885898874834,0.10463086752048412,-7.053472347004686,9377.996694496698,1.0,-821.1376166965198,0.9998624375781208,1600.8716558808983,1.0,-376.408383101937,-14.37600504451896,643.5243679899891,0.044265429929328665,-1251.9130017627176,2.601511232067503,-4035.2545885097074,8.385375119100836,1.002078028767498,350.869361393783,-5.879099029769726,1.0167558062249031,323.0873582001584,-40.99069317555562,1.1268718572088519,-1.4242180112217966,-1.4242180112217966,0.0,0.0,0.0,0.0,0.1465227569804597,0.1465227569804597,0.0
0.7102392857142856,1.4079761850885266,-1.2760657799997672,0.10334574887869508,-7.0541919482390085,9383.41185964835,1.0,-821.6323834555612,0.9998601465176847,1601.9000017536896,1.0,-376.4211722465915,-14.809307212137597,643.9243638106118,0.04503068116206939,-1252.6632252307454,2.6795845685909465,-4037.7084296639227,8.637102920143647,1.0021391101092614,351.07633626214835,-6.0558662543427,1.0172494287675964,323.0873579887497,-17.67213756394903,1.0546977067563392,-1.4668597688558975,-1.4668597688558975,0.0,0.0,0.0,0.0,0.1509049124087483,0.1509049124087483,0.0
0.7102428571428571,1.407969105135065,-1.2760429493913048,0.10153621454284689,-7.054890973910801,9388.463230358724,0.9999999999999998,-822.1274830711875,0.9998586172190854,1602.930045778814,1.0,-376.4339621724545,-15.250467519209389,644.3244006921933,0.0455514078828858,-1253.4134261087536,2.759061301204153,-4040.1622452729857,8.89335878276414,1.002201238030272,351.28330897360274,-6.235952721869124,1.0177519186439277,323.0873577082681,-41.33741683370954,1.1279450150167596,-1.5102682955189266,-1.5102682955189266,0.0,0.0,0.0,0.0,0.15536584230702033,0.15536584230702033,0.0
0.7102464285714285,1.407962025252805,-1.2760201015517507,0.10251708286810413,-7.055564768147974,9395.2814369227,0.9999999999999998,-822.6209869013442,0.9998531658360765,1603.9618332070402,1.0,-376.44675285646935,-15.699411441801375,644.7244751102115,0.047337264995758875,-1254.163604396298,2.8399735696633868,-4042.6160350936616,9.154246425042631,1.0022644362822428,351.4902795070006,-6.4186083543192085,1.0182611262061696,323.087357339351,-155.5836914438601,1.481553016265024,-1.5544624408094023,-1.5544624408094023,0.0,0.0,0.0,0.0,0.15990750134429277,0.15990750134429277,0.0
0.7102499999999999,1.407954945441746,-1.2759972945475273,0.106021482765982,-7.056209300074897,9403.692563801676,0.9999999999999998,-823.1128780659866,0.9998438496096314,1604.9954434194808,1.0,-376.4595442709996,-16.15615227756178,645.1245283345421,0.050372156283885174,-1254.9137600905012,2.9223264574857732,-4045.069798825103,9.419782355905278,1.0023287069999736,351.6972478361894,-6.603853562037493,1.0187770976391415,323.08735685811155,-130.25436878883875,1.4031552644322192,-1.5994463005624768,-1.5994463005624768,0.0,0.0,0.0,0.0,0.16453028409659964,0.16453028409659964,0.0
0.7102535714285714,1.4079478657018871,-1.2759745131478901,0.10564296682764507,-7.056817404610456,9409.555053220627,1.0000000000000002,-823.6070303895935,0.9998400567434951,1606.0307776167026,1.0,-376.4723363835979,-16.620821962223726,645.5245756352865,0.05162778014819166,-1255.6638931836983,3.0060575620636665,-4047.523536098626,9.689765549020175,1.0023939985679144,351.90421392912043,-6.79319770476731,1.019304110140993,323.0873562352999,-18.647749308938458,1.0577173601784575,-1.6451878009042957,-1.6451878009042957,0.0,0.0,0.0,0.0,0.1692307746802868,0.1692307746802868,0.0
0.7102571428571428,1.4079407860332276,-1.2759517034911656,0.1037059157287672,-7.057379620993515,9414.353636488764,1.0,-824.1021901774196,0.9998386512608247,1607.0677709861561,1.0,-376.4851291524677,-17.093241466307393,645.9246714243858,0.05211376991382702,-1256.4140036748436,3.0911692788152174,-4049.9772464655102,9.964203843285686,1.0024603110676689,352.1111777467886,-6.986095784202884,1.0198405964528248,323.0873554353519,-22.79862357952784,1.0705648896373776,-1.691691040958517,-1.691691040958517,0.0,0.0,0.0,0.0,0.17400939760710799,0.17400939760710799,0.0
0.7102607142857142,1.4079337064357655,-1.275928876226978,0.10258142352813593,-7.057887012321316,9419.607603940718,1.0,-824.5968714665098,0.9998360425062056,1608.106446285885,1.0,-376.4979225270504,-17.573231429754802,646.3248048814244,0.05298924158436681,-1257.1640915634932,3.1776690534325627,-4052.430929383622,10.243121356942547,1.0025276485979493,352.31813924206995,-7.181932844154595,1.0203847944349524,323.0873544153177,-46.30186981304455,1.1433106841858165,-1.7389631102571457,-1.7389631102571457,0.0,0.0,0.0,0.0,0.17886689410664758,0.17886689410664758,0.0
0.7102642857142857,1.4079266269095003,-1.2759060277795218,0.10144528560144295,-7.058328850753242,9424.771277954125,1.0,-825.0915917347725,0.9998334813647273,1609.1468067202088,1.0,-376.5107164467759,-18.060855936344627,646.724979562084,0.053850364041285466,-1257.914156849085,3.2655630403420233,-4054.884584201395,10.526538046275697,1.0025960142212897,352.52509835833087,-7.380943029762087,1.020937354713563,323.08735312366275,-19.179183882575245,1.059362224169865,-1.787011098309108,-1.787011098309108,0.0,0.0,0.0,0.0,0.1838040054069694,0.1838040054069694,0.0
0.7102678571428571,1.4079195474544313,-1.2758831615376718,0.09949937521932384,-7.05869287917119,9429.312582188124,1.0000000000000002,-825.5869053452791,0.9998323160010072,1610.1888625481565,1.0,-376.52351083950754,-18.556165851195303,647.1251919462253,0.054260819352838704,-1258.664199531062,3.35485604420368,-4057.33821014115,10.814469516763799,1.0026654099206553,352.7320550279776,-7.583375102251852,1.0214989678260185,323.08735149893425,-11.277395102800385,1.0349050962548672,-1.835842094531131,-1.835842094531131,0.0,0.0,0.0,0.0,0.1888214727278381,0.1888214727278381,0.0
0.7102714285714286,1.4079124680705566,-1.2758602672780959,0.09917447811008628,-7.058964728536466,9434.786265159897,1.0,-826.0811281488658,0.9998284518778209,1611.2326046778346,1.0,-376.53630561982106,-19.058917402919043,647.525452298844,0.05554565207866814,-1259.4142196089915,3.4455511676452746,-4059.791806280555,11.106925887234771,1.0027358363229495,352.9390091708452,-7.788513885281312,1.0220675915183723,323.0873494682861,-144.6115096203995,1.4475926088049895,-1.885463188182598,-1.885463188182598,0.0,0.0,0.0,0.0,0.19392003727332963,0.19392003727332963,0.0
0.710275,1.4079053887578754,-1.275837399464723,0.10269852760694675,-7.059129909069952,9442.61935645446,1.0,-826.5724986604321,0.9998177187079742,1612.2781064446217,1.0,-376.549100687273,-19.568857631844168,647.9257051825748,0.05905774990016923,-1260.1642170818045,3.5376520757012346,-4062.245371531107,11.403919089119686,1.0028072944999926,353.14596069232897,-7.995630390854299,1.0226411492154097,323.08734694585587,-182.66370734271112,1.56536942430408,-1.9358823673187544,-1.9358823673187544,0.0,0.0,0.0,0.0,0.1991005271589472,0.1991005271589472,0.0
0.7102785714285714,1.4078983095163868,-1.2758145719925358,0.10362050871410133,-7.05917060957222,9448.611422351081,1.0,-827.065641525428,0.9998113315916641,1613.3253983095728,1.0,-376.5618959261532,-20.08654188035088,648.3259362177527,0.06116508119383093,-1260.9141919417814,3.631168901621459,-4064.698904615596,11.705481904494606,1.0028797906509639,353.3529094814267,-8.20672730152835,1.023225299923446,323.0873438309893,-43.73137641627875,1.1353546564150008,-1.9871125221787906,-1.9871125221787906,0.0,0.0,0.0,0.0,0.2043641973994852,0.2043641973994852,0.0
0.7102821428571429,1.4078912303460898,-1.275791726712903,0.10180174347809157,-7.059064612399311,9452.641047109764,1.0,-827.5608522353282,0.999809906280515,1614.3743663745165,1.0,-376.57469119976,-20.61174327225951,648.7262042238359,0.0616652496324604,-1261.6641441861811,3.7260700410083962,-4067.1524040433,12.011512568343782,1.0029532978789786,353.55985540858296,-8.42184316480462,1.023820134090371,323.08734000630767,-10.553419465156239,1.0326642927728156,-2.0391454600536463,-2.0391454600536463,0.0,0.0,0.0,0.0,0.2097101637579755,0.2097101637579755,0.0
0.7102857142857143,1.407884151246983,-1.2757688608924727,0.10052322498881949,-7.058788743780724,9456.805133103659,1.0,-828.0556952574184,0.9998075495046562,1615.424951990372,1.0,-376.5874863487701,-21.14381112108833,649.1265117411896,0.0624683703971467,-1262.4140738145002,3.8223123442673628,-4069.6058680828864,12.32187209294517,1.0030277802058385,353.76679832333537,-8.639839013904655,1.024422413451044,323.08733533561286,-39.511344596050776,1.1222930776751359,-2.0919677814513307,-2.0919677814513307,0.0,0.0,0.0,0.0,0.21513702660587342,0.21513702660587342,0.0
0.7102892857142857,1.4078770722190657,-1.2757459747786706,0.09936343371487055,-7.058317274052456,9460.797657579085,1.0,-828.5504820191134,0.9998050157756245,1616.477096599311,1.0,-376.6002811892713,-21.682412691706563,649.5268582389672,0.06332991950000154,-1263.163980826238,3.9198497770712986,-4072.0592947332443,12.636412184774722,1.003103199455155,353.9737380517812,-8.860743681592341,1.0250322064296649,323.0873296616306,-26.648375191497845,1.0824804093042173,-2.1455660866398603,-2.1455660866398603,0.0,0.0,0.0,0.0,0.22064338629202496,0.22064338629202496,0.0
0.7102928571428571,1.4078699932623366,-1.275723070137507,0.09775099586227043,-7.057621551682246,9464.210758699784,1.0,-829.0456815752874,0.9998034404722959,1617.5307393517587,1.0,-376.6130755099326,-22.227195754729358,649.9272415903184,0.06388097403152476,-1263.9138652208744,4.018632995536379,-4074.5126816920388,12.954973874360988,1.0031795149227467,354.1806743938462,-9.084646261150318,1.025649751434626,323.0873228035857,2.0959414893018717,0.9935127708784288,-2.199926975609742,-2.199926975609742,0.0,0.0,0.0,0.0,0.2262278431386875,0.2262278431386875,0.0
0.7102964285714285,1.4078629143767944,-1.2757001396491423,0.09644680604301925,-7.056669574328112,9467.49774437402,1.0,-829.5406777807822,0.9998013265725376,1618.5858030610298,1.0,-376.6258690689812,-22.77763389228865,650.32766887405,0.06460783140402726,-1264.6637269979658,4.118608877761036,-4076.9660263224464,13.277386005369927,1.0032566830137033,354.38760712039414,-9.311161201802953,1.02627394698551,323.0873145546129,-93.81239674085722,1.2903623649544422,-2.2550370480366837,-2.2550370480366837,0.0,0.0,0.0,0.0,0.2318889974383609,0.2318889974383609,0.0
0.7102999999999999,1.4078558355624389,-1.275677211110379,0.09876236735769339,-7.05542709473491,9472.76996690188,1.0000000000000002,-830.0325343289163,0.9997916470381827,1619.6422505787255,1.0,-376.6386615909815,-23.332890187745875,650.7281113024159,0.06779762758210174,-1265.413566156929,4.219720753441962,-4079.419325616671,13.603465974034059,1.0033346574323976,354.59453597006046,-9.538913615012472,1.026900904123965,323.0873046789996,-219.80139327565252,1.6803157849053654,-2.3108829032591984,-2.3108829032591984,0.0,0.0,0.0,0.0,0.2376254494515706,0.2376254494515706,0.0
0.7103035714285714,1.4078487568192677,-1.275654327379092,0.10129437117993234,-7.053856789519159,9477.767883733852,1.0,-830.5240436385266,0.9997812067428814,1620.700128020616,1.0,-376.6514527648555,-23.893060438385515,651.1285245733714,0.0712390586599646,-1266.1633826926031,4.321962150338078,-4081.872576159092,13.933192996899043,1.0034134316387724,354.8014606460486,-9.769093890199704,1.0275339731477189,323.087292909266,-110.36977292037,1.3416097610232094,-2.367480949048968,-2.367480949048968,0.0,0.0,0.0,0.0,0.24343890414127145,0.24343890414127145,0.0
0.7103071428571428,1.4078416781472805,-1.2756314491563698,0.10008914750906683,-7.051915305279067,9479.860150687757,1.0,-831.0188465048176,0.9997787068059911,1621.7593798596229,1.0,-376.66424223897286,-24.458339365941338,651.5289481253863,0.07209743829611788,-1266.9131765992142,4.425328681572378,-4084.3257740847703,14.266553009938791,1.003493000754362,355.0083808125298,-10.003236668328796,1.0281774662486383,323.08727894308,4.3725920925576744,0.9864662201902167,-2.4248520727013556,-2.4248520727013556,0.0,0.0,0.0,0.0,0.24933150393924564,0.24933150393924564,0.0
0.7103107142857142,1.4078345995464765,-1.275608544032677,0.0984076700873402,-7.049555618673253,9481.107748833934,1.0,-831.5141399763717,0.9997773447416134,1622.8198793449853,1.0,-376.67702961569313,-25.027744877161236,651.9294143806011,0.07258583691348157,-1267.6629478762202,4.529753353769379,-4086.778915037801,14.603330110358373,1.003573310524977,355.2152960910248,-10.239983954473528,1.0288275422459552,323.0872624400152,-20.327141868274765,1.0629153304118533,-2.4829858085220167,-2.4829858085220167,0.0,0.0,0.0,0.0,0.25530211023013294,0.25530211023013294,0.0
0.7103142857142857,1.4078275210168538,-1.275585620701869,0.09726154772766904,-7.046727877597846,9482.105836702633,1.0000000000000002,-832.0089763568981,0.9997748571276094,1623.881545191635,1.0,-376.6898144489456,-25.60047314536449,652.3299137192956,0.07344198272999969,-1268.4126965232306,4.635163876859422,-4089.2319941272435,14.94329130828696,1.0036543026489444,355.4222060565763,-10.478769718044967,1.0294825971463837,323.0872430181531,-37.223216868032424,1.1152110387284495,-2.5418716766423586,-2.5418716766423586,0.0,0.0,0.0,0.0,0.2613495829236001,0.2613495829236001,0.0
0.7103178571428571,1.407820442558412,-1.2755626768673307,0.09601197506415815,-7.043377741526115,9482.368068804099,1.0,-832.5039513355522,0.9997726755966612,1624.9442738461587,1.0,-376.7025962400849,-26.175837147484145,652.7304476543922,0.07419921342305433,-1269.1624225396895,4.7414814510404355,-4091.6850058796285,15.28618261487476,1.0037359138332764,355.6291102336277,-10.719669391252216,1.0301428344384127,323.0872202505359,5.261288936424492,0.9837155770743744,-2.6014991965882928,-2.6014991965882928,0.0,0.0,0.0,0.0,0.26747278187167467,0.26747278187167467,0.0
0.7103214285714285,1.40781336417115,-1.2755397130911363,0.09415174086097977,-7.039446516468956,9481.487333729227,1.0,-832.9995833649543,0.9997720477626015,1626.00795660084,1.0,-376.715374433581,-26.753062964180632,653.1310146766161,0.07444982355687077,-1269.9121259250946,4.848620379213483,-4094.137944191188,15.631727791445224,1.0038180755032018,355.83600809187357,-10.96271059189728,1.0308083227739753,323.08719366147704,-25.586838240403154,1.0791948388620207,-2.6618578871081127,-2.6618578871081127,0.0,0.0,0.0,0.0,0.27367056685088187,0.27367056685088187,0.0
0.710325,1.4078062858550664,-1.275516729512132,0.09489779549534205,-7.034871062469847,9481.48373918758,1.0,-833.4925957009864,0.9997651143777935,1627.0724748016237,1.0,-376.7281484125492,-27.330857955880003,653.5316136003287,0.07676160494469739,-1270.6618066790438,4.956487581947361,-4096.590802277652,15.979626784310607,1.0039007134360176,356.0428990419012,-11.206283100794751,1.0314745305437925,323.08716272273574,-227.89904772393692,1.7053794579870492,-2.7229372660644913,-2.7229372660644913,0.0,0.0,0.0,0.0,0.27994179755161497,0.27994179755161497,0.0
0.7103285714285714,1.4077992076101602,-1.2754937850937567,0.0984915422356778,-7.0295852349980805,9482.432748615576,1.0,-833.9825121708302,0.9997508413575508,1628.137800242205,1.0,-376.7409174947148,-27.908280742429195,653.9321828040738,0.08147657775740669,-1271.4114647990425,5.065002016926158,-4099.043572621408,16.329618331762642,1.0039837630516621,356.24978243060485,-11.450016737398697,1.0321404174881963,323.087126849564,-197.7555635625452,1.6120812224580656,-2.78473733157864,-2.78473733157864,0.0,0.0,0.0,0.0,0.2862864352448895,0.2862864352448895,0.0
0.7103321428571429,1.4077921294364306,-1.275470869430438,0.09830266487290373,-7.023516104058899,9479.904970955498,0.9999999999999998,-834.4762868232428,0.999745890327446,1629.203870465434,1.0,-376.7536809286688,-28.485462341376707,654.3327315601964,0.08314670226971782,-1272.1611002772222,5.174125099548217,-4101.496246918146,16.681578042480226,1.0040671932968401,356.4566575365528,-11.696791904961637,1.032814064929513,323.087085396636,3.532859152839791,0.9890653037136946,-2.84728679683667,-2.84728679683667,0.0,0.0,0.0,0.0,0.2927074750347458,0.2927074750347458,0.0
0.7103357142857143,1.4077850513338763,-1.2754479262678722,0.09634338286647903,-7.01658450988225,9475.110786525378,1.0000000000000002,-834.9720046397368,0.999745575619492,1630.270469564725,1.0,-376.7664378854052,-29.061014078883233,654.7333161082316,0.08330065603328703,-1272.9107131124306,5.283743900887251,-4103.948816021535,17.035141823252115,1.0041509147864487,356.66352356518536,-11.945519364841553,1.0334924055183299,323.0870376538673,3.1524084174897986,0.9902428508417379,-2.9105790751119685,-2.9105790751119685,0.0,0.0,0.0,0.0,0.29920422062113516,0.29920422062113516,0.0
0.7103392857142857,1.4077779733024962,-1.2754249652069813,0.09520470159429806,-7.008708135787401,9469.63874188549,1.0,-835.4668664783964,0.9997432106101432,1631.3374459347096,1.0,-376.7791874550899,-29.63331530905647,655.1339250357141,0.08412652184135938,-1273.6603033041922,5.393730007731575,-4106.4012698861625,17.389895638352304,1.0042348261885363,356.8703796438629,-12.194715629157331,1.034171274291038,323.0869828421383,-39.47774967227254,1.1221892300488054,-2.97460387870035,-2.97460387870035,0.0,0.0,0.0,0.0,0.3057755875256447,0.3057755875256447,0.0
0.710342857142857,1.4077708953422896,-1.2754019830447294,0.09407945133017392,-6.999799259656811,9462.846775199292,1.0,-835.9617433538554,0.9997408822950367,1632.4046181118204,1.0,-376.7919286421621,-30.201078003900207,655.5345599145586,0.08494131024323917,-1274.4098708519916,5.503944410259378,-4108.853597509327,17.74539126526592,1.0043188180946683,357.0772248168138,-12.444437206149729,1.034850828731891,323.0869201089277,4.623274140939646,0.9856903085417975,-3.039350918512241,-3.039350918512241,0.0,0.0,0.0,0.0,0.3124204911345885,0.3124204911345885,0.0
0.7103464285714285,1.407763817453255,-1.2753789832193065,0.09214781312249443,-6.989765055074486,9454.076464141588,1.0,-836.4575952379039,0.9997408962152439,1633.4717990865079,1.0,-376.8046603601428,-30.76290823788171,655.9352153315057,0.08498865886524037,-1275.1594157554073,5.614237079379898,-4111.305786872194,18.101144929909243,1.00440277271219,357.2840580400274,-12.694755498652894,1.0355312676649868,323.0868485238723,24.553632123251866,0.924002997226804,-3.104809903927844,-3.104809903927844,0.0,0.0,0.0,0.0,0.31913784668475387,0.31913784668475387,0.0
0.7103499999999999,1.4077567396353912,-1.2753559547962254,0.09164721234503759,-6.978507082209944,9444.667207099847,1.0,-836.9518006143791,0.9997369753959123,1634.5387682591772,1.0,-376.817381426362,-31.316884998591526,656.3359004856919,0.08632759832809006,-1275.9089380139806,5.724446071595414,-4113.757824879034,18.456634418424027,1.0044865631872646,357.4908781759816,-12.944181322905482,1.036208424083295,323.08676707426173,-190.9723925604559,1.5910870144568958,-3.170970542644909,-3.170970542644909,0.0,0.0,0.0,0.0,0.32592656924803975,0.32592656924803975,0.0
0.7103535714285714,1.407749661888697,-1.2753329497256063,0.09506808713615555,-6.965923372822658,9436.123369190389,1.0,-837.4411608938143,0.9997215793424501,1635.6053759760862,1.0,-376.8300905567451,-31.860937554192468,656.7365596574637,0.09143724139688553,-1276.6584376268702,5.834401853199788,-4116.2096972962045,18.81131301705537,1.004570057018575,357.6976839883487,-13.190979588448078,1.0368774531648288,323.08667466048416,-270.22858701130826,1.8363965715864887,-3.2378245089116717,-3.2378245089116717,0.0,0.0,0.0,0.0,0.33278577744805204,0.33278577744805204,0.0
0.7103571428571428,1.4077425842131726,-1.275309986364731,0.0962187454576906,-6.951905630695933,9424.239557073972,1.0,-837.9331127484719,0.9997125075230204,1636.671491267289,1.0,-376.84278636228896,-32.39441429429828,657.137171417246,0.09447457692814715,-1277.4079145864732,5.94398320005504,-4118.661388689972,19.164789744561517,1.0046531598342094,357.90447413660115,-13.43805757337243,1.0375464922750408,323.08657009142985,-43.14509492365225,1.1335403539411826,-3.3053978951719496,-3.3053978951719496,0.0,0.0,0.0,0.0,0.33971815206643896,0.33971815206643896,0.0
0.7103607142857142,1.4077355066088155,-1.2752870079891392,0.09446367151335266,-6.936338016912032,9408.443864760364,1.0,-838.42867529371,0.9997120978078722,1637.7368151889225,1.0,-376.8554673403896,-32.9155706787636,657.537791512841,0.09466691319765011,-1278.1573688897754,6.053012717805593,-4121.112882365039,19.516492488038253,1.0047357335373055,358.1112471706758,-13.685433241084295,1.0382155918006166,323.08645207987246,25.08581954703603,0.9223557057699393,-3.3736942387009776,-3.3736942387009776,0.0,0.0,0.0,0.0,0.34672403891748615,0.34672403891748615,0.0
0.7103642857142857,1.4077284290756251,-1.275264008365809,0.09314088916735841,-6.9191007212029945,9390.772300200715,1.0,-838.9237227598542,0.9997105021125021,1638.8010649938126,1.0,-376.8681318699353,-33.42179358389665,657.9384235290049,0.0952496791481083,-1278.906800536291,6.161274970567492,-4123.564160300749,19.865726446787484,1.0048176106092983,358.3180015254435,-13.930855291439924,1.0388784689357862,323.08631923783497,-20.765900416200388,1.0642735367600442,-3.4427034563351526,-3.4427034563351526,0.0,0.0,0.0,0.0,0.35380237402175396,0.35380237402175396,0.0
0.7103678571428571,1.407721351613601,-1.2752409886781026,0.09196635191727864,-6.900068829748989,9370.87478232161,1.0,-839.4185959367135,0.9997085453533733,1639.863948565124,1.0,-376.8807782066644,-33.910869716220034,658.3390631876068,0.09595197233502677,-1279.6562095254892,6.268539697780835,-4126.015203088342,20.211748985141266,1.0048986123390948,358.5247355152648,-14.17394849411807,1.039534088139686,323.0861700719578,-6.618221678172365,1.020484385564069,-3.5124154624255652,-3.5124154624255652,0.0,0.0,0.0,0.0,0.36095209315526233,0.36095209315526233,0.0
0.7103714285714285,1.4077142742227406,-1.2752179501396386,0.09042952289320283,-6.8791120142641375,9348.244269589843,1.0,-839.9139722308361,0.9997078524477748,1640.9251538096273,1.0,-376.8934044777568,-34.38048830153423,658.7397059445942,0.09623865426622187,-1280.405595857039,6.37456092317495,-4128.465989868703,20.553766757055165,1.0049785481598963,358.7314473285896,-14.414445805563146,1.0401817178641712,323.08600297887926,41.76298723305438,0.8707372438050667,-3.5828201685458225,-3.5828201685458225,0.0,0.0,0.0,0.0,0.36817213181967645,0.36817213181967645,0.0
0.710375,1.407707196903044,-1.2751948868761436,0.08900367696810463,-6.85609441718691,9323.013895859101,0.9999999999999998,-840.4092264472448,0.9997069355399493,1641.98433854447,1.0,-376.9060086764521,-34.828057252238764,659.1403543383003,0.09659946095534022,-1281.154959530419,6.479076210465732,-4130.916498268221,20.890933303774606,1.0050572151028792,358.9381350223978,-14.65148466486996,1.040818969162905,323.08581624064254,-92.70171943196247,1.286925995423197,-3.653907483451917,-3.653907483451917,0.0,0.0,0.0,0.0,0.37546142523953563,0.37546142523953563,0.0
0.7103785714285714,1.4077001196545105,-1.2751718213556538,0.09105399288645799,-6.830875757610215,9297.218813194278,1.0,-840.8995826078051,0.9996944876924198,1643.041176369168,1.0,-376.91858865671526,-35.25041030739889,659.5409813522211,0.10076433595074041,-1281.9043005450878,6.581806858404627,-4133.36670433673,21.222349680344138,1.0051343979855643,359.14479651681626,-14.882401190158424,1.0414384430304884,323.08560802014216,-312.5248013265679,1.9673126675054005,-3.7256673128049442,-3.7256673128049442,0.0,0.0,0.0,0.0,0.38281890833388843,0.38281890833388843,0.0
0.7103821428571429,1.4076930424771377,-1.2751488003839044,0.09382925690786692,-6.803311223377364,9268.85687863801,1.0,-841.3886773980275,0.9996792557402348,1644.0954009255736,1.0,-376.93114212923,-35.64538644971504,659.9415344566327,0.10585320538286895,-1282.6536188964608,6.682496567547586,-4135.816582486276,21.547189131426688,1.005209899593389,359.351429589808,-15.108181859274023,1.042042915695423,323.0853763566219,-155.91637479434218,1.4825856761224672,-3.7981119284763736,-3.7981119284763736,0.0,0.0,0.0,0.0,0.3902458428010221,0.3902458428010221,0.0
0.7103857142857143,1.4076859653709253,-1.2751257892216334,0.09276537954474406,-6.773248530251635,9234.714375774713,1.0,-841.8831576352053,0.9996769861606836,1645.1466305125587,1.0,-376.9436666553557,-36.01111145371902,660.3420451868235,0.1066670371035044,-1283.4029145782206,6.7808809489598305,-4138.266105427899,21.86459877663927,1.0052835168690484,359.55803187169556,-15.331057251108415,1.0426386171136321,323.08511916123774,48.187689767644066,0.8508514106352397,-3.8712607725567523,-3.8712607725567523,0.0,0.0,0.0,0.0,0.39774423118581126,0.39774423118581126,0.0
0.7103892857142857,1.4076788883358722,-1.2751027503236558,0.09101197289436413,-6.740530260456126,9196.659998239147,1.0,-842.3786560161519,0.9996772471713846,1646.1943875378465,1.0,-376.9561596398983,-36.344037019178266,660.7425477974194,0.10664547320815079,-1284.1521875898889,6.8766233196613955,-4140.71524411203,22.173492583600073,1.0053549909318518,359.76460083999154,-15.548389856064416,1.0432182316430285,323.084834212696,12.00970065335581,0.9628280272498043,-3.9451032551347676,-3.9451032551347676,0.0,0.0,0.0,0.0,0.40531294865884604,0.40531294865884604,0.0
0.7103928571428572,1.4076718113719773,-1.2750796934907171,0.0898722490309467,-6.704995447191777,9155.34173252081,1.0,-842.8732354189542,0.9996754702472525,1647.2382317116158,1.0,-376.9686183277757,-36.64079998892882,661.1430272506053,0.10729770223063036,-1284.9014379310222,6.96936835721863,-4143.163967668352,22.47272436828444,1.005424048998218,359.9711338141876,-15.758551141416106,1.0437772634000992,323.0845191529803,-21.771809740518815,1.0673873505223872,-4.019628628048963,-4.019628628048963,0.0,0.0,0.0,0.0,0.41295085394001774,0.41295085394001774,0.0
0.7103964285714285,1.4076647344792397,-1.2750566158847325,0.0886499191016128,-6.666477989856162,9110.079809832281,1.0,-843.3679202153389,0.9996740983307171,1648.2776806167512,1.0,-376.9810397991304,-36.898267419390216,661.5434812978981,0.10781663123918082,-1285.650665601157,7.058740461607682,-4145.612243346986,22.761082511139662,1.005490403147971,360.177627950657,-15.961127735847276,1.0443146006226514,323.08417148317767,45.086481725991476,0.8604497350674482,-4.094826138841881,-4.094826138841881,0.0,0.0,0.0,0.0,0.42065680532365946,0.42065680532365946,0.0
0.7103999999999999,1.4076576576576578,-1.2750335189549247,0.0867504403112207,-6.624807152574931,9060.254237018127,1.0,-843.8636497719096,0.9996753748957948,1649.312231227448,1.0,-376.9934209645586,-37.11320140071173,661.9439029371885,0.10745924621901705,-1286.399870599903,7.144343499895109,-4148.060036461263,23.037289132224927,1.0055537501698935,360.38408023769625,-16.155624700840193,1.0448289077868937,323.0837885594138,10.798034200325919,0.966578223412345,-4.170685030512686,-4.170685030512686,0.0,0.0,0.0,0.0,0.428429660653606,0.428429660653606,0.0
0.7104035714285714,1.407650580907231,-1.2750104000472022,0.08727588730837965,-6.579807634815097,9007.686114170436,0.9999999999999998,-844.3554892820015,0.9996676255703385,1650.3413483881359,1.0,-377.0057585604793,-37.28166003759652,662.3442891073487,0.11009144845697343,-1287.1490529267817,7.225760272419413,-4150.507310331031,23.299998368628952,1.0056137711914475,360.59048749061486,-16.33899004760312,1.0453117611651592,323.0833675889104,-306.7179209482922,1.9493460565217289,-4.247194541249087,-4.247194541249087,0.0,0.0,0.0,0.0,0.43626827729652007,0.43626827729652007,0.0
0.7104071428571428,1.407643504227958,-1.2749873183815454,0.0909201125116681,-6.531301509841342,8952.601582866922,1.0,-844.8420448704677,0.999647679865221,1651.3645679183426,1.0,-377.0180491451401,-37.400094380631515,662.7445721013356,0.1167696986413802,-1287.8982125797318,7.302566369635434,-4152.954026228522,23.5478410563451,1.0056701424835492,360.796846347045,-16.509685121965923,1.0457589507478275,323.0829056261708,-283.03925062851226,1.8760576486705496,-4.324351435869403,-4.324351435869403,0.0,0.0,0.0,0.0,0.4441722920374502,0.4441722920374502,0.0
0.7104107142857142,1.4076364276198376,-1.2749642682304576,0.09092898580018982,-6.479104771170228,8890.280417140468,1.0,-845.3342939851412,0.9996415282505268,1652.3813713748075,1.0,-377.0302890955422,-37.466497577429315,663.1447512825437,0.11888063724808424,-1288.6473495507623,7.374360664044632,-4155.400143324995,23.77952305646997,1.0057225591366135,361.003153262322,-16.671488232786803,1.0461810044652782,323.082399569307,35.082698667189234,0.8914125352728682,-4.402180706106606,-4.402180706106606,0.0,0.0,0.0,0.0,0.4521442749566802,0.4521442749566802,0.0
0.7104142857142857,1.4076293510828692,-1.2749411918069347,0.0889703681007461,-6.423027889014179,8821.572261372612,1.0,-845.8297573987024,0.9996432172919222,1653.391080098933,1.0,-377.0424745996257,-37.47709569046068,663.5448798772653,0.11839178965853223,-1289.3964638384589,7.440669296782342,-4157.845618639357,23.993515650936967,1.0057706605419345,361.20940450503514,-16.822252170549,1.046572021549662,323.08184615651277,45.88982365912065,0.8579622340127093,-4.480679165045558,-4.480679165045558,0.0,0.0,0.0,0.0,0.4601838921922621,0.4601838921922621,0.0
0.7104178571428571,1.4076222746170517,-1.2749180971286143,0.08780483112809634,-6.362879351304059,8748.051823698604,1.0,-846.3238313961463,0.9996418939453213,1654.3930642017199,1.0,-377.0546016539737,-37.427857501398485,663.9449423711301,0.11890264179620676,-1290.1455554423887,7.500989796684697,-4160.2904069890055,24.188197806385627,1.005814064750324,361.41559615277293,-16.95887655898889,1.046923477402509,323.081241962695,-22.322480817012533,1.069092469378306,-4.55983949661254,-4.55983949661254,0.0,0.0,0.0,0.0,0.46829038309155635,0.46829038309155635,0.0
0.7104214285714285,1.4076151982223832,-1.2748949813348351,0.08668333660415328,-6.2984637586624785,8668.961043539599,1.0,-846.8177539682548,0.9996405040238736,1655.38664927311,1.0,-377.0666660603111,-37.31542996154196,664.3449342069875,0.11943613370842522,-1290.8946243621986,7.5547957930946374,-4162.734460942414,24.361871371829334,1.0058523721847765,361.6217240880187,-17.08069817166947,1.0472336063734713,323.0805833962678,38.32164164350439,0.8813867387490081,-4.639654378398518,-4.639654378398518,0.0,0.0,0.0,0.0,0.47646298637100415,0.47646298637100415,0.0
0.710425,1.4076081218988634,-1.2748718480141508,0.08478694622755256,-6.229582348581403,8583.489268815289,1.0,-847.3129731600029,0.9996424932045098,1656.3711387112198,1.0,-377.0786634219284,-37.136535370924015,664.744843742814,0.11884664369397119,-1291.643670597392,7.601536904306996,-4165.177730772989,24.512760720473953,1.0058851656051482,361.82778399416037,-17.187090970226464,1.047500749612152,323.0798666961171,76.35304342251555,0.7636713045498071,-4.720116481436207,-4.720116481436207,0.0,0.0,0.0,0.0,0.4847009400945126,0.4847009400945126,0.0
0.7104285714285714,1.4076010456464911,-1.2748486858836356,0.08411445908728865,-6.156032755009392,8492.69348403976,0.9999999999999998,-847.8059250797415,0.9996394600081351,1657.3457850517625,1.0,-377.0905891403125,-36.887460058704406,665.1446744719308,0.11992724704589544,-1292.39269414755,7.64063796747419,-4167.620164416465,24.639010268666826,1.0059120095634042,362.0337713518034,-17.275228797619043,1.0477171749285012,323.0790879287428,-234.2972615323539,1.7252009501278203,-4.801218469796709,-4.801218469796709,0.0,0.0,0.0,0.0,0.4930034816323854,0.4930034816323854,0.0
0.7104321428571428,1.407593969465265,-1.2748255436583298,0.08739672829344158,-6.077611294159283,8398.118791817338,1.0,-848.2914065480509,0.999619255151399,1658.3098896939448,1.0,-377.1024384120615,-36.56447381448515,665.5443668905825,0.1267254196298863,-1293.1416950120367,7.671500913690568,-4170.061707429674,24.738690525631085,1.0059324519063002,362.2396814352068,-17.341550976329334,1.0478731399818526,323.07824298558313,-380.411577705813,2.177459596754054,-4.882953040350571,-4.882953040350571,0.0,0.0,0.0,0.0,0.5013698497158003,0.5013698497158003,0.0
0.7104357142857143,1.4075868933551845,-1.2748024442768706,0.08878954248302762,-5.994110730538296,8295.59893327059,1.0,-848.7800070582111,0.999606910159711,1659.262697261059,1.0,-377.11420622779536,-36.165700099025564,665.9438879102973,0.13091361867680643,-1293.890673183551,7.693509299149663,-4172.5023029514705,24.80981270967602,1.0059460273256475,362.4455093089055,-17.389190643737397,1.0479773930070049,323.07732758052697,-51.13158546084038,1.158264233035962,-4.965317617330129,-4.965317617330129,0.0,0.0,0.0,0.0,0.5097997199175239,0.5097997199175239,0.0
0.7104392857142857,1.407579817316248,-1.2747793330516641,0.08711030017468602,-5.905319017972033,8184.057671299896,1.0,-849.2741859018195,0.999608141888196,1660.2033331079574,1.0,-377.1258873664296,-35.688689833837635,666.3432851453405,0.1305815954938861,-1294.639628658621,7.706032322276737,-4174.941891666863,24.850341707943667,1.0059522604991329,362.651249824611,-17.417755260791974,1.0480289403916732,323.07633724761774,72.41081476225368,0.7758708812315298,-5.048318613315246,-5.048318613315246,0.0,0.0,0.0,0.0,0.5182937367387126,0.5182937367387126,0.0
0.7104428571428572,1.407572741348455,-1.2747561997281884,0.08573228967981095,-5.811023002012462,8065.452429485221,1.0,-849.7676744594534,0.9996081950193361,1661.1309496328245,1.0,-377.1374763928728,-35.13030724485781,666.7425594747299,0.13064212092828384,-1295.388561436755,7.708415057276749,-4177.380411772346,24.858164588363973,1.005950658579791,362.85689761821857,-17.42308420107344,1.0480164062346287,323.07526733895367,5.260145336121315,0.9837185143281097,-5.131963425648678,-5.131963425648678,0.0,0.0,0.0,0.0,0.52685267374153,0.52685267374153,0.0
0.7104464285714286,1.4075656654518034,-1.2747330466031668,0.08455217845369134,-5.711007835003102,7939.423791568057,1.0,-850.2606343663749,0.9996074858787627,1662.044681364153,1.0,-377.1489676566768,-34.488435801664274,667.1416982636631,0.13095696994738265,-1296.1374715176369,7.699975697739887,-4179.817798945334,24.831081717879147,1.0059407091199393,363.06244710716726,-17.403705017702823,1.0479358445258473,323.0741130227867,14.32262774146799,0.95566767139756,-5.216259442791852,-5.216259442791852,0.0,0.0,0.0,0.0,0.5354773036001177,0.5354773036001177,0.0
0.7104499999999999,1.4075585896262934,-1.2747098743640548,0.08308320519984136,-5.605056695844155,7805.353018951265,0.9999999999999999,-850.7540099562261,0.9996082674582129,1662.9436253253236,1.0,-377.160355290014,-33.76140481625118,667.5406901493334,0.13077431992762847,-1296.8863589007346,7.6800046060643545,-4182.253986313951,24.766803705027357,1.0059218793947173,363.26789248783683,-17.358416081132308,1.0477840636073101,323.07286928182344,88.01146025883111,0.7275801572119731,-5.301214044084645,-5.301214044084645,0.0,0.0,0.0,0.0,0.5441683980773888,0.5441683980773888,0.0
0.7104535714285714,1.407551513871923,-1.274686678379756,0.08154121799455538,-5.492950959522091,7663.0869055508465,1.0,-851.2473788010157,0.999609571112788,1663.8268356324236,1.0,-377.17163320589793,-32.947828102969794,667.9395289294397,0.1304169027654956,-1297.635223585737,7.647763875386074,-4184.688904432007,24.662949996539997,1.0058936161229142,363.47322773338817,-17.285366905917442,1.0475560937836017,323.0715309117294,-82.93328383998613,1.2567025438791926,-5.386834599230838,-5.386834599230838,0.0,0.0,0.0,0.0,0.5529267279721921,0.5529267279721921,0.0
0.7104571428571428,1.4075444381886917,-1.2746634762011253,0.08333849368725055,-5.374471273894869,7514.607293251246,1.0000000000000002,-851.7336546973434,0.9995948282752928,1664.6933602441616,1.0,-377.18279509663535,-32.04615817241614,668.3381847368863,0.13542330234523697,-1298.3840655721715,7.602487996807167,-4187.122481253962,24.51705103979902,1.0058553460400463,363.6784465916092,-17.179806274819207,1.0472390003747216,323.0700925198389,-429.96233789949025,2.3308639451765014,-5.4731284679832015,-5.4731284679832015,0.0,0.0,0.0,0.0,0.5617530630879202,0.5617530630879202,0.0
0.7104607142857142,1.407537362576598,-1.2746403182015138,0.08633407772322244,-5.249398040390247,7358.186846093921,0.9999999999999999,-852.2169661863024,0.9995738647606934,1665.542232643734,1.0,-377.193834433644,-31.05646983339962,668.7365927981829,0.14251647964961275,-1299.1328848558394,7.543366365974287,-4189.554642114629,24.326491880964014,1.0058064624904104,363.88354258316843,-17.041678043672526,1.0468327804074224,323.06854852407065,-229.91444536701445,1.7116583970100834,-5.560090069934631,-5.560090069934631,0.0,0.0,0.0,0.0,0.5706468034725276,0.5706468034725276,0.0
0.7104642857142857,1.4075302870356408,-1.2746171740417915,0.08541244428243999,-5.117508428055089,7190.09954209515,0.9999999999999999,-852.7081308665404,0.9995720368527565,1666.3723284957828,1.0,-377.2047444659764,-29.980169151303066,669.1347725301291,0.14321315656765632,-1299.88168143003,7.469547183767367,-4191.985309709992,24.088524757184924,1.0057463285239545,364.0885089999681,-16.87366532838835,1.0463449543484216,323.0668931520502,94.45281330729802,0.707636977637185,-5.647705357909331,-5.647705357909331,0.0,0.0,0.0,0.0,0.5796064430257957,0.5796064430257957,0.0
0.7104678571428571,1.4075232115658194,-1.2745940015233492,0.0835935513813979,-4.978578565144744,7012.0561634987025,1.0,-853.2009949117225,0.999574867133787,1667.1825077891972,1.0,-377.2155182169944,-28.817724676587787,669.5327554654232,0.14235044860437207,-1300.6304552942238,7.380178520654023,-4194.414404081503,23.800401540437175,1.0056743085559874,364.2933389037978,-16.671202905922932,1.0457631285713007,323.06512044043853,45.838679546301854,0.8581131894281578,-5.735980863851751,-5.735980863851751,0.0,0.0,0.0,0.0,0.588632647068394,0.588632647068394,0.0
0.7104714285714285,1.407516136167133,-1.2745708112580514,0.08246157560193978,-4.832385663598075,6824.811184247558,1.0,-853.6921336354645,0.9995743853605277,1667.9716654435977,1.0,-377.2261484855597,-27.570738776894196,669.9305173030401,0.14259646336793547,-1301.3792064479965,7.274381654530584,-4196.841842602796,23.459287773717843,1.0055897478755522,364.4980251251985,-16.430845416928715,1.0450780094385559,323.0632242344665,-14.254206963108565,1.044122035235937,-5.824923405908635,-5.824923405908635,0.0,0.0,0.0,0.0,0.5977261112340528,0.5977261112340528,0.0
0.710475,1.4075090608395793,-1.2745476000913878,0.08126672636009857,-4.67870638390832,6627.555686356779,1.0,-854.1831412232099,0.9995743631189983,1668.7386406050762,1.0,-377.2366278457176,-26.24224829123943,670.328047766681,0.14268853650151878,-1302.1279348910466,7.151248158236159,-4199.267539969414,23.062253298221325,1.0054919704635894,364.7025602625882,-16.151219122403294,1.0442860042188196,323.06119818767405,81.56248412373164,0.7475324038253891,-5.9145397902191235,-5.9145397902191235,0.0,0.0,0.0,0.0,0.6068875299532266,0.6068875299532266,0.0
0.7104785714285714,1.4075019855831583,-1.2745243700989433,0.07932909283456979,-4.517317485760032,6419.525892091497,1.0,-854.6755501844896,0.9995784285707757,1669.4822418836054,1.0,-377.24694864659,-24.836289234103653,670.7253306535745,0.14140912515375229,-1302.876640622883,7.009840209179011,-4201.691408189798,22.60627327358464,1.005380279291697,364.90693668149925,-15.830859216938512,1.0433832783802521,323.0590357618529,49.828755849957204,0.8457595970580154,-6.004836810611437,-6.004836810611437,0.0,0.0,0.0,0.0,0.6161175964233649,0.6161175964233649,0.0
0.7104821428571428,1.407494910397869,-1.2745011161551916,0.07964770387189901,-4.347995873422292,6202.425481300884,1.0,-855.1625062361314,0.9995705895836142,1670.2012305949263,1.0,-377.2571030125068,-23.357195376875183,671.1223569088742,0.14412440962442985,-1303.625323643119,6.849190207013893,-4204.1133565808095,22.088226968926588,1.0052539560890648,365.1111465142057,-15.464651804972043,1.0423560111834886,323.05673022719026,-408.69649484772276,2.265092030617366,-6.09582124805911,-6.09582124805911,0.0,0.0,0.0,0.0,0.6254170025531494,0.6254170025531494,0.0
0.7104857142857143,1.4074878352837092,-1.274477897518983,0.08332355274913539,-4.170520767932544,5976.690700679541,1.0,-855.6411407256791,0.9995443034088523,1670.8944151600176,1.0,-377.26708284376286,-21.810921155059773,671.5190492112301,0.1530393405610577,-1304.3739839500756,6.668301218412404,-4206.5332917648475,21.50489922362749,1.0051122617443031,365.31518165949177,-15.04913690334162,1.0411949397640112,323.05427466261193,-407.8561290765393,2.2625003321887376,-6.187497900744347,-6.187497900744347,0.0,0.0,0.0,0.0,0.6347862285448258,0.6347862285448258,0.0
0.7104892857142857,1.4074807602406791,-1.2744547128369568,0.08352153273037288,-3.984670387966389,5737.425163762841,1.0,-856.1273219621719,0.999536690256169,1671.5604682507196,1.0,-377.27687981864113,-20.20660374247516,671.9153935647345,0.15568854044318703,-1305.1226215355807,6.4661320026277815,-4208.951117668854,20.85293218458905,1.0049544248915245,365.51903378258453,-14.588735141710073,1.039912381554356,323.05166195632086,51.46284472994059,0.8406977867926934,-6.279859415457395,-6.279859415457395,0.0,0.0,0.0,0.0,0.6442244686412835,0.6442244686412835,0.0
0.7104928571428571,1.4074736852687773,-1.274431503227873,0.08157429360659307,-3.7902222595356534,5485.211341502473,1.0,-856.6182200666195,0.9995410697322362,1672.1979554822867,1.0,-377.286485390528,-18.552998800462984,672.3114362455976,0.15430744190625542,-1305.8712363980655,6.241616467665667,-4211.366735527558,20.12888808268045,1.0047796569016112,365.72269431545215,-14.079813424713675,1.038498604662934,323.0488848065306,81.25985737479515,0.7484595638723206,-6.37290322323372,-6.37290322323372,0.0,0.0,0.0,0.0,0.6537314461728982,0.6537314461728982,0.0
0.7104964285714286,1.4074666103680022,-1.2744082750823895,0.08039012566428028,-3.586956928485506,5221.697064918773,1.0,-857.1069235562836,0.9995413630361705,1672.8054975406103,1.0,-377.2958907904794,-16.86006968577129,672.7071543427295,0.15429956714952867,-1306.6198285371663,5.993664522947907,-4213.780043887913,19.32925201726989,1.0045871525841286,365.9261544572075,-13.516961536417048,1.0369390418579598,323.04593572238673,-18.01150799499797,1.0557552533658134,-6.46662816416449,-6.46662816416449,0.0,0.0,0.0,0.0,0.6633070362852322,0.6633070362852322,0.0
0.7104999999999999,1.4074595355383537,-1.274385025895346,0.07926261855337202,-3.3746561689941927,4946.102651793452,0.9999999999999998,-857.5950860697371,0.9995414763208489,1673.3816675348498,1.0,-377.30508702882594,-15.140405594444681,673.1025338967492,0.154352112193304,-1307.3683979524264,5.721157819135244,-4216.190938616095,18.450418254876915,1.0043760869760165,366.12940517473515,-12.898359376293872,1.0352289632954723,323.04280702507657,57.698820447703675,0.8213895521183212,-6.561033063721425,-6.561033063721425,0.0,0.0,0.0,0.0,0.6729511126580263,0.6729511126580263,0.0
0.7105035714285713,1.407452460779829,-1.274361759126114,0.07741031795026743,-3.1531034408893674,4657.598314537275,1.0,-858.0846457487878,0.9995459801354876,1673.9250111195001,1.0,-377.31406489664505,-13.408504235637968,673.4975542227879,0.15292534973216143,-1308.1169446436086,5.422950234737615,-4218.599312908224,17.488691838964304,1.0041456157700144,366.3324372036374,-12.222247782410408,1.0333638153249758,323.03949084911915,119.73265599324151,0.6293559784950113,-6.656116732278293,-6.656116732278293,0.0,0.0,0.0,0.0,0.682663547455931,0.682663547455931,0.0
0.7105071428571428,1.4074453860924292,-1.2743384636742379,0.07657227459785076,-2.9220836658450935,4357.052842272095,1.0,-858.5712263301282,0.9995447140485093,1674.4340189447653,1.0,-377.3228149674354,-11.680292262562679,673.8922096003184,0.15344175786335681,-1308.8654686101445,5.097867407314611,-4221.005057300738,16.44028712177211,1.00389487501166,366.5352410491569,-11.484105108342376,1.031331516924459,323.0359791438354,-291.5899867142265,1.9026548296169594,-6.751877964850563,-6.751877964850563,0.0,0.0,0.0,0.0,0.6924442113035951,0.6924442113035951,0.0
0.7105107142857142,1.4074383114761515,-1.2743151843859937,0.07968929768867383,-2.6813853866871113,4046.1522136883464,1.0,-859.0470490237765,0.9995197138009846,1674.9072236043621,1.0,-377.3313275990444,-9.973584008401984,674.2864347070032,0.16196412895443874,-1309.613969851668,4.744710109747337,-4223.408059686982,15.301338699567237,1.0036229837333552,366.73780698762965,-10.677918235835541,1.0291159461402235,323.0322636749905,-535.4559601988974,2.657592817841969,-6.848315581798261,-6.848315581798261,0.0,0.0,0.0,0.0,0.7022929767368565,0.7022929767368565,0.0
0.7105142857142857,1.4074312369309958,-1.2742919489452185,0.0813351042210968,-2.430798863923883,3720.9435390105514,1.0,-859.5258906661352,0.9995031515755483,1675.343101484586,1.0,-377.3395929375525,-8.310593898800231,674.6801818557855,0.16764854063853385,-1310.362448361155,4.362252576752801,-4225.808205332122,14.067896066182513,1.0033290427257042,366.9401250678014,-9.806810187943858,1.0267259138970748,323.02833602660604,-95.63060476052152,1.2960440125371693,-6.9454305632020805,-6.9454305632020805,0.0,0.0,0.0,0.0,0.7122099041507539,0.7122099041507539,0.0
0.7105178571428571,1.4074241624569606,-1.2742687050636325,0.07973589959829042,-2.170114489073967,3379.9306004540354,1.0000000000000002,-860.0126472931347,0.9995063636583883,1675.739983930883,1.0,-377.3476009168449,-6.715231148729053,675.0734876071401,0.1666615384667907,-1311.1109041346847,3.9492376328260677,-4228.205376893345,12.735907954914996,1.0030121308734234,367.1421851125962,-8.870020197200926,1.0241596323083402,323.0241876029363,108.92491350500987,0.662796416846341,-7.043223764415074,-7.043223764415074,0.0,0.0,0.0,0.0,0.7221950557918007,0.7221950557918007,0.0
0.7105214285714285,1.4074170880540449,-1.2742454381219752,0.07830281723403232,-1.899126299450586,3025.120808574676,0.9999999999999999,-860.4984524803793,0.9995087578029843,1676.0962185640872,1.0,-377.355341260889,-5.21270817350238,675.4663483060078,0.16594954718612379,-1311.8593371718546,3.5043819514980563,-4230.599454440324,11.301239357048555,1.0026713092266835,367.34397672091205,-7.86086637686012,1.021399197686675,323.0198096306036,17.62021958054465,0.9454515820540709,-7.141695091505312,-7.141695091505312,0.0,0.0,0.0,0.0,0.7322484151362261,0.7322484151362261,0.0
0.710525,1.4074100137222476,-1.2742221517817778,0.07711824452758265,-1.617631693406338,2656.2809764024078,1.0,-860.9830358909943,0.9995097713840857,1676.4101442800227,1.0,-377.3628034874079,-3.831972024371076,675.8587405312308,0.16570326370293606,-1312.607747472295,3.0263764015170156,-4232.9903154788,9.759672699848588,1.0023056213155417,367.54548926968386,-6.776283759796804,1.0184365852870656,323.0151931608881,15.846855763734956,0.9509408346750987,-7.2408444329873864,-7.2408444329873864,0.0,0.0,0.0,0.0,0.7423699638982271,0.7423699638982271,0.0
0.7105285714285714,1.407402939461568,-1.2741988459183833,0.07570974861528157,-1.3254308945437288,2272.8059522719263,1.0,-861.4676564941258,0.9995123861746241,1676.680061099023,1.0,-377.369976910694,-2.6051627628275975,676.2506444644725,0.1649147891957307,-1313.3561350356124,2.5138851499341546,-4235.377834975745,8.106905019648071,1.0019140925167767,367.7467119160857,-5.613799787785652,1.015265397638869,323.0103290721657,120.39069219201384,0.6272853176620349,-7.340671659439636,-7.340671659439636,0.0,0.0,0.0,0.0,0.7525596819909026,0.7525596819909026,0.0
0.7105321428571428,1.4073958652720044,-1.274175517386619,0.07407133926946585,-1.0223271376269167,1874.4088181437878,1.0,-861.9523336875061,0.9995166996302421,1676.9042315920929,1.0,-377.3768506445929,-1.5675364957850566,676.6420430933932,0.1635501967456563,-1314.104499861468,1.9655459917795703,-4237.761885386926,6.338549094700307,1.0014957303562897,367.94763359993965,-4.370353646822831,1.011877651186567,323.0052080724912,-77.05733025309935,1.2385637393060411,-7.44117662307167,-7.44117662307167,0.0,0.0,0.0,0.0,0.762817547482868,0.762817547482868,0.0
0.7105357142857143,1.4073887911535563,-1.2741521789352903,0.07560831452451566,-0.7081274594245315,1463.1166178337915,1.0000000000000002,-862.4273495438858,0.9995002705583342,1677.0809077199676,1.0,-377.3834136056442,-0.7568973255679255,677.0329021249917,0.16920891642285057,-1314.8528419494794,1.3799718745126024,-4240.142336685842,4.450138435173592,1.0010495257191416,368.1482430462445,-3.038678762009722,1.008253954268167,322.9998207023169,-582.1444225039241,2.8023057140964793,-7.542359157362625,-7.542359157362625,0.0,0.0,0.0,0.0,0.7731435365617898,0.7731435365617898,0.0
0.7105392857142857,1.4073817171062222,-1.2741288839393243,0.0788024488686574,-0.38264347245967656,1037.6318586898208,1.0,-862.8966642054276,0.9994724522040218,1677.2083655365307,1.0,-377.3896545173607,-0.21591154619697217,677.4231436397923,0.17873368846764098,-1315.6011612959069,0.7557525752973987,-4242.519056395138,2.437132770132719,1.0005744541716222,368.3485287679194,-1.6173069641211564,1.0043906974992702,322.9941573373459,-348.3566901932047,2.078523193933101,-7.6442191236244525,-7.6442191236244525,0.0,0.0,0.0,0.0,0.7835376098569355,0.7835376098569355,0.0
0.7105428571428571,1.4073746431300012,-1.274105606771271,0.07803412363696793,-0.045688126411960184,593.8758675899653,1.0,-863.3765314553922,0.9994709090005108,1677.2847398812464,1.0,-377.39556191365176,0.0077058521510806905,677.8127732515526,0.1793597676524482,-1316.349457893631,0.09144854871424264,-4244.891909619222,0.2948982903101373,1.000069471330858,368.5484790686503,-0.1099288634788766,1.0002982751787681,322.9882081915105,132.62138559849907,0.5893924848183206,-7.7467564069874015,-7.7467564069874015,0.0,0.0,0.0,0.0,0.7939997135619875,0.7939997135619875,0.0
0.7105464285714286,1.4073675692248924,-1.2740823008054982,0.07615753092375144,0.3029224942068822,133.51173853050062,0.1433346331484743,-863.8589451874767,0.9994770671570715,1677.3081048880333,0.9990674658254183,-377.4011241395806,-0.13547713417660245,678.2018186148023,0.17737337972657674,-1317.0977317420834,-0.6144058002596805,-4247.260759079056,-1.981281709552371,0.9995335154062963,368.74808204592637,1.4901814636934092,0.995958808909797,322.98196332007404,76.51319766699812,0.7631038065392717,-7.849970780165336,-7.849970780165336,0.0,0.0,0.0,0.0,0.8045298187757908,0.8045298187757908,0.0
0.71055,1.4073604953908945,-1.274058977285167,0.0750329175784259,0.6633667828742773,-342.460722000844,0.24357616172035537,-864.3384072429744,0.9994782848559969,1677.2765841868718,0.9979331602076227,-377.40632935691696,-0.6994029246484734,678.5902454811333,0.17706159167707305,-1317.8459828409275,-1.3632971171453678,-4249.6254651486,-4.396190617886447,0.9989655110423401,368.9473255942187,3.1887084512916037,0.9913572799419105,322.9754126228454,-14.46478610433514,1.0447860287161437,-7.9538619930010555,-7.9538619930010555,0.0,0.0,0.0,0.0,0.8151278952894359,0.8151278952894359,0.0
0.7105535714285713,1.4073534216280066,-1.274035632710729,0.07385297592080065,1.0358194832864456,-834.8457529445095,0.4401325273965401,-864.8172627009232,0.9994800505034417,1677.188250899455,0.9967340752999168,-377.41116554804535,-1.743240139969271,678.97803491726,0.17656304564800615,-1318.5942111897875,-2.156736571475985,-4251.985885892425,-6.954689610861635,0.9983643667223976,369.14619740825987,4.988047078520546,0.9864876108340241,322.968545847506,117.50643223382217,0.6361675657130262,-8.058429774638853,-8.058429774638853,0.0,0.0,0.0,0.0,0.8257939108148804,0.8257939108148804,0.0
0.7105571428571428,1.4073463479362274,-1.2740122696879275,0.0718976590201521,1.4204511257022432,-1344.3845250948011,0.5592890521870527,-865.2977096339921,0.9994875115417178,1677.0411567873407,0.9954682433806658,-377.4156205199432,-3.3308308679038756,679.3651611233374,0.1741280213179881,-1319.3424167883345,-2.996258522420684,-4254.341877105414,-9.661713247724194,0.997728975825916,369.34468498650506,6.890703596140335,0.9813434337185816,322.96135259303895,100.1057479612037,0.6900379963191876,-8.163673833157532,-8.163673833157532,0.0,0.0,0.0,0.0,0.8365278309478157,0.8365278309478157,0.0
0.7105607142857142,1.4073392743155555,-1.273988881212369,0.07201531428171393,1.8174281883976846,-1869.3888630185215,0.6382452097496202,-865.770914491039,0.9994803258925096,1676.833311380468,0.994133690531569,-377.4196819082742,-5.529966001318808,679.7516081905752,0.17667056070876563,-1320.0905996362465,-3.88342066562686,-4256.6932923535,-12.52226983762769,0.9970582165597597,369.5427756346834,8.90394500414122,0.9759055092097285,322.95382231325874,-512.3689648245252,2.586508439982288,-8.269593855138623,-8.269593855138623,0.0,0.0,0.0,0.0,0.8473296191132249,0.8473296191132249,0.0
0.7105642857142856,1.407332200765991,-1.2739655256661553,0.07568233561747206,2.2269109382075385,-2409.091582851694,0.693525412437194,-866.2318857238644,0.9994471639962453,1676.5627870151468,0.9927284457508109,-377.4233371819052,-8.413909684857332,680.1372900598928,0.18805417227917476,-1320.838759731962,-4.819799063089981,-4259.039983015467,-15.541425301576108,0.996350955763845,369.7404564694402,11.03341866736913,0.970159017023118,322.94594432043226,-552.3664865569472,2.71039920541278,-8.37618979421768,-8.37618979421768,0.0,0.0,0.0,0.0,0.8581992592328618,0.8581992592328618,0.0
0.7105678571428571,1.4073251272875318,-1.2739422063018286,0.07608770820647237,2.6490567548842137,-2968.359681902235,0.7359160061675226,-866.701995802383,0.9994374231935533,1676.2275500533183,0.9912505306461626,-377.42657364880085,-12.063728729638415,680.522179078401,0.1914768573305129,-1321.586897067481,-5.8069960943451155,-4261.381798327673,-18.724328694777174,0.995606042926704,369.9377144222307,13.273594783493172,0.9641193793819484,322.9377077889875,75.45650936182277,0.7663434540412133,-8.483462936192609,-8.483462936192609,0.0,0.0,0.0,0.0,0.8691368305816809,0.8691368305816809,0.0
0.7105714285714285,1.407318053880177,-1.2739188637779606,0.07416272248349287,3.0840202402483783,-3546.7956693150427,0.7694667673490736,-867.1786253640449,0.9994450068743375,1675.8254533388802,0.9896979638222334,-377.42937845673936,-16.5639713249799,680.9063141640817,0.18900160908754385,-1322.3350116409235,-6.846638724443731,-4263.718585427809,-22.07620649845391,0.9948223115442224,370.1345362431341,15.629252517757951,0.9577741307893209,322.92910175930444,147.05364610336787,0.5446255995442167,-8.591412241665125,-8.591412241665125,0.0,0.0,0.0,0.0,0.8801422138874528,0.8801422138874528,0.0
0.710575,1.4073109805439257,-1.27389550226465,0.07295416059420745,3.531949553701679,-4142.551266820561,0.7960972667247745,-867.6520095695791,0.9994474758869487,1675.3544128563867,0.9880687752617472,-377.43173859915936,-22.004357302304278,681.2896661210312,0.18826649514134472,-1323.0831034519438,-7.940370097403593,-4266.05018940136,-25.60233538586327,0.9939985855184099,370.3309085048982,18.108235069532675,0.9511025554344374,322.92011514158173,20.023781979044596,0.9379915309076818,-8.700036198581529,-8.700036198581529,0.0,0.0,0.0,0.0,0.8912152509643505,0.8912152509643505,0.0
0.7105785714285714,1.407303907278777,-1.273872119880222,0.07181572351763066,3.9929881947876993,-4756.285268312679,0.8178214359132436,-868.1241821301296,0.9994495904236959,1674.8123112339506,0.9863610022788397,-377.43364092016674,-28.481823664011642,681.6722118977258,0.18765109914551054,-1323.831172500151,-9.089853417488749,-4268.376453328497,-29.3080546049856,0.9931336762524469,370.5268176070229,20.713394917797398,0.9440974473816202,322.9107367197746,116.37459935255137,0.6396075257988635,-8.809333271756145,-8.809333271756145,0.0,0.0,0.0,0.0,0.9023557813055731,0.9023557813055731,0.0
0.7105821428571428,1.4072968340847294,-1.2738487196906916,0.07001649776941576,4.467274782692243,-5388.709131405394,0.8360019153283319,-868.5975640493529,0.999457000108414,1674.1970134313551,0.984572692785791,-377.4350721191891,-36.09968411766486,682.0539228346942,0.18522789244032586,-1324.5792187852555,-10.296770993594945,-4270.697218332704,-33.19876275915217,0.9922263834072242,370.72224977999116,23.447457686603634,0.9367519545953372,322.90095515559756,217.29916552432414,0.3270408090938804,-8.919301902485813,-8.919301902485813,0.0,0.0,0.0,0.0,0.9135636420442665,0.9135636420442665,0.0
0.7105857142857143,1.407289760961782,-1.273825291331454,0.06903080795328265,4.954943376248934,-6039.024869541354,0.8511881290774691,-869.0671833509612,0.999458322500679,1673.5063419976495,0.9827019064821924,-377.43601875570016,-44.96721775522645,682.4347843488043,0.18487985634698426,-1325.3272423069,-11.562824701065928,-4273.012323629384,-37.27991915235962,0.9912754945858205,370.91719108950196,26.31634806440693,0.9290506110350198,322.8907589925883,-281.3703703301564,1.8714104151138464,-9.029940508287268,-9.029940508287268,0.0,0.0,0.0,0.0,0.9248386679281992,0.9248386679281992,0.0
0.7105892857142857,1.4072826879099338,-1.2738018752205171,0.07194390596012568,5.456121603738097,-6705.324143585161,0.8635171487484926,-869.5222237516497,0.9994288490962298,1672.7381684569668,0.9807467249350657,-377.4364672540276,-55.20003191010205,682.8147271403411,0.19505082598465995,-1326.0752430646935,-12.889730468877268,-4275.321606576219,-41.55702586617578,0.9902797895245463,371.11162744085095,29.32849739811172,0.9209712247488494,322.88013666022545,-645.0121580278583,2.997682993756349,-9.141247397771622,-9.141247397771622,0.0,0.0,0.0,0.0,0.9361806824259418,0.9361806824259418,0.0
0.7105928571428571,1.4072756149291838,-1.2737785035103995,0.07384738396677903,5.970932310065791,-7391.1491958052875,0.874320333058705,-869.979295872158,0.9994069110088689,1671.8903442165029,0.9787052633687271,-377.4364039099335,-66.9231264650504,683.1936903831496,0.2026574252321912,-1326.8232210520807,-14.27921154889872,-4277.624902723927,-46.03560590716757,0.9892380451876805,371.30554458334814,32.48064933445049,0.9125231233191039,322.8690764780974,-83.48737929193925,1.2585796701332679,-9.253214078072688,-9.253214078072688,0.0,0.0,0.0,0.0,0.9475887916943293,0.9475887916943293,0.0
0.7105964285714286,1.4072685420195308,-1.2737551272274517,0.0723517322849716,6.499495566504038,-8098.324573297546,0.8842161337499472,-870.4469795223325,0.9994121924111478,1670.960571769656,0.9765756340308791,-377.4358148931789,-80.2683195776861,683.5716999652731,0.20096338028205263,-1327.571176264624,-15.73302460450798,-4279.922045868183,-50.721287157260626,0.9881490161237336,371.49892811483346,35.77306940575378,0.9037061302241604,322.8575666601149,250.35771223454975,0.22455677646201386,-9.365840364500514,-9.365840364500514,0.0,0.0,0.0,0.0,0.9590629485215203,0.9590629485215203,0.0
0.7106,1.4072614691809735,-1.2737317268418848,0.07084703999609587,7.041925487526328,-8824.717908000444,0.8929071550876917,-870.9135484050101,0.9994177922332798,1669.9465578847803,0.9743559576291575,-377.43468625189,-95.37322544365934,683.9487500024733,0.19915811284502988,-1328.3191087019895,-17.252953487909885,-4282.212868101795,-55.61978214021517,0.9870114392129998,371.6917634862169,39.214735619416956,0.8944966246988921,322.84559531876477,149.0911858983319,0.5381966238346065,-9.479132829319497,-9.479132829319497,0.0,0.0,0.0,0.0,0.9706038075540278,0.9706038075540278,0.0
0.7106035714285714,1.4072543964135116,-1.273708307365828,0.06966528455882326,7.598330252027381,-9570.276897558506,0.9005536660807795,-871.3777638304942,0.9994209562694429,1668.8460186399336,0.9720443788329153,-377.4330039187273,-112.38429907177614,684.3248080215068,0.19818437358423205,-1329.0670183637758,-18.840800171562737,-4284.497199867641,-60.736858610565356,0.9858240405402899,371.884036006082,42.810180206942796,0.8848829848500336,322.8331504693977,142.82151079526204,0.5575996127175902,-9.593098018261344,-9.593098018261344,0.0,0.0,0.0,0.0,0.9822120207792437,0.9822120207792437,0.0
0.7106071428571428,1.4072473237171437,-1.2736848680885433,0.06830931701480836,8.16881298567614,-10335.510047851794,0.9073791623296317,-871.8413735158057,0.9994257727887825,1667.656636904433,0.9696390651526291,-377.4307537159146,-131.45642308542074,684.6998474328793,0.19664310086588735,-1329.8149052496824,-20.498386943914333,-4286.77487001287,-66.07834645263905,0.9845855337739159,372.0757308453988,46.56270385445303,0.8748569175725135,322.82022003454824,303.527713545884,0.05976238566035159,-9.70774245004452,-9.70774245004452,0.0,0.0,0.0,0.0,0.993888237476952,0.993888237476952,0.0
0.7106107142857142,1.4072402510918678,-1.2736614070212244,0.06658594624028069,8.753471626947658,-11120.711782026627,0.9135274051147876,-872.3050838491978,0.9994339347032623,1666.3760689654616,0.9671382099937789,-377.4279213603016,-152.75281432760823,685.073842775394,0.1939531591252223,-1330.5627693594847,-22.227555793817782,-4289.045705843043,-71.65013550976916,0.9832946206630163,372.26683304223127,50.47609124272651,0.8644088412867006,322.806791848278,107.77116242028558,0.6661434482117744,-9.82307261602898,-9.82307261602898,0.0,0.0,0.0,0.0,1.0056331041855628,1.0056331041855628,0.0
0.7106142857142856,1.407233178537684,-1.2736379327578258,0.06787860061064066,9.352398455676848,-11923.71798245365,0.9187514035915174,-872.756202527854,0.9994164708360487,1665.0019621925633,0.9645400372758498,-377.4244924684492,-176.44426993513534,685.4467569620447,0.20004745327320683,-1331.3106106927444,-24.03016672283866,-4291.309533175922,-77.45816995168816,0.9819499923385011,372.4573275064171,54.55987554444976,0.8535137544219485,322.7928536605443,-564.7310459880008,2.7495153302925464,-9.939094979846686,-9.939094979846686,0.0,0.0,0.0,0.0,1.0174472646660746,1.0174472646660746,0.0
0.7106178571428571,1.4072261060545903,-1.2736145009511755,0.07122930923321746,9.965679118739331,-12745.328333785808,0.9232797757440402,-873.1978978813924,0.9993808419035823,1663.532037843708,0.9618428435416301,-377.42045256258734,-202.71156238810872,685.8185019721672,0.212380787726667,-1332.0584292462345,-25.908070090202724,-4293.566176397908,-83.50835893736766,0.9805503501037388,372.6471990244695,58.81678152240314,0.8421649708454109,322.77839314158246,-289.43939676583506,1.8967124284520378,-10.055806676959037,-10.055806676959037,0.0,0.0,0.0,0.0,1.0293303975153094,1.0293303975153094,0.0
0.7106214285714285,1.4072190336425865,-1.2735910905698105,0.07062767452933372,10.593396113430686,-13589.806961695467,0.9277533623133934,-873.6529648131177,0.9993792606496681,1661.9639392239255,0.9590450106749917,-377.4157870760665,-231.74612203680005,686.1890720595268,0.21303840005659314,-1332.8062250124342,-27.86309881613258,-4295.815458518468,-89.80655129777271,0.9790944112555652,372.8364322643118,63.24113762904818,0.8303783317392781,322.7633978863036,403.7132756279361,0.25080253297540217,-10.173191408738035,-10.173191408738035,0.0,0.0,0.0,0.0,1.041280800167499,1.041280800167499,0.0
0.710625,1.4072119613016711,-1.273567651472608,0.06870875379601671,11.235627412834333,-14455.485497496848,0.931941798304058,-874.1116852699002,0.9993894627614058,1660.2951876364034,0.9561448871423883,-377.4104813553872,-263.7463787811772,686.5584927041247,0.20964876232264257,-1333.5539979907371,-29.89715202999993,-4298.057201226727,-96.35880494702249,0.9775808463136506,373.0250117801935,67.8412955887005,0.8181320462535733,322.74785541869994,375.2281467460589,0.16260461671937804,-10.291253629404196,-10.291253629404196,0.0,0.0,0.0,0.0,1.0532989258092726,1.0532989258092726,0.0
0.7106285714285714,1.4072048890318432,-1.2735441947691228,0.06757660632783313,11.892443887673835,-15341.047156338691,0.9357052708502502,-874.5659215677456,0.9993929381961719,1658.5233681992668,0.9531408676004511,-377.4045206671892,-298.92052950843,686.9267232272733,0.20856679431724848,-1334.3017481808288,-32.0121417334172,-4300.291224947179,-103.17121473884411,0.9760083191249189,373.2129220175336,72.62493720783559,0.8054061557803628,322.73175319625597,272.1903591014902,0.15660496246252886,-10.409998713688651,-10.409998713688651,0.0,0.0,0.0,0.0,1.0653853231454065,1.0653853231454065,0.0
0.7106321428571428,1.4071978168331014,-1.2735207169237686,0.06641787559817658,12.56391138694471,-16247.170686681278,0.939158235447503,-875.0187682638774,0.9993968423959085,1656.646025284871,0.950031388866927,-377.3978902034859,-337.4877182241153,687.293738535821,0.20733575038836383,-1335.0494755823952,-34.20999706448423,-4302.517348896071,-110.24992598976006,0.9743754836879279,373.4001473178192,77.59498843782048,0.7921934712795505,322.7150786143603,471.48249432025636,0.4609868753101273,-10.529432007128776,-10.529432007128776,0.0,0.0,0.0,0.0,1.0775405379569634,1.0775405379569634,0.0
0.7106357142857143,1.4071907447054448,-1.2734972210386777,0.06445339906261438,13.250090291645733,-17174.505407720306,0.9423927304122591,-875.4733233472184,0.9994083349611719,1654.6606928929266,0.9468149349851982,-377.3905750868081,-379.67727449225436,687.6595061903575,0.2034922438384918,-1335.7971801951294,-36.49266224465601,-4304.7353911378905,-117.60112763411044,0.972680985717214,373.58667192351345,82.75439871740262,0.7784867476901172,322.6978190107159,513.1285186303421,0.5901208139659059,-10.649558825704275,-10.649558825704275,0.0,0.0,0.0,0.0,1.0897651130659227,1.0897651130659227,0.0
0.7106392857142857,1.4071836726488725,-1.2734736983573332,0.06437173047604006,13.951035865171661,-18121.3092446773,0.9452428792823969,-875.9187342449492,0.9994027176829281,1652.5648692458713,0.9434900378122233,-377.38256037534256,-425.72790324239065,688.0240063806754,0.20553366717856625,-1336.5448620187028,-38.86209764160451,-4306.945168641875,-125.23105541552347,0.970923461871001,373.772479982966,88.11210115486766,0.7642627376983901,322.679961669743,-235.49764323509783,1.7298179968055323,-10.770384455487374,-10.770384455487374,0.0,0.0,0.0,0.0,1.1020595883003352,1.1020595883003352,0.0
0.7106428571428571,1.4071766006633832,-1.2734502060437667,0.06800681332512681,14.66679614626014,-19086.414994996656,0.9476314857399554,-876.3471268942059,0.9993622388523469,1650.3561274159717,0.9400552898756114,-377.3738310683029,-475.8891019134148,688.3871478795056,0.21958330958242464,-1337.2925210519584,-41.320272130549604,-4309.146497338851,-133.1459670322406,0.9691015454883081,373.95755555534896,93.6757499306544,0.7495016518878984,322.66149382697427,-308.53731297647727,1.9562260104762579,-10.89191443783011,-10.89191443783011,0.0,0.0,0.0,0.0,1.1144245215850932,1.1144245215850932,0.0
0.7106464285714286,1.407169528748976,-1.273426751932117,0.06862805219211054,15.397415224327233,-20074.546506951803,0.9500417365377193,-876.7859298801772,0.9993495570138454,1648.0319637026796,0.93650934417441,-377.3643721127461,-530.4241990889038,688.7488925240132,0.22406881517663738,-1338.0401572868427,-43.869164568031174,-4311.3391921778475,-141.35214664540652,0.967213865496395,374.1418826155755,99.43796833226698,0.7342239055485862,322.6424026734351,546.3873741307141,0.6934766466010488,-11.014151876654182,-11.014151876654182,0.0,0.0,0.0,0.0,1.126860158105714,1.126860158105714,0.0
0.71065,1.4071624569056498,-1.2734032767230452,0.06673350151635304,16.14293375057116,-21085.45157947056,0.9524347763822927,-877.2334674151323,0.999360805010807,1645.5898190881703,0.9328509642983388,-377.3541684050597,-589.6049839082602,689.1092746455283,0.22030800756713106,-1338.787770721198,-46.51072921483115,-4313.523067182795,-149.8557932237394,0.9652590722502821,374.3254450592237,105.40375089653534,0.7184168154001422,322.62267536000974,721.8466895015606,1.237433214190735,-11.137089142508671,-11.137089142508671,0.0,0.0,0.0,0.0,1.139365703410007,1.139365703410007,0.0
0.7106535714285714,1.407155385133403,-1.2733797819265722,0.06549229220897246,16.90338535104297,-22117.0263395606,0.9546228949073374,-877.6765808939101,0.9993660792967306,1643.0272258864964,0.9290790043707433,-377.3432047971804,-653.713216037016,689.4682627242017,0.21860339160193534,-1339.5353613547452,-49.24691072404447,-4315.697935509231,-158.66306860837034,0.9632358262836465,374.50822670746095,111.5829417774848,0.7020547645682417,322.6022990017881,606.9296142385713,0.8813555145656518,-11.260717119783067,-11.260717119783067,0.0,0.0,0.0,0.0,1.151940228783232,1.151940228783232,0.0
0.7106571428571429,1.4071483134322358,-1.2733562664745846,0.06434601755634617,17.678798331323605,-23169.72668028222,0.956657579761632,-878.1175425386587,0.9993706442203009,1640.3417115494296,0.9251923950132431,-377.3314661021657,-723.0433239905502,689.8258278978293,0.2171412654418228,-1340.2829291870871,-52.07965510191585,-4317.8636095003685,-167.78013258460533,0.9611427901021589,374.69021131191425,117.9787971179508,0.6851297590485002,322.5812606823887,763.5020611182408,1.366851873240026,-11.385026665141254,-11.385026665141254,0.0,0.0,0.0,0.0,1.1645828027471765,1.1645828027471765,0.0
0.7106607142857142,1.407141241802146,-1.273332733031749,0.06261263691922636,18.46919568388796,-24244.087581950003,0.9585893836265129,-878.5592627824243,0.999381211424168,1637.5308083989369,0.9211901464489878,-377.3189370992203,-797.9013123617372,690.1819371371025,0.21360443696569636,-1341.0304742180028,-55.010908460003165,-4320.0199007444435,-177.2131386080728,0.9589786291082746,374.8713825596462,124.59429037905352,0.6676345643449345,322.5595474582609,961.3672528450118,1.9804334127465637,-11.510008607364284,-11.510008607364284,0.0,0.0,0.0,0.0,1.177292491044824,1.177292491044824,0.0
0.7106642857142856,1.4071341702431328,-1.2733091721408982,0.06147875102900002,19.274595455781196,-25339.34806268522,0.960365520682913,-878.9965833005627,0.999386118631577,1634.5920322796524,0.9170713487509521,-377.3056025386837,-878.6043220377607,690.5365704400816,0.21201884461318352,-1341.7779964471993,-58.0426177635558,-4322.166620130123,-186.96823595771696,0.9567420110351765,375.05172407796846,131.43583232861727,0.6495527846146004,322.5371463629532,437.91198744813266,0.3577102432578336,-11.635653747464858,-11.635653747464858,0.0,0.0,0.0,0.0,1.1900683566542227,1.1900683566542227,0.0
0.7106678571428571,1.4071270987551951,-1.27328561931776,0.0641634329040528,20.095009169409423,-26453.332523543162,0.9618417191613147,-879.4150688666068,0.999352719704923,1631.5229661174887,0.9128351840404694,-377.2914471469954,-965.4805134906768,690.8896589164071,0.2236720203902243,-1342.5254958743506,-61.176722775290365,-4324.303577902742,-197.0515435233952,0.9544316119408609,375.23121943932256,138.51375072709592,0.6308576057875308,322.5140444113593,-31.643238251694356,1.0981142954857932,-11.761952923976537,-11.761952923976537,0.0,0.0,0.0,0.0,1.2029094663513575,1.2029094663513575,0.0
0.7106714285714285,1.4071200273383322,-1.2732621112841631,0.06633126841563808,20.930443131452762,-27589.07584327371,0.9632545553427091,-879.8335596755778,0.9993240027533566,1628.3210266538686,0.9084807391592776,-377.2764556332292,-1058.8747997437065,691.2411321857322,0.2337175472713464,-1343.2729724933715,-64.41529486122488,-4326.430583720124,-207.46959661494137,0.9520460128504948,375.4098521661251,145.8244663118004,0.6115592985362818,322.4902286039262,703.6056884783899,1.1817891708667534,-11.888921804887786,-11.888921804887786,0.0,0.0,0.0,0.0,1.2158173800757623,1.2158173800757623,0.0
0.710675,1.4071129559925424,-1.2732386027640772,0.06494883333004964,21.780900822252192,-28748.71480376302,0.9647466936893062,-880.2658745813426,0.9993313424757689,1624.983533603813,0.9040071971175687,-377.2606126920535,-1159.1444919488927,691.5910087758009,0.23129609479126528,-1344.020426299316,-67.76039925007956,-4328.547446708314,-218.22890294120313,0.9495838025046583,375.5876057356047,153.36654106074477,0.5916624012116436,322.4656859308283,1268.003274005563,2.9322114858371657,-12.016569686792991,-12.016569686792991,0.0,0.0,0.0,0.0,1.2287930086368988,1.2287930086368988,0.0
0.7106785714285714,1.407105884717825,-1.2732150690773196,0.06337052479386784,22.64638004007213,-29929.962784271036,0.96615944521961,-880.6971322553268,0.9993409749550131,1621.5079770444527,0.8994139809080296,-377.24390300754936,-1266.655283303139,691.9392848554963,0.22807781366077204,-1344.7678572918437,-71.21398848668119,-4330.6539755162385,-229.33559921136884,0.9470436565682828,375.76446358454683,161.15050618360627,0.5711395786436642,322.4404033761058,1220.9049078225457,2.7864513722197506,-12.144884812883106,-12.144884812883106,0.0,0.0,0.0,0.0,1.2418351448612697,1.2418351448612697,0.0
0.7106821428571428,1.407098813514179,-1.2731915166428778,0.06219315018492466,23.526872575282596,-31132.429417110943,0.967473500921921,-881.1245552949475,0.9993466973632968,1617.8919009942122,0.8947006146541644,-377.2263112593268,-1381.7862304177454,692.2859227600482,0.22621000114088563,-1345.5152654706676,-74.77800415099398,-4332.74997837102,-240.79577852616367,0.9444242617902694,375.9404091140925,169.181684125684,0.5499773899688986,322.414367921763,1268.3811888401913,2.934009507752385,-12.273855398764681,-12.273855398764681,0.0,0.0,0.0,0.0,1.2549425788402857,1.2549425788402857,0.0
0.7106857142857143,1.4070917423816034,-1.2731679440801231,0.06088090095377652,24.422365404434686,-32356.501488850314,0.9687188014686637,-881.5505558129677,0.9993540687835525,1614.1328479717179,0.88986671800712,-377.2078221272709,-1504.9294589638587,692.6308932352312,0.22376822714988087,-1346.2626508355067,-78.45438133187463,-4334.8352631323105,-252.61550451063724,0.941724312649404,376.1154256944536,177.46315923728667,0.5281683570685209,322.38756655182584,1563.231770280065,3.8489207788004616,-12.403469632579117,-12.403469632579117,0.0,0.0,0.0,0.0,1.268114097944192,1.268114097944192,0.0
0.7106892857142857,1.4070846713200966,-1.27314435055753,0.05908615051561128,25.332840549498428,-33602.42940539394,0.9699140287213287,-881.9767598842135,0.9993668580704566,1610.2283722487882,0.8849120091982232,-377.18842029623846,-1636.489754200774,692.9741663795461,0.2194449703186076,-1347.0100133861051,-82.24504659844764,-4336.9096373464545,-264.80080450194464,0.9389425128387127,376.28949666961165,185.9983191257905,0.5057041964445261,322.3599862563553,1455.4900025596762,3.5151075338556583,-12.533715675114422,-12.533715675114422,0.0,0.0,0.0,0.0,1.2813484868352276,1.2813484868352276,0.0
0.7106928571428571,1.407077600329658,-1.2731207408768106,0.06014582051642492,26.25827486771948,-34867.90247248831,0.9709353169108017,-882.3872549421017,0.9993491214767997,1606.1760490818046,0.8798363081270245,-377.1680904607038,-1776.8833992566067,693.3157061137417,0.225705604918799,-1347.7573531221651,-86.15191578115089,-4338.972908299934,-277.35766212411664,0.9360775768860956,376.4626053619547,194.79799275313812,0.48255685962262534,322.33161403541743,665.280477266207,1.0639628516025943,-12.664581659963687,-12.664581659963687,0.0,0.0,0.0,0.0,1.2946445274860139,1.2946445274860139,0.0
0.7106964285714286,1.4070705294102868,-1.273097172474851,0.06362081469924874,27.198638851336682,-36153.2160401542,0.9718144855906738,-882.7836600203213,0.9993047469531665,1601.9734327677488,0.8746394329597794,-377.1468173300743,-1926.542322221036,693.6554189538422,0.2412168751238102,-1348.5046700407538,-90.17697329976168,-4341.0248830725905,-290.29227237500595,0.933128171297296,376.63473507689383,203.865657520281,0.45871785437246054,322.3024369030054,1045.804407963152,2.244792121375984,-12.796068174006448,-12.796068174006448,0.0,0.0,0.0,0.0,1.3080022544045562,1.3080022544045562,0.0
0.7107,1.4070634585619812,-1.27307362872202,0.06318757093589511,28.153900257382134,-37462.746105230595,0.9727888820344394,-883.1964236241222,0.9993027143677347,1597.6177479487105,0.8693210518214157,-377.1245856338678,-2085.9185041500727,693.9932920120523,0.2420401612677053,-1349.2519641342228,-94.32238904555683,-4343.065368591059,-303.6114174637429,0.930092828061154,376.80586910749713,213.1929222958724,0.43421018679767004,322.272441890914,2068.1322584263785,5.417341322428123,-12.928199514426069,-12.928199514426069,0.0,0.0,0.0,0.0,1.321424094765078,1.321424094765078,0.0
0.7107035714285714,1.4070563877847404,-1.273050056665739,0.06124250160758038,29.124023106001232,-38794.81752513316,0.9737654921920951,-883.6143196006319,0.9993175858027545,1593.1064568772467,0.8638812150063516,-377.10138012286745,-2255.469954621412,694.3293520439357,0.23699096669963352,-1349.9992354018011,-98.59011088569893,-4345.094171680112,-317.3211546799479,0.9269702468710247,376.97599073894344,222.78866493094256,0.40901099697560284,322.2416160525643,2166.848119524288,5.724296340330015,-13.060966456343978,-13.060966456343978,0.0,0.0,0.0,0.0,1.3349091125987087,1.3349091125987087,0.0
0.7107071428571429,1.4070493170785636,-1.2730264669208595,0.06010145998004646,30.108964884294096,-40147.79891836537,0.9746655824508359,-884.0260043124656,0.9993238060420265,1588.4371501035894,0.8583201104945734,-377.07718557536936,-2435.667172401675,694.6635565361423,0.23494308342377399,-1350.7464838431654,-102.98204894839732,-4347.1110991147,-331.42740947170256,0.9237591582282775,377.14508325303586,232.66169437484902,0.3830976334941357,322.20994646677735,2139.059787122188,5.638714324552186,-13.19435749300294,-13.19435749300294,0.0,0.0,0.0,0.0,1.3484561427289918,1.3484561427289918,0.0
0.7107107142857142,1.4070422464434496,-1.2730028560083697,0.0589594367725681,31.108678745392126,-41522.2188123412,0.975520956461646,-884.4353677175761,0.9993302578323956,1583.6074144566405,0.8526380281252808,-377.0519868016744,-2626.9952285794584,694.9958783388633,0.232811985019174,-1351.4937094580716,-107.50010254488446,-4349.115957671481,-345.93606182358786,0.9204583034367283,377.31312993266806,242.814287271681,0.3564647821425894,322.1774202414958,2504.5964068902176,6.7739662978641935,-13.328361090292333,-13.328361090292333,0.0,0.0,0.0,0.0,1.362064017277092,1.362064017277092,0.0
0.7107142857142856,1.407035175879397,-1.2729792273629235,0.056995954683657146,32.123113133700485,-42918.61105113207,0.9763601829113298,-884.8465350484903,0.999346349940274,1578.6148644863463,0.846835364009911,-377.0257686483826,-2829.952466746292,695.3262827627264,0.2273243284088332,-1352.240912246252,-112.14615613890282,-4351.108554179107,-360.8529329908524,0.9170664375531923,377.48011406618576,253.24856897685865,0.32910752238340396,322.14402451744775,2719.9272343147186,7.44320250356655,-13.462965687033943,-13.462965687033943,0.0,0.0,0.0,0.0,1.375731565692817,1.375731565692817,0.0
0.7107178571428571,1.407028105386405,-1.2729555708670397,0.056719928231984795,33.15221224618449,-44335.18855077667,0.9771075550377812,-885.2467345992202,0.9993433158872297,1573.4571142488262,0.8409126168105031,-376.9985160026325,-3045.0494833558314,695.6547499367858,0.22848773326049013,-1352.988092207446,-116.9220815319061,-4353.088695568459,-376.18379223757154,0.9135823277342051,377.6460189517408,263.97383036406586,0.30100195125372436,322.1097464717652,1932.6293958907008,4.999909711083849,-13.598159695111008,-13.598159695111008,0.0,0.0,0.0,0.0,1.389457614769114,1.389457614769114,0.0
0.7107214285714285,1.407021034964473,-1.2729319418983245,0.060292645424141256,34.19591395946145,-45770.3941370441,0.9777066863168314,-885.6244392600148,0.9992953527602819,1568.1318611224385,0.8348703731885507,-376.97021379644696,-3272.810335478515,695.9811884134816,0.24529703559511817,-1353.7352493407018,-121.82974873406116,-4355.056188921916,-391.93439151228176,0.910004745172001,377.8108279015634,274.9987914711511,0.27212570111198464,322.07457332153666,1902.474230697333,4.906937052115679,-13.733934507958454,-13.733934507958454,0.0,0.0,0.0,0.0,1.4032412873575169,1.4032412873575169,0.0
0.7107249999999999,1.4070139646135988,-1.2729083529379344,0.06114298896028458,35.25415295241817,-47228.7437686337,0.9783572685298475,-886.0133770954385,0.9992786844843383,1562.636374847687,0.8287089419894151,-376.9408470126194,-3513.7844852371204,696.3055535842385,0.2512186036591585,-1354.482383638152,-126.87132174116141,-4357.010841522793,-408.11141656918073,0.9063322467137713,377.9745242462448,286.3135322113405,0.24250574087683366,322.03849232730823,3114.6674209914004,8.67172401808963,-13.870314278173623,-13.870314278173623,0.0,0.0,0.0,0.0,1.4170849624200486,1.4170849624200486,0.0
0.7107285714285714,1.4070068943337823,-1.2728847453039496,0.05928725478850083,36.32686155388251,-48710.16958821624,0.9790536451387948,-886.413880975658,0.9992940138141755,1556.9680962940217,0.8224289757557344,-376.9104006852722,-3768.528547520739,696.6278787472447,0.24599166288580482,-1355.2294950972248,-132.04876169764552,-4358.952460902748,-424.7208881177863,0.9025635420603266,378.13709133884885,297.92192032108,0.21213251187222995,322.00149079652584,3540.693704991515,9.995892274389794,-14.007297706837107,-14.007297706837107,0.0,0.0,0.0,0.0,1.4309884989381487,1.4309884989381487,0.0
0.7107321428571428,1.406999824125022,-1.2728611173177768,0.05801033629535368,37.41396621523916,-50212.31744946923,0.9797027048751975,-886.8088133046748,0.9993027747310005,1551.124687133463,0.8160313575805346,-376.8788599047235,-4037.6083349471724,696.9481349467678,0.2430496556142308,-1355.9765837177067,-137.36391181674225,-4360.880854890237,-441.7684349327749,0.8986974307180667,378.29851255910864,309.83497296263675,0.1809775542952328,321.9635560869188,3559.9634535726677,10.057038556909227,-14.144873052044545,-14.144873052044545,0.0,0.0,0.0,0.0,1.444950719828384,1.444950719828384,0.0
0.7107357142857142,1.406992753987317,-1.2728374690303457,0.05685303716154522,38.51538905187613,-51735.43351404624,0.9803196558651722,-887.2005192134236,0.9993103448036129,1545.1038356276968,0.8095170754274555,-376.8462098220094,-4321.604492149391,697.2662913878191,0.24051959835600203,-1356.723649499268,-142.81859624469564,-4362.795831656728,-459.2596116455915,0.8947327288815181,378.45877131743254,322.0553373708791,0.1490345533549413,321.9246756098239,3897.886497437915,11.108069970262841,-14.283028545485536,-14.283028545485536,0.0,0.0,0.0,0.0,1.458970445409463,1.458970445409463,0.0
0.7107392857142857,1.4069856839206665,-1.272813802388358,0.05519235031405856,39.631048015567444,-53279.872915354936,0.9809222944358054,-887.5923279972801,0.9993243104985661,1538.903257548111,0.8028872208392542,-376.8124356527171,-4621.111027634936,697.5823152568972,0.23575417171188084,-1357.470692441681,-148.41461946348716,-4364.697199763692,-477.19989653044104,0.8906682698272226,378.61785105897405,334.58517787341344,0.11629846047248844,321.8848368334503,4333.3827279185825,12.462525201709834,-14.421752392653275,-14.421752392653275,0.0,0.0,0.0,0.0,1.4730464934247465,1.4730464934247465,0.0
0.7107428571428571,1.4069786139250684,-1.272790109336411,0.05391715878451464,40.76085725151938,-54844.93101382468,0.9814891298909911,-887.9794071504668,0.9993338651251091,1532.5206797815579,0.7961429848781291,-376.7775226807466,-4936.734771979934,697.8961847720688,0.23252394001782387,-1358.217712544768,-154.15376787712623,-4366.584768208083,-495.59469631195606,0.8865029026986385,378.7757352675723,347.43008264040844,0.08275517597509481,321.8440272860833,3943.681302100781,11.253392847943982,-14.561032773166062,-14.561032773166062,0.0,0.0,0.0,0.0,1.4871776790763533,1.4871776790763533,0.0
0.7107464285714286,1.4069715440005226,-1.2727664199101696,0.0563480892719781,41.90472578295385,-56428.19696120664,0.9819424513767046,-888.343236415197,0.999297495459995,1525.9539134445226,0.7892856699591465,-376.7414562619997,-5269.094238803274,698.2078364501891,0.24533326135159064,-1358.96470980819,-160.03779786764488,-4368.458346466603,-514.4493074759276,0.8822355012513656,378.93240746958736,360.6013781605641,0.04837545944257751,321.8022345592265,3465.527864312935,9.769123058016296,-14.70085784116509,-14.70085784116509,0.0,0.0,0.0,0.0,1.5013628150673668,1.5013628150673668,0.0
0.71075,1.4069644741470275,-1.2727427755322354,0.05879205470796478,43.062558387747686,-58032.148954556105,0.9823772869509712,-888.7038231008376,0.9992603918070437,1519.2004559332636,0.7823163518338335,-376.7042218294639,-5618.832815062018,698.517194326887,0.25841008102901397,-1359.711684226476,-166.06872263279146,-4370.317744540946,-533.7698379404754,0.8778647528301075,379.0878512378173,374.0945174351741,0.013171969996766413,321.7594463106837,4509.348425366381,13.014657462495306,-14.841240947338063,-14.841240947338063,0.0,0.0,0.0,0.0,1.5156032460531037,1.5156032460531037,0.0
0.7107535714285714,1.406957404364583,-1.2727191350008331,0.0575255280722331,44.234258291560764,-59659.28867795938,0.9828796335777864,-889.08218014644,0.9992697927517777,1512.257675426977,0.775236160546055,-376.66580489530907,-5986.610282314916,698.8242731776371,0.2552364625114673,-1360.4586357939588,-172.24857920045352,-4372.162773000443,-553.5624574450479,0.8733893301357671,379.2420501951929,387.90458274135926,0.02284169843957918,321.71565026757753,5506.739019514314,16.116789360213737,-14.982195116856134,-14.982195116856134,0.0,0.0,0.0,0.0,1.5299002588563724,1.5299002588563724,0.0
0.7107571428571429,1.4069503346531866,-1.272695468069851,0.05586953503492964,45.419724642298775,-61307.19145872169,0.9833699893323088,-889.4599496714055,0.9992844445044787,1505.1233328036074,0.7680466491629652,-376.62619105287735,-6373.087744625289,699.1290759225342,0.250222350166374,-1361.2055645105113,-178.57910707034088,-4373.993243026055,-573.8323645129836,0.8688081273495545,379.39498801858474,402.04275025323835,0.05969441597774667,321.67083422930705,5670.314326991261,16.62769180046055,-15.123707634567383,-15.123707634567383,0.0,0.0,0.0,0.0,1.5442525411706782,1.5442525411706782,0.0
0.7107607142857143,1.4069432650128384,-1.272671782875799,0.05470445223392062,46.6188517494345,-62975.128716542466,0.9838297129143364,-889.8320859707268,0.9992931106487857,1497.795277912277,0.7607494769995183,-376.5853659815584,-6778.939463901752,699.4315634552491,0.2472977681342667,-1361.952470375791,-185.06201199870935,-4375.808966451116,-594.5846342420429,0.8641200658436731,379.54664844233355,416.51441129679966,0.09739978736785715,321.6249860704411,5924.6030162715215,17.420841889982817,-15.265765760625072,-15.265765760625072,0.0,0.0,0.0,0.0,1.5586587782983798,1.5586587782983798,0.0
0.7107642857142856,1.4069361954435369,-1.272648077187851,0.05342877802416979,47.83153052878356,-64663.40278671009,0.9842733710520878,-890.201967770327,0.9993034635204714,1490.2713776524438,0.7533463938075762,-376.5433154501238,-7204.853093873948,699.7317081620121,0.2437792308724894,-1362.6993533895836,-191.6989768004236,-4377.609755803833,-615.824252746403,0.8593240861796911,379.69701526192733,431.32129527148504,0.13596177461112147,321.57809374355185,6529.806199339531,19.305506893597176,-15.408356730882929,-15.408356730882929,0.0,0.0,0.0,0.0,1.5731176531929094,1.5731176531929094,0.0
0.7107678571428571,1.4069291259452807,-1.272624351356734,0.051573774093270686,49.05764832488558,-66372.21859156126,0.9847114083628231,-890.5723225611677,0.9993217059014192,1482.5495358977391,0.7458392405689781,-376.5000253199767,-7651.528657319348,700.029479708122,0.2374934776714811,-1363.4462135516767,-198.49165778099243,-4379.395424347496,-637.5561054167543,0.8544191506726647,379.846072337483,446.4653272938592,0.1753848724732549,321.53014528197707,6700.732958562541,19.84013911879429,-15.551467757401383,-15.551467757401383,0.0,0.0,0.0,0.0,1.5876278465131435,1.5876278465131435,0.0
0.7107714285714285,1.4069220565180691,-1.2726006065879563,0.05239796221025017,50.29708886564174,-68099.16604005091,0.9850783232868304,-890.9239347759743,0.9993048232155638,1474.627692829098,0.7382299472457649,-376.455481548344,-8119.676986752133,700.3248469385032,0.24350942862849118,-1364.193050861812,-205.44168362585876,-4381.165786120377,-659.7849730842482,0.8494042441455969,379.9938035971999,461.95770400418155,0.21569799199637685,321.481128802534,5945.410299847574,17.493808087564208,-15.69508602881501,-15.69508602881501,0.0,0.0,0.0,0.0,1.602188036663378,1.602188036663378,0.0
0.7107749999999999,1.4069149871619009,-1.272576901664875,0.055979483740458136,51.549730867121525,-69844.0522370662,0.9853773499476248,-891.2558261846593,0.9992508434492821,1466.5036752124092,0.7305203437594454,-376.4096701919934,-8610.028267964746,700.6177154231087,0.2625345152550416,-1364.9398653175465,-212.55082439292696,-4382.92065597509,-682.5160744056392,0.8442782500579408,380.140193040765,477.8021239915597,0.25691029977543517,321.43103250815574,6588.208536791421,19.496491845802897,-15.83921252621053,-15.83921252621053,0.0,0.0,0.0,0.0,1.6167982884828973,1.6167982884828973,0.0
0.7107785714285714,1.4069079178767752,-1.2725532245596793,0.05572295620567047,52.81545167886895,-71611.35955544478,0.9857393823631853,-891.6072380837214,0.999247802194842,1458.1746620377057,0.722711836070648,-376.3625774111835,-9123.348266289324,700.9080687547417,0.2637099364851197,-1365.6866569108747,-219.8212943502997,-4384.659849616903,-705.7560374857486,0.8390397290345312,380.2852247426686,493.98613384690935,0.2989885004898096,321.37984469047086,8162.420334278488,24.398046794564614,-15.983879876772109,-15.983879876772109,0.0,0.0,0.0,0.0,1.631461870337063,1.631461870337063,0.0
0.7107821428571428,1.4069008486626906,-1.272529519723243,0.05375857882910395,54.09412660181829,-73399.4565076431,0.9861198913178091,-891.9658518740274,0.9992680435914478,1449.6385744544705,0.7148065743524367,-376.3141894691493,-9660.388826535043,701.1959386559056,0.2567163830759071,-1366.4334256409204,-227.2546859840625,-4386.383183641681,-729.5094764947696,0.8336876998764359,380.428882855487,510.5178553172415,0.3419534591730019,321.3275537323193,8596.145288805828,25.751970657227904,-16.129073331510995,-16.129073331510995,0.0,0.0,0.0,0.0,1.6461773150738992,1.6461773150738992,0.0
0.7107857142857142,1.4068937795196463,-1.2725057971162923,0.0526090443534315,55.38562590917786,-75206.42652127039,0.9864712048829659,-892.3164361335067,0.9992775379152775,1440.8935512969035,0.7068068743356263,-376.26449273676207,-10221.908860004734,701.4812848743109,0.25348838360510145,-1367.1801715074273,-234.85248029988566,-4388.090475572543,-753.7806307066662,0.8282212650575954,380.5711516130532,527.4063582364771,0.38582852641631393,321.27414811020424,8840.312031481008,26.516412644719185,-16.274773842217883,-16.274773842217883,0.0,0.0,0.0,0.0,1.6609427245337542,1.6609427245337542,0.0
0.7107892857142857,1.4068867104476412,-1.2724820532915482,0.051468467834837384,56.68981703974839,-77032.68175796246,0.986809428864706,-892.6638092538134,0.9992871585675819,1431.937760243708,0.6987151278187472,-376.2134736955285,-10808.679579628832,701.7640820790605,0.25021243764061724,-1367.926894510168,-242.61612369049845,-4389.781543896286,-778.5736111355416,0.8226395543035395,380.71201533360784,544.652066672761,0.430614335078174,321.21961639668075,9577.20014690689,28.81511607024587,-16.42096234255507,-16.42096234255507,0.0,0.0,0.0,0.0,1.6757561988158045,1.6757561988158045,0.0
0.7107928571428571,1.4068796414466742,-1.2724582918597294,0.04952281873721631,58.006564287222204,-78878.63630887371,0.9871494016320923,-893.0130119180216,0.9993082706479026,1422.7694290566749,0.6905338047237837,-376.16111894033526,-11421.482328449982,702.0442973144889,0.24289633272395025,-1368.6735946489182,-250.5470217321257,-4391.456208098777,-803.8923804096876,0.8169417290494349,380.85145842285925,562.2551923320153,0.476310986599252,321.1639472626824,10184.030950583407,30.70975770282774,-16.567619748773154,-16.567619748773154,0.0,0.0,0.0,0.0,1.6906158363516397,1.6906158363516397,0.0
0.7107964285714286,1.4068725725167444,-1.2724345020358616,0.04907210988503152,59.33572929594186,-80742.51407755236,0.9874515021382078,-893.3496679356148,0.9993087745989729,1413.3868151235715,0.682265443125882,-376.10741518211785,-12061.107577127968,702.3219136722203,0.24281529326328946,-1369.4202719234345,-258.646544189559,-4393.114288699571,-829.7407686290234,0.8111269786986035,380.9894653769776,580.2241246433692,0.5229400741284407,321.10712947978374,9579.372992447285,28.83232732317886,-16.714726960443727,-16.714726960443727,0.0,0.0,0.0,0.0,1.7055197339805233,1.7055197339805233,0.0
0.7108,1.4068655036578503,-1.2724107366539608,0.05254189703876477,60.67716903696294,-82622.44138019074,0.9876774958001411,-893.6580516248258,0.9992537024916539,1403.7883020790957,0.6739126527399236,-376.0523492505858,-12728.354173682357,702.5968441732194,0.2622710031872522,-1370.1669263330666,-266.9160171411051,-4394.755607286092,-856.1224479010643,0.8051945262936365,381.1260207855488,598.5676864321395,0.5705243247323181,321.04915192240134,9781.777101651625,29.46816053890687,-16.862266006350524,-16.862266006350524,0.0,0.0,0.0,0.0,1.7204660974947783,1.7204660974947783,0.0
0.7108035714285714,1.4068584348699913,-1.272387012657002,0.05362054411659756,62.03073867581497,-84522.68012463914,0.9879352171711707,-893.9779010229299,0.9992320274689392,1393.971772141137,0.665477699475348,-375.99590809856346,-13424.053722735885,702.8690415659388,0.2699957330810872,-1370.9135578700275,-275.35712867460427,-4396.3799865465035,-883.0422331943353,0.7991433324925143,381.26110933441777,617.2718524576251,0.6190265341650513,320.9900035699312,11577.139614951886,35.06697867907178,-17.010243092218957,-17.010243092218957,0.0,0.0,0.0,0.0,1.735455490249109,1.735455490249109,0.0
0.7108071428571429,1.406851366153166,-1.27236327276643,0.05183206167274079,63.39629270968578,-86443.39449113203,0.9882300766621152,-894.3126934015557,0.9992514680127373,1383.934940283398,0.6569628170020695,-375.93807880115634,-14149.052873641062,703.1385407837387,0.2632593736579665,-1371.6601665314377,-283.97163456494684,-4397.987250302392,-910.5051373054814,0.7929723108581368,381.39471580851114,636.3382041446486,0.6684504996239597,320.929673508825,12518.593216057834,38.00727869501166,-17.15866733659641,-17.15866733659641,0.0,0.0,0.0,0.0,1.7504888142980661,1.7504888142980661,0.0
0.7108107142857143,1.4068442975073734,-1.2723395118738932,0.05050814760627986,64.77368152574854,-88382.06468797849,0.9885074276909368,-894.6411590241573,0.9992645553221844,1373.6757034573645,0.6483703711269675,-375.8788485587456,-14904.20367901855,703.4053193631084,0.25875299849421146,-1372.4067523171027,-292.7611933780236,-4399.577223540439,-938.515841712257,0.7866804481370117,381.5268250945756,655.7786122972926,0.7188270107474973,320.8681509346043,12918.067405263722,39.25973711518828,-17.30754319048151,-17.30754319048151,0.0,0.0,0.0,0.0,1.7655665289123874,1.7655665289123874,0.0
0.7108142857142857,1.4068372289326123,-1.2723157307921313,0.04932978395683563,66.16275268456411,-90338.73192264311,0.9887730701959486,-894.965282110719,0.9992758056691946,1363.1919794870598,0.6397027676974916,-375.8182047000247,-15690.371315159195,703.6693484885101,0.254888971042319,-1373.1533152267837,-301.72745252967644,-4401.149732443129,-967.0789723523442,0.780266741387254,381.6574221838306,675.5949802442932,0.7701607278552637,320.80542515381273,13666.10411280797,41.5993547529804,-17.456875072359026,-17.456875072359026,0.0,0.0,0.0,0.0,1.780689090193448,1.780689090193448,0.0
0.7108178571428571,1.4068301604288824,-1.2722919310665721,0.047755580188720614,67.56335124711916,-92313.59038694862,0.9890356815538881,-895.2885920984935,0.999293177879352,1352.4816986570659,0.6309624473986324,-375.75613468424,-16508.4326440627,703.9305987254772,0.24886481086674006,-1373.8998552601972,-310.87205037325583,-4402.704604418947,-996.1991060143783,0.7737301964309611,381.78649217457775,695.7885045891155,0.8224544839867083,320.7414855859096,14591.281363034735,44.492342022362145,-17.606667368101512,-17.606667368101512,0.0,0.0,0.0,0.0,1.795856951064934,1.795856951064934,0.0
0.7108214285714285,1.4068230919961815,-1.272268106170437,0.04635442568411463,68.97532005473363,-94306.04947466904,0.9892869295962385,-895.6073222140983,0.9993083304804266,1341.542790499672,0.6221518797512402,-375.6926261033509,-17359.275842988063,704.1890497707585,0.24361730220311167,-1374.6463724172577,-320.1966192612553,-4404.24166813248,-1025.8807798443127,0.7670698256030727,381.914020274798,716.3634533122168,0.875719180973699,320.67632176509255,14622.167944374554,44.59790340580818,-17.756924430849722,-17.756924430849722,0.0,0.0,0.0,0.0,1.8110705612624116,1.8110705612624116,0.0
0.7108249999999999,1.4068160236345093,-1.2722442804947256,0.0485061589540976,70.39849867710507,-96313.5328521448,0.9894786849899855,-895.8986023159007,0.9992703806134221,1330.373244140204,0.6132735745082236,-375.62766668413633,-18243.797935736427,704.4446472961633,0.2570820217327126,-1375.3928666976658,-329.7027704349622,-4405.7607535319485,-1056.1284426323941,0.7602846587196702,382.03999180453314,737.3321527831907,0.9299868301757246,320.6099233420796,14356.114581116988,43.77751166110824,-17.907650580990662,-17.907650580990662,0.0,0.0,0.0,0.0,1.8263303673332132,1.8263303673332132,0.0
0.7108285714285714,1.4068089553438643,-1.2722204996335365,0.051213628302207326,71.8327238103193,-98337.95017786075,0.9896566582439881,-896.1821429636698,0.9992234723882301,1318.971793787577,0.6043305902390006,-375.5612442915124,-19162.87718329693,704.6973136482409,0.27371473451855083,-1376.1393380965217,-339.3915462102038,-4407.261691878198,-1086.9447001119204,0.7533741411101212,382.16439219838554,758.6874713017467,0.9852385172187995,320.5422800858116,15942.610482113,48.73637324176093,-18.05882081405548,-18.05882081405548,0.0,0.0,0.0,0.0,1.8416338400150207,1.8416338400150207,0.0
0.7108321428571428,1.4068018871242458,-1.2721967272065273,0.05009045249775568,73.27783223079564,-100382.19314761962,0.9898822297934778,-896.4879144530353,0.999234417004477,1307.3370615693973,0.5953259556807884,-375.4933469295153,-20117.40435053002,704.9470621565135,0.26995107674244984,-1376.8857866076376,-349.26400955745555,-4408.744315771157,-1118.3322043244148,0.7463377042928375,382.2872070078037,780.4179481014014,1.0414440603696962,320.4733818851051,17694.82972097046,54.21466281188478,-18.210412348137766,-18.210412348137766,0.0,0.0,0.0,0.0,1.8569786560183132,1.8569786560183132,0.0
0.7108357142857142,1.4067948189756525,-1.272172927292328,0.048344224579579986,74.73365855794543,-102443.79911306848,0.9901090143417036,-896.7943861333574,0.9992552126518846,1295.466688211156,0.5862619813626843,-375.423962741255,-21108.32113474982,705.1939059213465,0.2627075801901959,-1377.6322122308147,-359.3219963638523,-4410.2084591768335,-1150.2960615054662,0.7391742199596231,382.4084219034117,802.535774377159,1.0986351984158513,320.403218750244,18352.16966935415,56.27835613180828,-18.3624444653218,-18.3624444653218,0.0,0.0,0.0,0.0,1.8723667493289184,1.8723667493289184,0.0
0.7108392857142857,1.4067877508980833,-1.272149109355046,0.04719559146101915,76.20003405752209,-104521.69876353968,0.990320585766097,-897.0931165965682,0.9992671408347339,1283.3583653081703,0.5771409994328072,-375.353080012345,-22136.58089456458,705.4378079870312,0.25858803586030515,-1378.378614965851,-369.5673397224898,-4411.653957452745,-1182.8413464412301,0.7318825642607305,382.5280226772032,825.0475109267264,1.156828943282265,320.33178081451297,19078.505983765437,58.55857996747685,-18.514936520954052,-18.514936520954052,0.0,0.0,0.0,0.0,1.8878000673374231,1.8878000673374231,0.0
0.7108428571428571,1.4067806828915372,-1.2721252708176702,0.0459526819361713,77.6767882962339,-106616.16837937836,0.9905267257823663,-897.3888344547361,0.9992808070858299,1271.0097490471103,0.5679653422995075,-375.28068717266086,-23203.15101788615,705.6787449653107,0.25385086039976296,-1379.1249948125233,-380.00189097687877,-4413.080647372911,-1215.9731694683273,0.7244616025333253,382.64599524469793,847.9541178874108,1.216027682048922,320.25905833567276,20289.186784854293,62.352421287608394,-18.66790782442922,-18.66790782442922,0.0,0.0,0.0,0.0,1.9032806870823578,1.9032806870823578,0.0
0.7108464285714285,1.4067736149560133,-1.272101412687643,0.04404779654285562,79.16374888531743,-108727.39404516295,0.9907349051145911,-897.6855447044389,0.9993051983452617,1258.418483194334,0.558737346008015,-375.2067727980266,-24309.01131938753,705.9166897215683,0.24532126687402342,-1379.8713517706385,-390.6275142564584,-4414.4883671522875,-1249.6966585776195,0.7169101932906944,382.7623256470488,871.256859747631,1.2762346275192997,320.18504169737815,21045.084695750917,64.7278821777115,-18.82137763848982,-18.82137763848982,0.0,0.0,0.0,0.0,1.9188106075282294,1.9188106075282294,0.0
0.71085,1.4067665470915105,-1.2720775333416263,0.044650164619156385,80.66074157235062,-110852.92045039016,0.9909050822487866,-897.9606944507105,0.9992901962833352,1245.5821899073392,0.5494593465209301,-375.13132561183386,-25455.152834301687,706.151618271829,0.25070349672601455,-1380.6176858399822,-401.4460887791383,-4415.876956470161,-1284.0169663814784,0.7092271865727301,382.8770000530591,894.9683232566803,1.3374825939731443,320.10972141053855,20608.52364190621,63.37956195487083,-18.975365178548486,-18.975365178548486,0.0,0.0,0.0,0.0,1.9343917655602354,1.9343917655602354,0.0
0.7108535714285714,1.4067594792980271,-1.2720536920311154,0.048295878857231855,82.16758865969621,-112992.14403643004,0.991032641976703,-898.209915728321,0.9992262897316536,1232.4990687686975,0.5401340408436974,-375.0543344871046,-26642.55098699485,706.3834392601964,0.27337381623703677,-1381.3639970185725,-412.4590864084394,-4417.246256493369,-1318.9379188444696,0.7014117297839971,382.9900047611836,919.09238516861,1.3997816489798922,320.03308811462244,21784.512008845704,67.0695616105901,-19.129871335890016,-19.129871335890016,0.0,0.0,0.0,0.0,1.9500242437552373,1.9500242437552373,0.0
0.7108571428571429,1.4067524115755627,-1.2720298814098332,0.048230945380538515,83.68411260514267,-115149.61176859564,0.9912016294733802,-898.4816755486785,0.9992213469595352,1219.1689092813476,0.5307652208242454,-374.9757884491248,-27872.109891073847,706.6121354664471,0.27520999040299865,-1382.1102852981835,-423.6666770944972,-4418.596109897668,-1354.4591565637174,0.6934639141310687,383.10132620137216,943.6074922307849,1.4630755042982808,319.955132578907,24236.274885632203,74.74897983439936,-19.2848370295593,-19.2848370295593,0.0,0.0,0.0,0.0,1.9657020626337243,1.9657020626337243,0.0
0.7108607142857143,1.4067453439241162,-1.2720060440704748,0.0462593305439043,85.21013560168535,-117323.82679339028,0.9913882938095936,-898.763429428216,0.9992474095440197,1205.5896180881903,0.5213554031011857,-374.8956766732971,-29144.831461609017,706.837745565045,0.26607979517662295,-1382.8565506777225,-435.0704739463172,-4419.926360889835,-1390.584913306974,0.6853827870048458,383.2109509369712,968.5212976772756,1.5273841869841907,319.8758457036703,25339.793539516795,78.21758982386973,-19.440271590841462,-19.440271590841462,0.0,0.0,0.0,0.0,1.9814261745128903,1.9814261745128903,0.0
0.7108642857142857,1.4067382763436862,-1.2719821886914104,0.0450943461697193,86.7454764699819,-119512.6424011704,0.9915599194505593,-899.0354631192329,0.9992607268352837,1191.7589529425659,0.5119069588916333,-374.81398848817616,-30461.736326352267,707.0602350924725,0.26145197103395507,-1383.6027931570238,-446.6722578571361,-4421.236855228231,-1427.31993489251,0.6771672765722412,383.31886566649695,993.844831107432,1.5927365442329093,319.7952185213313,26168.31132267695,80.82833828371152,-19.596193074008283,-19.596193074008283,0.0,0.0,0.0,0.0,1.9971984147878032,1.9971984147878032,0.0
0.7108678571428572,1.406731208834272,-1.2719583121641351,0.04395584750093917,88.28995276731825,-121716.37802874143,0.9917261744020044,-899.3034059987681,0.9992738795863748,1177.6746377156987,0.5024222431032586,-374.7307133770111,-31823.85846180659,707.2795829292603,0.25687833395363685,-1384.3490127358548,-458.47382763487485,-4422.527440242529,-1464.668999431824,0.6688163003570867,383.4250572253336,1019.5783298259043,1.6591332794056604,319.7132421975345,27594.06317758473,85.30879030195366,-19.7526194862038,-19.7526194862038,0.0,0.0,0.0,0.0,2.0130206139664892,2.0130206139664892,0.0
0.7108714285714285,1.4067241413958724,-1.2719344180522545,0.04203512314595059,89.84338053525641,-123935.37136579654,0.9918963886745039,-899.5732794294337,0.9993003149360724,1163.3343895419318,0.49290359925330185,-374.6458409789836,-33232.24252560514,707.4957607897559,0.2475987288745699,-1385.095209414058,-470.4769924438973,-4423.7979648535365,-1502.6368927838423,0.6603287707254978,383.5295125874391,1045.7218510642979,1.7265746617762268,319.62990803218383,28932.784342989904,89.51964042137331,-19.90956878671261,-19.90956878671261,0.0,0.0,0.0,0.0,2.028894597570556,2.028894597570556,0.0
0.7108749999999999,1.4067170740284862,-1.2719104952493312,0.04141169465657413,91.4055748004696,-126167.91481147896,0.9920472398269282,-899.8294970980162,0.9993054655699753,1148.7358859389851,0.48335334967948984,-374.55936109037134,-34687.944051166094,707.7087569631655,0.24584942451536462,-1385.8413831914554,-482.6835822065679,-4425.048279591394,-1541.2284413901846,0.6517035873939662,383.63221886691235,1072.2846771131174,1.7950850433787697,319.5452074604116,28852.370124614394,89.29198201380915,-20.067058886369978,-20.067058886369978,0.0,0.0,0.0,0.0,2.0448221860497995,2.0448221860497995,0.0
0.7108785714285714,1.4067100067321123,-1.2718865935465615,0.0447581346828656,92.97634760403275,-128411.87445974049,0.9921505266460812,-900.0514260431804,0.999243696703098,1133.8769727567555,0.47377388064703596,-374.4712636657594,-36192.019372144365,707.9184922219317,0.2678018145003169,-1386.5875340675675,-495.0953377428751,-4426.278236613847,-1580.448161156974,0.6429397166938979,383.7331633195641,1099.2779893954248,1.8646937363606795,319.45913205352014,29580.77541857821,91.59643081238458,-20.22510475794809,-20.22510475794809,0.0,0.0,0.0,0.0,2.0608049018959633,2.0608049018959633,0.0
0.7108821428571428,1.4067029395067498,-1.271862734535711,0.046076594071422505,94.55551056532545,-130671.25282600329,0.9922728464984321,-900.2843159567818,0.9992155753090511,1118.7575396840907,0.4641688247565504,-374.38153882089983,-37745.41734773825,708.1249189273324,0.2778443093096536,-1387.3336620348614,-507.71237169767016,-4427.487689723331,-1620.295345760294,0.6340373007651333,383.8323333443862,1126.6812518162405,1.935347426308006,319.3716735198476,32301.7493628316,100.14156026058518,-20.383655049770823,-20.383655049770823,0.0,0.0,0.0,0.0,2.0768375405360615,2.0768375405360615,0.0
0.7108857142857142,1.4066958723523977,-1.2718388625760304,0.044349218609056607,96.14287627457895,-132946.53071713354,0.9924239300481075,-900.5364039404875,0.9992393212440653,1103.3762032364461,0.4545410103174018,-374.29017683066775,-39349.16063395215,708.3280757041258,0.2695075640493443,-1388.0797670900345,-520.5357442555487,-4428.676494383783,-1660.7722911370627,0.6249957988028325,383.9297164849978,1154.4918002101049,2.0070394414369774,319.28282370559447,34140.772043303805,105.92956059166045,-20.542698230678297,-20.542698230678297,0.0,0.0,0.0,0.0,2.0929189204694865,2.0929189204694865,0.0
0.7108892857142857,1.4066888052690545,-1.27181496875732,0.04298401363263338,97.73825496798338,-135235.0500237215,0.9925669991080944,-900.7816680266734,0.999257233540687,1087.7307353044346,0.444892697837444,-374.1971681302948,-41004.32712694459,708.5279494535788,0.26323315855059504,-1388.8258492329346,-533.567213326764,-4429.844507736638,-1701.883494441988,0.6158141687660411,384.02530043101774,1182.7230707175763,2.079805078962573,319.1925745955978,35264.775233035936,109.48118922476431,-20.702252166155404,-20.702252166155404,0.0,0.0,0.0,0.0,2.1090508374116723,2.1090508374116723,0.0
0.7108928571428571,1.4066817382567194,-1.2717910552132337,0.04179913486296982,99.34145549817265,-137536.6916170875,0.9927042452830281,-901.0214408420782,0.9992723385332601,1071.8189081659762,0.43522612662059057,-374.10250331708943,-42712.0049853006,708.7245150483687,0.2579496100630639,-1389.5719084633654,-546.8085443301975,-4430.991588615921,-1743.6334498081126,0.6064913654343542,384.1190730193629,1211.3768186586697,2.153649229486727,319.10091831405714,36775.621914785675,114.24762168998629,-20.86233467232796,-20.86233467232796,0.0,0.0,0.0,0.0,2.1252350818005965,2.1252350818005965,0.0
0.7108964285714285,1.4066746713153917,-1.2717671225770173,0.04028711247661931,100.9522858110854,-139851.5655260659,0.9928409901647162,-901.2596749403538,0.9992934641784019,1055.6384738503912,0.4255435079946807,-374.0061731512573,-44473.292135293785,708.9177493015884,0.2505263951603073,-1390.3179447811087,-560.2615176961551,-4432.117597563001,-1786.0266719131137,0.5970263350198198,384.21102223551384,1240.453680119055,2.2285739042610837,319.0078471252096,38560.717555271505,119.87701886573511,-21.02296351525979,-21.02296351525979,0.0,0.0,0.0,0.0,2.141473438697446,2.141473438697446,0.0
0.7109,1.4066676044450697,-1.2717431658229894,0.038769790349931554,102.5705531354671,-142179.19252558248,0.9929740351843399,-901.4938407783974,0.9993150546051186,1039.1871570241565,0.4158470223012996,-373.90816855666606,-46289.29613670464,709.1076356090621,0.24293320273201682,-1391.0639581860744,-573.9279318629746,-4433.222396841106,-1829.0677051437865,0.5874180130355993,384.3011362147594,1269.957058256455,2.3045883516377725,318.9133534339586,39391.495073532526,122.51786041373717,-21.184156410200444,-21.184156410200444,0.0,0.0,0.0,0.0,2.1577676876820817,2.1577676876820817,0.0
0.7109035714285714,1.4066605376457526,-1.2717192042499728,0.04066496745539894,104.19606316306317,-144516.89447718646,0.9930703086395312,-901.696456162514,0.9992763090533124,1022.4627025771534,0.40613883114886695,-373.80848062155326,-48161.13023405555,709.2941305141371,0.25674777341548116,-1391.8099486780525,-587.8095851070898,-4434.305850447961,-1872.76106530597,0.5776653373792923,384.38940324328195,1299.900944448348,2.3817293959730574,318.81742978645417,39673.002538713845,123.43799752506337,-21.3459310209588,-21.3459310209588,0.0,0.0,0.0,0.0,2.1741196027607828,2.1741196027607828,0.0
0.7109071428571428,1.4066534709174394,-1.271695287220359,0.043604185859464906,105.82861999805993,-146866.09315468822,0.9931541379127564,-901.8859994394148,0.999218344420784,1005.4643164031799,0.39642186751047725,-373.7071006003216,-50089.82187332176,709.4771572664116,0.2773918015764678,-1392.555916252641,-601.9071448784076,-4435.367824129122,-1917.1076380840818,0.567768060259917,384.47581175929923,1330.2771981984172,2.4599763041302483,318.72006887062753,42158.102372977664,131.27313398357154,-21.508264719470958,-21.508264719470958,0.0,0.0,0.0,0.0,2.190526890385243,2.190526890385243,0.0
0.7109107142857143,1.4066464042601292,-1.2716713827171098,0.04261655933649422,107.46802927881845,-149230.060513032,0.9932728681234023,-902.1027923038783,0.9992304741910824,988.1918976726608,0.3866994088214308,-373.6040199135976,-52076.355196450844,709.65673016164,0.2731546844554721,-1393.301860903166,-616.2206816748925,-4436.408185389918,-1962.1063840515797,0.5577263628461344,384.56035035408746,1361.0670456596445,2.5392807511393976,318.62126351667825,45074.72929304629,140.46805142741783,-21.671114086396756,-21.671114086396756,0.0,0.0,0.0,0.0,2.20698515453509,2.20698515453509,0.0
0.7109142857142857,1.4066393376738204,-1.2716474499648802,0.04080739711844217,109.11409626674526,-151606.33817873173,0.9933960822852402,-902.3220539842177,0.9992577796353058,970.6432066699333,0.3769734993990887,-373.49923014645714,-54121.85397306402,709.8328735974161,0.263524003597763,-1394.047782629444,-630.7519440723502,-4437.426803507316,-2007.7615831156786,0.5475392221616466,384.6430077729969,1392.283133216412,2.6196761804600115,318.5210066975171,46613.245911191625,145.34276839222036,-21.834496779928713,-21.834496779928713,0.0,0.0,0.0,0.0,2.223496161752607,2.223496161752607,0.0
0.7109178571428572,1.4066322711585124,-1.2716234995390105,0.039666742934230115,110.76662421000492,-153993.60899256793,0.9935099357814371,-902.5315745859702,0.9992732987320393,952.8160422950675,0.3672461570990212,-373.3927230506252,-56227.4469154189,710.0055549598452,0.2580747401446812,-1394.7936814312666,-645.5026824520224,-4438.4235495403545,-2054.077492053587,0.5372056161097315,384.723772916344,1423.932700254762,2.701181992110449,318.4192915291645,48195.23311283762,150.35776755669133,-21.99843106424362,-21.99843106424362,0.0,0.0,0.0,0.0,2.240061739243032,2.240061739243032,0.0
0.7109214285714285,1.406625204714204,-1.271599528217095,0.03844650546497519,112.42541615902212,-156392.143377027,0.9936215426017578,-902.7374432123476,0.9992905671181609,934.7081612944369,0.35751935699298,-373.2844905449409,-58394.273143619386,710.1747573187347,0.25200005090817024,-1395.5395573084772,-660.4746720572317,-4439.39829634101,-2101.058417550204,0.5267245069490804,384.8026348403407,1456.0152089002825,2.783797399163862,318.3161112711072,50399.70300270622,157.33224024209446,-22.162935150250746,-22.162935150250746,0.0,0.0,0.0,0.0,2.256683708309154,2.256683708309154,0.0
0.7109249999999999,1.406618138340894,-1.2715755379031584,0.03650958764418988,114.09027465276836,-158802.132116108,0.9937366168391832,-902.9449976039098,0.9993214542379923,916.3173069419508,0.34779503865239675,-373.1745247157373,-60623.47911562969,710.3404583059084,0.24108104604407993,-1396.285410260948,-675.6697019303459,-4440.350918563717,-2148.708680592303,0.5160948492585968,384.8795827579061,1488.5304314265184,2.8675224618574324,318.21145932659596,52149.59098811822,162.88344749896186,-22.328027194897913,-22.328027194897913,0.0,0.0,0.0,0.0,2.273363884250074,2.273363884250074,0.0
0.7109285714285714,1.4066110720385814,-1.2715515243669655,0.036898359478982456,115.76100191279102,-161221.15110266575,0.9938284081581032,-903.1286156496767,0.9993093183734711,897.6411919287938,0.3380751012980745,-373.0628178172051,-62916.218347572256,710.5026426936843,0.24545032446901782,-1397.0312402885077,-691.0895818286358,-4441.2812926746155,-2197.0326380847305,0.5053155850073077,384.95460603945634,1521.4913402201198,2.9523915712393705,318.1053292429341,52421.98818181078,163.79443556186573,-22.49372530035498,-22.49372530035498,0.0,0.0,0.0,0.0,2.290104076247161,2.290104076247161,0.0
0.7109321428571428,1.4066040058072653,-1.2715275468856526,0.04057728549418016,117.43739808449948,-163648.2474565288,0.9938895985910589,-903.2795801560173,0.9992350565505962,878.6781256376873,0.32836169102539464,-372.9493622720868,-65273.6068495205,710.6612245580537,0.27191182281933546,-1397.777047389438,-706.735687106029,-4442.189296960147,-2246.033236062637,0.4943859691887445,385.0276942136363,1554.902689243689,3.038417788152497,317.99771471168987,54496.50331571985,170.37388350456757,-22.660034490390558,-22.660034490390558,0.0,0.0,0.0,0.0,2.3069047740338533,2.3069047740338533,0.0
0.7109357142857142,1.4065969396469442,-1.271503602617602,0.04071010475217918,119.11926474610493,-166088.01405831662,0.9939794685536252,-903.4559290777513,0.999227091782134,859.4286301614234,0.31865801313542624,-372.83415067326223,-67696.6047851874,710.8161876524374,0.27480403556306876,-1398.5228315555294,-722.6076171651443,-4443.074811535385,-2295.70774963968,0.48330652824493936,385.098836968029,1588.736865752299,3.1255301580778245,317.8886095688856,58244.42117064186,182.22273720229174,-22.826902504663167,-22.826902504663167,0.0,0.0,0.0,0.0,2.323760687395563,2.323760687395563,0.0
0.7109392857142857,1.4065898735576174,-1.2714796330265283,0.0387451703774957,120.80640478591488,-168539.15916641324,0.9940846670488693,-903.6458215435227,0.9992591657981801,839.8910244297655,0.3089661173072859,-372.7171757803443,-70186.32867519035,710.967578314597,0.2634521363768043,-1399.2685927854104,-738.7066753046277,-4443.937718351016,-2346.0588439630274,0.47207656977839807,385.16802414974813,1622.9997655071634,3.213744817187013,317.77800779514246,60451.08220386584,189.2305405691762,-22.994332319470686,-22.994332319470686,0.0,0.0,0.0,0.0,2.3406720914343286,2.3406720914343286,0.0
0.7109428571428571,1.406582807539284,-1.271455644990325,0.037556514473948255,122.49861910230936,-170999.3728881204,0.9941808302089131,-903.8245958174821,0.9992768084231486,820.0633464932974,0.2992878506118018,-372.5984305213711,-72743.91737944786,711.1153700651558,0.25722933594488523,-1400.01433107891,-755.0344218509025,-4444.7779012006695,-2397.089971430843,0.46069521926319057,385.2352457660607,1657.703253692243,3.3030934264485903,317.6659035157852,62273.40626051155,195.0342786912197,-23.16233651917412,-23.16233651917412,0.0,0.0,0.0,0.0,2.357640229156075,2.357640229156075,0.0
0.7109464285714285,1.4065757415919424,-1.2714316359187072,0.036418950324758725,124.19570868493099,-173468.90314262584,0.9942742062307487,-903.9984457039053,0.9992937631990453,799.9436103997392,0.2896250133473695,-372.4779079932258,-75370.51693722558,711.2595473045769,0.2512475538027712,-1400.7600464359573,-771.5924311266856,-4445.59524572756,-2448.8045987489486,0.4491615940289722,385.3004919849488,1692.8460427154962,3.3935735300894057,317.5522910009086,64793.68690972099,203.04099969014425,-23.330927639989227,-23.330927639989227,0.0,0.0,0.0,0.0,2.3746663379642565,2.3746663379642565,0.0
0.71095,1.406568675715592,-1.2714076092442472,0.034535189710709346,125.89747437618428,-175948.04876369928,0.9943712809205038,-904.1743805144315,0.9993255752211861,779.5298298926981,0.27997936536759405,-372.3556014616973,-78067.27676866474,711.4000879902334,0.23997384564941526,-1401.5057388563405,-788.3822808678613,-4446.389639429603,-2501.2061730273517,0.43747481083366907,385.3637531355424,1728.4264638053016,3.485181726983465,317.4371646654049,67292.42700740152,210.98660553288144,-23.500118169552366,-23.500118169552366,0.0,0.0,0.0,0.0,2.3917516495824174,2.3917516495824174,0.0
0.7109535714285714,1.4065616099102314,-1.271383553870569,0.03374740666927778,127.60371732741248,-178435.2307908509,0.994457312344321,-904.3361365055331,0.9993363375171763,758.8199861838533,0.2703526169670466,-372.231504361498,-80835.35144936772,711.5369866340043,0.23618857633369172,-1402.2514083399478,-805.405567544131,-4447.160971665535,-2554.298170101079,0.42563397493919536,385.425019708635,1764.4527696059804,3.5779404018447796,317.32051906895373,68177.68135086105,213.85431055924263,-23.669920546318966,-23.669920546318966,0.0,0.0,0.0,0.0,2.4088973899599324,2.4088973899599324,0.0
0.7109571428571428,1.4065545441758596,-1.271359516026354,0.03693559752670694,129.3142371832463,-180928.12795125364,0.9945102556926445,-904.4576406524166,0.9992685891295816,737.8121584742437,0.26074646836575033,-372.1056102962857,-83675.88840023498,711.6701738763027,0.2603568645833524,-1402.9970548864676,-822.6638374341119,-4447.909133659358,-2608.08387566469,0.4136382292686402,385.484282357057,1800.937224186299,3.671882373969714,317.2023489159755,69811.40764585244,219.0847751740481,-23.840346817706404,-23.840346817706404,0.0,0.0,0.0,0.0,2.4261047434676617,2.4261047434676617,0.0
0.7109607142857143,1.4065474785124756,-1.271335521831808,0.038501809449826396,131.02883423190292,-183430.45241707045,0.9945745120174453,-904.5886160764564,0.9992322763949189,716.5051992639858,0.25116292453703654,-371.9779130403688,-86589.97815263543,711.7996031261471,0.27333760256851464,-1403.742678488687,-840.1580173509201,-4448.634018504667,-2662.5645812313023,0.40148715984366856,385.541531896038,1837.8584096046318,3.7669531232246434,317.0826490555476,73864.38370918568,231.94993885409943,-24.011390665373934,-24.011390665373934,0.0,0.0,0.0,0.0,2.443373000326858,2.443373000326858,0.0
0.7109642857142857,1.4065404129200785,-1.2713115180827181,0.03686107795752491,132.74731105971944,-185943.06497428866,0.9946616585605232,-904.743796330603,0.9992598764625344,694.8982640597123,0.241604078051615,-371.8484065358626,-89578.68688039579,711.9253169122484,0.26355387319464113,-1404.488279142843,-857.8887603186153,-4449.335521168622,-2717.7406826253186,0.3891805484897436,385.5967593035382,1875.2092054361508,3.8631352836656063,316.96141448128685,77078.46576893792,242.17933428924857,-24.183036936319468,-24.183036936319468,0.0,0.0,0.0,0.0,2.460700605154017,2.460700605154017,0.0
0.7109678571428572,1.4065333473986668,-1.2712874915883419,0.035434738876716665,134.46946939295015,-188463.26061242275,0.9947451331713187,-904.8924686679201,0.9992835795266914,672.9904362241025,0.23207190850022577,-371.7170848924861,-92643.0805891463,712.0473132875429,0.2551540353891911,-1405.2338568488256,-875.8567956592509,-4450.013538495266,-2773.612790120846,0.3767181231860433,385.6499557205229,1913.0019732125745,3.96046205849667,316.8386403311943,79366.38433258525,249.49465005159362,-24.355274675831314,-24.355274675831314,0.0,0.0,0.0,0.0,2.4780864544591026,2.4780864544591026,0.0
0.7109714285714286,1.4065262819482398,-1.2712634455981253,0.03424202892452399,136.19511067833298,-190990.75449814668,0.9948249194708688,-905.0343925114717,0.9993029069675914,650.7808723648843,0.2225683537369877,-371.5839423883331,-95784.21707747187,712.1655721950482,0.2483093765173402,-1405.9794116064531,-894.0628024895333,-4450.667969208056,-2830.1813274449023,0.36409964818191104,385.70111245117033,1951.2359423075884,4.0589326276693445,316.71432188746826,82052.56618761591,258.0743787607117,-24.52809291528013,-24.52809291528013,0.0,0.0,0.0,0.0,2.49552944231057,2.49552944231057,0.0
0.7109749999999999,1.4065192165687963,-1.2712393802286828,0.03279936175744069,137.92403678206836,-193525.61994315922,0.9949046762746898,-905.1739925522465,0.9993276721252835,628.2687697745755,0.21309529963658994,-371.4489734696464,-99003.14761446799,712.2800773846875,0.23952339444286938,-1406.724943415628,-912.5074266002218,-4451.29871391274,-2887.446585399238,0.35132491190169063,385.75022096310664,1989.9082482237015,4.158540786458856,316.58845457628684,85139.97132796976,267.9294890488623,-24.701480672668485,-24.701480672668485,0.0,0.0,0.0,0.0,2.5130284603539224,2.5130284603539224,0.0
0.7109785714285713,1.4065121512603356,-1.271215291807744,0.031177258475793224,139.6560500128263,-196067.5357699798,0.9949838814875642,-905.3106418972235,0.9993565279122278,605.4533658530665,0.20365457930415692,-371.3121727505296,-102300.91612605457,712.390817152062,0.22927556942593708,-1407.470452276175,-931.191280876281,-4451.905675098548,-2945.4087233100604,0.3383937265820754,385.7972728874984,2029.0180736201773,4.259285682436266,316.46103396753756,87239.05185029587,274.6707540153105,-24.87542695334423,-24.87542695334423,0.0,0.0,0.0,0.0,2.530582397846686,2.530582397846686,0.0
0.7109821428571428,1.4065050860228558,-1.2711911947371424,0.03281056999523457,141.39095252186826,-198613.78286983672,0.9950380805615074,-905.4120125710818,0.999318198984191,582.3339745574287,0.1942479830178205,-371.17353501266666,-105678.55315747383,712.4977598342067,0.24297367805855066,-1408.2159381880504,-950.1149247698099,-4452.488757140559,-3004.067704255816,0.32530594278579067,385.84226001924264,2068.5779499612445,4.361201102901691,316.3320557745544,88473.7201605717,278.68623016702963,-25.04992075047824,-25.04992075047824,0.0,0.0,0.0,0.0,2.5481901416690675,2.5481901416690675,0.0
0.7109857142857142,1.4064980208563564,-1.2711671415765702,0.035955516578610514,143.12854591756889,-201165.3296409777,0.9950804581041557,-905.4939397278848,0.9992477792307565,558.9090784803634,0.1848768983810256,-371.0330552059517,-109137.15694270506,712.6008312736797,0.26811741447603943,-1408.9614011473248,-969.2795841777843,-4453.0478662996775,-3063.4255705344212,0.31206093837028126,385.88517431695504,2108.581294735748,4.464271330112879,316.20151585378494,92259.87552455407,290.77556367951144,-25.224970297323125,-25.224970297323125,0.0,0.0,0.0,0.0,2.5658524721924465,2.5658524721924465,0.0
0.7109892857142857,1.4064909557608365,-1.2711431049758684,0.035125987524651237,144.86863440726393,-203725.8155063931,0.9951495466119615,-905.6084880568806,0.999260133294657,535.1764458675643,0.1755424039763603,-370.890728447965,-112677.89461194372,712.7000471816132,0.26374908748717907,-1409.7068411468738,-988.6870175151952,-4453.582910723658,-3123.486016197361,0.29865771474099956,385.92600790304436,2149.007235325481,4.5684436687806045,316.06941020444435,96826.47407575345,305.3456030532117,-25.40059557766142,-25.40059557766142,0.0,0.0,0.0,0.0,2.5835713086408703,2.5835713086408703,0.0
0.7109928571428571,1.4064838907362944,-1.2711190397149983,0.03325112553633858,146.6110232416985,-206292.88455686418,0.9952242615572257,-905.728304059712,0.9992948648398773,511.1357135307626,0.1662462585036634,-370.7465500209142,-116301.76326930078,712.7954436346274,0.2513971991431265,-1410.4522581864685,-1008.3375092441775,-4454.093800447324,-3184.248047117682,0.28509632042372157,385.9647530637193,2189.865493466093,4.673744755404041,315.9357349681373,99707.50385784892,314.59425801549355,-25.57677803806337,-25.57677803806337,0.0,0.0,0.0,0.0,2.601344760644082,2.601344760644082,0.0
0.7109964285714285,1.4064768257827296,-1.2710949568025005,0.032113476330636104,148.3555167008834,-208864.99514330144,0.9952923054013817,-905.8363211026191,0.999314382422771,486.786717892066,0.15699020876927397,-370.6005153729398,-120009.73118086605,712.8869939693317,0.24446773250890724,-1411.1976522659436,-1028.231206457205,-4454.580447391676,-3245.7102095710143,0.27137690116888574,386.00140224889907,2231.1610611741607,4.780189004949461,315.80048642844866,102569.95749407673,323.79353864870046,-25.753498294619362,-25.753498294619362,0.0,0.0,0.0,0.0,2.619170854633964,2.619170854633964,0.0
0.711,1.4064697609001406,-1.2710708529635875,0.03092466520996595,150.10192001118605,-211442.43872515846,0.9953591863176338,-905.9400597003472,0.9993353099962621,462.12933956519487,0.14777594016785628,-370.4526201176731,-123802.75617073204,712.9746878384378,0.23703235047911722,-1411.9430233852074,-1048.3682167662773,-4455.042765363629,-3307.870900019707,0.25749963036556567,386.03594807217803,2272.888344507494,4.887763447570242,315.66366101050676,106219.9675522294,335.49729339194954,-25.930736967508324,-25.930736967508324,0.0,0.0,0.0,0.0,2.637047616139654,2.637047616139654,0.0
0.7110035714285714,1.406462696088527,-1.2710467305977577,0.028952585719736135,151.85003897460808,-214025.46715077074,0.9954297803295219,-906.0466931906809,0.9993735085289274,437.1635352877006,0.13860508538506952,-370.3028600337159,-127681.77960576506,713.0585088296399,0.223432526364823,-1412.688371544103,-1068.7485896588942,-4455.480670054347,-3370.728306603314,0.24346472216606005,386.06838331066933,2315.0417396406874,4.9964551351975715,315.525255280517,109432.42988580102,345.82621455613867,-26.108474682090673,-26.108474682090673,0.0,0.0,0.0,0.0,2.654973069860702,2.654973069860702,0.0
0.7110071428571428,1.4064556313478869,-1.2710225831385764,0.02913287401000275,153.59968024525574,-216611.71752102845,0.9954847479993401,-906.1273759683601,0.9993653928842042,411.8893153478957,0.12947921780072233,-370.1512310640919,-131647.7277383793,713.1384508895993,0.22635319041368415,-1413.4336967425725,-1089.372330082348,-4455.8940790381575,-3434.280452396781,0.22927242176768717,386.09870090489767,2357.6308622403158,5.106290585062181,315.3852659452693,110841.62725473008,350.4483370759784,-26.286692069911282,-26.286692069911282,0.0,0.0,0.0,0.0,2.672945239729785,2.672945239729785,0.0
0.7110107142857143,1.4064485666782196,-1.2709984696407035,0.032829721091673036,155.35064949449315,-219199.94481419792,0.9955158071095026,-906.168056978808,0.9992801269416534,386.30645252526824,0.12039974178048392,-369.9977293159913,-135701.53370484602,713.2144346211769,0.2568043614243964,-1414.1789989792344,-1110.2396459802708,-4456.282911769993,-3498.5259757941694,0.2149228302911791,386.1268939585662,2400.6594151994295,5.2172810357442625,315.2436898516171,114222.74795726304,361.331591826713,-26.46537752780307,-26.46537752780307,0.0,0.0,0.0,0.0,2.690962919734403,2.690962919734403,0.0
0.7110142857142857,1.4064415020795242,-1.2709743917300445,0.03316149160852433,157.10275468465204,-221794.78798295435,0.9955677449534454,-906.2368914799214,0.9992680245572212,360.4122758001495,0.11136715862284746,-369.8423510616435,-139844.36710029523,713.286445350122,0.2611496584000747,-1414.9242782457657,-1131.3526515117621,-4456.6470895832,-3563.4694938610364,0.20041470140407647,386.15295573835454,2444.1001899532753,5.329357715985794,315.10052398593155,119732.21222195264,378.98100005475834,-26.644563879616385,-26.644563879616385,0.0,0.0,0.0,0.0,2.7090293203096114,2.7090293203096114,0.0
0.7110178571428571,1.4064344375517994,-1.2709502900217002,0.031209664150338767,158.85580625842942,-224395.21037358916,0.9956330095519179,-906.3236841821695,0.9993065310331205,334.2060713026776,0.10238262192187614,-369.6850927341008,-144077.21001837603,713.354537192445,0.2474304096180985,-1415.6695345405976,-1152.7119083245705,-4456.986535686875,-3629.1106996208377,0.18574788804885892,386.17687967367505,2487.955974879108,5.442529591573338,314.95576547352863,123510.01298891257,391.1503478535094,-26.8242450237949,-26.8242450237949,0.0,0.0,0.0,0.0,2.727143789880742,2.727143789880742,0.0
0.7110214285714286,1.4064273730950445,-1.2709261694642109,0.02999987299915574,160.60961376991747,-226998.7861330801,0.9956922467370404,-906.3981869228345,0.9993290039332093,307.68776037258704,0.09344743066108403,-369.5259509279349,-148400.96661084672,713.4186923680148,0.23943089687196054,-1416.4147678635795,-1174.3174944221962,-4457.301175162311,-3695.4477365388852,0.17092258491949064,386.1986593563536,2532.2370036328484,5.556824945620281,314.8094115780722,126769.68513578302,401.6870877217861,-27.004405902109852,-27.004405902109852,0.0,0.0,0.0,0.0,2.745304786002734,2.745304786002734,0.0
0.711025,1.4064203087092575,-1.2709020280408203,0.028858044356297796,162.3639878092299,-229605.7291918385,0.9957498135946302,-906.4671201747856,0.9993502888566493,280.8573099674368,0.08456282831638441,-369.3649223989238,-152816.52801544458,713.4789012120423,0.23185291504274883,-1417.159978214705,-1196.169450407934,-4457.590934960089,-3762.478605648836,0.15593901267601992,386.21828854036426,2576.9376552132776,5.672231045692592,314.66145970095187,130819.66043310659,414.74732589569453,-27.185031457370197,-27.185031457370197,0.0,0.0,0.0,0.0,2.763510764748318,2.763510764748318,0.0
0.7110285714285713,1.4064132443944388,-1.27087786891361,0.027023917434888745,164.1187398117546,-232216.31577875288,0.9958104013569781,-906.5382683816246,0.9993875813167865,253.71475198472945,0.07573000859811961,-369.2020040633247,-157324.7670908133,713.535148541756,0.21855805256560484,-1417.905165593708,-1218.2677667604012,-4457.855743894955,-3830.2011258848274,0.1407974268502748,386.23576114137643,2622.051717318884,5.788733672848894,314.51190738064236,134928.75035496062,428.00999036472484,-27.36610663438546,-27.36610663438546,0.0,0.0,0.0,0.0,2.7817601807669234,2.7817601807669234,0.0
0.7110321428571428,1.406406180150586,-1.2708536813964182,0.026077323426591192,165.87368248008966,-234829.1536631718,0.9958643620013539,-906.5954213956442,0.9994051659481914,226.26015267807657,0.06695010721505873,-369.0371929970985,-161926.54244137,713.5874350206764,0.2122961931489128,-1418.6503300006398,-1240.612404793183,-4458.095532643057,-3898.613000391403,0.12549810298029995,386.25107123649906,2667.5831108773655,5.906344886857339,314.36075229201566,137249.80154567442,435.59967265309405,-27.547616380688964,-27.547616380688964,0.0,0.0,0.0,0.0,2.800051487318399,2.800051487318399,0.0
0.7110357142857142,1.4063991159776987,-1.270829507545352,0.029075522257329567,167.62862813052982,-237441.79482200512,0.995893640534123,-906.6065176348222,0.9993324811614059,198.4936959731972,0.05822422499611412,-368.8704864351766,-166622.68074785706,713.6357023766484,0.23826215985496094,-1419.3954714352503,-1263.2032404595986,-4458.31023373605,-3967.711640318895,0.11004137614847731,386.2642130637623,2713.542280621232,6.025093676419088,314.20799224567736,140175.92994629347,445.12464802197246,-27.72954611752425,-27.72954611752425,0.0,0.0,0.0,0.0,2.8183831828594776,2.8183831828594776,0.0
0.7110392857142857,1.4063920518757755,-1.2708053780645945,0.030898418482735224,169.38339040361404,-240057.62805084998,0.9959292872525796,-906.6243855965109,0.999286043640806,170.4135743883403,0.049552787745859334,-368.7018817723261,-171414.2081664465,713.6799053637179,0.2548591325808502,-1420.1405898907724,-1286.0417126513041,-4458.49978155682,-4037.49934037855,0.0944264801626311,386.2751810217325,2759.9068459069254,6.144924089108506,314.0536251872347,145976.20521785747,463.8129921468933,-27.911915915656095,-27.911915915656095,0.0,0.0,0.0,0.0,2.8367571938969434,2.8367571938969434,0.0
0.7110428571428571,1.4063849878448156,-1.2707812427233205,0.029353498279562018,171.1377861731953,-242677.95765607312,0.9959839123108948,-906.6724184512805,0.9993173433376639,142.01863805314883,0.04093639615744635,-368.53137655993993,-176302.08772153786,713.7200899339773,0.2436960675904047,-1420.885685362914,-1309.1287335929942,-4458.6641123337795,-4107.976709896412,0.07865302108478599,386.2839696690076,2806.665819657447,6.265809715226792,313.8976491965656,151052.56795535062,480.2159898042438,-28.094731842180636,-28.094731842180636,0.0,0.0,0.0,0.0,2.85517405844962,2.85517405844962,0.0
0.7110464285714285,1.4063779238848175,-1.270757083643395,0.027863110591624718,172.89163257290136,-245300.080402489,0.9960371116194778,-906.7149659623584,0.9993478168643394,113.3091161739269,0.03237601649592104,-368.35896850475257,-181287.1211333803,713.7562660086795,0.23282582236893312,-1421.6307578516064,-1332.4641361326405,-4458.803164135506,-4179.1409432247665,0.06272136504257689,386.2905737237405,2853.8310047994646,6.387783184273116,313.74006248706365,154936.3515021647,492.8366821054393,-28.277977841695247,-28.277977841695247,0.0,0.0,0.0,0.0,2.8736321227364385,2.8736321227364385,0.0
0.71105,1.406370859995781,-1.2707329054219134,0.02666951895270131,174.64474720501767,-247923.56255560866,0.9960875379088289,-906.7494131966024,0.9993717366613517,84.28533513312777,0.02387257687025124,-368.1846554690388,-186370.0838482715,713.7884185571548,0.22429400531593308,-1422.3758073566871,-1356.0476790981818,-4458.916876864321,-4250.988979769187,0.04663192942079631,386.2949880630719,2901.3999429449977,6.510840245411817,313.5808634048607,159216.2603201956,506.73589495043035,-28.461637866041542,-28.461637866041542,0.0,0.0,0.0,0.0,2.8921297318511705,2.8921297318511705,0.0
0.7110535714285714,1.4063637961777042,-1.2707087074762269,0.025283455181636327,176.39694896736182,-250548.49383614937,0.9961380442359223,-906.7809507927716,0.9994005665655424,54.94767150162215,0.01542695464357634,-368.00843546970685,-191551.73254569515,713.8165386576123,0.2140068911129365,-1423.120833878122,-1379.8790813204062,-4459.005192250663,-4323.51761130405,0.03038515882019555,386.29720772262976,2949.3667425240105,6.634967800858978,313.4200504280315,164039.66431380692,522.3859929822014,-28.645695875143474,-28.645695875143474,0.0,0.0,0.0,0.0,2.910665229807904,2.910665229807904,0.0
0.7110571428571428,1.4063567324305863,-1.2706844874636385,0.023572107823383703,178.1480580611999,-253174.71088254498,0.9961893682384649,-906.8110468957763,0.9994375641659263,25.296556991892203,0.007039978506746603,-367.83030667736745,-196832.80333169815,713.8406196556439,0.20080124106258287,-1423.8658374158292,-1403.9580182510688,-4459.068053845963,-4396.72347184487,0.013981527361377788,386.29722789590215,2997.726981046938,6.760156595932791,313.25762216577834,167850.60623894937,534.8228957957216,-28.830135837966505,-28.830135837966505,0.0,0.0,0.0,0.0,2.929236959599365,2.929236959599365,0.0
0.7110607142857143,1.4063496687544264,-1.2706602553339719,0.02495379293031874,179.89789549392276,-255799.5159373328,0.9962225093826659,-906.8025142829925,0.9994008228268705,-4.667496341751303,0.001287563819630165,-367.6502674153806,-202214.0046840234,713.8606413740359,0.2139285911177418,-1424.610817969708,-1428.2841022501898,-4459.105407015813,-4470.602976450213,0.002578447555043088,386.2950439336341,3046.492536323381,6.886439611808149,313.09357735759727,170433.1185668439,543.3520113227527,-29.0149417334178,-29.0149417334178,0.0,0.0,0.0,0.0,2.9478432632490836,2.9478432632490836,0.0
0.7110642857142857,1.406342605149223,-1.2706360662348486,0.02827122840460561,181.64628236928718,-258423.47701754735,0.9962443714581762,-906.7673494671232,0.9993168949841501,-34.94494953888079,0.009555209987773972,-367.468316159735,-207696.13102448283,713.8765331330874,0.2439096281855409,-1425.3557755364009,-1452.857709778225,-4459.117198932992,-4545.1549097182115,0.019294785704624857,386.2906513432103,3095.655931348817,7.0137997660171125,312.927914872426,175905.85042932845,561.1289826477816,-29.200115076309434,-29.200115076309434,0.0,0.0,0.0,0.0,2.9664842158205573,2.9664842158205573,0.0
0.7110678571428571,1.4063355416149754,-1.270611897406224,0.027602367127855132,183.39304312526792,-261050.56802874416,0.9962874985133775,-906.7704852602244,0.9993288420424452,-65.53778922190168,0.017762945834712978,-367.28445153825646,-213280.15452700356,713.8883120732823,0.23964633099771313,-1426.1007101083678,-1477.6804169847853,-4459.103378569597,-4620.381781678158,0.036168348077253255,386.2840457879653,3145.1896939911157,7.142168252316427,312.7606337077751,182563.6494289102,582.7168420610337,-29.38567938798178,-29.38567938798178,0.0,0.0,0.0,0.0,2.9851620708897713,2.9851620708897713,0.0
0.7110714285714286,1.4063284781516825,-1.2705876998205148,0.025683074726714494,185.13800420027223,-263678.58459806885,0.9963365233163561,-906.7824037408407,0.9993715678847273,-96.44566962048702,0.025910161285373868,-367.0986723266929,-218966.77764908297,713.8960251464736,0.22438810092828573,-1426.845621685275,-1502.7519677282212,-4459.063896689718,-4696.2803425515785,0.053198709719760595,386.275223086535,3195.1026479930556,7.271570261386596,312.59173298884076,187210.259468164,597.8970267324607,-29.5716206338966,-29.5716206338966,0.0,0.0,0.0,0.0,3.0038753669430207,3.0038753669430207,0.0
0.711075,1.4063214147593432,-1.2705634846622842,0.024541650852626162,186.8809917732341,-266305.82643868815,0.9963804533797841,-906.7806914001366,0.9993957251067352,-127.66799504354344,0.0339962362620079,-366.91097744945154,-224756.64683334433,713.8996519317824,0.21576100746630683,-1427.5905102670235,-1528.0719081544164,-4458.998705841027,-4772.8467035117155,0.07038530808711965,386.2641792121185,3245.4001296934616,7.402021995188006,312.42121196760246,191760.12936039324,612.7871630184907,-29.757923328724356,-29.757923328724356,0.0,0.0,0.0,0.0,3.022622496860606,3.022622496860606,0.0
0.7110785714285714,1.4063143514379564,-1.2705392483897993,0.02336711995405949,188.62183370773403,-268932.6220864451,0.996423716227452,-906.7742952482183,0.9994210433465173,-159.20413771304607,0.04202059983104934,-366.72136597861765,-230650.39190478084,713.8991888386756,0.20671818308076909,-1428.335375853564,-1553.6397597321504,-4458.907760346748,-4850.076878697408,0.08772756454604047,386.2509102917714,3296.0740515886564,7.533504941383371,312.24907002190463,197244.21575813778,630.6887212644089,-29.944571998472156,-29.944571998472156,0.0,0.0,0.0,0.0,3.041401852494431,3.041401852494431,0.0
0.7110821428571428,1.4063072881875212,-1.2705149940074303,0.021391591326846537,190.36035916945866,-271559.27066921594,0.9964703440533033,-906.771896146707,0.9994666789115106,-191.0534034110508,0.04998271989710296,-366.5298371328866,-236648.61630707866,713.8946252016759,0.19041830633879694,-1429.0802184447818,-1579.454991125295,-4458.791016296794,-4927.966697865751,0.10522486473443787,386.2354126056271,3347.116305569795,7.666000569418088,312.0753066545269,202325.72605573502,647.3234070157089,-30.131551181385138,-30.131551181385138,0.0,0.0,0.0,0.0,3.0602118247201986,3.0602118247201986,0.0
0.7110857142857142,1.406300225008036,-1.270490713246164,0.021369028809857582,192.0963989467217,-274183.55889998307,0.9965059720069639,-906.742321329823,0.9994639380841246,-223.2150602278714,0.057882110129283494,-366.3363902764525,-242751.9028924757,713.8859633039835,0.19139483834450655,-1429.8250380406605,-1605.5170426343393,-4458.648431539144,-5006.511883272389,0.12287657574834175,386.2176825861385,3398.5356784635005,7.799534127248361,311.8999214922147,205282.83253205178,657.1689137654234,-30.3188454288221,-30.3188454288221,0.0,0.0,0.0,0.0,3.0790508034876893,3.0790508034876893,0.0
0.7110892857142856,1.4062931618995005,-1.2704664638073202,0.02503587957102127,193.8297835257033,-276803.999031758,0.9965219988524578,-906.6652316572555,0.9993681013086289,-255.6885659026991,0.06571837982611259,-366.1410249181894,-248960.82314724402,713.8731315696008,0.2256190330078315,-1430.5698346400989,-1631.8254940271672,-4458.479965670625,-5085.708573200166,0.14068216350843163,386.19771681727,3450.3365993112043,7.934119620763412,311.7229142847468,210304.81633456596,673.65305467554,-30.506444579408022,-30.506444579408022,0.0,0.0,0.0,0.0,3.0979176977179748,3.0979176977179748,0.0
0.7110928571428571,1.4062860988619128,-1.2704422520964194,0.025587877604067444,195.5603462302521,-279425.2038978075,0.9965535591832333,-906.6182195396706,0.9993501982579629,-288.4760331858131,0.07349181441002238,-365.9437407120989,-255276.2673148897,713.8561163430124,0.23200785353543887,-1431.3146082348778,-1658.3820193744118,-4458.285580027883,-5165.559409941539,0.15864255826995113,386.17551203370374,3502.4862151099082,8.069674554621232,311.54428490393843,217953.62336075405,698.5911461767237,-30.694376491109097,-30.694376491109097,0.0,0.0,0.0,0.0,3.1168151638193824,3.1168151638193824,0.0
0.7110964285714285,1.4062790358952726,-1.2704180185834304,0.023661407528749123,197.28792357266923,-282046.4785440926,0.9965970139135862,-906.5945986287248,0.9993954202463683,-321.5773463108969,0.08120218929508871,-365.7445374526925,-261698.86255323616,713.8349783462756,0.21585033704293116,-1432.0593588230215,-1685.1865512958339,-4458.065237677218,-5246.061580511309,0.17675747231654707,386.15106511995,3554.9838681641095,8.206199825086138,311.36403334265407,223720.96939929493,717.5189856308531,-30.882634355565184,-30.882634355565184,0.0,0.0,0.0,0.0,3.13574244159949,3.13574244159949,0.0
0.7111,1.4062719729995783,-1.2703937656173194,0.02242090556924836,199.0123519423313,-284665.3227722921,0.9966362434203998,-906.557986213238,0.999423605972202,-354.99156567584805,0.08884912782300622,-365.5434150750061,-268229.1024658471,713.8097090368727,0.20577713099120865,-1432.804086404519,-1712.2383651955108,-4457.818903405557,-5327.21020545011,0.1950261598514872,386.1243731095525,3607.840119273608,8.343725417328109,311.1821597138054,228789.21297379956,734.2259949099179,-31.07120157118004,-31.07120157118004,0.0,0.0,0.0,0.0,3.1546978033495634,3.1546978033495634,0.0
0.7111035714285714,1.406264910174829,-1.2703694920192443,0.021270608537491853,200.73346929458944,-287281.9224100129,0.9966743065620342,-906.5152205429674,0.9994498392754043,-388.71769937469276,0.09643229160133215,-365.3403736538986,-274867.4570312878,713.7803041090493,0.19640097070552845,-1433.5487909792855,-1739.536695928757,-4457.546543709826,-5409.000262416382,0.21344784835711458,386.0954331841603,3661.0470251760144,8.48223343379916,310.99866424933464,234718.03356729957,753.7236067198052,-31.260061554693944,-31.260061554693944,0.0,0.0,0.0,0.0,3.1736795207570765,3.1736795207570765,0.0
0.7111071428571428,1.4062578474210237,-1.2703452004860014,0.019497385571952464,202.45111506147043,-289896.5486269522,0.9967147271529747,-906.4746897907553,0.9994926316752591,-422.7546916423969,0.10395137644843264,-365.1354134028689,-281614.36745151796,713.746755172557,0.1811121930255716,-1434.293472547265,-1767.0807271302413,-4457.248126787032,-5491.426553656843,0.23202173122349587,386.0642426726567,3714.5958592371308,8.621703977352627,310.8135472991872,240801.01183371656,773.7442604293018,-31.449197742082102,-31.449197742082102,0.0,0.0,0.0,0.0,3.192685864958449,3.192685864958449,0.0
0.7111107142857143,1.4062507847381611,-1.270320881238768,0.018403649890416318,204.16513053787867,-292508.03617501305,0.9967511155167234,-906.4210662743167,0.9995181911727397,-457.1014506401782,0.11140611875728561,-364.9285346728583,-288470.25343139004,713.7090681250254,0.17197709460029065,-1435.0381311084063,-1794.869617303005,-4456.923622523736,-5574.483787778592,0.25074698601678896,386.03079905023793,3768.4879300932616,8.762143174495337,310.62680933027207,244953.33468860347,787.5775706763234,-31.638593589491737,-31.638593589491737,0.0,0.0,0.0,0.0,3.2117151065952783,3.2117151065952783,0.0
0.7111142857142857,1.4062437221262405,-1.2702965715666759,0.02118103543350003,205.87535735601955,-295113.87172940606,0.9967682149638439,-906.3160617329538,0.9994421597278424,-491.7567515055264,0.1187962688718358,-364.7197379510475,-295435.4822205104,713.6671962431391,0.1991116877501317,-1435.7827666626104,-1822.9024066841805,-4456.573002485344,-5658.1662911846915,0.26962270965363805,385.9950999374755,3822.7340467635427,8.903581800346064,310.43845092541176,249470.14787570864,802.6058263144993,-31.82823264928652,-31.82823264928652,0.0,0.0,0.0,0.0,3.2307655231686994,3.2307655231686994,0.0
0.7111178571428571,1.406236659585261,-1.2702723067212844,0.02326731734325449,207.58163876457388,-297717.0777381985,0.9967882975167711,-906.2136268362201,0.9993835541684376,-526.7207007493587,0.12612190114908275,-364.5090238612121,-302510.5726429488,713.6210953631165,0.22002219065690184,-1436.527379203534,-1851.179180996241,-4456.196239905328,-5742.471619524687,0.2886487287298385,385.9571430993733,3877.3079238684095,9.045954565660441,310.24847278228185,257319.19818199804,828.3971469847423,-32.01811735717581,-32.01811735717581,0.0,0.0,0.0,0.0,3.249837230791684,3.249837230791684,0.0
0.7111214285714286,1.4062295971152203,-1.2702480400266103,0.02183391838266857,209.2838218153072,-300319.4437767776,0.9968246612964817,-906.1481130432012,0.9994180622830983,-561.9938976370379,0.13338322306497694,-364.2963931605162,-309696.11830156937,713.5708136418816,0.20768731561042164,-1437.271968726458,-1879.7004393307227,-4455.793309674562,-5827.398588440855,0.3078251578205433,385.9169264444319,3932.1924900917224,9.18922006432884,310.0568757123396,264653.01358161785,852.5627954503226,-32.20825495569113,-32.20825495569113,0.0,0.0,0.0,0.0,3.2689275351326614,3.2689275351326614,0.0
0.711125,1.4062225347161188,-1.2702237485449517,0.020267001390067207,210.98175456832803,-302918.3254558888,0.9968610074888573,-906.0791255051626,0.9994565984937622,-597.5761158881714,0.14058029059217134,-364.0818467374394,-316992.58281675045,713.5163728223146,0.1939156228792244,-1438.0165352312104,-1908.4660261753831,-4455.3641883290575,-5912.943960896342,0.3271516560611258,385.8744480235802,3987.4010984042693,9.333415749157366,309.86366063974396,270466.75306082104,871.8572834336749,-32.398642095404966,-32.398642095404966,0.0,0.0,0.0,0.0,3.2880304938709486,3.2880304938709486,0.0
0.7111285714285714,1.4062154723879547,-1.2701994381826915,0.01907611841772905,212.67528588569007,-305513.1321243687,0.9968949664394661,-906.0004551921196,0.9994854882931081,-633.4670562675392,0.14771317013841323,-363.8653856117329,-324400.3946213654,713.4577624990982,0.18358841478366308,-1438.761078717792,-1937.4757192893999,-4454.90885403974,-5999.104273825269,0.34662783692762716,385.82970602927713,4042.932379763689,9.478540964020295,309.6688286002659,276641.6207853752,892.3466827637221,-32.589275417116596,-32.589275417116596,0.0,0.0,0.0,0.0,3.307145506690162,3.307145506690162,0.0
0.7111321428571428,1.4062084101307273,-1.2701751078455505,0.017742772894393966,214.36426652959142,-308104.0089483254,0.996928987520014,-905.9183940848353,0.9995186165635034,-669.6664106270866,0.1547819541191182,-363.6470109331559,-331919.9663479389,713.3949803909059,0.171749602326887,-1439.5055991861368,-1966.7292918020025,-4454.427286600219,-6085.876031126128,0.36625331149385293,385.78269879444474,4098.779617937021,9.62458122343366,309.47238074019566,283522.1910583226,915.1469930860859,-32.78015155214166,-32.78015155214166,0.0,0.0,0.0,0.0,3.326272062501502,3.326272062501502,0.0
0.7111357142857142,1.406201347944435,-1.2701507563308967,0.01595501642555064,216.0485489460482,-310690.95560897933,0.9969644939925485,-905.8368273276999,0.999564564600503,-706.1738496659634,0.16178675687552727,-363.4267239801719,-339551.690331192,713.3280245944298,0.15533795650337323,-1440.2500966362286,-1996.2265003395955,-4453.919467415053,-6173.2556671912525,0.3860276801937913,385.7334247914412,4154.937070389584,9.771524590165033,309.27431831521244,289377.4237085788,934.6658686856931,-32.97126712255624,-32.97126712255624,0.0,0.0,0.0,0.0,3.345409657967977,3.345409657967977,0.0
0.7111392857142856,1.4061942858290772,-1.2701263895870947,0.017093469396172623,217.72798702808086,-313271.33958879625,0.9969861233072354,-905.7137988652398,0.9995307698349136,-742.9890097795251,0.16872771048789578,-363.2045261587005,-347295.9328957457,713.2568854292421,0.16738009294380596,-1440.9945710680097,-2025.9670713410442,-4453.385379488059,-6261.23950498119,0.40595052335240617,385.68188263104037,4211.418429585916,9.919409542539329,309.074642689306,293594.98068301176,948.9161048230831,-33.16261874136978,-33.16261874136978,0.0,0.0,0.0,0.0,3.3645577978554826,3.3645577978554826,0.0
0.7111428571428571,1.4061872237846529,-1.2701020647036194,0.020548121986138312,219.4024350525293,-315845.37552204676,0.9969969593969097,-905.5562719532289,0.9994326738939839,-780.1108702998063,0.17560484339350976,-362.9804190015188,-355152.9330679716,713.1814960357349,0.20236064275209395,-1441.7390224785463,-2055.950188635375,-4452.8250074100415,-6349.822173923449,0.4260210458207034,385.6280710613589,4268.215403258486,10.068217600215497,308.8733553336302,301009.0085356504,973.538604051861,-33.35419603013145,-33.35419603013145,0.0,0.0,0.0,0.0,3.38371528704684,3.38371528704684,0.0
0.7111464285714285,1.4061801618111602,-1.2700777634971785,0.020047697832040967,221.07175097943446,-318417.31988725305,0.9970252292130819,-905.4426505751835,0.9994432717504753,-817.537973265092,0.18241814357988126,-362.75440416747176,-363122.8799359538,713.1018743527732,0.19855725033579158,-1442.483450860091,-2086.174724545561,-4452.238337346946,-6438.99732886906,0.4462382381591028,385.5719889668204,4325.2886534459085,10.217849784772909,308.6704578253799,310063.6146234683,1003.513411513053,-33.545981907499936,-33.545981907499936,0.0,0.0,0.0,0.0,3.40288024457476,3.40288024457476,0.0
0.71115,1.4061730999085988,-1.2700534337926133,0.018098551514242445,222.7357953772879,-320985.17186453677,0.9970594234864143,-905.3421061830745,0.9994944788577687,-855.27069779525,0.18916796801777988,-362.52648343707017,-371206.2065610614,713.0180767324242,0.18026842103974897,-1443.2278562120953,-2116.641017453079,-4451.625357026734,-6528.763136368032,0.4666021088370812,385.5136353670126,4382.648386430927,10.368335603119728,308.4659518466554,316774.7432010111,1025.9358459324746,-33.737982320534684,-33.737982320534684,0.0,0.0,0.0,0.0,3.422053120038882,3.422053120038882,0.0
0.7111535714285714,1.4061660380769676,-1.2700290865398198,0.016953272472989056,224.3944288897893,-323547.11200609297,0.9970895155345657,-905.2262818503402,0.999523732382616,-893.3094118332549,0.1958546757000324,-362.29665871291536,-379403.3042555648,712.9300888808558,0.16981319565934241,-1443.972238534526,-2147.3493669017716,-4450.986055727546,-6619.117621371519,0.4871126394237998,385.4530094156502,4440.303635235471,10.519701563536906,308.25983918332,323280.94852287445,1047.7287263217622,-33.93020437293728,-33.93020437293728,0.0,0.0,0.0,0.0,3.4412344904050234,3.4412344904050234,0.0
0.7111571428571428,1.4061589763162654,-1.2700047180840919,0.015787745138339915,226.04751422462175,-326103.51742271206,0.9971191896869261,-905.1055493466511,0.9995539227647423,-931.6545154166706,0.20247864348098812,-362.0649320184796,-387714.5608073182,712.8379131490738,0.1590258516483301,-1444.7165978273545,-2178.300105156484,-4450.320424264817,-6710.058888182415,0.5077698341891644,385.39011039945143,4498.246997235144,10.67193157233011,308.0521217238526,330862.1767725991,1073.0460897367043,-34.12265513251282,-34.12265513251282,0.0,0.0,0.0,0.0,3.4604249397795,3.4604249397795,0.0
0.7111607142857143,1.406151914626491,-1.2699803317569052,0.013811820967163158,227.6949157873113,-328654.74276160164,0.997151867711161,-904.9900732559511,0.9996075097681746,-970.3064052227089,0.20904025633860307,-361.8313054967716,-396140.34573261783,712.7415442876554,0.13989950156843486,-1445.4609340905758,-2209.4935580292286,-4449.628454978557,-6801.584999655626,0.5285736929440783,385.32493773702834,4556.471122679905,10.825009690365661,307.84280145819343,338081.61126707157,1097.2280880554704,-34.31534163083188,-34.31534163083188,0.0,0.0,0.0,0.0,3.4796250597116654,3.4796250597116654,0.0
0.7111642857142857,1.4061448530076437,-1.2699559180288211,0.013599111419011933,229.33649994801476,-331198.74764097895,0.9971764505622557,-904.846743145063,0.9996113521721933,-1009.2655066112945,0.21553991471768866,-361.5957814089944,-404681.02269075747,712.6409917237439,0.13851010254498694,-1446.2052473240983,-2240.9300816930263,-4448.91014172008,-6893.694090639319,0.5495242365075087,385.2574909777287,4614.987130389922,10.978967933051065,307.6318804765864,342851.1595894272,1113.4851406761832,-34.508270862930544,-34.508270862930544,0.0,0.0,0.0,0.0,3.498835449500632,3.498835449500632,0.0
0.7111678571428571,1.4061377914597215,-1.2699315328600553,0.017209440577374835,230.97213323747155,-333733.85864166124,0.9971843665586467,-904.6483513706503,0.9995054078683254,-1048.53196729399,0.22197797261205762,-361.3583621333877,-413336.8693188835,712.5361916275383,0.17625098313094092,-1446.9495375272686,-2272.609772085392,-4448.165479839839,-6986.3834744454,0.5706213058190795,385.18776980057277,4673.80305078942,11.133830347752827,307.4193609684145,349716.4329316304,1136.587534597607,-34.70144773539516,-34.70144773539516,0.0,0.0,0.0,0.0,3.5180565072681276,3.5180565072681276,0.0
0.7111714285714286,1.4061307299827246,-1.2699071872486682,0.0179828697326343,232.60168513626547,-336264.61937109014,0.9972040996916989,-904.4811661850481,0.9994802644887988,-1088.1040576165676,0.22835449620927237,-361.11905016553226,-422107.8983498856,712.427130884127,0.18518496313256946,-1447.6938046917662,-2304.5312716676103,-4447.394466172891,-7079.6459800552175,0.5918637381737477,385.1157740129892,4732.8756218462895,11.289487840315413,307.2052452210336,359726.4112084283,1169.9644181029716,-34.894853762825164,-34.894853762825164,0.0,0.0,0.0,0.0,3.5372862713952173,3.5372862713952173,0.0
0.711175,1.4061236685766514,-1.269882822118796,0.0160986778142842,234.22502862056535,-338790.7035471187,0.9972346296276797,-904.3434785974052,0.9995320882308759,-1127.9809254519964,0.23466973158074397,-360.8778481136604,-430994.2601368252,712.313875237803,0.1666890206443511,-1448.438048815394,-2336.6939617270777,-4446.597099027022,-7173.476697900422,0.6132508833485453,385.0415035497748,4792.200569870506,11.44593251815778,306.9895356185994,367746.3062981852,1196.9115364866032,-35.08848008869006,-35.08848008869006,0.0,0.0,0.0,0.0,3.556523802049753,3.556523802049753,0.0
0.7111785714285714,1.4061166072415006,-1.2698584369404657,0.014823306340389308,235.84203706604023,-341309.58641600044,0.997262136821981,-904.1926753706541,0.9995667323487466,-1168.1620387770683,0.2409239865199394,-360.6347586982253,-439996.1030969239,712.1964249595501,0.15431926690984668,-1449.1822698981553,-2369.0974390185656,-4445.773378168717,-7267.87136680648,0.6347822411497344,384.96495847187384,4851.791448684852,11.603202816028078,306.77223464089315,374855.0017415916,1220.93262431457,-35.28232318873472,-35.28232318873472,0.0,0.0,0.0,0.0,3.5757687188414593,3.5757687188414593,0.0
0.7111821428571429,1.4061095459772712,-1.2698340313284568,0.013657817112459725,237.45258555140924,-343821.4280714364,0.9972887468355374,-904.0352583643133,0.9995985604588938,-1208.6468461096194,0.24711758075830662,-360.389784751088,-449113.5549250145,712.0747803880745,0.14295618066793858,-1449.926467940008,-2401.741284908785,-4444.923304809616,-7362.825664243382,0.6564573018113627,384.88613896519655,4911.640863965078,11.761282796960414,306.55334486214156,382852.5596146813,1247.893760356299,-35.47637953168589,-35.47637953168589,0.0,0.0,0.0,0.0,3.5950206536969915,3.5950206536969915,0.0
0.7111857142857142,1.4061024847839625,-1.2698096075207586,0.01196221378319251,239.05655095375437,-346326.49103431054,0.99731710004714,-903.8797551603228,0.9996464323560345,-1249.4347743049304,0.25325084461011005,-360.142929214156,-458346.7199830731,711.9489391485772,0.12588330865174574,-1450.670642940914,-2434.625061701685,-4444.046881593191,-7458.335195485641,0.6782755434865771,384.8050453394575,4971.740510828336,11.920154169087084,306.33286894984326,391117.3151453995,1275.7722787509238,-35.670645579426946,-35.670645579426946,0.0,0.0,0.0,0.0,3.6142792512116415,3.6142792512116415,0.0
0.7111892857142856,1.406095423661573,-1.2697851569905607,0.010723694017229946,240.6538122183149,-348823.8818676897,0.9973431451965519,-903.7130241300976,0.999681275339719,-1290.5252517034005,0.2593241238092351,-359.8941951379784,-467695.68964536174,711.8189111630825,0.11345520080625437,-1451.4147949008864,-2467.748341248203,-4443.144112580834,-7554.3955816550815,0.7002364519900871,384.7216780269628,5032.091322646715,12.079822661550269,306.11080966355587,397362.49096639024,1297.1001598836983,-35.86511778723889,-35.86511778723889,0.0,0.0,0.0,0.0,3.6335441690065267,3.6335441690065267,0.0
0.7111928571428571,1.406088362610102,-1.2697607116034086,0.013246429844599561,242.24424904561658,-351311.05941942707,0.9973535981513765,-903.4903210186122,0.9996041349499017,-1331.9176169911639,0.26533775756846173,-359.6435856804165,-477160.49945925194,711.6846612923766,0.14089342944062136,-1452.1589238198962,-2501.110592287623,-4442.21500323842,-7651.002115245468,0.7223394431984518,384.6360375814389,5092.70745384244,12.240328404652312,305.88716985375174,403603.20263535867,1318.4512304269779,-36.05979260384959,-36.05979260384959,0.0,0.0,0.0,0.0,3.652815078058026,3.652815078058026,0.0
0.7111964285714285,1.406081301629548,-1.269736311289729,0.015611710237124043,243.82774279366618,-353790.6258408439,0.9973644952033769,-903.2640170490671,0.9995308974012258,-1373.6111297742718,0.27129208496040974,-359.39110410665853,-486741.148641018,711.5461456023057,0.16693322743032446,-1452.9030296922,-2534.711211092504,-4441.259560422357,-7748.149855231009,0.7445838843281142,384.5481246768175,5153.56156650495,12.401603689619117,305.6619524606006,413631.9053580973,1352.2332108341611,-36.25466593232943,-36.25466593232943,0.0,0.0,0.0,0.0,3.672091571660431,3.672091571660431,0.0
0.7111999999999999,1.40607424071991,-1.2697119135203294,0.014297908734079101,245.40417875150445,-356264.9040446573,0.997389835453551,-903.0822428340982,0.999568009590839,-1415.6051203119457,0.2771874804496345,-359.1367537863263,-496437.67626542016,711.4034128140167,0.15369292262425963,-1453.6471125123635,-2568.549717771159,-4440.277792365494,-7845.834227740698,0.7669692290943227,384.4579401060075,5214.6284006595315,12.563586173357974,305.4351605127869,423466.824648718,1385.4377105038295,-36.44973301475193,-36.44973301475193,0.0,0.0,0.0,0.0,3.69137317869739,3.69137317869739,0.0
0.7112035714285714,1.4060671798811877,-1.2696874897131372,0.012646749427716486,246.97344362938156,-358731.33498991735,0.9974161132014323,-902.8999610714466,0.9996157991228692,-1457.898890215658,0.2830243238679041,-358.88053819084803,-506250.0897224028,711.2564962093688,0.1366589370960122,-1454.39117228033,-2602.6256016398283,-4439.269708663213,-7944.050552944435,0.7894949111656043,384.36548477968324,5275.922279254805,12.726316457053741,305.20679712631795,431378.3860355351,1412.3970478285175,-36.644989267070855,-36.644989267070855,0.0,0.0,0.0,0.0,3.710659488303719,3.710659488303719,0.0
0.7112071428571428,1.4060601191133788,-1.2696630474270878,0.011468718621074458,248.53542507453528,-361189.1625546034,0.9974401297698442,-902.7060631526714,0.9996496835423858,-1500.4916581960867,0.28880298879212424,-358.62246089341124,-516178.343746387,711.1053887782471,0.12457778121709619,-1455.1352089961906,-2636.938256061916,-4438.235320259876,-8042.793846952482,0.8121602994411629,384.270759725103,5337.442873626517,12.889797072888868,304.97686550333077,439594.61446192884,1440.4031495025902,-36.8404301026676,-36.8404301026676,0.0,0.0,0.0,0.0,3.7299501047717456,3.7299501047717456,0.0
0.7112107142857143,1.406053058416483,-1.2696385848850533,0.01017655985955912,250.09001280685607,-363638.62752421503,0.9974642198170793,-902.5085925512512,0.9996874603461184,-1543.3826414139603,0.2945238607658956,-358.3625255675771,-526222.3795005167,710.9500941855124,0.11111741248073707,-1455.8792226598723,-2671.4870812960294,-4437.17463943377,-8142.059136639677,0.8349647688599179,384.1737660848001,5399.181717157972,13.054009393150992,304.7453689308994,448692.40368035535,1471.3518367299478,-37.036050932677995,-37.036050932677995,0.0,0.0,0.0,0.0,3.7492446479144803,3.7492446479144803,0.0
0.7112142857142857,1.406045997790499,-1.2696141019670033,0.008324977046328286,251.63709836462533,-366079.87173828366,0.9974901046453227,-902.3137816970062,0.9997429361371164,-1586.5710364116833,0.30018733230959027,-358.1007359858931,-536382.1146435343,710.7906144496548,0.09137103462149951,-1456.6232132713772,-2706.2714598949938,-4436.087679783649,-8241.841384930369,0.8579076834956357,384.07450511540884,5461.131075210853,13.218936697112612,304.5123107798403,456760.90782040334,1498.9751788381307,-37.23184716616413,-37.23184716616413,0.0,0.0,0.0,0.0,3.7685427534114524,3.7685427534114524,0.0
0.7112178571428571,1.4060389372354265,-1.2695896009992347,0.009223961054345864,253.17657496104755,-368510.37025208626,0.9975050296885589,-902.0753915051592,0.9997136465177847,-1630.056016266793,0.305793801903192,-357.83709601850654,-546657.4414632081,710.6269490588066,0.10175982034896142,-1457.3671808306651,-2741.2907534433048,-4434.974456214143,-8342.135481359994,0.8809883943460515,383.9729781863952,5523.305499819647,13.384620308198933,304.27769450351855,462747.87445030926,1519.8077450611754,-37.427814210383076,-37.427814210383076,0.0,0.0,0.0,0.0,3.7878440731637824,3.7878440731637824,0.0
0.7112214285714286,1.406031876751263,-1.2695651404577504,0.012792235560567633,254.70833633054463,-370930.0101090992,0.9975095269352211,-901.793937256434,0.9996007619345304,-1673.8366671426602,0.3113436563177977,-357.57160963238334,-557048.1802629252,710.4590348647571,0.14184946118963926,-1458.1111253353922,-2776.544196472764,-4433.834984922115,-8442.935920039501,0.9042061666144326,383.86918677886695,5585.699369892897,13.551049061175664,304.0415236366537,472181.5058990702,1552.0165098874882,-37.6239477979243,-37.6239477979243,0.0,0.0,0.0,0.0,3.807148297479287,3.807148297479287,0.0
0.711225,1.4060248163380085,-1.269540706890955,0.012473103053338264,256.2322798590533,-373343.2828087404,0.9975286611138889,-901.561632284091,0.999608638202622,-1717.912264852231,0.316837327077334,-357.3042808906893,-567554.2113887628,710.2868894635791,0.1390167797856735,-1458.855046777354,-2812.031243119507,-4432.669283381101,-8544.237854760737,0.9275604175557758,383.7631324842224,5648.268502998392,13.71811131630944,303.80380179412685,483773.297068527,1591.387238775757,-37.820244468927285,-37.820244468927285,0.0,0.0,0.0,0.0,3.8264551979488886,3.8264551979488886,0.0
0.7112285714285714,1.4060177559956617,-1.2695162453220656,0.010493287009069263,257.74830570990287,-375748.4418585045,0.9975537556356352,-901.3476880306664,0.9996689930435426,-1762.2820588004877,0.32227525640301175,-357.0351139481944,-578175.4216071639,710.1105770994913,0.11754522458047605,-1459.5989451559435,-2847.751373527123,-4431.4773703280725,-8646.036508856096,0.9510505834346639,383.65481700299574,5711.0211287760385,13.885831939734109,303.56453266978656,492693.4902452768,1622.0271893496272,-38.016699849245015,-38.016699849245015,0.0,0.0,0.0,0.0,3.8457645140014307,3.8457645140014307,0.0
0.7112321428571429,1.406010695724221,-1.269491766001313,0.009337819147106075,259.25631435226353,-378143.55902345374,0.997575396467439,-901.1169403167144,0.9997038722930192,-1806.9451585695726,0.3276578648425149,-356.7641130515665,-588911.6112444366,709.9300892073027,0.1051305507512776,-1460.3428204712193,-2883.703890595485,-4430.259265748674,-8748.326558597912,0.9746759803050766,383.544242143572,5773.966962273981,14.05423971431336,303.3237200352582,501247.75690493704,1651.5175045547783,-38.21330948276477,-38.21330948276477,0.0,0.0,0.0,0.0,3.865075997610745,3.865075997610745,0.0
0.7112357142857143,1.406003635523686,-1.2694672655410406,0.008190645614689629,260.75620835566565,-380529.05357133393,0.997596684503046,-900.8809407715898,0.9997388730207218,-1851.9006815055561,0.3329855830858031,-356.4912825381398,-599762.5731202316,709.7454326790433,0.09267894093192235,-1461.0866727231448,-2919.8881178445245,-4429.014990862389,-8851.102735384979,0.9984359397396281,383.43140982089795,5837.095883882267,14.223311743314909,303.0813677387524,511016.2608314717,1685.0695352013631,-38.410068912209795,-38.410068912209795,0.0,0.0,0.0,0.0,3.8843894186024244,3.8843894186024244,0.0
0.7112392857142856,1.4059965753940558,-1.2694427474776648,0.006221400846499137,262.2478919936624,-382905.3565288366,0.9976206933433346,-900.6516767510258,0.9998006025127374,-1897.1477174868176,0.33825884360963826,-356.2166268345415,-610728.0714801527,709.556606857319,0.07074895582098689,-1461.8305019116865,-2956.303349353116,-4427.744568108452,-8954.359674162739,1.0223297745443507,383.3163220552551,5900.397529626388,14.393024481686028,302.8374797038838,520485.5956941454,1717.6961012985553,-38.60697367931243,-38.60697367931243,0.0,0.0,0.0,0.0,3.9037045649904485,3.9037045649904485,0.0
0.7112428571428571,1.4059895153353286,-1.2694182011403563,0.005820750410208575,263.73127168330905,-385270.6162557883,0.9976385989665081,-900.3946545220635,0.9998124618269276,-1942.6853664093535,0.343478088429554,-355.9401504552756,-621807.8639355488,709.3636271593379,0.06652261710576873,-1462.574308036935,-2992.9489037881076,-4426.448021131247,-9058.092077592573,1.0463568157471868,383.1989809709888,5963.881371643347,14.563406135714281,302.5920599284528,527176.0164249608,1741.200428357606,-38.80401932504333,-38.80401932504333,0.0,0.0,0.0,0.0,3.9230212433178338,3.9230212433178338,0.0
0.7112464285714285,1.4059824553475038,-1.2693936804131687,0.00934803693246522,265.20625408738306,-387623.00524952885,0.9976419150871041,-900.0751063172364,0.999697256428974,-1988.5126053223207,0.3486437392809531,-355.6618580015277,-633001.6172057932,709.1664370506828,0.10736404168897756,-1463.3180910983178,-3029.8239245566106,-4425.125374765708,-9162.294111709212,1.0705162759810658,383.0793887952391,6027.55663234217,14.734484309632169,302.3451124833056,535908.476827988,1771.5058375388126,-39.00120148487417,-39.00120148487417,0.0,0.0,0.0,0.0,3.942339285274471,3.942339285274471,0.0
0.7112499999999999,1.40597539543058,-1.2693692007965347,0.010348603360085917,266.6727486525024,-389966.9505757903,0.997654303413243,-899.7867484999756,0.9996631085900012,-2034.628584545862,0.35375624964359526,-355.381754161437,-644309.0370766051,708.965023120686,0.11944223267061858,-1464.0618510878528,-3066.927733818522,-4423.776655022887,-9266.960478088775,1.0948074915958501,382.95754785668436,6091.3782305339255,14.906144857637132,302.09664151112116,548317.2677445399,1814.0392702209322,-39.198516983722584,-39.198516983722584,0.0,0.0,0.0,0.0,3.9616586131411395,3.9616586131411395,0.0
0.7112535714285714,1.4059683355845565,-1.269344704266478,0.00852032598507435,268.1306684623569,-392302.5185109196,0.9976766821818482,-899.5346188796678,0.9997211757650968,-2081.0324619066287,0.3588160909240978,-355.0998437056016,-655729.8730166856,708.7594542740767,0.09882343346834017,-1464.8055880028824,-3104.2597527478356,-4422.401889075114,-9372.086171141,1.1192298678899681,382.8334605842515,6155.339044982911,15.078372657366724,301.8466512252366,558683.0785491206,1849.8838056720192,-39.39596148663645,-39.39596148663645,0.0,0.0,0.0,0.0,3.9809790761822086,3.9809790761822086,0.0
0.7112571428571428,1.405961275809432,-1.2693201870349666,0.007207671248721681,269.57992709682503,-394627.1916757902,0.9976968984417766,-899.2698552577214,0.9997629039478635,-2127.723234299994,0.3638237107206862,-354.8161314863744,-667263.7856328003,708.549738980243,0.08400713180699448,-1465.5493018434252,-3141.819210754423,-4421.001105241618,-9477.665600019927,1.1437826805297646,382.7071295058647,6219.454497178614,15.251211481763903,301.5951459084701,567889.7815750536,1881.953984104904,-39.59353017257081,-39.59353017257081,0.0,0.0,0.0,0.0,4.000300509504143,4.000300509504143,0.0
0.7112607142857142,1.4059542161052057,-1.269295649622508,0.006022161290076156,271.02043977675703,-396941.10180895776,0.9977163740159356,-898.9981274291116,0.9998008737448223,-2174.6998751667625,0.36877955734542384,-354.53062243713794,-678910.4100163605,708.3358810758727,0.07053115800604295,-1466.2929926094805,-3179.6053133548676,-4419.57433297377,-9583.69309729956,1.1684651903684677,382.5785572471626,6283.716760273368,15.424644406335116,301.34212991194477,577975.8628679701,1917.0055010458063,-39.791218221896656,-39.791218221896656,0.0,0.0,0.0,0.0,4.019622768570727,4.019622768570727,0.0
0.7112642857142857,1.4059471564718762,-1.2692710936117624,0.004405989937140475,272.4521235500624,-399244.5026563831,0.9977370947709655,-898.7277453881758,0.9998535591390963,-2221.9613423189076,0.3736840809562207,-354.2433215709405,-690669.3592199822,708.1178833916282,0.05185249289443555,-1467.0366603011014,-3217.6172521872886,-4418.121602840683,-9690.162949741023,1.1932766503100816,382.4477465302456,6348.116863025815,15.59865150368661,301.087607653917,588448.3986676823,1953.4092274434292,-39.98902081659605,-39.98902081659605,0.0,0.0,0.0,0.0,4.038945729530795,4.038945729530795,0.0
0.7112678571428571,1.4059400969094424,-1.2692465120754783,0.0030350523076378977,273.8748974945149,-401536.77687640506,0.9977566636322344,-898.44866835677,0.9998986045065046,-2269.506595438502,0.37853773681760594,-353.95423397913345,-702540.2358702704,707.895758428807,0.035890539454060885,-1467.7803049183194,-3255.854232123676,-4416.642946514378,-9797.069480359494,1.2182163238011705,382.3147001723858,6412.653678677863,15.77323334882597,300.83158361860717,596858.9539760952,1983.0302231456856,-40.186933140493466,-40.186933140493466,0.0,0.0,0.0,0.0,4.058269289547852,4.058269289547852,0.0
0.7112714285714286,1.4059330374179035,-1.2692219312343316,0.005291052666279938,275.28868162839944,-403815.39403983444,0.9977632886799757,-898.1098322780255,0.9998223379329146,-2317.3345188887524,0.38334096925481936,-353.6633648300139,-714522.5806555784,707.6694818892433,0.06286859616521867,-1468.523926461147,-3294.3153517914047,-4415.138396755151,-9904.406689351274,1.243283403444474,382.17942108475626,6477.343324322809,15.948435648203892,300.57406235503436,604796.1427301586,2011.1368357319568,-40.38495037946484,-40.38495037946484,0.0,0.0,0.0,0.0,4.0775933671256155,4.0775933671256155,0.0
0.711275,1.4059259779972584,-1.2691973955204898,0.007925977014735963,276.6933973564553,-406082.5187548451,0.9977684781918189,-897.7596485392531,0.9997325174321523,-2365.443862218711,0.38809420852338755,-353.3707193687223,-726615.8738836421,707.4390093777749,0.09462645687585,-1469.267524924422,-3332.999573672172,-4413.607987397102,-10012.16816597599,1.2684769908350209,382.04191227117155,6542.159326458498,16.1241927032731,300.3150484758549,616953.7570173665,2053.35511856133,-40.58306687680658,-40.58306687680658,0.0,0.0,0.0,0.0,4.09691778620423,4.09691778620423,0.0
0.7112785714285714,1.405918918647506,-1.2691728667303481,0.0067376291937364385,278.0889698538376,-408340.9928122362,0.9977867643814666,-897.4620454441887,0.9997714607761583,-2413.833644230487,0.39279793027327436,-353.0763029148426,-738819.7014604663,707.2043888227817,0.0808212064673653,-1470.0111003020995,-3371.9061908022786,-4412.0517533333705,-10120.348491346418,1.2937964142647114,381.90217682680577,6607.0692950099055,16.30042323902814,300.05454665620465,629327.0473676003,2096.375475162082,-40.781278248442504,-40.781278248442504,0.0,0.0,0.0,0.0,4.1162425252665855,4.1162425252665855,0.0
0.7112821428571429,1.405911859368645,-1.269148310759558,0.00500902995912611,279.4753260252252,-410588.3645302476,0.9978066513822054,-897.1676594326211,0.9998292284909265,-2462.503052310277,0.39745262719603036,-352.78012085940054,-751133.6588217111,706.9656637035823,0.06036995136079366,-1470.7546525942523,-3411.0346273093596,-4410.469730501824,-10228.942636288823,1.3192410925184994,381.7602179369464,6672.089308044772,16.477172828801066,299.7925616325455,639323.3308773593,2131.552346849003,-40.979581878101726,-40.979581878101726,0.0,0.0,0.0,0.0,4.135567804486158,4.135567804486158,0.0
0.7112857142857143,1.4059048001606749,-1.2691237367694737,0.0038472450832784943,280.852393463294,-412823.7238999887,0.9978243340962852,-896.8595945815516,0.9998681716266725,-2511.4511867627975,0.4020587754741596,-352.48217866497754,-763557.2684976581,706.7228294299579,0.04658613118550517,-1471.4981818008405,-3450.384175341266,-4408.861955869877,-10337.94517175725,1.344810355877326,381.6160388756779,6737.221364048553,16.654450226719618,299.52909820151626,649549.6746428997,2167.569526443463,-41.177975146661765,-41.177975146661765,0.0,0.0,0.0,0.0,4.154893866084393,4.154893866084393,0.0
0.7112892857142857,1.405897741023594,-1.2690991422153322,0.0025812578684281107,282.2201017518868,-415047.42088660505,0.9978421276521658,-896.5480985782332,0.9999111040729046,-2560.6771616476917,0.40661685494792543,-352.1824818643796,-776090.0500109103,706.4758946201422,0.031402810602385076,-1472.241687921957,-3489.954155348094,-4407.228467420635,-10447.3507506455,1.3705035552104916,381.4696430046749,6802.455979818831,16.832234109741382,299.264161218788,660833.4445491271,2207.194398747268,-41.376455430223814,-41.376455430223814,0.0,0.0,0.0,0.0,4.174220974374805,4.174220974374805,0.0
0.7112928571428571,1.4058906819574015,-1.2690745278971935,0.0006760781379568925,283.5783822935457,-417259.71119964006,0.9978618358567263,-896.2414994992149,0.9999765988544158,-2610.180080423288,0.41112734364118814,-351.8810360593157,-788731.5013982496,706.2248643257982,0.00826333211840347,-1472.985170957622,-3529.7438742847253,-4405.56930413787,-10557.153982689251,1.3963200335478982,381.3210337718988,6867.784470726558,17.01050522388643,298.9977555979324,671079.3574509436,2243.4294142239514,-41.57502010023563,-41.57502010023563,0.0,0.0,0.0,0.0,4.1935494160668725,4.1935494160668725,0.0
0.7112964285714285,1.4058836229620966,-1.2690498931088514,0.0013555534942213399,284.9271681335414,-419458.1985930896,0.9978726099659666,-895.8897064823195,0.9999528457543341,-2659.9590407014157,0.4155907189236291,-351.57784691903674,-801481.1042946663,705.9697454331615,0.016645127848660703,-1473.7286309078577,-3569.7526368554795,-4403.884505991215,-10667.349468527795,1.42225913372967,381.1702147103102,6933.223012585154,17.18930951321685,298.72988630925374,678793.2381361922,2271.2642401888306,-41.77366652361013,-41.77366652361013,0.0,0.0,0.0,0.0,4.2128795005667286,4.2128795005667286,0.0
0.7112999999999999,1.4058765640376776,-1.2690252971744391,0.005001034462424059,286.26639268765655,-421642.4964550775,0.9978733264022879,-895.4861598017881,0.9998251768669714,-2710.0124638233974,0.42000738522648756,-351.2729201795739,-814338.1385732376,705.7104782155706,0.061692651057681756,-1474.4720677706707,-3609.9791138929213,-4402.174113922574,-10777.929914269671,1.448319770038799,381.01718943668834,6998.768022708287,17.368641144656902,298.4605583787085,690149.538692132,2311.3642951053516,-41.97238693534473,-41.97238693534473,0.0,0.0,0.0,0.0,4.2322110473060235,4.2322110473060235,0.0
0.7113035714285714,1.405869505184144,-1.269000731053418,0.004862648018246318,287.5959927497811,-423817.25414923904,0.9978865501655001,-895.136387246299,0.9998291681274034,-2760.3376217747955,0.4243776611969486,-350.9662616433713,-827301.7322106381,705.4470791988044,0.06026157007708909,-1475.2154815377,-3650.421180184851,-4400.438169830581,-10888.88565655478,1.474500319356608,380.86196165028156,7064.366730771533,17.548365135130606,298.18977688674744,704193.6573990807,2360.5620386158766,-42.17116213530494,-42.17116213530494,0.0,0.0,0.0,0.0,4.251542733121141,4.251542733121141,0.0
0.7113071428571428,1.4058624464014944,-1.2689761378233426,0.0028769465641005354,288.91590795485604,-425980.99242530315,0.9979056855533527,-894.8106580243701,0.9998984236076716,-2810.9343770978526,0.42870210924850294,-350.65787717472256,-840371.5101416144,705.1796182670743,0.03581661984510389,-1475.9588722082003,-3691.0788364964255,-4398.676716557027,-11000.213381815007,1.5008006022377556,380.7045351316277,7130.028065173528,17.728508350204805,297.9175469672047,715262.7741066044,2399.87494472201,-42.369996018647946,-42.369996018647946,0.0,0.0,0.0,0.0,4.270875541407676,4.270875541407676,0.0
0.7113107142857142,1.4058553876897275,-1.2689515266906672,0.001710928110895793,290.22607817866185,-428131.7193015227,0.9979218825233462,-894.4670471134764,0.9999392920682125,-2861.8027408697344,0.43298128606589203,-350.34777270004787,-853547.03965986,704.9080918928804,0.02139740567563773,-1476.7022397821977,-3731.95209028918,-4396.889797871733,-11111.909787824785,1.5272204441428994,380.54491374124024,7195.766136026909,17.90911131956378,297.6438738061841,725794.3722994634,2437.465683900072,-42.56889478237315,-42.56889478237315,0.0,0.0,0.0,0.0,4.290210709000519,4.290210709000519,0.0
0.7113142857142857,1.4058483290488433,-1.2689268944431096,0.0005608591626469206,291.5264451247042,-430269.89380849176,0.9979378131460571,-894.1182022374807,0.9999800007236348,-2912.942760479216,0.43721574721083856,-350.03595420680665,-866827.8957210117,704.6325105018858,0.007046140615527587,-1477.4455842596474,-3773.040998964457,-4395.077458458187,-11223.971712431588,1.5537597046967653,380.3831014183627,7261.571937514798,18.09015387496983,297.36876264095065,737637.1585614647,2479.546887341033,-42.7678645872013,-42.7678645872013,0.0,0.0,0.0,0.0,4.30954949385999,4.30954949385999,0.0
0.7113178571428571,1.4058412704788397,-1.2689022445782698,-0.0013856722949867617,292.81695213967214,-432395.9824651144,0.9979516249121106,-893.7771362926379,1.0,-2964.3544886147374,0.4414060406546858,-349.7224277422114,-880213.6345128488,704.35287720917,-0.01748710497952193,-1478.1889056407028,-3814.3456121803506,-4393.239743899987,-11336.395961609507,1.580418238578965,380.21910217978785,7327.436293349122,18.27161536950955,297.0922187588287,749242.6403099837,2520.919434444018,-42.966911557150866,-42.966911557150866,0.0,0.0,0.0,0.0,4.328893175307357,4.328893175307357,0.0
0.7113214285714285,1.4058342119797158,-1.268877566122206,-0.001957566770897756,294.09754461473915,-434508.35313184216,0.9979634359945457,-893.4091152985387,1.0,-3016.038021434215,0.4455527140279984,-349.40719941194646,-893703.8254230738,704.0692113369864,-0.02481566111893742,-1478.9322039254007,-3855.8660405377655,-4391.376700665578,-11449.179513680587,1.6071959419799478,380.052920118535,7393.370462686811,18.453528893767974,296.81424749610574,757792.9195724138,2552.0880878026455,-43.16604177926604,-43.16604177926604,0.0,0.0,0.0,0.0,4.34824305427297,4.34824305427297,0.0
0.711325,1.4058271535514708,-1.2688529099956394,0.00144931924512548,295.36816809796835,-436605.07142942556,0.997970416825291,-892.9717413181652,0.9999475557235447,-3067.9932667200737,0.4496562808305434,-349.0902753789838,-907297.9160317475,703.7814636668552,0.0184551387555518,-1479.675479113408,-3897.602129674203,-4389.488376094324,-11562.318551833036,1.6340925322419804,379.88455940264026,7459.388439750444,18.635934799456344,296.534854236942,768222.5223291939,2589.6651827017827,-43.36526053428099,-43.36526053428099,0.0,0.0,0.0,0.0,4.367600377698565,4.367600377698565,0.0
0.7113285714285714,1.4058200951941036,-1.2688282963031534,0.0026912417828555135,296.6287705628647,-438690.3635390116,0.9979779543651244,-892.563859011178,0.9999021427268692,-3120.218105420072,0.4537170936169627,-348.7716618639839,-920995.0024859497,703.4896193744848,0.03442247215851179,-1480.4187311969615,-3939.5521809404067,-4387.574818382332,-11675.804676438966,1.6611066841576398,379.714024273925,7525.441198056397,18.818707545622697,296.25404441228676,782858.0741057682,2641.52282414849,-43.564554775372926,-43.564554775372926,0.0,0.0,0.0,0.0,4.386964616807205,4.386964616807205,0.0
0.7113321428571429,1.405813036907613,-1.2688036686621746,0.0009263070779752525,297.8793034674684,-440764.72527505417,0.9979949395115338,-892.1997083366095,0.999966152993531,-3172.710792414117,0.4577355530125902,-348.4513651411676,-934794.3277037826,703.1937485908186,0.011900703080348055,-1481.1619601729958,-3981.7149383649803,-4385.636076568191,-11789.63081003268,1.6882373740545744,379.5413190467582,7591.516598856364,19.00181855805037,295.9718234988013,795488.9143942036,2686.7183949147957,-43.76391372853027,-43.76391372853027,0.0,0.0,0.0,0.0,4.406335507425723,4.406335507425723,0.0
0.7113357142857143,1.405805978691998,-1.2687790194492135,-0.0004354137353743681,299.11971874718097,-442825.66325795016,0.9980090590611316,-891.8241208918715,1.0,-3225.470087915419,0.46171209078407327,-348.12939153743986,-948695.1527321622,702.8938674568876,-0.005618758623079452,-1481.905166041547,-4024.0894538268385,-4383.672200518741,-11903.790792673968,1.7154837880590923,379.36644810682157,7657.632622580252,19.185318603673736,295.68819701778745,806646.0090909426,2727.0291104836288,-43.96333198102923,-43.96333198102923,0.0,0.0,0.0,0.0,4.42571334240418,4.42571334240418,0.0
0.7113392857142857,1.4057989205472574,-1.2687543503900092,-0.0016295471705518594,300.3499697285454,-444873.2515293502,0.9980200816517829,-891.4408936362918,1.0,-3278.494724277016,0.4656471337842275,-347.8057474318851,-962696.706726545,702.5899818757266,-0.021121181588616263,-1482.6483488027309,-4066.6747391510453,-4381.683240915274,-12018.278349806104,1.7428450869250076,379.18941590991005,7723.782104975993,19.369192231913594,295.4031705341241,818649.2920681816,2770.2948733351986,-44.16280412658239,-44.16280412658239,0.0,0.0,0.0,0.0,4.445098441732341,4.445098441732341,0.0
0.711342857142857,1.4057918624733905,-1.268729662390249,-0.003172191097604582,301.5700114259366,-446907.7631870164,0.9980309553510494,-891.0585245439667,1.0,-3331.7834265290057,0.46954110743452165,-347.48043925454,-976798.2035028359,702.2820987893093,-0.041296775699210815,-1483.3915084565438,-4109.469801803942,-4379.669249239033,-12133.087198513113,1.7703204301606188,379.0102269806762,7789.955893457821,19.553418717788297,295.1167496552182,831174.7282189423,2815.426818166014,-44.36232476556302,-44.36232476556302,0.0,0.0,0.0,0.0,4.46449115282077,4.46449115282077,0.0
0.7113464285714285,1.4057848044703958,-1.2687049500000191,-0.0046612900486024955,302.7798005814021,-448928.8286066286,0.9980416814891367,-890.6704337881749,1.0,-3385.3349218156986,0.4733944373589669,-347.153473485126,-990998.8509572843,701.9702323001333,-0.06094822624644789,-1484.1346450031065,-4152.47366410731,-4377.630277757414,-12248.21110455809,1.797908988977626,378.8288859114293,7856.151299027186,19.737994358920044,294.8289400299187,841624.3967953213,2853.6193487990517,-44.56188850517958,-44.56188850517958,0.0,0.0,0.0,0.0,4.483891850773959,4.483891850773959,0.0
0.7113499999999999,1.4057777465382724,-1.2686802341350056,-0.002678216163445768,303.9792949276265,-450933.96340678434,0.9980522522240939,-890.2196486300785,1.0,-3439.147878480282,0.4772075383428687,-346.8248566518892,-1005297.7957093554,701.654367460482,-0.03517154068008284,-1484.8777584424722,-4195.68524637115,-4375.566379510251,-12363.643538095357,1.8256098675571222,378.6453973609477,7922.386887166156,19.922971578112325,294.5397473475269,851066.6048571944,2888.479645859214,-44.76148995963547,-44.76148995963547,0.0,0.0,0.0,0.0,4.503300938659521,4.503300938659521,0.0
0.7113535714285714,1.4057706886770194,-1.2686555630071812,0.0001991194466199886,305.16845313431054,-452924.8944179868,0.9980620637216135,-889.7485314621624,0.9999925106128318,-3493.222328789942,0.4809809159517473,-346.4945953314344,-1019694.3876099014,701.3344593024867,0.0026262924847477173,-1485.6208487700424,-4239.104481876666,-4373.477608295628,-12479.38095784153,1.8534228537424304,378.4597660532462,7988.640892054361,20.1082963332235,294.2491773367241,865104.6230315764,2939.0409233484243,-44.96113566397969,-44.96113566397969,0.0,0.0,0.0,0.0,4.522719972438551,4.522719972438551,0.0
0.7113571428571428,1.4057636308866353,-1.268630903188459,-0.0008396396569594344,306.34723740015545,-454904.91533392837,0.998072975599375,-889.337761610675,1.0,-3547.5583072803965,0.4847150847113251,-346.1626961469062,-1034188.0793300914,701.0105532956563,-0.011122414352096972,-1486.3639159792856,-4282.731479124952,-4371.3640186563935,-12595.420332899683,1.8813478537006123,378.2719967764066,8054.8756120869175,20.29387234775427,293.9572357645515,879859.8507296101,2992.1559549510257,-45.160830684002576,-45.160830684002576,0.0,0.0,0.0,0.0,4.542150388065835,4.542150388065835,0.0
0.7113607142857142,1.4057565731671195,-1.2686062153646855,-0.0026462843261185753,307.51561160872063,-456871.73953006516,0.9980831378982644,-888.935092196866,1.0,-3602.153323095081,0.4884103779820161,-345.8291657647892,-1048777.842415979,700.6827014674284,-0.03520565816794742,-1487.1069600701528,-4326.5643736219,-4369.22566586586,-12711.752828698945,1.9093834470506403,378.0820943813368,8121.106189962628,20.479742919990315,293.6639284353888,891774.4841003874,3035.7178183976157,-45.360558956372984,-45.360558956372984,0.0,0.0,0.0,0.0,4.561591649057547,4.561591649057547,0.0
0.7113642857142857,1.4057495155184707,-1.268581509714295,-0.0038007687466006246,308.6735400234777,-458824.2952302147,0.9980931629993477,-888.5166248077502,1.0,-3657.004741004497,0.49206711276129317,-345.4940108952527,-1063462.5341860529,700.3509012352263,-0.05078206524885426,-1487.849981042771,-4370.6010798098605,-4367.0626059148035,-12828.36897818922,1.9375280676797075,377.8900637806425,8187.33531538286,20.665918477643388,293.3692611899393,903785.9297320917,3079.711067227127,-45.56030432202783,-45.56030432202783,0.0,0.0,0.0,0.0,4.581043238224083,4.581043238224083,0.0
0.7113678571428571,1.405742457940688,-1.2685567833203528,-0.00503529133376901,309.8209887383355,-460763.02177521173,0.9981030553446172,-888.0946950900195,1.0,-3712.109918095178,0.4956856115638184,-345.15723829098425,-1078241.0116928716,700.015164601973,-0.06756465946206289,-1488.5929788971723,-4414.8395347502,-4364.874895497212,-12945.259400024934,1.9657801678071496,377.69590994739195,8253.550350905653,20.852368886004786,293.07323990422344,917036.9413866276,3128.0367612079353,-45.76005067295239,-45.76005067295239,0.0,0.0,0.0,0.0,4.600504671790745,4.600504671790745,0.0
0.7113714285714285,1.40573540043377,-1.2685320377665563,-0.006980637368997122,310.95792530100766,-462688.2886345298,0.9981128189486195,-887.6801137031994,1.0,-3767.46617170006,0.4992661964939531,-344.8188547460204,-1093112.100786593,699.6754987103902,-0.0940674300876248,-1489.3359536334926,-4459.277633887195,-4362.662591997292,-13062.414610503209,1.9941381748073808,377.49963791398716,8319.739267894103,21.039065557434377,292.7758704885796,929269.6306196694,3172.996644835927,-45.95978195279611,-45.95978195279611,0.0,0.0,0.0,0.0,4.619975499694419,4.619975499694419,0.0
0.711375,1.4057283429977157,-1.2685072696061577,-0.006519348587858076,312.08431889700853,-464597.8454897212,0.998122447145687,-887.2195335956071,1.0,-3823.0707977007223,0.5028091921558474,-344.4788670945858,-1108074.614559354,699.3319163613326,-0.08822481851920101,-1490.078905251822,-4503.91326734239,-4360.425753475561,-13179.825130818186,2.022600515629226,377.301252770959,8385.917356921076,21.226052246934238,292.47715888667256,938501.2129763241,3207.801728479486,-46.15948215756555,-46.15948215756555,0.0,0.0,0.0,0.0,4.6394553058853205,4.6394553058853205,0.0
0.7113785714285714,1.4057212856325243,-1.2684825384000067,-0.002827606101135416,313.2001387340987,-466491.04947760684,0.9981319398710395,-886.6982010492038,1.0,-3878.921987095109,0.5063149710656001,-344.1372822103441,-1123127.425121761,698.9843610144206,-0.038427401441697685,-1490.8218337504338,-4548.744879335094,-4358.164438655353,-13297.4831229581,2.051165992043394,377.1007596657973,8452.084544575198,21.41333205498126,292.17711107450975,951490.7385370848,3255.554680268707,-46.359143747596015,-46.359143747596015,0.0,0.0,0.0,0.0,4.658944509522016,4.658944509522016,0.0
0.7113821428571429,1.4057142283381947,-1.2684578396596917,-0.0027710476330184974,314.30535697403116,-468372.6353939186,0.9981413184799984,-886.2342818748897,1.0,-3935.022186540527,0.5097841876077542,-343.7941070064121,-1138270.3175745893,698.632846910582,-0.037817707371031434,-1491.5647391209343,-4593.774417289059,-4355.878706909981,-13415.3909942992,2.0798357569088397,376.8981638018354,8518.190773702718,21.600775466185056,291.8757330594658,967736.3361193103,3314.5765502510853,-46.55879232169184,-46.55879232169184,0.0,0.0,0.0,0.0,4.67844671493998,4.67844671493998,0.0
0.7113857142857143,1.4057071711147258,-1.2684331150472172,-0.004754688981392974,315.39994852649954,-470241.42452855926,0.9981505804533382,-885.8008920924353,1.0,-3991.369646058015,0.5132172273088494,-343.4493484309588,-1153502.3407709817,698.2774476770139,-0.06516225986201038,-1492.3076213622735,-4639.000654450925,-4353.568618249107,-13533.541865060124,2.108608833757848,376.6934704370692,8584.241801060718,21.788400847778462,291.5730308793141,980749.6741664998,3362.650167537082,-46.75841868135478,-46.75841868135478,0.0,0.0,0.0,0.0,4.69796224338279,4.69796224338279,0.0
0.7113892857142857,1.4057001139621164,-1.2684083721897086,-0.0059435945592269945,316.48388824280516,-472095.3748111702,0.9981597199303949,-885.3489953006836,1.0,-4047.961791055929,0.5166144106713112,-343.10301346752726,-1168822.2659627635,697.9181643237853,-0.08179744898908907,-1493.0504804745426,-4684.4215560751845,-4351.234233305622,-13651.926511922566,2.1374837069047485,376.4866848830204,8650.251320514839,21.97624768111677,291.2690106012675,992997.2251585774,3408.210005241307,-46.95800824891944,-46.95800824891944,0.0,0.0,0.0,0.0,4.71749093387443,4.71749093387443,0.0
0.7113928571428572,1.4056930568803654,-1.268383608283934,-0.007087455547008403,317.557152608162,-473934.9510874931,0.9981687409614153,-884.8915742670148,1.0,-4104.796039723691,0.519976061422886,-342.7551091341805,-1184228.864083777,697.5550094477574,-0.0979470298444146,-1493.7933164578358,-4730.0351071234345,-4348.875613322526,-13770.53579025645,2.1664588768810082,376.27781250359794,8716.20672942005,22.164285641574217,290.96367832102595,1006629.5855818096,3458.6400189551337,-47.15754649489065,-47.15754649489065,0.0,0.0,0.0,0.0,4.737032660187154,4.737032660187154,0.0
0.7113964285714285,1.4056859998694722,-1.2683588268684496,-0.009001382792519053,318.6197194674844,-475760.6646924274,0.9981776476454934,-884.4429764736833,1.0,-4161.869773673607,0.5233025012115756,-342.4056424824081,-1199720.8738754361,697.1879887633828,-0.1249149181043337,-1494.5361293122037,-4775.839247570286,-4346.492820139907,-13889.360446080133,2.195532817107715,376.06685871396905,8782.094801761408,22.352482672345612,290.65704016184316,1020121.901438491,3508.7099346723835,-47.35701893850581,-47.35701893850581,0.0,0.0,0.0,0.0,4.756587331114034,4.756587331114034,0.0
0.7113999999999999,1.4056789429294352,-1.2683340166324817,-0.009746725222328223,319.67156834994296,-477571.1093436132,0.9981864367129157,-883.9691265862433,1.0,-4219.180376549339,0.5265940559502553,-342.05462059598585,-1215297.045234187,696.8171244029194,-0.13581937544358427,-1495.278919037796,-4821.831957291526,-4344.085916181815,-14008.391363762717,2.224704030733175,375.8538289794217,8847.923024830092,22.540861746321397,290.3491022735526,1030293.9163698779,3547.4659959416226,-47.55641114830302,-47.55641114830302,0.0,0.0,0.0,0.0,4.776153852172897,4.776153852172897,0.0
0.7114035714285714,1.4056718860602533,-1.268309225267459,-0.006482531460221708,320.7126788880289,-479364.25332096306,0.9981951025899526,-883.4193314354955,1.0,-4276.725231621371,0.5298510408992804,-341.7020505900075,-1230956.0132278453,696.4423737669337,-0.09070652285247045,-1496.0216856344873,-4868.011060480752,-4341.654964443836,-14127.618998209888,2.2539709198240323,375.6387288142866,8913.705691803953,22.72946399840159,290.0398708316975,1042080.0885768682,3591.8856456482144,-47.75570980638895,-47.75570980638895,0.0,0.0,0.0,0.0,4.795723305805538,4.795723305805538,0.0
0.7114071428571428,1.4056648292619256,-1.2682844774288404,-0.004995942795659403,321.7430326512613,-481144.0777828118,0.998203662348285,-882.8958360233908,1.0,-4334.506068527165,0.5330740261818857,-341.3479396113804,-1246697.3026473704,696.0637197372173,-0.07019322627036202,-1496.7644290948078,-4914.377863357123,-4339.200028479795,-14247.043923629328,2.2833342160123165,375.42156378078596,8979.39847061486,22.9181744921239,289.7293520365744,1058602.2715359256,3652.7626032528847,-47.95493490861509,-47.95493490861509,0.0,0.0,0.0,0.0,4.81529579869914,4.81529579869914,0.0
0.7114107142857142,1.4056577725344512,-1.2682597188655245,-0.006681287334430408,322.7626143272413,-482911.5037732038,0.9982121213081583,-882.4240263071695,1.0,-4392.522427127142,0.5362634598731914,-340.9922948352009,-1262520.1354443529,695.6812319090378,-0.09425727586639658,-1497.5071494151955,-4960.932157548634,-4336.721172389258,-14366.662309979336,2.3127936380710907,375.20233948794925,9044.986969205806,23.106957812549336,289.41755211233186,1073240.5950732739,3707.277494713645,-48.15408804064441,-48.15408804064441,0.0,0.0,0.0,0.0,4.8348714940944575,4.8348714940944575,0.0
0.7114142857142857,1.4056507158778289,-1.268234937888708,-0.008098279083412763,323.7714090436559,-484664.08925952134,0.9982204722459577,-881.942811057427,1.0,-4450.771588590878,0.5394196493885898,-340.63512346376297,-1278423.200239636,695.2949331708583,-0.114714292126648,-1498.2498465957767,-5007.6718437537265,-4334.21846080505,-14486.46485775802,2.34234764323976,374.9810615905311,9110.490132349167,23.295867353156005,289.1044773060689,1086045.3638482068,3755.584380733866,-48.35315410634087,-48.35315410634087,0.0,0.0,0.0,0.0,4.854448954586573,4.854448954586573,0.0
0.7114178571428571,1.4056436592920576,-1.268210137330468,-0.009300326722581076,324.7694029079719,-486401.8267111623,0.9982287170204385,-881.4531062796378,1.0,-4509.250780222752,0.5425428972606688,-340.2764327263427,-1294405.135581586,694.9048305539676,-0.13227751951117034,-1498.9925206366336,-5054.594741034072,-4331.691958880436,-14606.44205605354,2.371994637363065,374.7577357879014,9175.900427811643,23.484885971786454,288.7901338869411,1099624.3052710139,3806.6934640070062,-48.55211806324314,-48.55211806324314,0.0,0.0,0.0,0.0,4.874026737709258,4.874026737709258,0.0
0.7114214285714285,1.4056366027771363,-1.2681853175258222,-0.010774805432845369,325.7565834234698,-488125.01196845435,0.998236858542213,-880.9637046026643,1.0,-4567.957209776083,0.5456335063232646,-339.9162298781599,-1310464.567260064,694.5109339128344,-0.1538697464513741,-1499.7351715378784,-5101.698659561837,-4329.141732276886,-14726.58439420508,2.4017330235246708,374.532367822984,9241.207005350036,23.67398761571851,288.4745281452763,1113877.501342382,3860.268128260639,-48.75096492310399,-48.75096492310399,0.0,0.0,0.0,0.0,4.893603395824712,4.893603395824712,0.0
0.711425,1.405629546333064,-1.268160474368182,-0.012373990722863937,326.73293953372456,-489833.5013973297,0.9982448980768329,-880.471995530284,1.0,-4626.888070120898,0.5486917801908943,-339.5545221993506,-1326600.1137988642,694.1132580443849,-0.1774199306948918,-1500.4777992996242,-5148.981410347815,-4326.567847151635,-14846.882390389736,2.4315612085371723,374.3049634811793,9306.40391400877,23.863159247090003,288.15766639169766,1126055.778319529,3906.776573915136,-48.94967975244618,-48.94967975244618,0.0,0.0,0.0,0.0,4.913177476016159,4.913177476016159,0.0
0.7114285714285714,1.4056224899598393,-1.2681356238508676,-0.010650423413125054,327.698461010501,-491524.8637347703,0.9982528287182539,-879.9150725338128,1.0,-4686.040491000132,0.551718015763305,-339.191316993948,-1342810.3314161678,693.711795822455,-0.1533207979819279,-1501.2204039219905,-5196.440696504204,-4323.97037014542,-14967.326278806428,2.4614775305000665,374.07552858930154,9371.510689106515,24.052455915648846,287.8395549562565,1136635.27745805,3947.850176727054,-49.14824767310586,-49.14824767310586,0.0,0.0,0.0,0.0,4.932747519980425,4.932747519980425,0.0
0.7114321428571428,1.4056154336574616,-1.2681108175715856,-0.007557073548014159,328.6531381252877,-493200.4181641464,0.9982606569446963,-879.3279836436243,1.0,-4745.413942179419,0.5547126253442254,-338.8266215898085,-1359094.1704224504,693.3065013026194,-0.10922503549755135,-1501.9629854009384,-5244.075958829254,-4321.349368370229,-15087.911321811287,2.491481487760755,373.8440690145174,9436.508379003995,24.241829846008734,287.5202001875727,1152160.044270704,4006.2316432690877,-49.346671914458966,-49.346671914458966,0.0,0.0,0.0,0.0,4.952313776041876,4.952313776041876,0.0
0.7114357142857143,1.4056083774259294,-1.2680860266470795,-0.008448184780888823,329.59696424174365,-494863.84212909633,0.9982683973904753,-878.8089881997768,1.0,-4805.009984573644,0.5576761379288938,-338.46044333736324,-1375451.1552046537,692.8974166936231,-0.12259120238522168,-1502.7055437294175,-5291.888519965243,-4318.704909397409,-15208.638196967268,2.521573831977637,373.610590663316,9501.354580049443,24.43117036158033,287.19960845198466,1168949.8996315908,4069.165366632181,-49.54496984307434,-49.54496984307434,0.0,0.0,0.0,0.0,4.971877831957514,4.971877831957514,0.0
0.7114392857142857,1.405601321265242,-1.268061207137474,-0.01031919828909622,330.52993429832395,-496513.0182771866,0.9982760441850734,-878.3034935413638,1.0,-4864.826159650034,0.5606088697395454,-338.0927896063492,-1391880.0169613543,692.4846006531676,-0.15033573452412016,-1503.448078907366,-5339.876582726918,-4316.0370612453435,-15329.498608475424,2.5517532382014045,373.3750994804405,9566.066291868005,24.6205255925727,286.8777861327077,1182419.7224471495,4120.684492852891,-49.74312865568368,-49.74312865568368,0.0,0.0,0.0,0.0,4.991438409976382,4.991438409976382,0.0
0.7114428571428572,1.405594265175398,-1.2680363699923372,-0.011466385216749586,331.45204324843075,-498146.7344255729,0.9982835946893158,-877.7801212756178,1.0,-4924.859807830291,0.5635111155669283,-337.7236677863994,-1408379.3291555655,692.0680518834092,-0.16770889443211595,-1504.1905909349516,-5388.038029679988,-4313.3458923680055,-15450.483365141463,2.5820181712019448,373.1376014478979,9630.650096234642,24.809915856414683,286.5547396290008,1195829.7277016286,4172.1284195468415,-49.94113504086829,-49.94113504086829,0.0,0.0,0.0,0.0,5.010994172883414,5.010994172883414,0.0
0.7114464285714286,1.4055872091563966,-1.2680115119729396,-0.012673264480923763,332.36328759256253,-499765.50385276775,0.9982910522635684,-877.2533181019393,1.0,-4985.1082787633,0.5663831731284021,-337.3530852861037,-1424947.6837328956,691.6477846605104,-0.186090520159547,-1504.9330798122735,-5436.370792871212,-4310.631471642691,-15571.583444888443,2.6123671316663124,372.89810258389537,9695.093230496923,24.999309632624644,286.2304753553429,1210652.439614656,4228.64199780503,-50.138975736952716,-50.138975736952716,0.0,0.0,0.0,0.0,5.030543776697215,5.030543776697215,0.0
0.7114499999999999,1.4055801532082368,-1.267986635323955,-0.014649441749327252,333.2636649525318,-501369.7891116039,0.9982984199980987,-876.7363730916795,1.0,-5045.568893851728,0.5692253372383904,-336.98104953206274,-1441583.6456346558,691.2238073400727,-0.21595130350650252,-1505.6755455394105,-5484.872765203044,-4307.893868358584,-15692.789740754093,2.642798597248971,372.6566089418509,9759.383401158657,25.18867656438506,285.90499974062743,1224492.5936514735,4281.865269101035,-50.33663753243014,-50.33663753243014,0.0,0.0,0.0,0.0,5.050085870558306,5.050085870558306,0.0
0.7114535714285714,1.4055730973309173,-1.2679617341787792,-0.014402145484154971,334.15317425274156,-502957.4959114208,0.998305692313104,-876.1733144397155,1.0,-5106.238971243131,0.5720379035881389,-336.6075679678937,-1458285.7867322545,690.7961371859525,-0.21313448357989298,-1506.4179881165426,-5533.541862284787,-4305.133152204867,-15814.093238637483,2.6733110636864557,372.41312660936217,9823.53785468269,25.37806552126977,285.5783192273152,1234854.649719533,4323.049014157167,-50.534107266420506,-50.534107266420506,0.0,0.0,0.0,0.0,5.0696190966221195,5.0696190966221195,0.0
0.7114571428571428,1.4055660415244369,-1.2679368678462715,-0.010691179983524535,335.0318142468418,-504527.744742773,0.9983128677704002,-875.5402697399192,1.0,-5167.116758460842,0.574821198591118,-336.2326480536818,-1475052.7257036602,690.3647205351691,-0.15883149871042132,-1507.160407542378,-5582.3765239707545,-4302.349393259711,-15935.48644899466,2.703903377526715,372.1676617072547,9887.561146673936,25.5674913863189,285.2504402706978,1249016.5843912808,4377.66663135028,-50.73137952223851,-50.73137952223851,0.0,0.0,0.0,0.0,5.089142819341291,5.089142819341291,0.0
0.7114607142857142,1.405558985788795,-1.2679120364091052,-0.010434388034013864,335.8995861194883,-506085.2904586785,0.9983199637314425,-874.9673119787526,1.0,-5228.205668250088,0.5775757980278526,-335.8562972662881,-1491884.270926108,689.92956839537,-0.15561642295218794,-1507.902803808388,-5631.379447390903,-4299.542661978243,-16056.974042818583,2.734577210923797,371.92022038853884,9951.399961528417,25.756813466964385,284.92136933806796,1267027.3287254623,4445.936822145114,-50.92848492569204,-50.92848492569204,0.0,0.0,0.0,0.0,5.1086598022466205,5.1086598022466205,0.0
0.7114642857142857,1.4055519301239898,-1.2678871806032808,-0.012400807592001684,336.7564935146206,-507629.26105847326,0.998326978629704,-874.4318819657324,1.0,-5289.503262882642,0.5803020036708978,-335.47852309523995,-1508779.1401287175,689.4907563848698,-0.18565595148954359,-1508.645176913299,-5680.548910781649,-4296.713029181768,-16178.548071719659,2.765331303682753,371.6708088374772,10015.058077516553,25.946044293448665,284.5911129079499,1281585.700648514,4502.2527107163705,-51.12541106695494,-51.12541106695494,0.0,0.0,0.0,0.0,5.128168706999801,5.128168706999801,0.0
0.7114678571428571,1.405544874530021,-1.2678623062412302,-0.013612555224398193,337.6025398377542,-509157.58256109414,0.9983339069405884,-873.877731677214,1.0,-5351.005817509946,0.5830000450681961,-335.0993330431052,-1525735.636718427,689.0482892865492,-0.20457940071141212,-1509.3875268571962,-5729.881969486232,-4293.860566046022,-16300.197132345043,2.7961635879003386,371.41943326856654,10078.551468623664,26.135229247243103,284.25967746932815,1295134.3907523954,4555.1663978604265,-51.32213749423875,-51.32213749423875,0.0,0.0,0.0,0.0,5.147667419819953,5.147667419819953,0.0
0.7114714285714285,1.4055378190068872,-1.2678374108651818,-0.01476749485232176,338.4377296680934,-510670.71916529187,0.9983407515470227,-873.318060854171,1.0,-5412.709589691446,0.5856701543762481,-334.718734624919,-1542752.0658017145,688.6021809378713,-0.2227846057879813,-1510.1298536402148,-5779.375691714808,-4290.98534409042,-16421.90989825239,2.827072008267001,371.1660999256088,10141.866671075739,26.324334504440003,283.9270695208851,1310091.5362922123,4613.183277779524,-51.51864384142414,-51.51864384142414,0.0,0.0,0.0,0.0,5.167153822606679,5.167153822606679,0.0
0.711475,1.4055307635545873,-1.2678124978951186,-0.016627802336387276,339.26206869980194,-512169.1797849406,0.9983475153942876,-872.7675021790275,1.0,-5474.610797790911,0.5883125625147222,-334.336735367299,-1559826.7013624215,688.1524388423293,-0.2518036052224714,-1510.872157262518,-5829.027094905202,-4288.087435166985,-16543.67493951237,2.8580544799148044,370.9108150807506,10204.989585811853,26.51332441894458,283.5932955702485,1325007.8710230442,4671.211549848958,-51.714909828781636,-51.714909828781636,0.0,0.0,0.0,0.0,5.18662579286665,5.18662579286665,0.0
0.7114785714285714,1.4055237081731204,-1.2677875564391954,-0.01753236231584765,340.0755639604107,-513651.8074968562,0.9983541960422243,-872.1942183218512,1.0,-5536.705657255716,0.5909275045087028,-333.9533428075681,-1576957.8393712002,687.6990860911986,-0.26650711241518604,-1511.6144377242024,-5878.833242747442,-4285.16691144914,-16665.480999027666,2.889108952675966,370.65358503351445,10267.92602040107,26.702216935181255,283.2583621332461,1336427.737466962,4717.0521958899835,-51.91091526370292,-51.91091526370292,0.0,0.0,0.0,0.0,5.2060812036422845,5.2060812036422845,0.0
0.7114821428571428,1.4055166528624854,-1.2677626299928406,-0.014456894661435626,340.8782223626456,-515116.5114043276,0.998360788086266,-871.5394855353526,1.0,-5598.990339311054,0.5935152044078763,-333.5685644929174,-1594143.633576247,687.2420868296962,-0.2205855321435968,-1512.356695025317,-5928.790976056833,-4282.223845421283,-16787.316230159635,2.920233233045319,370.39441610989576,10330.692872467855,26.891059970522736,282.92227573317075,1349059.4318959585,4767.304045342408,-52.10664068836468,-52.10664068836468,0.0,0.0,0.0,0.0,5.225517985385963,5.225517985385963,0.0
0.7114857142857143,1.405509597622681,-1.2677377478345115,-0.012711680596169117,341.6700522338448,-516566.93239121366,0.99836730437754,-870.905540385165,1.0,-5661.466652883757,0.596076129983197,-333.18240798108246,-1611383.4519756467,686.781420774611,-0.19468439603944862,-1513.0989291588105,-5978.901625776783,-4279.258309867797,-16909.181529995003,2.951428099351496,370.13331466141204,10393.24648959767,27.079737969831573,282.5850429000535,1366932.1478789225,4836.241680772142,-52.3021056227642,-52.3021056227642,0.0,0.0,0.0,0.0,5.244937785683689,5.244937785683689,0.0
0.7114892857142857,1.4055025424537062,-1.2677128586212465,-0.014303506939199906,342.4510646932589,-518004.43860323535,0.9983737504060812,-870.3318297449945,1.0,-5724.135118006305,0.5986106987884907,-332.7948808372717,-1628676.577986451,686.3171550690532,-0.21988194701033803,-1513.841140120628,-6029.165788820512,-4276.270377862491,-17031.07570712517,2.982693843516558,369.87028706418863,10455.568660145873,27.26820381581875,282.246670169946,1383172.2613605831,4899.579555208744,-52.49731918159591,-52.49731918159591,0.0,0.0,0.0,0.0,5.264341236924665,5.264341236924665,0.0
0.7114928571428571,1.4054954873555603,-1.2676879459836004,-0.015784291696860464,343.22127108703177,-519426.6535510053,0.9983801198184084,-869.7516565852179,1.0,-5786.99314847909,0.6011191846776471,-332.40599063307315,-1646021.5550562942,685.849318914711,-0.24354750469534325,-1514.5833279108651,-6079.581493913743,-4273.260122757947,-17152.990319016448,3.0140290612465614,369.6053397180374,10517.681849671379,27.456520291874178,281.9071640842118,1397145.5931994389,4955.0485549848645,-52.69226946635013,-52.69226946635013,0.0,0.0,0.0,0.0,5.283726945129317,5.283726945129317,0.0
0.7114964285714286,1.4054884323282415,-1.2676630141446914,-0.016984527894379653,343.9806833742304,-520833.4551951778,0.9983864133808176,-869.1616807334664,1.0,-5850.0381063943105,0.6036018540118843,-332.015744946558,-1663416.8608486431,685.3779192424586,-0.2630366230093502,-1515.3254925297413,-6130.146656450349,-4270.227618175566,-17274.91663334972,3.0454322762144335,369.3384790455944,10579.581437415192,27.64467700401494,281.5665311888262,1411804.4629759626,5013.106104923273,-52.886944627739695,-52.886944627739695,0.0,0.0,0.0,0.0,5.303093507582588,5.303093507582588,0.0
0.7115,1.4054813773717498,-1.2676380627194965,-0.018406820762947973,344.729314583858,-522225.18381315144,0.9983926332703373,-868.571759793734,1.0,-5913.267351138136,0.6060589724886762,-331.6241513614648,-1680860.9767750285,684.9029680164192,-0.2861134240392132,-1516.0676339772883,-6180.8592058335735,-4267.172937994383,-17396.845988654346,3.0769020242313054,369.069711491354,10641.257269830314,27.832648517350904,281.22477803368525,1427299.8620715863,5074.299097224724,-53.08133286610985,-53.08133286610985,0.0,0.0,0.0,0.0,5.322439512741198,5.322439512741198,0.0
0.7115035714285713,1.4054743224860835,-1.267613088835975,-0.02009783871056925,345.4671787622112,-523601.8682562221,0.9983987806641003,-867.9828811207672,1.0,-5976.678235765485,0.6084908045243975,-331.2312174664112,-1698352.38340665,684.4244799253466,-0.3135436602408517,-1516.8097522537355,-6231.717075634054,-4264.096156342089,-17518.769766702684,3.1084368467269696,368.79904352088977,10702.703024269216,28.02041969006079,280.88191117193463,1440727.286400541,5128.298929893129,-53.275422431672155,-53.275422431672155,0.0,0.0,0.0,0.0,5.3417635401248305,5.3417635401248305,0.0
0.7115071428571428,1.4054672676712412,-1.2675881041682102,-0.01862328383373324,346.19429070281154,-524961.1576724076,0.9984048494753207,-867.3269465053611,1.0,-6040.26807573338,0.610897608773193,-330.83695085404923,-1715889.5141558847,683.9424539907063,-0.2915993688429143,-1517.5518473592672,-6282.718115385265,-4260.997347583605,-17640.679145069345,3.140035232613629,368.52648161986707,10763.941649125161,28.20805474225894,280.5379371592531,1451957.7122053716,5174.619835620087,-53.469201624934726,-53.469201624934726,0.0,0.0,0.0,0.0,5.361064160228132,5.361064160228132,0.0
0.7115107142857142,1.4054602129272225,-1.2675631628815505,-0.015354392360649172,346.9106651445851,-526303.9921962082,0.9984108436418455,-866.6305668038823,1.0,-6104.033369131785,0.6132796026618904,-330.4413591211508,-1733470.5096755067,683.456843482303,-0.24128863584063853,-1518.2939192903266,-6333.859366345043,-4257.876586311911,-17762.56306786671,3.1716951414160865,368.25203229325047,10824.95449294399,28.395505098865947,280.19286255325244,1468416.6988733327,5239.735561542902,-53.66265398949918,-53.66265398949918,0.0,0.0,0.0,0.0,5.380339457052379,5.380339457052379,0.0
0.7115142857142857,1.4054531582540255,-1.2675382406904776,-0.016086308913429548,347.6163195294289,-527634.3349105552,0.9984167761589186,-866.009238836355,1.0,-6167.9719725219675,0.6156370704731645,-330.0444498678616,-1751093.9905467597,682.9676864073737,-0.25370371384744295,-1519.0359680394847,-6385.139233817117,-4254.733947338172,-17884.414344490604,3.2034154346312,367.97570206444794,10885.687538629374,28.582625911323987,279.846693912779,1486725.2035250664,5311.641656536562,-53.85577124889767,-53.85577124889767,0.0,0.0,0.0,0.0,5.3995882850081,5.3995882850081,0.0
0.7115178571428571,1.4054461036516503,-1.2675132897598447,-0.018002380922951033,348.31127265804383,-528950.2623082047,0.9984226422062675,-865.4073607571986,1.0,-6232.084976162508,0.617970420590657,-329.646230694462,-1768759.3412180098,682.4750460983072,-0.2849436775530774,-1519.77799360653,-6436.558769406757,-4251.569505681161,-18006.23321344087,3.235196717207619,367.6974974743982,10946.164051713342,28.769482052228255,279.49943779727784,1501263.4606763034,5370.257532779641,-54.04856629554638,-54.04856629554638,0.0,0.0,0.0,0.0,5.418811562842642,5.418811562842642,0.0
0.7115214285714285,1.4054390491200948,-1.2674883213354624,-0.019148254911755203,348.9955429875157,-530250.4439720092,0.9984284387678403,-864.7858451254134,1.0,-6296.373464629824,0.6202800412396152,-329.24670920218176,-1786465.7988454127,681.9789221976811,-0.3041652032741937,-1520.5199959917454,-6488.1187964254905,-4248.383336558776,-18128.01926512611,3.267039442775413,367.41742508083433,11006.399872829603,28.956118358861506,279.1511007661543,1515564.7018501223,5428.191207523539,-54.2410524475124,-54.2410524475124,0.0,0.0,0.0,0.0,5.438010236935639,5.438010236935639,0.0
0.711525,1.4054319946593583,-1.2674633318699648,-0.02034240066637949,349.6691502322794,-531535.4449615718,0.9984341684965549,-864.1610816263047,1.0,-6360.838591841076,0.6225663173391075,-328.84589299250985,-1804212.6547587886,681.4793303204982,-0.324284740582809,-1521.2619751952232,-6539.8202497423445,-4245.175515377248,-18249.772394141215,3.298944137417943,367.1354914573528,11066.387458563306,29.142516090272352,278.8016893781451,1531421.4446412458,5491.870032663768,-54.43324294951685,-54.43324294951685,0.0,0.0,0.0,0.0,5.457185231991424,5.457185231991424,0.0
0.7115285714285714,1.40542494026944,-1.2674383241146479,-0.02233294267779229,350.33211479530274,-532805.781907924,0.9984398338344739,-863.5482629248489,1.0,-6425.481535704636,0.624829624992353,-328.44378966646354,-1821999.191408449,680.9762793315742,-0.3572786765198601,-1522.0039312171068,-6591.664058618629,-4241.946117722326,-18371.492470736925,3.330911322513764,366.85170319265023,11126.119765838044,29.32865779008043,278.4512101906979,1546344.8728589255,5552.378172786205,-54.625150972228084,-54.625150972228084,0.0,0.0,0.0,0.0,5.476337450848973,5.476337450848973,0.0
0.7115321428571428,1.4054178859503386,-1.2674132904632345,-0.022285299799563063,350.98445816803303,-534059.5337257165,0.9984454300956683,-862.8899028904274,1.0,-6490.303532930779,0.6270703360082167,-328.0404068238671,-1839824.7362346235,680.4697892537098,-0.3577745593890721,-1522.745864057617,-6643.651240202599,-4238.695219349963,-18493.179601116743,3.3629415761468255,366.56606688971783,11185.62079650105,29.514610616880333,278.09966975935936,1557358.8291831103,5599.002439883148,-54.81678961161094,-54.81678961161094,0.0,0.0,0.0,0.0,5.495467774298589,5.495467774298589,0.0
0.7115357142857143,1.4054108317020528,-1.2673882891845256,-0.018590660242836066,351.6262013682413,-535295.6178891492,0.9984509550485958,-862.1526926506934,1.0,-6555.304297987083,0.6292887476795641,-327.6357520628831,-1857688.1081903107,679.9598094269044,-0.29950810665708494,-1523.487773715773,-6695.7813430408905,-4235.422896176651,-18614.829798692346,3.395034511310806,366.27858916500594,11244.901790403506,29.700407075494542,277.7470746371724,1572116.5178883546,5659.24509868213,-55.0081626357545,-55.0081626357545,0.0,0.0,0.0,0.0,5.514576163502269,5.514576163502269,0.0
0.7115392857142857,1.405403777524582,-1.2673633249832843,-0.018120685076183918,352.2573673132337,-536518.7202209509,0.9984564231488368,-861.4766640937994,1.0,-6620.474478906013,0.631484843232749,-327.2298329806811,-1875586.2735742861,679.4463468289124,-0.29295689850271794,-1524.2296601830726,-6748.046973180774,-4232.1292242704485,-18736.419811249423,3.4271851870211463,365.989276647649,11303.88872459884,29.885846788023517,277.3934313740815,1591331.0624812557,5735.72943370909,-55.19921445063426,-55.19921445063426,0.0,0.0,0.0,0.0,5.533656797129609,5.533656797129609,0.0
0.7115428571428571,1.4053967234179248,-1.2673383382645236,-0.020065927061892808,352.87798109527444,-537728.3008917416,0.9984618336734863,-860.8459173959603,1.0,-6685.813937931838,0.633658947980504,-326.8226571696539,-1893518.3907117285,678.9294773724761,-0.32553401997605336,-1524.9715234579126,-6800.4482734845105,-4228.814279842052,-18857.94739499751,3.459393614160294,365.69813597869216,11362.586609662629,30.07094483611118,277.0387465163476,1606946.9974971625,5799.4413379135,-55.38994869267117,-55.38994869267117,0.0,0.0,0.0,0.0,5.55270956625671,5.55270956625671,0.0
0.7115464285714286,1.4053896693820802,-1.2673133324358863,-0.021304583056775073,353.48806733265906,-538922.2522984815,0.9984671813905719,-860.1965724878255,1.0,-6751.324758347053,0.6358114460676558,-326.4142322178275,-1911483.9399107462,678.4092093516656,-0.346825538658621,-1525.7133635404405,-6852.986884265122,-4225.478139235579,-18979.414456156384,3.4916607850655934,365.4051738102961,11421.0233415122,30.255778954683176,276.6830266059706,1621256.3753132548,5858.61630968464,-55.58038386759234,-55.58038386759234,0.0,0.0,0.0,0.0,5.571735787517007,5.571735787517007,0.0
0.71155,1.4053826154170472,-1.2672883058434297,-0.022464372854813064,354.08765145371103,-540101.0163882242,0.9984724683933567,-859.5414905890714,1.0,-6817.009078938504,0.6379427151548241,-326.0045657085773,-1929482.4301651039,677.8855565067387,-0.3669663215321337,-1526.455180430832,-6905.6645107035665,-4222.120878919905,-19100.82306198371,3.523987732646358,365.1103968049874,11479.19429899877,30.440338044194434,276.3262781801211,1636989.5450648218,5923.118241109747,-55.770538377493835,-55.770538377493835,0.0,0.0,0.0,0.0,5.5907367522595806,5.5907367522595806,0.0
0.7115535714285713,1.405375561522825,-1.2672632614556538,-0.02427193086205648,354.6767596602071,-541265.1020562904,0.9984776969117205,-858.895762144208,1.0,-6882.869078174463,0.6400531242753519,-325.59366521997987,-1947513.371417514,677.3585276500964,-0.3978535754031049,-1527.1969741292469,-6958.48286990152,-4218.742575479967,-19222.17529322918,3.556375495616077,364.8138116349069,11537.093921707085,30.62460837215508,275.9685077705917,1652804.1146209762,5988.104075581429,-55.96043052001028,-55.96043052001028,0.0,0.0,0.0,0.0,5.6097137263582155,5.6097137263582155,0.0
0.7115571428571428,1.405368507699412,-1.267238189070983,-0.025328706714702776,355.2554191102649,-542413.5798182884,0.9984828651258834,-858.2303966122754,1.0,-6948.907005795813,0.642143038303494,-325.1815383241103,-1965576.3326677775,676.828145689457,-0.4165933137507455,-1527.9387446358903,-7011.44379185206,-4215.343305607627,-19343.473522343913,3.588825184561241,364.515424981021,11594.735563180324,30.808628026602772,275.60972190320115,1664991.0146551554,6040.118590293882,-56.15007848752691,-56.15007848752691,0.0,0.0,0.0,0.0,5.628667950026276,5.628667950026276,0.0
0.7115607142857142,1.4053614539468071,-1.2672131277479162,-0.022456916000692217,355.82365674786166,-543544.3196140842,0.9984879678632114,-857.4787660926238,1.0,-7015.124989474306,0.644212800433476,-324.7681925864877,-1983670.7202676635,676.2943809364504,-0.37061512189232765,-1528.680491950931,-7064.548796867836,-4211.923146094042,-19464.71924703123,3.6213377053382327,364.21524353245997,11652.14803358349,30.992477636496876,275.24992709731816,1677902.841092785,6094.924742968382,-56.33949993535532,-56.33949993535532,0.0,0.0,0.0,0.0,5.647600596123894,5.647600596123894,0.0
0.7115642857142856,1.4053544002650098,-1.2671881113143892,-0.02045312310559666,356.3815003688059,-544660.5883341394,0.9984930149782358,-856.7406829544674,1.0,-7081.515539470687,0.6462624360882103,-324.3536355668068,-2001793.8165407015,675.7572094223128,-0.3386877099717808,-1529.4222160677184,-7117.791832418833,-4208.482173820268,-19585.893109827713,3.6539090106323378,363.9132739857099,11709.276943798719,31.17600945289651,274.88912986528277,1696547.271630152,6170.751034541065,-56.52865179534069,-56.52865179534069,0.0,0.0,0.0,0.0,5.666506972534137,5.666506972534137,0.0
0.7115678571428571,1.4053473466540187,-1.2671630916168712,-0.021944067173222948,356.9289800846617,-545764.1811321747,0.9984980121672853,-856.0716819753845,1.0,-7148.073991645353,0.6482920823420844,-323.9378748164812,-2019943.7635694596,675.2166946749579,-0.3645999814833358,-1530.163916981659,-7171.169434688597,-4205.020465749651,-19706.982958862536,3.686536752764477,363.60952304395136,11766.091118133907,31.359139055639307,274.5273367118915,1713911.5117326458,6242.136047071866,-56.717508217934096,-56.717508217934096,0.0,0.0,0.0,0.0,5.68538402409736,5.68538402409736,0.0
0.7115714285714285,1.4053402931138326,-1.267138047486442,-0.02349032913232918,357.4661262759883,-546852.7952527361,0.9985029537742357,-855.3998747083377,1.0,-7214.802504092413,0.6503020884558183,-323.52091787743245,-2038120.146557976,674.6728713418646,-0.3915988673216547,-1530.9055946929634,-7224.683410301968,-4201.5380989193245,-19827.991161729362,3.7192220312911854,363.30399741632726,11822.622228397464,31.54195470590807,274.1645541338796,1728546.082665848,6303.775933295035,-56.90608641255619,-56.90608641255619,0.0,0.0,0.0,0.0,5.704232825189429,5.704232825189429,0.0
0.711575,1.405333239644451,-1.267112984524041,-0.024691271053200126,357.9929693620608,-547926.1840603775,0.9985078398218827,-854.7167930752047,1.0,-7281.703221273425,0.6522927901932057,-323.1027722825097,-2056322.4723234687,674.1257455264713,-0.41299215070393586,-1531.647249201747,-7278.335437397224,-4198.035150431847,-19948.919712911433,3.7519658597568704,362.9967038172199,11878.874763706219,31.724470053831677,273.80078861941234,1743748.85051139,6367.677239039037,-57.09440348683074,-57.09440348683074,0.0,0.0,0.0,0.0,5.723054424374979,5.723054424374979,0.0
0.7115785714285714,1.405326186245872,-1.2670879016108545,-0.026058003807150953,358.5095405870141,-548984.7172902849,0.9985126720077925,-854.0332488686474,1.0,-7348.778344969291,0.654264518309159,-322.683445554897,-2074550.2850369709,673.5753305050647,-0.43729938660357887,-1532.388880508276,-7332.127269318363,-4194.5116974478315,-20069.770793514966,3.784769298826012,362.68764896561333,11934.845133987712,31.906676497051773,273.43604664758357,1759968.2130879285,6435.489389989803,-57.28247644577834,-57.28247644577834,0.0,0.0,0.0,0.0,5.741849844228915,5.741849844228915,0.0
0.7115821428571428,1.405319132918095,-1.267062797258682,-0.027829924153962793,359.0158719613186,-550028.5819521571,0.9985174515033239,-853.3544004456459,1.0,-7416.030123025766,0.6562175971860622,-322.2629452075303,-2092803.14636348,673.021639950829,-0.468578759637888,-1533.1304886126993,-7386.060697810309,-4190.967817177324,-20190.54666915642,3.817633432163896,362.3768395843501,11990.532202597058,32.0885721514386,273.0703346879235,1774183.0548249588,6496.165123602941,-57.47032219112498,-57.47032219112498,0.0,0.0,0.0,0.0,5.760620081170735,5.760620081170735,0.0
0.7115857142857143,1.4053120796611192,-1.2670376787748967,-0.026608363744344388,359.51199582206885,-551055.5186431934,0.9985221728947065,-852.6075993328116,1.0,-7483.460823701527,0.6581523425764196,-321.8412787425241,-2111080.6025082176,672.4646782026392,-0.4494849793120556,-1533.8720735151942,-7440.137490134306,-4187.403586872392,-20311.249517447803,3.8505593253834056,362.0642823994909,12045.967841566537,32.27024627155952,272.7036591999145,1785568.3637130263,6546.650915105822,-57.65795752053316,-57.65795752053316,0.0,0.0,0.0,0.0,5.779366105292404,5.779366105292404,0.0
0.7115892857142857,1.405305026474943,-1.2670126026339579,-0.023183218748556556,359.99794425543973,-552066.0895781169,0.9985268383369239,-851.8091584712357,1.0,-7551.068158483406,0.6600689186483462,-321.4184536512738,-2129381.0253380192,671.9043974819764,-0.39290777010468486,-1534.613635212833,-7494.355584729117,-4183.819083819554,-20431.871056567772,3.883545547078198,361.7499841396592,12101.139909792853,32.45166673212906,272.33602663251463,1802407.798810155,6617.323036791206,-57.84537171621286,-57.84537171621286,0.0,0.0,0.0,0.0,5.798086223371293,5.798086223371293,0.0
0.7115928571428571,1.4052979733595656,-1.2669875491700608,-0.023746465518740933,360.47375147963754,-553064.4852821355,0.9985314596487488,-851.0920393886158,1.0,-7618.843047107356,0.6619673026576972,-320.99447741425445,-2147701.492210554,671.3408308985287,-0.40376512857753794,-1535.3551736976974,-7548.707911140203,-4180.214385331725,-20552.389402394205,3.916587406261282,361.4339515353482,12155.97870978986,32.63264203086634,271.9674434236896,1821758.3195924377,6697.4426395271785,-58.032511982206415,-58.032511982206415,0.0,0.0,0.0,0.0,5.816774675706654,5.816774675706654,0.0
0.7115964285714286,1.405290920314986,-1.2669624670737623,-0.02570379540307499,360.93945292289163,-554048.9906481277,0.9985360328721812,-850.4010554918206,1.0,-7686.787308376553,0.6638478019966096,-320.5693574978445,-2166041.6318246224,670.7740450081484,-0.4384633275941115,-1536.0966889696117,-7603.196155720452,-4176.58956874118,-20672.806589001957,3.949685921672385,361.11619131831134,12210.508709908614,32.81324073377113,271.59791599995316,1836917.5316090558,6762.371231498597,-58.219391743378196,-58.219391743378196,0.0,0.0,0.0,0.0,5.835432054150828,5.835432054150828,0.0
0.7116,1.405283867341203,-1.2669373674481808,-0.026854303810466718,361.39508339886265,-555018.1592083141,0.9985405547602615,-849.6887857213028,1.0,-7754.903235529962,0.6657107198538397,-320.14310135531923,-2184400.9896692447,670.2040401580871,-0.4595676512832363,-1536.8381810287528,-7657.822086610137,-4172.944711391841,-20793.124853072313,3.982842163307021,360.79671022089735,12264.751179970084,32.99352275817871,271.22745077591514,1851626.2791753046,6825.839517453917,-58.40602774554213,-58.40602774554213,0.0,0.0,0.0,0.0,5.854059253300534,5.854059253300534,0.0
0.7116035714285714,1.4052768144382155,-1.2669122467284477,-0.028029653959379175,361.84067851958423,-555972.5815526893,0.9985450274677123,-848.9731693395175,1.0,-7823.193191505241,0.6675563567910701,-319.7157164264071,-2202779.176582695,669.6308322413068,-0.4812229004949456,-1537.5796498753273,-7712.587596721766,-4169.279890632185,-20913.34674880654,4.0160572802502505,360.47551497543753,12318.699807886796,33.17347169536932,270.8560541538374,1868038.85146956,6895.795633036044,-58.59243662914923,-58.59243662914923,0.0,0.0,0.0,0.0,5.872657140854692,5.872657140854692,0.0
0.7116071428571428,1.4052697616060228,-1.2668871080674151,-0.030027509715210954,362.2762744091179,-556912.8245142471,0.998549453038127,-848.2716296937713,1.0,-7891.659568339078,0.669385005923909,-319.2872101367876,-2221175.794391899,669.054430042739,-0.5171713194180902,-1538.3210955095208,-7767.494569677621,-4165.595183808103,-21033.474782446312,4.049332413337855,360.15261231363,12372.348470136667,33.353071578896426,270.48373252320994,1883605.8295202143,6962.841455266017,-58.77863492857682,-58.77863492857682,0.0,0.0,0.0,0.0,5.891226557456413,5.891226557456413,0.0
0.7116107142857142,1.4052627088446232,-1.266861942270162,-0.030175924004652188,362.7019079407643,-557837.1349946957,0.9985538274845589,-847.5258725393101,1.0,-7960.304822781061,0.6711969574004546,-318.8575898975292,-2239590.5081930943,668.4748553881975,-0.5213818975957488,-1539.0625179315937,-7822.54500104774,-4161.890668255363,-21153.511740135345,4.082668773949979,359.8280089658883,12425.723382600554,33.53239623649896,270.11049226027615,1894861.7081806916,7014.1355185226175,-58.96463907145187,-58.96463907145187,0.0,0.0,0.0,0.0,5.909768316539775,5.909768316539775,0.0
0.7116142857142856,1.4052556561540162,-1.2668368062199835,-0.026527471140155967,363.1176152526404,-558744.248965943,0.9985581480781345,-846.6927311170673,1.0,-8029.130053272902,0.6729924458364221,-318.42686310485203,-2258022.461349405,667.8920603933651,-0.4597959467173295,-1539.8039171408411,-7877.739485361662,-4158.166421293258,-21273.456599948837,4.116066661259902,359.5017116607936,12478.842077628387,33.711495586432,269.73633972768255,1909717.2048284886,7078.9403845862225,-59.15045790106081,-59.15045790106081,0.0,0.0,0.0,0.0,5.928282484801876,5.928282484801876,0.0
0.7116178571428571,1.4052486035342004,-1.2668117091143363,-0.025834983182363658,363.52343391920635,-559638.7150703035,0.9985624271015326,-845.9201728842615,1.0,-8098.125330592886,0.6747714104464444,-317.9950371410013,-2276468.450317822,667.3060476110194,-0.4492050426430299,-1540.545293128868,-7933.070142977717,-4154.422520217386,-21393.28548368352,4.149520873135477,359.17372712447195,12531.627512278143,33.890156394805835,269.36128127402,1929643.9231645174,7162.776152376924,-59.336034348771705,-59.336034348771705,0.0,0.0,0.0,0.0,5.946762769361968,5.946762769361968,0.0
0.7116214285714285,1.4052415509851748,-1.266786591774914,-0.02774083888797918,363.91940340915244,-560520.3285071343,0.998566664553139,-845.2009615679332,1.0,-8167.2901358451945,0.6765340630785064,-317.5621193708508,-2294927.635608455,666.716891600001,-0.4838563836900239,-1541.2866458937174,-7988.536868523466,-4150.659042292997,-21512.995571827178,4.183031261450592,358.8440620800196,12584.08101294327,34.06838301851881,268.985323233431,1945931.181148011,7233.339620304457,-59.52136663211445,-59.52136663211445,0.0,0.0,0.0,0.0,5.965208177688552,5.965208177688552,0.0
0.711625,1.4052344985069385,-1.2667614546609294,-0.029018117701895108,364.30556251706236,-561386.973015273,0.9985708555052724,-844.4641260748823,1.0,-8236.627027082146,0.6782806836728418,-317.12811714230924,-2313399.6836785153,666.1246039791482,-0.5077149691085481,-1542.0279754355522,-8044.141689723474,-4146.8760647480485,-21632.58978821968,4.216599061668367,358.51272324690484,12636.23433925302,34.24626469267744,268.60847192521265,1960598.0310809617,7298.092307210777,-59.706471659797785,-59.706471659797785,0.0,0.0,0.0,0.0,5.98361949814722,5.98361949814722,0.0
0.7116285714285714,1.4052274460994902,-1.2667362969756795,-0.03019115856170629,364.6819504768608,-562239.0373376305,0.9985750014581385,-843.7212101406385,1.0,-8306.138603252552,0.6800115468260255,-316.69303778631377,-2331884.2774715573,665.5291976820718,-0.5298804030945057,-1542.7692817546172,-8099.886673182791,-4143.073664767028,-21752.071136064158,4.250225532083874,358.17971734043317,12688.084235857308,34.423793200992094,268.2307336534276,1976644.2061583032,7368.193601476937,-59.891366229510254,-59.891366229510254,0.0,0.0,0.0,0.0,6.001997491078278,6.001997491078278,0.0
0.7116321428571428,1.405220393762829,-1.2667111212511433,-0.0319232190314267,365.04860702792564,-563077.0022416168,0.9985791041125651,-842.9869969674418,1.0,-8375.827498791463,0.6817269209893217,-316.25688861637576,-2350381.1028799815,664.9306821371379,-0.5620121520028862,-1543.5105648511333,-8155.773896461086,-4139.251919484205,-21871.442622138227,4.283911935677411,357.84505107116723,12739.62606976373,34.60095642409795,267.85211470652257,1992924.6719736673,7439.391777967683,-60.076067027249906,-60.076067027249906,0.0,0.0,0.0,0.0,6.0203428886519745,6.0203428886519745,0.0
0.7116357142857143,1.4052133414969536,-1.2666859184863581,-0.03312113654871496,365.4055725644067,-563900.1811939675,0.9985831622228957,-842.2371694296946,1.0,-8445.696410659863,0.6834270718388967,-315.8196769281368,-2368889.907511091,664.3290788705983,-0.5848963602436358,-1544.2518247253015,-8211.80554692358,-4135.410905977263,-21990.707521134496,4.317659604115627,357.50873114437667,12790.871976289225,34.777789077614855,267.47262135695456,2005575.3124226627,7497.245249356306,-60.260590626641715,-60.260590626641715,0.0,0.0,0.0,0.0,6.038656394724093,6.038656394724093,0.0
0.7116392857142857,1.4052062893018635,-1.266660722458065,-0.030503708144408392,365.7528870600308,-564706.4374961355,0.9985871708929767,-841.3979910430982,1.0,-8515.747976409986,0.6851122499975474,-315.38140999893363,-2387410.2825868293,663.7243645348061,-0.5403246001757837,-1544.9930613773213,-8267.98353974665,-4131.5507012610815,-22109.868351902474,4.3514696903402,357.1707642595017,12841.854630559292,34.95438349267878,267.09225986082396,2018311.9877707826,7555.609797762322,-60.44495344631446,-60.44495344631446,0.0,0.0,0.0,0.0,6.05693868068569,6.05693868068569,0.0
0.7116428571428571,1.405199237177557,-1.2666355714813986,-0.028224466740368825,366.09059088053596,-565498.573255593,0.9985911375891442,-840.5621478718662,1.0,-8585.978207333079,0.6867825333659388,-314.94209508864384,-2405940.2862430834,663.116511143772,-0.5014755899997516,-1545.73427480122,-8324.30452866778,-4127.671382281751,-22228.913559414374,4.385339941264018,356.83115710963705,12892.527837905533,35.130611301816,266.71103645751606,2037209.7137049895,7637.265520480227,-60.62913352177054,-60.62913352177054,0.0,0.0,0.0,0.0,6.075186727297159,6.075186727297159,0.0
0.7116464285714286,1.4051921851240332,-1.26661042167177,-0.0295879952642224,366.4187264645075,-566278.8214219467,0.9985950683318229,-839.8043473504372,1.0,-8656.382560237023,0.6884380015656587,-314.5017394378227,-2424478.1432727156,662.5055768353676,-0.5272965575410135,-1546.4754649917463,-8380.765166170475,-4123.773025910107,-22347.8316411087,4.419268107312134,356.48991638097465,12942.85314282541,35.30636533627393,266.32895736934915,2055387.8647239762,7716.477982965001,-60.81310495103662,-60.81310495103662,0.0,0.0,0.0,0.0,6.09339709936819,6.09339709936819,0.0
0.71165,1.4051851331412917,-1.2665852462336864,-0.031224691649129,366.73733618807603,-567044.9892619776,0.9985989581029446,-839.0490744002427,1.0,-8726.961549171214,0.6900788571507716,-314.0603502663496,-2443023.181797836,661.8916017114717,-0.5581440875072008,-1547.2166319490552,-8437.366012041453,-4119.855708935812,-22466.621554669615,4.453254468582567,356.14704875229364,12992.861999688075,35.48173428702152,265.9460288012303,2070302.3424905417,7783.671016982542,-60.996871216707184,-60.996871216707184,0.0,0.0,0.0,0.0,6.1115691461694865,6.1115691461694865,0.0
0.7116535714285714,1.40517808122933,-1.2665600522236442,-0.03241469048714407,367.0464622840066,-567796.6443893157,0.9986028062542202,-838.2800479246398,1.0,-8797.715637837722,0.6917052921377332,-313.6179347741429,-2461574.600523406,661.2745904104713,-0.5811553576887669,-1547.9577756735227,-8494.10740544588,-4115.9195080621685,-22585.28166793072,4.487299162117041,355.80256089451166,13042.560357592383,35.65673547936953,265.56225694031855,2085623.9806204713,7852.615964294152,-61.18043576214495,-61.18043576214495,0.0,0.0,0.0,0.0,6.129702195458535,6.129702195458535,0.0
0.7116571428571429,1.4051710293881483,-1.2665348380909733,-0.03373295326733228,367.34614754409,-568534.2126265373,0.9986066142561928,-837.5102882260733,1.0,-8868.645325675285,0.6933174974264644,-313.17450014076417,-2480131.6403978253,660.65455656244,-0.6065971287118564,-1548.6988961652382,-8550.989760144033,-4111.964499898996,-22703.810546889265,4.521402372867506,355.45645947007375,13091.941846761592,35.831351626805414,265.177647955695,2102198.9096814357,7926.511711064968,-61.363801991341006,-61.363801991341006,0.0,0.0,0.0,0.0,6.147795553395568,6.147795553395568,0.0
0.7116607142857142,1.4051639776177454,-1.2665096032900516,-0.035579386734411855,367.63643503640935,-569258.0033858288,0.998610383269548,-836.7489712572932,1.0,-8939.751124927145,0.6949156606560868,-312.73005352505,-2498693.5455476926,660.0315127286796,-0.6417021317875574,-1549.4399934244636,-8608.01349472605,-4107.990760958332,-22822.206769289234,4.5555642885538425,355.10875113257896,13141.001749014551,36.005570003844795,264.7922079980525,2116825.688397044,7993.289954380427,-61.54697326857445,-61.54697326857445,0.0,0.0,0.0,0.0,6.165848504441946,6.165848504441946,0.0
0.7116642857142856,1.4051569259181196,-1.266484351424581,-0.03459331029566215,367.9173681890974,-569965.8460095465,0.9986141084087391,-835.9192238906768,1.0,-9011.033558376821,0.6964999656884595,-312.2846020646795,-2517259.555630784,659.4054671312471,-0.625762587784871,-1550.1810674514884,-8665.179012938088,-4103.9983676477095,-22940.46887241189,4.589785086966467,354.75944252620195,13189.771886993922,36.17948081401596,264.405943199332,2128006.236078015,8047.254174353941,-61.72995291824975,-61.72995291824975,0.0,0.0,0.0,0.0,6.1838603112760495,6.1838603112760495,0.0
0.7116678571428571,1.4051498742892703,-1.2664591406547647,-0.031047395702302083,368.18898975005493,-570657.9709087497,0.9986177906105571,-835.0267184264142,1.0,-9082.49369914483,0.6980705968167861,-311.83815287644074,-2535828.8305152142,658.7763712305223,-0.5632723640604779,-1550.9221182437675,-8722.486843536952,-4099.987396265453,-23058.595723097296,4.6240650261756,354.4085402852886,13238.249202471969,36.353076175352776,264.0188596724862,2144804.6612653513,8122.679739871495,-61.91274786255008,-61.91274786255008,0.0,0.0,0.0,0.0,6.201830541595363,6.201830541595363,0.0
0.7116714285714285,1.4051428227311964,-1.2664339557884838,-0.031436034555071046,368.4513441431537,-571338.7053978195,0.9986214407460525,-834.2206201899907,1.0,-9154.132233443674,0.6996277379936708,-311.3907130563998,-2554400.712411149,658.1442529340969,-0.5719922968701237,-1551.6631457931326,-8779.937618064603,-4095.9579229949113,-23176.58645667625,4.658404430026427,354.056051033858,13286.369868875243,36.52617651944799,263.6309635111303,2164789.4975499315,8210.438704765556,-62.09536182183979,-62.09536182183979,0.0,0.0,0.0,0.0,6.219758430309987,6.219758430309987,0.0
0.711675,1.4051357712438963,-1.266408742775239,-0.033418540874606606,368.7044769481921,-572006.5531378344,0.998625055582568,-833.4476749282821,1.0,-9225.946023303191,0.7011714894452284,-310.94228967685,-2572973.8286027107,657.5091804256462,-0.6098350052206247,-1552.4041500992814,-8837.529174651172,-4091.910023899331,-23294.4328407942,4.692801822312819,353.70198138516093,13334.151849788126,36.69883277885291,263.2422607892595,2180228.2508922108,8281.21215072153,-62.27777661958032,-62.27777661958032,0.0,0.0,0.0,0.0,6.237641197595231,6.237641197595231,0.0
0.7116785714285714,1.40512871982737,-1.266383512105111,-0.03458106407759942,368.9484327871628,-572659.9742605946,0.9986286317616325,-832.6522639118583,1.0,-9297.931568854576,0.7027019330205475,-310.4928897874268,-2591546.4815487904,656.8711547029876,-0.6328762265839487,-1553.1451311623346,-8895.258701007075,-4087.8437749160707,-23412.124969909968,4.7272553108736775,353.3463379411824,13381.613171956766,36.8710962449093,262.85275756096166,2194981.4874524446,8349.61236496017,-62.4599730120824,-62.4599730120824,0.0,0.0,0.0,0.0,6.255475948655921,6.255475948655921,0.0
0.7116821428571428,1.4051216684816157,-1.2663582602998595,-0.035742008479530796,369.1832567834231,-573299.5570793549,0.998632171058849,-831.8532635178226,1.0,-9370.085380693487,0.7042191539140347,-310.04252041489275,-2610117.0278446125,656.2301912617021,-0.6560072149035968,-1553.886088982637,-8953.123472623784,-4083.759251852483,-23529.653218173287,4.7617630636526185,352.9891272922853,13428.740421729477,37.04292932402445,262.4624598601365,2211549.3375144233,8425.154882084604,-62.641931848429635,-62.641931848429635,0.0,0.0,0.0,0.0,6.273269843265901,6.273269843265901,0.0
0.7116857142857143,1.4051146172066322,-1.2663329908512526,-0.03773093995286558,369.4089943983539,-573925.8957894617,0.9986356752284913,-831.0700236730211,1.0,-9442.40394331943,0.7057232363139795,-309.59118856280844,-2628683.794409405,655.5862983453601,-0.6944979990203229,-1554.6270235604145,-9011.120703766968,-4079.65653038,-23647.007846918925,4.79632321270838,352.63035601670254,13475.519958121718,37.21429360291218,262.07137370022144,2227399.674358729,8498.210130850117,-62.82363407098899,-62.82363407098899,0.0,0.0,0.0,0.0,6.291034042488049,6.291034042488049,0.0
0.7116892857142857,1.4051075660024188,-1.266307693361425,-0.03807425824058441,369.6256915096172,-574537.4198544602,0.9986391408923312,-830.244909700365,1.0,-9514.88375081147,0.7072142675725056,-309.138901211214,-2647245.1700337445,654.9394985568852,-0.702818119303286,-1555.3679348958972,-9069.24769784208,-4075.535686029512,-23764.179400078934,4.83093395097482,352.2700306801388,13521.97104472748,37.38524389548605,261.67950507392493,2238582.0987268733,8553.671096975935,-63.00506071581833,-63.00506071581833,0.0,0.0,0.0,0.0,6.3087668258315475,6.3087668258315475,0.0
0.7116928571428571,1.4051005148689744,-1.2662824226447953,-0.03449744377400066,369.8333930888709,-575132.6941130869,0.9986425649679962,-829.3242574908259,1.0,-9587.52182219786,0.7086923362993994,-308.68566531644467,-2665799.408582789,654.2897470437446,-0.6386027936278412,-1556.108822988697,-9127.501784578635,-4071.39679418658,-23881.15853831623,4.865593491750888,351.9081578353579,13568.111344514353,37.55583066892773,261.28685995296553,2253101.916306974,8622.096916211389,-63.18619662423998,-63.18619662423998,0.0,0.0,0.0,0.0,6.326466764022975,6.326466764022975,0.0
0.7116964285714286,1.4050934638062975,-1.2662571926564201,-0.0335736961937414,370.0321452081625,-575716.0744276159,0.9986459580590826,-828.4618136835484,1.0,-9660.323671334158,0.7101577189248681,-308.2314878122534,-2684346.876146357,653.6370413309432,-0.6232609900710887,-1556.8496878305991,-9185.887238305026,-4067.2399300866755,-23997.954112685726,4.900304512444712,351.54474402177317,13613.880793486196,37.72588347571202,260.893444287818,2273321.694892067,8712.602218322265,-63.367072557248775,-63.367072557248775,0.0,0.0,0.0,0.0,6.344136703469523,6.344136703469523,0.0
0.7117,1.405086412814388,-1.2662319448643142,-0.03543662182144658,370.2219954275083,-576287.6970387034,0.9986493208201248,-827.6613057002484,1.0,-9733.289200981675,0.7116105778106773,-307.7763756067884,-2702886.9487448796,652.9814537406672,-0.6596971220510851,-1557.590529419128,-9244.404339842042,-4063.0651688101443,-24114.56449572598,4.935067121453002,351.1797957650146,13659.277110656449,37.89539567873175,260.499264007466,2289938.101087076,8789.574168460782,-63.547687475586486,-63.547687475586486,0.0,0.0,0.0,0.0,6.361776493121468,6.361776493121468,0.0
0.7117035714285714,1.405079361893244,-1.2662066766048696,-0.03674782519516384,370.40299058067626,-576845.431914691,0.9986526485502959,-826.8443857655041,1.0,-9806.415474931046,0.7130510045588422,-307.32033558295427,-2721418.1342992825,652.3229987695652,-0.6860249883530678,-1558.331347754636,-9303.050796893363,-4058.8725852784373,-24230.98135924081,4.969879775760089,350.81331957660353,13704.329081496437,38.064449143596335,260.1043250191614,2304590.0018276423,8859.252522359508,-63.72802554240798,-63.72802554240798,0.0,0.0,0.0,0.0,6.379384597311194,6.379384597311194,0.0
0.7117071428571429,1.405072311042865,-1.2661813880965422,-0.03793591347530878,370.5751776549336,-577389.6129965963,0.9986559423363425,-826.0211190941636,1.0,-9879.69953934163,0.714479090058953,-306.86337459865126,-2739938.9246719233,651.6616879108685,-0.7101814434313861,-1559.0721428373088,-9361.824285793571,-4054.6622542486894,-24347.196335273733,5.0047409151678295,350.44532195348665,13749.027950870719,38.233018932110554,259.7086332081892,2320552.09390611,8934.213532335274,-63.90807099678159,-63.90807099678159,0.0,0.0,0.0,0.0,6.396959488140368,6.396959488140368,0.0
0.7117107142857142,1.4050652602632492,-1.2661560811758494,-0.03958951014882928,370.73860385365765,-577920.6777435967,0.9986592034867127,-825.2054856985199,1.0,-9953.13842730617,0.7158949247703309,-306.4054994865168,-2758447.8055019695,650.9975309683185,-0.7431967089287604,-1559.812914667459,-9420.722462298369,-4050.434250310259,-24463.20104491219,5.039648969252701,350.0758093777383,13793.363330217999,38.40107531204678,259.31219443765224,2336916.02119631,9010.978886161432,-64.0878081539521,-64.0878081539521,0.0,0.0,0.0,0.0,6.414499645507823,6.414499645507823,0.0
0.7117142857142856,1.405058209554396,-1.2661307483410422,-0.0409299154509597,370.89331678726654,-578438.17361408,0.9986624312453822,-824.3790362270933,1.0,-10026.729182802852,0.7172986009400916,-305.946717053601,-2776943.3091152464,650.3305473187706,-0.7704841562506515,-1560.5536632453277,-9479.743048654735,-4046.1886478791507,-24578.987324608377,5.0746024131849845,349.70478831608074,13837.338763841448,38.56862824347308,258.9150145481997,2349703.6584745506,9074.192732931018,-64.26722140573554,-64.26722140573554,0.0,0.0,0.0,0.0,6.432003557150395,6.432003557150395,0.0
0.7117178571428571,1.4050511589163042,-1.2661054177116833,-0.03857324600508605,371.0393635649496,-578939.9570068506,0.9986656209346161,-823.4608326277521,1.0,-10100.468761794984,0.7186902033732132,-305.4870340811944,-2795423.8058294486,649.6607197243,-0.7281192367145791,-1561.2943885711854,-9538.883474360135,-4041.9255211951986,-24694.546295018252,5.109599537528357,349.33226521964144,13880.983957330945,38.73576259439798,258.51709935788574,2361826.938901799,9135.056936922902,-64.44629522075513,-64.44629522075513,0.0,0.0,0.0,0.0,6.4494697186681975,6.4494697186681975,0.0
0.7117214285714285,1.4050441083489729,-1.2660801323857456,-0.036017019269166894,371.1767912987997,-579428.359516137,0.9986687781868746,-822.5339564738003,1.0,-10174.359299263007,0.7200699172067805,-305.02645732562434,-2813888.7949251644,648.9880156774956,-0.681729099127368,-1562.0350906396177,-9598.14515903702,-4037.6449443170286,-24809.879437687887,5.144641190555328,348.9582465235209,13924.264804675051,38.902380709998525,258.11845466191073,2380530.870826059,9221.629485923939,-64.6250418972204,-64.6250418972204,0.0,0.0,0.0,0.0,6.4668992621287344,6.4668992621287344,0.0
0.7117249999999999,1.405037057852401,-1.266054852536889,-0.03725954595935832,371.3056487087897,-579906.0307010399,0.9986719093744458,-821.694487117031,1.0,-10248.4036085711,0.7214379499612794,-304.5649935170037,-2832338.2857901156,648.3124877491479,-0.7071700251895154,-1562.775769444752,-9657.530580451245,-4033.3469911183324,-24924.990948724437,5.179728896028717,348.58273864647146,13967.143227678187,39.06837309819721,257.7190862324301,2399152.88463251,9308.17814316933,-64.80347614616937,-64.80347614616937,0.0,0.0,0.0,0.0,6.484293561882758,6.484293561882758,0.0
0.7117285714285714,1.4050300074265871,-1.2660295459222897,-0.038974078736004,371.42598464008483,-580370.8656581616,0.9986750099401465,-820.8630444520561,1.0,-10322.598872569437,0.7227943939950109,-304.10264935770624,-2850770.9701727186,647.6341805580798,-0.7417180107530659,-1563.516424986878,-9717.03772772198,-4029.031735283902,-25039.873423952933,5.214861303937712,348.20574799055584,14009.649164225159,39.23382510217819,257.3189998183572,2413935.503581994,9380.100910877174,-64.98158272196065,-64.98158272196065,0.0,0.0,0.0,0.0,6.501651162426562,6.501651162426562,0.0
0.7117321428571428,1.405022957071531,-1.266004221148293,-0.04015217823751982,371.5378472783698,-580822.267420718,0.9986780787673207,-820.015366106213,1.0,-10396.942172310679,0.7241393331585515,-303.6394315233365,-2869185.3452921226,646.9530968076225,-0.7662017603093071,-1564.2570572661937,-9776.664250411592,-4024.69925030544,-25154.518623612355,5.250036849760475,347.8272809407886,14051.788697426118,39.398753828105235,256.9182011451721,2428978.3915166114,9453.286931365026,-65.15934644225047,-65.15934644225047,0.0,0.0,0.0,0.0,6.518970614728225,6.518970614728225,0.0
0.7117357142857142,1.4050159067872303,-1.2659788759341661,-0.04143771663527218,371.6412851964064,-581260.710364304,0.9986811171902548,-819.1669601780374,1.0,-10471.430604982412,0.7254728533416197,-303.1753466625084,-2887579.9612021837,646.269250321819,-0.7928577039360287,-1564.9976662830727,-9836.40788018221,-4020.3496094784387,-25268.91856246912,5.285254024399949,347.44734386486687,14093.551200886679,39.563128340874876,256.5166959147365,2445477.2362251743,9532.403771261836,-65.3367522000932,-65.3367522000932,0.0,0.0,0.0,0.0,6.536250477374601,6.536250477374601,0.0
0.7117392857142857,1.4050088565736851,-1.2659535107709015,-0.04333838777316146,371.73634713562734,-581686.5795989349,0.9986841263207196,-818.3301915356559,1.0,-10546.061256057295,0.7267950397335655,-302.7104013966264,-2905953.358702975,645.5826520563036,-0.8314418051165796,-1565.738252037696,-9896.266321457306,-4015.9828858975584,-25383.065227878258,5.320511304222162,347.0659431127732,14134.927401944791,39.72692144660211,256.11448980511364,2460103.7992910654,9604.484645414024,-65.51378496428879,-65.51378496428879,0.0,0.0,0.0,0.0,6.553489316606757,6.553489316606757,0.0
0.7117428571428571,1.405001806430894,-1.2659281259938067,-0.04258223624967172,371.8230818541913,-582097.8215343903,0.9986871017625518,-817.4255158615513,1.0,-10620.831199343587,0.7281059772696472,-302.2446023196775,-2924304.085349761,644.8933130951406,-0.8191085479428059,-1566.4788145303708,-9956.23727021346,-4011.5991524537862,-25496.95062859259,5.355807163085275,346.68308501653223,14175.947104547859,39.89021852298289,255.7115884703954,2470701.1155700735,9661.061584104214,-65.69042977960623,-65.69042977960623,0.0,0.0,0.0,0.0,6.570685706343141,6.570685706343141,0.0
0.7117464285714286,1.4049947563588558,-1.2659027807358016,-0.03894792528811308,371.9015372956235,-582494.3556883916,0.9986900435400434,-816.4469947785027,1.0,-10695.739487333842,0.7294057781498889,-301.7779559984765,-2942630.889229282,644.2011846474109,-0.751182313933255,-1567.2193537590508,-10016.319592812937,-4007.198481830529,-25610.569809247154,5.391140824536344,346.29877588987443,14216.610557812144,40.05301995734784,255.3079975405343,2486971.674328734,9740.064511439314,-65.86668273116788,-65.86668273116788,0.0,0.0,0.0,0.0,6.587839256484017,6.587839256484017,0.0
0.71175,1.4049877063575693,-1.265877464399518,-0.03915222971883736,371.9717627345554,-582880.569208659,0.9986929617514543,-815.5585200366353,1.0,-10770.791097352774,0.7306946722065236,-301.3104689732391,-2960934.1943961107,643.5062890357942,-0.7571116271631277,-1567.9598697153592,-10076.517293527315,-4002.7809465002715,-25723.930955537595,5.426514790430551,345.9130220279493,14256.853220257373,40.21513881343686,254.90372262118112,2507119.3747435855,9834.554180860196,-66.0425697740477,-66.0425697740477,0.0,0.0,0.0,0.0,6.604952379774446,6.604952379774446,0.0
0.7117535714285714,1.4049806564270335,-1.2658521207004474,-0.041147580166096986,372.0338084018922,-583255.1984162033,0.9986958538059102,-814.7106243255917,1.0,-10845.984033118302,0.7319727643536786,-300.84214775465244,-2979213.0298164166,642.8086949080649,-0.797782501617989,-1568.7003623987334,-10136.829179149287,-3998.346618721011,-25837.02894734332,5.461928244632291,345.5258297070195,14296.693781568216,40.37662817766984,254.49876929352868,2522423.0613349597,9910.336971636581,-66.21807993056291,-66.21807993056291,0.0,0.0,0.0,0.0,6.622024026859364,6.622024026859364,0.0
0.7117571428571429,1.404973606567248,-1.2658267591772543,-0.04232326304267531,372.08772340985587,-583616.6220776547,0.9986987162772559,-813.8394170896212,1.0,-10921.315407162421,0.733240132585408,-300.3729988250551,-2997465.9325107182,642.1084038550307,-0.8227170027634474,-1569.4408318093824,-10197.252914294442,-3993.8955705329586,-25949.8557833822,5.497379644786098,345.13720518417784,14336.155469348272,40.53755449719765,254.0931431141606,2536786.188934402,9982.68613117064,-66.39319844560328,-66.39319844560328,0.0,0.0,0.0,0.0,6.63905279471264,6.63905279471264,0.0
0.7117607142857143,1.404966556778211,-1.2658013765047456,-0.04348171745627383,372.1335571546712,-583965.4160835686,0.9987015506681688,-812.9645538841058,1.0,-10996.782351609658,0.7344968571824236,-299.90302863841856,-3015691.502214737,641.4054305106426,-0.8474291986294263,-1570.1812779476668,-10257.78626537077,-3989.4278737557993,-26062.403764989667,5.532867516277097,344.7471546971114,14375.226239159903,40.69788218205808,253.68684961490638,2553035.6906848773,10062.728942041556,-66.56791063943865,-66.56791063943865,0.0,0.0,0.0,0.0,6.656037287929351,6.656037287929351,0.0
0.7117642857142856,1.4049595070599217,-1.2657759762997842,-0.04544789756769774,372.17135914845863,-584302.1688252806,0.9987043584835251,-812.1064461900469,1.0,-11072.381981981876,0.7357430169614048,-299.43224362019066,-3033888.309931119,640.6997824310477,-0.8880351573855562,-1570.9217008138558,-10318.426938154142,-3984.9435999851476,-26174.66508216755,5.568390348677735,344.3556844637982,14413.893696561683,40.8575744408163,253.2798943027136,2568695.973791908,10140.728702404895,-66.74220190800565,-66.74220190800565,0.0,0.0,0.0,0.0,6.672976118754924,6.672976118754924,0.0
0.7117678571428571,1.4049524574123788,-1.2657505476055972,-0.04596986923274926,372.20117911805147,-584625.497665172,0.9987071368719186,-811.2094288096885,1.0,-11148.111435083048,0.7369786932343066,-298.9606501670738,-3052055.0071122483,639.9914818896364,-0.900540906041754,-1571.6621004082417,-10379.17275578325,-3980.442820588989,-26286.632265726177,5.603946709084123,343.9628006822012,14452.17797593468,41.01668886074554,252.87228265946334,2579430.0068337074,10199.524864590872,-66.9160577231745,-66.9160577231745,0.0,0.0,0.0,0.0,6.689867907112571,6.689867907112571,0.0
0.7117714285714285,1.4049454078355814,-1.2657251424402842,-0.04250633432917539,372.22306579326056,-584933.8399311071,0.998709882550044,-810.2100359780039,1.0,-11223.968120606458,0.73820396222481,-298.48825464704043,-3070190.024706584,639.2804874614164,-0.8348178377582572,-1572.402476730672,-10440.021317711382,-3975.925606705822,-26398.297322672774,5.639535025039009,343.56850953011036,14490.102250619415,41.17529211404487,252.46402014191622,2593120.7277657655,10270.248656771404,-67.08946574416802,-67.08946574416802,0.0,0.0,0.0,0.0,6.7067114788182565,6.7067114788182565,0.0
0.7117749999999999,1.4049383583295283,-1.2656997793926954,-0.041342415729587856,372.23706860982537,-585231.2777530893,0.9987126047020881,-809.2641545309178,1.0,-11299.956726081798,0.7394190290812876,-298.0150634005255,-3088293.6284756553,638.566791642958,-0.8140218065131499,-1573.142829773142,-10500.976199155346,-3971.392029240969,-26509.667391478113,5.6751575256962905,343.17281716482466,14527.604892513764,41.33320404726639,252.05511218153853,2613089.345823817,10366.13488255609,-67.2624501634399,-67.2624501634399,0.0,0.0,0.0,0.0,6.723509089552053,6.723509089552053,0.0
0.7117785714285714,1.4049313088942188,-1.2656744014233867,-0.04314452216047471,372.2432383001725,-585518.2936322427,0.9987153046035463,-808.3889177207016,1.0,-11376.077290440684,0.7406240267927066,-297.54108273781407,-3106365.370172766,637.8504632064511,-0.8516522914854374,-1573.8831595327852,-10562.037836317797,-3966.842158863812,-26620.74164708501,5.710814441558158,342.7757297229166,14564.678835091116,41.49040282654931,251.64556418439582,2629627.084229591,10448.725560442246,-67.4350105088048,-67.4350105088048,0.0,0.0,0.0,0.0,6.740260679386146,6.740260679386146,0.0
0.7117821428571428,1.4049242595296516,-1.2656490021638842,-0.044499641056972905,372.2416247656709,-585792.7678154726,0.9987179777768165,-807.4994160256088,1.0,-11452.32687209318,0.7418190287285049,-297.0663189393046,-3124403.887656802,637.1315196184847,-0.880610636447241,-1574.623466009922,-10623.203959111168,-3962.276066005342,-26731.51245366627,5.746504283992571,342.37725332002094,14601.356612907224,41.64698215584812,251.23538153103948,2643807.463799896,10522.229043968318,-67.60713180336745,-67.60713180336745,0.0,0.0,0.0,0.0,6.756964827203248,6.756964827203248,0.0
0.7117857142857142,1.4049172102358254,-1.2656235830242313,-0.045697511725961704,372.23227786851885,-586054.9469066404,0.9987206249396606,-806.6028530463095,1.0,-11528.702507872844,0.743004106668222,-296.5907782559668,-3142407.7792338,636.4099704561737,-0.906577580104887,-1575.3637492048765,-10684.472225458765,-3957.6938208552992,-26841.97203797593,5.782225521471769,341.97739405059065,14637.631605669623,41.802921655997515,250.8245695763984,2659201.5763627216,10600.838491554783,-67.77879914968207,-67.77879914968207,0.0,0.0,0.0,0.0,6.773620119911897,6.773620119911897,0.0
0.7117892857142857,1.4049101610127397,-1.2655981450849827,-0.0472799994803097,372.21524745680176,-586305.2370769193,0.9987232471482975,-805.7128508891107,1.0,-11605.201227170923,0.7441793322641793,-296.1144669092139,-3160375.6480716947,635.6858255951516,-0.9403057073783866,-1576.104009117879,-10745.840289342637,-3953.095493359328,-26952.112661609495,5.8179766228479535,341.57615798765346,14673.494521228478,41.9581930064301,250.41313364967547,2675170.8842751565,10682.029461296881,-67.94999773001189,-67.94999773001189,0.0,0.0,0.0,0.0,6.7902251524726225,6.7902251524726225,0.0
0.7117928571428571,1.4049031118603927,-1.2655726823490376,-0.048740766396292656,372.19058355439125,-586543.3777870352,0.9987258440075872,-804.816721888949,1.0,-11681.820070039126,0.7453447783297349,-295.63739109078216,-3178306.1416060044,634.9591019787965,-0.9717561329031429,-1576.8442457493106,-10807.305864402791,-3948.4811532170484,-27061.926780453014,5.853756097684333,341.1735511826453,14708.947379378797,42.11280088503826,250.0010790542493,2687676.6496565402,10749.66019644389,-68.12071280652606,-68.12071280652606,0.0,0.0,0.0,0.0,6.806778527918489,6.806778527918489,0.0
0.7117964285714286,1.404896062778784,-1.2655472176260985,-0.0466570423730559,372.15833573138093,-586767.2597041326,0.998728411094278,-803.8278676894612,1.0,-11758.556008038015,0.7465005121534761,-295.1595569626143,-3196197.763887925,634.2297876106541,-0.9325014719088807,-1577.5844590994109,-10868.866399645733,-3943.8508698788787,-27171.406232862115,5.889562290598627,340.76957966514016,14744.023269230822,42.26684114151019,249.58841106758086,2698741.3784928517,10811.767175163897,-68.29092972158287,-68.29092972158287,0.0,0.0,0.0,0.0,6.823278857383677,6.823278857383677,0.0
0.7118,1.4048890137679124,-1.265521797880205,-0.0438499539077668,372.1185531258008,-586978.7384690609,0.998730952562268,-802.8171485368348,1.0,-11835.410270746905,0.747646665258656,-294.6809706576993,-3214049.884745083,633.4978463736568,-0.8785427818542106,-1578.3246491634347,-10930.522525621705,-3939.2047125442473,-27280.55084631798,5.925395565110923,340.36424944269595,14778.692785633977,42.42022644808391,249.17513494112464,2716702.075094268,10901.78159470516,-68.46065527119936,-68.46065527119936,0.0,0.0,0.0,0.0,6.839726753840864,6.839726753840864,0.0
0.7118035714285714,1.4048819648277766,-1.2654963880470398,-0.04495002365169398,372.0712862977072,-587180.8088281492,0.9987334750601432,-801.9021596214717,1.0,-11912.386060680541,0.7487834099329181,-294.20163827932964,-3231862.7323464295,632.7633243548773,-0.9027747313447341,-1579.0648159349082,-10992.277033050888,-3934.5427501589843,-27389.365826964447,5.961257652076018,339.9575665006318,14812.909622084066,42.57281932142709,248.7612559002451,2735319.661202456,10994.76238793125,-68.62990492667439,-68.62990492667439,0.0,0.0,0.0,0.0,6.856123652826206,6.856123652826206,0.0
0.7118071428571429,1.4048749159583755,-1.2654709504694572,-0.0467417637719052,372.0165858398042,-587371.4932074652,0.998735974489396,-801.0017336797582,1.0,-11989.48106595091,0.7499108287514746,-293.7215658994276,-3249635.287474907,632.0262700341076,-0.9410322833475594,-1579.8049594141048,-11054.128381459564,-3929.8650514131427,-27497.845567115404,5.997147537477765,339.5495368018417,14846.706006197712,42.72471288294563,248.34677914413783,2749537.388938231,11070.36318986617,-68.79866673790025,-68.79866673790025,0.0,0.0,0.0,0.0,6.872468440373338,6.872468440373338,0.0
0.7118107142857143,1.4048678671597084,-1.2654454950937455,-0.047906644097963635,371.95450153730155,-587550.0198686806,0.9987384493263346,-800.0823309261594,1.0,-12066.692839008669,0.7510289946427955,-293.24075955970994,-3267366.2722357525,631.2866841824189,-0.9668060138448227,-1580.5450796013115,-11116.074571620053,-3925.1716847387656,-27605.983351625644,6.033063918951337,339.14016628660386,14880.093360535204,42.875939330525036,247.93170984575477,2763826.9552695374,11146.533153338843,-68.96692867642321,-68.96692867642321,0.0,0.0,0.0,0.0,6.888759995718935,6.888759995718935,0.0
0.7118142857142857,1.404860818431774,-1.2654200190321834,-0.04916303653649834,371.8850833199445,-587716.9057159504,0.9987409008293738,-799.1622410347028,1.0,-12144.01895630266,0.7521379824383864,-292.75922527160697,-3285054.4800600065,630.5445803652991,-0.9945363035811755,-1581.2851764968468,-11178.113718525627,-3920.4627183079083,-27713.772788012524,6.069005568805391,338.7294608724113,14913.061311192998,43.02646664622501,247.516053151735,2779785.566736551,11229.728396563662,-69.13467877699497,-69.13467877699497,0.0,0.0,0.0,0.0,6.90499720448846,6.90499720448846,0.0
0.7118178571428571,1.404853769774571,-1.2653945236496134,-0.05110858306835553,371.8083811334934,-587872.5896603656,0.9987433300734198,-798.2568274440677,1.0,-12221.456986981588,0.7532378658316257,-292.27696901619555,-3302698.6893748487,629.79996786019,-1.0363543500239756,-1582.0252501010295,-11240.24389935899,-3915.738220030752,-27821.207427869263,6.104971237748057,338.3174264538118,14945.600724824657,43.176266299616934,247.0998141823526,2793972.083157045,11306.058616787035,-69.30190513772345,-69.30190513772345,0.0,0.0,0.0,0.0,6.921178958711408,6.921178958711408,0.0
0.7118214285714285,1.404846721188099,-1.2653690063679361,-0.05057867315326803,371.72444487655247,-588015.1422455916,0.9987457330809401,-797.2848375349816,1.0,-12299.004503900476,0.7543287187492236,-291.7939967440616,-3320297.7112438288,629.0528598290568,-1.028036354322707,-1582.7653004141573,-11302.463224107609,-3910.9982575527665,-27928.28094220437,6.1409596995525035,337.9040689021639,14977.743577412366,43.32543125649367,246.68299803140394,2803574.589363685,11364.090467267535,-69.46859592026522,-69.46859592026522,0.0,0.0,0.0,0.0,6.937304156840931,6.937304156840931,0.0
0.7118249999999999,1.4048396726723564,-1.2653435267646875,-0.04688240935348631,371.6333233749224,-588144.1961640303,0.9987481091661717,-796.22798950984,1.0,-12376.659206198072,0.7554106075098121,-291.31031437567896,-3337850.0744951325,628.3032076525313,-0.9551499933858775,-1583.5053274346296,-11364.769422445663,-3906.24289825422,-28034.986101780414,6.17696949012306,337.48939406559714,15009.494641615995,43.47397431013382,246.26560976622983,2818815.54110083,11445.241088134959,-69.63474064084562,-69.63474064084562,0.0,0.0,0.0,0.0,6.953371814089294,6.953371814089294,0.0
0.7118285714285714,1.404832624227342,-1.2653180789270388,-0.04689273297159957,371.5350666435918,-588264.1349685758,0.9987504677901229,-795.263323307332,1.0,-12454.421183229773,0.756483642933934,-290.8259278021935,-3355355.1853303933,627.5510279062714,-0.9575949861615954,-1584.2453311539095,-11427.16261072905,-3901.4722092474235,-28141.321599375067,6.213000654643495,337.07340776877555,15040.7789908288,43.62167185002746,245.8476544276115,2838649.410311292,11545.375811151442,-69.80033968372607,-69.80033968372607,0.0,0.0,0.0,0.0,6.969381926400175,6.969381926400175,0.0
0.7118321428571428,1.4048255758530557,-1.2652926047682167,-0.04889571588637409,371.4297253042335,-588373.9404248751,0.9987528069491894,-794.3471655882195,1.0,-12532.291331041417,0.757547953434638,-290.340842882666,-3372812.9225438084,626.7963887909118,-1.0008200086547017,-1584.9853115710816,-11489.643952437122,-3896.68625737476,-28247.288706550822,6.249053898832833,336.656115812731,15071.616794359687,43.76858160730237,245.42913702973698,2853407.1669618804,11625.195656696427,-69.96539671452513,-69.96539671452513,0.0,0.0,0.0,0.0,6.9853348395793375,6.9853348395793375,0.0
0.7118357142857142,1.4048185275494949,-1.2652671124932557,-0.050084863934642954,371.3173489275625,-588471.9139072683,0.9987551231526101,-793.4070286800297,1.0,-12610.270364667464,0.7586036529143175,-289.8550654452559,-3390222.797248998,626.0392925914322,-1.0275305686132468,-1585.7252686866634,-11552.213957243865,-3891.8851092082255,-28352.887077231044,6.285129514781392,336.23752397482275,15102.039573259395,43.914795334949666,245.0100625601575,2866938.4186940864,11700.30887171283,-70.12991510098459,-70.12991510098459,0.0,0.0,0.0,0.0,7.001230877912292,7.001230877912292,0.0
0.7118392857142857,1.4048114793166595,-1.26524159920204,-0.051240661186511716,371.1979873005425,-588558.6086467641,0.9987574176954844,-792.4630881030755,1.0,-12688.35904294333,0.7596508554796814,-289.3686012873705,-3407584.3886834006,625.2797525641556,-1.0536596496575312,-1586.4652025008627,-11614.873255907894,-3887.068831046227,-28458.116659868832,6.321227870361422,335.8176380084658,15132.039679570382,44.060288581950275,244.59043597974923,2882421.39188198,11783.68561264852,-70.29389817130004,-70.29389817130004,0.0,0.0,0.0,0.0,7.0170703624636275,7.0170703624636275,0.0
0.7118428571428571,1.404804431154549,-1.2652160683588196,-0.05318155138832026,371.0716898540869,-588634.5987951113,0.9987596918988769,-791.5366902127582,1.0,-12766.558118344805,0.7606896722054868,-288.8814561756189,-3424897.2459647497,624.5177756250897,-1.0960701107642254,-1587.205113013963,-11677.622424031046,-3882.2374889129505,-28562.977263761517,6.357349298009927,335.39646364307714,15161.608899004354,44.2050350630383,244.17026222267842,2897459.76481681,11865.554667391823,-70.45734921385872,-70.45734921385872,0.0,0.0,0.0,0.0,7.03285361105337,7.03285361105337,0.0
0.7118464285714285,1.4047973830631608,-1.2651905087891169,-0.05387407392615273,370.9385062915857,-588698.6777021857,0.9987619433460281,-790.5748488875797,1.0,-12844.86839516453,0.7617202150316379,-288.3936358457716,-3442161.0181102185,623.7533830969553,-1.1128670017904099,-1587.945000226421,-11740.462195014772,-3877.3911485571043,-28667.46908011844,6.393494228918969,334.97400658396793,15190.770781793472,44.34910316387669,243.74954619637117,2907371.9046600196,11926.701815361588,-70.620271477026,-70.620271477026,0.0,0.0,0.0,0.0,7.048580938238352,7.048580938238352,0.0
0.71185,1.4047903350424948,-1.26516496937847,-0.05054243787904511,370.79848533209787,-588749.1810456014,0.9987641686190271,-789.5046190242031,1.0,-12923.290381300843,0.7627425811817666,-287.9051460027759,-3459374.979126545,622.9865370559777,-1.0464057878779343,-1588.6848641382137,-11803.392585337286,-3872.529875449604,-28771.59054648257,6.429662642213229,334.5502725121484,15219.556409592633,44.492584104949344,243.32829278148745,2919784.4748427896,11998.362842136903,-70.78266731874339,-70.78266731874339,0.0,0.0,0.0,0.0,7.064252574015512,7.064252574015512,0.0
0.7118535714285714,1.40478328709255,-1.2651394732883625,-0.04913903325783053,370.65167594296975,-588789.8844334168,0.9987663757321193,-788.4815546327834,1.0,-13001.81994291577,0.7637568054512309,-287.4159923220724,-3476537.448454787,622.2172250680842,-1.0196363851077586,-1589.4247047416206,-11866.410141866048,-3867.6537347827907,-28875.331663548917,6.465852334159528,334.1252670842603,15247.89543776354,44.63526599117779,242.9065068318982,2939017.503339086,12098.377417555197,-70.94451681125679,-70.94451681125679,0.0,0.0,0.0,0.0,7.079866617665168,7.079866617665168,0.0
0.7118571428571429,1.4047762392133254,-1.26511396530491,-0.050866815441054314,370.49812824328876,-588821.5956484955,0.9987685665158437,-787.5376911425933,1.0,-13080.456025755466,0.7647629767495481,-286.9261804473627,-3493647.887549243,621.4455117669435,-1.057845828026931,-1590.1645220333423,-11929.514481388896,-3862.762791469066,-28978.68995346269,6.502063035675474,333.6989959324614,15275.773980458896,44.77710501577481,242.4841931746676,2955095.8088306515,12185.75646499572,-71.10581388236346,-71.10581388236346,0.0,0.0,0.0,0.0,7.0954224915799315,7.0954224915799315,0.0
0.7118607142857143,1.4047691914048193,-1.2650884352817213,-0.052271108145163225,370.3378916281713,-588842.2268457179,0.9987707367053543,-786.5825009602668,1.0,-13159.199762589633,0.7657612063462704,-286.4357159907321,-3510706.044377354,620.6714172567071,-1.0894644520119376,-1590.9043160137642,-11992.706589749057,-3857.8571101397,-29081.66627079686,6.538295338715581,333.27146466432487,15303.231929261923,44.918218484968484,242.06135661003867,2968418.6711500343,12262.083677301547,-71.266563189821,-71.266563189821,0.0,0.0,0.0,0.0,7.11092064420145,7.11092064420145,0.0
0.7118642857142857,1.4047621436670312,-1.2650628856161164,-0.05348350031951554,370.17101510144016,-588851.9234928866,0.9987728867013004,-785.6194158558792,1.0,-13238.052270238668,0.766751601491149,-285.94460453329174,-3527711.5961099677,619.8949492545531,-1.117195507929069,-1591.6440866831529,-12055.987338514002,-3852.9367551432474,-29184.261182977123,6.574549762338907,332.8426788627048,15330.269141818048,45.05860400535255,241.6380019114227,2982810.0872267038,12343.126601080377,-71.42676934111341,-71.42676934111341,0.0,0.0,0.0,0.0,7.1263615197573245,7.1263615197573245,0.0
0.7118678571428572,1.4047550959999595,-1.2650373168143634,-0.05498850811335387,369.9975476648023,-588851.0492987301,0.9987750173553416,-784.6612459265823,1.0,-13317.014688247098,0.7677342680474208,-285.4528516251656,-3544664.2406645073,619.1161172951084,-1.151155058981858,-1592.3838340419256,-12119.3576325558,-3848.0017905450527,-29286.475329228142,6.610826845556078,332.4126440856948,15356.881536603656,45.19824729845326,241.2141338253926,2997981.20347951,12427.712845034424,-71.58643689319422,-71.58643689319422,0.0,0.0,0.0,0.0,7.141745558237872,7.141745558237872,0.0
0.7118714285714285,1.4047480484036043,-1.2650117244033017,-0.056564695171573476,369.8175382623374,-588839.530001425,0.9987771286082594,-783.7021794751431,1.0,-13396.088181580923,0.7687093109881298,-284.96046278549613,-3561563.7151691103,618.3349357379549,-1.1867369523204252,-1593.1235580902878,-12182.818438507129,-3843.052280125541,-29388.309488426323,6.647127165146527,331.9813658664835,15383.073012952987,45.33715802934482,240.78975707169337,3009859.6657663235,12498.948927936166,-71.74557035231965,-71.74557035231965,0.0,0.0,0.0,0.0,7.157073195381592,7.157073195381592,0.0
0.7118749999999999,1.4047410008779633,-1.264986125882415,-0.05474933672320503,369.6310353549893,-588815.2897352475,0.9987792162339036,-782.6501308599052,1.0,-13475.2738798659,0.7696768298375672,-284.4674435023804,-3578409.64077128,617.5513974218205,-1.1511439313130787,-1593.8632588287333,-12246.37051100588,-3838.088287379571,-29489.763918482327,6.683451163812666,331.54884971329903,15408.883809888272,45.4754554968682,240.3648763431902,3019485.753763554,12561.092264480303,-71.90417417379388,-71.90417417379388,0.0,0.0,0.0,0.0,7.172344862652189,7.172344862652189,0.0
0.7118785714285714,1.404733953423036,-1.2649605719597155,-0.051713763678378655,369.43808682284583,-588779.7376152899,0.9987812832051719,-781.5623766450864,1.0,-13554.571354006815,0.7706368973437964,-283.97379923376644,-3595201.0903409035,616.7654628403197,-1.0896655881230042,-1594.602936252998,-12310.013087739113,-3833.1098755154985,-29590.835223980426,6.719798332157353,331.11510110933216,15434.28886335868,45.61306238117595,239.93949630595202,3036276.003544938,12653.340157792602,-72.06224581714469,-72.06224581714469,0.0,0.0,0.0,0.0,7.187560307431397,7.187560307431397,0.0
0.7118821428571428,1.4047269060388208,-1.2649350320585255,-0.05266597221293523,369.2387416652495,-588736.1484294978,0.998783336402756,-780.5778516473823,1.0,-13633.978296039193,0.7715895722867973,-283.4795354070904,-3611937.145166138,615.9771718548062,-1.1121108865281857,-1595.342590356163,-12373.744603502702,-3828.117107454467,-29691.51810168,6.756167658471552,330.68012551267515,15459.22750046604,45.74979325261409,239.51362159920706,3054508.8425743035,12751.965038813541,-72.21977319918699,-72.21977319918699,0.0,0.0,0.0,0.0,7.202718366778996,7.202718366778996,0.0
0.7118857142857142,1.4047198587253171,-1.264909463809018,-0.05452348428281084,369.0330489956522,-588682.6806587542,0.99878537212996,-779.6147625606845,1.0,-13713.494035564081,0.7725349357926866,-282.9846574175024,-3628617.3545244555,615.1865756052736,-1.1537909321329918,-1596.0822211383777,-12437.56489474308,-3823.110045828882,-29791.810637942308,6.792559011071625,330.2439283561944,15483.734516766148,45.88575076561501,239.08725683536764,3067825.246584211,12830.404262991211,-72.37675170929867,-72.37675170929867,0.0,0.0,0.0,0.0,7.217818626201904,7.217818626201904,0.0
0.7118892857142857,1.404712811482524,-1.264883877943206,-0.05568368313930705,368.8210568480594,-588618.4101273101,0.9987873885491456,-778.6302796524158,1.0,-13793.117811730252,0.7734730594537731,-282.4891706291596,-3645240.959147993,614.3936733908862,-1.1808415744921206,-1596.8218285999938,-12501.473277046689,-3818.088752982323,-29891.70968225654,6.828971932333427,329.8065150475226,15507.827526251205,46.020985998462294,238.66040660004566,3081009.6171315303,12908.596782405468,-72.53317688214327,-72.53317688214327,0.0,0.0,0.0,0.0,7.232860685980015,7.232860685980015,0.0
0.7118928571428571,1.40470576431044,-1.2648582712024667,-0.05691485861083834,368.60281343106277,-588543.8729558797,0.9987893868462318,-777.6449501964684,1.0,-13872.848904602646,0.7744040164210151,-281.9930803752614,-3661807.288812716,613.598478091662,-1.2094951820410165,-1597.5614127414174,-12565.469217474434,-3813.053290968709,-29991.21246302417,6.865406060297909,329.36789096898957,15531.497462151481,46.15546927315326,238.23307545207095,3096057.325242334,12994.917209930894,-72.68904426448933,-72.68904426448933,0.0,0.0,0.0,0.0,7.2478441480160924,7.2478441480160924,0.0
0.7118964285714285,1.4046987172090644,-1.2648326456717018,-0.05889103644759075,368.3783667286329,-588459.5448415803,0.9987913680695625,-776.6769514535582,1.0,-13952.68658752881,0.7753278781095011,-281.49639195806964,-3678315.6482302365,612.8009973473731,-1.2541143002996133,-1598.3009735629348,-12629.552131789562,-3808.003721551241,-30090.31610120979,6.901861001583291,328.92806147753384,15554.736222032745,46.28917366357066,237.805267923514,3109460.9825378023,13074.660643219675,-72.84434941521727,-72.84434941521727,0.0,0.0,0.0,0.0,7.262768615837196,7.262768615837196,0.0
0.7119,1.4046916701783958,-1.2648069963637383,-0.05857166203128372,368.14776464879793,-588363.6260204363,0.998793328605731,-775.6443551306443,1.0,-14032.630153483411,0.7762447162571869,-280.9991106489341,-3694765.3991923756,612.001245605737,-1.2499123658634081,-1599.0405110649608,-12693.721512851458,-3802.9401062023603,-30189.017916773348,6.93833641175072,328.4870319046996,15577.578305293297,46.4222017684176,237.37698851971058,3117807.482154328,13133.413329603096,-72.9990879052607,-72.9990879052607,0.0,0.0,0.0,0.0,7.277633694590094,7.277633694590094,0.0
0.7119035714285714,1.4046846232184336,-1.2647813826614973,-0.054856251347274565,367.91105399662945,-588255.510598354,0.9987952672416478,-774.5169904808389,1.0,-14112.678853274052,0.7771545923730104,-280.5012416886028,-3711155.532645499,611.1991750294834,-1.1730507942489456,-1599.780025246207,-12757.976253258785,-3797.8625061026946,-30287.313819000286,6.974831571793956,328.04480755654896,15600.035516503991,46.554587535469004,236.94824171929176,3131659.571445327,13215.639839663154,-73.15325575888937,-73.15325575888937,0.0,0.0,0.0,0.0,7.2924390229435545,7.2924390229435545,0.0
0.7119071428571428,1.404677576329176,-1.26475580311351,-0.05466314551620144,367.6682823876312,-588139.4923573635,0.9987971928353699,-773.4818054713551,1.0,-14192.832631437792,0.7780575839479861,-280.0027902882681,-3727485.5293426123,610.3947967493272,-1.1713281636702035,-1600.519516098101,-12822.316321851918,-3792.7709821410645,-30385.20229226176,7.011346436506681,327.6013937136634,15622.028883911544,46.686087982781345,236.51903197421498,3150779.698194398,13320.463697424115,-73.30685149307294,-73.30685149307294,0.0,0.0,0.0,0.0,7.3071844282274085,7.3071844282274085,0.0
0.7119107142857143,1.4046705295106228,-1.2647301988282649,-0.0566500403124337,367.4194981241224,-588014.808475008,0.998799103934279,-772.5029793282478,1.0,-14273.091258813389,0.7789537730607775,-279.5037616269659,-3743755.1793321515,609.5881772169454,-1.2163880918840413,-1601.2589836194766,-12886.742062964768,-3787.665594913298,-30482.682715123516,7.0478811952303,327.1567956310453,15643.574455912873,46.816749231017305,236.08936370979995,3164739.6888180845,13403.838062540457,-73.45987221205075,-73.45987221205075,0.0,0.0,0.0,0.0,7.321869647926263,7.321869647926263,0.0
0.7119142857142857,1.4046634827627724,-1.2647045759893918,-0.057870526145450185,367.1647482882309,-587879.7220458827,0.9988009970470385,-771.5007035936611,1.0,-14353.454287247096,0.7798432292020862,-279.00416085271286,-3759963.86332238,608.7793198930635,-1.245122368567405,-1601.998427810774,-12951.253075694243,-3782.5464047227592,-30579.752706167023,7.084435571758268,326.71101853816316,15664.706033916484,46.946671967191975,235.65924132476712,3177164.1722969157,13481.02665185702,-73.6123146832382,-73.6123146832382,0.0,0.0,0.0,0.0,7.336494396562742,7.336494396562742,0.0
0.7119178571428572,1.4046564360856235,-1.2646789321874066,-0.05902445609115148,366.90408008159403,-587734.7228409912,0.9988028732380188,-770.4939469912887,1.0,-14433.921301068698,0.7807260224856616,-278.50399308279555,-3776111.018844984,607.9682364846988,-1.2725181300961863,-1602.7378486723835,-13015.849061099701,-3777.413471579427,-30676.410136672668,7.121009354013376,326.264067638876,15685.415647397782,47.07582937621901,235.22866919127938,3191533.527536783,13566.791453777023,-73.76417567738497,-73.76417567738497,0.0,0.0,0.0,0.0,7.351058389504203,7.351058389504203,0.0
0.7119214285714285,1.4046493894791765,-1.2646532709009073,-0.06091902762014456,366.63754033433287,-587580.363082239,0.9988047336860689,-769.5047600867866,1.0,-14514.491872194294,0.7816022211479012,-278.00326340383293,-3792196.050934211,607.1549329861595,-1.3160035090355433,-1603.4772462045114,-13080.529657459127,-3772.2668551994975,-30772.652740838294,7.157602291158925,325.8159481114007,15705.693959397448,47.204190281156734,234.7976516549998,3205663.7785229143,13651.878365381439,-73.91545196854531,-73.91545196854531,0.0,0.0,0.0,0.0,7.365561342960653,7.365561342960653,0.0
0.7119249999999999,1.4046423429434285,-1.2646275809495797,-0.061780152021015056,366.36517589167283,-587415.6273924271,0.9988065763956948,-768.484717506611,1.0,-14595.165610427515,0.7824718949326532,-277.5019768717679,-3808218.468750294,606.3394294193448,-1.337272467524971,-1604.2166204077257,-13145.294666063144,-3767.106615005571,-30868.478647315125,7.1942142344355915,325.3666651083288,15725.561755442926,47.33181589210191,234.36619303508667,3214576.098533868,13715.040086262004,-74.06614033398876,-74.06614033398876,0.0,0.0,0.0,0.0,7.380002973977156,7.380002973977156,0.0
0.7119285714285714,1.4046352964783788,-1.2646019074455002,-0.05862138036388842,366.0870327641493,-587238.7708576901,0.9988083978486185,-767.3517246502803,1.0,-14675.94201222466,0.7833351037882094,-277.00013851204176,-3824177.4382200995,605.5216917940344,-1.271418458608815,-1604.955971282195,-13210.143284236758,-3761.932810126353,-30963.88457792946,7.230844659048939,324.91622375660495,15745.053387433221,47.458809490620744,233.93429762432376,3225381.3527802587,13786.552255205923,-74.2162375588789,-74.2162375588789,0.0,0.0,0.0,0.0,7.394383000045863,7.394383000045863,0.0
0.7119321428571428,1.404628250084027,-1.2645762781353298,-0.056960241988406324,365.80315691822705,-587053.2008128312,0.9988102049881558,-766.2567575038071,1.0,-14756.820658832687,0.7841919101750076,-276.49775332085795,-3840072.22831609,604.7017029086077,-1.2378285791127805,-1605.6952988205417,-13275.074927380578,-3756.7454993961715,-31058.8677840787,7.2674931770253925,324.4646291574854,15764.104601210061,47.58497100945521,233.50196968912115,3243507.595462956,13889.70764491316,-74.36574063456021,-74.36574063456021,0.0,0.0,0.0,0.0,7.408701120963727,7.408701120963727,0.0
0.7119357142857142,1.4046212037603718,-1.264550640506836,-0.058599059442087764,365.51359531930996,-586860.0647325047,0.9988120002291897,-765.2497275863998,1.0,-14837.801290706366,0.7850423882430494,-275.9948262633557,-3855902.6277273656,603.8795223131254,-1.2759400886690822,-1606.4346030189608,-13340.089875819524,-3751.5447413553698,-31153.427552411882,7.304159939501794,324.0118863865753,15782.695094588847,47.710234894773805,233.0692134695851,3258931.8930063895,13981.678554976423,-74.51464642264796,-74.51464642264796,0.0,0.0,0.0,0.0,7.422957043510358,7.422957043510358,0.0
0.7119392857142857,1.404614157507412,-1.2645249798281621,-0.06006676650446252,365.21839424185725,-586657.3230022675,0.9988137795025004,-764.2354243444219,1.0,-14918.88354255063,0.7858866049229051,-275.4913622735569,-3871668.1991885654,603.055173208572,-1.3104475071806703,-1607.173883877832,-13405.187984459677,-3746.3305942500015,-31247.562178325723,7.340844832617167,323.55800049380304,15800.865636924003,47.8347239530757,232.63603317957728,3271132.9964788803,14060.162201617386,-74.66295166243435,-74.66295166243435,0.0,0.0,0.0,0.0,7.437150484885791,7.437150484885791,0.0
0.7119428571428571,1.4046071113251466,-1.264499299860942,-0.06128082698469939,364.9175994759331,-586444.9874628782,0.9988155428777917,-763.2115474908387,1.0,-15000.067011342,0.7867246233830568,-274.98736625516113,-3887368.3871318693,602.2286610579838,-1.339524052731408,-1607.9131413975344,-13470.368907874883,-3741.103116031886,-31341.26949889175,7.377547618130027,323.102976503428,15818.617348652815,47.95843894673928,232.2024330067775,3284256.23823129,14142.935512232249,-74.81065309661517,-74.81065309661517,0.0,0.0,0.0,0.0,7.4512811631376294,7.4512811631376294,0.0
0.7119464285714285,1.4046000652135746,-1.2644736004064263,-0.06272729577048608,364.61125666793373,-586223.4120880335,0.9988172911164611,-762.1915279635009,1.0,-15081.351308044283,0.7875565066410515,-274.48284308161834,-3903002.666515021,601.3999950640521,-1.3737818803759025,-1608.6523755784292,-13535.632348269708,-3735.862364358614,-31434.547473013332,7.414268087847537,322.64681941404285,15835.944750176279,48.08136016631391,231.7684171127488,3298377.5275409576,14230.350279000222,-74.95774747125472,-74.95774747125472,0.0,0.0,0.0,0.0,7.465348797158427,7.465348797158427,0.0
0.71195,1.4045930191726947,-1.2644478783276696,-0.0643998857358099,364.2994113578905,-585992.6535196376,0.9988190243797245,-761.1752404128176,1.0,-15162.73605785239,0.7883823174309313,-273.97779759620335,-3918570.5400208677,600.5691871726485,-1.4131115517013193,-1609.3915864209307,-13600.97804699239,-3730.6083965938196,-31527.394160694446,7.451006058282638,322.1895341985988,15852.848177026517,48.20348581917241,231.33398963300502,3309379.5798443053,14304.634831675197,-75.10423153573936,-75.10423153573936,0.0,0.0,0.0,0.0,7.47935310668192,7.47935310668192,0.0
0.7119535714285714,1.4045859732025063,-1.264422146534413,-0.06284331181541347,363.98210861213124,-585750.6992959004,0.998820738651436,-760.0666739814446,1.0,-15244.22085236553,0.7892021151849116,-273.47223461209404,-3934071.419133169,599.7362340440362,-1.3815778075440723,-1610.1307739253816,-13666.405566444319,-3725.3412698070483,-31619.80721756903,7.487761235149003,321.7311258043964,15869.3684500412,48.32493991796534,230.89915467708144,3317368.7846207707,14366.175961558623,-75.25010204275657,-75.25010204275657,0.0,0.0,0.0,0.0,7.493293812281621,7.493293812281621,0.0
0.7119571428571428,1.4045789273030078,-1.2643964585544771,-0.05961449240984962,363.6593927372871,-585498.549203998,0.9988224359440189,-758.9086629319646,1.0,-15325.805411945854,0.790015954625281,-272.966158913131,-3949504.4922984755,598.901093878714,-1.3130698018674598,-1610.8699380882322,-13731.914178806132,-3720.0610407743466,-31711.78364186193,7.52453314455856,321.2715991531383,15885.487153843731,48.445662784128345,230.46391632860824,3332682.8383278237,14459.757637980514,-75.39535668667054,-75.39535668667054,0.0,0.0,0.0,0.0,7.507170703717634,7.507170703717634,0.0
0.7119607142857143,1.4045718814741983,-1.2643707885530444,-0.06040503426856958,363.3313090272121,-585239.6724139246,0.9988241232898306,-757.8597793744276,1.0,-15407.489720451184,0.7908239029390912,-272.4595752538754,-3964869.480972528,598.0638001878303,-1.332979804001096,-1611.6090789019693,-13797.5041185079,-3714.767765978112,-31803.32266761889,7.5613219105891964,320.81095914091856,15901.137925101411,48.5654449202177,230.02827864538588,3350252.300154757,14563.52363111208,-75.53999347692161,-75.53999347692161,0.0,0.0,0.0,0.0,7.520983560027794,7.520983560027794,0.0
0.7119642857142857,1.4045648357160772,-1.264345089888083,-0.06231967532511362,362.99790280436486,-584972.3909092586,0.9988257973923392,-756.8397549086629,1.0,-15489.273286709471,0.7916260240252689,-271.952488357741,-3980166.1503462265,597.224405961326,-1.3777960495637391,-1612.3481963667234,-13863.175451195188,-3709.461501607497,-31894.423141428106,7.59812755237024,320.3492106382592,15916.355550893504,48.684391352742786,229.59224565946386,3362466.9161464158,14644.385372177156,-75.68400814228403,-75.68400814228403,0.0,0.0,0.0,0.0,7.534731767386461,7.534731767386461,0.0
0.7119678571428572,1.404557790028643,-1.2643193736818588,-0.0634829342408807,362.6592183399236,-584695.6429679714,0.9988274561479321,-755.7962451471424,1.0,-15571.155477409204,0.7924223719720787,-271.4449029183533,-3995393.8880266813,596.3829094033576,-1.4061151736901962,-1613.0872904829123,-13928.927576995346,-3704.1423035589514,-31985.082385536218,7.634949676421678,319.886358490159,15931.162203657881,48.80256825846479,229.15582137722106,3374299.759584537,14723.913987805656,-75.82739636691394,-75.82739636691394,0.0,0.0,0.0,0.0,7.548414859699818,7.548414859699818,0.0
0.7119714285714286,1.4045507444118943,-1.2642936364333763,-0.06468559320819622,362.3152999748596,-584409.9612963878,0.9988291006641965,-754.7513323880853,1.0,-15653.13570019127,0.79321300254428,-270.93682359967977,-4010552.179982478,595.5393225061916,-1.4353917834962264,-1613.8263612509809,-13994.760069301115,-3698.8102274364946,-32075.298134754255,7.671787997348659,319.42240751611894,15945.54870260291,48.91994402208071,228.7190097794498,3388172.581637017,14812.690322042665,-75.9701538462557,-75.9701538462557,0.0,0.0,0.0,0.0,7.56203243404844,7.56203243404844,0.0
0.7119749999999999,1.404543698865831,-1.2642678809735752,-0.06668309421954177,361.9661917436635,-584115.8545535972,0.9988307319897078,-753.7262634236783,1.0,-15735.213351825407,0.7939979698990334,-270.42825503614074,-4025640.4762322553,594.6936512401415,-1.4824240733086906,-1614.5654086712102,-14060.672431265335,-3693.4653285519107,-32165.067975626225,7.708642186777239,318.95736251016194,15959.506158947055,49.036487740390655,228.28181482145465,3400587.78812641,14895.446266585453,-76.1122762870491,-76.1122762870491,0.0,0.0,0.0,0.0,7.575584088735226,7.575584088735226,0.0
0.7119785714285713,1.4045366533904513,-1.26424209997391,-0.0665797197056861,361.6119375194269,-583811.6604840737,0.998832346840954,-752.6396404886569,1.0,-15817.387851907706,0.7947773290866978,-269.91920183264693,-4040658.3073062403,593.8459110882319,-1.4828163004455497,-1615.3044327441014,-14126.664284021106,-3688.1076619252117,-32254.389777680582,7.745511989973639,318.49122824087283,15973.069383975551,49.15230551936967,227.84424043308664,3407481.299624718,14954.310229250354,-76.25375940729282,-76.25375940729282,0.0,0.0,0.0,0.0,7.589069423281785,7.589069423281785,0.0
0.7119821428571428,1.404529607985754,-1.2642163522941987,-0.06285460869568738,361.25258016463977,-583496.5404252599,0.9988339435274611,-751.4482227565318,1.0,-15899.658249498156,0.7955511221861912,-269.409668565011,-4055604.7131682024,592.9960553549406,-1.4023807931630503,-1616.0434334687477,-14192.734298639672,-3682.7372822856864,-32343.259256952337,7.7823965647852384,318.02400945149276,15986.255930464742,49.26744980052545,227.40629051891517,3419662.694956747,15036.67854070117,-76.39459796589722,-76.39459796589722,0.0,0.0,0.0,0.0,7.602487942847844,7.602487942847844,0.0
0.7119857142857142,1.4045225626517388,-1.2641906411650041,-0.0624587883454808,360.88816304069695,-583174.6784523352,0.9988355304317424,-750.3478881101291,1.0,-15982.022884468406,0.7963193907761054,-268.8996597810664,-4070478.90008371,592.1440897217363,-1.3960486696161576,-1616.7824108364418,-14258.88112922302,-3677.35424407179,-32431.67211915438,7.8192950601473905,317.555710859911,15998.981942484297,49.38165397548845,226.96796895826657,3437816.9395401888,15145.705305242047,-76.53478318848772,-76.53478318848772,0.0,0.0,0.0,0.0,7.6158387922889395,7.6158387922889395,0.0
0.7119892857142857,1.404515517388404,-1.264164906810572,-0.06443120644928513,360.5187301095273,-582845.5577296724,0.9988371065980067,-749.3119791417961,1.0,-16064.482438131086,0.7970822077825329,-268.3891799982738,-4085281.020094024,591.2900787846377,-1.4427008590202262,-1617.521364845853,-14325.105914602904,-3671.958601432174,-32519.62973890354,7.85620816264647,317.08633715875504,16011.260796170998,49.49495648295521,226.52927960533304,3450741.585759495,15232.093010190529,-76.67431565371305,-76.67431565371305,0.0,0.0,0.0,0.0,7.629122017273154,7.629122017273154,0.0
0.7119928571428571,1.4045084721957484,-1.264139153576288,-0.06566486044002318,360.14432436135496,-582507.3961670862,0.9988386684944224,-748.2527545109135,1.0,-16147.03784360698,0.7978396393450402,-267.87823370476264,-4100010.895353781,590.4340268785392,-1.4729260815710858,-1618.260295497432,-14391.409357391862,-3666.5504082261896,-32607.13248734531,7.893136288045756,316.61589301543677,16023.131267254888,49.60747619031769,226.09022628926994,3461846.910348269,15310.793734590841,-76.8131975392057,-76.8131975392057,0.0,0.0,0.0,0.0,7.642337819660945,7.642337819660945,0.0
0.7119964285714285,1.4045014270737717,-1.2641133795843693,-0.0668334705788709,359.76498851333685,-582160.6510206958,0.9988402170608172,-747.189252614757,1.0,-16229.690050225725,0.7985917514677497,-267.3668253597376,-4114668.3842833927,589.5759441203062,-1.5017746049137275,-1618.9992027914698,-14457.792235392644,-3661.129718024138,-32694.180898143637,7.930079897794018,316.1443830721765,16034.586917441473,49.71918963615033,225.6508128142955,3474879.5693324036,15398.366507897914,-76.95143098397989,-76.95143098397989,0.0,0.0,0.0,0.0,7.655486397887742,7.655486397887742,0.0
0.712,1.404494382022472,-1.2640875878302247,-0.06867453764618858,359.38076502355193,-581805.8144921875,0.9988417532983146,-746.1424569246395,1.0,-16312.440006095983,0.7993386084446255,-266.8549593935955,-4129253.318072492,588.7158360317347,-1.5458389566059088,-1619.7380867284746,-14524.255276155107,-3655.696584108833,-32780.77538264724,7.967039421472767,315.67181194613795,16045.620423930495,49.830070398139654,225.21104295979254,3487827.813451974,15485.930692269227,-77.089018088265,-77.089018088265,0.0,0.0,0.0,0.0,7.668567946948272,7.668567946948272,0.0
0.7120035714285714,1.4044873370418487,-1.264061767967463,-0.06968360708066257,358.9916963775876,-581442.0584741811,0.9988432755929695,-745.0696004630677,1.0,-16395.288702177768,0.800080275624947,-266.342640208042,-4143765.631764483,587.8537205140672,-1.5712738523835525,-1620.476947308816,-14590.79937747014,-3650.2510594755427,-32866.916727606884,8.004015392938234,315.19818422942717,16056.251694199673,49.94017826737419,224.77092048041257,3495610.9636663655,15550.882584255318,-77.2259609134411,-77.2259609134411,0.0,0.0,0.0,0.0,7.681582658390333,7.681582658390333,0.0
0.7120071428571428,1.4044802921319008,-1.2640359606072362,-0.06673354477803173,358.59782404793515,-581067.6060224232,0.9988447804035909,-743.8812630663053,1.0,-16478.23697048558,0.8008168093274871,-265.82987217622497,-4158204.90742923,586.9895680399999,-1.5073468016860356,-1621.215784532818,-14657.424788088005,-3644.79319683315,-32952.604249477874,8.041007944733158,314.72350448919343,16066.51969388307,50.04963393172543,224.33044910618173,3504582.3437292706,15621.410411483892,-77.36226129783336,-77.36226129783336,0.0,0.0,0.0,0.0,7.694530702863169,7.694530702863169,0.0
0.7120107142857143,1.4044732472926271,-1.264010197986003,-0.0648118459361342,358.19918943366207,-580685.4472160424,0.9988462736649977,-742.7195028257239,1.0,-16561.28142867491,0.8015482255251389,-265.3166596440222,-4172569.8159193634,586.1233570204372,-1.4664456640094927,-1621.9545983936696,-14724.1285009956,-3639.3230486050356,-33037.82995983073,8.078015201891526,314.2477772677074,16076.36165482476,50.15823505452935,223.8896325426093,3521277.943819714,15726.740064737325,-77.49790337543288,-77.49790337543288,0.0,0.0,0.0,0.0,7.707410572848133,7.707410572848133,0.0
0.7120142857142857,1.4044662025240264,-1.2639844309149475,-0.06634493684600784,357.79583483568535,-580297.0575965394,0.9988477583663721,-741.6540213215853,1.0,-16644.420709277707,0.80227456995003,-264.8030069285816,-4186860.0137724504,585.2551414006705,-1.5036850389335659,-1622.693388886972,-14790.90994455252,-3633.8406669297724,-33122.59138140528,8.11503679367167,313.7710070824234,16085.748233698529,50.26588458019329,223.44847447079712,3535878.8219153043,15823.134983644359,-77.6328789808274,-77.6328789808274,0.0,0.0,0.0,0.0,7.720221487138339,7.720221487138339,0.0
0.7120178571428571,1.404459157826098,-1.2639586397697475,-0.06788442878047363,357.3878018545775,-579900.4700742008,0.9988492306383047,-740.5863838799437,1.0,-16727.65636400698,0.8029959118582104,-264.28891831806715,-4201075.643026367,584.3849474782697,-1.5411742932896835,-1623.432156013093,-14857.770557350512,-3628.3461036619765,-33206.890544326256,8.152073588242196,313.2931984260545,16094.723593783985,50.37271946739299,223.00697854755222,3546759.8287061225,15903.25488837265,-77.76719237470013,-77.76719237470013,0.0,0.0,0.0,0.0,7.7329638413576305,7.7329638413576305,0.0
0.7120214285714286,1.4044521131988403,-1.2639328296423191,-0.06909558426670515,356.97513155947365,-579495.5456563862,0.998850690218885,-739.506976341906,1.0,-16810.989898282398,0.803712315797397,-263.7743980725812,-4215216.673309173,583.5127785779076,-1.5713010493138209,-1624.1708997725264,-14924.711485493166,-3622.839410373616,-33290.72880549279,8.189126272108094,312.814355766687,16103.29388644216,50.47875597644509,222.56514840550133,3558383.1826060666,15987.05207418589,-77.9008477612308,-77.9008477612308,0.0,0.0,0.0,0.0,7.745638026052234,7.745638026052234,0.0
0.712025,1.4044450686422527,-1.2639069997607355,-0.07048745677224133,356.5578648539324,-579082.638000917,0.9988521378266804,-738.4304176801018,1.0,-16894.42283966709,0.804423846133905,-263.2594504242951,-4229283.117198053,582.638643413154,-1.6056228341970382,-1624.9096201656264,-14991.733953653214,-3617.320638354399,-33374.107680980145,8.226195578880944,312.3344835478167,16111.455060575856,50.58397778421824,222.12298765320585,3571250.2526728,16076.805770596282,-78.03384928799449,-78.03384928799449,0.0,0.0,0.0,0.0,7.758244426681229,7.758244426681229,0.0
0.7120285714285713,1.404438024156334,-1.2638811481422416,-0.07224764866842293,356.13604244245954,-578661.9117757889,0.9988535738049757,-737.3621539666418,1.0,-16977.956728453366,0.80513056639334,-262.7440795776023,-4243275.001539429,581.7625517632752,-1.6484398877029014,-1625.6483171928471,-15058.839209713864,-3611.7898386135384,-33457.028721241906,8.263282255117339,311.8535861885021,16119.206969807552,50.68838097011391,221.68049987529471,3581181.209866859,16153.69656501783,-78.16620104579113,-78.16620104579113,0.0,0.0,0.0,0.0,7.770783423600335,7.770783423600335,0.0
0.7120321428571428,1.4044309797410832,-1.2638552835085348,-0.07093615674918397,355.7097046117959,-578231.4232061076,0.9988549943155731,-736.202879477844,1.0,-17061.59308643631,0.8058325375154144,-262.2282897091898,-4257192.29072875,580.8845035120313,-1.6211750132050824,-1626.3869908545723,-15126.028373111842,-3606.2470618795314,-33539.49317424083,8.300386967042813,311.37166808334797,16126.593744236912,50.79210376944169,221.2376886325283,3587379.9871611493,16214.049114528225,-78.29790706856738,-78.29790706856738,0.0,0.0,0.0,0.0,7.783255392054713,7.783255392054713,0.0
0.7120357142857142,1.4044239353964991,-1.263829461746782,-0.06754855348796696,355.27889078649866,-577791.8119757476,0.998856400591607,-734.9809442136815,1.0,-17145.332865700228,0.8065298083827519,-261.7120849688375,-4271034.502958399,580.0044552546434,-1.5462732731114721,-1627.12564114779,-15193.30160447996,-3600.6923586029498,-33621.50015078768,8.337509790431707,310.8887336027473,16133.604331113704,50.89510775816397,220.79455746200307,3600997.6327991663,16308.26810059106,-78.42896942484367,-78.42896942484367,0.0,0.0,0.0,0.0,7.795660508179793,7.795660508179793,0.0
0.7120392857142857,1.4044168911225807,-1.2638036614875765,-0.06817814988716009,354.84364122451535,-577346.6680047789,0.9988577997625842,-733.8726490902985,1.0,-17229.17491572801,0.80722241759292,-261.19546947970264,-4284801.183555276,579.1224346521062,-1.5632141190677777,-1627.8642680645871,-15260.658222347158,-3595.125778956294,-33703.04690343189,8.374650283644948,310.4047870928712,16140.164066239868,50.9971493268589,220.35110987721976,3617660.7423606305,16416.71055465253,-78.55938080489295,-78.55938080489295,0.0,0.0,0.0,0.0,7.807998053645363,7.807998053645363,0.0
0.7120428571428571,1.404409846919327,-1.2637778326037883,-0.0701300022934106,354.4039962564185,-576894.4782353383,0.998859188890893,-732.8003752080454,1.0,-17313.117696342477,0.8079104034612095,-260.6784473364226,-4298492.009220576,578.2384955230751,-1.6105541300915314,-1628.6028716050332,-15328.097553096552,-3589.547372835577,-33784.130718166125,8.411808010623417,309.9198328758066,16146.30601456874,51.09833092882122,219.90734936822227,3628602.7352290098,16499.59784565509,-78.68913208733386,-78.68913208733386,0.0,0.0,0.0,0.0,7.820267179729186,7.820267179729186,0.0
0.7120464285714285,1.4044028027867366,-1.2637519862670006,-0.07129441138403081,353.959995209431,-576434.0754701126,0.9988605656710672,-731.7029805453751,1.0,-17397.159541648332,0.8085937954263124,-260.1610226064896,-4312106.2318683285,577.3526353563974,-1.6399110424841843,-1629.3414517695635,-15395.61816642608,-3583.957189861451,-33864.74723269238,8.44898207168639,309.4338752496566,16152.055462957622,51.198730503975575,219.46327940172478,3638939.084484397,16580.084062921364,-78.81821426612294,-78.81821426612294,0.0,0.0,0.0,0.0,7.832467050303727,7.832467050303727,0.0
0.71205,1.4043957587248088,-1.263726118764021,-0.07248495884823569,353.5116772983986,-575965.9850956162,0.9988619311546747,-730.604054789537,1.0,-17481.298815613238,0.8092726248716348,-259.6431993304564,-4325643.205366566,576.4648652386823,-1.6699409834915613,-1630.0800085585906,-15463.218816127677,-3578.3552793803783,-33944.89251839421,8.486171681720785,308.9469184886421,16157.401992310592,51.29831089221429,219.0189034212402,3651440.4679986336,16670.80508604684,-78.94661838300112,-78.94661838300112,0.0,0.0,0.0,0.0,7.844596833859448,7.844596833859448,0.0
0.7120535714285714,1.4043887147335423,-1.263700233366735,-0.07448778549692747,353.05908147686506,-575490.7135059363,0.9988632863471193,-729.5265318344536,1.0,-17565.533868436076,0.8099469220425943,-259.1249815220858,-4339102.240572851,575.575189829423,-1.7187858873161859,-1630.8185419725803,-15530.898168956735,-3572.7416904660345,-34024.5624822846,8.523376003666915,308.45896684322514,16162.335400205908,51.39703538403033,218.57422484721044,3662662.00091241,16756.062748239023,-79.07433552754856,-79.07433552754856,0.0,0.0,0.0,0.0,7.856655703509766,7.856655703509766,0.0
0.7120571428571428,1.4043816708129364,-1.263674321222606,-0.0745828843235472,352.60224655705355,-575006.7492546425,0.998864628282812,-728.3910985514724,1.0,-17649.863074436387,0.8106167187120731,-258.6063731685028,-4352482.748794289,574.6836247906059,-1.72367123385821,-1631.5570520119293,-15598.655043969326,-3567.1164719203334,-34103.75339221625,8.560594295329167,307.97002454019923,16166.889037805622,51.495008440976896,218.12924707713844,3668040.1495361445,16814.902492154073,-79.20135683726176,-79.20135683726176,0.0,0.0,0.0,0.0,7.868642836998205,7.868642836998205,0.0
0.7120607142857143,1.4043746269629898,-1.2636484397386332,-0.07089873038714245,352.1412102580626,-574513.0757668312,0.9988659549155897,-727.1427329683933,1.0,-17734.28544260721,0.8112820439253814,-258.0873782305071,-4365783.840637501,573.79012551789,-1.6410704552494575,-1632.2955386761068,-15666.488028380983,-3561.479672275052,-34182.46103537921,8.597825673828332,307.48009578283103,16171.085726357562,51.59230092662316,217.6839734857217,3678346.767919935,16896.646202517542,-79.3276766703608,-79.3276766703608,0.0,0.0,0.0,0.0,7.880557704523341,7.880557704523341,0.0
0.7120642857142857,1.4043675831837013,-1.2636225968060653,-0.07027825371889662,351.6760107304183,-574013.6764879281,0.9988672741007184,-725.9813915820632,1.0,-17818.806066592602,0.8119429845950122,-257.5680006438373,-4379006.277051787,572.8946925808727,-1.629214649858258,-1633.0340019565124,-15734.401064900345,-3555.8313397929683,-34260.6928896845,8.63507253740535,306.9891847509609,16174.84570914133,51.68865000004109,217.23840742498714,3695264.5423203832,17009.18059431487,-79.45331324896858,-79.45331324896858,0.0,0.0,0.0,0.0,7.892401942846525,7.892401942846525,0.0
0.7120678571428571,1.40436053947507,-1.2635967328206903,-0.07221724861122425,351.2066866937595,-573508.3088700603,0.9988685854164602,-724.8927352268245,1.0,-17903.42408706682,0.8125995832709011,-257.04824431696363,-4392149.981631645,571.9973876606414,-1.6767256054379582,-1633.7724418514106,-15802.394140564995,-3550.1715224692457,-34338.44777127845,8.67233485873806,306.4972956011234,16178.17601693426,51.784074277733886,216.79255222442794,3707077.6587041505,17098.654119420626,-79.57826020629477,-79.57826020629477,0.0,0.0,0.0,0.0,7.904174961048938,7.904174961048938,0.0
0.7120714285714286,1.404353495837095,-1.2635708493084028,-0.07348716123433974,350.7332758491657,-572995.1747050287,0.9988698853216604,-723.782249186273,1.0,-17988.136735017222,0.8132518586204284,-256.52811313200306,-4405214.060989802,571.098216804466,-1.7088003742103808,-1634.5108583612457,-15870.465055043425,-3544.500268032942,-34415.719757168066,8.709611272301421,306.0044324666799,16181.11544227412,51.87869627194386,216.34641119114173,3716717.3209404782,17178.47295948794,-79.70250418042872,-79.70250418042872,0.0,0.0,0.0,0.0,7.915875534145869,7.915875534145869,0.0
0.712075,1.4043464522697748,-1.2635449452692846,-0.07466030772539511,350.2558156709802,-572474.6543795358,0.9988711745713572,-722.6666947422003,1.0,-18072.94124202426,0.8138998297638709,-256.0076109452219,-4418197.635563912,570.1971883055402,-1.7386952954874122,-1635.2492514864691,-15938.61163656774,-3538.8176239483996,-34492.503029420695,8.746900432505488,305.51059945793975,16183.655664555085,51.972485057046676,215.89998760997034,3728210.85689399,17267.230990495063,-79.82603189447468,-79.82603189447468,0.0,0.0,0.0,0.0,7.927502445112125,7.927502445112125,0.0
0.7120785714285714,1.404339408773109,-1.2635190232930802,-0.07643968988523397,349.77434334547974,-571947.2002582846,0.9988724540577019,-721.5667826264915,1.0,-18157.834826865706,0.8145435154186679,-255.4867415871984,-4431099.804819445,569.2943071746332,-1.7827952071646136,-1635.987621227509,-16006.831662452441,-3533.1236374166656,-34568.79170291442,8.784200965067354,305.01580066228513,16185.78668148292,52.06540397690379,215.45328474364055,3739848.7591690826,17357.0493962716,-79.94883015667563,-79.94883015667563,0.0,0.0,0.0,0.0,7.939054484893376,7.939054484893376,0.0
0.7120821428571428,1.404332365347096,-1.263493073828086,-0.07760167108077098,349.28889595594774,-571412.1670275764,0.9988737225211625,-720.4464928357911,1.0,-18242.814732047853,0.8151829360778035,-254.9655088630038,-4443919.768147436,568.389589319181,-1.812580964988559,-1636.725967584825,-16075.123066807875,-3527.418355377322,-34644.580274167834,8.82151159398329,304.5200401443299,16187.52275330216,52.157495794463784,215.00630583292093,3746418.654442292,17423.691987190337,-80.07088586051884,-80.07088586051884,0.0,0.0,0.0,0.0,7.950530452415585,7.950530452415585,0.0
0.7120857142857142,1.4043253219917349,-1.2634671327439317,-0.0748748203005789,348.7995097731295,-570867.750480631,0.9988749763807447,-719.2090463070004,1.0,-18327.87810583445,0.8158181061621265,-254.44391655230632,-4456656.406388459,567.483009749111,-1.7514623380733163,-1637.464290558881,-16143.48318954751,-3521.7018245091026,-34719.86200270494,8.858830682675588,304.02332194597545,16188.903338456787,52.24888641712011,214.55905409670999,3753376.593716398,17492.443050064005,-80.1921860532052,-80.1921860532052,0.0,0.0,0.0,0.0,7.961929160767433,7.961929160767433,0.0
0.7120892857142856,1.4043182787070243,-1.2634412368501287,-0.07268875360833249,348.30622081218365,-570316.5212090876,0.9988762206665871,-717.9850395549345,1.0,-18413.02868720551,0.8164490937958211,-253.92196841067704,-4469310.013756078,566.5745427916413,-1.7028084723833958,-1638.2025901433992,-16211.91456832042,-3515.974091232725,-34794.64135537928,8.896159770386713,303.52565008665584,16189.876725064121,52.339402190364964,214.11153273226515,3768423.377618248,17599.282103115187,-80.3127437372533,-80.3127437372533,0.0,0.0,0.0,0.0,7.973251768188426,7.973251768188426,0.0
0.7120928571428571,1.4043112354929634,-1.2634153405075732,-0.07410735625910547,347.80906586503346,-569760.2625805006,0.9988774589292613,-716.8653916914604,1.0,-18498.269350324277,0.8170759684804041,-253.39966816844608,-4481881.265101286,565.6642367720823,-1.7385552531133937,-1638.9408663333368,-16280.420004059062,-3510.235201711559,-34868.923321650866,8.933500554221864,303.0270285633981,16190.408275657252,52.42892464877917,213.66374491529353,3782081.9060841743,17700.093405357897,-80.4325675925113,-80.4325675925113,0.0,0.0,0.0,0.0,7.984499047445183,7.984499047445183,0.0
0.7120964285714285,1.4043041923495514,-1.2633894191072272,-0.07571932302147388,347.3080811916215,-569197.0891321655,0.9988786874790225,-715.7493283780574,1.0,-18583.597624465205,0.8176987531035648,-252.87701953024305,-4494369.547472633,564.7521209160979,-1.7789245028521226,-1639.6791191291252,-16348.997832275609,-3504.485201853527,-34942.70330086046,8.970852004847735,302.5274613509874,16190.540167648041,52.517588437580024,213.21569380011414,3791508.9635428623,17781.5041673402,-80.5516455193067,-80.5516455193067,0.0,0.0,0.0,0.0,7.995669896304179,7.995669896304179,0.0
0.7121,1.404297149276787,-1.2633634790208481,-0.07692677201418974,346.8033023894658,-568626.7131595502,0.9988799057434671,-714.6191067704056,1.0,-18669.010959753432,0.8183174663061693,-252.35402617602224,-4506774.016106381,563.8381966151327,-1.8098679658230379,-1640.4173485312276,-16417.645968613375,-3498.724137312801,-35015.97583058623,9.00821283883224,302.02695240211506,16190.27898475684,52.60541122568855,212.76738251980706,3801480.548803934,17865.8389100949,-80.66996549532178,-80.66996549532178,0.0,0.0,0.0,0.0,8.006763219742226,8.006763219742226,0.0
0.7121035714285714,1.404290106274669,-1.2633375189137386,-0.07826982605001831,346.29476494264304,-568049.4896764456,0.9988811144211176,-713.4907614195988,1.0,-18754.506822930223,0.8189321278446267,-251.830691761237,-4519093.886595347,562.9224721244922,-1.8440694669290525,-1641.1555545401343,-16486.36243089096,-3492.952053491473,-35088.735707153224,9.045581837311321,301.52550564752426,16189.617133578951,52.6923637647563,212.31881418636414,3812937.582371104,17957.547842228785,-80.78751557569296,-80.78751557569296,0.0,0.0,0.0,0.0,8.017777929955635,8.017777929955635,0.0
0.7121071428571428,1.4042830633431969,-1.2633115378938382,-0.0801081942443318,345.7825040588435,-567465.6699767332,0.9988823140052459,-712.3750386987571,1.0,-18840.08267443366,0.8195427574338258,-251.30701991701585,-4531328.376635058,562.0049552579882,-1.8900281492013535,-1641.8937371562654,-16555.14522684295,-3487.1689955410557,-35160.97774495122,9.082957777472375,301.02312499614175,16188.549293821015,52.77842414608016,211.86999189084096,3821662.958000127,18036.77365493606,-80.9042838931233,-80.9042838931233,0.0,0.0,0.0,0.0,8.02871294637012,8.02871294637012,0.0
0.7121107142857143,1.4042760204823688,-1.2632855407883257,-0.0790379162495185,345.2665546071171,-566873.3918356607,0.9988835008253644,-711.1704070922959,1.0,-18925.735955943193,0.8201493740301042,-250.78301425033948,-4543476.677249563,561.0856487042292,-1.8673687493747937,-1642.631896380144,-16623.99228156511,-3481.375008364561,-35232.69662291559,9.120339388392056,300.51981433525805,16187.11770742136,52.86372856387803,211.42091870350964,3825962.5476800506,18095.423812467987,-81.020258657961,-81.020258657961,0.0,0.0,0.0,0.0,8.039567195647962,8.039567195647962,0.0
0.7121142857142857,1.4042689776921842,-1.263259585411646,-0.07551234480357039,344.7469506195038,-566272.9650048226,0.998884675436787,-709.8900370845546,1.0,-19011.466835065632,0.8207520115739415,-250.2586783446801,-4555538.1914306,560.1645081471432,-1.786531276974569,-1643.370032209173,-16692.90304554511,-3475.5701366178487,-35303.89028730269,9.157726329659875,300.01557753064634,16185.317491559239,52.94825703643979,210.97159767401322,3837677.8684892226,18189.495359565335,-81.13543913574927,-81.13543913574927,0.0,0.0,0.0,0.0,8.050340600013044,8.050340600013044,0.0
0.7121178571428571,1.404261934972642,-1.2632336549272158,-0.07597192432862698,344.2237267175051,-565668.0469165655,0.9988858450462093,-708.7263983759536,1.0,-19097.280951501925,0.8213507542420283,-249.73401576058063,-4567514.008371604,559.2415556605268,-1.7998602418927248,-1644.108144635127,-16761.882181934867,-3469.7544247117216,-35374.56769923872,9.195121432024042,299.51041842674385,16183.07281459286,53.03175255004032,210.52203183152153,3853251.1282594353,18302.315309739883,-81.24984490021075,-81.24984490021075,0.0,0.0,0.0,0.0,8.061034910516561,8.061034910516561,0.0
0.7121214285714286,1.404254892323741,-1.2632076960622527,-0.07796201983208562,343.69691770515806,-565057.3053514753,0.9988870070754273,-707.6064512715835,1.0,-19183.176281460328,0.8219456302146259,-249.20903003372865,-4579403.846412021,558.3168453938792,-1.8495100497877377,-1644.8462336579307,-16830.9287292438,-3463.9279168136145,-35444.72589481725,9.232524101547131,299.0043408467998,16180.414945966291,53.114314528485785,210.0722241848871,3862781.727998766,18386.874660664733,-81.36346562036215,-81.36346562036215,0.0,0.0,0.0,0.0,8.071649186302551,8.071649186302551,0.0
0.712125,1.40424784974548,-1.2631817196632684,-0.07912308881600438,343.16655742169144,-564439.468643569,0.998888159008117,-706.4595769453725,1.0,-19269.150132793406,0.8225366550931297,-248.6837246763052,-4591206.836695995,557.3903745639078,-1.8795752368987262,-1645.584299278083,-16900.04043400592,-3458.0906568494897,-35514.35921626919,9.269932960237869,298.49734859304056,16177.372897876074,53.196035489520085,209.6221777228035,3871448.6356536513,18467.69771944221,-81.47628906090051,-81.47628906090051,0.0,0.0,0.0,0.0,8.082182315314988,8.082182315314988,0.0
0.7121285714285714,1.4042408072378585,-1.2631557222321854,-0.08030007548433105,342.63267953917483,-563815.0568768266,0.9988893018651966,-705.3110736620864,1.0,-19355.199837435954,0.8231238464233464,-248.1581031772514,-4602922.212480402,556.4621530503686,-1.9100739429083178,-1646.3223414959891,-16969.215233302246,-3452.2426885054424,-35583.46244977176,9.307346748318173,297.98944544680944,16173.935246419589,53.27687286765533,209.17189541396402,3882419.0354367667,18559.9019211363,-81.58830306846369,-81.58830306846369,0.0,0.0,0.0,0.0,8.09263319311735,8.09263319311735,0.0
0.7121321428571428,1.404233764800875,-1.2631297070083887,-0.08231013661162478,342.09531744611144,-563184.5711948427,0.9988904366241144,-704.1855332242523,1.0,-19441.322709575576,0.8237072209248798,-247.63216900247187,-4614549.162455036,555.5321847484454,-1.9604696615705433,-1647.06036031218,-17038.45096866121,-3446.3840552302595,-35652.0302225516,9.344764150253596,297.48063516878926,16170.090816448377,53.35678462658094,208.72138020723548,3892270.783136223,18647.16522040848,-81.69949557169946,-81.69949557169946,0.0,0.0,0.0,0.0,8.103000722899054,8.103000722899054,0.0
0.7121357142857142,1.4042267224345282,-1.2631036640734061,-0.08259010347325102,341.5545044435261,-562546.6349246566,0.9988915605778385,-703.0058522002176,1.0,-19527.516090806508,0.8242867971156135,-247.10592559495532,-4626086.9917152375,554.6004850890125,-1.9697095797934285,-1647.7983557271386,-17107.745663481644,-3440.514800236061,-35720.057584296745,9.382183963238848,296.97092149905893,16165.871762389483,53.43587433000813,208.2706350317636,3896020.656880355,18705.528917464377,-81.80985458140896,-81.80985458140896,0.0,0.0,0.0,0.0,8.113283815488174,8.113283815488174,0.0
0.7121392857142856,1.4042196801388174,-1.2630776490374866,-0.07897179268084642,341.0102727802838,-561900.0979884916,0.9988926714059836,-701.7064089683942,1.0,-19613.77785376369,0.8248625899887191,-246.57937637517412,-4637534.655723177,553.6670119588514,-1.885854884387584,-1648.5363277405788,-17177.096957967973,-3434.634966501666,-35787.53882584154,9.419604754182304,296.46030815738584,16161.305032261396,53.51422867604128,207.81966279721857,3904273.652858898,18785.834702299173,-81.91937081260409,-81.91937081260409,0.0,0.0,0.0,0.0,8.123481626361894,8.123481626361894,0.0
0.7121428571428571,1.4042126379137414,-1.2630516742468822,-0.07812740845466237,340.4626549878308,-561248.705373985,0.9988937764614353,-700.4882642364239,1.0,-19700.11358992132,0.8254346759523039,-246.05252474231773,-4648893.0420933245,552.7317613965034,-1.8680847690170035,-1649.2742763440394,-17246.509125557848,-3428.744596773723,-35854.48207471456,9.45702911451959,295.94879884332465,16156.310790874291,53.59157413045439,207.36846639390262,3919703.460961795,18901.11915593859,-82.0280637262257,-82.0280637262257,0.0,0.0,0.0,0.0,8.133595908195709,8.133595908195709,0.0
0.7121464285714285,1.4042055957592992,-1.2630256808180949,-0.08001927795990582,339.9116841418882,-560592.475646635,0.9988948758257266,-699.350637992857,1.0,-19786.523375174704,0.826003097858747,-245.5253740723201,-4660162.38982636,551.7947917170534,-1.9157532180813577,-1650.012201535409,-17315.9829538945,-3422.8437335688777,-35920.88815414216,9.494457518423934,295.4363972364057,16150.891472909945,53.66791371675894,206.9170486929277,3930242.6293302807,18993.290969048674,-82.13593119936712,-82.13593119936712,0.0,0.0,0.0,0.0,8.143626460051557,8.143626460051557,0.0
0.71215,1.4041985536754895,-1.26299966721745,-0.08132481743720632,339.35739245627275,-559929.6166294296,0.998895965963559,-698.1932538821798,1.0,-19873.004778612154,0.826567873430312,-244.99792771862025,-4671342.008673596,550.8561108289349,-1.9494614958693446,-1650.7501033151725,-17385.516544224003,-3416.932419175772,-35986.75231627939,9.531888811824983,294.9231069963094,16145.089175254163,53.74338494425328,206.46541254638083,3938277.3801693167,19073.756064939513,-82.24296221303263,-82.24296221303263,0.0,0.0,0.0,0.0,8.15357227679469,8.15357227679469,0.0
0.7121535714285714,1.404191511662312,-1.2629736333341337,-0.08251679904313391,338.7998117875679,-559260.4352464246,0.9988970474703475,-697.0303840708071,1.0,-19959.555355643075,0.8271290201648718,-244.4701890127444,-4682431.188771328,549.9157253563889,-1.9805024616941482,-1651.4879816837474,-17455.107969340726,-3411.0106956569275,-36052.06979257888,9.569321825487737,294.40893176303007,16138.897446046378,53.81796136211175,206.01356078748992,3948015.968492043,19162.864521348463,-82.34914582245307,-82.34914582245307,0.0,0.0,0.0,0.0,8.163432360252422,8.163432360252422,0.0
0.7121571428571428,1.404184469719765,-1.2629475811639388,-0.08421297440114017,338.2389737500563,-558585.3159296011,0.9988981210923652,-695.880770332042,1.0,-20046.17265416377,0.8276865553031406,-243.94216126450092,-4693429.2092204215,548.9736400558901,-2.0237098821926374,-1652.2258366417009,-17524.75526948571,-3405.0786048512387,-36116.835786003045,9.606755372562366,293.89387515709166,16132.307946362038,53.891609897412884,205.5614962307908,3958115.38980468,19254.140006184673,-82.45447115715187,-82.45447115715187,0.0,0.0,0.0,0.0,8.173205719220128,8.173205719220128,0.0
0.7121607142857143,1.4041774278478474,-1.2629215026891365,-0.0855140277716373,337.67490987390585,-557903.809339723,0.998899185941526,-694.7171524164796,1.0,-20132.854244989332,0.8282404974090474,-243.41384776217492,-4704335.437977304,548.0298683507242,-2.057489364873806,-1652.963668189506,-17594.456628852924,-3399.1361883755526,-36181.04583474824,9.644188355406603,293.377940779687,16125.332009547423,53.964364282782896,205.1092216722951,3963423.3597262823,19322.477157251764,-82.55892742105601,-82.55892742105601,0.0,0.0,0.0,0.0,8.182891369471214,8.182891369471214,0.0
0.7121642857142857,1.4041703860465584,-1.2628954280533466,-0.08305934503522394,337.1076509343491,-557214.1218286259,0.9989002384447878,-693.4372391770764,1.0,-20219.59759810611,0.8287908600640341,-242.8852517727255,-4715148.957600817,547.084390518779,-2.000849457071721,-1653.70147632764,-17664.209669609343,-3393.183487626967,-36244.69436043716,9.681619338477036,292.8611322128764,16118.012285801002,54.03636540640381,204.65673988965904,3968161.9842140186,19388.35402935402,-82.66250389257017,-82.66250389257017,0.0,0.0,0.0,0.0,8.192488333764139,8.192488333764139,0.0
0.7121678571428571,1.4041633443158967,-1.2628693987248232,-0.08058807627804754,336.53722737609286,-556518.349469054,0.9989012826854631,-692.1544992411378,1.0,-20306.407645426683,0.8293377076618009,-242.35637654288345,-4725870.32396254,546.1371771851395,-1.9436456933289679,-1654.4392610504865,-17734.017771647854,-3387.220543785041,-36307.78761973636,9.719050368997912,292.34345301978044,16110.305241084801,54.10746033363282,204.20405364235287,3981257.1009940375,19495.464590105013,-82.76521760995979,-82.76521760995979,0.0,0.0,0.0,0.0,8.20199812101464,8.20199812101464,0.0
0.7121714285714286,1.4041563026558614,-1.2628433734973024,-0.08188163673338522,335.9636703177798,-555818.5984540666,0.9989023228430253,-690.9842742321025,1.0,-20393.288201456133,0.8298811047710953,-241.8272252984472,-4736500.455180923,545.1882705708026,-1.9771885300354197,-1655.1770223523336,-17803.884478431562,-3381.2473978137423,-36370.33214617615,9.756483589367816,291.82490674474894,16102.166669173817,54.17749272599933,203.75116567183167,3993863.0908548455,19600.66989811235,-82.8670805588946,-82.8670805588946,0.0,0.0,0.0,0.0,8.211421803869158,8.211421803869158,0.0
0.712175,1.4041492610664514,-1.2628173218910177,-0.08358123836256937,335.38701048550405,-555113.074071662,0.9989033553945909,-689.8244483375491,1.0,-20480.234829137324,0.8304210568402822,-241.29780124357487,-4747038.4769767495,544.2377033747694,-2.0206004823277675,-1655.9147602336825,-17873.80667073504,-3375.26409046376,-36432.320832208774,9.79391711455769,291.3054969135619,16093.63848473814,54.246600751627945,203.2980787017064,4001644.5564299403,19682.63194568819,-82.96807433957838,-82.96807433957838,0.0,0.0,0.0,0.0,8.22075774213986,8.22075774213986,0.0
0.7121785714285714,1.4041422195476656,-1.2627912520534161,-0.08477261755962218,334.8072779419825,-554401.3214202749,0.9989043794235632,-688.6471224938505,1.0,-20567.242991124258,0.8309575647162658,-240.76810756189576,-4757483.213820785,543.2854748441465,-2.0517860642151167,-1656.6524746950324,-17943.780658137868,-3369.270662274632,-36493.74546878597,9.831348718107627,290.78522703361494,16084.730677928756,54.31481376139288,202.84479543791656,4009768.9933674443,19766.670078548745,-83.0681806941493,-83.0681806941493,0.0,0.0,0.0,0.0,8.230004308452841,8.230004308452841,0.0
0.7121821428571429,1.404135178099503,-1.262765161895668,-0.08607714494084462,334.2245025992533,-553683.7217483215,0.9989053956716862,-687.4712640086766,1.0,-20654.3081648269,0.8314906309100916,-240.2381474167106,-4767833.571732111,542.3315930337524,-2.0857576766854424,-1657.3901657368667,-18013.802892407733,-3363.2671535769064,-36554.59820597387,9.868776263312082,290.2641005941066,16075.433568301489,54.38209353274698,202.39131856890236,4019628.593751526,19859.67694095821,-83.16738150690702,-83.16738150690702,0.0,0.0,0.0,0.0,8.23915988826846,8.23915988826846,0.0
0.7121857142857142,1.404128136721963,-1.2627390516221533,-0.08797525892305202,333.63871410062455,-552960.5772794227,0.9989064047232145,-686.311607774732,1.0,-20741.425813838825,0.8320202579862569,-239.7079239512125,-4778088.446245676,541.3760639866163,-2.1341782071886133,-1658.1278333596706,-18083.86978471039,-3357.253604494649,-36614.87117969483,9.906197592780986,289.7421210662566,16065.739295480305,54.448407833690446,201.93765076579336,4026964.122121395,19940.62112340237,-83.26565880446014,-83.26565880446014,0.0,0.0,0.0,0.0,8.248222879894335,8.248222879894335,0.0
0.7121892857142856,1.4041210954150434,-1.262712922523081,-0.08714520527601621,333.04994182796685,-552230.1332738413,0.9989074030966831,-685.0663531168132,1.0,-20828.591390469104,0.8325464487058103,-239.17744028862364,-4788246.744154631,540.4188927848154,-2.116422168604528,-1658.8654775640307,-18153.97772275322,-3351.2300549469446,-36674.55654732533,9.94361053881929,289.21929190343565,16055.689432441775,54.51389510282889,201.4837946825262,4029266.5071556214,19996.96814182725,-83.36299475589358,-83.36299475589358,0.0,0.0,0.0,0.0,8.25719169450047,8.25719169450047,0.0
0.7121928571428571,1.4041140541787438,-1.2626868336306614,-0.08351641541426602,332.4582143243215,-551492.4002868361,0.9989083907447613,-683.7330328728773,1.0,-20915.802508565732,0.8330692142242586,-238.6466995328707,-4798307.393154958,539.4600351467554,-2.0305503746825413,-1659.6030983478302,-18224.124048032216,-3345.1965446511376,-36733.64845815322,9.9810135123119,288.69561654144763,16045.28433883336,54.578552009395544,201.02975295610443,4038843.895476492,20089.776793415193,-83.45938003982269,-83.45938003982269,0.0,0.0,0.0,0.0,8.266065506196817,8.266065506196817,0.0
0.7121964285714285,1.4041070130130633,-1.2626607728298362,-0.08378935465606219,331.8635606290097,-550751.0362995318,0.9989093748958541,-682.5173108282758,1.0,-21003.06463975322,0.8335886254626299,-238.1157047692703,-4808271.464461138,538.4995077978912,-2.0394283239929862,-1660.340695702557,-18294.313249298088,-3339.1531131244697,-36792.15548771414,10.018409231701105,288.17109839867163,16034.44249328126,54.64209104376712,200.57552820671842,4053069.461509898,20206.198244706593,-83.55483323189162,-83.55483323189162,0.0,0.0,0.0,0.0,8.274845977775016,8.274845977775016,0.0
0.7121999999999999,1.4040999719180007,-1.2626346843065537,-0.0858009893149756,331.26600999150793,-550004.9095224584,0.9989103533496421,-681.3530654272494,1.0,-21090.37830234729,0.8341047242281135,-237.5844590626448,-4818139.349245605,537.5373645701552,-2.090663945038334,-1661.07826962795,-18364.546473441984,-3333.0997996866213,-36850.07942803032,10.055798398684304,287.64574087628245,16023.19459292688,54.70461270907022,200.12112303793592,4061064.1348720375,20292.030906598517,-83.64935444534683,-83.64935444534683,0.0,0.0,0.0,0.0,8.283533102840224,8.283533102840224,0.0
0.7122035714285714,1.4040929308935548,-1.2626085780564535,-0.08697586391278378,330.6655907409338,-549252.6737091438,0.9989113234200145,-680.1611482249286,1.0,-21177.743259054798,0.834617539645369,-237.0529654586077,-4827910.797940156,536.5736029938006,-2.121571461538315,-1661.8158201245458,-18434.82340704742,-3327.0366434620373,-36907.41913047969,10.093180834965102,287.11954735845245,16011.575557266598,54.766232931807515,199.6665400368795,4067899.835429034,20372.46785634524,-83.74294161835093,-83.74294161835093,0.0,0.0,0.0,0.0,8.292126679776757,8.292126679776757,0.0
0.7122071428571428,1.4040858899397246,-1.26258245077473,-0.0881409001771658,330.062331088302,-548494.8147744056,0.9989122860561674,-678.9669804391499,1.0,-21265.159301732416,0.8351271021246555,-236.5212269838836,-4837585.656964367,535.6082319131099,-2.1522763392665873,-1662.5533471928404,-18505.143934986892,-3320.963683382133,-36964.173851993946,10.130556481830878,286.59252121254326,15999.576171808278,54.82691447814384,199.21178177440493,4077106.504347256,20465.19164806391,-83.83559268962074,-83.83559268962074,0.0,0.0,0.0,0.0,8.300626507354927,8.300626507354927,0.0
0.7122107142857143,1.4040788490565093,-1.2625563059203897,-0.09013868487221544,329.45625892994514,-547731.8233760208,0.9989132422122957,-677.7965698544914,1.0,-21352.6262040996,0.8356334408563231,-235.98924664651668,-4847163.720689637,534.6412543935566,-2.2033731895159674,-1663.2908508333298,-18575.507837887835,-3314.880958187751,-37020.34264760823,10.167925217998565,286.06466578931946,15987.186889625465,54.88661866194858,198.75685080527967,4085413.3058133493,20553.8301316959,-83.92730559843255,-83.92730559843255,0.0,0.0,0.0,0.0,8.309032384731786,8.309032384731786,0.0
0.7122142857142857,1.4040718082439074,-1.2625301326251952,-0.09060256432513825,328.8474020499043,-546962.4741238506,0.9989141894535919,-676.5768926662855,1.0,-21440.143770934956,0.836136586432344,-235.4570274360813,-4856644.910412961,533.6726856038338,-2.217013329110119,-1664.028331046565,-18645.91511291227,-3308.788506431644,-37075.92501066483,10.205287052525847,285.5359844231633,15974.440329552863,54.945454166921394,198.30174966836248,4087452.1300143655,20611.28474710976,-84.01807828462933,-84.01807828462933,0.0,0.0,0.0,0.0,8.317344111451952,8.317344111451952,0.0
0.7122178571428571,1.404064767501918,-1.2625039842147434,-0.08707921551228992,328.2357873780527,-546185.503275329,0.9989151252082783,-675.2319141762503,1.0,-21527.711144975226,0.8366365579253422,-234.924572323968,-4866028.53244939,532.7024864447463,-2.132985457731075,-1664.765787832537,-18716.36436822443,-3302.6863664807365,-37130.91768272134,10.242641160107235,285.0064804322712,15961.369190075742,55.00353074732556,197.84648088678347,4093450.6770978193,20689.035318041737,-84.10790687671914,-84.10790687671914,0.0,0.0,0.0,0.0,8.32556132262166,8.32556132262166,0.0
0.7122214285714286,1.4040577268305403,-1.262477877496244,-0.08600346133033554,327.6214419344779,-545404.3829782276,0.9989160563315912,-673.9604573238745,1.0,-21615.321093136215,0.8371333379516256,-234.39188426467703,-4875312.8260565745,531.7306488716267,-2.108770683572278,-1665.5032211829566,-18786.849645093283,-3296.574576518496,-37185.30839520168,10.279983974903121,284.47615711886016,15947.885849131937,55.06053600642732,197.39104696812484,4107128.9857199877,20806.06824754426,-84.196764601763,-84.196764601763,0.0,0.0,0.0,0.0,8.333681579021125,8.333681579021125,0.0
0.712225,1.4040506862297728,-1.2624517548782077,-0.08783161509688853,327.00439329316146,-544619.3882539859,0.9989169834071089,-672.7769268326765,1.0,-21702.974969213443,0.8376269717747228,-233.85896619406253,-4884498.387287484,530.757227472884,-2.155752554286369,-1666.2406310953163,-18857.37279543469,-3290.4531745476584,-37239.10041587339,10.31731662493349,283.94501776940297,15933.9875545917,55.11645409299623,196.93545040460208,4116259.863789562,20900.568789838213,-84.284654719282,-84.284654719282,0.0,0.0,0.0,0.0,8.341705193391157,8.341705193391157,0.0
0.7122285714285714,1.4040436456996148,-1.2624256114152053,-0.08918185600947481,326.3846682730065,-543828.7577534906,0.9989179029267597,-671.5767059689508,1.0,-21790.67731248949,0.8381175181654427,-233.3258210299195,-4893586.082775069,529.7822322721398,-2.191057794511615,-1666.9780175700914,-18927.937487539722,-3284.3221983923117,-37292.300561182914,10.354641325822916,283.4130656548104,15919.723482100988,55.17145224169301,196.4796936732459,4122543.5075482745,20981.03346348982,-84.37159212958812,-84.37159212958812,0.0,0.0,0.0,0.0,8.349633540046987,8.349633540046987,0.0
0.7122321428571429,1.4040366052400652,-1.2623994478442109,-0.09039358592005442,325.7622933156626,-543032.7105627792,0.9989188153075778,-670.3702947770319,1.0,-21878.432646900423,0.8386050340783333,-232.79245167263375,-4902576.714559332,528.8056684741472,-2.2229975489706306,-1667.715380607815,-18998.54730093386,-3278.181685700654,-37344.91541005047,10.391960236050384,282.8803040306693,15905.093895363703,55.22552602191528,196.023779236085,4130334.0990571133,21069.576820594128,-84.45759157771933,-84.45759157771933,0.0,0.0,0.0,0.0,8.357467979229817,8.357467979229817,0.0
0.7122357142857143,1.4040295648511227,-1.262373265658941,-0.09200558434903883,325.1372946868579,-542231.5694661627,0.998919721172946,-669.1744292879121,1.0,-21966.24550335786,0.8390895753492722,-232.25886100539617,-4911471.075395012,527.8275406276608,-2.264823882777669,-1668.4527202090435,-19069.20581037512,-3272.0316739474365,-37396.95147055309,10.429275507420975,282.3467361374553,15890.096360591526,55.27866140041274,195.5677095403288,4138720.625756419,21161.597012994913,-84.54266765332687,-84.54266765332687,0.0,0.0,0.0,0.0,8.36520985709663,8.36520985709663,0.0
0.7122392857142856,1.4040225245327866,-1.2623470583829501,-0.09343632495230736,324.50969848564364,-541425.0647092814,0.9989206199742892,-667.9710667882943,1.0,-22054.120434630204,0.8395711977395287,-231.725051894434,-4920270.02155107,526.8478599161235,-2.3022358142505985,-1669.1900363742684,-19139.91671821186,-3265.872200436535,-37448.41543893738,10.466589364376173,281.8123652007549,15874.743238231464,55.33089671889578,195.11148701856533,4142649.9146857182,21231.21947609643,-84.62683479057085,-84.62683479057085,0.0,0.0,0.0,0.0,8.372860505710591,8.372860505710591,0.0
0.7122428571428571,1.4040154842850554,-1.2623208505417565,-0.09125665697169438,323.87953024967527,-540611.4304762341,0.9989215081533767,-666.6534271900983,1.0,-22142.061920405158,0.8400499522186836,-231.1910271891609,-4928974.163298419,525.8666116261727,-2.250647075517396,-1669.927329104076,-19210.683239855563,-3259.703302302845,-37499.312997079716,10.50390373583633,281.277194431431,15859.084027350726,55.382402630998975,194.65511408888878,4145052.1299092276,21293.339731636333,-84.71010726802876,-84.71010726802876,0.0,0.0,0.0,0.0,8.380421224497233,8.380421224497233,0.0
0.7122464285714285,1.4040084441079284,-1.2622946878932801,-0.08852067476433945,323.24681507830456,-539792.31671928,0.9989223889353259,-665.3163525866336,1.0,-22230.063655807746,0.8405258214897006,-230.6567897232548,-4937581.730377868,524.8837635099072,-2.185199837328497,-1670.6645983934434,-19281.49974569874,-3253.5250165158864,-37549.6325467728,10.541215253043822,280.74122702593445,15843.075474423038,55.433020694033935,194.19859315516896,4155980.362973322,21399.671835210476,-84.79246180797401,-84.79246180797401,0.0,0.0,0.0,0.0,8.387889829597867,8.387889829597867,0.0
0.7122499999999999,1.4040014040014042,-1.26226853378761,-0.0896752675698167,322.6115786715718,-538970.0921865144,0.9989232670586102,-664.0985170877315,1.0,-22318.11699171324,0.8409987836472904,-230.1223423142263,-4946091.1130797025,523.8993519816694,-2.2157331302225516,-1671.401844236056,-19352.359892635366,-3247.3373798817465,-37599.36120987286,10.578520126307929,280.20446616647297,15826.655282841708,55.48252327797978,193.7419266071803,4167366.051453967,21508.88236998114,-84.8738665315301,-84.8738665315301,0.0,0.0,0.0,0.0,8.39526338578758,8.39526338578758,0.0
0.7122535714285714,1.403994363965482,-1.2622423522720834,-0.09145894772589713,321.97384650287177,-538143.0769787745,0.9989241391888957,-662.8984611981157,1.0,-22406.226666106795,0.8414688973754012,-229.58768776252197,-4954503.445837724,522.9134126288641,-2.2618518557047316,-1672.1390666324069,-19423.267941190254,-3241.1404290456603,-37648.50678069681,10.615820913931287,279.6669150212347,15809.871640384235,55.53107604517258,193.2851168208013,4173386.2773642484,21590.865664615463,-84.95433627952201,-84.95433627952201,0.0,0.0,0.0,0.0,8.4025432537006,8.4025432537006,0.0
0.7122571428571428,1.4039873240001606,-1.262216152807239,-0.09263549047443576,321.33364333016004,-537310.6599456687,0.9989250040790608,-661.6776139108845,1.0,-22494.397346245823,0.8419362150785803,-229.05282885269077,-4962819.488763379,521.9259432348808,-2.292996951613021,-1672.8762655830374,-19494.22746301228,-3234.934200494747,-37697.075647339385,10.653119757914716,279.1285767446253,15792.745456675813,55.578748191463724,192.82816615820096,4179529.098543115,21673.88900513697,-85.03388586909,-85.03388586909,0.0,0.0,0.0,0.0,8.409730791994527,8.409730791994527,0.0
0.7122607142857142,1.403980284105439,-1.2621899328600525,-0.09390908622833649,320.69099382070635,-536473.2455807655,0.9989258625194852,-660.4579537859248,1.0,-22582.633731811133,0.8424007896181022,-228.51776835360644,-4971040.087714452,520.9369515169278,-2.3265737192175826,-1673.613441088495,-19565.24222364433,-3228.718730560577,-37745.07451036591,10.690418912338185,278.5894544774908,15775.272094432954,55.62551773189085,192.371076968025,4187650.4989271923,21767.607656249926,-85.11252995624483,-85.11252995624483,0.0,0.0,0.0,0.0,8.41682734471663,8.41682734471663,0.0
0.7122642857142857,1.4039732442813162,-1.2621636933599623,-0.09585681674440139,320.0459223769674,-535631.1691321236,0.998926715161028,-659.2575555406122,1.0,-22670.94051537756,0.8428626724585503,-227.98250901868667,-4979166.054765156,519.9464422994132,-2.376897382166095,-1674.3505931493046,-19636.315934606744,-3222.494055421759,-37792.50990118722,10.727720595047288,278.0495513473414,15757.448473874634,55.671368097948566,191.9138515855837,4193452.1681914465,21849.700892850262,-85.19028303578597,-85.19028303578597,0.0,0.0,0.0,0.0,8.42383424129671,8.42383424129671,0.0
0.7122678571428571,1.403966204527791,-1.2621374327627188,-0.0952476235625852,319.3984532010794,-534782.787043365,0.9989275586943899,-657.975272121435,1.0,-22759.32239677634,0.8433219143981756,-227.4470535861137,-4987198.230667989,518.9544224227967,-2.3638231514425403,-1675.0877217660443,-19707.45234861812,-3216.2602111067204,-37839.38836607083,10.765027044578037,277.5088704685925,15739.322009501208,55.71646453291493,191.45649233303894,4193739.174608542,21903.397826914766,-85.26715944121531,-85.26715944121531,0.0,0.0,0.0,0.0,8.430752796539132,8.430752796539132,0.0
0.7122714285714286,1.4039591648448626,-1.26211121060488,-0.09155862039108342,318.7486096709905,-533927.8699912365,0.9989283925826947,-656.5944864492037,1.0,-22847.7796589017,0.8437785334217611,-226.91140477934923,-4995136.083317839,517.9608485595743,-2.2741996138144174,-1675.824826937047,-19778.650843316114,-3210.017233496143,-37885.708005883826,10.802337884840936,276.96741494277603,15720.900756276786,55.760831448439035,190.99900151959247,4201065.712101904,21994.22342356833,-85.3431587521996,-85.3431587521996,0.0,0.0,0.0,0.0,8.43758297511878,8.43758297511878,0.0
0.712275,1.4039521252325295,-1.2620850193012796,-0.09163668442454309,318.09641560400144,-533070.0014969365,0.9989292239944981,-655.3297920308846,1.0,-22936.29887159342,0.844232475646845,-226.375565308012,-5002976.832788827,516.9657327164758,-2.278044056733031,-1676.561908653685,-19849.900884098857,-3203.765158325957,-37931.44799512188,10.839646828215697,276.4251878587991,15702.086999706225,55.80411080240277,190.54138144167436,4213752.483252037,22113.63174754974,-85.41823323046151,-85.41823323046151,0.0,0.0,0.0,0.0,8.444320404575883,8.444320404575883,0.0
0.7122785714285714,1.4039450856907911,-1.2620588014116585,-0.0936518812690963,317.4418950894268,-532208.2613921734,0.998930051119743,-654.1240554686867,1.0,-23024.88277004403,0.8446837861316405,-225.8395378660328,-5010721.36297575,515.9691275979216,-2.330063166427402,-1677.2989669154165,-19921.2054665887,-3197.504021189671,-37976.6134975359,10.87695566475198,275.8821922931471,15682.908979806956,55.84639827402342,190.08363438313162,4220169.906936447,22200.647820086888,-85.49239019235102,-85.49239019235102,0.0,0.0,0.0,0.0,8.450965742456155,8.450965742456155,0.0
0.7122821428571429,1.403938046219646,-1.2620325654552464,-0.09484731551802383,316.7850713146662,-531341.2579608447,0.998930871138184,-652.8907891149048,1.0,-23113.53596589069,0.8451325130034424,-225.3033251328519,-5018370.4207888795,514.971031698242,-2.3617273652223876,-1678.0360017228222,-19992.56812915098,-3191.233857541402,-38021.21065784404,10.914266504785843,275.33843131014476,15663.407740972865,55.88783678486713,189.6257626154179,4225130.608130891,22280.4165641613,-85.56564378733736,-85.56564378733736,0.0,0.0,0.0,0.0,8.457520271513388,8.457520271513388,0.0
0.7122857142857143,1.403931006819093,-1.2620063085556317,-0.09600481381971804,316.12596742189135,-530469.4292908668,0.9989316849102808,-651.6545276269915,1.0,-23202.263103436682,0.8455787048513608,-224.766929773783,-5025924.829750878,513.9714528253777,-2.392469612388172,-1678.7730130764585,-20063.992600442634,-3184.9547026984123,-38065.24592063806,10.951581568299154,274.7939079621766,15643.57739274982,55.9283995731923,189.16776839778282,4232475.962211761,22373.19195701295,-85.63800800496051,-85.63800800496051,0.0,0.0,0.0,0.0,8.463985260156015,8.463985260156015,0.0
0.7122892857142857,1.4039239674891322,-1.2619800341711558,-0.0979764844619524,315.4646062003287,-529593.2458730965,0.9989324933590398,-650.4420918711645,1.0,-23291.06880501059,0.8460224085889853,-224.2303544402363,-5033385.351683884,512.9703935979536,-2.4435386821734824,-1679.510000976792,-20135.482500024857,-3178.666591843718,-38108.725459365254,10.988903006421033,274.2486252899133,15623.41093927233,55.96805562017506,188.70965397746232,4239169.194591555,22462.976300321345,-85.70949667478277,-85.70949667478277,0.0,0.0,0.0,0.0,8.47036196244273,8.47036196244273,0.0
0.7122928571428571,1.4039169282297612,-1.2619537310078874,-0.09861754969685421,314.8010103784486,-528711.6404423193,0.9989332943237846,-649.1859967666599,1.0,-23379.95772921347,0.8464636719788006,-223.69360176996025,-5040752.875841808,511.9678686053553,-2.4614490592257368,-1680.2469654244856,-20207.04169231241,-3172.369560029624,-38151.6558470597,11.026233112230289,273.70258632261647,15602.941479510026,56.006920135999934,188.25142158988322,4239556.539403136,22519.714603894245,-85.78012346630892,-85.78012346630892,0.0,0.0,0.0,0.0,8.476651618075834,8.476651618075834,0.0
0.7122964285714285,1.4039098890409794,-1.261927449366247,-0.09522368667930436,314.1352019607377,-527823.267263831,0.9989340850217179,-647.8008833116853,1.0,-23468.933692680646,0.8469025309291237,-223.15667438724495,-5048027.640928114,510.9638424651465,-2.378571662557631,-1680.9839064197251,-20278.6724696307,-3166.0636421789413,-38194.04062856138,11.06357323956873,273.1557940782455,15582.208408024693,56.04513228652645,187.79307345879684,4243239.372146337,22594.29222241168,-85.84989955477505,-85.84989955477505,0.0,0.0,0.0,0.0,8.48285523961664,8.48285523961664,0.0
0.7122999999999999,1.4039028499227857,-1.261901210676509,-0.09389900286049624,313.4672029174694,-526931.2834381937,0.9989348717757869,-646.4790158053271,1.0,-23557.98470044982,0.8473389368028711,-222.6195749042805,-5055206.95578499,509.9583034238616,-2.3472640291941755,-1681.7208239545469,-20350.365010309128,-3159.748873089446,-38235.86054971815,11.100917536631009,272.60825156384243,15561.124223060642,56.08236685350797,187.33461179655617,4255056.758184914,22712.671101023603,-85.91878287790001,-85.91878287790001,0.0,0.0,0.0,0.0,8.488968986413902,8.488968986413902,0.0
0.7123035714285714,1.403895810875179,-1.261874959191614,-0.09566128185278444,312.7970357900137,-526036.2338737813,0.9989356557182033,-645.2527047226072,1.0,-23647.108505342032,0.8477729034713247,-222.08230591957675,-5062290.690119062,508.9513021015503,-2.3931064886405977,-1682.4577180259282,-20422.118358007967,-3153.4252874357953,-38277.11315605059,11.138265431103836,272.059961775699,15539.67610213106,56.1185704824248,186.87603880424987,4262825.205829026,22809.977978264393,-85.98676369765671,-85.98676369765671,0.0,0.0,0.0,0.0,8.494991963774318,8.494991963774318,0.0
0.7123071428571428,1.403888771898158,-1.2618486858910796,-0.09706621465488752,312.12472244474634,-525136.3917847363,0.9989364333498145,-644.013366236577,1.0,-23736.309774703663,0.8482044775636424,-221.5448700183845,-5069279.725300213,507.94285112984016,-2.4300433680402764,-1683.1945886344115,-20493.936351971744,-3147.0929197724113,-38317.80498051807,11.175619200747688,271.5109276996049,15517.914547997583,56.15392260442033,186.41735667190872,4267334.084767605,22890.29167450882,-86.05385577009253,-86.05385577009253,0.0,0.0,0.0,0.0,8.50092541881137,8.50092541881137,0.0
0.7123107142857142,1.403881732991722,-1.2618223928621715,-0.09827911224900276,311.4502844546533,-524231.873674715,0.9989372048810569,-642.7662068623416,1.0,-23825.593148121272,0.8486337035796058,-221.0072697734016,-5076174.830358469,506.9329541396695,-2.462195683567855,-1683.931435780591,-20565.822645587115,-3140.751804536481,-38357.942142675834,11.212981008964759,270.9611523111088,15495.841663753403,56.18842546831799,185.95856757869768,4273178.891515946,22978.198792266114,-86.12007269003482,-86.12007269003482,0.0,0.0,0.0,0.0,8.506770584191536,8.506770584191536,0.0
0.7123142857142857,1.4038746941558702,-1.2617960809394746,-0.0998190668619543,310.773743166832,-523322.97405102354,0.9989379708847902,-641.5276406874806,1.0,-23914.96326314935,0.8490606253167547,-220.4695077449997,-5082976.774865871,505.9216157614993,-2.5025665436390425,-1684.6682594649435,-20637.780909286605,-3134.401976050486,-38397.53073041798,11.250353025491936,270.41063857573687,15473.454768823312,56.222063637446325,185.4996736931084,4279882.411783871,23071.182967095294,-86.18542789107943,-86.18542789107943,0.0,0.0,0.0,0.0,8.51252867813335,8.51252867813335,0.0
0.7123178571428571,1.403867655390601,-1.2617697449800318,-0.10137170019433484,310.0951197655895,-522409.56428383134,0.9989387310822452,-640.2877456990651,1.0,-24004.424768024535,0.849485286431457,-219.9315864814517,-5089686.373651685,504.9088453973516,-2.5432854264049682,-1685.4050596881195,-20709.814912219823,-3128.043468525594,-38436.576951140036,11.287737474843068,269.8593894492854,15450.762364333921,56.25486297091611,185.04067717315206,4282454.02663254,23142.31147105146,-86.2499346455428,-86.2499346455428,0.0,0.0,0.0,0.0,8.518200904403614,8.518200904403614,0.0
0.7123214285714285,1.4038606166959138,-1.2617434043366897,-0.09946033496171935,309.41443505131343,-521489.92295840883,0.9989394819369118,-638.9363860907379,1.0,-24093.98225115582,0.8499077269913679,-219.39350851915856,-5096304.243052883,503.8946328337617,-2.497066060541436,-1686.1418364506762,-20781.92800687433,-3121.676316064035,-38475.08617529352,11.325136330535651,269.3074078780276,15427.815034763758,56.287005791356435,184.58158016655258,4282594.318180059,23200.63428179435,-86.31360606446805,-86.31360606446805,0.0,0.0,0.0,0.0,8.523788452318051,8.523788452318051,0.0
0.712325,1.403853578071807,-1.2617171085392185,-0.09648431574342453,308.73170933200015,-520565.2969328358,0.9989402259080278,-637.5493786205159,1.0,-24183.630944736567,0.8503279340317957,-218.85527638351684,-5102828.914070754,502.8789439073744,-2.424007368806058,-1686.8785897482733,-20854.115667745664,-3115.3005526622055,-38513.04916657007,11.362546892516816,268.7546967989816,15404.578726400989,56.31836098076839,184.1223848109398,4291351.969645161,23306.062712942803,-86.37642464560088,-86.37642464560088,0.0,0.0,0.0,0.0,8.529289726330433,8.529289726330433,0.0
0.7123285714285714,1.4038465395182802,-1.2616908255405253,-0.09749642112237211,308.0469634310561,-519638.2559443894,0.9989409682267882,-636.2869514567461,1.0,-24273.361217556594,0.8507458778290218,-218.31689258883472,-5109258.619282786,501.86180965170325,-2.4510842651977938,-1687.6153195739616,-20926.370746964472,-3108.916212213482,-38550.45194449395,11.39996491158147,268.20125914015443,15380.981795533842,56.34865617277424,183.66309323404334,4301502.557193932,23419.61478683958,-86.4383564997803,-86.4383564997803,0.0,0.0,0.0,0.0,8.534701632848538,8.534701632848538,0.0
0.7123321428571429,1.4038395010353315,-1.261664514304331,-0.09934948314059966,307.3602180837846,-518707.2421829927,0.9989417057420067,-635.0494894003849,1.0,-24363.17730259664,0.8511616026480302,-217.778359637265,-5115594.390205649,500.8432680193365,-2.499325990723868,-1688.3520259282882,-20998.697229724596,-3102.5233285112977,-38587.30112148619,11.437392739928812,267.6470978208071,15357.07091713004,56.3780588026842,183.20370755388655,4305831.949419086,23501.973858498972,-86.49941328272575,-86.49941328272575,0.0,0.0,0.0,0.0,8.540025217022837,8.540025217022837,0.0
0.7123357142857143,1.4038324626229606,-1.2616381854558647,-0.10051720054426028,306.67149335313775,-517771.5197019829,0.9989424369218872,-633.7885689840656,1.0,-24453.08344921544,0.8515751469074784,-217.23968001999248,-5121836.840119356,499.82331575172987,-2.5303513220518803,-1689.0887088117618,-21071.098330199264,-3096.1219352517246,-38623.60182720656,11.47483226918398,267.0922157516795,15332.870455284628,56.406654148018596,182.74422987898095,4310065.0115828775,23584.23174404543,-86.55960698834127,-86.55960698834127,0.0,0.0,0.0,0.0,8.545261555091827,8.545261555091827,0.0
0.7123392857142857,1.403825424281166,-1.2616118358502475,-0.10176334436840762,305.98080917318566,-516831.50092149817,0.9989431625848058,-632.528428729787,1.0,-24543.083930814733,0.8519865498293733,-216.70085621747293,-5127986.679471866,498.8019605319813,-2.5633649633224214,-1689.8253682249929,-21143.57749181238,-3089.712066036795,-38659.359555157665,11.512285523338884,266.5366158352761,15308.374123931333,56.43441318918881,182.2846623085203,4316467.636037766,23678.818045975047,-86.61894946016474,-86.61894946016474,0.0,0.0,0.0,0.0,8.55041170996261,8.55041170996261,0.0
0.712342857142857,1.4038183860099471,-1.2615854673436353,-0.10374596409499759,305.28818531787306,-515887.54230370204,0.9989438834338962,-631.2900033881458,1.0,-24633.18301006783,0.8523958493832389,-216.16189069968,-5134044.57181544,497.7792060621279,-2.61495646526326,-1690.562004168549,-21216.13807309306,-3083.293754377434,-38694.57958446769,11.549754472642112,265.9803009661211,15283.576929699257,56.461311511358815,181.8250069325899,4320803.095201745,23762.52498533739,-86.67745239138588,-86.67745239138588,0.0,0.0,0.0,0.0,8.555476731212927,8.555476731212927,0.0
0.7123464285714285,1.4038113478093024,-1.2615590756258062,-0.10336011066777928,304.59364135430474,-514938.12803637545,0.9989445963471372,-629.9745504681548,1.0,-24723.38495326186,0.8528030834902997,-215.62278592626825,-5140011.238140139,496.7550608982347,-2.6068498039264267,-1691.2986166430446,-21288.78353109117,-3076.8670336956293,-38729.267315495876,11.587241142162098,265.42327403094464,15258.524595670744,56.48751555936204,181.36526583230463,4319197.1281540105,23813.908043901087,-86.73512732487035,-86.73512732487035,0.0,0.0,0.0,0.0,8.560457655093785,8.560457655093785,0.0
0.7123499999999999,1.4038043096792308,-1.261532720372422,-0.09962731087688326,303.8971961444274,-513982.808040401,0.9989453003185924,-628.5507601750563,1.0,-24813.692099318396,0.853208273317637,-215.0835443471324,-5145886.505675014,495.72948326723895,-2.5142404385555186,-1692.035205647281,-21361.514798687916,-3070.4319373287253,-38763.42350839015,11.624746061661384,264.86553790905566,15233.232424274689,56.51307831336358,180.90544108008956,4324300.611798247,23902.651465540024,-86.79197996074464,-86.79197996074464,0.0,0.0,0.0,0.0,8.565354982570135,8.565354982570135,0.0
0.7123535714285714,1.4037972716197316,-1.2615063986289026,-0.09951041827940799,303.1988688819524,-513025.06550434325,0.998946002461883,-627.2402572072533,1.0,-24904.09771123626,0.8536114003227225,-214.5441684033021,-5151668.934506056,494.7024808868943,-2.5127991061234396,-1692.7717711724156,-21434.326580806242,-3063.988498531401,-38797.03763719427,11.662266080890989,264.30709547251183,15207.604180337594,56.53763119053002,180.44553473981836,4335451.750084663,24025.37314542521,-86.84798629581286,-86.84798629581286,0.0,0.0,0.0,0.0,8.570166503551889,8.570166503551889,0.0
0.7123571428571428,1.4037902336308032,-1.2614800515107454,-0.1015192320007543,302.4986790607463,-512064.18253259594,0.9989467013389095,-625.9957805212206,1.0,-24994.60051775533,0.8540124794019756,-214.00466052520213,-5157358.617938262,493.6741052220805,-2.565038450092124,-1693.5083132177367,-21507.21879387247,-3057.5367504791734,-38830.10868598358,11.699801132365186,263.7479495864225,15181.66128456233,56.561248564655635,179.9855488670235,4340357.971971145,24114.03589756463,-86.90313964662528,-86.90313964662528,0.0,0.0,0.0,0.0,8.574891613934682,8.574891613934682,0.0
0.7123607142857142,1.4037831957124451,-1.2614536861002767,-0.10273265227726824,301.7966454269187,-511098.74118525896,0.998947394008923,-624.7242899216526,1.0,-25085.200243730294,0.8544115238303178,-213.46502313373884,-5162955.3204247765,492.6443558210127,-2.597203029203635,-1694.2448317837886,-21580.19111751702,-3051.0767262710606,-38862.63521772997,11.737351008942598,263.1881031091801,15155.444370531683,56.5840784271493,179.52548550909194,4343546.092945527,24193.593211254964,-86.95743709601248,-86.95743709601248,0.0,0.0,0.0,0.0,8.57953005621571,8.57953005621571,0.0
0.7123642857142857,1.403776157864656,-1.2614272997529212,-0.1038974348930708,301.092786591427,-510129.13854860567,0.9989480812633209,-623.4495774282647,1.0,-25175.896624684687,0.8548085477783667,-212.92525864070453,-5168458.871854779,491.6132398478422,-2.628146516937725,-1694.9813268711946,-21653.243392085693,-3044.608458932916,-38894.61609383689,11.774915598660852,262.6275588927467,15128.944715064355,56.60608208387908,179.06534670546128,4349064.6565790605,24286.584038986024,-87.0108757234907,-87.0108757234907,0.0,0.0,0.0,0.0,8.584081572733226,8.584081572733226,0.0
0.7123678571428571,1.403769120087435,-1.2614008959138134,-0.10582381528962514,300.3871209525985,-509155.7994660355,0.998948763949303,-622.197511476743,1.0,-25266.689372766246,0.8552035645818219,-212.38536944900915,-5173869.049730636,490.5807597017296,-2.6783726584040997,-1695.717798480507,-21726.375343290605,-3038.131981420202,-38926.049977147355,11.812494722151941,262.0663197828955,15102.152642923727,56.627216864169554,178.60513448781617,4354171.925770669,24377.761216787392,-87.0634526053716,-87.0634526053716,0.0,0.0,0.0,0.0,8.588545905676852,8.588545905676852,0.0
0.7123714285714285,1.4037620823807806,-1.2613744633714457,-0.10663510507933438,299.67966682191184,-508177.8299669435,0.9989494402068028,-620.908195241309,1.0,-25357.57822305456,0.8555965890104672,-211.84535795291268,-5179185.76530928,489.5469291703085,-2.700387761829118,-1696.4542466123808,-21799.586947807187,-3031.6473266213425,-38956.93598795278,11.850088348293738,261.504388619499,15075.09498594711,56.647579321821894,178.14485088028465,4353066.759656369,24434.546344147097,-87.1151648148475,-87.1151648148475,0.0,0.0,0.0,0.0,8.592922797095774,8.592922797095774,0.0
0.712375,1.403755044744692,-1.2613480486568465,-0.1034009902596722,298.97044188885513,-507193.82811854454,0.9989501070674207,-619.487904663542,1.0,-25448.562928013154,0.8559876301475614,-211.30522653828376,-5184408.475020392,488.5117172316156,-2.6198981248335635,-1697.1906712671896,-21872.877275065563,-3025.154527360486,-38987.27163381155,11.887695911464332,260.9417682367694,15047.812268897818,56.667319304910826,177.68449789963506,4354481.803446079,24505.818855439513,-87.16600994891445,-87.16600994891445,0.0,0.0,0.0,0.0,8.597212034871383,8.597212034871383,0.0
0.7123785714285714,1.4037480071791684,-1.261321677974099,-0.10182369120221324,298.25946380572,-506206.61228614923,0.9989507703022412,-618.1187667133628,1.0,-25539.648510138,0.8563767243610043,-210.76497758379372,-5189537.7489087945,487.4751088667537,-2.5812958611572285,-1697.9270724373482,-21946.24988819922,-3018.653616400709,-39017.06243269215,11.925319493666894,260.3784614635341,15020.231296960905,56.68615119904794,177.22407755547283,4364397.628860863,24625.43727117025,-87.21600208875606,-87.21600208875606,0.0,0.0,0.0,0.0,8.601414836452875,8.601414836452875,0.0
0.7123821428571429,1.4037409696842085,-1.2612952977767453,-0.10350546079550327,297.5467506996425,-505216.98370023596,0.9989514315967495,-616.8521544754778,1.0,-25630.834197161283,0.8567638873498236,-210.2246134596582,-5194573.724645775,486.437150734068,-2.625288143479758,-1698.663450119276,-22019.705035178802,-3012.1446264471397,-39046.30796230269,11.962959221635476,259.8144711235069,14992.33196399619,56.703991233303356,176.76359185043762,4370865.907296566,24726.184266513566,-87.26513633727444,-87.26513633727444,0.0,0.0,0.0,0.0,8.605530739252991,8.605530739252991,0.0
0.7123857142857143,1.403733932259811,-1.2612688949073534,-0.10496278174875329,296.8323202264462,-504223.26753705315,0.9989520874709535,-615.5767379859526,1.0,-25722.115336552804,0.8571491123231664,-209.68413652785105,-5199515.51477106,485.39785804839306,-2.6636017017657925,-1699.3998043136037,-22093.23924680792,-3005.6275901500626,-39075.00122539617,12.00061303451279,259.2498000355549,14964.160538994716,56.72101092051932,176.3030427804002,4373674.266817094,24806.70721731026,-87.31339599051188,-87.31339599051188,0.0,0.0,0.0,0.0,8.609558246926483,8.609558246926483,0.0
0.7123892857142857,1.4037268949059754,-1.2612424726530809,-0.10618375372777678,296.11618967204845,-503225.48436826625,0.9989527379367811,-614.2921285656541,1.0,-25813.487215426594,0.8575323909755955,-209.14354914286105,-5204362.081486225,484.3572333001164,-2.6959241101814246,-1700.1361350208915,-22166.848741936792,-2999.102540107855,-39103.134742390685,12.038278691526314,258.6844510139537,14935.716150188771,56.73720102482357,175.84243233466043,4377622.344276055,24894.14212328817,-87.36076448447562,-87.36076448447562,0.0,0.0,0.0,0.0,8.613495875864267,8.613495875864267,0.0
0.7123928571428572,1.4037198576227,-1.2612160311137928,-0.1076594277019467,295.398376238579,-502223.89781061193,0.9989533835145592,-613.0140518023419,1.0,-25904.94512035604,0.8579137156833961,-208.6028536519252,-5209112.420161621,483.3152814363901,-2.7347184680536816,-1700.872442241803,-22240.529789824926,-2992.569508870405,-39130.70119616418,12.07595398542128,258.1184268686815,14906.991195168264,56.752526140848666,175.38176249614443,4382655.4340609,24988.231329895247,-87.40722539528241,-87.40722539528241,0.0,0.0,0.0,0.0,8.617342155207364,8.617342155207364,0.0
0.7123964285714285,1.403712820409985,-1.2611895665993762,-0.10931826009328915,294.6788969145633,-501218.49779841263,0.9989540241598192,-611.7402322128053,1.0,-25996.48432609645,0.8582930794980472,-208.0620523952788,-5213765.564453285,482.2720102964862,-2.7781743972220614,-1701.608725976809,-22314.278711974544,-2986.028528941981,-39157.69343417602,12.113636743467582,257.55173040566854,14877.98578734091,56.766980497108925,174.9210352416165,4383898.564981768,25061.15766975274,-87.45276243933415,-87.45276243933415,0.0,0.0,0.0,0.0,8.621095626862818,8.621095626862818,0.0
0.7123999999999999,1.4037057832678272,-1.2611630935753855,-0.10766473328686743,293.9577683947708,-500207.6263977791,0.9989546563723961,-610.3585889783446,1.0,-26088.100050271016,0.8586704738127894,-207.52114770632403,-5218320.414735327,481.2274138334275,-2.7374215535515343,-1702.344986226749,-22388.09148734858,-2979.4796327843674,-39184.10377635595,12.151324595475698,256.9843644270654,14848.746360675033,56.780738504381844,174.46025254182,4381878.623687016,25115.77336152332,-87.49735947344425,-87.49735947344425,0.0,0.0,0.0,0.0,8.624754845516048,8.624754845516048,0.0
0.7124035714285714,1.4036987461962271,-1.2611366648803166,-0.10448241644013478,293.23500698338705,-499192.1745891614,0.9989552819289781,-608.9261795042187,1.0,-26179.793505496025,0.8590459144324754,-206.9801419124933,-5222776.65189182,480.1814568669035,-2.657712321795374,-1703.0812229877429,-22461.96821322565,-2972.922852820232,-39209.931810105314,12.18901759354745,256.41633173153696,14819.250498787036,56.793707595437056,173.99941636176135,4388449.409342487,25220.058214462533,-87.54101933575174,-87.54101933575174,0.0,0.0,0.0,0.0,8.628320058421533,8.628320058421533,0.0
0.7124071428571428,1.4036917091951835,-1.2611102528716784,-0.10534143111493677,292.5106293346098,-498174.84084159246,0.9989559064671552,-607.6217261111618,1.0,-26271.572041314696,0.8594194528542617,-206.4390373353305,-5227135.717682557,479.1341657123157,-2.680746764642096,-1703.8174362523516,-22535.915170365297,-2966.358221436186,-39235.18789092877,12.226719418915204,255.84763511452476,14789.428349359687,56.80560896230099,173.53852866085032,4397304.593940657,25338.06808979805,-87.58376317890355,-87.58376317890355,0.0,0.0,0.0,0.0,8.631793140454075,8.631793140454075,0.0
0.7124107142857142,1.403684672264695,-1.2610838122650545,-0.10725171974124237,291.78465216126267,-497154.20793106785,0.9989565270420622,-606.3494206719602,1.0,-26363.432639518236,0.8597910939068308,-205.89783628933608,-5231397.320950701,478.0855798771174,-2.7305362086845983,-1704.5536260210374,-22609.93071762482,-2959.785770986003,-39259.868507169725,12.264429098897573,255.27827736852578,14759.321053283464,56.81659609045606,173.07759139311315,4399989.157674247,25421.061413372114,-87.62557990422937,-87.62557990422937,0.0,0.0,0.0,0.0,8.635173087118797,8.635173087118797,0.0
0.7124142857142857,1.4036776354047606,-1.261057354141116,-0.10841985719812897,291.0570915317268,-496129.44092962635,0.9989571418673421,-605.0517004543661,1.0,-26455.371883223692,0.8601608353626132,-205.3565410831436,-5235560.640687235,477.03569592219816,-2.7614350072322877,-1705.2897922943978,-22684.01197043195,-2953.2055337936854,-39283.968028442134,12.30214493333215,254.70826128335682,14728.95276392232,56.82675712876354,172.61660650739063,4402328.084729771,25502.502668738212,-87.66645775776789,-87.66645775776789,0.0,0.0,0.0,0.0,8.638458835817417,8.638458835817417,0.0
0.7124178571428571,1.4036705986153792,-1.2610308751034989,-0.10964108524930793,290.3279634675201,-495100.944579121,0.9989577517647642,-603.7540956012612,1.0,-26547.38637707176,0.8605286766858322,-204.81515401977668,-5239624.972746919,475.984521406465,-2.7936810318441214,-1706.0259350730842,-22758.15630015466,-2946.617542156825,-39307.4813240221,12.339865375012442,254.13758964644512,14698.312664310348,56.83604339979207,172.15557594753673,4406970.211626915,25597.765461828025,-87.70638508057931,-87.70638508057931,0.0,0.0,0.0,0.0,8.641649332790998,8.641649332790998,0.0
0.7124214285714285,1.40366356189655,-1.2610043776782205,-0.11164453721056589,289.59728380158333,-494069.08860613004,0.9989583574820673,-602.4800484660855,1.0,-26639.472698456557,0.8608946168529111,-204.27367739688407,-5243589.566785168,474.9320594018172,-2.845860430134906,-1706.762054357677,-22832.36095791227,-2940.0218283496124,-39330.40310899246,12.377588808947948,253.5662652430883,14667.390784308407,56.84440911430827,171.69450165261722,4409810.445606632,25683.05163334135,-87.7453503089007,-87.7453503089007,0.0,0.0,0.0,0.0,8.644743533134356,8.644743533134356,0.0
0.712425,1.4036565252482718,-1.260977855343393,-0.11147400702665777,288.86506824797846,-493032.4931076361,0.9989589560882554,-601.1345370354278,1.0,-26731.62742970177,0.8612586559194115,-203.7321135069755,-5247453.7696444,473.87831979439454,-2.8426110991342477,-1707.4981501488348,-22906.623350029637,-2933.4184246263026,-39352.728420288455,12.415313713829189,252.9942908567533,14636.22745361551,56.85200687355675,171.23338555710833,4406385.457110874,25732.21459932995,-87.78334197427972,-87.78334197427972,0.0,0.0,0.0,0.0,8.647740400808793,8.647740400808793,0.0
0.7124285714285714,1.4036494886705435,-1.2609513671324515,-0.10773628925366552,288.13133187692523,-491990.52860071056,0.9989595461652611,-599.672648055224,1.0,-26823.848620161218,0.861620794449917,-203.1904646378303,-5251216.658942088,472.8232632613124,-2.748327908733084,-1708.2342224457138,-22980.940941628498,-2926.8073632242476,-39374.452448026255,12.453038605400504,252.42166926933845,14604.841848165719,56.858906845997005,170.77222959109565,4409196.366370437,25818.164959829857,-87.82035368152623,-87.82035368152623,0.0,0.0,0.0,0.0,8.65063935324563,8.65063935324563,0.0
0.7124321428571428,1.403642452163364,-1.2609249148480435,-0.10740485898611496,287.3960900615633,-490946.51920588117,0.998960134698596,-598.3186599861008,1.0,-26916.143400413504,0.8619810786377211,-202.64873307350825,-5254879.386759687,471.7668936927511,-2.740868776360881,-1708.97027123951,-23055.31935472734,-2920.1886763672956,-39395.58437191263,12.490766775015578,251.84840326146679,14573.144381064874,56.8647479687817,170.31103568047277,4418677.421482991,25943.75104815313,-87.8564061335369,-87.8564061335369,0.0,0.0,0.0,0.0,8.653442232459017,8.653442232459017,0.0
0.7124357142857143,1.4036354157267323,-1.260898438851556,-0.10940232323582677,286.6593584689597,-489899.9705187925,0.9989607206756177,-597.0380412853024,1.0,-27008.510140502083,0.8623395210969697,-202.1069210927077,-5258442.050583066,470.7092608656991,-2.792825336495745,-1709.7062965290977,-23129.75830730152,-2913.562396268853,-39416.123211191494,12.528498055050514,251.27449561275068,14541.151269766546,56.86958694039726,169.84980574714086,4422065.9513669135,26034.15459976528,-87.89149295864036,-87.89149295864036,0.0,0.0,0.0,0.0,8.656148469036154,8.656148469036154,0.0
0.7124392857142857,1.4036283793606472,-1.2608719440302358,-0.11063973295031815,285.92115214503906,-488849.4469105159,0.9989613010258908,-595.7314082259513,1.0,-27100.94510165108,0.8626961191303851,-201.5650309697276,-5261903.854797928,469.65036609124553,-2.8253766251501307,-1710.442298315159,-23204.25475878275,-2906.9285551354183,-39436.06330677509,12.566230665389702,250.6999491020968,14508.904456337641,56.87358357391981,169.3885417092072,4423410.262677156,26112.987510860774,-87.92560200373242,-87.92560200373242,0.0,0.0,0.0,0.0,8.658756977931333,8.658756977931333,0.0
0.7124428571428572,1.403621343065108,-1.2608454285324926,-0.11180471302773753,285.1814859983742,-487795.2953105221,0.9989618764544528,-594.4208902102961,1.0,-27193.44454254808,0.8630508708856677,-201.02306497490787,-5265264.048382994,468.5902157216085,-2.856066874781613,-1711.1782765982605,-23278.805780469796,-2900.2871851695113,-39455.399250020564,12.603962894355423,250.12476650795898,14476.394553549957,56.87669392222828,168.9272454811848,4427018.187730356,26205.655860161052,-87.95872121961037,-87.95872121961037,0.0,0.0,0.0,0.0,8.661266683618198,8.661266683618198,0.0
0.7124464285714286,1.4036143068401132,-1.260818895396677,-0.11368522381920343,284.44037478402254,-486737.90642430383,0.9989624477597752,-593.131874865275,1.0,-27286.00469756124,0.8634037741616188,-200.4810253748656,-5268521.843135046,467.5288124704163,-2.9050278145238093,-1711.9142313791149,-23353.408340631464,-2893.638318573382,-39474.12551696768,12.641692973028213,249.548950608658,14443.610774212684,56.87886800959991,168.46591897419117,4430440.2050575875,26297.73289526487,-87.99083866110391,-87.99083866110391,0.0,0.0,0.0,0.0,8.663676520102332,8.663676520102332,0.0
0.7124499999999999,1.4036072706856624,-1.2607923338667613,-0.11465272758510991,283.69783320835916,-485676.54035817116,0.9989630133451677,-591.8119084788511,1.0,-27378.621819360942,0.8637548283378464,-199.93891443274828,-5271676.585352045,466.4661692795904,-2.930647771006442,-1712.6501626582717,-23428.059658679427,-2886.9819875520484,-39492.23706779743,12.679419282170164,248.97250418264477,14410.575486907646,56.88018855421936,168.00456409616254,4427826.7993192775,26354.39589736905,-88.02194248724612,-88.02194248724612,0.0,0.0,0.0,0.0,8.665985430937074,8.665985430937074,0.0
0.7124535714285714,1.4036002346017535,-1.260765786359601,-0.11161211914654245,282.95387543111644,-484609.7806914769,0.9989635701140331,-590.3611767832446,1.0,-27471.292130756476,0.8641040279102358,-199.3967344084159,-5274727.194228567,465.4022597635974,-2.853766193359588,-1713.386070436371,-23502.756013666254,-2880.3182243162078,-39509.7273380887,12.717139656493467,248.3954300087502,14377.330563067095,56.88081754386796,167.54318275199566,4426900.066039669,26421.44222250779,-88.05202131393685,-88.05202131393685,0.0,0.0,0.0,0.0,8.668192400461134,8.668192400461134,0.0
0.7124571428571428,1.4035931985883865,-1.2607392835269018,-0.10977876967965017,282.20851557533,-483540.0830404304,0.9989641232449677,-588.9477366962353,1.0,-27564.02060538094,0.8644514059050761,-198.8544875596521,-5277674.207460113,464.3370664872448,-2.8076829399814387,-1714.121954706225,-23577.500819423563,-2873.6470610863944,-39526.6017983595,12.754856096843117,247.8177308665454,14343.808871704909,56.88047861445929,167.08177684383315,4434695.768995419,26541.067320366186,-88.08108974517347,-88.08108974517347,0.0,0.0,0.0,0.0,8.670298716135207,8.670298716135207,0.0
0.7124607142857142,1.4035861626455597,-1.2607127749023141,-0.11135853956011488,281.46176818810613,-482468.48737871397,0.9989646749831494,-587.6427959649718,1.0,-27656.80916130873,0.8647969893573608,-198.31217614109917,-5280518.292223486,463.2706318408394,-2.8488583899984765,-1714.857815463717,-23652.296470713092,-2866.9685300958795,-39542.86415733865,12.792570006346118,247.23940953659107,14309.983641076808,56.8790560449019,166.62034827120615,4439776.672434905,26645.06525253643,-88.10915262439755,-88.10915262439755,0.0,0.0,0.0,0.0,8.672304804148435,8.672304804148435,0.0
0.7124642857142857,1.403579126773272,-1.2606862426590448,-0.11288110140503704,280.7136474913002,-481393.4001766721,0.9989652219067706,-586.3344963476466,1.0,-27749.654168012545,0.8651407785862698,-197.76980240429884,-5283258.891612452,462.20297394759416,-2.8885583522645533,-1715.593652709493,-23727.140403218054,-2860.2826635939314,-39558.509816587524,12.83027989509346,246.66046880071903,14275.90257584049,56.87673495169678,166.15889893124748,4440780.474376937,26725.10677454251,-88.13619863023064,-88.13619863023064,0.0,0.0,0.0,0.0,8.674209659757366,8.674209659757366,0.0
0.7124678571428571,1.4035720909715226,-1.2606596913384214,-0.11410572391116602,279.964167371107,-480314.73145358707,0.9989657637861742,-585.015070892562,1.0,-27842.551919613925,0.8654827717063114,-197.22736859849223,-5285895.244069372,461.13409445054833,-2.920618262175305,-1716.3294664441778,-23802.029604959713,-2853.589493849211,-39573.53348580408,12.867984014905831,246.08091144232543,14241.569080543115,56.87352215606917,165.69743071889232,4442687.932393592,26811.05081526379,-88.16221654110774,-88.16221654110774,0.0,0.0,0.0,0.0,8.676012287332789,8.676012287332789,0.0
0.7124714285714285,1.4035650552403105,-1.2606331203842787,-0.11552369012321151,279.21334160128,-479232.72888248396,0.9989663011216121,-583.7003738420881,1.0,-27935.49870512864,0.8658229674763499,-196.68487697085556,-5288426.632616123,460.0639987478831,-2.9576087315069244,-1717.0652566684016,-23876.961148197148,-2846.889053153156,-39587.93007509613,12.905680669659164,245.50074024666253,14206.976655104914,56.86938418528069,165.23594552707695,4445897.016700954,26905.355045926808,-88.18719523543035,-88.18719523543035,0.0,0.0,0.0,0.0,8.677711700373997,8.677711700373997,0.0
0.712475,1.4035580195796344,-1.2606065274538065,-0.1172690470611144,278.461183863819,-478147.47394823213,0.9989668340592955,-582.3947418740615,1.0,-28028.490804824043,0.866161364970801,-196.14232976673864,-5290852.3629216375,458.9926935396543,-3.0029642572253428,-1717.8010233828445,-23951.932129649955,-2840.1813738234328,-39601.69459426008,12.94336818037383,244.91995800113648,14172.123731816624,56.86430737404773,164.77444524693882,4445672.959081609,26979.354583619515,-88.21112369171726,-88.21112369171726,0.0,0.0,0.0,0.0,8.67930692152331,8.67930692152331,0.0
0.7124785714285714,1.4035509839894935,-1.2605799225881718,-0.11587345997318721,277.7077075995107,-477057.397578383,0.9989673591669717,-580.9861982608811,1.0,-28121.524449417873,0.8664979621058841,-195.599729229902,-5293171.654238505,457.9201765179581,-2.967854340112068,-1718.5367665881456,-24026.939387883187,-2833.466488207154,-39614.82168630673,12.981044720727434,244.3385674955851,14137.057863588218,56.85847894783806,164.31293176801668,4441443.316675688,27029.39419287028,-88.23399098876632,-88.23399098876632,0.0,0.0,0.0,0.0,8.680796982581082,8.680796982581082,0.0
0.7124821428571428,1.4035439484698864,-1.2605533610814739,-0.11251726610259993,276.952925821647,-475963.06861483085,0.9989678775818469,-579.5127840069463,1.0,-28214.600162310155,0.8668327704079671,-195.0570776031883,-5295384.086591545,456.84641264652447,-2.882466668637222,-1719.2724862811665,-24101.9823607,-2826.7444286844166,-39627.3103315497,13.018709979378107,243.7565715225829,14101.76465773314,56.85183377682467,163.85140697844975,4445643.44782548,27131.16523316266,-88.25579914558551,-88.25579914558551,0.0,0.0,0.0,0.0,8.68218206277579,8.68218206277579,0.0
0.7124857142857143,1.4035369130208124,-1.2605268200409045,-0.1132129444161194,276.1968519663573,-474867.25398578,0.9989683952833964,-578.1686794852405,1.0,-28307.72393070973,0.8671658306237559,-194.5143771288553,-5297490.810768111,455.7714238085271,-2.9008315477521776,-1720.008182453977,-24177.066200300145,-2820.015227671508,-39639.168895112416,13.05636696786299,243.17397287771792,14066.166983586247,56.84404809909298,163.38987276517807,4452981.997334839,27252.720943492073,-88.27656544834332,-88.27656544834332,0.0,0.0,0.0,0.0,8.683463693048605,8.683463693048605,0.0
0.7124892857142857,1.4035298776422702,-1.2605002502477871,-0.11516840452807742,275.4394995138119,-473768.6914804807,0.9989689095557982,-576.8637846903512,1.0,-28400.892128465108,0.867497146297893,-193.9716300473455,-5299491.558127182,454.6952507345082,-2.9514530856236583,-1720.74385510694,-24252.188908673656,-2813.278917624537,-39650.393962196664,13.094014537199346,242.59077435990434,14030.303844110773,56.83527374909817,162.92833101414206,4453890.721686896,27335.50246070649,-88.2962790567355,-88.2962790567355,0.0,0.0,0.0,0.0,8.684640909434664,8.684640909434664,0.0
0.7124928571428571,1.403522842334259,-1.2604736630977607,-0.11633473855664533,274.6808814313331,-472666.4671527323,0.9989694183719833,-575.5319212322405,1.0,-28494.100596471726,0.8678267134480275,-193.42883859842652,-5301385.473307469,453.6178902016673,-2.981829476571577,-1721.4795042406934,-24327.34698936066,-2806.5355310426594,-39660.97971741999,13.131650669922392,242.00697877166166,13994.203269761476,56.82561866930821,162.46678361048257,4454207.185960762,27415.109847043044,-88.31492816669339,-88.31492816669339,0.0,0.0,0.0,0.0,8.685712662813994,8.685712662813994,0.0
0.7124964285714286,1.4035158070967777,-1.2604470548627449,-0.11754227168225384,273.9210105816244,-471560.9787153487,0.9989699225643566,-574.1999141052158,1.0,-28587.345186283932,0.8681545297301902,-192.8860050214654,-5303171.8207035465,452.53934993203615,-3.013235073402783,-1722.215129855878,-24402.537223509327,-2799.7851004715712,-39670.92086678031,13.169273513205885,241.42258891941506,13957.854135407186,56.81502964524255,162.00523243874053,4456921.3904576,27509.971857917662,-88.33250108585037,-88.33250108585037,0.0,0.0,0.0,0.0,8.686677914285134,8.686677914285134,0.0
0.7124999999999999,1.4035087719298247,-1.260420428605195,-0.1195596206483458,273.15989976513725,-470452.592370733,0.9989704228967692,-572.8926054840036,1.0,-28680.62172695585,0.8684805923000675,-192.3431315556836,-5304849.815307455,451.4596327663426,-3.065375304160735,-1722.950731953237,-24477.75625243688,-2793.0276585073525,-39680.211954611514,13.206881136228125,240.83760761382698,13921.24611922045,56.803456267272786,161.54367938307155,4458072.426234856,27595.699810602593,-88.34898623369367,-88.34898623369367,0.0,0.0,0.0,0.0,8.687535635179778,8.687535635179778,0.0
0.7125035714285713,1.4035017368333995,-1.2603937760365953,-0.11958795815326084,272.39756170158813,-469340.0641986813,0.9989709166211199,-571.5195562822583,1.0,-28773.92605411531,0.8688048995724542,-191.800220440327,-5306418.791880553,450.3787496870684,-3.066488736311747,-1723.6863105333684,-24553.000927269353,-2786.2632377985233,-39688.84793203171,13.24447173318433,240.2520376699754,13884.417857807115,56.791051399445706,161.08212632738824,4452747.921311195,27641.718797126465,-88.36437214174782,-88.36437214174782,0.0,0.0,0.0,0.0,8.688284807079597,8.688284807079597,0.0
0.7125071428571428,1.4034947018075008,-1.2603671551779012,-0.11587162917081173,271.6340085034378,-468222.6300530195,0.9989714019668946,-570.0239792517054,1.0,-28867.254860429184,0.8691274475472919,-191.25727391513269,-5307877.686526074,449.2966643535969,-2.9715313938925503,-1724.4218655958284,-24628.267575820293,-2779.4918710513716,-39696.822970531095,13.282043197886871,239.6658819078118,13847.393478548598,56.77790884676293,160.62057515564612,4453132.182604617,27723.543871726266,-88.37865042839758,-88.37865042839758,0.0,0.0,0.0,0.0,8.688924684180495,8.688924684180495,0.0
0.7125107142857142,1.4034876668521277,-1.260340572303555,-0.11532988187332194,270.86925258897793,-467103.42219260975,0.9989718857594444,-568.6295126435534,1.0,-28960.613105425567,0.8694482694517017,-190.71429422129103,-5309227.238517343,448.2133776339113,-2.957936802356837,-1725.1573971318048,-24703.560014523984,-2772.7135910321913,-39704.14335122655,13.31959776864151,239.0791431523555,13810.082670854059,56.76364466077013,160.1590277519866,4460685.206192157,27850.60018016423,-88.39183592374047,-88.39183592374047,0.0,0.0,0.0,0.0,8.68945657354391,8.68945657354391,0.0
0.7125142857142857,1.403480631967279,-1.2603139676368231,-0.11729421710842303,270.10330665474214,-465982.1507239208,0.9989723673912937,-567.3146051409208,1.0,-29054.000198661088,0.8697673822490812,-190.17128359995823,-5310467.81605058,447.12893731852256,-3.0085837348029774,-1725.892905139862,-24778.878863185993,-2765.928430571106,-39710.810167453325,13.357135827716943,238.4918242340225,13772.497086364938,56.74829862867977,159.69748600095056,4462403.504551551,27941.85380625835,-88.40392715678843,-88.40392715678843,0.0,0.0,0.0,0.0,8.689880354444622,8.689880354444622,0.0
0.7125178571428571,1.4034735971529535,-1.2602873437043527,-0.11856204353452426,269.3361829341286,-464857.3975405388,0.9989728437086179,-565.9757403412923,1.0,-29147.41355833148,0.8700847894474953,-189.62824429308435,-5311598.949919564,446.04334670091566,-3.0413347953883547,-1726.628389620699,-24854.222032399586,-2759.1364225655598,-39716.82017761201,13.39465618763485,237.90392798892643,13734.681548980838,56.73205034941726,159.2359517876789,4461801.78322996,28019.065400677926,-88.41491750004707,-88.41491750004707,0.0,0.0,0.0,0.0,8.690195452451349,8.690195452451349,0.0
0.7125214285714285,1.403466562409151,-1.260260699183152,-0.11974148070734714,268.5678934852714,-463729.45377573976,0.9989733153161207,-564.6325804791055,1.0,-29240.850583461026,0.870400494890945,-189.08517854388532,-5312620.185278975,444.9566118219562,-3.07178487808894,-1727.3638505748947,-24929.58748764754,-2752.3375999835635,-39722.17027205706,13.432157694715313,237.31545725915936,13696.628809633225,56.7148617617262,158.774426998112,4463291.387383739,28109.895890285985,-88.4248003840454,-88.4248003840454,0.0,0.0,0.0,0.0,8.690401298386373,8.690401298386373,0.0
0.712525,1.403459527735869,-1.2602340368596643,-0.1215537734166503,267.7984502881951,-462598.65803371574,0.9989737829248471,-563.3084474168656,1.0,-29334.30865099532,0.8707145020334122,-188.54208859708177,-5313531.035561037,443.86873583109593,-3.118435552209579,-1728.0992880032527,-25004.973101134437,-2745.531995867726,-39726.85723648491,13.469639143261642,236.7264148931378,13658.330046837678,56.69668776931072,158.31291351918986,4464842.816723863,28201.644480942217,-88.43356929750917,-88.43356929750917,0.0,0.0,0.0,0.0,8.690497306475127,8.690497306475127,0.0
0.7125285714285714,1.4034524931331076,-1.2602073468129344,-0.12267804312546104,267.0278653144144,-461464.44159082265,0.9989742452468693,-561.9606455192641,1.0,-29427.78515281804,0.8710268155830534,-187.9989766991366,-5314331.137771796,442.7797308393596,-3.1473992797140613,-1728.83470190636,-25080.37699154698,-2738.7196433380777,-39730.87829237388,13.507099472200103,236.13680374584754,13619.804542368514,56.677601823675985,157.85141323905182,4460667.069921236,28257.645129555825,-88.44121778752651,-88.44121778752651,0.0,0.0,0.0,0.0,8.690482899305103,8.690482899305103,0.0
0.7125321428571428,1.4034454586008651,-1.2601806665975785,-0.11985783287039453,266.2561500726663,-460325.3857761113,0.9989746990537732,-560.4838747851625,1.0,-29521.277331634825,0.871337435509699,-187.4558450984973,-5315019.725482506,441.6895756231655,-3.075123313566704,-1729.570092284922,-25155.79627883698,-2731.9005755961457,-39734.2291245014,13.54453704481201,235.54662667919405,13581.097546796944,56.6577883464827,157.3899280472364,4457225.093728894,28318.633594286774,-88.44773944313937,-88.44773944313937,0.0,0.0,0.0,0.0,8.690357520600095,8.690357520600095,0.0
0.7125357142857143,1.4034384241391409,-1.2601540316705175,-0.1177498793865368,265.4833160451859,-459183.5726649273,0.9989751488976752,-559.0286866013031,1.0,-29614.78190496208,0.871646360081501,-186.91269604660857,-5315595.929217849,440.5982506960754,-3.021078807818048,-1730.305459132347,-25231.22769615712,-2725.074825928101,-39736.90486796215,13.581950003676917,234.9558865622742,13542.145868400868,56.63697205692938,156.92845983488118,4462677.986833627,28436.658736530135,-88.4531264718429,-88.4531264718429,0.0,0.0,0.0,0.0,8.690120455912737,8.690120455912737,0.0
0.7125392857142857,1.4034313897479338,-1.2601273949174274,-0.11922881335530633,264.7093750843068,-458040.28146208357,0.9989755976412559,-557.6880500432484,1.0,-29708.29866799133,0.871953606581771,-186.36953179717443,-5316060.091230791,439.5057944290874,-3.059022662117939,-1731.0408024438425,-25306.671955148075,-2718.242427708516,-39738.90697173001,13.619338792835336,234.36458627169966,13502.912867310308,56.61498817767772,156.46701049492262,4466255.452976116,28543.390532220506,-88.45737919465256,-88.45737919465256,0.0,0.0,0.0,0.0,8.689771725045528,8.689771725045528,0.0
0.7125428571428571,1.4034243554272423,-1.260100733369865,-0.12082589434322699,263.9343388649642,-456893.99750413495,0.9989760418957454,-556.3498298671242,1.0,-29801.828866866454,0.8722591954143248,-185.8263546059995,-5316412.62833821,438.4122280844997,-3.099958309748042,-1731.7761222201398,-25382.130476961247,-2711.4034144038937,-39740.237988643115,13.656704265226452,233.7727286919015,13463.449062010664,56.592043081101586,156.0055819222956,4465275.88556518,28621.539210098766,-88.46050211957748,-88.46050211957748,0.0,0.0,0.0,0.0,8.689311748828171,8.689311748828171,0.0
0.7125464285714286,1.4034173211770662,-1.2600740531806105,-0.12203729937829166,263.15821872135115,-455744.517339014,0.9989764811619208,-554.9977401778879,1.0,-29895.373648191544,0.8725631437814724,-185.2831667318221,-5316653.682858647,437.3175525688469,-3.1309581968439497,-1732.5114184618342,-25457.60406101825,-2704.5578195759226,-39740.89948106822,13.694046913480161,233.18031671541053,13423.764058522544,56.568169764971366,155.54417601413306,4464994.748003652,28704.637603544565,-88.46249968642837,-88.46249968642837,0.0,0.0,0.0,0.0,8.688740942110094,8.688740942110094,0.0
0.71255,1.4034102869974037,-1.2600473531067706,-0.12340866225625291,262.3810259382045,-454592.09746791207,0.9989769159762283,-553.6494269837441,1.0,-29988.934156500487,0.872865469300083,-184.73997043655385,-5316783.451271462,436.2217739681629,-3.166020164071083,-1733.2466911696886,-25533.093643397176,-2697.7056768855136,-39740.89321570117,13.731367308231274,232.587353243205,13383.853168142641,56.543340089294595,155.08279466996612,4466249.002021366,28798.126373277275,-88.46337626699216,-88.46337626699216,0.0,0.0,0.0,0.0,8.688059713777523,8.688059713777523,0.0
0.7125535714285713,1.4034032528882543,-1.2600206318462346,-0.12523611869642082,261.60277175268743,-453436.88338862476,0.9989773466293234,-552.314467448637,1.0,-30082.511521400094,0.8731661893067789,-184.1967679855335,-5316802.1286556,435.1248984177771,-3.212739466265225,-1733.9819403443305,-25608.6001498271,-2690.84702009613,-39740.220932353994,13.76866601317762,231.9938411849978,13343.715100776604,56.517540261493345,154.62143979193755,4464377.526556356,28871.952758451436,-88.46313616524617,-88.46313616524617,0.0,0.0,0.0,0.0,8.687268466773244,8.687268466773244,0.0
0.7125571428571428,1.4033962188496163,-1.259993895536159,-0.12408288125482159,260.823467222566,-452277.39882817713,0.9989777697463166,-550.8817794636558,1.0,-30176.10682783071,0.8734653200962283,-183.65356164769852,-5316709.857879524,434.0269269363013,-3.182952742712449,-1734.7171659865298,-25684.12432957443,-2683.9818830767967,-39738.88408723168,13.805943489334139,231.39978345949555,13303.399518271404,56.49097652288877,154.16011328494386,4457881.443083201,28916.216964179424,-88.46178361754846,-88.46178361754846,0.0,0.0,0.0,0.0,8.686367598114774,8.686367598114774,0.0
0.7125607142857142,1.403389184881489,-1.2599672014710157,-0.12058650912314306,260.0431230203566,-451113.9458674053,0.9989781859054351,-549.3719749364674,1.0,-30269.718518231864,0.8737628636419932,-183.1103536962748,-5316505.903279463,432.9278254467202,-3.093028346199098,-1735.452368093624,-25759.66385779897,-2677.1102998067813,-39736.87938726174,13.84319842560455,230.80518299480218,13262.898755465865,56.46360884696663,153.69881705692143,4459559.368601142,29013.923172437768,-88.45931599237093,-88.45931599237093,0.0,0.0,0.0,0.0,8.685356878191946,8.685356878191946,0.0
0.7125642857142857,1.403382150983871,-1.2599405312788505,-0.12110835664529418,259.26175022038296,-449949.2962422469,0.9989786013516847,-547.9906583864203,1.0,-30363.34047790235,0.8740588120283564,-182.56714640918565,-5316189.387621776,431.8276121537097,-3.106136529019728,-1736.1875466573824,-25835.214226181135,-2670.23230437847,-39734.20023090438,13.880428255530754,230.21004272866634,13222.125799772448,56.43505210742049,153.23755301898782,4465152.229464891,29137.759667557533,-88.45571782607533,-88.45571782607533,0.0,0.0,0.0,0.0,8.684234904995758,8.684234904995758,0.0
0.7125678571428571,1.403375117156762,-1.2599138326354293,-0.12310029117477939,258.47936000456514,-448782.35636106867,0.9989790136271921,-546.6554849063338,1.0,-30456.972524067904,0.8743531819990596,-182.0239420678197,-5315760.73741752,430.72632837089145,-3.1569029631634655,-1736.92270167793,-25910.776290029622,-2663.347931000955,-39730.84833079412,13.917633504933107,229.61436560879096,13181.118270785044,56.40545995820914,152.77632308565595,4464188.087359932,29219.418433928597,-88.45098972264014,-88.45098972264014,0.0,0.0,0.0,0.0,8.683001741999938,8.683001741999938,0.0
0.7125714285714285,1.4033680834001605,-1.2598871165074812,-0.12427254892460837,257.69596305757597,-447612.1539958008,0.9989794204770894,-545.2924633333843,1.0,-30550.61465186214,0.8746459852682472,-181.4807429581148,-5315219.883336903,429.6239719044675,-3.1865999227794193,-1737.6578331560163,-25986.349840223404,-2656.457214003964,-39726.8237632916,13.954814086168946,229.01815459317118,13139.909691412628,56.374969747505034,152.31512917503306,4462352.62379726,29295.844298830907,-88.4451332385421,-88.4451332385421,0.0,0.0,0.0,0.0,8.681657539865252,8.681657539865252,0.0
0.712575,1.4033610497140652,-1.2598603793441505,-0.12545901446395646,256.91157011811185,-446439.06569211726,0.9989798227170431,-543.9285470567654,1.0,-30644.266876700993,0.8749372347556836,-180.9375513708494,-5314566.865879516,428.5205505330418,-3.216613342148842,-1738.392941092348,-26061.93496140223,-2649.5601878412253,-39722.12706319913,13.99197008072627,228.42141265038444,13098.491026401625,56.34353392888703,151.85397320902035,4462978.583739713,29388.93619611532,-88.43814989615561,-88.43814989615561,0.0,0.0,0.0,0.0,8.680202446423422,8.680202446423422,0.0
0.7125785714285714,1.4033540160984754,-1.259833624450614,-0.127481015746298,256.1261917826964,-445263.4587326249,0.9989802211429594,-542.5902655854203,1.0,-30737.92917191858,0.8752269424999902,-180.39436960187984,-5313801.662241877,427.4160673795818,-3.26799681344373,-1739.128025487584,-26137.531572878786,-2642.656887094067,-39716.758519454874,14.02910147489046,227.824142759901,13056.85333624309,56.31110486391,151.39285711351155,4462317.708847847,29474.087490436115,-88.43004118396624,-88.43004118396624,0.0,0.0,0.0,0.0,8.678636606697143,8.678636606697143,0.0
0.7125821428571428,1.40334698255339,-1.2598068421061805,-0.12770983041156114,255.3398386304268,-444084.2259795138,0.9989806131872006,-541.1927320714699,1.0,-30831.601518691008,0.8755151215665353,-179.8511999523784,-5312924.377112428,426.31053442746384,-3.27336207423212,-1739.8630863424612,-26213.139852442466,-2635.7473464752366,-39710.71882104413,14.066208403528872,227.22634791241217,13015.03495309898,56.27784243628218,150.93178281859196,4455066.414650543,29516.086007028618,-88.4208085567803,-88.4208085567803,0.0,0.0,0.0,0.0,8.67696016292005,8.67696016292005,0.0
0.7125857142857143,1.4033399490788077,-1.2597800886715356,-0.12404808818581614,254.55252080064136,-442900.4971064645,0.998980996749209,-539.6682466569098,1.0,-30925.283521652535,0.8758017778551419,-179.30804472916222,-5311934.506388669,425.2039190064987,-3.1789801279060006,-1740.598123656824,-26288.75839364799,-2628.8316008323877,-39704.00626807464,14.10329009111989,226.62803111013088,12973.066139813916,56.24387259716164,150.47075225873812,4452879.417052086,29591.989668817845,-88.41045292489781,-88.41045292489781,0.0,0.0,0.0,0.0,8.675173206125812,8.675173206125812,0.0
0.7125892857142857,1.4033329156747274,-1.2597533751353893,-0.12327408263303141,253.76424862879713,-441715.17560871836,0.9989813784395112,-538.2356758020767,1.0,-31018.972461652753,0.8760869129805491,-178.76490624571258,-5310831.506201559,424.0962194095948,-3.1585801611790645,-1741.3331374220058,-26364.384818723556,-2621.909685151745,-39696.61773141041,14.140345205717082,226.02919536710772,12930.855468483707,56.208784234629164,150.00976737301556,4458305.947792877,29719.104402980745,-88.3989687480626,-88.3989687480626,0.0,0.0,0.0,0.0,8.673275225384888,8.673275225384888,0.0
0.7125928571428571,1.4033258823411483,-1.2597266421471343,-0.12520098030185522,252.97503281212406,-440528.18946395046,0.9989817581158187,-536.8889679754144,1.0,-31112.666192699468,0.8763705366718567,-178.22178682082966,-5309615.5489360355,422.9874812685258,-3.2073375219356643,-1742.0681276361456,-26440.01858113267,-2614.981634561728,-39688.552881654934,14.177373468745891,225.4298437095422,12888.407606650637,56.17258813015397,149.54883010527837,4458285.638409194,29810.571479834914,-88.38635164164589,-88.38635164164589,0.0,0.0,0.0,0.0,8.67126583731816,8.67126583731816,0.0
0.7125964285714286,1.4033188490780697,-1.259699889173525,-0.12650504478784796,252.18488358667207,-439338.14328460244,0.9989821325235436,-535.5208360057233,1.0,-31206.362836617347,0.8766526545177198,-177.6786887793176,-5308286.382388686,421.87771042908736,-3.240081997704496,-1742.803094299905,-26515.658204330513,-2608.0474843365932,-39679.81001497635,14.214374068449779,224.8299791760976,12845.769595769358,56.135483634537614,149.0879424043673,4455640.896142516,29884.99094122312,-88.37259843302915,-88.37259843302915,0.0,0.0,0.0,0.0,8.669144775369706,8.669144775369706,0.0
0.7126,1.4033118158854898,-1.2596731158951262,-0.12769922664406863,251.39381112768257,-438145.27070954937,0.9989825021563504,-534.1478447529538,1.0,-31300.060492620552,0.8769332720110873,-177.13561445248635,-5306843.734592223,420.7669126151608,-3.269956960631767,-1743.5380374140752,-26591.302189607373,-2601.1072699003194,-39670.38742905125,14.251346181724951,224.22960481823404,12802.936085650706,56.0974385653896,148.62710622430865,4454895.346650704,29972.639801123205,-88.35770597410522,-88.35770597410522,0.0,0.0,0.0,0.0,8.666911775356773,8.666911775356773,0.0
0.7126035714285714,1.4033047827634078,-1.2596463244754879,-0.12943295348696893,250.60182557680028,-436949.86034434615,0.9989828676380849,-532.7909440513118,1.0,-31393.757236558293,0.8772123943538906,-176.5925661783882,-5305287.314256612,419.65509191915817,-3.3135888120494768,-1744.2729569793532,-26666.94897052668,-2594.1610268299446,-39660.28335588194,14.2882889480252,223.6287237004971,12759.899856589538,56.05841202080418,148.16632352451222,4454439.62267286,30062.779114664536,-88.34167114150665,-88.34167114150665,0.0,0.0,0.0,0.0,8.664566575490925,8.664566575490925,0.0
0.7126071428571428,1.4032977497118229,-1.259619506436124,-0.1306962341114115,249.80893704158493,-435751.5033407709,0.9989832279811139,-531.4175677155174,1.0,-31487.451143387225,0.8774900276571074,-176.0495463020728,-5303616.930794509,418.54225954671415,-3.345115966445175,-1745.007852996416,-26742.59719049051,-2587.2087908596063,-39649.4963749579,14.325201628502604,223.02733890086503,12716.676449033786,56.018464694529264,147.7055962699843,4448707.172862119,30117.744889872218,-88.32449083682093,-88.32449083682093,0.0,0.0,0.0,0.0,8.662108916398779,8.662108916398779,0.0
0.7126107142857142,1.4032907167307338,-1.2595926937833182,-0.1281425832502805,249.01515531517987,-434548.81949861156,0.998983579885613,-529.9198607011891,1.0,-31581.140159735296,0.8777661741433193,-175.50655717575717,-5301832.055646945,417.4283998370312,-3.27891556467974,-1745.7427254660108,-26818.244587062272,-2580.2505978833537,-39638.02375947332,14.36208296666588,222.425453510991,12673.312832619366,55.97779922473272,147.2449264314683,4442705.1460223105,30171.212066607703,-88.30616198717293,-88.30616198717293,0.0,0.0,0.0,0.0,8.659538541167613,8.659538541167613,0.0
0.7126142857142856,1.4032836838201392,-1.2595659265386123,-0.12575406926941923,248.22049012383494,-433343.49442876683,0.9989839271942487,-528.4262255947135,1.0,-31674.82272593954,0.8780408370534651,-174.96360115982813,-5299932.138514957,416.3134920813799,-3.2169306308880765,-1746.477574382261,-26893.88912193379,-2573.286483960238,-39625.863162357484,14.398931836526046,221.82307063664132,12629.756161702555,55.93617045988335,146.78431598572848,4445600.06333151,30285.614979789436,-88.28668293621189,-88.28668293621189,0.0,0.0,0.0,0.0,8.656855294499682,8.656855294499682,0.0
0.7126178571428571,1.4032766509800385,-1.2595391619575047,-0.1271035039081596,247.4249516129306,-432137.02685121325,0.9989842734150696,-527.0517713362552,1.0,-31768.497639253757,0.8783140278541075,-174.42068062229592,-5297917.376339776,415.1975704467818,-3.2505312518912017,-1747.2123997396463,-26969.530687867307,-2566.3164853168983,-39613.015118166084,14.435748219212535,221.22019339791828,12585.96015719086,55.89336024832034,146.32376691569107,4447612.152671621,30394.692008354657,-88.2660524827134,-88.2660524827134,0.0,0.0,0.0,0.0,8.654059063915717,8.654059063915717,0.0
0.7126214285714285,1.4032696182104305,-1.2595123713784282,-0.1287870304195735,246.6285497633441,-430928.010359321,0.998984615240443,-525.6867978635468,1.0,-31862.16323374918,0.8785857551923181,-173.877797938475,-5295787.815951811,414.0806595697499,-3.292611078022784,-1747.9472015388906,-27045.168537188634,-2559.3406383516876,-39599.47923333043,14.472531729435593,220.61682492961503,12541.973340783827,55.849577745419836,145.86328121065583,4444613.563077452,30470.092698501263,-88.24426839152494,-88.24426839152494,0.0,0.0,0.0,0.0,8.65114966838043,8.65114966838043,0.0
0.712625,1.403262585511314,-1.2594855625119117,-0.12998849775354415,245.8312942993734,-429716.1219423739,0.9989849518567864,-524.3050244891424,1.0,-31955.817727580084,0.8788560242182486,-173.33495549184545,-5293543.17705051,412.962760062424,-3.3223011521492873,-1748.681979780723,-27120.80110423306,-2552.3589796383067,-39585.253941974,14.509281514774854,220.01296838152862,12497.808569152052,55.80487228134374,145.40286086649365,4442064.268860921,30549.047243840312,-88.22132844359292,-88.22132844359292,0.0,0.0,0.0,0.0,8.648126928487901,8.648126928487901,0.0
0.7126285714285714,1.403255552882688,-1.2594587334597045,-0.13131935598204336,245.03319496459213,-428501.6302541085,0.9989852838495729,-522.9261492587891,1.0,-32049.459340510086,0.8791248408925659,-172.79215567429023,-5291183.256661293,411.8438789048552,-3.355234306518462,-1749.4167344659,-27196.42701678849,-2545.3715459295545,-39570.337996462426,14.545996834820267,219.4086269187825,12453.459357254247,55.75920556152101,144.94250788584404,4441270.402834353,30640.60036703846,-88.19723043619825,-88.19723043619825,0.0,0.0,0.0,0.0,8.644990666483803,8.644990666483803,0.0
0.7126321428571428,1.4032485203245515,-1.2594318840060896,-0.13321161777076895,244.2342614404768,-427284.7274325401,0.9989856116270278,-521.5640705491596,1.0,-32143.086262540455,0.8793922109236681,-172.24940088633156,-5288707.838902273,410.724021996337,-3.4024402384698904,-1750.1514655951105,-27272.04484524933,-2538.3783741609113,-39554.73009919631,14.582676917609481,218.80380372213529,12408.921662523846,55.71255001710236,144.48222427831251,4437667.261462299,30713.27840780006,-88.17197218320001,-88.17197218320001,0.0,0.0,0.0,0.0,8.641740706288296,8.641740706288296,0.0
0.7126357142857143,1.4032414878369033,-1.259405016717407,-0.13229367106953305,243.43450332636849,-426064.04558532947,0.9989859318897825,-520.1103552555903,1.0,-32236.696648587313,0.8796581396609444,-171.70669353736727,-5286116.704595548,409.6031934556646,-3.3778161096608827,-1750.8861731691184,-27347.653075536302,-2531.3795014544626,-39538.42886485232,14.619320944226105,218.19850198831858,12364.243163893681,55.66511479788075,144.0220120606674,4428934.775503182,30750.790730694353,-88.14555151526936,-88.14555151526936,0.0,0.0,0.0,0.0,8.6383768735183,8.6383768735183,0.0
0.7126392857142857,1.4032344554197425,-1.259378190311448,-0.12868698923841748,242.63392989643074,-424839.65825009235,0.9989862446952421,-518.5689923301719,1.0,-32330.288524417334,0.8799226273143715,-171.16403604618512,-5283409.138514659,408.4813610248073,-3.2845376699510656,-1751.6208571857958,-27423.248945664887,-2524.3749651224666,-39521.43114576684,14.655927384721751,217.5927249303434,12319.423431478399,55.616890272513196,143.56187325703678,4428016.936114242,30842.961810014902,-88.11796636902244,-88.11796636902244,0.0,0.0,0.0,0.0,8.63489899262689,8.63489899262689,0.0
0.7126428571428571,1.403227423073068,-1.2593513909228897,-0.12903215139451163,241.83255076864216,-423614.2946960946,0.9989865565068595,-517.1534672964865,1.0,-32423.860156014205,0.880185680989943,-170.62143084154567,-5280585.031837331,407.358539848349,-3.292110179917759,-1752.3555176365887,-27498.83135410114,-2517.364802671187,-39503.73623884761,14.692495659322008,216.98647577783044,12274.374209530994,55.56746193757514,143.10180989910518,4431699.49666993,30967.857066130244,-88.08921491336372,-88.08921491336372,0.0,0.0,0.0,0.0,8.631306884809234,8.631306884809234,0.0
0.7126464285714286,1.4032203907968788,-1.259324563646126,-0.13104207623027264,241.0303757346207,-422387.0279770756,0.9989868651268836,-515.7902030313237,1.0,-32517.409789021767,0.8804473111323884,-170.078880360949,-5277644.66229102,406.234771485196,-3.3420905256225444,-1753.090154521491,-27574.400027866624,-2510.3490518045724,-39485.34465583662,14.729025661771,216.3797577773269,12229.129050746733,55.51697356705401,142.6418240263103,4428811.580258319,31047.478316159388,-88.05929508227524,-88.05929508227524,0.0,0.0,0.0,0.0,8.627600383403475,8.627600383403475,0.0
0.71265,1.4032133585911737,-1.2592977188252545,-0.13222406791061303,240.22741419860697,-421156.85744995193,0.9989871681044944,-514.3991084638919,1.0,-32610.93547066749,0.8807075220536205,-169.53638705164462,-5274587.745837598,405.1100551576451,-3.3708789170652413,-1753.824767841266,-27649.953207658382,-2503.3277504280995,-39466.2548003395,14.765516438504822,215.77257419263668,12183.723596214342,55.46558021473572,142.18191768603916,4424813.979192851,31119.792652153992,-88.0282048051975,-88.0282048051975,0.0,0.0,0.0,0.0,8.623779324288051,8.623779324288051,0.0
0.7126535714285714,1.4032063264559518,-1.2592708528900178,-0.13340672989050972,239.42367559575027,-419924.1355245238,0.9989874662333045,-513.0068149034855,1.0,-32704.435255917404,0.8809663192517007,-168.99395337093694,-5271414.102042392,403.9843991227063,-3.399614988426728,-1754.5593575966348,-27725.489424675492,-2496.3009366523943,-39446.46553010766,14.801967203123521,215.16492830513235,12138.148494908337,55.413229565437526,141.72209293382403,4423256.878875052,31209.778695883746,-87.99594202920059,-87.99594202920059,0.0,0.0,0.0,0.0,8.619843545114623,8.619843545114623,0.0
0.7126571428571429,1.403199294391212,-1.2592439693931967,-0.1354157826399387,238.61916929137863,-418689.2096233198,0.9989877602972111,-511.6398124530701,1.0,-32797.907155610155,0.8812237074846478,-168.45158178642117,-5268123.49055695,402.857807088782,-3.4493302800144092,-1755.293923788346,-27801.007028465578,-2489.2686487970914,-39425.975480840105,14.838377067052294,214.55682341408712,12092.394391076758,55.35986867562288,141.2623518335388,4420663.135129936,31292.99360658509,-87.96250471923588,-87.96250471923588,0.0,0.0,0.0,0.0,8.615792885331999,8.615792885331999,0.0
0.7126607142857142,1.4031922623969533,-1.2592170577623631,-0.1358251156447352,237.81390468662153,-417451.11717990885,0.998988047927233,-510.2202917600493,1.0,-32891.349188664164,0.8814796927073274,-167.90927477623498,-5264715.811540506,401.730291837284,-3.4582248007561778,-1756.0284664171268,-27876.50466701141,-2482.230925394778,-39404.78374906411,14.874745313148942,213.94826283701417,12046.496189950445,55.30565086255208,140.80269645760842,4411525.72297582,31330.258803726116,-87.92789085839706,-87.92789085839706,0.0,0.0,0.0,0.0,8.611627186210654,8.611627186210654,0.0
0.7126642857142856,1.4031852304731742,-1.259190172075254,-0.13225420084467032,237.00789081211127,-416208.92419498065,0.9989883267459205,-508.67202414615105,1.0,-32984.75922641963,0.8817342750435828,-167.36703482928664,-5261190.417354371,400.6018249738321,-3.3657689820639156,-1756.7629854831466,-27951.97952855535,-2475.1878051938934,-39382.88740816214,14.911070394546119,213.33924990991594,12000.48750163467,55.25072510896127,140.34312888714774,4406741.673248302,31398.76789880349,-87.89209855612864,-87.89209855612864,0.0,0.0,0.0,0.0,8.607346297894175,8.607346297894175,0.0
0.7126678571428571,1.403178198619874,-1.2591633277648124,-0.13125282423686713,236.20113690283117,-414965.27524048026,0.9989886030942425,-507.2049863441087,1.0,-33078.1357076645,0.8819874596346756,-166.82486444634475,-5257547.021057076,399.4724030439113,-3.3387137986250153,-1757.4974809779185,-28027.430045153473,-2468.1393271638085,-39360.28533894948,14.947351474756177,212.72978798772138,11954.281458764264,55.194675752012024,139.88365121224214,4409856.25522029,31524.172648870313,-87.85512716804692,-87.85512716804692,0.0,0.0,0.0,0.0,8.60295014724893,8.60295014724893,0.0
0.7126714285714285,1.403171166837052,-1.2591364666205604,-0.13312052839114585,235.39365250166816,-413720.2961501909,0.9989888772918504,-505.8286793744879,1.0,-33171.47659913146,0.8822392561984985,-166.28276613879396,-5253785.907952604,398.3420693373137,-3.38458443207382,-1758.2319528990834,-28102.855810995676,-2461.0855304976285,-39336.97808645866,14.983588379597993,212.1198804445272,11907.876504195789,55.137484516968186,139.4242655320854,4408026.339354593,31614.919384851873,-87.81697450217376,-87.81697450217376,0.0,0.0,0.0,0.0,8.598438550016553,8.598438550016553,0.0
0.712675,1.4031641351247064,-1.2591095848559106,-0.1344634491882175,234.58544685049512,-412472.64381283364,0.9989891460212322,-504.4343778101832,1.0,-33264.77947172622,0.8824896686983437,-165.74074242919315,-5249906.882973745,397.2108324290464,-3.4170270339640676,-1758.9664012474657,-28178.25497773222,-2454.0264546164976,-39312.9641994539,15.019780115042614,211.50953067396745,11861.320465491246,55.079366389285525,138.96497395518892,4403305.859073088,31685.443955963976,-87.7776378143185,-87.7776378143185,0.0,0.0,0.0,0.0,8.593811285502994,8.593811285502994,0.0
0.7126785714285714,1.4031571034828365,-1.259082683024281,-0.13567479649225334,233.77652917593264,-411222.49044952134,0.9989894096445918,-503.03468847830914,1.0,-33358.041862301645,0.8827387006521976,-165.19879585179905,-5245909.697667669,396.078698174594,-3.4460473091847494,-1759.7008260237974,-28253.625579381987,-2446.9621391730493,-39288.24210609535,15.055925621870394,210.89874208951113,11814.609824013578,55.02029536524754,138.50577859957613,4400239.535985014,31768.357065644337,-87.73711439021395,-87.73711439021395,0.0,0.0,0.0,0.0,8.589068135872054,8.589068135872054,0.0
0.7126821428571428,1.4031500719114414,-1.2590557627195893,-0.13732736650294441,232.96690863867826,-409970.07733987906,0.9989896686970301,-501.64793170775357,1.0,-33451.261271226766,0.8829863554005932,-164.65692895279992,-5241794.09453824,394.9456718192717,-3.4861900262930527,-1760.435227228815,-28328.965598728228,-2439.8926240553265,-39262.810208733776,15.0920238135215,210.2875181247988,11767.738643103348,54.96023362698864,138.04668159297663,4397692.359456639,31855.559742761532,-87.6954015457801,-87.6954015457801,0.0,0.0,0.0,0.0,8.584208886170344,8.584208886170344,0.0
0.7126857142857143,1.4031430404105196,-1.259028816937354,-0.13872706532836787,232.15659443850043,-408715.14434802363,0.9989899224883478,-500.25192055026156,1.0,-33544.43519481937,0.8832326369981399,-164.11514429054944,-5237559.900020108,393.8117640380743,-3.5198250570407703,-1761.1696048633055,-28404.273196739596,-2432.817949390649,-39236.66720207066,15.128073706418647,209.6758622339757,11720.718211216286,54.899225053083256,137.58768507302034,4390356.274711085,31908.514811453082,-87.65249662739109,-87.65249662739109,0.0,0.0,0.0,0.0,8.579233324352415,8.579233324352415,0.0
0.7126892857142857,1.4031360089800704,-1.2590018720979472,-0.13644480469073983,231.34559559986454,-407456.36022693804,0.9989901676414423,-498.7371866133011,1.0,-33637.561017883534,0.883477546441335,-163.57344443579927,-5233206.673545732,392.67696464565,-3.4600051765049407,-1761.9039589280137,-28479.54573799172,-2425.7381555492743,-39209.81072736202,15.164073866613814,209.06377789200602,11673.596411100225,54.837489061019156,137.12879118743106,4381767.907467614,31952.6682962406,-87.60839701215076,-87.60839701215076,0.0,0.0,0.0,0.0,8.574141241306751,8.574141241306751,0.0
0.7126928571428571,1.4031289776200928,-1.258974972671445,-0.13378526583645112,230.53392102091783,-406195.0456554118,0.9989904073106216,-497.2093691365619,1.0,-33730.63439419073,0.8837210780213316,-163.03183197248518,-5228733.545052113,391.5412524582768,-3.3906404939104156,-1762.638289417709,-28554.778821502314,-2418.6532831482673,-39182.23606104383,15.200021860943142,208.45126859500644,11626.329463328368,54.77480790446426,136.67000209422005,4381992.490461439,32061.57718091276,-87.56309608310573,-87.56309608310573,0.0,0.0,0.0,0.0,8.568932064484425,8.568932064484425,0.0
0.7126964285714286,1.4031219463305855,-1.25894808033639,-0.1349990374730794,229.7215800087057,-404932.87636195903,0.9989906456369005,-495.8040597809476,1.0,-33823.65248067499,0.8839632374793706,-162.49030949748766,-5224140.545551965,390.4046580001714,-3.4194142748894887,-1763.3725963262473,-28629.970996188247,-2411.5633730553704,-39153.9426040118,15.23591693317396,207.8383378605781,11578.862177533078,54.71090635501713,136.21131996187887,4382312.478511693,32171.894879354815,-87.51659051178939,-87.51659051178939,0.0,0.0,0.0,0.0,8.56360550183922,8.56360550183922,0.0
0.7127,1.4031149151115476,-1.2589211609516975,-0.1367638200831891,228.90858184043478,-403668.56083562045,0.9989908793950357,-494.4151792028664,1.0,-33916.61519651077,0.8842040385669007,-161.94887962013817,-5219428.118733531,389.26720897910815,-3.46205361356046,-1764.1068796543575,-28705.12292459165,-2404.4684663926846,-39124.93267393732,15.271759526393247,207.22498922812386,11531.242420658025,54.64600323353785,135.75274696957257,4377234.613551214,32243.169722269573,-87.46888378896028,-87.46888378896028,0.0,0.0,0.0,0.0,8.55816187189642,8.55816187189642,0.0
0.7127035714285714,1.403107883962978,-1.2588942235883707,-0.1379590568123774,228.09493555073016,-402401.6768211917,0.9989911074642822,-493.00700952667387,1.0,-34009.52232024706,0.8844434909669531,-161.40754496309526,-5214596.325273055,388.1289062549563,-3.4901831721120407,-1764.8411394028085,-28780.23423836057,-2397.3686045405743,-39095.20718545617,15.307549498817382,206.6112262591837,11483.487874904726,54.58017385027884,135.29428530733188,4372351.3157853875,32316.339242032573,-87.41997936428555,-87.41997936428555,0.0,0.0,0.0,0.0,8.552601489971913,8.552601489971913,0.0
0.7127071428571429,1.4031008528848756,-1.2588672657436857,-0.13924928297129213,227.2806502245845,-401132.4980974031,0.9989913304682325,-491.6007437723624,1.0,-34102.37362822016,0.884681605190534,-160.86630816257684,-5209645.312760352,386.9897579115213,-3.520629600974294,-1765.5753755723715,-28855.30481426257,-2390.263829141453,-39064.76740140504,15.343286847726983,205.99705253776034,11435.592256524224,54.51337805878566,134.8359371762455,4369394.8334187595,32404.269136131545,-87.36988063880796,-87.36988063880796,0.0,0.0,0.0,0.0,8.546924667494412,8.546924667494412,0.0
0.7127107142857142,1.4030938218772395,-1.2588402883312193,-0.14119099347192332,226.4657349428242,-399861.2537468425,0.99899154892214,-490.21408300276465,1.0,-34195.1688589962,0.8849183912512739,-160.32517186860858,-5204575.199051822,385.8497699640388,-3.567448047482436,-1766.3095881638003,-28930.334425919034,-2383.154182103824,-39033.61445739798,15.378971512006622,205.38247167066675,11387.550715461917,54.44558220003307,134.37770478866636,4363986.338574565,32474.523714575535,-87.31859096528372,-87.31859096528372,0.0,0.0,0.0,0.0,8.541131712036833,8.541131712036833,0.0
0.7127142857142856,1.4030867909400684,-1.2588132905029352,-0.14051533763102952,225.650198758157,-398586.6986450291,0.9989917596232216,-488.7430906240482,1.0,-34287.90771803801,0.8851538591037544,-159.78413874518688,-5199386.13525437,384.7089495552234,-3.5480654535552896,-1767.043777177896,-29005.322858533098,-2376.0397056051816,-39001.74951853158,15.414603437192042,204.76748728777517,11339.409838005084,54.377003391505,133.91959036834587,4353031.575672296,32503.815491887945,-87.2661136485172,-87.2661136485172,0.0,0.0,0.0,0.0,8.535222927347188,8.535222927347188,0.0
0.7127178571428571,1.403079760073361,-1.2587863318401085,-0.1368199426526644,224.83405046214352,-397308.701628765,0.9989919621049465,-487.1751395942101,1.0,-34380.588009002124,0.8853880081168588,-159.24321147082816,-5194077.499381104,383.56726703917104,-3.452457652351374,-1767.7779426130337,-29080.267075494052,-2368.920442097255,-38969.16998237791,15.450180972678714,204.1521030424687,11291.176492560002,54.30766680474096,133.46159615071085,4349409.4744305285,32588.22116830507,-87.21244784812995,-87.21244784812995,0.0,0.0,0.0,0.0,8.529198247661029,8.529198247661029,0.0
0.7127214285714285,1.403072729277117,-1.258759403320671,-0.13697456275102127,224.01729916339187,-396029.9150302992,0.9989921630265334,-485.72850000240385,1.0,-34473.20236583868,0.8856208280240547,-158.7023927391525,-5188648.462710427,382.4247349284812,-3.4540110185420696,-1768.512084460391,-29155.16141148558,-2361.7964343087956,-38935.869801734596,15.485700984271993,203.53632261188028,11242.758945849404,54.237113462485105,133.00372438299712,4351039.322465443,32712.66529508755,-87.15758012185934,-87.15758012185934,0.0,0.0,0.0,0.0,8.523056488763402,8.523056488763402,0.0
0.7127249999999999,1.4030656985513348,-1.2587324476521677,-0.13900251419144638,223.1999541730166,-394749.58719514456,0.9989923604861605,-484.3402479411733,1.0,-34565.74937201063,0.8858523301047594,-158.16168525771374,-5183099.491124561,381.2813949620777,-3.502717693937382,-1769.246202719785,-29230.00598251563,-2354.667725249812,-38901.85073738398,15.521163610571337,202.92014969725687,11194.186640772445,54.165475964183024,132.54597732445436,4346169.147233271,32788.89853154461,-87.10151107412912,-87.10151107412912,0.0,0.0,0.0,0.0,8.51679772784096,8.51679772784096,0.0
0.7127285714285714,1.4030586678960133,-1.2587054742650186,-0.1401925750052726,222.3820245347157,-393466.69580922765,0.9989925518123163,-482.92432449595213,1.0,-34658.22810786204,0.8860825216583075,-157.6210917489182,-5177430.589032584,380.1372482111325,-3.5302056687678762,-1769.9802973919927,-29304.799853253244,-2347.534358215275,-38867.113163632195,15.55656839594932,202.30358802427833,11145.498383648843,54.09293479417319,132.08835724653625,4339944.356884394,32855.373168333885,-87.04424293131137,-87.04424293131137,0.0,0.0,0.0,0.0,8.510422187463014,8.510422187463014,0.0
0.7127321428571428,1.403051637311152,-1.2586784798244217,-0.1413744838128821,221.56351930333943,-392181.57301256864,0.9989927377857794,-481.5070759526816,1.0,-34750.63764397848,0.8863114109133547,-157.08061495034204,-5171641.846464198,378.99230354960855,-3.5573973238417254,-1770.7143684777518,-29379.54235831197,-2340.396376788913,-38831.657838876155,15.591915037979264,201.68664134338312,11096.68556336185,54.019437526698184,131.63086643308978,4336115.347254285,32940.47842944121,-86.98577788915583,-86.98577788915583,0.0,0.0,0.0,0.0,8.50393008774072,8.50393008774072,0.0
0.7127357142857143,1.403044606796749,-1.2586514678550333,-0.14335890690861675,220.74444753407647,-390894.5399657764,0.9989929191628873,-480.11416491854925,1.0,-34842.97700406304,0.8865390053447647,-156.54025761496084,-5165733.296334524,377.8465657570314,-3.6046756551360843,-1771.448415977897,-29454.23264491277,-2333.25382484724,-38795.485297123465,15.627203128945233,201.06931343011473,11047.739789668562,53.94493217886479,131.17350718054502,4331488.8762264885,33020.06476626183,-86.9261181131348,-86.9261181131348,0.0,0.0,0.0,0.0,8.497321646359435,8.497321646359435,0.0
0.7127392857142857,1.4030375763528038,-1.2586244274229266,-0.14394395230962687,219.9248183573594,-389604.77944439516,0.9989930937816135,-478.67591247797793,1.0,-34935.24521469652,0.8867653135257336,-156.00002251137678,-5159705.110321754,376.70004834185033,-3.616670489105508,-1772.182439893195,-29528.87018051455,-2326.1067465631645,-38758.596518664504,15.66243244250529,200.4516080854321,10998.69310781361,53.86956783667202,130.7162817981037,4320491.718481106,33051.43737849177,-86.86526573880298,-86.86526573880298,0.0,0.0,0.0,0.0,8.490597078611952,8.490597078611952,0.0
0.7127428571428571,1.403030545979315,-1.258597409610554,-0.14049834688117357,219.1046406431533,-388311.322619964,0.998993259010005,-477.1092647264651,1.0,-35027.44116351661,0.8869903386217769,-155.45991242408454,-5153556.948411229,375.55272777247166,-3.5273983133561364,-1772.916440224011,-29603.452953369306,-2318.955186409952,-38720.99056918037,15.697601918355984,199.8335291360498,10949.582659456122,53.79352092111367,130.2591926079278,4313048.619676656,33110.28015861935,-86.80322299119445,-86.80322299119445,0.0,0.0,0.0,0.0,8.483756605658236,8.483756605658236,0.0
0.7127464285714286,1.4030235156762825,-1.2585704344708277,-0.139252178078749,218.28392337858162,-387016.530728689,0.998993420859792,-475.6112337682422,1.0,-35119.563733347866,0.8872140862226388,-154.91993015440596,-5147288.674768501,374.40459939731016,-3.4933876694329964,-1773.650416962093,-29677.979623705345,-2311.799189164935,-38682.667437729826,15.732710876891833,199.21508043475728,10900.327448708817,53.71637701784661,129.80224194532738,4313686.568765429,33231.75857270902,-86.73999196793909,-86.73999196793909,0.0,0.0,0.0,0.0,8.476800393957909,8.476800393957909,0.0
0.71275,1.403016485443704,-1.258543445515366,-0.14104906575909126,217.4626759275505,-385720.7265794241,0.998993580167242,-474.2082993398373,1.0,-35211.608764275894,0.8874365593148655,-154.38007851949024,-5140900.38788922,373.2557041630389,-3.535658129306834,-1774.3843701047565,-29752.448130833298,-2304.638799913659,-38643.62621199649,15.767758233283338,198.59626586077468,10850.918337977877,53.63807836943359,129.34543215894837,4310016.620610851,33320.75360715029,-86.67556731664911,-86.67556731664911,0.0,0.0,0.0,0.0,8.46972798448478,8.46972798448478,0.0
0.7127535714285714,1.403009455281579,-1.2585164351260787,-0.14244518281279284,216.64090747143132,-384422.6333988734,0.9989937335566971,-472.79168110549097,1.0,-35303.571158021114,0.8876577544239885,-153.84036035270682,-5134391.699078965,372.10605375972,-3.567769727635964,-1775.1182996527202,-29826.854592221986,-2297.4740640532905,-38603.86367000168,15.802741878136933,197.97708932004602,10801.402720749016,53.558852025992124,128.88876561095972,4303168.267910977,33385.68228773127,-86.60994194427508,-86.60994194427508,0.0,0.0,0.0,0.0,8.462538784096484,8.462538784096484,0.0
0.7127571428571429,1.4030024251899065,-1.2584894048898152,-0.14367028538461568,215.81862711002057,-383122.3528635933,0.9989938812174128,-471.3686531353142,1.0,-35395.445752399784,0.8878776672994853,-153.3007785041853,-5127762.128322787,370.95565444744585,-3.5954949733027934,-1775.8522056068052,-29901.1948702904,-2290.305027296789,-38563.37634257497,15.837659561919017,197.35755474559767,10751.778867029765,53.47867896868335,128.43224467724,4297704.113460942,33461.812428930134,-86.54310885981681,-86.54310885981681,0.0,0.0,0.0,0.0,8.455232208851378,8.455232208851378,0.0
0.7127607142857143,1.402995395168685,-1.2584623558825836,-0.14523943051730726,214.99584402224252,-381820.09126707184,0.9989940236165353,-469.9554437917026,1.0,-35487.22736579061,0.8880962938132926,-152.76133584104053,-5121011.210170043,369.8045128505119,-3.631721928329677,-1776.5860879678085,-29975.464822725626,-2283.1317356765885,-38522.16084091173,15.872509036144596,196.7376660978547,10702.041296807412,53.39752086661615,127.97587174756337,4292989.847904864,33544.30654319689,-86.4750611745988,-86.4750611745988,0.0,0.0,0.0,0.0,8.447807684034615,8.447807684034615,0.0
0.7127642857142856,1.4029883652179145,-1.2584352826151468,-0.14676246361472067,214.17256739613902,-380515.7188665614,0.998994160344894,-468.5397675619749,1.0,-35578.910795437056,0.8883136304298737,-152.22203524761414,-5114138.546508402,368.65263950067487,-3.6666796051159376,-1777.319946736463,-30049.660437302442,-2275.9542355486324,-38480.21402936386,15.907288129230759,196.11742736498755,10652.19666781263,53.31540078275749,127.51964922579992,4284009.946309835,33593.90064722581,-86.40579210254356,-86.40579210254356,0.0,0.0,0.0,0.0,8.440264644183934,8.440264644183934,0.0
0.7127678571428571,1.4029813353375926,-1.2584082059877166,-0.14476078232021905,213.3488063283383,-379207.9725702176,0.9989942879636828,-467.0123556778114,1.0,-35670.49074055776,0.888529671392583,-151.68287962563153,-5107143.546791469,367.5000295300733,-3.613535572004521,-1778.0537819136694,-30123.77703040458,-2268.7725735954964,-38437.5319998089,15.941994295573675,195.49684256317977,10602.292429003399,53.23255071537536,127.06357953004368,4272860.599759303,33626.73672489686,-86.33529496042917,-86.33529496042917,0.0,0.0,0.0,0.0,8.432602533114359,8.432602533114359,0.0
0.7127714285714285,1.4029743055277188,-1.2583811744567244,-0.1418470346675349,212.5245698698003,-377897.83678190137,0.9989944089405665,-465.4554933647905,1.0,-35761.96710971741,0.8887444233263749,-151.14387189497958,-5100026.080167613,366.3466622318484,-3.5376802971469634,-1778.7875934948515,-30197.813430524537,-2261.586796831349,-38394.115406139616,15.976626968256369,194.87591573705535,10552.29631656091,53.14879656447155,126.60766509288274,4270316.506738729,33727.735962438855,-86.26357520591813,-86.26357520591813,0.0,0.0,0.0,0.0,8.42482183496092,8.42482183496092,0.0
0.7127749999999999,1.4029672757882925,-1.2583541544538337,-0.14291446827692766,211.69986738504116,-376587.11732164724,0.9989945280328114,-464.02271443327356,1.0,-35853.341835856394,0.8889579047751602,-150.6050149935945,-5092786.930865152,365.1925649164632,-3.561106528817944,-1779.5213814731555,-30271.77192076422,-2254.3969526049564,-38349.96931120191,16.011187522627065,194.2546509599361,10502.147167879273,53.06381322651204,126.15190836152662,4268840.912485988,33837.89287074697,-86.19064244890876,-86.19064244890876,0.0,0.0,0.0,0.0,8.416923388469144,8.416923388469144,0.0
0.7127785714285714,1.4029602461193118,-1.258327106456975,-0.14476192990377967,210.87470832532065,-375274.6509275187,0.9989946421199273,-462.61341787905843,1.0,-35944.60909085207,0.8891701132465303,-150.06631187686878,-5085425.940993834,364.03776815198177,-3.603853414624977,-1780.2551458494022,-30345.648759645082,-2247.203088603917,-38305.0911423304,16.045673947577022,193.6330523342053,10451.889144954697,52.97781535207648,125.69631179800388,4261636.7135486,33903.23038344293,-86.11648870812166,-86.11648870812166,0.0,0.0,0.0,0.0,8.408906525255382,8.408906525255382,0.0
0.7127821428571428,1.4029532165207763,-1.2583000407525142,-0.1459385333915577,210.04910196186648,-373959.9239528531,0.9989947497430992,-461.18213071706555,1.0,-36035.762831988905,0.8893810419009621,-149.5277655185143,-5077942.532501793,362.882273545946,-3.6297790494428956,-1780.9888866243234,-30419.43891038659,-2240.005252858161,-38259.47677720523,16.08008350801303,193.01112399160877,10401.54268415,52.89089742103263,125.24087787934519,4254387.636247749,33968.640809659206,-86.04110599574312,-86.04110599574312,0.0,0.0,0.0,0.0,8.400770576886018,8.400770576886018,0.0
0.7127857142857142,1.4029461869926847,-1.2582729544815152,-0.14720082023222858,209.22305762139013,-372643.2280711376,0.9989948516038485,-459.75257582110726,1.0,-36126.79701327387,0.8895906850810804,-148.9893789107886,-5070336.233824817,361.7260903958205,-3.6577273073528245,-1781.7226037987564,-30493.137630723737,-2232.8034937440843,-38213.122565733196,16.114413638638386,192.38887009360977,10351.099116978605,52.803003842904836,124.78560909776627,4249234.726394457,34051.281806512576,-85.9644864491566,-85.9644864491566,0.0,0.0,0.0,0.0,8.392514886166612,8.392514886166612,0.0
0.7127892857142857,1.402939157535036,-1.2582458490986483,-0.1491900582074095,208.39658467284147,-371324.80999533,0.9989949482879565,-458.34478309280036,1.0,-36217.705551681,0.8897990368475248,-148.4511550647147,-5062606.551123109,360.5692255634411,-3.7036098455835296,-1782.4562973734924,-30566.74005052536,-2225.5978599881882,-38166.02479595592,16.14866170663845,191.76629483170152,10300.55133233478,52.714086416357894,124.33050796084905,4241902.3832082935,34116.952647181686,-85.88662233120857,-85.88662233120857,0.0,0.0,0.0,0.0,8.384138807166934,8.384138807166934,0.0
0.7127928571428571,1.402932128147829,-1.2582187211897473,-0.14872969315149476,207.5696925223827,-370003.54139412375,0.998995036661935,-456.8595707313416,1.0,-36308.482342249015,0.8900060917350631,-147.91309701030193,-5054753.064050735,359.4116887610033,-3.6885918478752964,-1783.189967349372,-30640.24139312725,-2218.3884006710323,-38118.179972328486,16.18282513594024,191.14340242774688,10249.942680264685,52.62436029744323,123.87557699172383,4228784.043486936,34136.35093051847,-85.8075060304642,-85.8075060304642,0.0,0.0,0.0,0.0,8.375641705245656,8.375641705245656,0.0
0.7127964285714286,1.4029250988310629,-1.2581916305726975,-0.1449916119759962,206.74239037348073,-368679.1496379916,0.9989951158275205,-455.2713403369379,1.0,-36399.12327482163,0.8902118448721309,-147.37520779692906,-5046775.116080556,358.2534537251505,-3.592332937497814,-1783.9236137251917,-30713.63701378465,-2211.175165230929,-38069.58486130556,16.2169014286707,190.52019713429547,10199.285479334152,52.533880568813366,123.42081872924923,4222440.412309545,34210.73555469923,-85.7271349054368,-85.7271349054368,0.0,0.0,0.0,0.0,8.367023371533598,8.367023371533598,0.0
0.7128,1.4029180695847363,-1.2581645726892237,-0.1449453298384924,205.91468772355893,-367354.1510019778,0.998995192545974,-453.7974583416845,1.0,-36489.6328531428,0.8904163195031369,-146.8374904940325,-5038673.647911327,357.0945312311093,-3.5875831696559874,-1784.6572364920355,-30786.930583888236,-2203.9582034678574,-38020.24659554774,16.250892750926084,189.8966832349201,10148.492143341657,52.442176927266374,122.96623572819286,4221823.243094937,34332.19088035633,-85.64552513513274,-85.64552513513274,0.0,0.0,0.0,0.0,8.35828521047869,8.35828521047869,0.0
0.7128035714285714,1.4029110404088485,-1.2581374890158636,-0.14696934881257562,205.0865943076011,-366027.97207155405,0.9989952652445447,-452.38715972311223,1.0,-36580.006553669664,0.8906195186872927,-146.29994818998486,-5030448.898283714,355.9349626168395,-3.6339745404000166,-1785.3908356494003,-30860.119848202045,-2196.7375655472174,-37970.16496008667,16.28479794564269,189.27286504453875,10097.586444301494,52.349361208884226,122.51183055941028,4214966.601848404,34403.56797194308,-85.56267259132358,-85.56267259132358,0.0,0.0,0.0,0.0,8.349426891764704,8.349426891764704,0.0
0.7128071428571429,1.402904011303398,-1.2581103871921284,-0.14818636074843994,204.25811966458787,-364699.6010766841,0.9989953310680377,-450.950832502247,1.0,-36670.23825235161,0.8908214361725009,-145.7625839929093,-5022100.397600856,354.7747515380343,-3.660276972211564,-1786.1244111981518,-30933.19975980318,-2189.5133020037565,-37919.33637041294,16.31861429465199,188.64874690975208,10046.60766783052,52.25562895276866,122.05760581002424,4206483.559132149,34462.10069099096,-85.47857013777622,-85.47857013777622,0.0,0.0,0.0,0.0,8.340447811203628,8.340447811203628,0.0
0.7128107142857143,1.402896982268384,-1.258083264428528,-0.14935723881541207,203.42927339075368,-363369.326244101,0.9989953907188296,-449.5121850315508,1.0,-36760.3218142787,0.8910220666309777,-145.2254010310025,-5013627.751716838,353.61390763026424,-3.685325052667355,-1786.857963139043,-31006.165503150485,-2182.2854637451496,-37867.75762810666,16.352339213734002,188.0243332091509,9995.54731896144,52.16092416529293,121.60356408360249,4200288.480617902,34539.83366939971,-85.39321076073963,-85.39321076073963,0.0,0.0,0.0,0.0,8.331347386948902,8.331347386948902,0.0
0.7128142857142857,1.4028899533038055,-1.258056124262936,-0.1513098178907626,202.60006511822542,-362037.45596045075,0.9989954449598816,-448.09689931275847,1.0,-36850.2510593545,0.8912214042681337,-144.68840245275044,-5005030.5271780705,352.4524370252774,-3.729525504643425,-1787.5914914729472,-31079.012079679334,-2175.054102056089,-37815.42541134896,16.385970020516663,187.39962835366686,9944.396046866339,52.06518553013852,121.14970800033532,4193580.728609632,34613.86451620688,-85.30658756922026,-85.30658756922026,0.0,0.0,0.0,0.0,8.32212505417288,8.32212505417288,0.0
0.7128178571428571,1.402882924409662,-1.2580289553787887,-0.1520714258199405,201.7705045756569,-360703.31117772125,0.99899549182973,-446.6438048062855,1.0,-36940.01981150113,0.8914194445837987,-144.15159142715925,-4996308.440042265,351.2903542392106,-3.7442440477600285,-1788.3249962005991,-31151.73483948088,-2167.8192686020166,-37762.336923591436,16.41950423198499,186.77463678689372,9893.181359330893,51.96854824361845,120.69604019722632,4180723.9608720294,34637.45171755771,-85.21869379527328,-85.21869379527328,0.0,0.0,0.0,0.0,8.31278025902997,8.31278025902997,0.0
0.7128214285714285,1.4028758955859513,-1.2580018056578872,-0.14876998045207301,200.9406013026357,-359365.9067880544,0.9989955284357905,-445.0641532300253,1.0,-37029.6219939975,0.8916161789195842,-143.6149711439243,-4987460.77835609,350.1276408158905,-3.6589366185302583,-1789.0584773226594,-31224.32782865114,-2160.5810154323162,-37708.48788977377,16.452938640316887,186.14936298536023,9841.942031946557,51.87120983981331,120.24256332821217,4170592.0924395793,34683.823551670284,-85.12952340897999,-85.12952340897999,0.0,0.0,0.0,0.0,8.30331251073494,8.30331251073494,0.0
0.7128249999999999,1.402868866832673,-1.2579746996922718,-0.14727773657614307,200.1103650006847,-358027.32283594104,0.998995560451862,-443.5398556915118,1.0,-37119.06040707648,0.8918116236284299,-143.07854481439028,-4978488.101651145,348.9642916346915,-3.618201320064504,-1789.7919348312769,-31296.79268465289,-2153.3393949852125,-37653.88328833941,16.48627428450404,185.52381145895197,9790.604877859925,51.772767015010054,119.78928006442226,4168626.002042456,34798.65819813412,-85.0390896054056,-85.0390896054056,0.0,0.0,0.0,0.0,8.293722948498548,8.293722948498548,0.0
0.7128285714285714,1.4028618381498257,-1.2579475831163724,-0.14899493523680007,199.2798057157081,-356688.0573366566,0.9989955892486527,-442.11397862372,1.0,-37208.333222956535,0.8920057888967587,-142.54231567066014,-4969391.026289475,347.8003454820593,-3.656252994365593,-1790.5253687231498,-31369.129217047728,-2146.094460090799,-37598.52588884917,16.519511180909724,184.89798675117055,9739.154810502323,51.6731252277449,119.33619309429707,4163035.415660095,34883.935640359734,-84.94739511648493,-84.94739511648493,0.0,0.0,0.0,0.0,8.284011830082992,8.284011830082992,0.0
0.7128321428571428,1.4028548095374087,-1.257920444282235,-0.15044234071697815,198.44893338246834,-355346.9101964814,0.9989956113875795,-440.67891542446245,1.0,-37297.43406958326,0.8921986698513883,-142.00628696585557,-4960169.299910162,346.6358172677884,-3.687541755056862,-1791.258778999061,-31441.332628355285,-2138.8462639749023,-37542.41297515234,16.55264677386503,184.27189343946554,9687.63898437632,51.572526409507866,118.88330512377583,4153993.9162595025,34940.77682841636,-84.85443322424476,-84.85443322424476,0.0,0.0,0.0,0.0,8.274178614184631,8.274178614184631,0.0
0.7128357142857142,1.4028477809954207,-1.2578932859374894,-0.1516734944213738,197.6177579205277,-354003.91799498646,0.9989956268714761,-439.2363517103651,1.0,-37386.35650252908,0.8923902604648524,-141.4704619746625,-4950822.545438746,345.4707139743767,-3.7133993528589455,-1791.9921656598688,-31513.397725643903,-2131.5948602630197,-37485.541459759304,16.585678291199258,183.64553613557246,9636.058275776948,51.4709637846211,118.43061887646967,4146097.8498489214,35007.66489749204,-84.76019733703663,-84.76019733703663,0.0,0.0,0.0,0.0,8.264222770681034,8.264222770681034,0.0
0.7128392857142857,1.4028407525238609,-1.2578661084746134,-0.15317958741167104,196.78628933397277,-352659.2679292293,0.9989956361332861,-437.8014288955728,1.0,-37475.0940542979,0.8925805549668717,-140.93484399354014,-4941350.416479878,344.30504396013714,-3.745854260250574,-1792.725528706387,-31585.31935233927,-2124.340302983942,-37427.90840447851,16.61860298555068,183.01891948582386,9584.407923628429,51.36839967449819,117.97813709383357,4139140.7481399383,35082.9642843986,-84.66468098981147,-84.66468098981147,0.0,0.0,0.0,0.0,8.254143780657348,8.254143780657348,0.0
0.7128428571428571,1.402833724122728,-1.2578389077391974,-0.15481169986782106,195.95453768812698,-351312.92539901077,0.9989956389823968,-436.36955140571945,1.0,-37563.64023336132,0.8927695480047787,-140.39943634092958,-4931752.61960372,343.1388181339743,-3.7812435057449036,-1793.4588681394584,-31657.09244016587,-2117.0826465735977,-37369.511080886354,16.651418163276343,182.3920481714789,9532.691571582494,51.264841955281824,117.52586253533791,4128388.388767348,35126.488534925804,-84.56787784438893,-84.56787784438893,0.0,0.0,0.0,0.0,8.243941136432149,8.243941136432149,0.0
0.7128464285714285,1.402826695792021,-1.25781169983359,-0.1530701423707228,195.12251303570656,-349963.71063116135,0.9989956319254705,-434.8333214106413,1.0,-37651.98846424326,0.8929572326014108,-139.86424235746125,-4922028.732611873,341.97203642693506,-3.73417815842006,-1794.19218395993,-31728.71137250354,-2109.8219458787717,-37310.34621966471,16.684120829506494,181.7649269090428,9480.956173127986,51.1605368777903,117.07379797863878,4114733.5466822255,35145.494072337155,-84.46978168972828,-84.46978168972828,0.0,0.0,0.0,0.0,8.233614341583515,8.233614341583515,0.0
0.71285,1.4028196675317388,-1.2577845364813551,-0.14994319334820716,194.2902253746367,-348612.3304410309,0.9989956168162246,-433.2540511414167,1.0,-37740.13705468329,0.8931436115627459,-139.32926540652932,-4912178.645195575,340.8046796526018,-3.6534040454553836,-1794.9254761639115,-31800.173561230295,-2102.558256160849,-37250.414212966985,16.716709681559127,181.13756045058824,9429.178319943272,51.05534565270585,116.62194621974785,4109365.9255344705,35235.64334833937,-84.37039699886509,-84.37039699886509,0.0,0.0,0.0,0.0,8.223163812900651,8.223163812900651,0.0
0.7128535714285714,1.4028126393418805,-1.2577573886769786,-0.15085781938407195,193.45768505034505,-347260.65094244963,0.9989955989516117,-431.79803206630254,1.0,-37828.088138686304,0.8933287034094516,-138.794508874392,-4902203.325048569,339.63677267375,-3.6711148040617876,-1795.6587447440168,-31871.481378930454,-2095.2916330995204,-37189.721300457946,16.74918618151688,180.50995358407323,9377.291728196054,50.948890030756914,116.17031007320101,4105887.3986602332,35342.689760947,-84.26973591550842,-84.26973591550842,0.0,0.0,0.0,0.0,8.212590614278152,8.212590614278152,0.0
0.7128571428571429,1.402805611222445,-1.257730212387979,-0.15276497514363996,192.62490251795668,-345907.6442598043,0.9989955753282516,-430.37161528464674,1.0,-37915.83532918136,0.8935125061906645,-138.2599761694822,-4892102.864608014,338.46834829788867,-3.7128373377217327,-1796.3919897009412,-31942.6307901451,-2088.0221327965623,-37128.26624253399,16.781548221812564,179.8821111336652,9325.338054130632,50.84138653565858,115.71889237222605,4096530.120489651,35399.702828303845,-84.16779260142948,-84.16779260142948,0.0,0.0,0.0,0.0,8.201894267411255,8.201894267411255,0.0
0.7128607142857143,1.402798583173431,-1.2577030185691311,-0.153942537332739,191.79188810758126,-344552.7441253892,0.9989955441949828,-428.9221147680215,1.0,-38003.37191350354,0.8936950130862421,-137.72567072323125,-4881876.904282304,337.29940958367047,-3.7366763883576866,-1797.1252110355322,-32013.616188960812,-2080.7498117795285,-37066.046066528215,16.81379282443768,179.2540379600582,9273.341203652513,50.732955693409934,115.26769596891013,4086890.0699197794,35454.64119735759,-84.06456102056984,-84.06456102056984,0.0,0.0,0.0,0.0,8.191074277680741,8.191074277680741,0.0
0.7128642857142857,1.4027915551948378,-1.2576758039232903,-0.15517981731383657,190.95865225651565,-343196.23671883374,0.9989955062764251,-427.4736929386342,1.0,-38090.69117928737,0.8938762184838962,-137.1915959902816,-4871525.19707569,336.12996735930875,-3.761832741432638,-1797.8584087486383,-32084.432309959393,-2073.4747270054504,-37003.05830608881,16.845917205621934,178.62573896079033,9221.292747350857,50.62353869603864,114.81672373436514,4079400.3315364546,35528.67023318288,-83.96003526565983,-83.96003526565983,0.0,0.0,0.0,0.0,8.180130162117301,8.180130162117301,0.0
0.7128678571428572,1.402784527286664,-1.2576485707755671,-0.15719060636934046,190.12520547778593,-341838.37939760525,0.9989954622193068,-426.0480846337596,1.0,-38177.78637202721,0.8940561163653998,-136.65775544868876,-4861047.467309041,334.96002950502145,-3.8055800094266754,-1798.5915828411155,-32155.07371877176,-2066.1969358645392,-36939.300408198156,16.87791849218961,177.99721907056102,9169.185267294508,50.51308158168298,114.3659785588932,4070067.26343939,35587.09459531265,-83.85420955849082,-83.85420955849082,0.0,0.0,0.0,0.0,8.16906144942762,8.16906144942762,0.0
0.7128714285714285,1.402777499448909,-1.257621313287219,-0.15694863409012783,189.29155834732111,-340478.1779293744,0.9989954089978872,-424.55318778594557,1.0,-38264.65071683491,0.8942347013986082,-136.12415260013788,-4850443.539121675,333.7896083236815,-3.7946734473009887,-1799.3247333137494,-32225.535161329874,-2058.9164961840465,-36874.77013658749,16.90979391584381,177.36848326156294,9117.05953242637,50.40180129398504,113.91546335216476,4054826.496458106,35594.04896997859,-83.7470782501938,-83.7470782501938,0.0,0.0,0.0,0.0,8.15786768002059,8.15786768002059,0.0
0.7128749999999999,1.4027704716815712,-1.257594090869921,-0.15319375057268303,188.4577213096382,-339115.2394782109,0.9989953452645296,-422.9510075024278,1.0,-38351.27955014121,0.8944119686665719,-135.59079097019898,-4839713.002061863,332.6186816311061,-3.698903329759999,-1800.0578601658624,-32295.81148096438,-2051.63346623119,-36809.4654731458,16.94154076691099,176.73953654373196,9064.933498614406,50.28978878119556,113.46518104332526,4045698.4892454194,35654.8589343864,-83.6386405705436,-83.6386405705436,0.0,0.0,0.0,0.0,8.146548812218828,8.146548812218828,0.0
0.7128785714285714,1.40276344398465,-1.2575669036573407,-0.15294082761857908,187.62370510387666,-337751.92042557115,0.9989952778670008,-421.454711536637,1.0,-38437.67912069439,0.8945879445329747,-135.05767410911562,-4828857.157480426,331.44725900179805,-3.6877626904348304,-1800.790963388405,-32365.907625497868,-2044.347904717968,-36743.39597638827,16.973161951344714,176.11038396516122,9012.72185555381,50.17654991506201,113.01513458124165,4042688.230764838,35770.21104836384,-83.52891796281989,-83.52891796281989,0.0,0.0,0.0,0.0,8.135106711750801,8.135106711750801,0.0
0.7128821428571428,1.402756416358144,-1.2575396921568847,-0.15495289814020907,186.78952069046053,-336387.81934560713,0.9989952055839392,-420.0264348960152,1.0,-38523.84296588598,0.8947626283958633,-134.524805590697,-4817876.294200515,330.2753814065413,-3.731121541768514,-1801.5240429805835,-32435.819887600283,-2037.059870804066,-36676.56134099738,17.004655565926225,175.48103061234994,8960.442919746358,50.06217400523828,112.56532693460724,4033771.9241535095,35833.94166455764,-83.41790541471454,-83.41790541471454,0.0,0.0,0.0,0.0,8.123540992747667,8.123540992747667,0.0
0.7128857142857142,1.402749388802052,-1.257512462120671,-0.15619099880487397,185.9551789578033,-335021.9474493842,0.9989951253606913,-418.5740051591587,1.0,-38609.76202791215,0.8949360085330443,-133.99218901302953,-4806769.931606697,329.10305529960124,-3.7556779278013743,-1802.257098943328,-32505.540915948674,-2029.7694241007484,-36608.95723686266,17.03601768860105,174.85148161053726,8908.13696125211,49.946877196580004,112.11576109211545,4023011.384695958,35881.65686740164,-83.30559312008535,-83.30559312008535,0.0,0.0,0.0,0.0,8.111850860453234,8.111850860453234,0.0
0.7128892857142857,1.4027423613163736,-1.2574852112861752,-0.15736829033204458,185.1206908480055,-333654.56076350226,0.9989950378433442,-417.11906598183975,1.0,-38695.42722863192,0.8951080739671071,-133.4598279987951,-4795537.647420823,327.9302914328585,-3.7786322491973556,-1802.990131277358,-32575.063537256934,-2022.4766246741742,-36540.57967843827,17.067244502430306,174.22174212398662,8855.796260252668,49.830603300650914,111.66644006261916,4014383.608898963,35948.776912811205,-83.19197147271439,-83.19197147271439,0.0,0.0,0.0,0.0,8.100035537573458,8.100035537573458,0.0
0.7128928571428571,1.4027353339011073,-1.257457942923464,-0.15927355812203814,184.28606735030667,-332285.9367967897,0.9989949437489514,-415.6854162352237,1.0,-38780.82944336983,0.8952788133832879,-132.92772619546434,-4784178.995093015,326.7570977415735,-3.818901698055205,-1803.7231399836312,-32644.380405393462,-2015.1815330495083,-36471.424628609646,17.098332100839883,173.59181735633862,8803.412186691854,49.713290066090785,111.21736687528771,4005472.952000637,36013.81553229117,-83.0770310664758,-83.0770310664758,0.0,0.0,0.0,0.0,8.088094264294188,8.088094264294188,0.0
0.7128964285714285,1.402728306556252,-1.2574306461165345,-0.16019499632750467,183.45131964378018,-330915.5355819508,0.9989948413371753,-414.2214378091869,1.0,-38865.95956809661,0.8954482167590825,-132.39588727548806,-4772693.677189123,325.58348960763954,-3.8354243407948307,-1804.4561250629968,-32713.48453798641,-2007.88421021414,-36401.48859957133,17.129276785183304,172.96171255088655,8751.008120279033,49.5950593990819,110.76854457976455,3990801.9696736834,36027.29652419873,-82.9607626955223,-82.9607626955223,0.0,0.0,0.0,0.0,8.076026298299766,8.076026298299766,0.0
0.7129,1.402721279281807,-1.2574033646925802,-0.1570780746257583,182.61645874985072,-329542.38933262066,0.998994727490026,-412.63543592012746,1.0,-38950.808417589025,0.8956162699813193,-131.86431493649718,-4761081.008718498,324.4094541611067,-3.755276033496988,-1805.189086516136,-32782.36754118969,-2000.5847176213633,-36330.766677147476,17.16007408091355,172.33143299089258,8698.624032125033,49.47613126146721,110.31997624632167,3977975.038587284,36057.5197163684,-82.84315755604769,-82.84315755604769,0.0,0.0,0.0,0.0,8.063830931444183,8.063830931444183,0.0
0.7129035714285714,1.4027142520777705,-1.2573761278245985,-0.15532502518212254,181.78149584922514,-328168.2784580119,0.9989946074587038,-411.0901123047464,1.0,-39035.37384963331,0.8957829770636951,-131.33301290206975,-4749341.199871726,323.23498646783816,-3.7078456789581393,-1805.922024335772,-32851.026974092434,-1993.2831171941193,-36259.260680998384,17.190722817157745,171.70098399990817,8646.194042050513,49.35611235667197,109.87166496601462,3973258.812409233,36161.72506326574,-82.72422112076094,-82.72422112076094,0.0,0.0,0.0,0.0,8.051508645112083,8.051508645112083,0.0
0.7129071428571429,1.402707224944142,-1.257348883982335,-0.15694968179906255,180.94644250020943,-326793.8674543552,0.9989944832196331,-409.64566837660806,1.0,-39119.65546229326,0.895948352094114,-130.8019849210708,-4737475.291862112,322.06012323203083,-3.7409917927495995,-1806.654938517946,-32919.46377037664,-1985.9794713282888,-36186.976196314725,17.221223692766408,171.07037094205668,8593.696471971256,49.23486197315859,109.42361385083521,3965715.9603771884,36240.8660910176,-82.60396196920033,-82.60396196920033,0.0,0.0,0.0,0.0,8.03906020568121,8.03906020568121,0.0
0.7129107142857143,1.4027001978809208,-1.2573216168567973,-0.15846282902649023,180.11131016607442,-325418.04535763944,0.9989943512733733,-408.197246824231,1.0,-39203.650065970105,0.8961123997848938,-130.27123476774707,-4725483.7804264445,320.8848828764526,-3.771307991156268,-1807.387829063451,-32987.6757843251,-1978.673842896341,-36113.915432423586,17.25157570161275,170.43959922234637,8541.178546238038,49.11264157630219,108.9758260338636,3954445.9604842165,36286.36853304875,-82.48238335760072,-82.48238335760072,0.0,0.0,0.0,0.0,8.026485945179893,8.026485945179893,0.0
0.7129142857142857,1.4026931708881052,-1.2572943305729363,-0.15969459369256356,179.276110359532,-324040.77894732886,0.9989942113842112,-406.73979737734567,1.0,-39287.35438233505,0.8962751230891316,-129.7407662422622,-4713366.99209252,319.70927338966345,-3.794768175527142,-1808.120695973259,-33055.66029509974,-1971.366295251074,-36040.08002239722,17.281777521111135,169.8086742869906,8488.645173359519,48.98946731668732,108.52830466941872,3944072.0709547135,36340.41418654336,-82.3594885458312,-82.3594885458312,0.0,0.0,0.0,0.0,8.013786196225762,8.013786196225762,0.0
0.7129178571428572,1.4026861439656944,-1.2572670248415623,-0.16113959649089793,178.44085472157073,-322662.2477323595,0.9989940639780668,-405.2881252231893,1.0,-39370.765106779436,0.8964365251963987,-129.2105831708797,-4701125.291705844,318.5333051071454,-3.823137251837731,-1808.8535392481992,-33123.4146697613,-1964.056892228786,-35965.471755847975,17.31182787940263,169.17760162367992,8436.092901995407,48.86530616955265,108.08105293320784,3934828.974610041,36405.27906393265,-82.23528079786337,-82.23528079786337,0.0,0.0,0.0,0.0,8.000961292068595,8.000961292068595,0.0
0.7129214285714285,1.4026791171136874,-1.2572396968345776,-0.16287122031843637,177.60555496079115,-321282.4953692368,0.9989939090651403,-403.84439773961816,1.0,-39453.878890552885,0.8965966093508352,-128.6806894061606,-4688759.071404915,317.3569897242196,-3.858128408304898,-1809.58635888913,-33190.93630344474,-1956.7456981532011,-35890.09251225326,17.34172552219061,168.54638676191902,8383.523631084001,48.740156357823246,107.63407402248819,3922251.440583297,36439.6111745228,-82.1097633822327,-82.1097633822327,0.0,0.0,0.0,0.0,7.988011566633276,7.988011566633276,0.0
0.7129249999999999,1.4026720903320828,-1.2572123580294357,-0.16138497993193823,176.77022283234268,-319900.4340327319,0.9989937430885217,-402.3043800141417,1.0,-39536.69230463455,0.8967553775261033,-128.15108882707804,-4676268.643450271,316.1803318003119,-3.816824960632405,-1810.319154896982,-33258.222169949004,-1949.4327778379939,-35813.943776342756,17.371468964455385,167.91503527324232,8330.9841020102,48.6142831310697,107.18737115615838,3906162.851788818,36441.37944876953,-81.98293957249348,-81.98293957249348,0.0,0.0,0.0,0.0,7.974937354561401,7.974937354561401,0.0
0.7129285714285714,1.4026650636208795,-1.257185063080137,-0.15806955742226592,175.93487009849702,-318516.53379785747,0.9989935673099832,-400.70975702108626,1.0,-39619.1966637842,0.896912816232764,-127.62178533958784,-4663653.403953058,315.00331442426653,-3.732382322986075,-1811.0519272684787,-33325.26397709677,-1942.1181965916326,-35737.02145236427,17.401053815922133,167.28355277162976,8278.458106776632,48.487579439911364,106.74094757498696,3897955.6125119627,36516.90340135023,-81.85480265811805,-81.85480265811805,0.0,0.0,0.0,0.0,7.9617381218778895,7.9617381218778895,0.0
0.7129321428571428,1.4026580369800774,-1.2571577874236006,-0.15882858689545287,175.09950880348418,-317132.67567667196,0.9989933875518306,-399.2357807261306,1.0,-39701.3803741155,0.8970689111971301,-127.09278287676092,-4650913.003120321,313.825960723339,-3.744184186090464,-1811.7846759956496,-33392.05309677908,-1934.8020202197322,-35659.321246565094,17.43047550803949,166.65194491370852,8225.872996522372,48.35959793797597,106.29480654170078,3892357.6460863743,36617.51197367158,-81.72534013557015,-81.72534013557015,0.0,0.0,0.0,0.0,7.948412817689093,7.948412817689093,0.0
0.7129357142857142,1.4026510104096743,-1.2571304830570422,-0.16078419408987088,174.26415116725377,-315747.9677109477,0.9989932009278616,-397.7967339610639,1.0,-39783.24440168137,0.8972236791951294,-126.564085398059,-4638048.726676864,312.648305384744,-3.7840294622457327,-1812.5174010792189,-33458.591486354744,-1927.4843150291154,-35580.85028839775,17.459735319745153,166.02021739910032,8173.26900186476,48.23056438491962,105.84895134114157,3880834.46965459,36662.891521674246,-81.5945640628347,-81.5945640628347,0.0,0.0,0.0,0.0,7.934962518133247,7.934962518133247,0.0
0.7129392857142857,1.4026439839096698,-1.2571031613116435,-0.1619575393703201,173.42880936051418,-314361.8114519021,0.9989930053897484,-396.33399892619724,1.0,-39864.78988691654,0.8973771328696284,-126.0356968900886,-4625061.44488896,311.4703534189585,-3.8052827608662536,-1813.250102520002,-33524.87975534991,-1920.1651478307506,-35501.614257170295,17.4888337845717,165.388375970674,8120.674533612698,48.10063652268176,105.40338528040701,3868823.4334776383,36703.9257780983,-81.46248708036353,-81.46248708036353,0.0,0.0,0.0,0.0,7.92138835056555,7.92138835056555,0.0
0.7129428571428571,1.4026369574800626,-1.2570758186293312,-0.16317541869125307,172.59349565174023,-312974.4885575956,0.9989928016925039,-394.8720856093734,1.0,-39946.01794053383,0.8975292857153897,-125.507621366793,-4611952.118064887,310.2921173549544,-3.8274287834219325,-1813.98278031891,-33590.91886368855,-1912.8445859434407,-35421.619203009046,17.517771628340952,164.7564264148613,8068.082949919309,47.96976175972432,104.95811168899023,3858989.747828275,36765.950983866365,-81.32912168155059,-81.32912168155059,0.0,0.0,0.0,0.0,7.9076914302420604,7.9076914302420604,0.0
0.7129464285714285,1.4026299311208517,-1.2570484578359737,-0.16520625501192399,171.7582224244617,-311586.25898941746,0.9989925905296618,-393.43361755467964,1.0,-40026.92960838557,0.8976801504410118,-124.97986286962208,-4598721.657343576,309.11360663966406,-3.8684547137868894,-1814.7154344768128,-33656.70955878646,-1905.5226971970344,-35340.87094802601,17.546549458587585,164.12437456193175,8015.488326947507,47.8378910709749,104.51313391891827,3847614.081385809,36813.64651486582,-81.19448021346949,-81.19448021346949,0.0,0.0,0.0,0.0,7.893872860385418,7.893872860385418,0.0
0.71295,1.402622904832036,-1.2570210711596486,-0.16517008313832093,170.9230021689633,-310196.2558520096,0.9989923689592929,-391.93386116999636,1.0,-40107.52589949826,0.8978297402805727,-124.45242546770034,-4585371.07106763,307.93483601815046,-3.860940649636694,-1815.448064994605,-33722.252827223114,-1898.1995499358368,-35259.37556338063,17.57516801359081,163.49222628628547,7962.930117831163,47.705252223353774,104.0684553448885,3830344.5803007027,36805.00973279303,-81.05857487761614,-81.05857487761614,0.0,0.0,0.0,0.0,7.879933732251341,7.879933732251341,0.0
0.7129535714285714,1.4026158786136145,-1.256993717172377,-0.16142915700788762,170.08784730184954,-308804.006777998,0.9989921352166123,-390.32509285737933,1.0,-40187.80481077623,0.8979780566025556,-123.92531325808191,-4571900.56370943,306.75578788153086,-3.7669200087045853,-1816.1806718718929,-33787.545573503376,-1890.8752130219057,-35177.13486507799,17.603625782824444,162.85998750673494,7910.4311487196,47.571974429216205,103.62407936440387,3818485.8760619834,36848.407005430825,-80.9214124153907,-80.9214124153907,0.0,0.0,0.0,0.0,7.865874665751537,7.865874665751537,0.0
0.7129571428571428,1.402608852465586,-1.2569664005447607,-0.16096097461749537,169.2527704988463,-307411.68026180484,0.9989918961983113,-388.8122022664345,1.0,-40267.74597558037,0.8981250629265738,-123.39853036640706,-4558308.719424052,305.5764713501446,-3.7493802381921806,-1816.9132550997117,-33852.571454180135,-1883.5497558383433,-35094.137002991796,17.63191396681308,162.22766418678742,7857.904486844129,47.43751234559237,103.18000939790645,3812994.6136150137,36953.78063885872,-80.78296449269516,-80.78296449269516,0.0,0.0,0.0,0.0,7.851693252845976,7.851693252845976,0.0
0.7129607142857143,1.4026018263879496,-1.2569390615399652,-0.1629449243418435,168.41778472391286,-306019.0387366771,0.9989916510645861,-387.37072630741307,1.0,-40347.34587489377,0.8982707660853738,-122.8720809459434,-4544596.472744554,304.3969268624213,-3.7888381919463363,-1817.6458146768875,-33917.32917200797,-1876.223248292539,-35010.38596115293,17.660032058026257,161.59526233492275,7805.363654141673,47.30193374088069,102.73624888890895,3802056.8080006717,37006.938766694926,-80.64323488537053,-80.64323488537053,0.0,0.0,0.0,0.0,7.837389867292966,7.837389867292966,0.0
0.7129642857142857,1.4025948003807045,-1.2569117034856312,-0.16421531507370446,167.58290284089074,-304625.1372788976,0.9989913965682097,-385.9079338856824,1.0,-40426.605158479346,0.8984151776904438,-122.34596917814775,-4530764.773996329,303.21716407080106,-3.8115101117160144,-1818.378350604292,-33981.81914471056,-1868.89576081945,-34925.88752136064,17.687980492848233,160.96278800487391,7752.851376221418,47.16548888297501,102.2928013041256,3789083.70828991,37040.54798757174,-80.50223562986014,-80.50223562986014,0.0,0.0,0.0,0.0,7.822965597842757,7.822965597842757,0.0
0.7129678571428572,1.4025877744438489,-1.2568843247604233,-0.16540180913804647,166.7481378562059,-303230.1925393134,0.998991133263446,-384.44228835736703,1.0,-40505.52443563007,0.8985583094699697,-121.82019927296462,-4516814.586568023,302.03719511858554,-3.8320728672700164,-1819.1108628828983,-34046.04188404182,-1861.5673643849134,-34840.64756634572,17.715759758636256,160.33024729591105,7700.363411350626,47.02813905188189,101.84967013360043,3778030.257040828,37093.18255439639,-80.35997862488102,-80.35997862488102,0.0,0.0,0.0,0.0,7.808421521805066,7.808421521805066,0.0
0.7129714285714286,1.4025807485773822,-1.2568569283763218,-0.16724231192523575,165.91350288137596,-301834.4509913277,0.9989908618109935,-382.99526358310135,1.0,-40584.104247574876,0.898700172514542,-121.29477546898234,-4502746.837672404,300.85703000676216,-3.8676008848987404,-1819.8433515135391,-34109.99772891248,-1854.2381304886037,-34754.67180580495,17.74337024697409,159.6976463530947,7647.894181675023,46.88983655253988,101.40685889083403,3766941.3263495006,37145.81006345605,-80.21647563219832,-80.21647563219832,0.0,0.0,0.0,0.0,7.793758705118126,7.793758705118126,0.0
0.7129749999999999,1.4025737227813038,-1.2568295041416022,-0.16832075394023605,165.07901114648928,-300437.51038541296,0.9989905807175737,-381.5256875284796,1.0,-40662.34510260816,0.8988407786529339,-120.76970203360509,-4488562.561041692,299.676685143942,-3.8853224881564623,-1820.575816497099,-34173.68733131629,-1846.908131167649,-34667.96627323512,17.77081252077081,159.06499136758558,7595.464613554271,46.75069956155093,100.96437111292289,3750588.4520326196,37146.64337845278,-80.07173827740326,-80.07173827740326,0.0,0.0,0.0,0.0,7.778978202418664,7.778978202418664,0.0
0.7129785714285714,1.402566697055612,-1.2568020911809947,-0.1654212390363341,164.24467585675222,-299038.43790039094,0.9989902866306548,-379.94056636476546,1.0,-40740.24720798948,0.8989801353345179,-120.2449832631432,-4474262.4283678075,298.4961535257524,-3.811241593030425,-1821.3082578344556,-34237.1098338062,-1839.5774389987694,-34580.53547820536,17.798086313249513,158.4322885768271,7543.117151404334,46.61098396774418,100.5222103606275,3735180.8850025143,37156.76714024097,-79.9257778351718,-79.9257778351718,0.0,0.0,0.0,0.0,7.764081038454215,7.764081038454215,0.0
0.7129821428571428,1.4025596714003057,-1.2567747233550477,-0.16339796989294086,163.41051036594263,-297638.71557843173,0.9989899843215267,-378.38085389464896,1.0,-40817.79470401236,0.8991182145680374,-119.7206234835615,-4459845.445308976,297.3154310195205,-3.757503423762185,-1822.0406755188596,-34300.251722799,-1832.246127102877,-34492.37123087582,17.825184411995288,157.79954426493978,7490.79265944896,46.47030604139253,100.0803802185765,3727723.950187189,37246.300040685346,-79.77857579274018,-79.77857579274018,0.0,0.0,0.0,0.0,7.749065657648988,7.749065657648988,0.0
0.7129857142857142,1.402552645815384,-1.2567473524865347,-0.1649186967788694,162.5765283620225,-296239.15571752354,0.9989896764417056,-376.9233877827895,1.0,-40894.97664858415,0.8992550054940409,-119.19662704990242,-4445311.750921139,296.1345524982128,-3.785226156604788,-1822.7730695456837,-34363.10551398767,-1824.914269147019,-34403.47162925266,17.852102923899622,157.16676476288765,7438.460479972406,46.32845707675263,99.63888429533168,3718302.0760379154,37316.78112866853,-79.6301227380662,-79.6301227380662,0.0,0.0,0.0,0.0,7.733931285452762,7.733931285452762,0.0
0.7129892857142857,1.4025456203008462,-1.2567199572314618,-0.16650403075752251,161.74274353576462,-294838.74493226374,0.9989893594222644,-375.4674274457005,1.0,-40971.79340408737,0.8993905204400614,-118.67299834624308,-4430662.515735224,294.9535399705393,-3.814236641245008,-1823.5054399158355,-34425.6720310693,-1817.5819393478798,-34313.84319669099,17.87884251809977,156.53395644877762,7386.166761626908,46.18571566958299,99.19772622351945,3704904.003904683,37347.67869407134,-79.48043045507998,-79.48043045507998,0.0,0.0,0.0,0.0,7.71867898134192,7.71867898134192,0.0
0.7129928571428571,1.4025385948566906,-1.2566925432121014,-0.16772896609163013,160.90916965348845,-293437.38373908895,0.9989890327449037,-374.0007627102499,1.0,-41048.2452128951,0.8995247693826862,-118.14974178620122,-4415898.697258107,293.77240276913443,-3.8348081038650554,-1824.2377866302515,-34487.95130559165,-1810.2492124747612,-34223.491667793896,17.905403428408366,155.9011257481147,7333.920063119343,46.04212383282313,98.75690965994694,3692180.753542713,37385.55620407854,-79.32951059417744,-79.32951059417744,0.0,0.0,0.0,0.0,7.703309793926195,7.703309793926195,0.0
0.7129964285714285,1.4025315694829168,-1.2566651094463084,-0.1691233170360249,160.07582059094239,-292035.25427576725,0.9989886968601479,-372.53866181356915,1.0,-41124.33226660946,0.8996577625286402,-117.62686181307656,-4401021.2926494675,292.5911534357152,-3.8590774278687507,-1824.9701096898004,-34549.943499560555,-1802.916163852495,-34132.42291740111,17.931785959734533,155.2682791340515,7281.717343705384,45.897649567035415,98.3164382857162,3680745.640690256,37436.74393040649,-79.17737467303448,-79.17737467303448,0.0,0.0,0.0,0.0,7.6878247610209804,7.6878247610209804,0.0
0.713,1.402524544179523,-1.2566376543073998,-0.1709320185635761,159.2427103568952,-290632.45344374905,0.9989883519317515,-371.0881197403456,1.0,-41200.05470083541,0.8997895098766425,-117.10436289999056,-4386031.305203389,291.409804895721,-3.8925986796931866,-1825.7024090954517,-34611.648747415995,-1795.5828693645724,-34040.64280230387,17.957990401384425,154.63542312765563,7229.5590260815,45.75228275550621,97.87631580633622,3666428.8326634467,37458.81652924141,-79.02403407742568,-79.02403407742568,0.0,0.0,0.0,0.0,7.672224909720125,7.672224909720125,0.0
0.7130035714285714,1.4025175189465091,-1.25661018521022,-0.16969981812127344,158.4098530456938,-289228.00328305917,0.9989879943623119,-369.5503974959513,1.0,-41275.41256385394,0.8999200204583757,-116.5822495500231,-4370929.695578967,290.2283659785315,-3.856786159662172,-1826.4346848480536,-34673.06687806788,-1788.2494054558751,-33948.15688971379,17.98401687490535,154.0025642981438,7177.4900920076225,45.60630246462807,97.43654595183325,3648184.5827388475,37440.64519688834,-78.86950006205643,-78.86950006205643,0.0,0.0,0.0,0.0,7.656511256469646,7.656511256469646,0.0
0.7130071428571428,1.4025104937838733,-1.2565827587465532,-0.16623842411604528,157.57726273310865,-287822.17551226687,0.9989876248304409,-367.94915876629386,1.0,-41350.398166483414,0.9000492828302843,-116.06052629657758,-4355716.296174915,289.0468230376523,-3.770467510981924,-1827.166936944956,-34734.190273577886,-1780.9158491358141,-33854.96350352218,18.009861426046736,153.36970926315004,7125.502277964537,45.45964520763796,96.99713247685881,3637267.7499072985,37497.71420967072,-78.71377014150517,-78.71377014150517,0.0,0.0,0.0,0.0,7.64068363257644,7.64068363257644,0.0
0.7130107142857143,1.4025034686916145,-1.256555355168211,-0.16681749348620656,156.74495383809673,-286416.80985102686,0.9989872496298828,-366.4631397416632,1.0,-41424.99248353381,0.9001772665123762,-115.53919770362955,-4340390.32842517,287.86519792042805,-3.7758652722125956,-1827.8991653778985,-34795.004285858944,-1773.5822779810371,-33761.05429257385,18.035516260912264,152.73686468895755,7073.520453718044,45.31180866598894,96.55807916079563,3629583.0397249064,37588.63590898134,-78.5568212890885,-78.5568212890885,0.0,0.0,0.0,0.0,7.624740098129262,7.624740098129262,0.0
0.7130142857142857,1.402496443669732,-1.2565279231093989,-0.16881183065839878,155.91294095246843,-285011.1667427267,0.9989868660538015,-365.0171482206433,1.0,-41499.19475236838,0.9003039831346905,-115.01826836494944,-4324953.128278647,286.68352684923985,-3.813119908417058,-1828.6313701473032,-34855.50963455916,-1766.2487701382772,-33666.436018552944,18.0609820019392,152.10403729074224,7021.5798983808345,45.16300805322674,96.11938980786219,3616108.7864840664,37620.01271879155,-78.39866353072088,-78.39866353072088,0.0,0.0,0.0,0.0,7.608681567221215,7.608681567221215,0.0
0.7130178571428571,1.4024894187182249,-1.256500473580215,-0.16999582112211442,155.08123862194225,-283604.63306601875,0.998986471737796,-363.5479076873816,1.0,-41573.004923699846,0.9004294412899287,-114.49774290476034,-4309405.680554623,285.5018174106154,-3.831863977903958,-1829.3635512540943,-34915.70597438397,-1758.915404327237,-33571.11441801886,18.086258688409966,151.47123383281934,6969.71060663235,45.013427304123674,95.68106824721357,3601923.210917475,37644.09820909499,-78.2393084555496,-78.2393084555496,0.0,0.0,0.0,0.0,7.592509089516067,7.592509089516067,0.0
0.7130214285714286,1.4024823938370916,-1.2564730030197813,-0.1711952691733245,154.24986156088022,-282197.47415333235,0.9989860674314804,-362.07891897979556,1.0,-41646.42292440075,0.9005536504365841,-113.9776259778923,-4293749.054636153,284.3200839628531,-3.850786489263682,-1830.0957086992248,-34975.59332329866,-1751.582259843346,-33475.09559274847,18.111346558021395,150.83846112887946,6917.90598190642,44.863010866940755,95.24311833304208,3589882.5506847133,37690.77882366015,-78.07876752148778,-78.07876752148778,0.0,0.0,0.0,0.0,7.576223703994103,7.576223703994103,0.0
0.713025,1.4024753690263314,-1.2564455147297786,-0.17322659705982346,153.41882459438204,-280789.94902171707,0.9989856538722157,-360.6332183373134,1.0,-41719.44860146555,0.9006766192495622,-113.45792226990342,-4277984.271924517,283.138337840122,-3.8882097574267434,-1830.8278424836003,-35035.17145497847,-1744.2494165604173,-33378.3854229253,18.13624571464441,150.2057260422156,6866.159550046227,44.71170308192166,94.80554394467406,3576624.835554561,37724.90385264582,-77.91705205608633,-77.91705205608633,0.0,0.0,0.0,0.0,7.559826439029205,7.559826439029205,0.0
0.7130285714285713,1.4024683442859434,-1.2564179993939943,-0.1733917481065248,152.58814267939044,-279381.322185804,0.9989852282150533,-359.13474591328946,1.0,-41792.081762938666,0.90079835710001,-112.93863649721564,-4262112.461895869,281.9565961605076,-3.883582893366358,-1831.5599526081348,-35094.44044548245,-1736.9169549336477,-33280.99009091475,18.160956427065404,149.57303548597946,6814.506713966893,44.55972733872653,94.36834898667895,3557620.275557021,37698.29551336344,-77.75417325741776,-77.75417325741776,0.0,0.0,0.0,0.0,7.543318312467252,7.543318312467252,0.0
0.7130321428571428,1.402461319615926,-1.2563905140138691,-0.16969858219331968,151.75783076334253,-277971.0691310896,0.998984788268449,-357.5279049388084,1.0,-41864.320047589674,0.9009188639028668,-112.41977340722784,-4246134.105952612,280.7748464274965,-3.7926514570518823,-1832.2920390728127,-35153.39688715315,-1729.584956001333,-33182.912500744664,18.18547706234737,148.94039642332822,6762.973530012992,44.40724808325891,93.9315373889077,3543260.436551851,37720.73366950845,-77.59013877984225,-77.59013877984225,0.0,0.0,0.0,0.0,7.526700037336703,7.526700037336703,0.0
0.7130357142857142,1.4024542950162786,-1.2563630679363893,-0.16900555722929766,150.92790400988088,-276561.149773904,0.998984340946233,-356.00558172787373,1.0,-41936.14382263459,0.9010381061851871,-111.90133777900132,-4230048.311501549,279.59309787719457,-3.7689260579905293,-1833.0241018687047,-35212.02488029485,-1722.2535013888173,-33084.143890554114,18.209799175252197,148.3078158677622,6711.478765024864,44.25370915723764,93.49511310666492,3535404.5351547785,37812.78959477138,-77.42492589178116,-77.42492589178116,0.0,0.0,0.0,0.0,7.509969705482629,7.509969705482629,0.0
0.7130392857142857,1.402447270487,-1.2563356016714118,-0.17095191351484118,150.09837786577077,-275151.48227610963,0.9989838858396822,-354.5571696062149,1.0,-42007.54739176455,0.9011560852503687,-111.38333442231504,-4213856.057800821,278.4113904233658,-3.8039421155807056,-1833.7561409943,-35270.32144717386,-1714.9226733102928,-32984.68787234931,18.233921380652923,147.67530088327885,6660.029641044143,44.0991438731394,93.05908012074289,3522653.4906032756,37852.94704130624,-77.25853635609417,-77.25853635609417,0.0,0.0,0.0,0.0,7.493127515596995,7.493127515596995,0.0
0.7130428571428571,1.402440246028089,-1.256308115772269,-0.17225460833805073,149.2692677826111,-273741.1764047061,0.9989834194824019,-353.0906173775205,1.0,-42078.52965457239,0.9012728078579861,-110.86576817809082,-4197558.393690914,277.2297371328449,-3.8244190448146553,-1834.488156450512,-35328.285678172455,-1707.592554571408,-32884.550046124205,18.257843422945797,147.04285858459502,6608.668138491219,43.94382251613529,92.62344243752052,3507709.8276173077,37869.64845903828,-77.09098030131818,-77.09098030131818,0.0,0.0,0.0,0.0,7.476174387721812,7.476174387721812,0.0
0.7130464285714285,1.4024332216395448,-1.2562806094302437,-0.1734542958940608,148.44058930808023,-272330.41319071525,0.9989829423275792,-351.62110838264476,1.0,-42149.08944118304,0.9013882806183219,-110.34864391865312,-4181156.3547245045,276.0481517732932,-3.84242820000923,-1835.220148238252,-35385.916644539946,-1700.2632285718403,-32783.73602086714,18.281565036493962,146.41049613736726,6557.390938207506,43.78771065740493,92.18820408904729,3494459.0291365464,37904.70674054075,-76.92226775264666,-76.92226775264666,0.0,0.0,0.0,0.0,7.459111233789319,7.459111233789319,0.0
0.71305,1.402426197321366,-1.2562530851568103,-0.1752237427932073,147.61235812555017,-270919.4077170599,0.9989824549637678,-350.1673576561847,1.0,-42219.22551471926,0.9015025096691532,-109.83196654783065,-4164650.956347624,274.86664675194095,-3.8728539056637783,-1835.9521163584925,-35443.21327540217,-1692.9347793077932,-32682.251301501634,18.305085878656676,145.77822075840467,6506.193182929868,43.63076273727096,91.75336913312378,3481388.0828688988,37941.89098875266,-76.75240863278839,-76.75240863278839,0.0,0.0,0.0,0.0,7.441938957697765,7.441938957697765,0.0
0.7130535714285714,1.402419173073552,-1.2562255339009798,-0.17644982452162594,146.78459006910617,-269507.88344017754,0.9989819561472528,-348.69843880539923,1.0,-42288.93660272484,0.9016155017966485,-109.3157410010556,-4148043.30543014,273.6852396318151,-3.891062867450103,-1836.6840608121531,-35500.174780829795,-1685.6072913743171,-32580.101680181902,18.328405760287467,145.1460397158678,6455.091005215505,43.47307703228926,91.31894165337994,3463628.672110542,37927.91824411924,-76.58141276284033,-76.58141276284033,0.0,0.0,0.0,0.0,7.424658455387849,7.424658455387849,0.0
0.7130571428571428,1.4024121488961014,-1.2561979896129611,-0.17379704970451826,145.95730099555163,-268094.9635530034,0.9989814422924846,-347.1222766639569,1.0,-42358.22125078722,0.9017272602779656,-108.79997224546072,-4131334.234838939,272.5039293512505,-3.823751105320221,-1837.4159816001768,-35556.79907330368,-1678.2808499677533,-32477.29178827938,18.35152378632182,144.51396032947653,6404.126090248846,43.31493037522545,90.88492575935123,3445947.841713048,37914.504831212245,-76.40928985169819,-76.40928985169819,0.0,0.0,0.0,0.0,7.407270613923874,7.407270613923874,0.0
0.7130607142857143,1.4024051247890132,-1.2561704907663307,-0.17149746570774482,145.13050688620382,-266681.8405264941,0.9989809176268051,-345.55632044309755,1.0,-42427.07143606809,0.9018377742883834,-108.28466528039064,-4114523.909892329,271.3227132474657,-3.764405088111374,-1838.1478787163967,-35613.07870851587,-1670.9555408880306,-32373.821434666777,18.374436148948455,143.88198997070666,6353.25069891966,43.15598297057982,90.4513255865515,3435928.424212251,37985.49054539795,-76.23603844383229,-76.23603844383229,0.0,0.0,0.0,0.0,7.389775354298795,7.389775354298795,0.0
0.7130642857142857,1.4023981007522863,-1.2561429931454609,-0.17289474362934243,144.30422403690253,-265269.44748819375,0.9989803855483899,-344.0925122573174,1.0,-42495.47639322374,0.9019470331836191,-107.76982513701012,-4097612.808933699,270.14162461155826,-3.786195815707121,-1838.879752155571,-35669.006278445704,-1663.6314505409462,-32269.690600924358,18.397139066126424,143.25013606298455,6302.427901854002,42.99596450702801,90.01814529654366,3424844.402683125,38045.15604332636,-76.06165225460089,-76.06165225460089,0.0,0.0,0.0,0.0,7.372172189413803,7.372172189413803,0.0
0.7130678571428571,1.40239107678592,-1.2561154700344743,-0.17456256872469567,143.47846881061565,-263856.8810796542,0.9989798424274017,-342.6361266419984,1.0,-42563.429224033345,0.9020550332146099,-107.25545687808544,-4080601.71362209,268.96068901087386,-3.8136974335464426,-1839.6116019186013,-35724.57698879118,-1656.3086659403577,-32164.901760717697,18.419630182551934,142.61840608187393,6251.700049216462,42.83515579067336,89.58538907700756,3409589.659294829,38058.662344759665,-75.88613188056362,-75.88613188056362,0.0,0.0,0.0,0.0,7.354461232963139,7.354461232963139,0.0
0.7130714285714286,1.4023840528899127,-1.2560879284548032,-0.1757794786140039,142.6532576409954,-262443.9786055958,0.9989792873979967,-341.16737305694096,1.0,-42630.92290661459,0.9021617680227159,-106.74156559843628,-4063491.1812368156,267.77991752909804,-3.8311419583006554,-1840.3434280064853,-35779.78503943707,-1648.9872747104932,-32059.456579699156,18.44190660011474,141.9868075552731,6201.077680788057,42.673618609771765,89.15306114180503,3394776.871563002,38077.07413548414,-75.70947799826862,-75.70947799826862,0.0,0.0,0.0,0.0,7.336642606157895,7.336642606157895,0.0
0.713075,1.402377029064264,-1.2560603668907004,-0.17712733438517603,141.82860709052161,-261030.9285300024,0.998978720953372,-339.7022484276814,1.0,-42697.95039097656,0.9022672318169523,-106.22815642501524,-4046281.833322445,266.5993250277233,-3.8512499463070076,-1841.0752304201053,-35834.62483717403,-1641.6673650878981,-31953.357018405524,18.463965537680455,141.35534806358112,6150.556274788178,42.51130932818813,88.72116573104209,3381403.4400338493,38111.703008034885,-75.5316913647163,-75.5316913647163,0.0,0.0,0.0,0.0,7.31871643776741,7.31871643776741,0.0
0.7130785714285715,1.402370005308972,-1.2560327847364872,-0.1790100315884331,141.00453386179947,-259617.86964001495,0.9989781434026508,-338.2517469140079,1.0,-42764.504585326984,0.9023714186784036,-105.71523451698556,-4028974.3035631324,265.41892607390673,-3.8827601754473178,-1841.807009160517,-35889.090730579366,-1634.3490259237794,-31846.60509221713,18.48580418690955,140.7240352398976,6100.133418948068,42.34819854013523,88.28970711112892,3365562.5248861616,38118.53437165647,-75.3527728178156,-75.3527728178156,0.0,0.0,0.0,0.0,7.300682864160635,7.300682864160635,0.0
0.7130821428571428,1.4023629816240366,-1.2560051856899805,-0.17801651234614724,140.18105478493393,-258203.9310407453,0.9989775510650442,-336.72307596449724,1.0,-42830.57834596016,0.9024743223004054,-105.2028050658096,-4011569.238119653,264.2387335214975,-3.851780594907197,-1842.538764228564,-35943.176909628724,-1627.0323466859475,-31739.202783669058,18.50741965783143,140.09287677018838,6049.850490840512,42.18456891112906,87.85868957484941,3345505.1632495453,38077.25019287831,-75.17272327685401,-75.17272327685401,0.0,0.0,0.0,0.0,7.2825420293479475,7.2825420293479475,0.0
0.7130857142857142,1.402355958009456,-1.2559776280446078,-0.1744288868314925,139.3581866734524,-256789.22946661073,0.9989769440565276,-335.12446638480435,1.0,-42896.16716429074,0.9025759379758234,-104.69087329543306,-3994067.17116676,263.0587374842091,-3.764857858447742,-1843.2704956221564,-35996.87817657619,-1619.7174174601696,-31631.15272298263,18.528809397248132,139.46188039340035,5999.70632633464,42.02040320559567,87.4281174413616,3332193.773151413,38112.52538142354,-74.99154843137455,-74.99154843137455,0.0,0.0,0.0,0.0,7.264294471239502,7.264294471239502,0.0
0.7130892857142856,1.4023489344652291,-1.2559500965510029,-0.17483574624370135,138.53594666015886,-255375.53250205528,0.9989763291676632,-333.63463349819233,1.0,-42961.27057869109,0.9026762743961184,-104.17944446262936,-3976469.435100216,261.8789592825125,-3.7642652487766353,-1844.0022033327052,-36050.19454860832,-1612.4043289533627,-31522.462199194717,18.54997368411709,138.83105390173415,5949.628672471739,41.85517184565162,86.99799505632876,3322596.9343404104,38190.649499383544,-74.80926041506316,-74.80926041506316,0.0,0.0,0.0,0.0,7.245941247761802,7.245941247761802,0.0
0.7130928571428571,1.4023419109913555,-1.2559225369400502,-0.17686012669747697,137.71435206979177,-253962.239738904,0.9989757038477036,-332.1886829799538,1.0,-43025.878060458585,0.9027753223215957,-103.66852385612816,-3958776.784196971,260.6994364259336,-3.7983118104374305,-1844.7338873604308,-36103.11909421206,-1605.0931724944812,-31413.132463670438,18.570909030066566,138.20040514071965,5899.646943579627,41.6890712626525,86.56832679191376,3307416.8927013986,38204.854442023716,-74.6258546196851,-74.6258546196851,0.0,0.0,0.0,0.0,7.2274820376996125,7.2274820376996125,0.0
0.7130964285714285,1.402334887587834,-1.2558949597956361,-0.17804541653325145,136.8934201916373,-252548.74129082603,0.9989750653905075,-330.72020386599945,1.0,-43089.97821120197,0.9028730662810653,-103.1581167971632,-3940989.5176648516,259.5201793189278,-3.8141077458244315,-1845.4655477062956,-36155.642426044695,-1597.7840400367131,-31303.162769637547,18.59161062149443,137.56994200940278,5849.790800688489,41.522303311639554,86.13911704683699,3291361.9301454667,38208.8405809736,-74.44132553637729,-74.44132553637729,0.0,0.0,0.0,0.0,7.2089164483647785,7.2089164483647785,0.0
0.7131,1.4023278642546628,-1.2558673616832445,-0.17923258870862924,136.0731685115827,-251135.29117731057,0.9989744145585078,-329.25195455569826,1.0,-43153.559654545854,0.9029694919208918,-102.64822863956589,-3923108.0343335113,258.34120431603816,-3.829757842258887,-1846.1971843713625,-36207.75555523861,-1590.4770241592691,-31192.552883559383,18.612073868245822,136.93967246049763,5800.052360238731,41.35479942389848,85.71037024641814,3277390.2682003565,38236.96652351201,-74.25566787180551,-74.25566787180551,0.0,0.0,0.0,0.0,7.190244105993305,7.190244105993305,0.0
0.7131035714285714,1.4023208409918415,-1.2558397460149657,-0.18126034018524706,135.25361463517757,-249722.13913705063,0.9989737521104889,-327.80639892940644,1.0,-43216.61097320094,0.9030645844130246,-102.13886476981688,-3905132.716265162,257.1625250459833,-3.8631352499284004,-1846.928797356505,-36259.44927246968,-1583.1722180688582,-31081.30254550925,18.63229406805912,136.30960450051236,5750.423852566327,41.186490626525966,85.28209084261482,3262481.0445371117,38254.17189251268,-74.0688765482684,-74.0688765482684,0.0,0.0,0.0,0.0,7.171464655756191,7.171464655756191,0.0
0.7131071428571428,1.402313817799369,-1.2558121024312137,-0.1816177512218644,134.43477628115585,-248308.6737697945,0.9989730752784876,-326.31635099991377,1.0,-43279.12074537272,0.903158329962229,-101.63003060709411,-3887064.077689039,255.98416088157825,-3.860723849326437,-1847.6603866626972,-36310.71474135928,-1575.8697156015796,-30969.41197949816,18.652266727948227,135.67974618991002,5700.935431762447,41.01758620467115,84.85428331405777,3242080.037969931,38206.6179462919,-73.88094670378422,-73.88094670378422,0.0,0.0,0.0,0.0,7.152577761769416,7.152577761769416,0.0
0.7131107142857143,1.402306794677244,-1.2557844858607907,-0.1779966964108155,133.6166712051043,-246894.34729045702,0.9989723814350567,-324.72071139196225,1.0,-43341.078419285026,0.9032507120584484,-101.1217316033577,-3868902.338108878,254.8061047278158,-3.7738626535928046,-1848.391952290204,-36361.54202483345,-1568.5696112244682,-30856.88063440582,18.671986766540822,135.05010564323965,5651.614524659927,40.84827918305917,84.4269521660831,3225544.848323327,38204.15564719305,-73.69187538068576,-73.69187538068576,0.0,0.0,0.0,0.0,7.133583248696876,7.133583248696876,0.0
0.7131142857142857,1.4022997716254657,-1.2557569103640174,-0.1770717256838168,132.79931737210197,-245480.90149086356,0.998971677501041,-323.1975784143891,1.0,-43402.48659025475,0.903341743550586,-100.61397324383366,-3850649.0493434393,253.6283665121157,-3.744358851347327,-1849.1234942303245,-36411.93277048849,-1561.2720000369695,-30743.717917799175,18.691455375534304,134.42069102926183,5602.389418700913,40.67802870081465,84.00010193076113,3215534.171410616,38279.12225581688,-73.5016808187074,-73.5016808187074,0.0,0.0,0.0,0.0,7.11448271810581,7.11448271810581,0.0
0.7131178571428571,1.402292748644033,-1.2557293170824144,-0.1789763855658748,131.98273298666496,-244068.39594659486,0.9989709635521016,-321.7499532084359,1.0,-43463.33947923666,0.9034314253616115,-100.10676104619388,-3832305.541092667,252.45098569163935,-3.7745788719052102,-1849.8550124810265,-36461.883964883134,-1553.9769777724557,-30629.92930005114,18.7106712249737,133.79151057107737,5553.261557010404,40.506830540344396,83.57373716692175,3201227.5593551937,38303.22891058928,-73.31036746516995,-73.31036746516995,0.0,0.0,0.0,0.0,7.095276612667082,7.095276612667082,0.0
0.7131214285714286,1.4022857257329446,-1.2557017034745497,-0.18030979678900394,131.16693629995763,-242656.00163103832,0.9989702358520559,-320.28742726142406,1.0,-43523.62703282067,0.9035197458970667,-99.60010056079682,-3813872.4829202695,251.273978850884,-3.7925121598256553,-1850.586507043332,-36511.38764507635,-1546.6846407997052,-30515.516172841853,18.729630312397727,133.16257254625293,5504.271035838053,40.334970709778,83.14786246017674,3184606.102820582,38299.51679736005,-73.11793327079761,-73.11793327079761,0.0,0.0,0.0,0.0,7.075964830850719,7.075964830850719,0.0
0.713125,1.4022787028922,-1.255674069796977,-0.1815259742030264,130.35194567173124,-241243.86988291476,0.998969494748138,-318.8220997357505,1.0,-43583.33915588364,0.9036066933237368,-99.09399737087908,-3795350.5263612955,250.09736154625463,-3.8077778561215623,-1851.3179779181469,-36560.43573721884,-1539.3950861240985,-30400.47997790196,18.74832858174475,132.53388528692201,5455.414684594636,40.162414221723246,82.72248242293854,3169446.94020946,38313.21455662926,-72.92437635326263,-72.92437635326263,0.0,0.0,0.0,0.0,7.0565472860960075,7.0565472860960075,0.0
0.7131285714285714,1.4022716801217974,-1.2556464177510924,-0.18321745999668337,129.53777958229637,-239832.18466262,0.9989687407363068,-317.3695783073579,1.0,-43642.46571872055,0.9036922556748299,-98.58845709257965,-3776740.3363318797,248.9211488689281,-3.8327903138700283,-1852.0494251065013,-36609.020099132526,-1532.1084113891036,-30284.822244076087,18.766761946446078,131.90545717991154,5406.687855618216,39.98911425812961,82.29760169443536,3154640.7706491575,38331.11060465766,-72.72969499738761,-72.72969499738761,0.0,0.0,0.0,0.0,7.037023906830516,7.037023906830516,0.0
0.7131321428571428,1.4022646574217363,-1.2556187399150491,-0.18457936934157715,128.72445666987363,-238420.78128550868,0.9989679728263119,-315.90869605701073,1.0,-43700.9965905414,0.903776421645186,-98.08348537497515,-3758042.666217683,247.7453596289137,-3.850675070587513,-1852.7808486093352,-36657.1328396429,-1524.8247148775706,-30168.544851050272,18.784926461840914,131.2772966668511,5358.101471816437,39.81514174849256,81.87322494073616,3135778.0719651165,38299.40986213681,-72.53388765535095,-72.53388765535095,0.0,0.0,0.0,0.0,7.017394636488955,7.017394636488955,0.0
0.7131357142857142,1.4022576347920153,-1.255591064555773,-0.18219960499507692,127.91199563076177,-237008.85614795136,0.998967187191175,-314.350407046162,1.0,-43758.921521636155,0.9038591772489851,-97.57908790003265,-3739258.0912633073,246.56999866995892,-3.7905015916281215,-1853.5122484276803,-36704.76498262743,-1517.5440955120634,-30051.648929644245,18.80281760412632,130.6494122442,5309.694950796285,39.640787123265476,81.44935685470607,3116184.1961168386,38258.162704939,-72.33695294685313,-72.33695294685313,0.0,0.0,0.0,0.0,6.997659433528538,6.997659433528538,0.0
0.7131392857142856,1.4022506122326337,-1.2555634347115958,-0.17962062386499156,127.10041526055836,-235597.32853014208,0.9989663874402243,-312.7878185259121,1.0,-43816.23759635039,0.9039405220434725,-97.07527038305216,-3720387.678227179,245.3950653781055,-3.726412580321782,-1854.2436245560211,-36751.91297761027,-1510.2666528572547,-29934.140187261903,18.820433782756094,130.02181246345165,5261.431631097432,39.46576133197949,81.0260021560901,3103858.932919794,38305.94900805372,-72.13890122814763,-72.13890122814763,0.0,0.0,0.0,0.0,6.9778192462973205,6.9778192462973205,0.0
0.7131428571428571,1.40224358974359,-1.2555358105557464,-0.1808893541378609,126.28973461258695,-234187.22480925126,0.9989655778235139,-311.326123954956,1.0,-43872.94242836952,0.904020462269342,-96.57203857229314,-3701433.0300965346,244.220591803363,-3.742167472417127,-1854.974976988432,-36798.5759953853,-1502.9924871201536,-29816.02660084241,18.83777487668761,129.39450593115134,5213.270131198092,39.289733274857795,80.60316559146109,3091339.1235070657,38351.57710814468,-71.93974339169958,-71.93974339169958,0.0,0.0,0.0,0.0,6.957875071073296,6.957875071073296,0.0
0.7131464285714285,1.402236567324883,-1.2555081597183368,-0.18263826450353804,125.47997289221337,-232777.75063547905,0.9989647546124711,-309.8772792997357,1.0,-43929.02548837705,0.9040989874648607,-96.06939824860532,-3682395.1087180134,243.04660691935695,-3.76762276215638,-1855.706305725923,-36844.7465189191,-1495.7216991512014,-29697.31077489389,18.854837161048508,128.7675013089888,5165.2496437554555,39.11299117594112,80.18085193423055,3074506.3425203506,38343.64549020079,-71.73947772186565,-71.73947772186565,0.0,0.0,0.0,0.0,6.937826843550015,6.937826843550015,0.0
0.71315,1.4022295449765128,-1.2554804908652655,-0.18384211425805574,124.67114932172711,-231368.6940951009,0.9989639165474032,-308.4147169698039,1.0,-43984.47610344512,0.9041760840678436,-95.56735522579312,-3663274.6362492726,241.8731237540872,-3.7816030328239574,-1856.4376107693608,-36890.4157756801,-1488.4543904450452,-29577.994438443882,18.8716162405219,128.14080731386355,5117.38324455467,38.93562512853796,79.75906598464132,3057927.889046597,38338.56492965253,-71.53810267747949,-71.53810267747949,0.0,0.0,0.0,0.0,6.917674514976948,6.917674514976948,0.0
0.7131535714285714,1.4022225226984772,-1.2554528016759783,-0.1851576116307001,123.86328326355962,-229960.25324982955,0.998963064190452,-306.95548921589005,1.0,-44039.28360193406,0.9042517392960512,-95.06591535060984,-3644072.414746108,240.700159719816,-3.7976730988427314,-1857.1688921198124,-36935.57529906989,-1481.1906631416273,-29458.0797163263,18.888107891421136,127.51443271797585,5069.665657929211,38.757583121134296,79.3378125697575,3042878.568381074,38352.44673393451,-71.33561689661963,-71.33561689661963,0.0,0.0,0.0,0.0,6.897418052563015,6.897418052563015,0.0
0.7131571428571428,1.4022155004907757,-1.2554250926442376,-0.18709384021289566,123.05639421849452,-228552.58803281578,0.9989621979451025,-305.5126605493443,1.0,-44093.43728835935,0.9043259401391904,-94.5650845027462,-3624789.25560705,239.52773124476045,-3.826222997032347,-1857.9001497782515,-36980.21652429615,-1473.9306200266963,-29337.568801468078,18.904307843836442,126.88838634886993,5022.093287534194,38.57882539168188,78.91709654345034,3025747.704089191,38339.83914153213,-71.13201919674333,-71.13201919674333,0.0,0.0,0.0,0.0,6.877057439488919,6.877057439488919,0.0
0.7131607142857143,1.4022084783534066,-1.2553973641594605,-0.186333560440346,122.25050180984098,-227144.9442494371,0.9989613140515289,-304.0011923460585,1.0,-44146.92644395186,0.904398673557159,-94.0648685948136,-3605426.0183155206,238.35585490771624,-3.7994984688615574,-1858.6313837457271,-37024.33087006735,-1466.6743645325942,-29216.464020780517,18.920211825677704,126.26267708949962,4974.703939978527,38.39963934435094,78.49692278637949,3004291.7826541136,38271.73319783445,-70.92730857480609,-70.92730857480609,0.0,0.0,0.0,0.0,6.856592674918822,6.856592674918822,0.0
0.7131642857142857,1.4022014562863696,-1.2553696754966315,-0.18265822468234205,121.44562568598244,-225737.31830509292,0.9989604120485278,-302.4161280686928,1.0,-44199.74325755685,0.9044699281449283,-93.56527357245724,-3585983.4622806646,237.18452514623715,-3.7135417511133864,-1859.362594020492,-37067.910418844425,-1459.4220007386907,-29094.76836881891,18.93581592856111,125.63731387826411,4927.501719880912,38.220049902176356,78.07729620597125,2988903.749975391,38280.34291549409,-70.72148888395748,-70.72148888395748,0.0,0.0,0.0,0.0,6.836024164875859,6.836024164875859,0.0
0.7131678571428571,1.4021944342896633,-1.2553420159831912,-0.18287646772375865,120.64178571836635,-224331.36661435454,0.9989594992134316,-300.93141457812396,1.0,-44251.88846396038,0.9045397139520743,-93.06630541455364,-3566463.37699189,236.0137632461843,-3.706895145411634,-1860.0937805937497,-37110.956016175056,-1452.1736333721087,-28972.49181636371,18.95112096140071,125.01230570906844,4880.416408974373,38.0394880031426,77.65822173639182,2977570.313355881,38340.98423269517,-70.51457679598317,-70.51457679598317,0.0,0.0,0.0,0.0,6.815353390176927,6.815353390176927,0.0
0.7131714285714286,1.4021874123632867,-1.255314329193383,-0.18491287227624298,119.83900199098959,-222926.62781154417,0.9989585731888774,-299.4935413641899,1.0,-44303.352617439006,0.9046080241755107,-92.56797013236805,-3546867.086885814,234.84360764145632,-3.736909125713098,-1860.8249434655488,-37153.46168561653,-1444.929367808,-28849.63902369925,18.9661240656109,124.38766163134571,4833.472836731618,37.858137321182525,77.23970433851726,2961006.432361969,38334.28957315543,-70.30657338186134,-70.30657338186134,0.0,0.0,0.0,0.0,6.794580531603788,6.794580531603788,0.0
0.713175,1.4021803905072387,-1.2552866246623553,-0.18611388412620045,119.03729458852519,-221522.5152078563,0.9989576309052793,-298.0349934150328,1.0,-44354.12501091375,0.9046748449952852,-92.07027376992696,-3527195.475440584,233.6740718972492,-3.749786175959897,-1861.5560826368892,-37195.418596183576,-1437.6893100699735,-28726.212547710726,18.980820853646463,123.76339075009201,4786.7013579251925,37.676229932894216,76.82174899989899,2943419.3759148302,38313.92271698605,-70.09747825347816,-70.09747825347816,0.0,0.0,0.0,0.0,6.773705648984178,6.773705648984178,0.0
0.7131785714285714,1.4021733687215183,-1.2552588991609273,-0.18729539205847345,118.23668373435831,-220119.2615107951,0.9989566730951983,-296.5765572777931,1.0,-44404.194946834665,0.9047401634775989,-91.5732224040238,-3507449.502903803,232.5051744857912,-3.762066858634619,-1862.287198108776,-37236.81828210784,-1430.4535668303506,-28602.21537427093,18.995207140941126,123.13950222588686,4740.09512437747,37.493700548523,76.40436073472479,2927790.7777110245,38318.681619695584,-69.88729119763084,-69.88729119763084,0.0,0.0,0.0,0.0,6.752728817633903,6.752728817633903,0.0
0.7131821428571429,1.4021663470061243,-1.2552311562337177,-0.18930397663419285,117.43718977992506,-218717.1030086721,0.9989557005254251,-295.13953621996365,1.0,-44453.55169801947,0.904803966150367,-91.07682214417338,-3487630.115361095,231.33693146634533,-3.790705984529183,-1863.0182898822163,-37277.65206251815,-1423.222245410361,-28477.650466543437,19.00927863401433,122.51600527490828,4693.64704730483,37.31048063290149,75.98754458377613,2911491.104400549,38314.37287259803,-69.6760121761343,-69.6760121761343,0.0,0.0,0.0,0.0,6.7316501283671215,6.7316501283671215,0.0
0.7131857142857142,1.4021593253610565,-1.2552033848805269,-0.18983837397419734,116.63883318097288,-217315.54775476034,0.9989547104998358,-293.6660964797308,1.0,-44502.18453915079,0.904866240522933,-90.58107913257624,-3467738.381424911,230.16936436652543,-3.789609945579882,-1863.7493579581303,-37317.911667587825,-1415.9954537804288,-28352.521244474705,19.023031266646417,121.89290916895565,4647.38348460947,37.12677469341334,75.57130561439372,2890088.067737356,38242.19355396837,-69.46364132592512,-69.46364132592512,0.0,0.0,0.0,0.0,6.710469687506471,6.710469687506471,0.0
0.7131892857142856,1.4021523037863122,-1.255175637411566,-0.18633145854028044,115.84163443818119,-215914.0537973471,0.9989536999482851,-292.0924733423029,1.0,-44550.08318266798,0.9049269705834395,-90.08599954402568,-3447775.0855190256,229.0024716386514,-3.707967152734435,-1864.4804023371823,-37357.58738658326,-1408.7733005594937,-28226.830176152755,19.036460206154164,121.27022323538931,4601.33311288728,36.94281061028433,75.15564892037402,2871771.767303583,38209.99023901944,-69.25017985115824,-69.25017985115824,0.0,0.0,0.0,0.0,6.689187691224028,6.689187691224028,0.0
0.7131928571428571,1.4021452822818914,-1.2551479322922223,-0.18516941151517585,115.04561423692685,-214514.13145061812,0.9989526757485216,-290.5786530849121,1.0,-44597.24772139263,0.9049861626247484,-89.59158958634083,-3427741.9290827448,227.83626451633484,-3.67322182304901,-1865.211423010852,-37396.67872977414,-1401.555895016002,-28100.58681880029,19.0495655711822,120.6479568572147,4555.431344026856,36.75804798267865,74.74057962199095,2859826.715292794,38262.37352154206,-69.03564427909521,-69.03564427909521,0.0,0.0,0.0,0.0,6.667805612850712,6.667805612850712,0.0
0.7131964285714285,1.402138260847793,-1.2551202123234522,-0.18700193506765572,114.25079344153153,-213115.96135405055,0.9989516385174527,-289.1402404325318,1.0,-44643.67118832633,0.9050438143648143,-89.09785549951933,-3407640.54405984,226.67078180751108,-3.6977817719738577,-1865.9424199766293,-37435.18172469861,-1394.3433470670943,-27973.79813292146,19.062345613626967,120.0261194730103,4509.674052894693,36.57243900490145,74.32610286588368,2844291.813262714,38266.737760918826,-68.82004048646291,-68.82004048646291,0.0,0.0,0.0,0.0,6.646324037584979,6.646324037584979,0.0
0.7132,1.4021312394840155,-1.2550924712959373,-0.18838566049058159,113.45719300219659,-211718.79833151406,0.9989505842643123,-287.6913568843181,1.0,-44689.34233304825,0.9050999117093641,-88.60480355580073,-3387472.018054461,225.5060436821801,-3.713207858118233,-1866.6733932355755,-37473.08754605458,-1387.1357672785625,-27846.467536237724,19.07479598833359,119.40472057692206,4464.099321849455,36.386288417078326,73.91222382500418,2826360.810863298,38238.4232590679,-68.60336836652769,-68.60336836652769,0.0,0.0,0.0,0.0,6.624743052775216,6.624743052775216,0.0
0.7132035714285714,1.4021242181905589,-1.2550647103904928,-0.18961702568429928,112.6648339330865,-210322.75242775423,0.9989495131383077,-286.23944074804746,1.0,-44734.24985703429,0.9051544399313548,-88.11244005975999,-3367237.397625343,224.34206773026293,-3.72540829572523,-1867.4043427885877,-37510.38712023913,-1379.9332668643706,-27718.598406429242,19.08691222396164,118.7837697186212,4418.705835380847,36.199575715167306,73.4989476985479,2809621.1912979223,38225.685949592604,-68.38562800190505,-68.38562800190505,0.0,0.0,0.0,0.0,6.603062762522967,6.603062762522967,0.0
0.7132071428571428,1.4021171969674209,-1.255036930828259,-0.19122594594605857,111.87373736825859,-208927.9846987507,0.9989484255515022,-284.7975739339059,1.0,-44778.382451593534,0.9052073842424961,-87.62077134822425,-3346937.7524881368,223.1788716438608,-3.7447884797933786,-1868.1352686368048,-37547.07136340346,-1372.735957686546,-27590.194260385415,19.09868985065621,118.16327650329224,4373.4898989059075,36.01225988587118,73.08627971187944,2793419.9251690307,38219.852616677774,-68.16681966456628,-68.16681966456628,0.0,0.0,0.0,0.0,6.581283287684636,6.581283287684636,0.0
0.7132107142857143,1.402110175814601,-1.255009126635265,-0.19271679426665855,111.08392457444609,-207534.42635931814,0.9989473207720679,-283.3535464718601,1.0,-44821.72881848613,0.9052587303216185,-87.12980379018289,-3326574.222132095,222.01647577746112,-3.7616006191173454,-1868.8661707811805,-37583.131403780055,-1365.5439522543556,-27461.25891601987,19.110124519012732,117.54325059156085,4328.45851485722,35.82439011234888,72.6742251164533,2773782.4050523117,38166.34751017432,-67.94694381583841,-67.94694381583841,0.0,0.0,0.0,0.0,6.559404765871716,6.559404765871716,0.0
0.7132142857142857,1.402103154732098,-1.254981320601715,-0.1906117253177797,110.2954168818282,-206141.35246769452,0.9989461946721426,-281.82249267721846,1.0,-44864.27757504228,0.9053084616700606,-86.63954378669347,-3306147.8327334537,220.8548904251545,-3.7082070893929506,-1869.5970492227896,-37618.55748277856,-1358.35736372394,-27331.79568862025,19.121211412061747,116.92370169946072,4283.649231389299,35.63627792421368,72.2627891897304,2752747.632630158,38092.57019700208,-67.72600110638965,-67.72600110638965,0.0,0.0,0.0,0.0,6.5374273514505,6.5374273514505,0.0
0.7132178571428571,1.4020961337199114,-1.2549535598913164,-0.18777612665658694,109.50823568533266,-204749.4479794216,0.9989450502323293,-280.2750304772958,1.0,-44906.0223951026,0.9053565697209044,-86.14999777104615,-3285659.825676676,219.69411762218755,-3.640864193050825,-1870.3279039567744,-37653.34317265853,-1351.1763058974154,-27201.810455315885,19.1319475012916,116.30463959835438,4239.034381242596,35.447680813780494,71.85197723508928,2738496.4887691494,38112.0289540841,-67.50399970737473,-67.50399970737473,0.0,0.0,0.0,0.0,6.515351827915012,6.515351827915012,0.0
0.7132214285714286,1.4020891127780393,-1.2549258092225266,-0.18890246140585987,108.72240259751396,-203359.7842979916,0.9989438926053992,-278.8251694882813,1.0,-44946.96009777431,0.9054030574193896,-85.66117220847347,-3265112.091798752,218.5341885724552,-3.6503959178612697,-1871.058734976605,-37687.486899459596,-1344.000893222381,-27071.312679456754,19.142332357049618,115.6860741148892,4194.568529084302,35.258197550369175,71.44179458173296,2724817.2862565196,38139.38130214091,-67.28095205758916,-67.28095205758916,0.0,0.0,0.0,0.0,6.4931793374906235,6.4931793374906235,0.0
0.713225,1.4020820919064811,-1.2548980309651818,-0.19072735792065032,107.93793935641058,-201971.68196578365,0.998942717956515,-277.3930941396178,1.0,-44987.08147696615,0.9054479162526905,-85.17307359560007,-3244506.171219616,217.37513514150305,-3.6731789802953765,-1871.7895422831932,-37720.982358662994,-1336.831240790725,-26940.30846484299,19.152363022955697,115.0680151308929,4150.287443803515,35.068124048915365,71.0322465845902,2706814.777961332,38105.84454049847,-67.05686204798403,-67.05686204798403,0.0,0.0,0.0,0.0,6.470910310115434,6.470910310115434,0.0
0.7132285714285714,1.4020750711052357,-1.2548702349948817,-0.19192200159730533,107.15486771796338,-200584.89503790563,0.9989415245736909,-275.9466465683864,1.0,-45026.37714782379,0.9054911340353147,-84.6857084606788,-3223843.354879088,216.2169726544395,-3.6835707427922877,-1872.520325877594,-37753.82174825729,-1329.6674643378524,-26808.80294826241,19.1620357474962,114.4504725833055,4106.206605826866,34.87758541440767,70.62333862421252,2688887.9801705917,38072.64580253266,-66.83173364606554,-66.83173364606554,0.0,0.0,0.0,0.0,6.448545183016137,6.448545183016137,0.0
0.7132321428571429,1.4020680503743022,-1.2548424184394953,-0.1932061066748645,106.37320955837937,-199199.6245710901,0.9989403130781199,-274.50328127349957,1.0,-45064.837736907066,0.9055326993816697,-84.19908336346758,-3203125.0076594464,215.05972098551663,-3.6954607327329208,-1873.2510857607892,-37785.99763839094,-1322.50968024148,-26676.801649394638,19.171346983655848,113.83345646407389,4062.32059991684,34.686525966106615,70.21507610666544,2672542.2994916993,38061.22890696259,-66.60557094178884,-66.60557094178884,0.0,0.0,0.0,0.0,6.426084404539752,6.426084404539752,0.0
0.7132357142857143,1.402061029713679,-1.2548145826945556,-0.1951866521884824,105.5929868515439,-197816.0444215004,0.9989390839643417,-273.0775158478099,1.0,-45102.45384210877,0.9055726004640846,-83.71320489509904,-3182352.491157047,213.90339863976052,-3.7203998192998364,-1873.9818219338629,-37817.502453688845,-1315.358005520575,-26544.31009897447,19.18029311226879,113.21697682005883,4018.6252229771467,34.494899579982075,69.80746446341513,2654492.856012812,38024.917090914896,-66.37837814776111,-66.37837814776111,0.0,0.0,0.0,0.0,6.403528434170919,6.403528434170919,0.0
0.7132392857142856,1.402054009123366,-1.2547867252130427,-0.19465499908639572,104.81422167472032,-196433.5141339253,0.9989378333505344,-271.59272469602445,1.0,-45139.216052183896,0.9056108256052561,-83.22807967795849,-3161527.2280525896,212.7480255760443,-3.697302732567114,-1874.7125343977837,-37848.32872365097,-1308.212557834158,-26411.334015655262,19.188870575727517,112.60104375293027,3975.1547167134786,34.303000613704626,69.40050915122235,2632140.644899992,37925.820380591285,-66.15015959944506,-66.15015959944506,0.0,0.0,0.0,0.0,6.3808777425490515,6.3808777425490515,0.0
0.7132428571428571,1.402046988603361,-1.2547589057124169,-0.19091864344548526,104.03693611213524,-195051.94053968624,0.9989365601567308,-270.03310689851895,1.0,-45175.11433246647,0.9056473576025239,-82.74371436557863,-3140650.296737549,211.59360084102823,-3.6135641921633135,-1875.4432231514452,-37878.46669387733,-1301.0734554791452,-26277.877645819317,19.19707460417136,111.98566741897993,3931.917409955957,34.11089856923561,68.99421565196818,2615145.2757319687,37902.833691272164,-65.92091913431932,-65.92091913431932,0.0,0.0,0.0,0.0,6.358132754563389,6.358132754563389,0.0
0.7132464285714285,1.4020399681536635,-1.2547311181766532,-0.19094122990844653,103.26115244752206,-193672.8452594463,0.9989352721949221,-268.5642943696581,1.0,-45210.13883841358,0.9056821839876358,-82.26011564282352,-3119723.093662494,210.44014607363565,-3.6011656298069736,-1876.1738881858064,-37907.90864272982,-1293.9408173901131,-26143.946786379023,19.204901518688875,111.37085802909947,3888.845318020093,33.91797932457339,68.58858947260012,2602416.976482048,37941.41865145318,-65.69066077565913,-65.69066077565913,0.0,0.0,0.0,0.0,6.335293898618676,6.335293898618676,0.0
0.7132499999999999,1.4020329477742728,-1.2547033044439437,-0.19297896524372504,102.48689309935327,-192295.89576020194,0.9989339673187788,-267.14425151686646,1.0,-45244.28378312324,0.9057153033864123,-81.77729022493601,-3098747.601541214,209.2877003712005,-3.626580296338508,-1876.9045295005983,-37936.651581154765,-1286.8147631367858,-26009.550593175696,19.212350167458354,110.7566258485628,3845.9585228121537,33.72441033072569,68.18363614494768,2584902.9418103294,37909.898977508805,-65.45939411938613,-65.45939411938613,0.0,0.0,0.0,0.0,6.312362096089112,6.312362096089112,0.0
0.7132535714285714,1.4020259274651874,-1.2546754727281604,-0.19419945749615408,101.71418049333718,-190920.54105543278,0.9989326420341766,-265.7059414881688,1.0,-45277.54354377482,0.905746710063924,-81.29524485773042,-3077725.503317078,208.1362804892453,-3.636362926202231,-1877.6351470969112,-37964.6907466804,-1279.6954129226708,-25874.697049994626,19.219418455912034,110.14298119690669,3803.2874301373054,33.53045658295763,67.77936122559447,2566262.499223176,37861.00478758891,-65.2271292700016,-65.2271292700016,0.0,0.0,0.0,0.0,6.289338314618523,6.289338314618523,0.0
0.7132571428571428,1.4020189072264062,-1.254647620032438,-0.19538117649554465,100.94303716097437,-189546.99086765823,0.9989312970250448,-264.26782088183734,1.0,-45309.91248530263,0.9057763988726901,-80.81398631747878,-3056658.526021293,206.98590704781336,-3.6452029645779103,-1878.3657409757848,-37992.021688556655,-1272.5828875831355,-25739.3944165679,19.226104458666462,109.52993444776389,3760.826389935936,33.33605989903626,67.37577029573339,2549414.5809844267,37837.74484542806,-64.99387632870864,-64.99387632870864,0.0,0.0,0.0,0.0,6.2662235221974765,6.2662235221974765,0.0
0.7132607142857142,1.402011887057928,-1.254619750007834,-0.19735204351721336,100.17348572865751,-188175.46175739352,0.9989299330350946,-262.8492315752213,1.0,-45341.38492339517,0.905804363965286,-80.33352141073439,-3035548.3722568797,205.83659856887863,-3.668497754991664,-1879.0963111382944,-38018.6397250787,-1265.4773085835177,-25603.65085606203,19.23240613039587,108.91749602869872,3718.569326548991,33.14115695029551,66.97286896101517,2532154.437844354,37807.66009067521,-64.75964539410353,-64.75964539410353,0.0,0.0,0.0,0.0,6.243018687221918,6.243018687221918,0.0
0.7132642857142857,1.4020048669597525,-1.254591851400678,-0.19806131995022724,99.40554889814564,-186805.5774639249,0.9989285474532266,-261.402346418214,1.0,-45371.95515719921,0.905830600319816,-79.85385697414964,-3014396.840866217,204.68837856935892,-3.66810495663692,-1879.8268575853672,-38044.540590218094,-1258.3787980169793,-25467.474871872735,19.238321650051436,108.30567642102109,3676.538506133146,32.94594473369232,66.57066285139229,2510280.5514331213,37707.51068490781,-64.52444656286869,-64.52444656286869,0.0,0.0,0.0,0.0,6.219724778551493,6.219724778551493,0.0
0.7132678571428571,1.401997846931878,-1.2545639731854314,-0.19469958886287486,98.63924938606253,-185436.81680465152,0.99892713669151,-259.86247423600463,1.0,-45401.61706517829,0.9058550978700218,-79.37499987430084,-2993205.4349708627,203.5412510457857,-3.5924462308820253,-1880.557380317823,-38069.71794572144,-1251.2874786025861,-25330.873643091218,19.24384809746538,107.69448615961926,3634.7630714311344,32.75068864754946,66.16915762095661,2490714.581220909,37640.624448186536,-64.28828961431023,-64.28828961431023,0.0,0.0,0.0,0.0,6.1963427380126195,6.1963427380126195,0.0
0.7132714285714286,1.4019908269743036,-1.2545361384559846,-0.1932868013848008,97.87461003732338,-184070.45879973963,0.9989257075584677,-258.36952605129756,1.0,-45430.35801641675,0.9058778359357024,-78.89695700784526,-2971975.3399282554,202.39522880527204,-3.553024203433496,-1881.2878793275688,-38094.161007342824,-1244.2034736828,-25193.851495662082,19.248980193801533,107.08393583274272,3593.1854361174596,32.55485029733828,65.76835894777159,2477279.3668926475,37665.73528922808,-64.05117556709357,-64.05117556709357,0.0,0.0,0.0,0.0,6.172872744574875,6.172872744574875,0.0
0.713275,1.401983807087028,-1.2545082920719697,-0.19504538810332406,97.11165385098357,-182706.7897386669,0.9989242613359343,-256.9511145565749,1.0,-45458.16821661223,0.9058988043504039,-78.41973530073305,-2950708.331994224,201.25035002773737,-3.571823074195329,-1882.0183546115727,-38117.86350915627,-1237.126907221234,-25056.415883200156,19.2537150691197,106.4740360818073,3551.7958033648524,32.358327852208944,65.36827253369869,2460987.954567351,37647.049415695685,-63.813109187546814,-63.813109187546814,0.0,0.0,0.0,0.0,6.149315304684559,6.149315304684559,0.0
0.7132785714285714,1.4019767872700508,-1.2544804237156952,-0.19648146217659246,96.35040384811471,-181345.14666766828,0.9989227936824308,-255.526473530292,1.0,-45485.040508699014,0.9059179946945455,-77.94334170804046,-2929406.179574343,200.10663829600847,-3.584442648433867,-1882.748806170841,-38140.81999549644,-1230.0579038000558,-24918.574872604902,19.258050288220726,105.86479760117024,3510.6301301555336,32.161449411931116,64.96890410421804,2442235.731849857,37589.84081104729,-63.57409903738895,-63.57409903738895,0.0,0.0,0.0,0.0,6.125671256237032,6.125671256237032,0.0
0.7132821428571429,1.4019697675233702,-1.2544525358767051,-0.19771623912237146,95.5908831109254,-179985.60207884054,0.9989213044963478,-254.098475559004,1.0,-45510.967678339744,0.9059353974041449,-77.467783213927,-2908070.5793541265,198.96411315836227,-3.5931524949141074,-1883.479234006472,-38163.024594830575,-1222.9965886174664,-24780.336330823535,19.26198319885455,105.25623113791168,3469.6890329807884,31.964214996779035,64.57025940824302,2424465.168534615,37546.706804242895,-63.33415372321329,-63.33415372321329,0.0,0.0,0.0,0.0,6.101941441650984,6.101941441650984,0.0
0.7132857142857143,1.4019627478469858,-1.2544246290299907,-0.19925938075184035,94.83311479357053,-178628.30495525053,0.9989197941403468,-252.67877276347883,1.0,-45535.94248894531,0.9059510028403285,-76.99306683141066,-2886703.2456048946,197.82279491913312,-3.607220815545023,-1884.2096381194544,-38184.47147541844,-1215.9430874848215,-24641.70822633953,19.265511173973536,104.64834749158551,3428.9694037148506,31.76658911399021,64.17234421792914,2407374.848608353,37513.21080135258,-63.09328189696089,-63.09328189696089,0.0,0.0,0.0,0.0,6.078126707907192,6.078126707907192,0.0
0.7132892857142857,1.401955728240896,-1.2543966985927946,-0.2008611024649838,94.07712211616582,-177273.25277681538,0.9989182620753364,-251.26165895570855,1.0,-45559.957686381626,0.9059648015009257,-76.51919960213644,-2865305.9299393333,196.68270557432305,-3.622077782950247,-1884.9400185109,-38205.15493735725,-1208.8975268239114,-24502.698686498523,19.268631660512607,104.0411575139834,3388.4754400467536,31.568605742312446,63.77516432847655,2387427.695937887,37434.06929502125,-62.851492256389434,-62.851492256389434,0.0,0.0,0.0,0.0,6.054227906587112,6.054227906587112,0.0
0.7132928571428571,1.4019487087051004,-1.2543687623934197,-0.19902756227952523,93.32292835235293,-175919.80997358836,0.998916703833336,-249.76841972847856,1.0,-45583.00594278264,0.9059767820460515,-76.04618859615236,-2843880.3094284916,195.54386020116385,-3.5749533540331613,-1885.6703751818245,-38225.06857241308,-1201.8600336640727,-24363.31545847297,19.27134173369365,103.43467210888522,3348.24203496524,31.37059650018091,63.37872555793956,2365617.247855859,37324.099661293425,-62.608793545545836,-62.608793545545836,0.0,0.0,0.0,0.0,6.030245893911511,6.030245893911511,0.0
0.7132964285714285,1.401941689239597,-1.2543408709448047,-0.1959643604954806,92.57055679439519,-174568.46497966864,0.9989151217361714,-248.24948885000006,1.0,-45605.07883021911,0.9059869286808314,-75.57404091180906,-2822427.8319594264,194.4062639750516,-3.506037696990403,-1886.400708128219,-38244.20414625432,-1194.8307356382497,-24223.56521447114,19.273637505258428,102.82890223171822,3308.249433514437,31.17236945756275,62.98303374696737,2350006.9733823477,37310.74625254536,-62.36519326778161,-62.36519326778161,0.0,0.0,0.0,0.0,6.0061814143551135,6.0061814143551135,0.0
0.7132999999999999,1.4019346698443853,-1.2543129938075352,-0.1969338217228369,91.82003089145124,-173220.28732566474,0.9989135219091461,-246.82285513946167,1.0,-45626.16657986891,0.9059952284235206,-75.10276367551124,-2800950.2259254516,193.26994748342253,-3.5093702450955133,-1887.1310173428,-38262.5546995676,-1187.8097609810493,-24083.455538880535,19.275515768610333,102.22385888938847,3268.449493932862,30.973450517745515,62.58809475866268,2335619.0980734825,37316.30622380408,-62.12069703014867,-62.12069703014867,0.0,0.0,0.0,0.0,5.982035047418312,5.982035047418312,0.0
0.7133035714285714,1.4019276505194644,-1.2542850883996055,-0.1988340642858475,91.07137414764708,-171874.71575923386,0.9989119004080578,-245.41841380386293,1.0,-45646.26037415326,0.9060016707089538,-74.6323640409425,-2779449.385243629,192.1349449143944,-3.5290361642633257,-1887.8613028264683,-38280.114384934954,-1180.7972385244723,-23942.994799701653,19.2769739109662,101.61955313991197,3228.8734628081597,30.77413561701632,62.19391447831081,2317024.2883703136,37253.83928461105,-61.87531177011689,-61.87531177011689,0.0,0.0,0.0,0.0,5.957807497485938,5.957807497485938,0.0
0.7133071428571428,1.401920631264833,-1.2542571654292443,-0.20001850391946618,90.32461007224427,-170531.48116052043,0.9989102549621041,-243.99942909567173,1.0,-45665.35127738349,0.9060062409421112,-74.16284918913897,-2757926.9659588863,191.0012740182424,-3.535728297520994,-1888.5915645803375,-38296.87571558652,-1173.7932976947056,-23802.19041568762,19.278008455521427,101.01599609213709,3189.538344314038,30.57458687438817,61.80049881316328,2298342.179558524,37188.70273212399,-61.62904454717418,-61.62904454717418,0.0,0.0,0.0,0.0,5.933499480182096,5.933499480182096,0.0
0.7133107142857142,1.40191361208049,-1.2542292217949171,-0.20127336523489703,89.57976224221048,-169190.78398819,0.9989085862576226,-242.58348213461736,1.0,-45683.430379431615,0.9060089253172338,-73.69422632821757,-2736384.6854649335,189.8689569025688,-3.5434416599986793,-1889.3218026054308,-38312.83162488053,-1166.7980685083824,-23661.05015956003,19.278616153185762,100.41319890542118,3150.438251911874,30.374742426832352,61.40785369220385,2281270.2471403126,37148.48675090944,-61.38190251963447,-61.38190251963447,0.0,0.0,0.0,0.0,5.909111720239649,5.909111720239649,0.0
0.7133142857142857,1.4019065929664345,-1.2542012594524614,-0.20329145681790806,88.83685427021601,-167852.80364269245,0.9989068948710629,-241.18581419614605,1.0,-45700.488745800336,0.906009709437876,-73.22650269309163,-2714824.2505469485,188.738014229019,-3.5643075701466187,-1890.0520169028448,-38327.974879260284,-1159.8116815689132,-23519.58178838365,19.278793671545007,99.81117278931394,3111.5682476572747,30.174548506962417,61.01598506590737,2262835.676769327,37084.94844982162,-61.1338929448157,-61.1338929448157,0.0,0.0,0.0,0.0,5.884644951513227,5.884644951513227,0.0
0.7133178571428571,1.4018995739226652,-1.254173273438507,-0.20297334445274373,88.09590983341334,-166517.00512959535,0.9989051767206848,-239.73837007360066,1.0,-45716.51745834235,0.9060085792002047,-72.75968554517829,-2693247.432389274,187.6084688411935,-3.5440418611924813,-1890.7822074736573,-38342.29845849658,-1152.8342680625276,-23377.793277574896,19.27853779612572,99.20992900321495,3072.958508802887,29.974304081029086,60.62489890599233,2240261.330730416,36951.8258381802,-60.88502317920876,-60.88502317920876,0.0,0.0,0.0,0.0,5.860099916991151,5.860099916991151,0.0
0.7133214285714286,1.4018925549491814,-1.2541453233826765,-0.1992099842491939,87.35695258616605,-165183.2386330363,0.9989034300699697,-238.21762020199884,1.0,-45731.50756953552,0.9060055158462028,-72.29378217216816,-2671655.729579382,186.48032443533572,-3.4638676455940285,-1891.512374317081,-38355.793440396934,-1145.8659597542303,-23235.691534179652,19.27784431188036,98.60947885602431,3034.6202556162743,29.774123246782388,60.23460120516713,2222324.296576322,36893.48011794396,-60.635300848190376,-60.635300848190376,0.0,0.0,0.0,0.0,5.835477380354224,5.835477380354224,0.0
0.713325,1.401885536045982,-1.254117407748174,-0.19903129042035062,86.62000626738974,-163852.86813722266,0.9989016633123234,-236.77719864424753,1.0,-45745.450990228535,0.9060005061492062,-71.82879988796341,-2650050.9157537883,185.353603310889,-3.446262779313797,-1892.242517424006,-38368.45336307889,-1138.9068889836788,-23093.28505859159,19.27671031053227,98.00983370578696,2996.490189285893,29.573362651353687,59.84509797686933,2208720.2751922794,36906.288146574174,-60.384734582363194,-60.384734582363194,0.0,0.0,0.0,0.0,5.8107781792595254,5.8107781792595254,0.0
0.7133285714285714,1.4018785172130654,-1.254089467358848,-0.20105888463325527,85.88509472959475,-162525.67720076474,0.9988998745417135,-235.38635246893432,1.0,-45758.33930269774,0.9059935399575805,-71.3647460317108,-2628435.0411508474,184.22834478690044,-3.4666790495291826,-1892.9726367939968,-38380.27317928738,-1131.9571886608887,-22950.58326973109,19.275133635470567,97.41100495932113,2958.5828417115995,29.37216218996103,59.45639525499854,2190861.217307994,36847.20123910568,-60.13333249581212,-60.13333249581212,0.0,0.0,0.0,0.0,5.786003123167347,5.786003123167347,0.0
0.7133321428571429,1.4018714984504312,-1.254061508604935,-0.20230025260730145,85.15224179052392,-161201.16004905925,0.9988980597474063,-233.98006570130906,1.0,-45770.163817325454,0.9059846019293858,-70.9016279677512,-2606809.88370873,183.1045687077027,-3.4732539077105247,-1893.7027324280357,-38391.24571837128,-1125.0169922616449,-22807.594374583892,19.27311101206864,96.8130040718228,2920.926987807221,29.170812442099912,59.06849909364261,2171810.123865592,36766.65377807506,-59.88110265901935,-59.88110265901935,0.0,0.0,0.0,0.0,5.761153021056117,5.761153021056117,0.0
0.7133357142857143,1.4018644797580782,-1.2540335290342266,-0.2034810823595592,84.4214712898056,-159879.501119932,0.9988962195328781,-232.574140990889,1.0,-45780.915852877144,0.9059736771007926,-70.43945308534796,-2585177.247405783,181.98229762412623,-3.478565746889197,-1894.4328043272287,-38401.36407285126,-1118.0864338230726,-22664.32681701985,19.270639309631658,96.21584254648282,2883.5173205763385,28.969257081371843,58.68141556679677,2154378.7229444557,36712.134850881994,-59.628053233318006,-59.628053233318006,0.0,0.0,0.0,0.0,5.736228690259269,5.736228690259269,0.0
0.7133392857142857,1.401857461136005,-1.254005532085181,-0.205412679026864,83.69280710573608,-158560.8972176107,0.9988943546135007,-231.18593895542702,1.0,-45790.58672109993,0.9059607498505425,-69.97822879834615,-2563538.9213856463,180.86155246402149,-3.496437226029741,-1895.16285249266,-38410.621157495974,-1111.165647938823,-22520.78901296794,19.267715308463046,95.61953193407156,2846.3478347336736,28.767431163501136,58.29515076807629,2136766.1126522464,36653.268571209985,-59.37419247105268,-59.37419247105268,0.0,0.0,0.0,0.0,5.711230956475893,5.711230956475893,0.0
0.7133428571428571,1.401850442584211,-1.2539775065958394,-0.20629103344933242,82.96627315202838,-157245.07156952267,0.9988924624215131,-229.77694039589943,1.0,-45799.167767054234,0.9059458053606632,-69.51796254483726,-2541896.7788134245,179.74235845825905,-3.4961280275732745,-1895.8928769253955,-38419.010338086875,-1104.2547697544132,-22376.989718890094,19.26433603168112,95.0240838325366,2809.436090212405,28.565516202855967,57.909710810433744,2115078.542198295,36522.72827628101,-59.11952871573547,-59.11952871573547,0.0,0.0,0.0,0.0,5.68616065378132,5.68616065378132,0.0
0.7133464285714285,1.4018434241026951,-1.2539494978282282,-0.20309712482722375,82.24189330525087,-155931.53843580012,0.998890538756333,-228.28358145414597,1.0,-45806.65019847492,0.9059288244663333,-69.05866178675186,-2520252.4764978755,178.62472477521976,-3.426930295036755,-1896.6228776263408,-38426.52322673093,-1097.3539349613275,-22232.9367462389,19.26049758232509,94.4295098864939,2772.8100432156507,28.363808480512308,57.525101825810246,2094985.9881086594,36417.64023904579,-58.86407040581917,-58.86407040581917,0.0,0.0,0.0,0.0,5.661018624614725,5.661018624614725,0.0
0.7133499999999999,1.4018364056914558,-1.2539215335010196,-0.20142675658846088,81.51969148205076,-154621.3548974264,0.998888590347099,-226.82490358642383,1.0,-45813.02541011772,0.9059097892773212,-68.60033400987935,-2498607.716759231,177.50866596223167,-3.3837563515600957,-1897.3528545879208,-38433.15209411862,-1090.4632797932031,-22088.63838057464,19.2561964165942,93.8358217868983,2736.4206902186443,28.161791713542744,57.14132996489846,2080677.3418533055,36411.8266375923,-58.607826242029574,-58.607826242029574,0.0,0.0,0.0,0.0,5.635805719233982,5.635805719233982,0.0
0.7133535714285714,1.4018293873504926,-1.2538935609816444,-0.20309664249629122,80.79969168369192,-153314.88668232644,0.9988866192662265,-225.4386154777647,1.0,-45818.28494267085,0.9058886873653901,-68.14298672297859,-2476964.5544277052,176.39421946041003,-3.396651545637729,-1898.082807806436,-38438.89166785096,-1083.5829410195468,-21944.10439401087,19.251430290480197,93.24303127050175,2700.2534707893424,27.959305955592537,56.75840139677963,2064251.9409919574,36368.09937898778,-58.35080495135216,-58.35080495135216,0.0,0.0,0.0,0.0,5.610522797379321,5.610522797379321,0.0
0.7133571428571428,1.401822369079804,-1.2538655655470181,-0.20459844198933297,80.08191788014375,-152011.55806922133,0.9988846207442033,-224.05056399250688,1.0,-45822.42017139574,0.905865503141707,-67.68662745738553,-2455324.9184588525,175.28141182857735,-3.406455634120996,-1898.812737283002,-38443.7354391079,-1076.713055940568,-21799.343902464734,19.246196312184413,92.65115011940748,2664.3408573808883,27.756694913631662,56.37632230861271,2045356.7314958426,36279.42142052551,-58.09301526123696,-58.09301526123696,0.0,0.0,0.0,0.0,5.585170727752491,5.585170727752491,0.0
0.7133607142857142,1.401815350879389,-1.2538375508753694,-0.20583647622572698,79.36639403664691,-150711.40340564045,0.9988825943205165,-222.65883522868458,1.0,-45825.42243499921,0.9058402194141578,-67.23126376679497,-2433690.6525710984,174.17026449780977,-3.411620071873769,-1899.5426430187088,-38447.67633306978,-1069.8537623815025,-21654.365765852315,19.24049129635207,92.06019016058046,2628.684795169834,27.55397963641638,55.99509890530479,2027225.4481081055,36202.622955223545,-57.83446599026441,-57.83446599026441,0.0,0.0,0.0,0.0,5.559750387436285,5.559750387436285,0.0
0.7133642857142857,1.4018083327492463,-1.2538095169740395,-0.20730632937014093,78.65314413378945,-149414.55988588915,0.9988805402967207,-221.27378399962856,1.0,-45827.28309305524,0.9058128189873481,-66.77690322686004,-2412063.6197104636,173.06080002632157,-3.420380730428181,-1900.272525014656,-38450.70739781368,-1063.0051986868532,-21509.1789830239,19.234312127160358,91.47016326535048,2593.2820357098117,27.351125035021827,55.61473740917428,2009915.2227646667,36138.975056919146,-57.57516604823485,-57.57516604823485,0.0,0.0,0.0,0.0,5.534262661898376,5.534262661898376,0.0
0.7133678571428571,1.401801314689376,-1.2537814605357198,-0.2090184834292188,77.94219213708533,-148121.07913239117,0.9988784583515989,-219.89558868780887,1.0,-45827.99351050494,0.9057832846025284,-66.32355343478194,-2390445.7039150293,171.9530419683804,-3.432857097196113,-1901.0023832718452,-38452.82178162489,-1056.1675037143943,-21363.792675511653,19.22765574625063,90.88108134889549,2558.133596503086,27.14814214943511,55.235244059606174,1990285.6511315855,36031.89321911572,-57.31512443626019,-57.31512443626019,0.0,0.0,0.0,0.0,5.508708441999538,5.508708441999538,0.0
0.7133714285714285,1.4017942966997758,-1.2537533944932633,-0.20744455289155894,77.23356199423756,-146830.4081525456,0.9988763435226284,-218.45188642358136,1.0,-45827.54502208979,0.9057515975327726,-65.87122200889269,-2368838.752226342,170.84700951481975,-3.3913115003543037,-1901.732217791478,-38454.01213453872,-1049.3408168292578,-21218.2157540981,19.220518837923553,90.29295636973133,2523.2710081045248,26.945380343647653,54.856625112701224,1968470.1501681136,35882.90911989123,-57.05435024685451,-57.05435024685451,0.0,0.0,0.0,0.0,5.483088618459417,5.483088618459417,0.0
0.713375,1.401787278780445,-1.2537253726704312,-0.20417807214352024,76.527277637838,-145542.87898600913,0.9988741974445517,-216.97614712712192,1.0,-45825.9291708285,0.9057177363389785,-65.41991658838181,-2347244.451250867,169.74271095932932,-3.32242105196867,-1902.4620285701176,-38454.270079817754,-1042.5252778975025,-21072.45663738096,19.21289755187378,89.7058003291574,2488.68108771433,26.742699787333876,54.478886840916175,1952256.2637583502,35834.098273192234,-56.79285299463006,-56.79285299463006,0.0,0.0,0.0,0.0,5.457404119637609,5.457404119637609,0.0
0.7133785714285714,1.401780260931383,-1.2536973689474016,-0.20499985550549127,75.82336302552326,-144259.52288047774,0.9988720273680473,-215.58627226931824,1.0,-45823.13778512137,0.905681685234495,-64.96964483285004,-2325664.7820297596,168.64017656340783,-3.320200485419737,-1903.19181559993,-38453.58979848336,-1035.72102727977,-20926.52522054148,19.204789387643462,89.11962527070988,2454.315206099402,26.53955931304885,54.10203553269778,1937728.1882287012,35815.17898752796,-56.530642395473656,-56.530642395473656,0.0,0.0,0.0,0.0,5.431655885921287,5.431655885921287,0.0
0.7133821428571429,1.401773243152588,-1.2536693365938343,-0.20694770202155155,75.1218421279612,-142979.8809101539,0.9988698291228285,-214.2212609327344,1.0,-45819.162089716716,0.905643428385276,-64.52041442141686,-2304101.818481812,167.5394419968942,-3.3359672356266734,-1903.9215788818256,-38451.965590395586,-1028.9282058247836,-20780.431507372377,19.196191910897113,88.53444327960122,2420.2001197779964,26.336255022632784,53.72607749210879,1919226.8492535467,35721.44501816534,-56.26772745978095,-56.26772745978095,0.0,0.0,0.0,0.0,5.405844816884279,5.405844816884279,0.0
0.7133857142857143,1.4017662254440597,-1.253641286947449,-0.2081278511345488,74.42273884459222,-141703.68497312447,0.9988675998332361,-212.84272614108068,1.0,-45813.99316782841,0.9056029454001044,-64.07223305255918,-2282557.41234395,166.4405272652277,-3.339080631494996,-1904.651318416839,-38449.38994886119,-1022.1469548625063,-20634.184573592585,19.18710174249669,87.95026648213037,2386.352898083958,26.13298087128382,53.35101903844626,1900548.837396978,35622.47770765894,-56.00411728005952,-56.00411728005952,0.0,0.0,0.0,0.0,5.379971820090246,5.379971820090246,0.0
0.7133892857142857,1.4017592078057963,-1.253613216401487,-0.20936576512985994,73.72607705898108,-140431.12493703802,0.9988653402162444,-211.46744168384873,1.0,-45807.622155321355,0.9055602166570244,-63.62510844365602,-2261033.4619891355,165.34345647588202,-3.3428966329889596,-1905.38103420615,-38445.85584414213,-1015.3774161973919,-20487.793816414607,19.17751575876268,87.36710704510124,2352.7673583280744,25.92966996278717,52.97686650585272,1883417.3775538716,35550.69457494806,-55.739821050391214,-55.739821050391214,0.0,0.0,0.0,0.0,5.354037812256598,5.354037812256598,0.0
0.7133928571428572,1.4017521902377972,-1.2535851276373455,-0.21139875838818512,73.03188063797124,-139162.37260351176,0.9988630508785326,-210.11010612170637,1.0,-45800.04020419951,0.9055152217796398,-63.17904833051437,-2239531.848653868,164.2482521428466,-3.3591177034315236,-1906.1107262508224,-38441.356075339856,-1008.6197321011863,-20341.26860121008,19.16743075096751,86.78497717520229,2319.438149288982,25.726263286403587,52.60362624291889,1865259.8217318319,35457.768814116105,-55.47484806636524,-55.47484806636524,0.0,0.0,0.0,0.0,5.328043719244178,5.328043719244178,0.0
0.7133964285714285,1.4017451727400616,-1.2535570136049337,-0.21129702888200086,72.34017340411908,-137896.99822831963,0.9988607275098252,-208.7124425445647,1.0,-45791.23849940716,0.9054679407525706,-62.73406046690127,-2218054.5115213296,163.1549394103117,-3.3412313098034163,-1906.8403945519235,-38435.88375072316,-1001.8740453060029,-20194.618515671318,19.156843677393866,86.20388911840989,2286.3906647485423,25.523057000455633,52.23130461229139,1843250.7244154292,35289.152870921476,-55.209207725005705,-55.209207725005705,0.0,0.0,0.0,0.0,5.3019904760468055,5.3019904760468055,0.0
0.7133999999999999,1.4017381553125878,-1.2535289330903694,-0.20753659110320655,71.65097910459323,-136634.81261601616,0.9988583675632426,-207.24503082465867,1.0,-45781.20767334757,0.9054183476565362,-62.2901526240434,-2196603.132297793,162.06352642705022,-3.2657494706589265,-1907.5700391091832,-38429.4296187533,-995.1404989961012,-20047.85197024832,19.14575026387994,85.62385515927987,2253.637957278732,25.320211266900465,51.85990799021366,1825126.9475169263,35192.40890194678,-54.942909040577916,-54.942909040577916,0.0,0.0,0.0,0.0,5.275878984568406,5.275878984568406,0.0
0.7134035714285714,1.401731137955375,-1.2535008893800998,-0.20714000127540544,70.96432149498084,-135377.00905049258,0.9988559801103036,-205.84680735781853,1.0,-45769.93685260252,0.9053664171530625,-61.847332590444346,-2175179.4802690526,160.97403607918469,-3.24348390966589,-1908.299659913465,-38421.9848438445,-988.4192368015567,-19900.977678461615,19.13414646082723,85.04488762040208,2221.1221229552652,25.11705635815812,51.48944276617566,1811300.0448309279,35177.08598272117,-54.675959243451615,-54.675959243451615,0.0,0.0,0.0,0.0,5.24970998571609,5.24970998571609,0.0
0.7134071428571428,1.4017241206684223,-1.253472822624569,-0.20915248861751934,70.28022431744357,-134123.47480791417,0.9988535635600421,-204.498183084536,1.0,-45757.41919673065,0.9053121353704646,-61.40560817075921,-2153785.7658499824,159.88650745649528,-3.2587792967906286,-1909.0292569638511,-38413.545646016486,-981.7104027896767,-19754.00703324295,19.122030872963137,84.46699886166117,2188.852339148965,24.913698469787423,51.11991534243925,1793799.0555561855,35089.02398654192,-54.40837007445245,-54.40837007445245,0.0,0.0,0.0,0.0,5.223484604599484,5.223484604599484,0.0
0.7134107142857142,1.4017171034517284,-1.253444737007891,-0.2104152449628316,69.598711224386,-132873.75123680977,0.9988511132107336,-203.1370977160899,1.0,-45743.64841529402,0.9052554847038503,-60.96498718549832,-2132424.011141049,158.8009630829368,-3.2621033758209146,-1909.7588302615063,-38404.106817623986,-975.0141414573922,-19606.950701778555,19.109401359524153,83.89020127958094,2156.8555526965606,24.71045866856853,50.7513321336142,1775076.612305219,34974.960978362775,-54.14015409181849,-54.14015409181849,0.0,0.0,0.0,0.0,5.197204037543607,5.197204037543607,0.0
0.7134142857142857,1.4017100863052925,-1.2534166308346948,-0.21160383829669627,68.9198058264846,-131627.9981429705,0.9988486295625939,-201.7768629632916,1.0,-45728.61824253892,0.905196447600647,-60.52547747056181,-2111096.2362212823,157.71742706310542,-3.2640518797112272,-1910.488379807506,-38393.66334142151,-968.3305977230904,-19459.81947083274,19.096255882639767,83.31450730662081,2125.1269137652944,24.507285375213584,50.383699566214254,1757791.6895107822,34887.102792068545,-53.87132387515988,-53.87132387515988,0.0,0.0,0.0,0.0,5.170869483459265,5.170869483459265,0.0
0.7134178571428571,1.4017030692291137,-1.2533885070317694,-0.21348421391456895,68.24353165345659,-130386.38647032087,0.9988461132470341,-200.4322638069679,1.0,-45712.32239445441,0.9051350057540253,-60.08708687669929,-2089804.4400091954,156.63592240544767,-3.2763974239598674,-1911.2179056029456,-38382.21005049561,-961.6599169184278,-19312.624070807244,19.082592329202203,82.73992941047098,2093.660902495434,24.304117581595076,50.0170240782053,1740508.1048155962,34797.31391196293,-53.60189202580628,-53.60189202580628,0.0,0.0,0.0,0.0,5.144482143865437,5.144482143865437,0.0
0.7134214285714285,1.40169605222319,-1.2533603551794463,-0.2145152287900487,67.56991220288192,-129148.72498063133,0.998843561712068,-199.07363382418546,1.0,-45694.754641540174,0.9050711414622994,-59.64982326895983,-2068550.6757703787,155.55647552087362,-3.275446201816964,-1911.9474076490496,-38369.74220920711,-955.0022447799566,-19165.375467350266,19.06840881485696,82.16648009333083,2062.4707163418207,24.101120481236535,49.65131211854526,1719760.7666824,34635.76372894991,-53.33187116714534,-53.33187116714534,0.0,0.0,0.0,0.0,5.118043222910737,5.118043222910737,0.0
0.713425,1.4016890352875215,-1.2533322161150897,-0.21152940609991333,66.89897086962857,-127914.57771729467,0.9988409700354979,-197.64094169383634,1.0,-45675.90858706256,0.9050048327753608,-59.21369452613495,-2047336.8273766902,154.47910018152513,-3.213281098242095,-1912.6768859467456,-38356.25345708331,-948.3577274403692,-19018.083832639117,19.053702608581247,81.59417189115537,2031.5822169646428,23.89861922582809,49.28657014671651,1699961.1714237088,34490.36684421854,-53.06127388637587,-53.06127388637587,0.0,0.0,0.0,0.0,5.091553922471437,5.091553922471437,0.0
0.7134285714285714,1.4016820184221066,-1.25330412207344,-0.20959399743045992,66.230730964602,-126684.78548349424,0.9988383447771817,-196.23137768828363,1.0,-45655.77258157517,0.9049360479997262,-58.77870854043501,-2026164.5415118402,153.40381261109243,-3.1674251533238924,-1913.4063404890192,-38341.733493872365,-941.7265114199029,-18870.757434486135,19.038468924521894,81.02301737291474,2000.9547658196043,23.696127479553798,48.92280463224914,1685486.4487385675,34450.95878299098,-52.790107005861955,-52.790107005861955,0.0,0.0,0.0,0.0,5.065014960946206,5.065014960946206,0.0
0.7134321428571428,1.401675001626944,-1.2532760237010794,-0.21115971468071848,65.56521580909994,-125459.76879704407,0.9988356890118351,-194.8908446053287,1.0,-45634.33664563989,0.9048647637063865,-58.34487321656916,-2005035.8138015359,152.33064915157624,-3.1744757528258334,-1914.1357712715983,-38326.175723074106,-935.1087436173038,-18723.406440626302,19.022704919000216,80.45302913981631,1970.5695115014257,23.493416003974772,48.56002205423737,1669621.662395243,34381.638058327466,-52.51837905532487,-52.51837905532487,0.0,0.0,0.0,0.0,5.038427201482493,5.038427201482493,0.0
0.7134357142857143,1.4016679849020337,-1.253247901369208,-0.21273036874089257,64.902448589637,-124239.03797043211,0.9988329974094126,-193.5528103533931,1.0,-45611.59411387143,0.9047909602084422,-57.91219647107742,-1983952.7069008395,151.25963869627788,-3.181322379285311,-1914.865178295468,-38309.57532625543,-928.504571300611,-18576.04191574298,19.006408681135973,79.88421982451119,1940.4550361816723,23.290842927983068,48.19822890084608,1651322.9140849125,34260.07041157118,-52.246102362970646,-52.246102362970646,0.0,0.0,0.0,0.0,5.011791827236387,5.011791827236387,0.0
0.7134392857142857,1.401660968247373,-1.2532197601951978,-0.21396242167568857,64.24245240658843,-123022.59170781414,0.9988302690074314,-192.21089841734585,1.0,-45587.53829474211,0.9047146156067033,-57.48068623190121,-1962917.18224142,150.1908041355803,-3.1828534800701656,-1915.594561561951,-38291.9267442284,-921.9141420980928,-18428.67457553422,18.989577916219215,79.31660209031364,1910.6144898785165,23.088456130571508,47.83743166881069,1633620.9084586052,34148.42758149164,-51.97328929773684,-51.97328929773684,0.0,0.0,0.0,0.0,4.98511002550082,4.98511002550082,0.0
0.7134428571428572,1.4016539516629622,-1.2531915994771763,-0.21538391796957512,63.585250289608645,-121810.56008537802,0.998827504080981,-190.87503191254572,1.0,-45562.162545735606,0.9046357080197406,-57.05035043777269,-1941931.211311631,149.1241698402862,-3.186962784747025,-1916.323921072037,-38273.22462543668,-915.3376039884223,-18281.3152517345,18.972210441346334,78.75018863035575,1881.0441246337793,22.886217383721863,47.4776368629277,1616823.458458824,34053.42151905626,-51.69995226943533,-51.69995226943533,0.0,0.0,0.0,0.0,4.958382987708944,4.958382987708944,0.0
0.7134464285714286,1.4016469351488,-1.2531634170448167,-0.2171840275660486,62.93086514520367,-120603.02058391341,0.9988247024252945,-189.54867403840964,1.0,-45535.460230964454,0.9045542151956725,-56.62119703759489,-1920996.7641308222,148.0597605825681,-3.1963896212092258,-1917.0532568268889,-38253.46366557087,-908.7751052912337,-18133.974810890057,18.95430410153972,78.18499216677411,1851.742876778725,22.684121791926856,47.11885099553712,1598177.3520384345,33917.0034799619,-51.42610372888478,-51.42610372888478,0.0,0.0,0.0,0.0,4.9316119094375015,4.9316119094375015,0.0
0.7134499999999999,1.401639918704885,-1.253135221754993,-0.2158574662304602,62.27931979485471,-119399.50670945176,0.9988218584710413,-188.1674415127693,1.0,-45507.42473071829,0.9044701136588025,-56.19323398982475,-1900115.7903530062,146.99759859043834,-3.1597333926530364,-1917.7825688276475,-38232.63825294605,-902.226794657379,-17986.663985238596,18.935856584783696,77.6210254498711,1822.7382157331872,22.482532022336407,46.761080586007715,1577235.2874138497,33728.658674436294,-51.15175616803937,-51.15175616803937,0.0,0.0,0.0,0.0,4.904797990409239,4.904797990409239,0.0
0.7134535714285714,1.401632902331216,-1.2531070697090665,-0.21243038562644756,61.63063692817136,-118200.22794955218,0.9988189730877433,-186.75101504428457,1.0,-45478.04964099715,0.904383376576299,-55.76646926189413,-1879290.0790398933,145.9376952030006,-3.09267862422751,-1918.5118570715351,-38210.7415797526,-895.692821058037,-17839.392961860696,18.9168649591139,77.05830125717765,1794.0220881422993,22.281360461799615,46.404332160158184,1561214.8994539962,33642.731668536406,-50.876922438621904,-50.876922438621904,0.0,0.0,0.0,0.0,4.877942454115823,4.877942454115823,0.0
0.7134571428571428,1.4016258860277924,-1.2530789393620199,-0.21308077604197706,60.98483916308369,-117006.13574298412,0.9988160547835605,-185.41215022197332,1.0,-45447.327270358735,0.9042939794995822,-55.340910829677256,-1858521.568507035,144.8800801456918,-3.0851791829600868,-1919.2411215502675,-38187.76806167851,-889.1733337757162,-17692.172523600835,18.897326934529374,76.49683239267866,1765.5472482310868,22.08000466173634,46.0486122497812,1547201.5100923325,33598.308089891114,-50.601613847491535,-50.601613847491535,0.0,0.0,0.0,0.0,4.851046390255041,4.851046390255041,0.0
0.7134607142857142,1.4016188697946128,-1.2530507804750142,-0.21507350291693683,60.34194902620233,-115816.87338616904,0.9988130991586139,-184.10031050688406,1.0,-45415.247621400216,0.9042018950294813,-54.91656667635766,-1837812.225810155,143.82478963798582,-3.0968781631340945,-1919.9703622646068,-38163.7111021123,-882.6684823930266,-17545.01299762503,18.877239697126452,75.93663168584679,1737.3351733513657,21.878749488636767,45.69392739204735,1529578.2684072948,33473.43206804555,-50.32583922928809,-50.32583922928809,0.0,0.0,0.0,0.0,4.82411070226952,4.82411070226952,0.0
0.7134642857142857,1.4016118536316766,-1.253022604211807,-0.21626037816807298,59.70198888602644,-114632.17930694809,0.9988101025294569,-182.7765768906184,1.0,-45381.80055862588,0.9041070906852029,-54.49344479202341,-1817163.8246040952,142.7718456199729,-3.0966936036997295,-1920.6995792156488,-38138.56221480038,-876.1784167822099,-17397.92387175911,18.856599453400687,75.37771199074133,1709.4023188075605,21.677821781291623,45.340284128956476,1511676.3924172907,33339.690766687585,-50.04960750880264,-50.04960750880264,0.0,0.0,0.0,0.0,4.797136302361141,4.797136302361141,0.0
0.7134678571428571,1.4016048375389822,-1.2529944070142691,-0.21747369294260466,59.06498099658499,-113452.22322337775,0.9988070655847864,-181.4560732741145,1.0,-45346.97606118236,0.9040095346231688,-54.07155317299724,-1796578.1670275792,141.7212734859873,-3.096670040593887,-1921.4287724045869,-38112.31343025282,-869.7032870944068,-17250.914915561436,18.835402684512147,74.82008618508449,1681.7423603126526,21.47715080349521,44.987689006769436,1495243.4828630353,33235.72577709074,-49.7729277712514,-49.7729277712514,0.0,0.0,0.0,0.0,4.770124116565496,4.770124116565496,0.0
0.7134714285714285,1.401597821516529,-1.2529661919951733,-0.2195195205138134,58.4309474839543,-112277.16748227252,0.9988039889857234,-180.15312267274498,1.0,-45310.76417763128,0.903909194057656,-53.65089982114369,-1776057.0343443854,140.6730971559935,-3.108214601410212,-1922.15794183252,-38084.956640718585,-863.2432437485627,-17103.99587518488,18.813645804990244,74.26376716930697,1654.349271749417,21.27666781268747,44.63614857543094,1478088.1078253095,33113.14974182815,-49.495809261421,-49.495809261421,0.0,0.0,0.0,0.0,4.743075084672471,4.743075084672471,0.0
0.713475,1.4015908055643156,-1.2529379503295859,-0.2196201628344454,57.79991034077268,-111106.67047542187,0.9988008680287062,-178.8185066745838,1.0,-45273.15506378619,0.9038060366070819,-53.23149274316592,-1755602.257185583,139.62734327691774,-3.092020142113135,-1922.8870875006287,-38056.4841677687,-856.798437420303,-16957.17672691692,18.79132545803018,73.70876786559046,1627.2437852007083,21.07666512846915,44.28566938798369,1457446.6988121087,32909.12011229906,-49.218261382788754,-49.218261382788754,0.0,0.0,0.0,0.0,4.715990160144942,4.715990160144942,0.0
0.7134785714285714,1.401583789682341,-1.2529097396699593,-0.21589213894802128,57.171891392508556,-109940.52585850414,0.998797699195469,-177.4198029385972,1.0,-45234.13980289512,0.9037000264144,-52.813339949923815,-1735215.5076888634,138.5840237745544,-3.022188804919194,-1923.61620940891,-38026.8871559742,-850.3690190304999,-16810.46695772323,18.768437680018884,73.15510121688382,1600.439466955733,20.877346081593004,43.93625799997456,1439987.9257043318,32773.478102007815,-48.940294716115275,-48.940294716115275,0.0,0.0,0.0,0.0,4.688870391980757,4.688870391980757,0.0
0.7134821428571428,1.4015767738706044,-1.2528815677888518,-0.21527721197804794,56.546912348927876,-108779.7487976961,0.9987944923746537,-176.07925402247145,1.0,-45193.71737844389,0.9035911456544875,-52.3964494559237,-1714898.8328910412,137.5431619498978,-2.996262166002407,-1924.345307548325,-37996.16449649531,-843.9551397337027,-16663.87949771804,18.744982538972483,72.60278018590799,1573.8850131775403,20.678026780068503,43.58792096885101,1426642.5358076005,32729.226725590193,-48.66192784338487,-48.66192784338487,0.0,0.0,0.0,0.0,4.661717472358761,4.661717472358761,0.0
0.7134857142857143,1.401569758129105,-1.2528533749511404,-0.2172526771629748,55.92499479172166,-107624.30645737801,0.9987912463229085,-174.786893993174,1.0,-45151.87983228287,0.9034793672454682,-51.980829278119366,-1694654.2279157816,136.50479590517676,-3.0062574134052675,-1925.074381917552,-37964.31148262277,-837.5569509063371,-16517.425647195483,18.720958233731626,72.05181775414034,1547.5846290896175,20.478772879407167,43.24066485334981,1410244.2371280624,32612.84259263563,-48.383172024430564,-48.383172024430564,0.0,0.0,0.0,0.0,4.63453250427488,4.63453250427488,0.0
0.7134892857142857,1.4015627424578403,-1.2528251627205087,-0.21854930538080453,55.30616013551506,-106473.7958802972,0.9987879554813389,-173.48562095786954,1.0,-45108.61702535916,0.9033646549690637,-51.56648743531843,-1674483.4457340294,135.4689501288552,-3.006573926828405,-1925.8034325178712,-37931.31989852327,-831.1746041348127,-16371.115176456851,18.696361143634668,71.50222692079166,1521.5621913658024,20.2799273098354,42.894496212876426,1392648.7415582761,32465.83990987681,-48.1040364717968,-48.1040364717968,0.0,0.0,0.0,0.0,4.607316426967561,4.607316426967561,0.0
0.7134928571428572,1.401555726856811,-1.2527969300745099,-0.21975136182126676,54.69042962910166,-105328.3454508705,0.9987846201365612,-172.18568345868,1.0,-45063.9189202509,0.9032469722707962,-51.15343194749291,-1654388.223494439,134.43564971071302,-3.005366726355727,-1926.5324593502655,-37897.18168306023,-824.8082512031518,-16224.957953770965,18.67118773375938,70.9540207017421,1495.8131744422544,20.081443442507105,42.549421606875754,1376269.0068185048,32344.18719277038,-47.824530571147136,-47.824530571147136,0.0,0.0,0.0,0.0,4.580070194530241,4.580070194530241,0.0
0.7134964285714286,1.4015487113260152,-1.252768679607227,-0.2215589233692583,54.07782434710995,-104188.09630973876,0.9987812407625939,-170.89906496470786,1.0,-45017.77556884645,0.9031262817864035,-50.74167083501277,-1634370.2830204552,133.4049189975852,-3.012176789235383,-1927.261462415997,-37861.88874169999,-818.458044080852,-16078.963860924132,18.645434457158025,70.4072121284966,1470.3322874515277,19.88326242442464,42.205447594194254,1360062.493625282,32223.80914554668,-47.54466388011316,-47.54466388011316,0.0,0.0,0.0,0.0,4.55279477580631,4.55279477580631,0.0
0.7135,1.401541695865452,-1.2527404018898483,-0.22274204350947002,53.46836521257615,-103052.93099672825,0.9987778148348077,-169.6047903288718,1.0,-44970.17716935366,0.903002546526846,-50.3312121178678,-1614431.3825704276,132.37678492616234,-3.0102354597139827,-1927.99044171618,-37825.43344069102,-812.1241349101307,-15933.143000064763,18.619098011202336,69.86181424708819,1445.128109717545,19.685522202535374,41.86258073243293,1341020.9213541243,32032.880804562334,-47.26444612711414,-47.26444612711414,0.0,0.0,0.0,0.0,4.525491154280594,4.525491154280594,0.0
0.7135035714285713,1.4015346804751203,-1.2527121327050645,-0.21999242314265643,52.86207294852657,-101922.46378279486,0.9987743364476144,-168.24740392374568,1.0,-44921.113939871815,0.9028757256127389,-49.92206381489308,-1594573.1671572318,131.35126492027152,-2.9552525399193477,-1928.719397251988,-37787.80686603116,-805.8066759934577,-15787.504956492678,18.59217443443079,69.31784011700519,1420.2236604419218,19.488573476101568,41.52082757730271,1322351.353857279,31846.90455814855,-46.98388722908729,-46.98388722908729,0.0,0.0,0.0,0.0,4.4981603294943975,4.4981603294943975,0.0
0.7135071428571428,1.401527665155019,-1.2526839089801682,-0.21778228911745146,52.25896810209892,-100797.33620877445,0.9987708119038954,-166.90293947219718,1.0,-44870.58321035251,0.9027457912001575,-49.51423394311228,-1574797.4728819698,130.3283764260515,-2.907899920848942,-1929.4483290169612,-37749.005751832774,-799.5058197796918,-15642.061689656193,18.56466269872363,68.77530280999902,1395.5867436678498,19.291975267972937,41.18019468191702,1308484.879015625,31773.616150374943,-46.70300418291119,-46.70300418291119,0.0,0.0,0.0,0.0,4.470803872540535,4.470803872540535,0.0
0.7135107142857142,1.4015206499051471,-1.2526556850259776,-0.21923339109332574,51.659071063202674,-99677.9966384082,0.9987672455928233,-165.62316797871105,1.0,-44818.581276602934,0.9026127185243152,-49.10773051676696,-1555106.2927902534,129.30815421123268,-2.9094774640479475,-1930.1772370061135,-37709.02837092604,-793.2217188521822,-15496.825745923414,18.53656257464537,68.2342154090607,1371.1954021464112,19.095422713167633,40.84068859618283,1293891.5802446746,31680.433999269248,-46.42181270397285,-46.42181270397285,0.0,0.0,0.0,0.0,4.443423253705499,4.443423253705499,0.0
0.7135142857142857,1.4015136347255035,-1.2526274360188112,-0.22088089377555775,51.06240203615892,-98564.03543973465,0.9987636314114045,-164.34975739171932,1.0,-44765.098834789365,0.9024764696508317,-48.70256154632677,-1535501.3925032734,128.29062849567543,-2.9133932795998034,-1930.9061212206063,-37667.86792453617,-786.9545259145397,-15351.807536881359,18.507871206459658,67.69459100719712,1347.0738296195193,18.89928308269566,40.502315866075335,1276958.933857987,31527.04738574382,-46.14032300530367,-46.14032300530367,0.0,0.0,0.0,0.0,4.416019501205723,4.416019501205723,0.0
0.7135178571428571,1.4015066196160877,-1.2525991684972255,-0.22211109037849042,50.46898099650688,-97455.41959813844,0.9987599676870207,-163.0726013338563,1.0,-44710.12660881014,0.9023370036682123,-48.298735037831655,-1515984.43486021,127.27582298617534,-2.9115549357648334,-1931.6349816615368,-37625.5167383052,-780.7043937772394,-15207.017120008315,18.478585289411573,67.156442706279,1323.225835164344,18.703632024580497,40.16508303295811,1260466.8953596342,31381.155847289985,-45.85854546234437,-45.85854546234437,0.0,0.0,0.0,0.0,4.388593657076669,4.388593657076669,0.0
0.7135214285714285,1.4014996045768973,-1.2525708811030771,-0.2234787256698496,49.87882773593187,-96352.26582317654,0.998756254619911,-161.80091180976706,1.0,-44653.655474655054,0.9021942796633095,-47.896258992049134,-1496557.0889338753,126.26376304288198,-2.9112914396851175,-1932.3638183302212,-37581.96748413698,-774.4714753439408,-15062.464701351406,18.448701702877056,66.6197836158641,1299.647068828555,18.5084252498093,39.82899663288272,1244920.4022218843,31255.634800437856,-45.576490611651124,-45.576490611651124,0.0,0.0,0.0,0.0,4.3611467770546986,4.3611467770546986,0.0
0.713525,1.4014925896079324,-1.2525425729888024,-0.2253492702714084,49.29196184740381,-95254.66454365365,0.998752492110504,-160.54060467429642,1.0,-44595.67643876187,0.9020482560698042,-47.49514140362098,-1477221.0140626638,125.25447393180492,-2.9173009334727573,-1933.092631227696,-37537.212922602856,-768.2559235973008,-14918.16052540008,18.41821737676543,66.0846268519776,1276.334537972188,18.313637660859293,39.49406319588035,1227974.7771156016,31091.642228913344,-45.294169149572326,-45.294169149572326,0.0,0.0,0.0,0.0,4.333679930455719,4.333679930455719,0.0
0.7135285714285714,1.401485574709192,-1.252514248899275,-0.22427941556699693,48.70840268060339,-94162.23107197513,0.9987486737750881,-159.23607609451628,1.0,-44536.18059360509,0.9018988902005718,-47.09539026019886,-1457977.8618964963,124.24797981845975,-2.885165560488948,-1933.8214203551372,-37491.2457233074,-762.05789158494,-14774.114800915639,18.38712919852874,65.55098553590513,1253.3111255323422,18.11963817608584,39.160289245243725,1208737.2853525018,30865.4034063362,-45.01159193089751,-45.01159193089751,0.0,0.0,0.0,0.0,4.306194200052025,4.306194200052025,0.0
0.7135321428571428,1.401478559880674,-1.2524859667618005,-0.22071247103801284,48.12816937637069,-93075.07320357896,0.998744799466025,-157.89535247416416,1.0,-44475.16205719327,0.9017461407125735,-46.69701354165191,-1438829.2253476435,123.24429444437614,-2.8212716891827223,-1934.5501857104396,-37444.05946363085,-755.877532405036,-14630.338090817093,18.355434529541544,65.01887279295389,1230.5729039890334,17.92639553914861,38.827681296800776,1193714.753308956,30742.91036086187,-44.7287728208874,-44.7287728208874,0.0,0.0,0.0,0.0,4.278690910273017,4.278690910273017,0.0
0.7135357142857143,1.4014715451223785,-1.252457709839264,-0.22118543094913434,47.55128087901284,-91994.04150391548,0.9987408792967192,-156.6232242795424,1.0,-44412.62075432067,0.9015899822532568,-46.30001921924752,-1419776.998838731,122.24344650456854,-2.809258308628609,-1935.2789272848488,-37395.6544796222,-749.7149991915581,-14486.843561765909,18.323134227523177,64.48830175118333,1208.0753752657636,17.733248394831485,38.49624585817896,1180895.4748413598,30674.60091941966,-44.44573100750266,-44.44573100750266,0.0,0.0,0.0,0.0,4.251171812652192,4.251171812652192,0.0
0.7135392857142857,1.401464530434304,-1.2524294245991328,-0.22321560844511623,46.977755899325686,-90918.86641110489,0.9987369085219847,-155.37924895766,1.0,-44348.54867217779,0.9014303754199894,-45.90441525437938,-1400822.9294035858,121.24547171806266,-2.8168074857276006,-1936.0076450789595,-37346.02580747762,-743.5704450996228,-14343.64223868319,18.290226411246675,63.95928554014571,1185.8349985769132,17.540466619699703,38.16598942806092,1164877.5352758085,30520.350362774858,-44.16247798538683,-44.16247798538683,0.0,0.0,0.0,0.0,4.223638044281118,4.223638044281118,0.0
0.7135428571428571,1.401457515816449,-1.2524011219547604,-0.22440222712009472,46.40761291190167,-89849.29775555017,0.9987328823478793,-154.125280408205,1.0,-44282.9372713022,0.9012672742306433,-45.5102095978703,-1381968.5853065485,120.25039309259334,-2.8134382202089743,-1936.7363390940216,-37295.166234290016,-737.4440232904178,-14200.744253069231,18.25670804098,63.43183728959007,1163.8671524633871,17.348312175633477,37.83691849543104,1148528.9911979553,30353.718007404455,-43.87902489094776,-43.87902489094776,0.0,0.0,0.0,0.0,4.1960907142816675,4.1960907142816675,0.0
0.7135464285714286,1.4014505012688132,-1.2523727983925899,-0.2256050032880239,45.84087015100992,-88785.4833524463,0.9987288014312188,-152.87502198292975,1.0,-44215.77817917984,0.9011006330588146,-45.11741018906876,-1363215.539592502,119.2582364551357,-2.8100663530565178,-1937.4650093311272,-37243.069088188815,-731.3358869158999,-14058.159931612814,18.22257636077065,62.905970128146606,1142.1653602855604,17.156708464376905,37.50903953881364,1133535.0044776646,30219.315380368622,-43.59538301560562,-43.59538301560562,0.0,0.0,0.0,0.0,4.168530944845147,4.168530944845147,0.0
0.71355,1.4014434867913952,-1.25234445719248,-0.22764917580562383,45.27754559926761,-87727.56308723222,0.9987246663877815,-151.6412885427646,1.0,-44147.06314590799,0.9009304050175035,-44.72602495491893,-1344565.3361729768,118.26902632725074,-2.816899890457581,-1938.1936557914823,-37189.7276026717,-725.2461891034535,-13915.899547519144,18.187828569939715,62.381697182007755,1120.7234824349307,16.96558178218614,37.182359025501405,1118063.0429646105,30068.717798103942,-43.311563804267664,-43.311563804267664,0.0,0.0,0.0,0.0,4.140959871093556,4.140959871093556,0.0
0.7135535714285713,1.401436472384194,-1.2523160884362323,-0.2279398006801614,44.717656999576405,-86675.2720499494,0.9987204719579874,-150.3839085909272,1.0,-44076.78410345676,0.9007565434786908,-44.3360618090326,-1326019.548757447,117.28278972059496,-2.801835862001892,-1938.9222784762617,-37135.13552723797,-719.1750829403873,-13773.973546681727,18.152462138101434,61.85903157359533,1099.5576778317863,16.775216485948594,36.8568834107859,1099560.4046339148,29832.244237686587,-43.027578853782344,-43.027578853782344,0.0,0.0,0.0,0.0,4.113378640938671,4.113378640938671,0.0
0.7135571428571428,1.4014294580472082,-1.2522877478390035,-0.22428150145279346,44.16122182037779,-85628.4015344119,0.9987162133694668,-149.06988007449144,1.0,-44004.93371089779,0.9005789975313777,-43.94752865070857,-1307579.614843472,116.29954138858253,-2.7384994544523367,-1939.650877385876,-37079.28534784557,-713.1227214573372,-13632.391883113298,18.116473887207167,61.337986420133745,1078.6810098299572,16.585856217084558,36.53261913712805,1083567.9360003662,29659.286111245106,-42.74344057910365,-42.74344057910365,0.0,0.0,0.0,0.0,4.085788468554843,4.085788468554843,0.0
0.7135607142857142,1.4014224437804372,-1.2522594477451203,-0.2234372147568422,43.60825728597151,-84587.78405748498,0.9987119014785626,-147.80316681188523,1.0,-43931.51269392028,0.9003977347281541,-43.56043336423007,-1289247.2296894132,115.31930441253058,-2.7098844093440415,-1940.379452511352,-37022.177216565375,-707.0892576132918,-13491.167291741762,18.079864594860105,60.81857483236294,1058.0490469439383,16.396807634185574,36.209572633421224,1071391.5411403233,29587.62707347822,-42.45916868716605,-42.45916868716605,0.0,0.0,0.0,0.0,4.058191153697381,4.058191153697381,0.0
0.7135642857142857,1.40141542958388,-1.2522311291227959,-0.22536365636705114,43.05878036969261,-83553.44696048928,0.9987075355138787,-146.58228671654862,1.0,-43856.51594314522,0.9002127148918945,-43.17478381746984,-1271024.0692489254,114.34211497393564,-2.714779162877131,-1941.108003850971,-36963.80862451617,-701.0748442786296,-13350.31143242214,18.042633666536606,60.30080991308003,1037.6616502659951,16.20808811294113,35.88775031414418,1056791.0047161425,29446.123195672626,-42.174777273052214,-42.174777273052214,0.0,0.0,0.0,0.0,4.030588045063176,4.030588045063176,0.0
0.7135678571428571,1.401408415457535,-1.2522027904686672,-0.22670022994438455,42.51280776673356,-82525.0412318768,0.9987031087277665,-145.35606887865248,1.0,-43779.93590263659,0.9000238876391723,-42.79058786101949,-1252911.6134341112,113.3679984564849,-2.712296193113725,-1941.8365314059952,-36904.17349142099,-695.0796342188265,-13209.834605898597,18.004778669345747,59.78470475573908,1017.5394639550224,16.020063377620726,35.567158578556196,1041048.2201927387,29268.929389872526,-41.89027827937646,-41.89027827937646,0.0,0.0,0.0,0.0,4.002980318975063,4.002980318975063,0.0
0.7135714285714285,1.4014014014014016,-1.2521744315818677,-0.22791878279127786,41.97035589232838,-81502.66122362796,0.9986986210517549,-144.13174816031457,1.0,-43701.76516957836,0.8998312016401289,-42.40785332726077,-1234911.3051171738,112.39697998480015,-2.7081878936346557,-1942.565035177548,-36843.26582202405,-689.1037800776844,-13069.747106841764,17.9662972177694,59.270272443009425,997.6785027706785,15.832696420114884,35.24780380987233,1026298.2159191712,29115.657067630465,-41.60568379323194,-41.60568379323194,0.0,0.0,0.0,0.0,3.975369163914346,3.975369163914346,0.0
0.713575,1.4013943874154784,-1.2521460546232592,-0.22963981179890425,41.43144087770502,-80486.41550920736,0.9986940726906991,-142.9185611564414,1.0,-43621.99649644513,0.8996346045195175,-42.02658802936105,-1217024.5637233756,111.4290842432953,-2.709806047296378,-1943.2935151668532,-36781.0796786747,-683.1474343605261,-12930.059211019023,17.92718695946281,58.75752604533131,978.0739066161387,15.645934103174403,34.92969237443117,1011856.3712078375,28967.37339307703,-41.32100604448365,-41.32100604448365,0.0,0.0,0.0,0.0,3.9477557803647665,3.9477557803647665,0.0
0.7135785714285714,1.4013873734997648,-1.252117651527111,-0.23096977172485822,40.896078573083955,-79476.24251891207,0.9986894611222124,-141.70327504167926,1.0,-43540.62282769929,0.8994340438139582,-41.646799760256464,-1199252.8167395957,110.46433771267384,-2.706557106079596,-1944.021971375066,-36717.60956084492,-677.2107494170218,-12790.78130475718,17.887445770416594,58.24647861943985,958.7302565430899,15.459883571796086,34.612830620852606,995197.2501663857,28751.264183988063,-41.03625740402781,-41.03625740402781,0.0,0.0,0.0,0.0,3.92014138065307,3.92014138065307,0.0
0.7135821428571428,1.4013803596542596,-1.25208925241538,-0.22848893991010755,40.36428452371698,-78471.80695564164,0.998684779087251,-140.43621537864817,1.0,-43457.63718787402,0.8992294632153529,-41.2684962916256,-1181597.4093907813,109.502760120436,-2.658745225716869,-1944.750403803416,-36652.84897109067,-671.293877423928,-12651.923381178665,17.847071017137942,57.73714320688157,939.6674179340001,15.274920540613154,34.29722487918782,978433.3122534081,28527.06067254553,-40.751450382020934,-40.751450382020934,0.0,0.0,0.0,0.0,3.8925271887871298,3.8925271887871298,0.0
0.7135857142857143,1.4013733458789617,-1.2520608989596698,-0.2259951338500059,39.83607397599299,-77473.56951026393,0.998680032434033,-139.1735291544401,1.0,-43373.04029537639,0.8990208203821684,-40.89168537299728,-1164059.8094021191,108.54436934826757,-2.6111896745232572,-1945.478812446167,-36586.797243055094,-665.3969703675203,-12513.497389554965,17.806063067349637,57.229532832504674,920.8608080663445,15.090657436632489,33.982881460060064,965893.8667233424,28421.95371151953,-40.466604293178534,-40.466604293178534,0.0,0.0,0.0,0.0,3.86491497205132,3.86491497205132,0.0
0.7135892857142857,1.4013663321738696,-1.2520325496844713,-0.22732007500164286,39.31146190059484,-76481.97945178256,0.9986752273543981,-137.97029481639774,1.0,-43286.83192195518,0.898808075930417,-40.51637473055218,-1146641.580205916,107.58919779076884,-2.6078532772469774,-1946.20719729763,-36519.455259310096,-659.5201800259028,-12375.515690472896,17.764423084047014,56.72366050293861,902.2862960802363,14.906700803159428,33.669806653797025,953204.8279948096,28309.374270810207,-40.18173729480007,-40.18173729480007,0.0,0.0,0.0,0.0,3.837306409265892,3.837306409265892,0.0
0.7135928571428571,1.4013593185389828,-1.2520041741791579,-0.2290495273390718,38.790462960430276,-75496.69821266837,0.9986703566414628,-136.7766789211774,1.0,-43199.00377851767,0.8985911715651558,-40.14257206592038,-1129344.0582213472,106.63727567146914,-2.608908759865729,-1946.935558358961,-36450.817150319235,-653.6636579510102,-12237.988243362355,17.722148760302577,56.219539205047596,883.96372112047,14.723425229374783,33.35800672955444,938312.210849803,28127.545523029698,-39.89686037954198,-39.89686037954198,0.0,0.0,0.0,0.0,3.809702609841721,3.809702609841721,0.0
0.7135964285714286,1.4013523049743002,-1.2519757805849425,-0.23026453288292714,38.27309148677787,-74517.66337152499,0.9986654175492689,-135.5795773450363,1.0,-43109.54768906846,0.8983700450151395,-39.77028505526104,-1112168.4781615417,105.68862648450754,-2.603865628791506,-1947.6638956313448,-36380.8760692143,-647.8275554505044,-12100.924631776366,17.67923729079614,55.71718190437481,865.8973986176285,14.54094031718499,33.04748793443137,923743.8690989214,27951.014716873386,-39.61198473379159,-39.61198473379159,0.0,0.0,0.0,0.0,3.782104698945891,3.782104698945891,0.0
0.7136,1.4013452914798206,-1.2519473668389511,-0.23159695172310535,37.75936150091739,-73544.9778658818,0.9986604102234975,-134.3880617372322,1.0,-43018.45572004956,0.8981446338072079,-39.39952134818208,-1095116.0686367056,104.74327544184084,-2.599944646196362,-1948.3922091160125,-36309.625643926534,-642.0120235694176,-11964.334555249332,17.635686118043065,55.21660154356501,848.0822885393695,14.359190258571893,32.73825649257629,910125.685975166,27799.065839839262,-39.32712173514899,-39.32712173514899,0.0,0.0,0.0,0.0,3.7545138172804045,3.7545138172804045,0.0
0.7136035714285714,1.401338278055543,-1.2519189330715625,-0.2335293483363614,37.249286701779695,-72578.72615707167,0.9986553345383266,-133.2088603102438,1.0,-42925.72015146654,0.897914874272755,-39.030288566650654,-1078188.035415408,103.8012473373818,-2.6024955818326947,-1949.1204988141544,-36237.059611731784,-636.2172130715676,-11828.227700704349,17.59149274443444,54.71781104076768,830.5143107303501,14.178134777934973,32.430318604285695,895465.3074934123,27610.979962943555,-39.04228294986749,-39.04228294986749,0.0,0.0,0.0,0.0,3.7269311208570937,3.7269311208570937,0.0
0.7136071428571428,1.4013312647014666,-1.2518904806785363,-0.23269371993231402,36.74288045900469,-71618.5942150237,0.9986501829210634,-131.99517708560822,1.0,-42831.33347995873,0.8976807015872692,-38.66259430390364,-1061385.5778488407,102.86256671296223,-2.5741141491412884,-1949.848764726966,-36163.17184770444,-630.4432744209896,-11692.613748076108,17.5466547467174,54.22082328804136,813.2118957442098,13.998147324767146,32.123680445102956,878664.6068667871,27351.55097461081,-38.75748013026394,-38.75748013026394,0.0,0.0,0.0,0.0,3.6993577807701676,3.6993577807701676,0.0
0.7136107142857142,1.40132425141759,-1.2518620687437285,-0.2290306170999088,36.2401557934804,-70664.61720791958,0.9986449539607657,-130.7470747398399,1.0,-42735.29014267351,0.8974420492996797,-38.296446123348254,-1044709.8061089738,101.92724867647352,-2.51482845351531,-1950.57700685278,-36087.956203555594,-624.6903577622264,-11557.502314702615,17.501169693260582,53.725651149660344,796.1737106318595,13.819247297980732,31.818348164861465,865377.8165435955,27196.446330644965,-38.47272678630189,-38.47272678630189,0.0,0.0,0.0,0.0,3.6717951080126547,3.6717951080126547,0.0
0.7136142857142856,1.401317238203912,-1.2518336850706737,-0.2293177323929001,35.74112540896689,-69717.52041270744,0.9986396597487396,-129.55792725796854,1.0,-42637.591651920135,0.8971988699434195,-37.93185155759027,-1028162.0562164185,100.9953201368495,-2.499200583492197,-1951.305225182728,-36011.41413614639,-618.9586129022589,-11422.905373643267,17.455039053551523,53.23230746056205,779.3592736170825,13.640719345004582,31.514327886814762,854316.1308788607,27107.81647062817,-38.18804223730022,-38.18804223730022,0.0,0.0,0.0,0.0,3.6442448742762004,3.6442448742762004,0.0
0.7136178571428571,1.4013102250604317,-1.2518052738433756,-0.23136016734247278,35.24580168217408,-68777.10541871682,0.9986342950368189,-128.39683469605455,1.0,-42538.23638903865,0.8969511111712175,-37.5688181069334,-1011743.6600335113,100.06681484865597,-2.50252031786084,-1952.0334197171376,-35933.5457826064,-613.2481892903577,-11288.834332128765,17.408263618669707,52.74080502461602,762.7803623781047,13.46281227641648,31.211625706663106,840545.5489728373,26929.527646094266,-37.90344290524118,-37.90344290524118,0.0,0.0,0.0,0.0,3.616708620188497,3.616708620188497,0.0
0.7136214285714285,1.4013032119871482,-1.2517768450592046,-0.23256388661010874,34.754196618623666,-67843.14175283843,0.9986288535440399,-127.22842950873499,1.0,-42437.22227750078,0.8966987133439079,-37.207353238417504,-995455.7980469301,99.14175575325768,-2.4965114913465554,-1952.7615904571744,-35854.34911782006,-607.559235998687,-11155.299788620398,17.3608430711841,52.251156612957516,746.4505487692834,13.285818671890885,30.9102476916191,826417.4932986659,26735.035943275143,-37.61894484899244,-37.61894484899244,0.0,0.0,0.0,0.0,3.589187857782562,3.589187857782562,0.0
0.713625,1.4012961989840604,-1.2517483952832993,-0.2337587338878393,34.266321874724625,-66915.74418853616,0.9986233357172647,-126.06406830787905,1.0,-42334.54742434886,0.8964416167015022,-36.84746438468488,-979299.6287311232,98.22016789818508,-2.49022149228654,-1953.4897374040895,-35773.82262847808,-601.8919017025529,-11022.312388309461,17.31277735608502,51.763374962290506,730.3637091225618,13.109661699118922,30.61019987945643,813476.6376420803,26574.34550070131,-37.33456414921959,-37.33456414921959,0.0,0.0,0.0,0.0,3.561684101095951,3.561684101095951,0.0
0.7136285714285714,1.4012891860511671,-1.2517199281117979,-0.23578166803540057,33.78218875479755,-65995.02447157855,0.9986177420423032,-124.91486015408894,1.0,-42230.2100855896,0.8961797597470545,-36.48915894281781,-963276.2687242542,97.30207515362667,-2.492501371587934,-1954.217860559104,-35691.964729615735,-596.2463346603662,-10889.882636100701,17.264066381730963,51.27747277316646,714.5137887975212,12.934262945412295,30.311488277549362,800281.0157330196,26400.904400245476,-37.05031690729551,-37.05031690729551,0.0,0.0,0.0,0.0,3.5341988660590493,3.5341988660590493,0.0
0.7136321428571428,1.4012821731884677,-1.2516914327579545,-0.23626202543087516,33.301808196798795,-65080.78142835147,0.9986120664707128,-123.74945722652035,1.0,-42124.208698369875,0.8959130808749816,-36.13244427316792,-947386.8379860811,96.38750355855852,-2.4782823595035777,-1954.9459599234017,-35608.77436837879,-590.6226826934559,-10758.021078854732,17.21471032875712,50.79346270825012,698.9125862360495,12.759892493459178,30.014118861905487,784542.4380336299,26138.112783663513,-36.76621924418821,-36.76621924418821,0.0,0.0,0.0,0.0,3.5067336703814425,3.5067336703814425,0.0
0.7136357142857143,1.4012751603959603,-1.2516629623997682,-0.23270310588077336,32.825190762141986,-64172.80979874125,0.99860630242854,-122.53583504136819,1.0,-42016.54116041777,0.8956415108983803,-35.777327698185736,-931632.316327145,95.47646926009136,-2.4219576506439924,-1955.6740354976791,-35524.24834232304,-585.0210931657176,-10626.737494025967,17.16470827833169,50.3113573905712,683.5721066503263,12.586834903771328,29.71809757618958,770689.9679358683,25932.35478356301,-36.48228683799151,-36.48228683799151,0.0,0.0,0.0,0.0,3.479289995882766,3.479289995882766,0.0
0.7136392857142857,1.4012681476736446,-1.2516345340835977,-0.23162012606121607,32.35234665267538,-63271.764929754165,0.9986004619958282,-121.35947181284018,1.0,-41907.19818581533,0.8953649655599596,-35.42381650138573,-916013.5223108663,94.5689940988277,-2.3917947800883548,-1956.402087273245,-35438.37869037032,-579.4417129629461,-10496.040147655884,17.114056880691088,49.83116940174919,668.4547690613861,12.414390572939709,29.423430330740114,760277.2479120926,25838.17780374484,-36.198529327920184,-36.198529327920184,0.0,0.0,0.0,0.0,3.451868834265815,3.451868834265815,0.0
0.7136428571428571,1.4012611350215194,-1.2516060899236707,-0.23349021708952478,31.883285703027624,-62377.71228352215,0.9985945450614039,-120.22576219948974,1.0,-41796.179260475205,0.8950833838729504,-35.07191792585642,-900531.557680275,93.66511115017772,-2.3920774232828848,-1957.130115247872,-35351.16646339647,-573.8846884721011,-10365.939900936144,17.06275739562631,49.35291128021214,653.5568576523124,12.24251884436154,29.130123001577346,748029.032068589,25677.88340286392,-35.914963364922144,-35.914963364922144,0.0,0.0,0.0,0.0,3.4244717510452762,3.4244717510452762,0.0
0.7136464285714286,1.4012541224395834,-1.2515776250178288,-0.23486387161190692,31.41801736477509,-61490.35067779685,0.9985885431200944,-119.08995347958346,1.0,-41683.487391418115,0.8947967071506255,-34.72163917310928,-885187.49403601,92.76484522027953,-2.387026384877213,-1957.8581194228163,-35262.61409955975,-568.3501655603187,-10236.44786246448,17.010811789546473,48.87659551939396,638.8957564060802,12.071609215346637,28.838181429404894,734720.2819667071,25476.344463113353,-35.6316083981156,-35.6316083981156,0.0,0.0,0.0,0.0,3.397100539812331,3.397100539812331,0.0
0.71365,1.401247109927836,-1.2515491402253538,-0.23609875033221783,30.95655069272999,-60609.74037365578,0.9985824555414518,-117.95674253277835,1.0,-41569.12565967584,0.8945048748564579,-34.37298740192188,-869982.3400557586,91.8682201569267,-2.3803704429909867,-1958.5860997992352,-35172.72394195452,-562.8382895536777,-10107.574941159144,16.958221977353922,48.40223456591056,624.4679937762098,11.901635624401923,28.547611418602017,722210.2009146136,25297.445825278795,-35.34848376499423,-35.34848376499423,0.0,0.0,0.0,0.0,3.3697569825429774,3.3697569825429774,0.0
0.7136535714285714,1.401240097486275,-1.2515206369363658,-0.23774063620683705,30.498894362667492,-59735.95674158038,0.9985762821010216,-116.8330344611271,1.0,-41453.097263324365,0.8942078250592996,-34.02596972711026,-854917.0643826347,90.97525964782882,-2.37760327189588,-1959.3140563785155,-35081.49841348078,-557.3492052159302,-9979.331896734015,16.904989911787506,47.92984081773293,610.2691357675005,11.732550856745492,28.25841873621024,710082.764256186,25127.18466187878,-35.06560869164032,-35.06560869164032,0.0,0.0,0.0,0.0,3.3424428470927374,3.3424428470927374,0.0
0.7136571428571429,1.401233085114901,-1.2514921087276485,-0.23920117170519006,30.045056658346866,-58868.97029445688,0.9985700201195198,-115.71143290093724,1.0,-41335.4055239912,0.8939054950486074,-33.68059321828964,-839992.6112958612,90.08598842204484,-2.3727910572579174,-1960.0419891616964,-34988.94024247595,-551.8830567267598,-9851.729401422825,16.851117698473697,47.45942662232006,596.3007408437903,11.564432048223512,27.97060911091079,696295.5759896884,24892.829563335363,-34.783002292816576,-34.783002292816576,0.0,0.0,0.0,0.0,3.3151598988452697,3.3151598988452697,0.0
0.7136607142857142,1.4012260728137125,-1.251463580065012,-0.23700193403425374,29.59504544479412,-58008.49504388021,0.9985636604307944,-114.54919397970838,1.0,-41216.053780042064,0.8935978181231188,-33.33686489863876,-825209.8538841502,89.20042667407147,-2.33175676650272,-1960.7698981500805,-34895.05135594603,-546.4399876603708,-9724.777726515083,16.79660703118113,46.9910042747797,582.57919909664,11.397675003709447,27.68418823200482,682076.201620455,24636.753359584807,-34.50068357219219,-34.50068357219219,0.0,0.0,0.0,0.0,3.2879098944487675,3.2879098944487675,0.0
0.7136642857142856,1.401219060582707,-1.2514350969401176,-0.23423456184858082,29.14886820093507,-57154.836789171495,0.9985572081513089,-113.38521200370064,1.0,-41095.035859580326,0.8932847021345828,-32.994791743705306,-810569.3972787916,88.31859159900915,-2.2855574143425477,-1961.4977833388189,-34799.82552407563,-541.0201409627844,-9598.484724498692,16.74145544270773,46.52458601591867,569.0863689863666,11.231949120227533,27.399161748341488,671456.7142377084,24505.469227232934,-34.21866387937192,-34.21866387937192,0.0,0.0,0.0,0.0,3.2606939623485163,3.2606939623485163,0.0
0.7136678571428571,1.401212048421885,-1.2514066225318057,-0.2354201289874709,28.70653200763235,-56308.41462479325,0.9985506719270895,-112.27444050091502,1.0,-40972.343707564694,0.8929660545627484,-32.654380680120944,-796071.8835318781,87.44051211961704,-2.2780801264148614,-1962.2256447213024,-34703.25719262119,-535.6236589306639,-9472.858355677898,16.68566081376953,46.060184030424494,555.7973451794545,11.066763450452768,27.115535267327658,661130.5432054633,24380.98385860669,-33.936952922386325,-33.936952922386325,0.0,0.0,0.0,0.0,3.233513095230557,3.233513095230557,0.0
0.7136714285714285,1.401205036331245,-1.2513781207712291,-0.23723430721636873,28.268043531910216,-55468.95188211121,0.9985440429593468,-111.17579139415835,1.0,-40847.98135966105,0.8926418087868075,-32.315638584132685,-781718.1684094267,86.56621674138287,-2.276467614997186,-1962.9534822987976,-34605.350437813955,-530.250683188418,-9347.909095704355,16.62922593422231,45.59781044489886,542.727782247139,10.902496566210784,26.833314353842134,648803.0575731477,24178.013036466316,-33.655569811632006,-33.655569811632006,0.0,0.0,0.0,0.0,3.20636905663083,3.20636905663083,0.0
0.713675,1.4011980243107858,-1.251349601285754,-0.23843643525611924,27.833409023933868,-54636.36131632021,0.9985373168551173,-110.07433143626486,1.0,-40721.95291207722,0.8923118929928269,-31.978572280462668,-767509.0006731331,85.69572740020091,-2.268764156086941,-1963.6812960725213,-34506.108184797835,-524.9013546657949,-9223.64691595858,16.572153003551083,45.13747732593363,529.8822734220539,10.739297471053202,26.552504529186958,636697.1703053402,23977.799047203705,-33.37453357115153,-33.37453357115153,0.0,0.0,0.0,0.0,3.179263602844369,3.179263602844369,0.0
0.7136785714285714,1.4011910123605065,-1.2513210613700085,-0.2397366449052356,27.402634314385313,-53810.724676509315,0.9985304936053584,-108.97866118159999,1.0,-40594.262604858384,0.8919762347506565,-31.64318854101772,-753445.0972529957,84.82906764436429,-2.2618193756981197,-1964.409086043726,-34405.53379660663,-519.575813575219,-9100.081719670721,16.51444444084637,44.679196678164715,517.25548380115,10.577099013822227,26.27311127002318,625498.5702217625,23806.556090071346,-33.09386311161403,-33.09386311161403,0.0,0.0,0.0,0.0,3.1521984806836363,3.1521984806836363,0.0
0.7136821428571428,1.401184000480406,-1.251292502143291,-0.24171299979832384,26.975724814628624,-52992.1093498862,0.9985235729170285,-107.89554759802414,1.0,-40464.91479834472,0.8916347596856286,-31.30949408359056,-739527.1305409498,83.96626037694708,-2.261018547216531,-1965.1368522136647,-34303.630632871595,-514.2741993889192,-8977.2232198387,16.456102659837473,44.22298044230794,504.8428216136783,10.415847972351887,25.995140007300165,613565.8323655687,23602.097817255923,-32.81357723034064,-32.81357723034064,0.0,0.0,0.0,0.0,3.1251754274549413,3.1251754274549413,0.0
0.7136857142857143,1.4011769886704832,-1.2512639219491601,-0.24111029254481764,26.552685510178165,-52180.26134532028,0.9985165454757194,-106.78704359689155,1.0,-40333.91398384405,0.8912873919710113,-30.977495570552637,-725755.749588962,83.107328755172,-2.2360122647973975,-1965.864594583564,-34200.402229948115,-508.9966508158796,-8855.080985517776,16.397130160530157,43.768840493179994,492.658490278636,10.255918245204633,25.718596125178323,599726.6575629964,23317.7944880035,-32.53369461131554,-32.53369461131554,0.0,0.0,0.0,0.0,3.09819617093349,3.09819617093349,0.0
0.7136892857142857,1.4011699769307373,-1.2512353803945833,-0.23737970585250423,26.13352094621074,-51375.159571833385,0.9985094079997147,-105.64763970288033,1.0,-40201.261054182134,0.8909340403028106,-30.647199607576653,-712131.4225100515,82.2522877480558,-2.1823768708137643,-1966.592313152239,-34095.84767476491,-503.74330577862054,-8733.663254017185,16.33752717669931,43.316788637704676,480.7029473915273,10.097381927641425,25.443484959944826,588715.5243602237,23137.163867372215,-32.25423111280084,-32.25423111280084,0.0,0.0,0.0,0.0,3.071262207880026,3.071262207880026,0.0
0.7136928571428571,1.4011629652611668,-1.2512068699973018,-0.23746989139479524,25.718235250792354,-50577.394245405005,0.9985021752365988,-104.55754276381379,1.0,-40066.94572520108,0.8905745890714383,-30.31861274239637,-698654.4472516524,81.4011612490668,-2.1641909488789017,-1967.3200079106143,-33989.95885842099,-498.5143013898164,-8612.97629589513,16.27729028411596,42.86683661290525,468.9404561391389,9.939469603828016,25.169811798924183,579839.2848734448,23036.09258955319,-31.97519392122122,-31.97519392122122,0.0,0.0,0.0,0.0,3.044374325665113,3.044374325665113,0.0
0.7136964285714286,1.401155953661771,-1.2511783330552355,-0.23952020470599678,25.30683212261945,-49786.82150674556,0.9984948412111421,-103.49460578730799,1.0,-39930.97161709066,0.8902089575809273,-29.991741463207973,-685325.4038346423,80.5539794437201,-2.1637299771151444,-1968.047678858727,-33882.74006294418,-493.30977392869687,-8493.029422045638,16.216422359539997,42.41899608387827,457.3785184481586,9.782398469396817,24.897581879381516,568749.5013655602,22842.56384973112,-31.69660057488539,-31.69660057488539,0.0,0.0,0.0,0.0,3.0175341552128225,3.0175341552128225,0.0
0.7137,1.4011489421325487,-1.2511497782852183,-0.2407396680100078,24.899314809860524,-49003.22882442354,0.9984873973679801,-102.42700267588718,1.0,-39793.344052447224,0.88983706190301,-29.666592197460783,-672144.7863241448,79.71076360600367,-2.155536059788553,-1968.7753259978615,-33774.19522303575,-488.12985881735017,-8373.83165472888,16.154926099003962,41.97327864175898,446.0286768675954,9.626491217768342,24.6268003874204,557294.6266685505,22628.599375533246,-31.418469796723794,-31.418469796723794,0.0,0.0,0.0,0.0,2.990743423819465,2.990743423819465,0.0
0.7137035714285714,1.401141930673499,-1.2511212026062695,-0.241929084796368,24.4956861205158,-48226.69551503992,0.9984798437621273,-101.36390401342246,1.0,-39654.068519709275,0.8894588172126227,-29.34317131053044,-659113.0486576005,78.87153640426979,-2.1469163261823367,-1969.5029493292511,-33664.32870809988,-482.97469059680117,-8255.39192387645,16.092804415228144,41.529695801667565,434.88520115138687,9.471668350961643,24.35747245687516,546854.0839508806,22450.18350925303,-31.140820190803694,-31.140820190803694,0.0,0.0,0.0,0.0,2.964003848769126,2.964003848769126,0.0
0.7137071428571429,1.4011349192846203,-1.2510926095983752,-0.24392706377736317,24.095948419842085,-47457.300285141326,0.9984721805756278,-100.31457526987316,1.0,-39513.150640045475,0.8890741362194479,-29.021485104365635,-646230.5967840428,78.0363195154342,-2.145254974144217,-1970.230548854184,-33553.14482466463,-477.8444029029609,-8137.718940345723,16.030060184671253,41.0882590006443,423.94229686225685,9.317845223269476,24.089603168196547,536318.9935452358,22262.504707843927,-30.86367024222126,-30.86367024222126,0.0,0.0,0.0,0.0,2.937317137295997,2.937317137295997,0.0
0.7137107142857142,1.401127907965913,-1.2510639880666239,-0.24458381593365175,23.700103621795,-46694.88745060051,0.9984644004797651,-99.25536540121057,1.0,-39370.59620210993,0.8886829308935075,-28.701539816138617,-633497.8211626636,77.20513631106161,-2.1316253158143765,-1970.958124573804,-33440.648386342655,-472.7391284425274,-8020.821333345719,15.96669653677893,40.64897959558079,413.20800698777055,9.16527379281848,23.82319754734095,523733.75964959484,21983.192449768438,-30.587038316987623,-30.587038316987623,0.0,0.0,0.0,0.0,2.9106849865459568,2.9106849865459568,0.0
0.7137142857142856,1.401120896717374,-1.2510353882090266,-0.2411567566734334,23.308153182399245,-45939.262281706564,0.9984564942768169,-98.1570683677473,1.0,-39226.41043946469,0.8882851045664113,-28.383341616845048,-620915.0025934539,76.37800245518632,-2.08266244116666,-1971.6856764891493,-33326.842220558574,-467.6589989680536,-7904.707052183355,15.902715588978404,40.21186886107926,402.6926634691248,9.01427376728784,23.558260564612674,512493.3559867325,21753.295253723394,-30.310942249262805,-30.310942249262805,0.0,0.0,0.0,0.0,2.8841090499820092,2.8841090499820092,0.0
0.7137178571428571,1.4011138855390035,-1.251006831586231,-0.23982751843422534,22.920098114270182,-45190.91244481548,0.9984484755644348,-97.08709910866276,1.0,-39080.58603074114,0.8878805283402755,-28.066896610114306,-608482.1970312473,75.55493717872284,-2.052232228625522,-1972.413204591844,-33211.71985265258,-462.6041452542617,-7789.381676766672,15.838114739515325,39.77693798741967,392.36580813965094,8.864153149841378,23.29479713358342,504233.3401229773,21644.749359029145,-30.035390526790813,-30.035390526790813,0.0,0.0,0.0,0.0,2.8575902204290076,2.8575902204290076,0.0
0.7137214285714285,1.4011068744308004,-1.2509782622321353,-0.24162062809389795,22.535938976780635,-44449.9189471763,0.9984403451741177,-96.0557319143072,1.0,-38933.12396332262,0.8874690973547257,-27.75221083057704,-596199.6418007008,74.7359689269993,-2.048524308649592,-1973.1407088790916,-33095.28338612577,-457.57469707278227,-7674.852686277599,15.772895737844589,39.34419807839106,382.22112479278826,8.714802778067419,23.03281210992432,494681.90776120574,21476.26927134783,-29.760397485692145,-29.760397485692145,0.0,0.0,0.0,0.0,2.831129865407397,2.831129865407397,0.0
0.7137249999999999,1.4010998633927634,-1.2509496713169097,-0.24305009483583717,22.15567586780688,-43716.025173206544,0.9984320920182245,-95.0254414543363,1.0,-38784.031004744116,0.8870507150100645,-27.43929024251412,-584067.5858488923,73.92112011711157,-2.0415214129032706,-1973.86818935218,-32977.53835612642,-452.5707831674736,-7561.128165131322,15.707062069301388,38.91366014917294,372.2724331537837,8.56662600553898,22.772310290274074,484165.75812885317,21260.16111880127,-29.485981520020204,-29.485981520020204,0.0,0.0,0.0,0.0,2.804729681858321,2.804729681858321,0.0
0.7137285714285714,1.4010928524248916,-1.250921060742739,-0.24429287355445695,21.779308421294807,-42989.252771820684,0.9984237143521102,-93.99820581505428,1.0,-38633.31405219052,0.886625281578003,-27.12814073852422,-572086.2145023633,73.11041169749082,-2.032783796589758,-1974.595646012356,-32858.490133528496,-447.5925312294248,-7448.215942815399,15.64061713084669,38.48533512418968,362.51690705151105,8.419611545064956,22.51329641109463,474263.9126530452,21064.947162643242,-29.212160896908166,-29.212160896908166,0.0,0.0,0.0,0.0,2.7783913558740716,2.7783913558740716,0.0
0.7137321428571428,1.4010858415271836,-1.2508924314181105,-0.24586203553764108,21.406835809203308,-42269.6462005419,0.9984152113128933,-92.97939860382907,1.0,-38480.980165457295,0.8861926951607981,-26.818768138126195,-560255.6724160712,72.30386456895152,-2.026586450262237,-1975.32307886092,-32738.144244732248,-442.64006787185184,-7336.123667852445,15.573564393127457,38.05923383495569,352.95027523110906,8.27370941731728,22.255775147521767,464787.6679104095,20882.912819462716,-28.93895375634593,-28.93895375634593,0.0,0.0,0.0,0.0,2.752116562648813,2.752116562648813,0.0
0.7137357142857143,1.401078830699639,-1.25086377818367,-0.24744281878159313,21.03825673729047,-41557.18815050439,0.9984065797910794,-91.96573783836494,1.0,-38327.03657527739,0.8857528520677683,-26.511178186356627,-548576.0717745714,71.50150015414734,-2.020284905377503,-1976.050487899103,-32616.506502166754,-437.71351860481576,-7224.858834876707,15.50590746638461,37.63536701790549,343.571894870884,8.128963581182177,21.999751112211946,454103.6843250268,20640.31007704702,-28.666378110940578,-28.666378110940578,0.0,0.0,0.0,0.0,2.7259069664276545,2.7259069664276545,0.0
0.7137392857142857,1.4010718199422558,-1.2508351205033934,-0.24550731436150386,20.673569442047008,-40851.63421263578,0.9983978076599346,-90.92156145217739,1.0,-38171.49062265631,0.88530564411269,-26.205376552361106,-537047.4730741022,70.7033368850739,-1.9853492269585038,-1976.777873128229,-32493.582204057435,-432.8130078098568,-7114.428605981598,15.437649695378623,37.21374531221645,334.39472568692963,7.985785302753582,21.745228854184155,442818.9412576498,20362.958651667344,-28.394451845660853,-28.394451845660853,0.0,0.0,0.0,0.0,2.699764220454247,2.699764220454247,0.0
0.7137428571428571,1.401064809255034,-1.2508065079881738,-0.2425099048122945,20.312771687156413,-40153.16845820351,0.9983888990019412,-89.87250871935439,1.0,-38014.34263384656,0.8848509389664251,-25.90136882805409,-525669.7608071108,69.9093897375747,-1.9422580955561066,-1977.505234543987,-32369.37031605025,-427.9386587144324,-7004.838558455499,15.368791217644805,36.794379257615,325.4058522223034,7.843901128049527,21.49221285765886,434496.7103569925,20215.471576688178,-28.123187777314016,-28.123187777314016,0.0,0.0,0.0,0.0,2.67368956537013,2.67368956537013,0.0
0.7137464285714286,1.4010577986379718,-1.250777908299265,-0.24354492075562462,19.955860773391507,-39462.14867021369,0.9983798657358728,-88.86945464003325,1.0,-37855.58957739734,0.8843885983502842,-25.599160526661915,-514442.80258002115,69.11968280508937,-1.9316637612029373,-1978.2325721392992,-32243.869122173324,-423.09059336631026,-6896.09397370965,15.299331825936006,36.377279292178805,316.5817290076699,7.702732451894379,21.24070754089236,426729.0255014151,20089.15117221879,-27.852596151182766,-27.852596151182766,0.0,0.0,0.0,0.0,2.6476840316353236,2.6476840316353236,0.0
0.71375,1.4010507880910683,-1.250749280653577,-0.24542628463251503,19.602833533449356,-38778.34982957103,0.9983706966754187,-87.87995491438976,1.0,-37695.23931095168,0.8839185104351956,-25.298757081154847,-503366.6005068837,68.33424074594163,-1.9276065113026295,-1978.9598859153357,-32117.08580292893,-418.26893260775046,-6788.201869513457,15.229275808728023,35.96245575012111,307.93394905917546,7.562650759970375,20.9907172550078,417239.5741452486,19876.33763817465,-27.58269459780996,-27.58269459780996,0.0,0.0,0.0,0.0,2.6217492489678564,2.6217492489678564,0.0
0.7137535714285714,1.4010437776143227,-1.2507206354523726,-0.24662500085122474,19.253686314870027,-38101.667944004905,0.9983613848992055,-86.88891782657366,1.0,-37533.29986277126,0.883440556579192,-25.000163842930988,-492441.06952161697,67.55308228711212,-1.9180013135409175,-1979.687175873349,-31989.026431074693,-413.4737960496328,-6681.16879857723,15.158626888595453,35.54991885957034,299.46677712337856,7.423838555197139,20.742246282823327,407880.97532232135,19663.26247961813,-27.313500703183408,-27.313500703183408,0.0,0.0,0.0,0.0,2.595886842743723,2.595886842743723,0.0
0.7137571428571429,1.4010367672077335,-1.2506919696369785,-0.24789435146033156,18.908414995665094,-37432.155256023405,0.9983519299344846,-85.90382278854128,1.0,-37369.779483314174,0.882954616667153,-24.703386080385968,-481666.08963951387,66.77622744292907,-1.9088084204381743,-1980.4144420146777,-31859.697583299254,-408.7053020454538,-6575.001195513716,15.087389037058498,35.13967874033859,291.17497359218106,7.286216153078452,20.495298837676277,399340.60849279346,19483.49796490355,-27.045031929544464,-27.045031929544464,0.0,0.0,0.0,0.0,2.570098427528431,2.570098427528431,0.0
0.7137607142857143,1.4010297568713004,-1.2506632850848898,-0.24991085279552294,18.567014974199058,-36769.855633017876,0.9983423311165999,-84.93112592032847,1.0,-37204.68659279013,0.8824605673928815,-24.408428977478486,-471041.4980663413,66.00369548537257,-1.9051709003258757,-1981.1416843405104,-31729.105853821056,-403.9635676651673,-6469.705271888215,15.01556622861285,34.73174540167679,283.0537180581795,7.1497118784164,20.249879062245235,390310.7624858864,19273.720668016183,-26.777305614837623,-26.777305614837623,0.0,0.0,0.0,0.0,2.5443856069984943,2.5443856069984943,0.0
0.7137642857142856,1.4010227466050218,-1.2506345774839778,-0.2495256297108881,18.229481171934964,-36114.560355469046,0.9983325763221567,-83.94091847717857,1.0,-37038.0298131154,0.8819582831936355,-24.11529763230102,-460567.10963520757,65.23550613095118,-1.8831550578755518,-1981.8689028521944,-31597.258145990163,-399.24870866916376,-6365.287075304402,14.943162587856929,34.32612874004187,275.1134826020337,7.014695880374949,20.00599102737651,379655.51508526667,18976.09114063583,-26.510338972151544,-26.510338972151544,0.0,0.0,0.0,0.0,2.5187499738623567,2.5187499738623567,0.0
0.7137678571428571,1.4010157364088969,-1.2506059066251063,-0.24575668973190545,17.895808025653135,-35466.20906746222,0.998322659409615,-82.92473673931886,1.0,-36869.81659583712,0.8814476264250509,-23.823997055626425,-450242.6331446269,64.47167225084827,-1.8359761458397903,-1982.5960975489763,-31464.158914835087,-394.5608394812989,-6261.751937451117,14.870180998405713,33.92283853678222,267.35568329348695,6.881288678233563,19.763638730870756,371197.4659487699,18780.838253750324,-26.244148275529042,-26.244148275529042,0.0,0.0,0.0,0.0,2.493193042922808,2.493193042922808,0.0
0.7137714285714285,1.4010087262829238,-1.250577269443543,-0.24564615292376857,17.565989499739487,-34825.25461677119,0.9983125988234468,-81.94869508169639,1.0,-36700.04832783436,0.8809284436812229,-23.53453216959301,-440067.69341482717,63.71221319150144,-1.8164807037268642,-1983.323268421708,-31329.80926697533,-389.90007316339916,-6159.104327510809,14.796622651388049,33.52188445595031,259.75032634552304,6.74867912592593,19.522826096342445,364670.4005686089,18678.180912077532,-25.978745451441075,-25.978745451441075,0.0,0.0,0.0,0.0,2.467715972547091,2.467715972547091,0.0
0.7137749999999999,1.4010017162271025,-1.250548607101047,-0.24769091602260573,17.24001908665757,-34191.58955848264,0.9983023874235277,-80.99801882324114,1.0,-36528.7303661282,0.880400593373259,-23.24690780600974,-430041.98814727424,62.957153674617686,-1.8128347635017106,-1984.0504154700775,-31194.214785495722,-385.26652138808913,-6057.349412158667,14.722490992299171,33.12327604197109,252.30148563794612,6.617045044646262,19.283556972002167,356408.7740687496,18481.522419811874,-25.714144821534084,-25.714144821534084,0.0,0.0,0.0,0.0,2.4423201193045396,2.4423201193045396,0.0
0.7137785714285714,1.4009947062414316,-1.2505199265144915,-0.24893238523378614,16.91788978591611,-33565.01951548117,0.9982920130915759,-80.04532024509466,1.0,-36355.86898875519,0.8798639270339178,-22.961128705009557,-420165.14561520756,62.20651136789037,-1.80312058431752,-1984.777538695373,-31057.38023610939,-380.6602944123933,-5956.491986565933,14.64778904971079,32.72702271737696,245.01852651648102,6.486734391710625,19.04583512947521,347793.3482439414,18259.861016574625,-25.450361219256102,-25.450361219256102,0.0,0.0,0.0,0.0,2.4170068809281404,2.4170068809281404,0.0
0.7137821428571428,1.4009876963259098,-1.250491225188756,-0.2501176441861901,16.599594121720905,-32945.585786847005,0.9982814750433368,-79.09754904663923,1.0,-36181.470791653104,0.8793182938089593,-22.67719951361575,-410436.7563951945,61.46030466508149,-1.7928773272190273,-1985.504638098945,-30919.310859883244,-376.08150105102885,-5856.5367295147025,14.572520087128813,32.333133780516405,237.89636704999418,6.357665009054828,18.80966426261049,340004.15327140404,18075.035197888043,-25.18740945447826,-25.18740945447826,0.0,0.0,0.0,0.0,2.3917776521422294,2.3917776521422294,0.0
0.7137857142857142,1.4009806864805363,-1.250462506516676,-0.25207968927594493,16.285124138242228,-32333.331674258647,0.9982707728100133,-78.16213378024591,1.0,-36005.54265090858,0.8787635389694809,-22.39512478428867,-400856.3734011997,60.71855113956342,-1.788028124437539,-1986.23171368204,-30780.01198559651,-371.5302486496129,-5757.488125716931,14.496687407400765,31.941618403255294,230.92972039084307,6.229743886969363,18.57504798628873,332231.74821754725,17884.916012856916,-24.92530431101499,-24.92530431101499,0.0,0.0,0.0,0.0,2.3666338244273573,2.3666338244273573,0.0
0.7137892857142857,1.4009736767053105,-1.2504337592760477,-0.2529073526732475,15.974471395169292,-31728.132437322758,0.9982598969950841,-77.22210867655117,1.0,-35828.091755441885,0.8781995056578534,-22.1149089734709,-391423.5332382226,59.98126954172009,-1.7749875200372318,-1986.9587654459192,-30639.489528998678,-367.00664305784136,-5659.350557544194,14.420294603910651,31.5524856286758,224.12356354674117,6.103198340198316,18.341989835229565,322874.57979419373,17602.02904399427,-24.664060544118897,-24.664060544118897,0.0,0.0,0.0,0.0,2.3415767857829555,2.3415767857829555,0.0
0.7137928571428571,1.4009666670002303,-1.250405030114523,-0.24964270679220135,15.667626969837055,-31129.80595322634,0.9982488342344078,-76.2521307205463,1.0,-35649.1255965723,0.877626028561769,-21.83655644013435,-382137.7073000935,59.24847283961732,-1.7334721174998624,-1987.6857933917456,-30497.74832353627,-362.51078860261185,-5562.127994336466,14.343344720241499,31.1657443687706,217.48638491768975,5.978379285418908,18.11049326279824,314400.9917278088,17359.15619042454,-24.403692959231257,-24.403692959231257,0.0,0.0,0.0,0.0,2.316607926819933,2.316607926819933,0.0
0.7137964285714286,1.4009596573652952,-1.2503763451746774,-0.2480539979733578,15.364581464247678,-30538.688372176664,0.998237599999787,-75.30291065599958,1.0,-35468.65602381315,0.8770429528053543,-21.560071444416614,-372998.36416257836,58.52017588777789,-1.7040205684336824,-1988.4127975116244,-30354.79717505532,-358.0427880609899,-5465.824915824165,14.265842793328666,30.781403402123797,210.99470554995582,5.854616171769414,17.880561639811074,308412.0913941754,17247.456598113557,-24.144218876473147,-24.144218876473147,0.0,0.0,0.0,0.0,2.2917288318500573,2.2917288318500573,0.0
0.7138,1.4009526478005043,-1.2503476509551605,-0.24976394705342386,15.065325003116232,-29954.858463804605,0.9982261966467177,-74.38779261695146,1.0,-35286.69100488152,0.876450114291679,-21.285458146015173,-364004.95498253853,57.79640076857528,-1.6972868951120461,-1989.139777802133,-30210.643595500715,-353.6027426332235,-5370.445330839146,14.187793202185853,30.399471371595958,204.64075659968003,5.731720894031339,17.652198253342036,301588.01011758664,17084.01149767497,-23.88565276848663,-23.88565276848663,0.0,0.0,0.0,0.0,2.2669408596303,2.2669408596303,0.0
0.7138035714285714,1.4009456383058565,-1.250318934164386,-0.25125359348882625,14.769847229878698,-29378.095913387227,0.9982146088953792,-73.4763084375719,1.0,-35103.23598069109,0.8758473329354125,-21.012720602730575,-355156.8607727267,57.077165385912586,-1.6888873626028382,-1989.8667342645992,-30065.29214894194,-349.1907519156715,-5275.992503052392,14.109198837907735,30.01995678200187,198.43517737485064,5.610108695886605,17.425406305528405,293906.635215697,16865.558521648465,-23.62800734763156,-23.62800734763156,0.0,0.0,0.0,0.0,2.2422452301247113,2.2422452301247113,0.0
0.7138071428571429,1.4009386288813506,-1.250290198097563,-0.2525018012035787,14.478137309372382,-28808.386718030513,0.9982028329870206,-72.56836609912455,1.0,-34918.296742642975,0.8752344231267671,-20.74186276906141,-346453.4140624378,56.36248582372245,-1.6787322947146142,-1990.5936669003372,-29918.74730337172,-344.80691387366414,-5182.469479421947,14.030062539061447,29.642867997782567,192.37582890962804,5.489784622865058,17.200188912377268,286678.7155100248,16666.18412050292,-23.371295379427366,-23.371295379427366,0.0,0.0,0.0,0.0,2.217643166151309,2.217643166151309,0.0
0.7138107142857143,1.4009316195269854,-1.2502614428856766,-0.25400220071543345,14.190183929598792,-28245.744595555763,0.9981908669028382,-71.6681125369901,1.0,-34731.87947648863,0.8746111954501452,-20.47288849474823,-337893.919231328,55.65237819482719,-1.67012258675005,-1991.3205757106523,-29771.013914349827,-340.4513248143545,-5089.879174572304,13.950387334658707,29.26821324067666,186.4587938374149,5.370692747935716,16.97654910257311,279868.9837932259,16484.622731819305,-23.115529678266885,-23.115529678266885,0.0,0.0,0.0,0.0,2.193135893001215,2.193135893001215,0.0
0.7138142857142857,1.4009246102427602,-1.2502326649199893,-0.2556868118764726,13.90597530293089,-27690.150024746723,0.9981787066061731,-70.77494819838277,1.0,-34543.99076625557,0.8739774566342684,-20.20580152331762,-329477.65571145224,54.94685866897485,-1.6625630684680264,-1992.047460696834,-29622.097239044506,-336.1240793595147,-4998.2243694580075,13.870176450857484,28.896000587387014,180.68215664402908,5.252843056865665,16.754489816285787,272223.48268014175,16246.793019369272,-22.8607231030984,-22.8607231030984,0.0,0.0,0.0,0.0,2.1687246380550715,2.1687246380550715,0.0
0.7138178571428571,1.400917601028674,-1.2502038786197167,-0.25402405300806663,13.625499165403266,-27141.394810950544,0.9981663352555415,-69.86045529506059,1.0,-34354.63754792058,0.8733330073623095,-19.94060549063671,-321203.8742832833,54.2459415584505,-1.6333086100818421,-1992.774321860188,-29472.002418520467,-331.8252704184659,-4907.507621420146,13.789433050807954,28.526237967258968,175.05570488713235,5.1366558425283,16.534013903987386,263911.3499410598,15960.722995612954,-22.606888553086442,-22.606888553086442,0.0,0.0,0.0,0.0,2.1444106303977395,2.1444106303977395,0.0
0.7138214285714285,1.400910591884725,-1.2501751368547631,-0.2508111167370828,13.348742778747518,-26599.56497155621,0.9981537548917426,-68.93984634485554,1.0,-34163.83117182863,0.8726776535011453,-19.677303923475566,-313071.7998866451,53.54963766430628,-1.594513193066345,-1993.5011591971845,-29320.73729171159,-327.5549891602936,-4817.731728646777,13.708161646376736,28.158933159897252,169.57089230243415,5.021921758880047,16.315124125235815,257937.88181908173,15808.740694532014,-22.35404146342917,-22.35404146342917,0.0,0.0,0.0,0.0,2.1201952980913843,2.1201952980913843,0.0
0.7138249999999999,1.400903582810913,-1.2501464119997552,-0.25168964676822725,13.075692938823032,-26064.94370544385,0.9981409823951987,-68.05789096236757,1.0,-33971.58740642148,0.8720112171884231,-19.415900238095865,-305080.6919568325,52.8579645417279,-1.5819717002207698,-1994.227972700084,-29168.315007897796,-323.31332498739664,-4728.900125051798,13.626369405703088,27.794093792897627,164.20677598106758,4.90797373012493,16.097823147529454,252650.40090067583,15693.693536215815,-22.10219957096502,-22.10219957096502,0.0,0.0,0.0,0.0,2.096080249536308,2.096080249536308,0.0
0.7138285714285714,1.4008965738072368,-1.250117658667095,-0.25363438438657226,12.806335972734292,-25537.345530683408,0.9981280026982143,-67.19000495568321,1.0,-33777.91534475718,0.8713334951202946,-19.156397738643083,-297229.7481748544,52.17094081420113,-1.576004115224779,-1994.9547623700105,-29014.743748289937,-319.1003655077018,-4641.015179809075,13.54406099606006,27.431727339463862,158.97155844577398,4.795171280266924,15.882113545095391,245933.24428191947,15483.919156611051,-21.85137623689407,-21.85137623689407,0.0,0.0,0.0,0.0,2.0720667455491806,2.0720667455491806,0.0
0.7138321428571428,1.400889564873695,-1.2500888879730168,-0.2548258255998803,12.540657737444544,-25016.65443870092,0.9981148045696294,-66.32195054586154,1.0,-33582.82417126421,0.8706442732959055,-18.898799615797145,-289518.1053208214,51.48857995633594,-1.565207805429294,-1995.68152820828,-28860.030531196215,-314.9161965075314,-4554.078853520871,13.46124049517395,27.07184111608104,153.86908676385352,4.683731893375113,15.667997797714493,239278.60293055867,15270.804733433297,-21.601584719303887,-21.601584719303887,0.0,0.0,0.0,0.0,2.048156037153684,2.048156037153684,0.0
0.7138357142857142,1.4008825560102869,-1.2500600965122874,-0.25607303326893316,12.278643624653224,-24502.891973084646,0.998101386612195,-65.46009017069015,1.0,-33386.32347479786,0.8699433342058853,-18.64310894533276,-281944.8734124219,50.8108963724064,-1.5546581743919132,-1996.4082702161857,-28704.18301476399,-310.7609019243483,-4468.092992674127,13.37791229529203,26.71444228017826,148.89455294966962,4.573560225891269,15.455478289542736,233319.19140688176,15095.212943778442,-21.352838268777475,-21.352838268777475,0.0,0.0,0.0,0.0,2.024349373096346,2.024349373096346,0.0
0.7138392857142857,1.400875547217011,-1.250031286786169,-0.258113588072888,12.020278563762751,-23996.07292796079,0.9980877472023454,-64.60996066069175,1.0,-33188.42321159919,0.8692304547412728,-18.389328686681147,-274509.1331398533,50.13790367427816,-1.5487711663204375,-1997.1349883951104,-28547.209024483152,-306.634563819526,-4383.059251553924,13.294080866022766,26.359537827793698,144.04350344986887,4.464568627526856,15.244557307935512,227051.4505369248,14892.935320688766,-21.10515012446089,-21.10515012446089,0.0,0.0,0.0,0.0,2.000647999492181,2.000647999492181,0.0
0.7138428571428571,1.4008685384938662,-1.2500024523101871,-0.2579409573589828,11.765547026579585,-23496.023949455324,0.9980738696343744,-63.749086006579155,1.0,-32989.13374349603,0.8685054075264137,-18.137461681496685,-267209.9521091563,49.469615887424986,-1.5295528652134818,-1997.8616827463577,-28389.11690190796,-302.5372623511177,-4298.979144673591,13.209750928744427,26.00713459123964,139.32327603531726,4.357117507372286,15.035237042276409,219464.38937244323,14595.66972694534,-20.858533510107264,-20.858533510107264,0.0,0.0,0.0,0.0,1.9770531594682383,1.9770531594682383,0.0
0.7138464285714285,1.4008615298408522,-1.2499736523253995,-0.25416490233726563,11.51443302139514,-23002.657596829402,0.9980597428901997,-62.86788365141668,1.0,-32788.46671247245,0.8677679569959275,-17.88751065224168,-260046.3474387227,48.80604156428985,-1.489325489615535,-1998.5883532695584,-28229.9146308068,-298.4690757466611,-4215.853912327703,13.124927018925394,25.65723923677061,134.73578949690096,4.251375187077988,14.82751958280898,213503.49188648287,14398.137407582231,-20.613002242307083,-20.613002242307083,0.0,0.0,0.0,0.0,1.953566141165358,1.953566141165358,0.0
0.71385,1.4008545212579675,-1.2499448883559463,-0.2538497417901908,11.266920105998862,-22516.29614828572,0.9980453908131297,-62.01844058170094,1.0,-32586.439880972135,0.8670178877824868,-17.639478200825955,-253017.35653127223,48.14719363585362,-1.469746406418049,-1999.3149999554992,-28069.616326466872,-294.4300802760529,-4133.685481529223,13.03961673227663,25.309858262257684,130.25706477149035,4.146495228135315,14.621406919473667,209193.06009246464,14306.314011885463,-20.36857335621098,-20.36857335621098,0.0,0.0,0.0,0.0,1.930188485302701,1.930188485302701,0.0
0.7138535714285714,1.400847512745211,-1.2499161007920176,-0.2558734364527595,11.022991392414776,-22036.85356339903,0.9980308043204236,-61.19184541243341,1.0,-32383.06574557573,0.8662549654044808,-17.39336680702876,-246121.99106608576,47.49308936121181,-1.4636729155992374,-2000.0416228036129,-27908.23316066442,-290.42035022441104,-4052.4750866450026,12.953826181648807,24.964997994861726,125.88877103155981,4.042610900969034,14.416900940749096,203580.86813421457,14119.986817548084,-20.12526042224004,-20.12526042224004,0.0,0.0,0.0,0.0,1.9069214573066269,1.9069214573066269,0.0
0.7138571428571429,1.4008405043025816,-1.2498872946880901,-0.25713449624313967,10.782629539795849,-21564.15313173419,0.9980159653173033,-60.36559895576979,1.0,-32178.35581272547,0.8654789389146197,-17.149178827149655,-239359.2059040698,46.84374057632172,-1.4530932360693765,-2000.7682218151956,-27745.77415113428,-286.4399578650224,-3972.2234150505287,12.867560394357895,24.622664588714112,121.63828870737505,3.940094451155721,14.214003432498831,197648.61193072348,13904.203616232468,-19.883076260175486,-19.883076260175486,0.0,0.0,0.0,0.0,1.883766261354701,1.883766261354701,0.0
0.7138607142857143,1.4008334959300783,-1.249858467945594,-0.2583311145015159,10.545816763593681,-21098.200809934617,0.9980008713688191,-59.54478810946309,1.0,-31972.321999421725,0.8646895521626694,-16.906916492618606,-232727.92611125705,46.19915933617395,-1.442065359721026,-2001.4947969915877,-27582.248793862116,-282.48897343234,-3892.931002591188,12.780824629332297,24.282864022601828,117.5014087048152,3.8388612066290078,14.012716076823002,192348.54958191625,13725.714259204913,-19.64203366285971,-19.64203366285971,0.0,0.0,0.0,0.0,1.8607240974742796,1.8607240974742796,0.0
0.7138642857142857,1.4008264876277003,-1.2498296237107562,-0.2602408540584804,10.312534838836166,-20639.003427929758,0.9979855204271612,-58.73480447425843,1.0,-31764.976608876976,0.8638865423870355,-16.66658190859656,-226227.05139771977,45.55935696953238,-1.4348919744750666,-2002.2213483341088,-27417.666786862323,-278.56746509505024,-3814.598192148782,12.693624238735845,23.94560209765854,113.47380504328771,3.73881611247451,13.81304045091658,187122.077529794,13545.769677155135,-19.4021453920114,-19.4021453920114,0.0,0.0,0.0,0.0,1.8377961611679994,1.8377961611679994,0.0
0.7138678571428572,1.4008194793954465,-1.2498007512799572,-0.26122566198714026,10.082765103121666,-20186.456389795745,0.9979698996483666,-57.92433397798791,1.0,-31556.332367412655,0.8630696419675948,-16.428177052582715,-219855.46926958163,44.92434547397518,-1.42250934961644,-2002.947875844089,-27252.038448957363,-274.6754989292172,-3737.225190970596,12.605964876880643,23.610884435062566,109.55819073660639,3.64015615501089,13.614978025933459,180735.56048398712,13273.759616925323,-19.163424174020946,-19.163424174020946,0.0,0.0,0.0,0.0,1.814983643037655,1.814983643037655,0.0
0.7138714285714285,1.4008124712333154,-1.2497718930979993,-0.25815647837643496,9.856488461415076,-19740.392283231093,0.997953988651098,-57.09259712186985,1.0,-31346.402366413437,0.8622385716954585,-16.191703773037723,-213612.03006560757,44.29413269243917,-1.3882813842174657,-2003.6743795227896,-27085.373319567243,-270.8131388916269,-3660.8118772624657,12.517851800859031,23.278716473751885,105.76126601594298,3.5432601980094134,13.418530165863206,174865.87586109203,13030.671405110488,-18.925882736165384,-18.925882736165384,0.0,0.0,0.0,0.0,1.7922877315839032,1.7922877315839032,0.0
0.7138749999999999,1.4008054631413065,-1.2497430798105635,-0.2563099594048026,9.633685388749868,-19301.017646697706,0.997937805108605,-56.27565354248127,1.0,-31135.205337311876,0.8613930668824686,-15.95716378804532,-207495.58118044736,43.668727113724046,-1.3610509675529139,-2004.400859362837,-26917.685709902966,-266.9804467926065,-3585.358549355896,12.429292640824158,22.949103468094354,102.06585995827074,3.447487898608794,13.223698126385036,170965.8231614452,12927.745160956132,-18.689536661856586,-18.689536661856586,0.0,0.0,0.0,0.0,1.7697098376247693,1.7697098376247693,0.0
0.7138785714285714,1.400798455119418,-1.249714260904923,-0.25791935294708423,9.41433594125965,-18868.393895645157,0.9979213538322657,-55.48783981952175,1.0,-30922.758487700645,0.8605328572679348,-15.72455868389005,-201504.9681503892,43.04814258505464,-1.3522788195493105,-2005.127315360278,-26748.990336743547,-263.1774822701961,-3510.8653082355936,12.34029521808062,22.622050485674023,98.46395110644518,3.3525652623222606,13.030483053789347,166587.78331162105,12783.467208464406,-18.45440024923097,-18.45440024923097,0.0,0.0,0.0,0.0,1.7472512691194821,1.7472512691194821,0.0
0.7138821428571428,1.40079144716765,-1.2496854184926562,-0.25947439491295654,9.198419753861902,-18442.33236497763,0.9979046124966817,-54.705593663979485,1.0,-30709.076044226713,0.8596576499153159,-15.493889913655904,-195638.99489926037,42.432390179176416,-1.3431015201379604,-2005.853747516316,-26579.29886402199,-259.4043027631501,-3437.331609192473,12.2508658205679,22.29756240497713,94.96345432982058,3.2589164055270636,12.838885983847165,161474.3039124782,12575.971562457362,-18.22048588225467,-18.22048588225467,0.0,0.0,0.0,0.0,1.7249131813662726,1.7249131813662726,0.0
0.7138857142857142,1.4007844392860005,-1.249656557130049,-0.26071901347171433,8.985916043073443,-18022.788262977832,0.9978875733962356,-53.92730799957675,1.0,-30494.172576034565,0.8587671423517286,-15.265158795928103,-189896.4307020603,41.82147903436988,-1.3322240305952298,-2006.580155832384,-26408.622782701987,-255.66096348475105,-3364.7566608821403,12.161010640886644,21.975643913147856,91.56306422507548,3.1665702532745357,12.64890784071725,156675.46563640216,12385.48171125563,-17.987805888835148,-17.987805888835148,0.0,0.0,0.0,0.0,1.70269672286992,1.70269672286992,0.0
0.7138892857142857,1.4007774314744683,-1.2496276763818157,-0.26216277317783465,8.776803620463095,-17609.748099719374,0.997870232380509,-53.15628576766917,1.0,-30278.063081408924,0.8578610253146971,-15.03836651345507,-184276.02583816787,41.21541826997252,-1.3222805761177059,-2007.3065403098587,-26236.974027409957,-251.94751739655143,-3293.1395068255647,12.070736083667558,21.65629950373806,88.2594263713682,3.0754620315503987,12.460549435856962,152254.07076447998,12217.889026381754,-17.756372536584266,-17.756372536584266,0.0,0.0,0.0,0.0,1.6806030349635361,1.6806030349635361,0.0
0.7138928571428571,1.4007704237330532,-1.2495987737382004,-0.26394243050989985,8.571060890450777,-17203.18113008911,0.9978525834018802,-52.39334198413627,1.0,-30060.762956528903,0.8569389821441248,-14.81351411182067,-178776.5132748851,40.614216768099936,-1.31391495325292,-2008.03290095,-26064.364891898993,-248.26401518227752,-3222.479013255947,11.980048723090118,21.339533474471015,85.05024815463241,2.9855720490037903,12.273811466941819,147270.51480145057,11997.759733120209,-17.526198028567194,-17.526198028567194,0.0,0.0,0.0,0.0,1.6586332514293494,1.6586332514293494,0.0
0.7138964285714285,1.4007634160617537,-1.249569859361078,-0.26253260386189936,8.368665856978595,-16802.90886959117,0.9978346014067939,-51.616765458731166,1.0,-29842.28797116373,0.8560006870115345,-14.590602498127408,-173396.61196691584,40.017882214997165,-1.2897446231881913,-2008.7592377541864,-25890.807726361694,-244.61050522190754,-3152.773831486716,11.888955151891615,21.025349925020166,81.9427232167249,2.8973298189540744,12.088694516794373,141652.0988022171,11716.733342125994,-17.297294499039126,-17.297294499039126,0.0,0.0,0.0,0.0,1.6367884981186052,1.6367884981186052,0.0
0.7139,1.4007564084605688,-1.2495409886234807,-0.25914654360420286,8.169596130036528,-16408.947154034744,0.997816284618887,-50.834694338898544,1.0,-29622.656692756875,0.8550458115663463,-14.369632439722729,-168135.01455555932,39.42641910334128,-1.2562754234697624,-2009.4855507194952,-25716.316268925693,-240.98703356586893,-3084.022559739809,11.797462643967746,20.713752754798186,78.9315131035693,2.8105848823210176,11.905199052323646,137793.24388395678,11573.207476779855,-17.06967532937984,-17.06967532937984,0.0,0.0,0.0,0.0,1.6150699963979385,1.6150699963979385,0.0
0.7139035714285714,1.4007494009294974,-1.249512138478579,-0.2598614509274171,7.973828933756589,-16021.496955609258,0.9977976575068068,-50.08393847355811,1.0,-29401.89110609073,0.8540740401911555,-14.150604562911528,-162990.42317259306,38.83983662499504,-1.2429580364005026,-2010.2118398377445,-25540.908501889244,-237.39364390941822,-3016.224070449175,11.705580574010943,20.404745660761915,75.99925411100745,2.724587180576973,11.72332542347499,134619.97059808412,11482.087412085206,-16.843355291723196,-16.843355291723196,0.0,0.0,0.0,0.0,1.5934790741359492,1.5934790741359492,0.0
0.7139071428571429,1.4007423934685383,-1.2494832597616825,-0.2618512440907921,7.781341111075492,-15640.403592830507,0.997778698371418,-49.34685285517339,1.0,-29180.008144329884,0.853085029234058,-13.933519351573752,-157961.51779515957,38.258145095315406,-1.2356636209257779,-2010.9381051099176,-25364.598841545452,-233.8303775671885,-2949.3765665326914,11.613316529779036,20.098332135231686,73.1514831228689,2.6396792843639427,11.543073862190614,130323.2989789615,11289.17283739611,-16.618346111997628,-16.618346111997628,0.0,0.0,0.0,0.0,1.5720168167658275,1.5720168167658275,0.0
0.7139107142857143,1.4007353860776908,-1.2494543637853437,-0.26304126954917706,7.592109125992895,-15265.546507893858,0.9977593883053675,-48.61107472086043,1.0,-28957.02481344378,0.8520784189126576,-13.71837714596466,-153046.9439404732,37.68135060708927,-1.224491918914194,-2011.6643465373725,-25187.40061409952,-230.2972734479317,-2883.4779006012063,11.520677546159211,19.79451546372742,70.39152783283859,2.5561127000975583,11.364444481382225,126036.16120394699,11089.393499693315,-16.394659328382907,-16.394659328382907,0.0,0.0,0.0,0.0,1.5506842922830233,1.5506842922830233,0.0
0.7139142857142857,1.4007283787569536,-1.249425446950731,-0.2642683018789569,7.4061090728755,-14896.917155794372,0.9977397237554192,-47.88160682241129,1.0,-28732.9585638108,0.8510538420811322,-13.50517814146516,-148245.3308294791,37.10945978485904,-1.213440504444433,-2012.390564121452,-25009.32778349268,-226.79436802944312,-2818.5257825310005,11.427670964761749,19.493298722820636,67.71543382171137,2.473780132576407,11.187437273914504,122299.92201667218,10930.897897817595,-16.17230639783466,-16.17230639783466,0.0,0.0,0.0,0.0,1.529482559581893,1.529482559581893,0.0
0.7139178571428572,1.4007213715063258,-1.2493965122421122,-0.2663243983070913,7.223316681876483,-14534.502632962925,0.9977197009997478,-47.1629317070805,1.0,-28507.827243403768,0.8500109216179894,-13.293922387345647,-143555.29243003007,36.542478454995,-1.2060915505703056,-2013.1167578634995,-24830.3945108203,-223.32169533370384,-2754.5177279464465,11.334304214511903,19.19468477800507,65.11948338682805,2.392578942554326,11.012052111602117,118384.51543576822,10749.44998298185,-15.951298691638373,-15.951298691638373,0.0,0.0,0.0,0.0,1.5084126680608976,1.5084126680608976,0.0
0.7139214285714285,1.4007143643258064,-1.2493675513177869,-0.26636113213422163,7.043707326244845,-14178.156480778382,0.9976992952266089,-46.438970842520185,1.0,-28281.64913720202,0.8489492721497803,-13.084609785550963,-138975.4392627095,35.98041270299077,-1.189570456519073,-2013.8429277648836,-24650.615515120444,-219.87928690234824,-2691.4510990111585,11.240584990647497,18.898676281595456,62.60862255175711,2.312857557792486,10.838288744224469,113448.82037319664,10466.410774016469,-15.731647490963862,-15.731647490963862,0.0,0.0,0.0,0.0,1.4874756572281402,1.4874756572281402,0.0
0.7139249999999999,1.400707357215394,-1.249338622387255,-0.2626046088866474,6.867256026595212,-13827.775892322343,0.9976784864130842,-45.700444551515794,1.0,-28054.443368768145,0.8478684936215933,-12.877240089476638,-134504.35495876786,35.423264402442534,-1.1564456398122225,-2014.5690738257167,-24470.004986918113,-216.46717177179983,-2629.3229860324204,11.146520714948217,18.605275670597763,60.184954384318274,2.234832713574333,10.666146798526558,109646.37612313192,10278.8487770934,-15.513364271147262,-15.513364271147262,0.0,0.0,0.0,0.0,1.46667257884826,1.46667257884826,0.0
0.7139285714285714,1.4007003501750876,-1.2493097316541952,-0.2620678961099543,6.693937461484749,-13483.56756911993,0.997657306662626,-44.986281871534885,1.0,-27826.233904112672,0.8467682019307071,-12.671812902868886,-130140.62591273205,34.871038123784764,-1.1378720221156555,-2015.2951960367895,-24288.58195517242,-213.0853764497488,-2568.1307827888113,11.052121199384347,18.314485164694897,57.83034610849742,2.1576288161229793,10.49562577728834,107175.84301359137,10210.477170376154,-15.296462577998799,-15.296462577998799,0.0,0.0,0.0,0.0,1.4460046439861087,1.4460046439861087,0.0
0.7139321428571428,1.4006933432048865,-1.2492808192679314,-0.2640639828681799,6.523725974490738,-13145.457704700033,0.9976357436518595,-44.292069031601486,1.0,-27597.041971441962,0.8456479958913465,-12.46832767851333,-125882.83986118354,34.32374167040599,-1.1303118526091906,-2016.021294397088,-24106.364430869486,-209.7339248907743,-2507.871539345838,10.957395736774071,18.02630676415893,55.54490327249183,2.081324643988074,10.326725058353963,103779.99001962612,10048.65169820917,-15.08095414039972,-15.08095414039972,0.0,0.0,0.0,0.0,1.4254729179788224,1.4254729179788224,0.0
0.7139357142857142,1.4006863363047894,-1.249251887799429,-0.26535792211612375,6.35659557737586,-12813.287259664026,0.9976137684154133,-43.60017852639348,1.0,-27366.88804088749,0.8445074521397457,-12.266783717127206,-121729.55989781195,33.78137883946735,-1.1196518911691062,-2016.747368907972,-23923.36869016494,-206.41283847278999,-2448.541901329909,10.862352746303053,17.740742247834152,53.334299709535955,2.00631726477212,10.15944389370301,100099.3089918658,9851.833485689998,-14.866850044041191,-14.866850044041191,0.0,0.0,0.0,0.0,1.4050784090289037,1.4050784090289037,0.0
0.7139392857142857,1.4006793294747957,-1.2492229358331017,-0.26656534440670043,6.192519958901654,-12487.031504852108,0.9975913748320492,-42.913976634883156,1.0,-27135.792968097674,0.8433461368411953,-12.067180166238764,-117679.33298608656,33.24395322528972,-1.1085833828089744,-2017.473419570786,-23739.61139008517,-203.12213597363495,-2390.1383413338917,10.767000823800558,17.45779317113269,51.19540379488727,1.9325243627895283,9.99378140853184,96869.3737676432,9691.965035731559,-14.6541612405556,-14.6541612405556,0.0,0.0,0.0,0.0,1.384822116901847,1.384822116901847,0.0
0.7139428571428571,1.4006723227149032,-1.249193966219317,-0.2684054863502183,6.031472494247029,-12166.667058409803,0.9975685574486034,-42.237171674815045,1.0,-26903.77798617025,0.8421636044693045,-11.869516019070282,-113730.69605160697,32.711467766128855,-1.1000721684145087,-2018.1994463869996,-23555.10941689741,-199.86183354796697,-2332.657144422465,10.671348666290635,17.177460864056165,49.12496036165804,1.8598499365207122,9.829736600350747,93737.8472277782,9535.15046250918,-14.44289854371115,-14.44289854371115,0.0,0.0,0.0,0.0,1.3647050277361612,1.3647050277361612,0.0
0.7139464285714285,1.400665316025112,-1.2491649691112114,-0.26954536289312614,5.873426251455175,-11852.102272237023,0.9975452972553007,-41.56290277648424,1.0,-26670.864733751067,0.8409593994217065,-11.67379011344071,-109882.18356339273,32.18392563255416,-1.088623473635161,-2018.925449357885,-23369.88020173743,-196.63194470440274,-2276.094440752166,10.575405228147563,16.899746429238732,47.12417854270341,1.7884547700178821,9.667308338097609,89803.62043179665,9288.413070429566,-14.233072625562668,-14.233072625562668,0.0,0.0,0.0,0.0,1.3447281133188365,1.3447281133188365,0.0
0.71395,1.4006583094054206,-1.2491359820641652,-0.2667060630648166,5.718353996532288,-11543.186003100256,0.9975215609516734,-40.87503230494839,1.0,-26437.07511714272,0.8397330485590143,-11.480001130688692,-106132.31716115391,31.66132712379235,-1.0613170813673203,-2019.65142848479,-23183.940582541603,-193.43248028302963,-2220.4460959779835,10.479179157135531,16.62465074002193,45.19818519573916,1.718744947039984,9.50649536126832,86109.5257958078,9056.967476283437,-14.024694011602747,-14.024694011602747,0.0,0.0,0.0,0.0,1.3248923306466676,1.3248923306466676,0.0
0.7139535714285714,1.400651302855828,-1.249107040395797,-0.2645852162251856,5.5662282051300425,-11240.021629143106,0.997497368291871,-40.19744853366442,1.0,-26202.43137005832,0.8384840663469976,-11.28814759466173,-102479.59885808027,31.14367233617301,-1.037275519926892,-2020.377383761034,-22997.307720936715,-190.2634484331954,-2165.7078062908568,10.382679248827301,16.352174438553643,43.335303439872156,1.650124826072072,9.347296279065429,83894.19921043736,8974.236978240446,-13.81777304949727,-13.81777304949727,0.0,0.0,0.0,0.0,1.305198616154623,1.305198616154623,0.0
0.7139571428571428,1.400644296376333,-1.2490780971711104,-0.2660794630422174,5.417021071595803,-10942.646963600686,0.997472728680163,-39.54396566551908,1.0,-25966.957648148393,0.8372119715811134,-11.09822787062173,-98922.5467722889,30.630965071869344,-1.0275563248932338,-2021.1033151819036,-22810.00170909169,-187.12485459162014,-2111.875341050654,10.285915736098204,16.082317933914787,41.528119136247845,1.5822222460030049,9.189709569563416,81460.10299260601,8863.273933357397,-13.612320588433521,-13.612320588433521,0.0,0.0,0.0,0.0,1.2856479437051662,1.2856479437051662,0.0
0.7139607142857143,1.400637289966935,-1.2490491293812733,-0.2677122520804289,5.270704513504085,-10650.90133558449,0.9974476069203129,-38.8972770800496,1.0,-25730.678959131517,0.8359162705725932,-10.910240164212558,-95459.6806504522,30.123207377255117,-1.018303524976312,-2021.8292227487116,-22622.042900394375,-184.01670146087272,-2058.9442807525966,10.188898966273383,15.815081400277336,39.78232025738174,1.515467309367381,9.033733578894442,78418.21631440587,8679.598739109902,-13.408347556608042,-13.408347556608042,0.0,0.0,0.0,0.0,1.2662412926799893,1.2662412926799893,0.0
0.7139642857142857,1.4006302836276323,-1.2490201429164887,-0.26895625993009276,5.127250181111791,-10364.71790777722,0.9974219871023178,-38.25488883901795,1.0,-25493.620545123485,0.8345964530281552,-10.724182520505256,-92089.50486403992,29.620399403299327,-1.0075204552963601,-2022.555106462903,-22433.45135157496,-180.93898898820112,-2006.9099695229577,10.09163912512978,15.550464775092822,38.09738808510767,1.4499195770745228,8.879366520451672,75573.12733606418,8510.09447526443,-13.205864660990443,-13.205864660990443,0.0,0.0,0.0,0.0,1.2469796216198599,1.2469796216198599,0.0
0.7139678571428572,1.4006232773584244,-1.2489911367698472,-0.2703441910540505,4.9866294667584565,-10084.061163493676,0.9973958605909753,-37.61934200943422,1.0,-25255.807958374244,0.833251995941108,-10.540052823032754,-88810.51843284752,29.122541188236355,-0.9972418125667728,-2023.2809663258,-22244.24748470403,-177.89171434470245,-1955.7675800942845,9.994146564378909,15.288467757310157,36.47070945533975,1.385504553777231,8.72660647411337,73038.84634504725,8368.673430526505,-13.004882385094067,-13.004882385094067,0.0,0.0,0.0,0.0,1.2278638680104246,1.2278638680104246,0.0
0.7139714285714286,1.40061627115931,-1.2489621096929702,-0.272199932985302,4.848813512231801,-9808.887955348617,0.9973692170904216,-36.99207714817028,1.0,-25017.267039399434,0.8318823623633932,-10.357848792848255,-85621.2167886638,28.62963232136788,-0.9886217962562082,-2024.0068023388185,-22054.451957756206,-174.87487190490708,-1905.5121043016736,9.896431737418782,15.029089805629013,34.90015563567078,1.322173603793307,8.575451385486653,70147.38513640723,8179.022483146104,-12.805410986754094,-12.805410986754094,0.0,0.0,0.0,0.0,1.2088949480690316,1.2088949480690316,0.0
0.7139749999999999,1.4006092650302884,-1.2489330677064305,-0.27104644623267404,4.71377321849074,-9539.046971720161,0.9973420163780895,-36.357469418177025,1.0,-24778.023905305497,0.8304870000881479,-10.17756798761462,-82520.09721359932,28.1416716003962,-0.9691513558289199,-2024.7326145032996,-21864.0855357999,-171.88845322682067,-1856.1383449090595,9.7985051355354,14.772330136792677,33.39079224718502,1.2603605482672164,8.425899065177182,66706.6734771946,7915.861211034681,-12.607460495918911,-12.607460495918911,0.0,0.0,0.0,0.0,1.190073756533023,1.190073756533023,0.0
0.7139785714285714,1.4006022589713578,-1.248904068149381,-0.26751469194903166,4.581479253222883,-9274.506696071574,0.9973142482069305,-35.71892400503836,1.0,-24538.103704128313,0.8290653290076299,-9.999207800709687,-79505.6381626662,27.65865510512261,-0.9415592075479086,-2025.458402816986,-21673.16740619043,-168.93244703192644,-1807.6407788815807,9.70037645603959,14.518187723877466,31.93970515490048,1.199978796414828,8.277947188056926,64509.08347689184,7791.884154898069,-12.41104018655527,-12.41104018655527,0.0,0.0,0.0,0.0,1.171401123731965,1.171401123731965,0.0
0.7139821428571428,1.4005952529825176,-1.2488750927359187,-0.26804872790162904,4.45190206265751,-9015.391786879747,0.9972859498386295,-35.10481181856316,1.0,-24297.530015358047,0.8276167508636345,-9.822765460406549,-76576.31304440777,27.180581915610425,-0.9285636848986045,-2026.184167271264,-21481.716715469734,-166.006839186516,-1760.0136995631003,9.602055362223043,14.266661294696487,30.533510905042412,1.1402001683738712,8.131593292600447,62919.81263251162,7736.697935503872,-12.216158196164184,-12.216158196164184,0.0,0.0,0.0,0.0,1.1528777845040212,1.1528777845040212,0.0
0.7139857142857142,1.400588247063767,-1.2488460890044455,-0.2700780952756361,4.325011878773502,-8761.573362178106,0.9972570875051495,-34.50334269999451,1.0,-24056.32961798173,0.8261406718410483,-9.64823802893688,-73730.62092890145,26.70745204566809,-0.9207264815192454,-2026.909907866928,-21289.755689895155,-163.111612682541,-1713.2514724596667,9.503553022886937,14.017749330162124,29.17573301075285,1.081342184367297,7.986834780197577,60495.249238379205,7573.3709370788665,-12.022823754677006,-12.022823754677006,0.0,0.0,0.0,0.0,1.1345045592237486,1.1345045592237486,0.0
0.7139892857142857,1.4005812412151044,-1.2488170679015667,-0.2712746519348457,4.200778727778679,-8512.933327268027,0.9972276271507479,-33.904454825761285,1.0,-23814.529620302284,0.8246364749169639,-9.475622401732725,-70967.05268141984,26.23926221242421,-0.9099942297000081,-2027.6356246054,-21097.30582083255,-160.24674761936134,-1667.3482159682276,9.40488022838833,13.771450062725751,27.869188698987745,1.023693116705218,7.843668914512009,58040.72527218657,7398.690872316422,-11.831045940389775,-11.831045940389775,0.0,0.0,0.0,0.0,1.116282252870377,1.116282252870377,0.0
0.7139928571428571,1.4005742354365291,-1.2487880259285904,-0.2724857221124921,4.079172440579574,-8269.439313521252,0.9971975602212151,-33.31180944102791,1.0,-23572.157453453645,0.8231035281971667,-9.304915306649294,-68284.09708144037,25.776009286273155,-0.8993020951420172,-2028.361317488049,-20904.389085231534,-157.41222118586293,-1622.2979062305023,9.30604799302711,13.527761474849138,26.610950913700503,0.9671363191297893,7.702092820859821,55991.58159836951,7268.658117690524,-11.640833599765791,-11.640833599765791,0.0,0.0,0.0,0.0,1.0982116484866455,1.0982116484866455,0.0
0.7139964285714285,1.40056722972804,-1.2487589663440701,-0.27454402940429645,3.960162661523072,-8031.056538035268,0.997166878150877,-32.728777373270546,1.0,-23329.240821499618,0.8215411817017605,-9.136113303213904,-65680.2438166933,25.317689374400423,-0.8913535677207193,-2029.0869865162792,-20711.02757734101,-154.60800764305284,-1578.0943504401737,9.207067373143811,13.286681297517017,25.398237415907786,0.9115561551592382,7.562103485612074,53845.210195415464,7119.401128847718,-11.452195345030518,-11.452195345030518,0.0,0.0,0.0,0.0,1.0802935069529274,1.0802935069529274,0.0
0.714,1.400560224089636,-1.2487298794902904,-0.2747754730563656,3.843718858743891,-7797.661067570157,0.9971355406193602,-32.144523220993754,1.0,-23085.807743770012,0.8199487694265678,-8.96921278190498,-63153.99131576788,24.86429862616973,-0.8774760754291325,-2029.8126316915052,-20517.24383914626,-151.83407830713128,-1534.7312156213325,9.107949629837808,13.048207008790628,24.23425960825717,0.8572865675667509,7.423697755622408,50956.873789255515,6863.082491863686,-11.26513955178283,-11.26513955178283,0.0,0.0,0.0,0.0,1.0625285667631512,1.0625285667631512,0.0
0.7140035714285714,1.400553218521316,-1.2487008218926305,-0.2710757307837639,3.729810332166135,-7569.147270717572,0.997103509729551,-31.551152577212,1.0,-22841.88628876395,0.818325597749249,-8.804209963466212,-60703.83322730707,24.415830090496023,-0.8513532283958148,-2030.538253014108,-20323.059478509073,-149.09040153306498,-1492.2019289878544,9.008705548069216,12.81233583240439,23.121013612925324,0.8045900384884297,7.28687233768037,48802.49060345182,6696.316536080159,-11.079674316531925,-11.079674316531925,0.0,0.0,0.0,0.0,1.0449175404021822,1.0449175404021822,0.0
0.7140071428571428,1.400546213023079,-1.2486718043158815,-0.2703125612826227,3.6184062251214817,-7345.627870306006,0.9970708307582506,-30.975915153672616,1.0,-22597.503765910467,0.8166709525534307,-8.641100898284916,-58328.257293488576,23.972278246860228,-0.8348128131029667,-2031.2638504750785,-20128.49619592002,-146.376942698697,-1450.4997632838413,8.90934594302572,12.579064736408718,22.045750239774666,0.7525746708311047,7.151623797991834,47648.17241294484,6661.56695805565,-10.895807003000119,-10.895807003000119,0.0,0.0,0.0,0.0,1.0274610765708392,1.0274610765708392,0.0
0.7140107142857143,1.400539207594924,-1.2486427673748084,-0.2722665191621729,3.509475534692743,-7127.036250058004,0.9970374853810177,-30.41739600193374,1.0,-22352.688164811992,0.814984110893485,-8.479881465689738,-56025.77327924048,23.533639757261167,-0.8267271921140914,-2031.9894240729477,-19933.57725115586,-143.69366418933998,-1409.6179447029585,8.809882381769844,12.348390431854414,21.007792253878076,0.7012575339119109,7.017948561684735,45876.3848405947,6536.007850280051,-10.713544854581173,-10.713544854581173,0.0,0.0,0.0,0.0,1.0101598127471136,1.0101598127471136,0.0
0.7140142857142857,1.40053220223685,-1.2486137107326913,-0.2735950787303807,3.402987118775575,-6913.233743751367,0.9970034232801852,-29.862604224657105,1.0,-22107.467870342294,0.81326432327121,-8.320547373381794,-53794.8949974211,23.099908438974264,-0.8166992099467234,-2032.714973809085,-19738.325348189443,-141.04052538295795,-1369.5495006226402,8.710326141397967,12.120309371527718,20.011348510151386,0.651059217775481,6.885842912344211,43864.770107905366,6369.2832995607905,-10.53289498824298,-10.53289498824298,0.0,0.0,0.0,0.0,0.993014373276528,0.993014373276528,0.0
0.7140178571428571,1.400525196948856,-1.2485846338347941,-0.2748160827913466,3.2989097075970464,-6704.1746670473885,0.9969686299185259,-29.313551724918536,1.0,-21861.87157577085,0.8115108195033408,-8.163094156888015,-51634.137319117894,22.671077621548125,-0.8063470804421958,-2033.4404996849328,-19542.763442917225,-138.4174826358864,-1330.2873233499383,8.610688606794858,11.894817748731535,19.054346451825,0.6019031862726067,6.755302991574697,42148.239195202055,6238.281827590841,-10.353864297487476,-10.353864297487476,0.0,0.0,0.0,0.0,0.9760253609678159,0.9760253609678159,0.0
0.7140214285714286,1.4005181917309404,-1.2485555390194687,-0.27657756399483446,3.197211914248335,-6499.815006068687,0.9969330919439319,-28.772585556691812,1.0,-21615.928276333474,0.8097228076931325,-8.007517179037633,-49542.021677168006,22.24714003288924,-0.7975581463266079,-2034.1660017019017,-19346.914694730942,-135.8244892691208,-1291.8241702724952,8.510981246635815,11.671911496115696,18.134595985525763,0.55369546723866,6.626324798591633,40526.25107687918,6114.946970406986,-10.176459449312528,-10.176459449312528,0.0,0.0,0.0,0.0,0.9591933568215505,0.9591933568215505,0.0
0.714025,1.4005111865831028,-1.248526417698425,-0.27786692378282396,3.0978622437106673,-6300.073097957237,0.9968967782080908,-28.236014834166255,1.0,-21369.66728544588,0.8078994754341519,-7.853811629473753,-47517.08005778828,21.828088289989143,-0.7873841853289696,-2034.8914798613696,-19150.802671263657,-133.26149555519518,-1254.1526810210466,8.411215713856318,11.451586284557818,17.252467752329636,0.5065570239464696,6.498904189842288,38383.28960337976,5905.1171671637185,-10.000686881204086,-10.000686881204086,0.0,0.0,0.0,0.0,0.9425189197618136,0.9425189197618136,0.0
0.7140285714285713,1.400504181505342,-1.2484973020015644,-0.2752829130716634,3.0008291030804055,-6104.817531223691,0.9968596294961506,-27.692096786944628,1.0,-21123.118125554643,0.8060399819625027,-7.701972524206194,-45557.852447953635,21.41391308881556,-0.7664286248183022,-2035.6169341647528,-18954.450552539824,-130.7284487057511,-1217.2653288621395,8.311403454362177,11.23383752210358,16.411737877995964,0.46091999690260815,6.373036878660805,36298.37479212548,5694.61662410355,-9.826552798193632,-9.826552798193632,0.0,0.0,0.0,0.0,0.9260025863732433,0.9260025863732433,0.0
0.7140321428571428,1.4004971764976568,-1.2484682320144231,-0.27287884873578605,2.906080812307867,-5914.078759870917,0.996821666002717,-27.155375451981776,1.0,-20876.31082881477,0.8041434636558826,-7.551994705205666,-43662.87859135645,21.00460443856644,-0.7463498553735444,-2036.3423646060803,-18757.88184273162,-128.2252928593203,-1181.1544730937562,8.211556056960115,11.018660352925403,15.605160198791078,0.41624840942192937,6.248718434934808,35255.84459682612,5641.09204878247,-9.654063266695882,-9.654063266695882,0.0,0.0,0.0,0.0,0.9096448764918588,0.9096448764918588,0.0
0.7140357142857142,1.4004901715600462,-1.2484391647294533,-0.274259157435381,2.813585614895806,-5727.871073803077,0.9967829065304711,-26.637892231485946,1.0,-20629.275947969953,0.8022090451326035,-7.40387284002376,-41830.71478668525,20.600154687880497,-0.736801876806087,-2037.0677711798555,-18561.121590366536,-125.75196907053233,-1145.812437449869,8.111685852069646,10.80604965640355,14.82656555670559,0.3720615792209992,6.125944284842236,34154.71594274325,5574.420597156615,-9.48322413696943,-9.48322413696943,0.0,0.0,0.0,0.0,0.8934462891011075,0.8934462891011075,0.0
0.7140392857142857,1.400483166692509,-1.2484100716462851,-0.27596745238111,2.7233116873905368,-5546.060145482215,0.996743289768959,-26.127564072151635,1.0,-20382.044098743998,0.8002358230487288,-7.257601421413722,-40059.93399172078,20.200555095717142,-0.7281162323642434,-2037.793153887501,-18364.194679842898,-123.30841529917916,-1111.2314024105594,8.01180507197676,10.596000046195003,14.079943905148477,0.32879802225034427,6.004709710581416,32572.992688056787,5423.574085680963,-9.31404093850275,-9.31404093850275,0.0,0.0,0.0,0.0,0.877407295513172,0.877407295513172,0.0
0.7140428571428571,1.4004761618950443,-1.2483809604513298,-0.27719285458428544,2.6352271496369184,-5368.569402743359,0.996702781637721,-25.62169939437287,1.0,-20134.6460902349,0.798222863416002,-7.113174767063765,-38349.11396467912,19.805795190832164,-0.7181475847047235,-2038.5185127304164,-18167.12566719677,-120.89456640034334,-1077.4034018138702,7.911925770477063,10.388505869393711,13.365361078038287,0.28655277727809664,5.8850098501537165,31106.713805677224,5284.753906574127,-9.146518952894006,-9.146518952894006,0.0,0.0,0.0,0.0,0.8615283433644163,0.8615283433644163,0.0
0.7140464285714285,1.4004691571676513,-1.2483518292282356,-0.278549282420272,2.5493000750746257,-5195.3510240771875,0.996661363955391,-25.12232275583153,1.0,-19887.113012193524,0.7961692073038189,-6.970587019338989,-36696.84266031236,19.415864309611365,-0.7085286440664603,-2039.2438477099963,-17969.93946297438,-118.51035411511327,-1044.3203698153802,7.812060158060072,10.183561205741354,12.680924394456117,0.2452347600470829,5.766839697175351,29872.57080976837,5179.059162109225,-8.980663211191287,-8.980663211191287,0.0,0.0,0.0,0.0,0.8458098563789376,0.8458098563789376,0.0
0.71405,1.4004621525103285,-1.2483226777626761,-0.28047210847935844,2.4654985015147077,-5026.352664794463,0.9966190161294946,-24.630756504360946,1.0,-19639.47620985947,0.7940738684575777,-6.82983214506553,-35101.71994820089,19.030751219709565,-0.7003302892042735,-2039.969158827704,-17772.661162035238,-116.15570706202116,-1011.9741343718447,7.712220518200648,9.981159866900148,12.025058970952433,0.20477571056950308,5.6501941007241685,28415.735237726614,5028.160898045016,-8.816478491275523,-8.816478491275523,0.0,0.0,0.0,0.0,0.8302522341363592,0.8302522341363592,0.0
0.7140535714285714,1.4004551479230751,-1.248293508634605,-0.27955531305329373,2.3837904413961746,-4861.449533174669,0.9965756669334753,-24.13647026059014,1.0,-19391.767274922913,0.7919358322950169,-6.690903935355744,-33562.36215403397,18.650444091354032,-0.6851289078125142,-2040.6944460849352,-17575.316024093307,-113.83055072915346,-980.3564203840588,7.612419197695905,9.781295395783527,11.401192298920694,0.16561169431969766,5.535067765220433,26530.71486376115,4792.20506796082,-8.653969315284558,-8.653969315284558,0.0,0.0,0.0,0.0,0.814855851843638,0.814855851843638,0.0
0.7140571428571428,1.40044814340589,-1.2482643805640137,-0.2759099042734192,2.3041438915436805,-4700.586117459096,0.9965312866039804,-23.64027089583125,1.0,-19144.01794183629,0.7897540470982423,-6.553796005487433,-32077.391522363283,18.274928942478404,-0.663583814850833,-2041.419709479952,-17377.928737468308,-111.53480746702336,-949.4588138384067,7.5126682459117164,9.583961065952245,10.808009995913741,0.1277184789815167,5.421455250343893,25465.105875242432,4696.097863830405,-8.493139953852006,-8.493139953852006,0.0,0.0,0.0,0.0,0.7996210599673359,0.7996210599673359,0.0
0.7140607142857143,1.400441138958772,-1.2482352798397351,-0.2762643816683692,2.226526844958548,-4543.825040813898,0.9964859358220981,-23.162423552759005,1.0,-18896.26037734768,0.7875274426132683,-6.418501794827649,-30645.44096748358,17.904193492250695,-0.6519424597253621,-2042.14494900382,-17180.525254817505,-109.26839648216078,-919.272868574259,7.412980314251613,9.38914988107219,10.236046549411647,0.09019950464809778,5.3093509709866655,24877.57632832417,4684.6153349570395,-8.333994431438594,-8.333994431438594,0.0,0.0,0.0,0.0,0.7845481838703785,0.7845481838703785,0.0
0.7140642857142857,1.4004341345817204,-1.2482061513047638,-0.27831734612385617,2.1509073004893984,-4391.060549806159,0.9964395561870386,-22.695584675803588,1.0,-18648.527014151834,0.785254924066295,-6.285014566736336,-29265.168846079338,17.538226072865758,-0.64433507865528,-2042.8701646571665,-16983.132231670956,-107.03123383148002,-889.7900750261185,7.313368380178511,9.196854574438976,9.687458619424996,0.0533447648883746,5.198749197243491,23707.70222409115,4559.270427483129,-8.176536488222702,-8.176536488222702,0.0,0.0,0.0,0.0,0.7696375243578437,0.7696375243578437,0.0
0.7140678571428571,1.4004271302747338,-1.2481770053126833,-0.27952044416633726,2.0772532728065665,-4242.186026864575,0.9963920811964391,-22.232232420982534,1.0,-18400.850370033484,0.7829353553289449,-6.153327408598389,-27935.244518593274,17.177012566027756,-0.6347499695375388,-2043.5953564414197,-16785.775585457777,-104.82323241740968,-861.0017878318464,7.213845041558229,9.007067608568079,9.164498436318198,0.017478588436525215,5.089644054439248,22490.23771297437,4417.823295385091,-8.020769597096859,-8.020769597096859,0.0,0.0,0.0,0.0,0.7548893570290744,0.7548893570290744,0.0
0.7140714285714286,1.4004201260378113,-1.2481478384604683,-0.28072160086728104,2.0055328031382773,-4097.155625119958,0.9963434901096022,-21.774849042242323,1.0,-18153.26321047169,0.7805675699698313,-6.023433231875351,-26654.34932961746,16.82053872972829,-0.6251903508112181,-2044.320524357981,-16588.481601352585,-102.64430198381754,-832.8992908178981,7.114423058273702,8.81978117485325,8.665237353690449,0.01752240992139734,4.982029523194999,21544.681651793384,4323.478919983733,-7.866696963063817,-7.866696963063817,0.0,0.0,0.0,0.0,0.7403039320357343,0.7403039320357343,0.0
0.714075,1.400413121870952,-1.2481186541934002,-0.2827680573167015,1.9357139695456123,-3955.9222515216156,0.9962937623050134,-21.325727572465777,1.0,-17905.79849860479,0.778150367117583,-5.895324772201774,-25421.17967798425,16.468789614348868,-0.6175086320687215,-2045.0456684083165,-16391.276644482026,-100.49434911274825,-805.4737862144041,7.015115211211665,8.634987193294766,8.187847834988126,0.05178228389890975,4.875899439533127,20549.970530791637,4213.600974781244,-7.714321520959729,-7.714321520959729,0.0,0.0,0.0,0.0,0.7258814738828792,0.7258814738828792,0.0
0.7140785714285715,1.4004061177741545,-1.2480894419161226,-0.2831893072680032,1.8677648974151766,-3818.3841531039875,0.996242824996757,-20.878113829237932,1.0,-17658.48943229387,0.7756825137571336,-5.768994589529363,-24234.4515636358,16.121750121093456,-0.6063088849862064,-2045.7707885938248,-16194.18743186241,-98.37327722197642,-778.716412660413,6.915934435154195,8.452677312297743,7.734324652643112,0.0849852222099505,4.771247495021972,19053.094185347516,3992.3149989025624,-7.56364593323319,-7.56364593323319,0.0,0.0,0.0,0.0,0.711622181235422,0.711622181235422,0.0
0.7140821428571428,1.400399113747418,-1.248060255849447,-0.2795814457372501,1.801653769459145,-3684.4440584596146,0.9961906006505972,-20.425951789959864,1.0,-17411.36928864503,0.7731627312399275,-5.644435068326473,-23092.894428364176,15.779402968911974,-0.5867553910124699,-2046.4958849152545,-15997.240015289484,-96.28098656347728,-752.618200856333,6.816893321508893,8.272842908549283,7.306389481383892,0.11682240770783195,4.668067236964616,17987.290948441096,3852.2630391453463,-7.414672593950529,-7.414672593950529,0.0,0.0,0.0,0.0,0.6975262270860116,0.6975262270860116,0.0
0.7140857142857142,1.4003921097907417,-1.248031111376783,-0.278577116110597,1.7373488360823433,-3554.147483959064,0.9961371569251617,-19.98687919330686,1.0,-17164.471799990275,0.7705897123685406,-5.521638417828821,-21995.247661289835,15.44173143513322,-0.5729968926390339,-2047.2209573637745,-15800.461276072694,-94.2173742224111,-727.1701511161945,6.718004849080431,8.09547508693974,6.895832476509609,0.14818680775949625,4.566352068611994,17615.814112633245,3856.7433031763185,-7.267403689450803,-7.267403689450803,0.0,0.0,0.0,0.0,0.683593761933428,0.683593761933428,0.0
0.7140892857142856,1.4003851059041237,-1.2480019502375337,-0.2804785631030029,1.6748184264702524,-3427.4354240821326,0.9960824638072153,-19.561225960324826,1.0,-16917.83080206378,0.7679621221775048,-5.400596672310886,-20940.276170348065,15.10872009077576,-0.5653146786424399,-2047.946005937473,-15603.878990532401,-92.18233411766316,-702.3632373444317,6.619282415304465,7.920564680617635,6.5017362898478,0.1791322270546999,4.466095249450952,16863.619755031825,3774.9203091570844,-7.121841038001771,-7.121841038001771,0.0,0.0,0.0,0.0,0.6698249042090467,0.6698249042090467,0.0
0.7140928571428571,1.400378102087564,-1.2479727685861635,-0.28184868477953273,1.6140309572702654,-3304.193366669747,0.9960264243383863,-19.14005311663983,1.0,-16671.480102757014,0.7652785774045273,-5.28130169142615,-19926.76322076009,14.7803515725187,-0.5565641025915209,-2048.671030637708,-15407.520295949998,-90.17575700257883,-678.1883403639491,6.520739086720995,7.7481022510613276,6.127096818498389,0.2092132215138094,4.367289895501625,15920.226847649481,3644.33319943967,-6.977986147632088,-6.977986147632088,0.0,0.0,0.0,0.0,0.6562197440872735,0.6562197440872735,0.0
0.7140964285714285,1.4003710983410604,-1.2479435670439618,-0.2830812128670175,1.554954943490332,-3184.366821836679,0.9959690029966475,-18.72437221201987,1.0,-16425.45367356061,0.7625376542501822,-5.163745160618443,-18953.506029371394,14.456607885482947,-0.5475739593522347,-2049.396031466024,-15211.412413719616,-88.19753046698291,-654.6362875725711,6.422387952434073,7.578078088260964,5.770750279959919,0.23849421809214894,4.269928979674958,15152.517364572137,3547.6579370988975,-6.835840247428509,-6.835840247428509,0.0,0.0,0.0,0.0,0.6427783453066345,0.6427783453066345,0.0
0.7141,1.400364094664613,-1.247914347205196,-0.28476422367697296,1.497559008572696,-3067.903660605326,0.9959101670996453,-18.31557316953091,1.0,-16179.785648687677,0.759737887773697,-5.047918591572742,-18019.31963580829,14.137470494456156,-0.539476854174062,-2050.1210084237746,-15015.582688485072,-86.24753894000781,-631.6978594486585,6.324242143164872,7.410482210969974,5.43139405961428,0.2670660417247864,4.174005332170657,14458.909756486413,3463.037203078314,-6.695404285563662,-6.695404285563662,0.0,0.0,0.0,0.0,0.6295007450024377,0.6295007450024377,0.0
0.7141035714285714,1.40035709105822,-1.2478851020205188,-0.28618804015874844,1.441811893793923,-2954.7332220448834,0.9958498585445733,-17.911924926952654,1.0,-15934.510328942093,0.7568777722566528,-4.933813322719818,-17123.03874238841,13.822920539872426,-0.5309049028309757,-2050.8459615124466,-14820.058690426076,-84.32566369390348,-609.3637984059761,6.226314881053601,7.245304367040806,5.109056406360215,0.29484585497863597,4.0795116409195575,13451.83690068089,3296.413534932022,-6.556678927396449,-6.556678927396449,0.0,0.0,0.0,0.0,0.6163869535464765,0.6163869535464765,0.0
0.7141071428571428,1.4003500875218806,-1.247855858018309,-0.2838853952532361,1.3876824686807443,-2844.7486462044494,0.9957879608268881,-17.505585105709713,1.0,-15689.66209241372,0.7539557528239874,-4.821420519796561,-16263.517961765174,13.512937902504149,-0.5155935125824679,-2051.570890733461,-14624.867711513794,-82.43178284878248,-587.6247927053963,6.128619233959412,7.0825340338410525,4.8063516250878715,0.32137966409725033,3.9864404520719723,12408.288617247388,3111.6235965215833,-6.419664553646513,-6.419664553646513,0.0,0.0,0.0,0.0,0.6034369543937251,0.6034369543937251,0.0
0.7141107142857143,1.4003430840555935,-1.247826659635752,-0.2812025175861663,1.335139740534694,-2737.937483438705,0.9957244869426217,-17.10448973869882,1.0,-15445.275069771335,0.7509702224261922,-4.710731176476467,-15439.624333925265,13.20750161857494,-0.4999228915663348,-2052.295796081669,-14430.036687015914,-80.56577137834563,-566.4714798553342,6.031168077509275,6.922160418753738,4.5192856402831145,0.3471278666065985,3.894784170531274,12039.617628613687,3090.2156107924725,-6.284361138647764,-6.284361138647764,0.0,0.0,0.0,0.0,0.5906506938469744,0.5906506938469744,0.0
0.7141142857142857,1.4003360806593583,-1.247797468548381,-0.2824429516086582,1.2841528644897249,-2634.295725199104,0.9956594765089007,-16.71800626118336,1.0,-15201.384042479112,0.7479195463492877,-4.601736115027726,-14650.2460234269,12.90659200459082,-0.49142063974654027,-2053.020677550708,-14235.5939121026,-78.72750111659217,-545.8945191664924,5.93397493155594,6.764172459762186,4.243283341650116,0.3726825614083617,3.804535060534733,11696.528549149918,3073.364768110707,-6.150768494497328,-6.150768494497328,0.0,0.0,0.0,0.0,0.5780281006494777,0.5780281006494777,0.0
0.7141178571428571,1.4003290773331734,-1.2477682504947343,-0.2842383062839531,1.2346911526367552,-2533.7177386355684,0.9955928109587837,-16.338397870253303,1.0,-14958.024492927674,0.7448020497059981,-4.494425987023505,-13894.296840023915,12.610188704035703,-0.4839077868593028,-2053.745535142124,-14041.568183295647,-76.91684076555303,-525.8845585163823,5.83705354097042,6.6085588261227315,3.9809724705137977,0.3976035357697723,3.71568524628151,11002.467256001331,2960.0869938491437,-6.018886348442241,-6.018886348442241,0.0,0.0,0.0,0.0,0.5655690930090234,0.5655690930090234,0.0
0.7141214285714286,1.4003220740770377,-1.247739014702208,-0.28545079675794227,1.1867240838068014,-2436.129660054305,0.9955244110618022,-15.963197975467626,1.0,-14715.231883912496,0.7416160017069863,-4.388791274148683,-13170.707007227473,12.31826992246454,-0.47542955104073176,-2054.4703688572977,-13847.987851697659,-75.13365590403164,-506.4322026661127,5.740417414440468,6.455307919123974,3.732785039606925,0.4217494988041581,3.628226712608971,10362.660535733248,2855.122661718045,-5.88871411747111,-5.88871411747111,0.0,0.0,0.0,0.0,0.5532735602039782,0.5532735602039782,0.0
0.714125,1.4003150708909504,-1.2477097585901793,-0.2867732482839358,1.1402213126103835,-2341.481245236326,0.9954542348279422,-15.593869660328007,1.0,-14473.041756847282,0.7383596239130104,-4.284822289047036,-12478.425184933865,12.03081359793664,-0.4671808699017286,-2055.1951786976933,-13654.881449646444,-73.37780899739508,-487.5280427278644,5.644080129800164,6.3044078729362,3.497520774221404,0.4452261267492395,3.542151305717569,9880.422100609,2788.3845428512614,-5.760250907410317,-5.760250907410317,0.0,0.0,0.0,0.0,0.5411413625070317,0.5411413625070317,0.0
0.7141285714285714,1.4003080677749105,-1.2476804829649533,-0.2887454568360681,1.0951526789173218,-2249.7199449105537,0.9953822362817863,-15.231444514680968,1.0,-14231.489693606127,0.7350310862136838,-4.1825091762285735,-11816.419874098265,11.747797089140017,-0.46001149858861873,-2055.9199646647758,-13462.277512060893,-71.6491594084228,-469.16265420835634,5.548055247012477,6.155846555551642,3.2741784230030166,0.4681189023384277,3.457450733945311,9268.29496152858,2679.673037661043,-5.63349551233622,-5.63349551233622,0.0,0.0,0.0,0.0,0.5291723311361449,0.5291723311361449,0.0
0.7141321428571428,1.400301064728917,-1.2476511872260048,-0.2880627929306172,1.0514882169425326,-2160.748830715419,0.9953082734917794,-14.869386867252697,1.0,-13990.611315527076,0.7316285062836716,-4.08184191304047,-11183.682332827648,11.469197273129817,-0.44870656048325025,-2056.6447267599888,-13270.204621359568,-69.9475634092745,-451.32660353492315,5.452356330043097,6.009611569820817,3.0649523021047487,0.4899916131857198,3.3741165685946433,8353.424459195121,2474.7367712030214,-5.508446414071102,-5.508446414071102,0.0,0.0,0.0,0.0,0.5173662682135893,0.5173662682135893,0.0
0.7141357142857142,1.4002940617529682,-1.2476219308475458,-0.2843394197119835,1.0091981640142067,-2074.507622070143,0.9952322658460392,-14.507284456873885,1.0,-13750.44170476502,0.7281499302450282,-3.9828103106899926,-10579.22027897325,11.19498944081712,-0.4329597785579088,-2057.369464982155,-13078.690399461038,-68.27287419429875,-434.01041935670577,5.356996456917124,5.865690254561045,2.869481570423133,0.5108024041685664,3.2921402447978356,7931.718506413491,2408.2893730596716,-5.385101637168262,-5.385101637168262,0.0,0.0,0.0,0.0,0.5057229352069794,0.5057229352069794,0.0
0.7141392857142856,1.4002870588470635,-1.2475927047539408,-0.2845016566883771,0.968252969927849,-1991.0166229992994,0.9951543219670697,-14.158358182456794,1.0,-13511.014896218943,0.724593343010919,-3.885404015364306,-10002.05722877711,10.925149681791986,-0.42339229709783827,-2058.094179322109,-12887.762263092833,-66.62494189446087,-417.2046257917142,5.261988587586297,5.7240696858040225,2.6816972538582426,0.5315051351472913,3.2115130624589106,7846.225723944456,2442.155475736087,-5.263458502505329,-5.263458502505329,0.0,0.0,0.0,0.0,0.49424203332641226,0.49424203332641226,0.0
0.7141428571428571,1.4002800560112023,-1.2475634517685605,-0.28656101218226127,0.9286233052446661,-1910.1940430430845,0.9950743281009613,-13.818467960472566,1.0,-13272.366687796854,0.720956704598962,-3.789612509339412,-9451.245181991288,10.659654387460062,-0.41671045865926326,-2058.818869780136,-12697.449449236268,-65.00361359237073,-400.8998118882397,5.167346547873949,5.584736678094889,2.502838718145899,0.5518430210035099,3.1322261872221637,7388.055107205525,2357.7233697696884,-5.143514574513318,-5.143514574513318,0.0,0.0,0.0,0.0,0.4829232790368734,0.4829232790368734,0.0
0.7141464285714285,1.4002730532453829,-1.2475341811446088,-0.28778146341375077,0.8902800697053252,-1831.9528832548244,0.9949921396993756,-13.48249454056164,1.0,-13034.53290572874,0.7172379068407545,-3.6954251122205934,-8925.855758462598,10.398478244364302,-0.40883649244835424,-2059.543536357762,-12507.78062896359,-63.40873333872926,-385.08655561797565,5.073083869391373,5.447677785913077,2.334572156588198,0.5714555360404996,3.054270651506657,6879.943086728991,2251.564972699832,-5.025267160575199,-5.025267160575199,0.0,0.0,0.0,0.0,0.4717663641131761,0.4717663641131761,0.0
0.71415,1.4002660505496043,-1.2475048896183734,-0.28897974453960273,0.8531944010113631,-1756.2454414094525,0.994907703010453,-13.151926643657383,1.0,-12797.54937896477,0.7134347842522555,-3.602830982228276,-8424.978728637388,10.14159566115742,-0.40098958488575687,-2060.26817905648,-12318.784586859652,-61.8401421698456,-369.75545123449666,4.979214119834224,5.312879305185097,2.175804683121439,0.5904660056933789,2.977637355590663,6534.982134437897,2193.68704681856,-4.908713250101874,-4.908713250101874,0.0,0.0,0.0,0.0,0.4607709507881078,0.4607709507881078,0.0
0.7141535714285714,1.400259047923866,-1.2474755808218139,-0.29099904591868153,0.8173376825870191,-1683.0238525249652,0.9948209650053944,-12.828161099310403,1.0,-12561.451879688993,0.7095451086829097,-3.5118191175483826,-7947.724186295947,9.888980437843838,-0.39431592204117727,-2060.9927978776423,-12130.490007124608,-60.29767812635274,-354.897107218306,4.885750799137328,5.180327274900209,2.025497573316029,0.6090020058906322,2.902317068750961,6167.822500816064,2124.137383239263,-4.793849514686839,-4.793849514686839,0.0,0.0,0.0,0.0,0.4499366717730139,0.4499366717730139,0.0
0.7141571428571428,1.4002520453681664,-1.2474462436060396,-0.29160185601242006,0.7826815518344444,-1612.2101540691299,0.9947317764475407,-12.507374909936926,1.0,-12326.27615960472,0.7055665921417856,-3.4223783577485047,-7493.224785225821,9.640606117930227,-0.38577776357587146,-2061.717392822819,-11942.925679580485,-58.781176273100684,-340.50215710058364,4.792707439514161,5.05000747882716,1.8848193901198256,0.6267689903386904,2.828300430456299,5489.337933523082,1939.8609758749951,-4.680672308353863,-4.680672308353863,0.0,0.0,0.0,0.0,0.439263130287322,0.439263130287322,0.0
0.7141607142857143,1.4002450428825044,-1.2474169293239965,-0.28811365918497245,0.7491979080296193,-1543.7249403861704,0.9946399604606228,-12.18539592865892,1.0,-12092.057773559227,0.7014968696304933,-3.334497385262156,-7060.632991762393,9.396444798340733,-0.37205813135933336,-2062.4419638930244,-11756.119746598913,-57.2904687202497,-326.561242645938,4.700097240267695,4.921905447333965,1.7550997492531855,0.6434105108207909,2.755577951616218,5035.998070478548,1826.565091208835,-4.569177666171079,-4.569177666171079,0.0,0.0,0.0,0.0,0.4287498998989696,0.4287498998989696,0.0
0.7141642857142857,1.4002380404668795,-1.2473876579647,-0.28686958693722886,0.7168589198374344,-1477.5743083601246,0.9945456266102329,-11.872625561037326,1.0,-11858.83192527516,0.6973335102474721,-3.2481647269536245,-6649.116551950962,9.15646863187028,-0.3615232171185845,-2063.1665110796616,-11570.100341597612,-55.825384645570914,-313.06503788660945,4.607933377875032,4.796006459311298,1.6315634063397295,0.659807921406757,2.684140015885225,5020.603962065745,1869.4702185254512,-4.459361202169957,-4.459361202169957,0.0,0.0,0.0,0.0,0.41839651546647816,0.41839651546647816,0.0
0.7141678571428571,1.40023103812129,-1.2473583728012485,-0.2887018652379254,0.6856370331000077,-1413.709679365052,0.9944487188378265,-11.570041061053622,1.0,-11626.633430643491,0.693074022465419,-3.163368755712447,-6257.867758969998,8.92065041704175,-0.3549846476993179,-2063.8910343802963,-11384.895874820048,-54.38575031800328,-300.0042609470138,4.516229144451162,4.672295544203735,1.5134072310809048,0.6760891478797016,2.6139768810240933,4791.605226967825,1832.0710044729196,-4.351218076211616,-4.351218076211616,0.0,0.0,0.0,0.0,0.4082024727037555,0.4082024727037555,0.0
0.7141714285714286,1.4002240358457354,-1.2473290664296344,-0.2901166318233379,0.6555049777771715,-1352.0446765238787,0.9943490256013569,-11.272029034703966,1.0,-11395.49692518597,0.6887158347704243,-3.080097692146591,-5886.101093934914,8.688961702408985,-0.3479711632454009,-2064.615533796368,-11200.534219476114,-52.9713891224313,-287.3696563873157,4.424997553360856,4.550757484145793,1.4026091177196376,0.6917855713897888,2.5450786803175682,4424.8004002539265,1737.5711626415462,-4.244743148513114,-4.244743148513114,0.0,0.0,0.0,0.0,0.39816723981706625,0.39816723981706625,0.0
0.714175,1.4002170336402142,-1.2472997404297326,-0.29136179753118086,0.6264357750340682,-1292.5283622130557,0.9942464536232098,-10.978963710100608,1.0,-11165.456969091956,0.6842563027601235,-2.9983396063478573,-5533.04905270157,8.461373431685969,-0.3408120849389459,-2065.340009329404,-11017.043122203555,-51.58212158574189,-275.15201142565434,4.334251538457671,4.431376816207727,1.2986462665777276,0.7069429388563981,2.4774354240496144,4149.962332298919,1674.104138744974,-4.139930990631337,-4.139930990631337,0.0,0.0,0.0,0.0,0.3882902578352452,0.3882902578352452,0.0
0.7141785714285714,1.4002100315047257,-1.2472703958349751,-0.2929645229477842,0.5984027443749815,-1235.1124052715138,0.994140917279669,-10.691578271164744,1.0,-10936.548057769722,0.6796927096886036,-2.9180824197212663,-5197.964225971179,8.237856090595201,-0.33412501860714844,-2066.0644609808287,-10834.450285169607,-50.217765404139804,-263.3421623472335,4.244003993963545,4.314137834749367,1.200858458258016,0.7216457831770272,2.411037001036662,3925.7580073517506,1627.244612448424,-4.036775885077298,-4.036775885077298,0.0,0.0,0.0,0.0,0.37857094060125485,0.37857094060125485,0.0
0.7141821428571429,1.4002030294392689,-1.2472410270234515,-0.2945180441553532,0.5713795099275736,-1179.741071118404,0.9940322916925755,-10.409234063649677,1.0,-10708.804611358122,0.6750222661664654,-2.8393139068859115,-4880.119874733978,8.018379788953954,-0.32742814882001275,-2066.7888887521062,-10652.783399303727,-48.878135471766974,-251.930999327629,4.154267790618764,4.199024593885861,1.109174460122736,0.7358494966336256,2.345873180219585,3527.9712760149637,1502.905371254864,-3.9352718250601857,-3.9352718250601857,0.0,0.0,0.0,0.0,0.36900867477577814,0.36900867477577814,0.0
0.7141857142857142,1.4001960274438423,-1.2472116551128245,-0.29248862958476707,0.5453400071763271,-1126.3351517697606,0.9939203137036294,-10.12712482422116,1.0,-10482.260896842936,0.6702421015433815,-2.7620216976498777,-4578.810609689248,7.80291383608714,-0.31689869349112615,-2067.513292644785,-10472.069851968066,-47.56304391065939,-240.9094635456954,4.065055634332625,4.086020910068194,1.025285318873848,0.7490748722436821,2.281933612316523,3065.0478278543137,1342.1801045004138,-3.835412514365631,-3.835412514365631,0.0,0.0,0.0,0.0,0.3596028198532337,0.3596028198532337,0.0
0.7141892857142856,1.400189025518445,-1.2471823286386257,-0.2895521429314556,0.5202584890724594,-1074.866147721977,0.9938049619515836,-9.849109569171107,1.0,-10256.951962458576,0.6653492826566515,-2.686193279052868,-4293.347752028716,7.591426783215948,-0.30566199282692685,-2068.2376726544267,-10292.33749104638,-46.27230010180054,-230.2685689519812,3.9763804359278225,3.9751103647578256,0.9472560616069874,0.7617032045185249,2.2192078315249315,2999.567070562769,1350.6386468867195,-3.737191645011522,-3.737191645011522,0.0,0.0,0.0,0.0,0.3503527291641614,0.3503527291641614,0.0
0.7141928571428571,1.4001820236630764,-1.2471530137177274,-0.2906515059482899,0.49610953197039614,-1025.3205876681743,0.9936863289494302,-9.581576801661068,1.0,-10032.91306833184,0.6603408225599597,-2.611815997493622,-4023.061990075331,7.383887773611222,-0.2988718366940634,-2068.962028773962,-10113.614896527546,-45.005710717936644,-219.9994103398123,3.888255442039568,3.8662763072525252,0.8721021446242407,0.7744335698438535,2.157685257304189,2982.9288262720597,1381.467074924046,-3.6406026604752246,-3.6406026604752246,0.0,0.0,0.0,0.0,0.34125773189367026,0.34125773189367026,0.0
0.7141964285714285,1.400175021877735,-1.2471236709611961,-0.2925214505557392,0.4728680415041354,-977.6226240626366,0.9935641507996569,-9.319996739661736,1.0,-9810.17786359592,0.655213625588006,-2.538877060897684,-3767.3070325311337,7.180265524941194,-0.29292815799045324,-2069.686361004907,-9935.929374446323,-43.76307975730478,-210.09312225728624,3.800693265245306,3.7595018575905157,0.8014345917441922,0.7868242596752337,2.0973551961980363,2735.921881299872,1303.4628235881992,-3.545638281388632,-3.545638281388632,0.0,0.0,0.0,0.0,0.3323170973425823,0.3323170973425823,0.0
0.7142,1.4001680201624196,-1.247094310764023,-0.29372234051103874,0.45050925797111274,-931.7124762459777,0.9934382241340132,-9.062503214801154,1.0,-9588.779739717022,0.6499645037754171,-2.467363540996571,-3525.4545856628283,6.980527709309997,-0.2863671330288144,-2070.410669348706,-9759.307697387048,-42.54420857891598,-200.54090157585298,3.7137062428571506,3.654769909588073,0.7357571116996406,0.7986857914722825,2.0382068437278638,2508.2852205992867,1229.6333031497693,-3.4522909463380813,-3.4522909463380813,0.0,0.0,0.0,0.0,0.323530068348163,0.323530068348163,0.0
0.7142035714285714,1.4001610185171296,-1.2470649300507157,-0.2950139003581853,0.4290087615698087,-887.5470633585254,0.9933084401687509,-8.810021757107393,1.0,-9368.751953910672,0.6445901900334046,-2.3972623756680176,-3296.894529401401,6.784641728024454,-0.2799637666943396,-2071.1349538068825,-9583.776619970698,-41.34889593916971,-191.33402265025262,3.6273066862953978,3.5520631339913615,0.6744123644765747,0.8101350288448407,1.9802292863454243,2375.5017447248583,1198.6094397275185,-3.360552815134998,-3.360552815134998,0.0,0.0,0.0,0.0,0.31489586156718874,0.31489586156718874,0.0
0.7142071428571428,1.4001540169418636,-1.247035530439965,-0.2970267049829829,0.4083424775336651,-845.082497865771,0.9931746825070034,-8.563229478565887,1.0,-9150.127577228577,0.6390873330245724,-2.32856037135082,-3081.0357194172357,6.592574504311823,-0.2742943775593334,-2071.859214380899,-9409.362720796898,-40.17693802983603,-182.4638374604376,3.5415068048475233,3.4513639817456205,0.6168579526186367,0.8212712551092208,1.923411503446827,2172.899709147464,1128.7112995599457,-3.2704157691293725,-3.2704157691293725,0.0,0.0,0.0,0.0,0.3064136675377297,0.3064136675377297,0.0
0.7142107142857143,1.400147015436621,-1.2470061085525248,-0.29657089811578885,0.3884866808425601,-804.2506071461897,0.9930366229534496,-8.31844429050253,1.0,-8932.93949553477,0.6334524984235079,-2.2612442055352093,-2877.3073857731756,6.404292596514795,-0.2664399952912317,-2072.583451072249,-9236.092462189901,-39.02812851742027,-173.92178029146987,3.4563187346746487,3.3526546873829757,0.5643918589330327,0.8316582196618683,1.8677423694485051,1779.7112560311768,951.8676358917095,-3.181871411678272,-3.181871411678272,0.0,0.0,0.0,0.0,0.298082650755108,0.298082650755108,0.0
0.7142142857142857,1.4001400140014002,-1.2469767240922576,-0.2927988164787223,0.3694180006633466,-765.000822224122,0.9928940310902594,-8.074929553688596,1.0,-8717.220628440064,0.6276821617337502,-2.195300429330991,-2685.1558813789316,6.219761518041554,-0.2558441590145107,-2073.3076638802204,-9063.991980610996,-37.90225858391907,-165.6993671690465,3.371754437856861,3.255917272529622,0.5170852777376139,0.841185990166183,1.8132106559250178,1652.5616046118016,910.40077917132,-3.0949111729002494,-3.0949111729002494,0.0,0.0,0.0,0.0,0.2899019565164982,0.2899019565164982,0.0
0.7142178571428571,1.4001330126362004,-1.2469473726299183,-0.2927580461756918,0.35111342482432517,-727.3314873170541,0.9927471310458401,-7.840407045715073,1.0,-8503.005222388081,0.6217727685163835,-2.130715470116315,-2504.0431838638783,6.038947067999249,-0.24873372576110545,-2074.031852795452,-8893.088862759327,-36.799116968985814,-157.78823108968942,3.2878265590631663,3.16113354953393,0.4714686007321899,0.8508545768964104,1.7598050338098588,1735.2782466949775,985.0627815901955,-3.0095265884214095,-3.0095265884214095,0.0,0.0,0.0,0.0,0.28187073024683795,0.28187073024683795,0.0
0.7142214285714286,1.4001260113410208,-1.2469179955054417,-0.2948197859040249,0.33355030366033034,-691.1857062784484,0.9925956674620258,-7.612817542172318,1.0,-8290.325728513097,0.6157206507324716,-2.0674756342367644,-2333.4526622940666,5.861815150655271,-0.24349215071737595,-2074.756017818091,-8723.409544670585,-35.71849001349498,-150.18007612896204,3.2045471707292714,3.06828512521457,0.4281877887852552,0.8604471972743044,1.7075140756583276,1603.0270117207106,937.8074948094749,-2.9257084548780226,-2.9257084548780226,0.0,0.0,0.0,0.0,0.2739880604278937,0.2739880604278937,0.0
0.714225,1.4001190101158598,-1.2468886003551043,-0.2960594763186464,0.3167063537365713,-656.5011188079549,0.9924392770897166,-7.389005762310889,1.0,-8079.213942893828,0.6095220313627703,-2.005567109809712,-2172.885398063175,5.688330607917689,-0.23762441341024423,-2075.480158949565,-8554.97956298047,-34.660161704530616,-142.86668737991207,3.1219278951383886,2.977353404730806,0.3883576791186065,0.8695627873729959,1.6563262579734348,1429.3650074357477,861.9731011960282,-2.843447226878194,-2.843447226878194,0.0,0.0,0.0,0.0,0.26625300521084083,0.26625300521084083,0.0
0.7142285714285714,1.4001120089607169,-1.2468591844641022,-0.29725274874482466,0.30055966137460327,-623.2385198543649,0.992277807295422,-7.169753955182714,1.0,-7869.701396179877,0.6031730492761763,-1.944975969598388,-2021.8584115796152,5.518457999005358,-0.23179354865779023,-2076.2042761913763,-8387.82430051855,-33.623913721800186,-135.83994784541045,3.0399802643241416,2.888319595575074,0.3514489654430478,0.8783206103710025,1.6062299635951665,1343.1751971711842,835.2284527209316,-2.7627330867151283,-2.7627330867151283,0.0,0.0,0.0,0.0,0.2586645973561079,0.2586645973561079,0.0
0.7142321428571429,1.4001050078755906,-1.246829751313285,-0.29923692511471245,0.2850886858165061,-591.3592116272208,0.9921111086281946,-6.955812645770457,1.0,-7661.819299243516,0.5966697551337012,-1.8856881739604905,-1879.905796799333,5.352161451926087,-0.22663760900737484,-2076.928369545069,-8221.968854160812,-32.6095254854681,-129.09183909371404,2.958715656602906,2.8011647116873326,0.31695413630511426,0.886849161356816,1.5572134841521008,1248.2341729561726,800.5819190236676,-2.6835559458516585,-2.6835559458516585,0.0,0.0,0.0,0.0,0.25122184440241724,0.25122184440241724,0.0
0.7142357142857143,1.4000980068604802,-1.2468002896430517,-0.30001512731237767,0.2702722621810333,-560.8099607856172,0.991938822319387,-6.745241256271593,1.0,-7455.598568489844,0.5900081170883286,-1.827689573875328,-1746.5795144273457,5.189404854003593,-0.2206366035603116,-2077.652439012143,-8057.438159646134,-31.616774205442194,-122.61444608558834,2.8781453569188824,2.7158695776940656,0.28550352118609745,0.8948758351538711,1.509265022577357,981.0242529571065,649.0013173841537,-2.605905446574565,-2.605905446574565,0.0,0.0,0.0,0.0,0.2439237288512871,0.2439237288512871,0.0
0.7142392857142856,1.4000910059153846,-1.246770847334713,-0.2966794888289144,0.2560896040847594,-531.5349651055227,0.9917604821696636,-6.535504751035239,1.0,-7251.06969411701,0.5831840034154994,-1.7709659140488454,-1621.4480784765283,5.030151244962706,-0.2117941895223303,-2078.376484593778,-7894.256531531032,-30.64543493211079,-116.39995288038925,2.7982803356601567,2.6324148332717,0.2579846509062167,0.9019969620116521,1.4623726956881233,814.0955592815553,555.6949941570678,-2.529770974707456,-2.529770974707456,0.0,0.0,0.0,0.0,0.2367692091854784,0.2367692091854784,0.0
0.7142428571428571,1.4000840050403025,-1.2467414490739408,-0.2951780523822265,0.24252030609743477,-503.52410783647855,0.9915762843814815,-6.332019205046202,1.0,-7048.264127421147,0.5761932475319121,-1.7155028360955062,-1504.0933979479828,4.874363543666995,-0.20449158684103705,-2079.100506281909,-7732.449187884244,-29.69528060838768,-110.4406678419556,2.719131982566978,2.5507809376221933,0.2319553151517561,0.9090649801672182,1.4165245368222121,893.4959057098833,629.766275121732,-2.45514197515503,-2.45514197515503,0.0,0.0,0.0,0.0,0.2297572436556644,0.2297572436556644,0.0
0.7142464285714285,1.400077004235233,-1.2467120402946197,-0.29693126895656974,0.2295443458225165,-476.74292102395907,0.991386114345932,-6.135779865597277,1.0,-6847.212291810056,0.5690315975364013,-1.6612858817941611,-1394.1149669784556,4.722004950578197,-0.19956447947823078,-2079.8245040734023,-7572.04088644823,-28.766082123494247,-104.72900456525183,2.640711450229646,2.470948174097663,0.20683650427736017,0.9162926578365438,1.3717084985517016,868.287959629298,631.9974338907043,-2.382007412950456,-2.382007412950456,0.0,0.0,0.0,0.0,0.22288674984251922,0.22288674984251922,0.0
0.7142499999999999,1.4000700035001752,-1.246682609387214,-0.29840268122723046,0.21714208570243929,-451.13420244172124,0.9911894301011126,-5.9436153850888775,1.0,-6647.943455232058,0.5616946866712523,-1.6083004964176253,-1291.129133072192,4.573037964192389,-0.19450699098297972,-2080.5484779698327,-7413.05524847796,-27.857608367892805,-99.25747566485957,2.563029329511949,2.392896654923698,0.18380496836856797,0.9231872517392822,1.3279124554455923,753.9686861216769,566.784934187304,-2.310355821984504,-2.310355821984504,0.0,0.0,0.0,0.0,0.21615660838264628,0.21615660838264628,0.0
0.7142535714285714,1.4000630028351275,-1.2466531591829126,-0.2996553935999202,0.20529427460752606,-426.65955946094857,0.990985955060184,-5.755550325698142,1.0,-6450.4864386420695,0.5541780642304304,-1.5565320321511025,-1194.7661842905393,4.42742464588927,-0.18937697475593895,-2081.272427972706,-7255.515473143247,-26.969626289818443,-94.01870616297558,2.4860959937909652,2.3166063260597953,0.16270273821893141,0.9297667728915925,1.2851242069027342,681.7385680522982,529.4845744796528,-2.240175480701268,-2.240175480701268,0.0,0.0,0.0,0.0,0.20956567624745903,0.20956567624745903,0.0
0.7142571428571428,1.4000560022400896,-1.2466236900105447,-0.30119036167300806,0.19398204908914654,-403.28318525852575,0.9907754415893641,-5.571936178219805,1.0,-6254.869630123162,0.5464772024560937,-1.5059657515813991,-1104.6711370556557,4.28512676294747,-0.18449484208770717,-2081.996354083475,-7099.444426220027,-26.10190095322183,-89.00543695604772,2.4099216419354903,2.2420569721807926,0.14324115897519643,0.9361117220692794,1.243331480045944,639.132612853057,513.0484441280611,-2.1714544147115538,-2.1714544147115538,0.0,0.0,0.0,0.0,0.203112787016268,0.203112787016268,0.0
0.7142607142857142,1.4000490017150602,-1.2465941977195345,-0.30284951400369664,0.18318693437851596,-380.96701235708014,0.9905575688947522,-5.392588197530019,1.0,-6061.1209686326165,0.5385875000211292,-1.4565868312628836,-1020.5037265482541,4.146105808439421,-0.17975116040816902,-2082.720256303708,-6944.864633135053,-25.254195597164184,-84.21052674269717,2.3345162952706855,2.169228221782828,0.12536291853140258,0.9422085157879929,1.2025219326788732,510.5618068152167,423.57587919235016,-2.1041803995873574,-2.1041803995873574,0.0,0.0,0.0,0.0,0.1967967511657761,0.1967967511657761,0.0
0.7142642857142857,1.400042001260038,-1.2465646984852883,-0.30108879614965645,0.17289084513931424,-359.660243270146,0.9903316358269476,-5.21491002229517,1.0,-5869.267873321115,0.5305042784173236,-1.4083803653598717,-941.9387539723837,4.010322846657092,-0.17310223238762376,-2083.444134634882,-6791.79812576981,-24.426271696654172,-79.62695210829504,2.259889724357814,2.0980995524129575,0.11002881049642434,0.9475578695158274,1.162683156305351,327.1906414180162,280.40997798379334,-2.038340963838616,-2.038340963838616,0.0,0.0,0.0,0.0,0.19061635637606145,0.19061635637606145,0.0
0.7142678571428571,1.400035000875022,-1.2465352440861004,-0.2979390445531749,0.1630760858981794,-339.3363401703889,0.9900974740110182,-5.040495894149341,1.0,-5679.337784056506,0.5222228071704537,-1.361331369368055,-868.6632098560514,3.877738450031648,-0.1658663481983369,-2084.1679890733208,-6640.266832648596,-23.61788902492143,-75.24781398215968,2.1860516366538403,2.0286502960219464,0.09644653275384296,0.9524577829195261,1.1238026792105096,349.4560782213301,309.95857367667867,-1.97392353363651,-1.97392353363651,0.0,0.0,0.0,0.0,0.18457037850382602,0.18457037850382602,0.0
0.7142714285714286,1.4000280005600112,-1.246505805282235,-0.29887690219069896,0.1537253512458096,-319.98132696121405,0.9898553418419058,-4.873064041129505,1.0,-5491.358181630401,0.5137383376544555,-1.3154247839062727,-800.3768874646911,3.748313447024141,-0.1610658919883569,-2084.8918196114096,-6490.293028623062,-22.828805717119835,-71.06634368455092,2.1130118923065986,1.9608596444396724,0.08293812999322041,0.9577031786908337,1.0858679696033908,413.8551663012919,380.128440921276,-1.9109153812560367,-1.9109153812560367,0.0,0.0,0.0,0.0,0.17865757779171887,0.17865757779171887,0.0
0.714275,1.4000210003150046,-1.2464763382306743,-0.3008109353482098,0.14482172570029608,-301.5481643711181,0.98960454691482,-4.710282982286079,1.0,-5305.354997436314,0.5050460260511542,-1.2706454785767491,-736.7948870742001,3.622008462187284,-0.15687031618739897,-2085.6156262504514,-6341.897783172149,-22.058778335465956,-67.07588668995622,2.040779759870566,1.894706654973565,0.07036992724857741,0.9628597244518787,1.0488664388209372,347.3735316257416,330.1894811089911,-1.8493032896983537,-1.8493032896983537,0.0,0.0,0.0,0.0,0.1728766737258831,0.1728766737258831,0.0
0.7142785714285714,1.4000140001400014,-1.2464468538027147,-0.30201194820153887,0.13634868332609307,-283.9969426293427,0.9893444836530793,-4.550951834834001,1.0,-5121.353468795495,0.49614096033017874,-1.226978255913914,-677.6445415719072,3.498783524924727,-0.15235637000922622,-2086.339408992107,-6195.10140969117,-21.307561935794975,-63.26991016734648,1.9693641326959215,1.8301702561285778,0.05913867242769898,0.9676867918546567,1.0127854445925972,283.4402316888997,278.86207069051653,-1.7890738047483046,-1.7890738047483046,0.0,0.0,0.0,0.0,0.16722636409243566,0.16722636409243566,0.0
0.7142821428571429,1.4000070000350002,-1.2464173487372323,-0.30327163076742636,0.1282900870978802,-267.297882161175,0.9890748253016983,-4.395548654084069,1.0,-4939.37828092945,0.48701818788938867,-1.1844078553995907,-622.6649424974815,3.3785985087071877,-0.1479479233825761,-2087.063167837742,-6049.923830787934,-20.574910135508862,-59.64200847552529,1.8987737046099238,1.7672292534465224,0.048941370630937134,0.9723061563543668,0.9776122943640211,269.374059847033,268.396447552669,-1.7302132433365154,-1.7302132433365154,0.0,0.0,0.0,0.0,0.16170532570256496,0.16170532570256496,0.0
0.7142857142857143,1.4,-1.2463878253233,-0.30531673630514433,0.12063018799938907,-251.42137029279908,0.9887952336308905,-4.244446674697987,1.0,-4759.453506459646,0.477672717343571,-1.1429189575524743,-571.6072416807431,3.2614130255954352,-0.14398502825431395,-2087.786902789054,-5906.384461077216,-19.860575182951088,-56.18590311680401,1.829016914124203,1.7058623354676903,0.03952364806070799,0.9768306930524544,0.9433342486814655,222.30084765255089,221.35751340386943,-1.6727076976740474,-1.6727076976740474,0.0,0.0,0.0,0.0,0.15631221480240715,0.15631221480240715,0.0
0.7142892857142857,1.3999930000349998,-1.2463582777326374,-0.3050770075150808,0.11335362380811814,-236.32627543432363,0.9885047938526809,-4.095804793428579,1.0,-4581.602611724418,0.46809953108803387,-1.1024961880877968,-524.2351389253307,3.147186512064612,-0.13903131679245348,-2088.510613847426,-5764.502255720438,-19.1643080281395,-52.8954443061317,1.7601019681203103,1.6460480798089052,0.03156479861334993,0.980823890261447,0.9099385246334178,71.59551771418171,70.68557918954829,-1.6165430395700078,-1.6165430395700078,0.0,0.0,0.0,0.0,0.151045667499426,0.151045667499426,0.0
0.7142928571428571,1.3999860001399989,-1.246328765479329,-0.30128696321585835,0.10644541764600787,-221.9790859827663,0.9882027552820304,-3.94901110636801,1.0,-4405.8485119862635,0.4582935844892453,-1.063124122151098,-480.32312397218203,3.035877875570425,-0.13263689817729385,-2089.234301012617,-5624.295541689195,-18.48585839491268,-49.76461036678015,1.692036761488739,1.5877649593627263,0.02523237349261105,0.9841082438909986,0.877412299351893,46.25313939841362,45.37572709906173,-1.5617049760244601,-1.5617049760244601,0.0,0.0,0.0,0.0,0.14590430405449606,0.14590430405449606,0.0
0.7142964285714285,1.3999790003149954,-1.2462992885833541,-0.3010418171875813,0.09989097631067201,-208.3720335397138,0.9878896945421818,-3.8079724032562963,1.0,-4232.21458583682,0.4482499027741782,-1.0247872886173808,-439.65500015179566,2.927446150082354,-0.12797756566472754,-2089.9579642753306,-5485.783208344516,-17.824974854311662,-46.787518895793504,1.6248294473456788,1.530991348602528,0.018801871796818345,0.9877191521598209,0.8457427135649082,133.59796383676448,132.75222112319958,-1.5081792215831256,-1.5081792215831256,0.0,0.0,0.0,0.0,0.14088674197411444,0.14088674197411444,0.0
0.7142999999999999,1.399972000559989,-1.2462697875941393,-0.303083564610489,0.09367608828168505,-195.47147672119598,0.987564927727659,-3.671791465899397,1.0,-4060.7222910941714,0.43796346146439846,-0.987470174458727,-402.02698513941556,2.821850455177417,-0.12437475420329352,-2090.6816036351515,-5348.982760829365,-17.181404899519155,-43.95840976194638,1.558487505476145,1.4757055300210953,0.012568641122187002,0.9914829612910596,0.8149168752152885,113.24909920448235,112.43418232926706,-1.4559509763068659,-1.4559509763068659,0.0,0.0,0.0,0.0,0.135991556792522,0.135991556792522,0.0
0.7143035714285714,1.3999650008749782,-1.2462402682377303,-0.3043476968637435,0.08778692148483108,-183.24019174840822,0.9872273639958757,-3.538779159260753,1.0,-3891.392028094294,0.42742921690293945,-0.9511572291802356,-367.2457869654733,2.719049415572028,-0.1205147113878804,-2091.4052190937614,-5213.910667900187,-16.554895021901206,-41.27164978485631,1.4930179098240253,1.421885700663663,0.007163846164746884,0.9949617285261373,0.7849218631238952,66.29386706977118,65.50894520664728,-1.4050051933708527,-1.4050051933708527,0.0,0.0,0.0,0.0,0.1312173023416493,0.1312173023416493,0.0
0.7143071428571428,1.3999580012599624,-1.2462107282068404,-0.3055487717759604,0.08221002082615364,-171.65286505048982,0.9868765064744777,-3.409265556685484,1.0,-3724.2435187982437,0.4166421566553843,-0.915832869325185,-335.12724289352496,2.6190015364578776,-0.11670397427146804,-2092.128810652563,-5080.582877451538,-15.94519078845688,-38.72173782276037,1.4284273757822952,1.3695099787816267,0.0023748136460753563,0.9982659391440228,0.75574473071185,59.24070148266787,58.48495675195603,-1.3553266393225418,-1.3553266393225418,0.0,0.0,0.0,0.0,0.12656251540537622,0.12656251540537622,0.0
0.7143107142857142,1.39995100171494,-1.2461811708349333,-0.3074833252538838,0.07693230549378006,-160.6848428820582,0.986511868959236,-3.2835672957277806,1.0,-3559.2957585829377,0.4055973103354703,-0.8814814830422837,-305.4967479826341,2.5216651545248148,-0.11323847953331465,-2092.852378313197,-4949.014742087505,-15.352036920518454,-36.303304441354825,1.364722325076901,1.3185564105934051,-0.0020021942885423555,1.0015184745017025,0.7273725097740031,49.50733231236816,48.77995980259416,-1.3068998989409886,-1.3068998989409886,0.0,0.0,0.0,0.0,0.1220257162030271,0.1220257162030271,0.0
0.7143142857142857,1.3999440022399106,-1.246151585187178,-0.30842538587171475,0.07194106597467459,-150.30578599103657,0.9861324087708999,-3.1608319847704998,1.0,-3396.5670350918585,0.3942897726543649,-0.8480874347157799,-278.18937968841544,2.4269985329843013,-0.10947618031931891,-2093.575922077105,-4819.221080712985,-14.77517737369782,-34.011112527485224,1.3019089156946735,1.2690029771520714,-0.005677251098144549,1.0044737886359303,0.6997922143034784,-41.48969794474755,42.189490159051026,-1.2597093802961212,-1.2597093802961212,0.0,0.0,0.0,0.0,0.11760540889055154,0.11760540889055154,0.0
0.7143178571428571,1.3999370028348723,-1.2461220151153356,-0.305276625006087,0.06722396086908039,-140.48353150475506,0.9857366369245066,-3.0397356954311787,1.0,-3236.074776071947,0.38271469892781607,-0.81563506965727,-253.04925256654678,2.334959605406095,-0.1043967806937314,-2094.2994419456486,-4691.215905035686,-14.214355419066328,-31.840055383772906,1.2399929117478283,1.2208276013186545,-0.00815970012551881,1.0066837447946828,0.6729908443662671,-96.49975906722756,97.17274991159383,-1.2137393226314757,-1.2137393226314757,0.0,0.0,0.0,0.0,0.11330008227527932,0.11330008227527932,0.0
0.7143214285714286,1.399930003499825,-1.2460924898892876,-0.30351020679739804,0.06276901347919743,-131.2069851182624,0.9853249669403484,-2.9226647333115436,1.0,-3077.8364314409546,0.37086740512865174,-0.7841087188595041,-229.92758975263914,2.2455062789724645,-0.0999574462532734,-2095.0229379114903,-4565.013292892615,-13.669313725511522,-29.785162602508866,1.178980101021441,1.1740081548362562,-0.010512792279346657,1.0089546160612597,0.6469553900235077,-32.32249042097635,32.96944581099986,-1.168973957137322,-1.168973957137322,0.0,0.0,0.0,0.0,0.109108221979618,0.109108221979618,0.0
0.714325,1.399923004234767,-1.2460629578106566,-0.30516840524745703,0.05856460814672728,-122.45640342986086,0.9848971669718445,-2.810304032635913,1.0,-2921.8686756094176,0.3587433514639626,-0.7534927037998688,-208.68451757032653,2.158596666230928,-0.0967500760987223,-2095.746409970628,-4440.626865082757,-13.139794443273454,-27.84159568584588,1.118876045286888,1.1285224655051962,-0.013083123052272667,1.0115931436477128,0.6216728353009704,-10.565949626192946,11.187622461493916,-1.1253973182760402,-1.1253973182760402,0.0,0.0,0.0,0.0,0.10502829653651352,0.10502829653651352,0.0
0.7143285714285714,1.3999160050396977,-1.2460334025658653,-0.30670986532598477,0.054599486391949455,-114.20050834596,0.9844515404289239,-2.701097429004007,1.0,-2768.1868668671927,0.3463381014089525,-0.7237713413038208,-189.18887446081524,2.074188655635083,-0.09356818253782204,-2096.46985812474,-4318.069103511636,-12.625539288595764,-26.004643427606027,1.0596857554508716,1.0843483244536358,-0.015274519094477683,1.0140863583684459,0.5971301622029969,-38.01000609510919,38.607136257312185,-1.0829931953992178,-1.0829931953992178,0.0,0.0,0.0,0.0,0.1010587538258837,0.1010587538258837,0.0
0.7143321428571429,1.3999090059146155,-1.246003828352796,-0.30795748209450835,0.05086274282269662,-106.41664365438483,0.9839871133586013,-2.59493265529866,1.0,-2616.805445453401,0.33364737762103364,-0.6949289484642841,-171.3164820149464,1.9922399985005457,-0.09036408043646188,-2097.1932823752304,-4197.351713599948,-12.126289629478268,-24.269724199313522,1.0014138653191416,1.0414634935025138,-0.017094272160367453,1.0164137027049103,0.5733143547698311,-49.30606891139601,49.87938326616584,-1.0417452205631377,-1.0417452205631377,0.0,0.0,0.0,0.0,0.0971980277519559,0.0971980277519559,0.0
0.7143357142857143,1.3999020068595198,-1.245974234951305,-0.3094314250635364,0.047343820866048575,-99.08424138276649,0.9835030612289498,-2.4919521548315537,1.0,-2467.737969822737,0.320667096571094,-0.6669498476097473,-154.9503026927209,1.912708413504868,-0.08729454396314403,-2097.9166827238137,-4078.485703012729,-11.641786572479429,-22.632385968606012,0.9440646697739489,0.9998457126203816,-0.018654275330583912,1.0184999879509655,0.5502124031760479,-45.33068015156282,45.880892554738864,-1.0016368755169869,-1.0016368755169869,0.0,0.0,0.0,0.0,0.09344453890572674,0.09344453890572674,0.0
0.7143392857142857,1.3998950078744097,-1.2459446193254162,-0.3111916869291065,0.044032508255166636,-92.18241586984001,0.9829983857019846,-2.3921136109704966,1.0,-2320.9970930008653,0.3073933953844189,-0.6398183713210343,-139.98030349413864,1.8355515934760396,-0.08436809947599823,-2098.6400591719844,-3961.4813580553227,-11.171771050536995,-21.088305524209748,0.8876421141118975,0.9594727074653902,-0.019986766987920113,0.9794594744533103,0.5278113078682677,-78.08946554608642,78.61727685395468,-0.9626514988496884,-0.9626514988496884,0.0,0.0,0.0,0.0,0.08979669524166545,0.08979669524166545,0.0
0.7143428571428571,1.3998880089592831,-1.2459149932177689,-0.3096891967930162,0.040918932390840025,-85.68459533499836,0.982470754940853,-2.2942009173259077,1.0,-2176.5945127048317,0.29382265513875183,-0.6135188674947968,-126.30354806010945,1.7607271685525734,-0.08065119980687441,-2099.3634117214056,-3846.348177578857,-10.715983911772328,-19.633287386014313,0.8321497631631981,0.9203221970114751,-0.020629546659535557,0.9409517436710106,0.5060980837405437,-143.85415775407142,144.36025583781196,-0.9247722932934712,-0.9247722932934712,0.0,0.0,0.0,0.0,0.08625289276847842,0.08625289276847842,0.0
0.7143464285714285,1.3998810101141403,-1.2458854111518316,-0.3063494743960007,0.037993555450521854,-79.574313847846,0.9819193226440055,-2.1987319079491128,1.0,-2034.540677865777,0.27995149982372886,-0.5880357044475143,-113.82272295572831,1.688192653717725,-0.07660199615008806,-2100.086740368806,-3733.094607428448,-10.27416600914709,-18.26326169643643,0.7775906755036516,0.882371901247461,-0.02084600023186425,0.9032179014793252,0.4850597643412176,-118.73213735529626,119.21719711963748,-0.887982292148616,-0.887982292148616,0.0,0.0,0.0,0.0,0.08281151304813222,0.08281151304813222,0.0
0.7143499999999999,1.3998740113389796,-1.2458558485183207,-0.30712837645640434,0.035247169354956545,-73.8426552515302,0.9813450939562709,-2.1074999563079104,1.0,-1894.8452475558315,0.26577689239347646,-0.5633532760671367,-102.44607717191026,1.6179058040245324,-0.07370238548979326,-2100.810045106167,-3621.7285765794068,-9.846058291152893,-16.974286067797685,0.7239676595302925,0.8455995489645804,-0.021432741264239212,0.8670322902288197,0.4646834061193864,-67.98124050273677,68.44592390885616,-0.8522644104198571,-0.8522644104198571,0.0,0.0,0.0,0.0,0.0794709272269919,0.0794709272269919,0.0
0.7143535714285714,1.3998670126338,-1.2458262573385777,-0.3091134064233074,0.0326708905821735,-68.46596840199523,0.9807458116522884,-2.0194607919139447,1.0,-1757.5175611275745,0.25129621392546764,-0.5394560069896477,-92.08875903370694,1.549824445724046,-0.07115663411613957,-2101.5333259347717,-3512.2577754917334,-9.431401893171804,-15.762545482520835,0.6712834063335468,0.8099828856013155,-0.021994218973301793,0.8319771045746173,0.4449560926941784,-79.84709010704145,80.29204619973564,-0.8176015646085126,-0.8176015646085126,0.0,0.0,0.0,0.0,0.07622950555027602,0.07622950555027602,0.0
0.7143571428571428,1.3998600139986002,-1.2457966489813141,-0.3103081022465233,0.030256154775289233,-63.42342855287481,0.9801192692250714,-1.9339687953868379,1.0,-1622.5658102697403,0.23650721031288902,-0.5163283578210395,-82.67123015587906,1.4839062828864096,-0.06848896313407137,-2102.2565828562088,-3404.6888952215613,-9.029938229688348,-14.624347316057097,0.6195401279684978,0.7754996811610773,-0.022300597626312223,0.7978002787873895,0.4258649391550138,-93.21593058947816,93.64179552863318,-0.7839765569473376,-0.7839765569473376,0.0,0.0,0.0,0.0,0.07308560852625119,0.07308560852625119,0.0
0.7143607142857142,1.3998530154333797,-1.2457670198303423,-0.31155468712231027,0.027994711230303324,-58.6994016822514,0.9794643237519394,-1.8512205494031642,1.0,-1489.9971664196282,0.22140805608085878,-0.4939548303871866,-74.11883488928977,1.4201091141664943,-0.0658995214251566,-2102.979815871888,-3299.027827018103,-8.64140908720996,-13.556121094549516,0.5687396531907927,0.7421277381904231,-0.02247384212025437,0.7646015803106775,0.4073970963861936,-84.7637486094707,85.17114570585689,-0.7513720810623741,-0.7513720810623741,0.0,0.0,0.0,0.0,0.07003758749589839,0.07003758749589839,0.0
0.7143642857142857,1.3998460169381368,-1.2457373726935328,-0.3136109877221429,0.025878617233707588,-54.278544993210545,0.9787797938764611,-1.7713522625343099,1.0,-1359.8177243598157,0.20599738585821337,-0.4723199730112605,-66.36189336244664,1.3583907936835524,-0.06353994497951969,-2103.7030249834893,-3195.279591735772,-8.265556717847918,-12.554416845543704,0.5188833945612881,0.7098448998137015,-0.02260917504507892,0.7324540748587803,0.38953975541336167,-89.52731477910808,89.91685453452145,-0.7197707310834467,-0.7197707310834467,0.0,0.0,0.0,0.0,0.06708378547225208,0.06708378547225208,0.0
0.7143678571428571,1.399839018512871,-1.2457076999997345,-0.31358016991433146,0.023900232265147477,-50.14120178459125,0.9780624751758362,-1.6935846273160706,1.0,-1232.0325268474944,0.19027434175971566,-0.4514083858152046,-59.33579810322033,1.29870928472876,-0.060826846673840626,-2104.4262101927648,-3093.4483755432375,-7.902123933493721,-11.615903815970983,0.46997236613009047,0.6786290578185317,-0.022416441784654045,0.7010454996031857,0.3722801517688991,-140.18335904737458,140.55563919914349,-0.6891550108444107,-0.6891550108444107,0.0,0.0,0.0,0.0,0.0642225379881668,0.0642225379881668,0.0
0.7143714285714285,1.3998320201575811,-1.2456780601085915,-0.30980732195686755,0.022052212062606217,-46.2705359600289,0.9773093546010438,-1.617547859198744,1.0,-1106.6452505355942,0.1742385674735405,-0.4312047260419397,-52.98022343073945,1.2410225183880592,-0.05750549699477172,-2105.1493714992885,-2993.5372190295907,-7.550854200532405,-10.7373678042909,0.4220070364401707,0.6484581607870966,-0.02177607565625811,0.6702342364433547,0.35560556987324804,-141.95186739880222,142.30747296867548,-0.6595073181253421,-0.6595073181253421,0.0,0.0,0.0,0.0,0.06145217202598796,0.06145217202598796,0.0
0.714375,1.399825021872266,-1.2456484578329794,-0.3093422179889842,0.02032750259078097,-42.66096306619862,0.9765225276948232,-1.5448598096692165,1.0,-983.6577213068149,0.15789019585461497,-0.4116937133957232,-47.23826018613657,1.1852886662847983,-0.054916625950514025,-2105.872508894324,-2895.5477299579434,-7.211491735028921,-9.915708778560877,0.3749871930652793,0.6193102222677547,-0.02140103831327041,0.6407112605810251,0.33950334742928656,-93.39063863420036,93.73014198162964,-0.6308098280894967,-0.6308098280894967,0.0,0.0,0.0,0.0,0.05877099719555279,0.05877099719555279,0.0
0.7143785714285714,1.3998180236569246,-1.2456188332674456,-0.31136348090399224,0.018719333884825964,-39.29701007161786,0.9756998009067418,-1.4751923402534195,1.0,-863.0717490241204,0.141230130548666,-0.3928601353891335,-42.05779187317039,1.13146615168311,-0.05283862988780447,-2106.5956223768744,-2799.481540583613,-6.883781598302741,-9.147944346392482,0.32891263555601347,0.591163328979694,-0.021186849357104118,0.6123501783367982,0.32396087982562244,-89.45781210630263,89.78177298612825,-0.6030448260949308,-0.6030448260949308,0.0,0.0,0.0,0.0,0.056177331475012915,0.056177331475012915,0.0
0.7143821428571429,1.399811025511556,-1.245589189828279,-0.3126513167369751,0.017221213799883044,-36.161388989500054,0.974836995372485,-1.407770527731553,1.0,-744.8881191801006,0.12425995875482454,-0.3746888527049185,-37.39064223992351,1.079513416233968,-0.05069110001238217,-2107.318711948408,-2705.3394119215614,-6.567469792847068,-8.431204433602776,0.28378275036538225,0.5639956490468733,-0.020840627392087953,0.5848362764389612,0.3089656245467999,-99.13989054736359,99.44885617191039,-0.5761945829765796,-0.5761945829765796,0.0,0.0,0.0,0.0,0.053669491764206156,0.053669491764206156,0.0
0.7143857142857143,1.399804027436159,-1.2455595259688972,-0.3138604668012306,0.01582692167030111,-33.24202660319748,0.9739322005104918,-1.3426889358980278,1.0,-629.1064977574924,0.10698199432341443,-0.3571648045597873,-33.19184101183684,1.0293890759219515,-0.04859146848725742,-2108.0417776108216,-2613.1212094975654,-6.262303358480093,-7.762729325458963,0.2395965000556975,0.5377854402515885,-0.020433220647015027,0.5582186608986035,0.2945051055850574,-93.61574456021509,93.91024966580015,-0.5502413234380716,-0.5502413234380716,0.0,0.0,0.0,0.0,0.05124579160003395,0.05124579160003395,0.0
0.7143892857142857,1.3997970294307325,-1.2455298445518947,-0.31573363882466765,0.014530501893486555,-30.527342099008735,0.9729835581910508,-1.2800340630224243,1.0,-515.7254054770888,0.08939931986879443,-0.3402730140678265,-29.419766384861084,0.9810519201270282,-0.046650522027573915,-2108.764819365498,-2522.825877583362,-5.968030468676996,-7.139867644944182,0.19635241180780394,0.5125110583032548,-0.020031165782137365,0.5325422240853922,0.2805669178512456,-88.52537031165245,88.8059372295037,-0.5251672358429889,-0.5251672358429889,0.0,0.0,0.0,0.0,0.048904542056809164,0.048904542056809164,0.0
0.7143928571428572,1.3997900314952756,-1.2455001354796802,-0.31683185315543483,0.013326257441332187,-28.004104692004148,0.9719872481224902,-1.2194842873267804,1.0,-404.7422489209389,0.07151583923312974,-0.3239985935992433,-26.0361112641114,0.934460955250084,-0.044651172150142915,-2109.4878372140856,-2434.4514702088427,-5.684400526998353,-6.560074429479938,0.15404859286788944,0.4881509651151688,-0.0195289429621545,0.5076799080773233,0.26713873158096374,-114.39194937486106,114.65908810644201,-0.5009544820534029,-0.5009544820534029,0.0,0.0,0.0,0.0,0.04664405265104815,0.04664405265104815,0.0
0.7143964285714285,1.3997830336297876,-1.2454704378695476,-0.3139041937720606,0.012208743306019107,-25.658251932527794,0.9709371189676648,-1.1604634025792864,1.0,-296.15317869032015,0.05333629658674766,-0.308326750129194,-23.0056288297166,0.8895753270228551,-0.04217171995188406,-2110.210831158018,-2347.995020718477,-5.411164263523388,-6.020908697578033,0.11268266945154977,0.46468373708137867,-0.01871346167600348,0.48339719875738213,0.25420829673158424,-130.86763802664544,131.121846323377,-0.4775852065096531,-0.4775852065096531,0.0,0.0,0.0,0.0,0.0444626321886849,0.0444626321886849,0.0
0.7143999999999999,1.3997760358342666,-1.24544078566665,-0.3118667370228536,0.011172759905144778,-23.483689798582365,0.9698344198905539,-1.1037989051676234,1.0,-189.95256559940208,0.034866229322155835,-0.2932427905710676,-20.295271196757618,0.8463544276241297,-0.03991725856991952,-2110.9338011903405,-2263.4521447242128,-5.148073831168472,-5.52003039971512,0.07225159948069819,0.4420880733433984,-0.017959585751169464,0.46004765909456785,0.24176344736457772,-100.20637975737725,100.44814320474183,-0.4550414435567687,-0.4550414435567687,0.0,0.0,0.0,0.0,0.042358581795426564,0.042358581795426564,0.0
0.7144035714285714,1.3997690381087122,-1.2454111305306559,-0.313416879711383,0.010213346438302313,-21.472170569432286,0.9686791338303342,-1.0498250069200836,1.0,-86.13407933629969,0.016112188481875192,-0.2787321270916297,-17.874801998893386,0.8047580084385235,-0.03819656389837591,-2111.6567473066225,-2180.817908006703,-4.894882901914632,-5.0552005214421385,0.032752084726030625,0.4203428040488119,-0.017434503872639062,0.437777307921451,0.22979210601436495,-82.88182411086925,83.1116162168836,-0.43330528003650226,-0.43330528003650226,0.0,0.0,0.0,0.0,0.040330207542672636,0.040330207542672636,0.0
0.7144071428571428,1.399762040453123,-1.245381451205157,-0.3150254152006653,0.009325774211988654,-19.61073783245608,0.9674643805089601,-0.9978991646377443,1.0,15.309338033904623,0.0029182168760824396,-0.264780282398011,-15.716811905037398,0.764746034265202,-0.0365338978167124,-2112.379669508552,-2100.086778829082,-4.651346762694398,-4.624278476584917,0.0058194513310809255,0.39942689858031727,-0.016895070147333047,0.4163219687276503,0.21828228803187044,-87.24585942605982,87.4641417140917,-0.4123588951489947,-0.4123588951489947,0.0,0.0,0.0,0.0,0.03837582367408898,0.03837582367408898,0.0
0.7144107142857142,1.3997550428674983,-1.2453517533075584,-0.3162748897791232,0.00850553994708256,-17.889734345772432,0.9661859413652825,-0.9479124011720467,1.0,114.38596282398248,0.022216362366820664,-0.2513728949975556,-13.795949183235189,0.7262787089065631,-0.034881660968425515,-2113.102567797373,-2021.2522431640457,-4.41722241095415,-4.225218805162945,0.04346704510849622,0.37931947375661007,-0.01632127733076369,0.39564075108737373,0.2072221059037489,-86.62867433672653,86.83589644263029,-0.3921844894030748,-0.3921844894030748,0.0,0.0,0.0,0.0,0.0364937473049014,0.0364937473049014,0.0
0.7144142857142857,1.3997480453518367,-1.2453220357872379,-0.3176966208912688,0.00774835907031276,-16.30066809123295,0.964840523710064,-0.8998913973114915,1.0,211.10521914674655,0.041772560364755074,-0.2384957244206524,-12.08892778327205,0.689316536470065,-0.033300884125580126,-2113.8254421749325,-1944.306865389053,-4.192268649758042,-3.8560689802716945,0.08019516342440308,0.3599998019936036,-0.01574938530227006,0.37574918729587364,0.1965997735409492,-79.82423431248402,80.02083408602498,-0.3727642946548011,-0.3727642946548011,0.0,0.0,0.0,0.0,0.03468229934369493,0.03468229934369493,0.0
0.7144178571428571,1.3997410479061374,-1.2452922970596985,-0.31953488029154187,0.007050159006675823,-14.835216345105568,0.963424341516456,-0.8538131084694837,1.0,305.4776899772114,0.061576031642168495,-0.2261346564014714,-10.574457222873727,0.6538203284753907,-0.03181236232776487,-2114.5482926431378,-1869.2422783856941,-3.976246182324843,-3.5149670022342057,0.11600870744399816,0.3414473194166585,-0.015194205693953947,0.3566415251106125,0.18640361053167526,-85.47655558965795,85.66295920018962,-0.35408058413767884,-0.35408058413767884,0.0,0.0,0.0,0.0,0.032939805413417955,0.032939805413417955,0.0
0.7144214285714285,1.3997340505303992,-1.245262544580996,-0.318288150580571,0.006407072475001484,-13.483125317958361,0.961927142939856,-0.8092081750330408,1.0,397.5151354905247,0.08161488308429728,-0.2142757080116172,-9.233268707310195,0.6197512096819503,-0.030078160481368882,-2115.271119202678,-1796.0491710116003,-3.768917705909295,-3.200138960844354,0.15091301786004818,0.3236416339162341,-0.014482821417467878,0.33812445533370195,0.17662204635463882,-105.51427138794034,105.69089343429498,-0.336115682476825,-0.336115682476825,0.0,0.0,0.0,0.0,0.0312645967708613,0.0312645967708613,0.0
0.714425,1.399727053224621,-1.2452328350728317,-0.3147955419632922,0.005815430803469266,-12.23755943096433,0.9603443081208027,-0.7661775376976563,1.0,487.23079722642524,0.10187615386883113,-0.2029050327408782,-8.047563103281231,0.5870705979224312,-0.028217977930809705,-2115.9939218518684,-1724.7170590008116,-3.570048004916343,-2.90989621092214,0.18491398241287024,0.30656253313737497,-0.01368095869218121,0.3202434918295562,0.16724362454750033,-93.57942385834696,93.74666748289445,-0.31885194253115334,-0.31885194253115334,0.0,0.0,0.0,0.0,0.029655008684900785,0.029655008684900785,0.0
0.7144285714285714,1.3997200559888023,-1.2452031485094122,-0.31539991375498744,0.005271757267845563,-11.095006988245544,0.9586820615723219,-0.7253809609206928,1.0,574.6391925876724,0.12234577524399323,-0.1920089255175179,-7.000898919935619,0.5557403440241112,-0.026799911988749255,-2116.7167005826177,-1655.234416928298,-3.379404043125283,-2.6426332250073736,0.21801797261168615,0.2901899923924839,-0.013088142032346352,0.30327813442483026,0.15825700682484375,-70.21010848562442,70.36836549244926,-0.3022717477335821,-0.3022717477335821,0.0,0.0,0.0,0.0,0.02810938076567676,0.02810938076567676,0.0
0.7144321428571428,1.3997130588229414,-1.2451734335904954,-0.31742539057702857,0.004772760465704863,-10.046818144614814,0.9569309634526227,-0.686430077998587,1.0,659.7553334390775,0.14300837776123793,-0.1815738276620585,-6.078730115784519,0.5257226887864321,-0.025549976917047426,-2117.4394553947523,-1587.5893030857258,-3.1967550549380164,-2.396826089584065,0.2502315478060491,0.274504182490009,-0.012563855582839576,0.2870680380728486,0.14965097714177478,-70.2768334355548,70.42648441269658,-0.28635765074793396,-0.28635765074793396,0.0,0.0,0.0,0.0,0.026626067735802617,0.026626067735802617,0.0
0.7144357142857143,1.3997060617270374,-1.2451437014166113,-0.31862400007833,0.004315327733709383,-9.085264204846094,0.9550805331111755,-0.6490405547285939,1.0,742.5954761264186,0.16384744536630214,-0.1715863317712129,-5.267822280782428,0.4969801963086904,-0.024277353314035553,-2118.1621862902025,-1521.7687938797033,-3.021872635517248,-2.1710289729339567,0.2815617218882734,0.2594854774675362,-0.012010760359367708,0.2714962378269039,0.1414144456970387,-71.85710522767383,71.99851967337086,-0.27109229805162616,-0.27109229805162616,0.0,0.0,0.0,0.0,0.025203433804876385,0.025203433804876385,0.0
0.7144392857142857,1.3996990647010892,-1.2451139484822369,-0.31984543285449263,0.0038965186159059697,-8.204684354697843,0.9531260524579073,-0.6132545815425099,1.0,823.1769786395596,0.18484529763514013,-0.1620331865222358,-4.556058478359601,0.4694758415634352,-0.023053040865399527,-2118.8848932714445,-1457.75907451165,-2.8545308297018535,-1.9638717674967463,0.31201591972230813,0.24511446221960315,-0.01146798336334968,0.25658244558295284,0.13353645287048554,-65.78656996553543,65.92010641840592,-0.2564584354962487,-0.2564584354962487,0.0,0.0,0.0,0.0,0.023839853243692755,0.023839853243692755,0.0
0.7144428571428572,1.399692067745096,-1.245084177894991,-0.32191851257897497,0.0035135583947355307,-7.399655597300312,0.9510629647267952,-0.5790952809801222,1.0,901.518334760804,0.2059831128775085,-0.1529013013930822,-3.9324810266201546,0.4431730064524831,-0.021932318361115533,-2119.607576339322,-1395.545419927567,-2.6945062195986065,-1.7740575452279863,0.34160198543083603,0.23137194001158606,-0.01096621425431983,0.24233815426590588,0.12600617309036105,-63.819503179729246,63.945509352819606,-0.24243891809148987,-0.24243891809148987,0.0,0.0,0.0,0.0,0.022533711280559476,0.022533711280559476,0.0
0.7144464285714286,1.3996850708590567,-1.2450543803942047,-0.32208459947884194,0.0031638316887562085,-6.663501648110527,0.9488761462849585,-0.5462832954451995,1.0,977.639122542233,0.22724094482746873,-0.1441777512897382,-3.387317500169982,0.41803550817958,-0.02072709050485431,-2120.330235495712,-1335.112225795046,-2.541578010694151,-1.6003600845206527,0.37032816707303606,0.218238939866259,-0.010408879772911429,0.22864781963917044,0.11881291862328344,-77.53572783337768,77.65454075200095,-0.22901671969737802,-0.22901671969737802,0.0,0.0,0.0,0.0,0.021283404988998333,0.021283404988998333,0.0
0.7144499999999999,1.3996780740429702,-1.245024613236611,-0.3183529643022496,0.0028448761287881287,-5.990436200738323,0.9465495015369018,-0.514648551144375,1.0,1051.560202759261,0.2485977991843692,-0.1358497810770843,-2.911722413340707,0.3940275608508152,-0.019336597313476922,-2121.0528707409485,-1276.442899516695,-2.3955281164180717,-1.4416212330088136,0.39820316733981537,0.20569672381709464,-0.009744833876384256,0.2154415576934789,0.1119461432838673,-76.31688827224322,76.42883441552709,-0.216174936543557,-0.216174936543557,0.0,0.0,0.0,0.0,0.0200873437010754,0.0200873437010754,0.0
0.7144535714285714,1.3996710772968357,-1.244994885480989,-0.31767018387205326,0.0025543761170378552,-5.378463594129002,0.9440960630867008,-0.4846909328941934,1.0,1123.3037816384244,0.27003173303128886,-0.1279048100029235,-2.4974650643962533,0.3711138699541168,-0.01819771561672576,-2121.7754820657624,-1219.5197421118996,-2.2561412409638253,-1.296748316494567,0.4252361984480213,0.1937267940117197,-0.009203427921238903,0.2029302219329586,0.10539544605517613,-57.92378017222892,58.0291756182841,-0.2038967541017187,-0.2038967541017187,0.0,0.0,0.0,0.0,0.018943946610976706,0.018943946610976706,0.0
0.7144571428571428,1.399664080620651,-1.2449651376747017,-0.31964425919832706,0.0022901566797599235,-4.822684775102464,0.9415078296518915,-0.4562990293957536,1.0,1192.892611654054,0.2915196875151426,-0.1203304360114277,-2.13738510245447,0.3492596477261407,-0.017255859887198178,-2122.498069469272,-1164.3245627941428,-2.1232049603350465,-1.164712337186061,0.45143669172557566,0.18231089966274378,-0.008757285940215097,0.19106818560295888,0.09915057461867806,-53.702981871974316,53.80213244659299,-0.19216555758199427,-0.19216555758199427,0.0,0.0,0.0,0.0,0.017851651374463817,0.017851651374463817,0.0
0.7144607142857142,1.399657084014417,-1.24493537045636,-0.3209720274288941,0.0020501774165762716,-4.317575843375874,0.9387634058742533,-0.4291874394516765,1.0,1260.3505114086802,0.3130376678868141,-0.1131144399368132,-1.8251378386573052,0.3284305467926637,-0.016316216482563855,-2123.220632952968,-1110.838350853722,-1.996509801391254,-1.0445450749770853,0.4768144517751922,0.17143104382656527,-0.008305709809354606,0.17973675363591987,0.09320142878343031,-54.59060642168454,54.68380785046797,-0.18096490334919357,-0.18096490334919357,0.0,0.0,0.0,0.0,0.016808912061050785,0.016808912061050785,0.0
0.7144642857142857,1.3996500874781306,-1.2449055829077686,-0.3221930566288904,0.0018325265565094376,-3.859343966245284,0.9358541264901553,-0.4033525576926515,1.0,1325.7023316766933,0.3345608281496379,-0.1062447895727105,-1.554942263115997,0.3085927140219781,-0.015409815350994217,-2123.9431725174136,-1059.0412635869345,-1.875849318843177,-0.935336622293778,0.5013796615228171,0.16106949000588608,-0.007865777993727084,0.16893526799961317,0.08753806381232804,-51.15322540464102,51.240763468453345,-0.17027851209828926,-0.17027851209828926,0.0,0.0,0.0,0.0,0.015814198766479604,0.015814198766479604,0.0
0.7144678571428571,1.399643091011792,-1.2448757776797417,-0.3239904311954831,0.0016354151274077557,-3.4444484620652216,0.9327721740074804,-0.37879103869242703,1.0,1388.9739445084401,0.3560635581367801,-0.0997096436083617,-1.3216349188332503,0.2897128002722597,-0.014567390156407517,-2124.6656881662475,-1008.9126392176404,-1.7610201700325951,-0.8362329741374643,0.5251428754947274,0.15120876856177026,-0.007454304982895277,0.15866307354466555,0.08215069363808379,-47.57643764782427,47.658588341462355,-0.16009027783624918,-0.16009027783624918,0.0,0.0,0.0,0.0,0.014865998432344374,0.014865998432344374,0.0
0.7144714285714285,1.3996360946154,-1.2448459455822076,-0.3252399290584833,0.0014571712399815548,-3.0690512717439695,0.9294998392860218,-0.35539576804125983,1.0,1450.1921894939164,0.3775195744856869,-0.0934973554252142,-1.1206567731158619,0.2717579796460056,-0.013735795147985575,-2125.388179899684,-960.431026253118,-1.6518221873768555,-0.7464336602666638,0.5481150053735363,0.14183168292496182,-0.0070442301703482375,0.14887591309531006,0.07702969396350916,-52.76235430019871,52.83938399416222,-0.15038427668766907,-0.15038427668766907,0.0,0.0,0.0,0.0,0.01396281564922397,0.01396281564922397,0.0
0.714475,1.3996290982889534,-1.2448161207219863,-0.322556933980394,0.0012962344990194415,-2.7290504044248607,0.9260016491015328,-0.3329638687461893,1.0,1509.3849660453552,0.3989020452731057,-0.0875964767479528,-0.9479975550560508,0.2546959368644909,-0.012784426864307972,-2126.110647719732,-913.5741606681981,-1.5480584483657123,-0.6651893678006969,0.5703073301250748,0.13292131559682685,-0.006567989506738129,0.13948930510356497,0.07216560524122016,-56.55032232040625,56.62248792564747,-0.14114477549040405,-0.14114477549040405,0.0,0.0,0.0,0.0,0.01310317344058015,0.01310317344058015,0.0
0.7144785714285714,1.3996221020324513,-1.2447863415527494,-0.32024527411155645,0.0011511505410454648,-2.4226147249429433,0.9222862950326394,-0.3116899364915505,1.0,1566.5812720275976,0.4201837469938566,-0.0819957611415314,-0.7999400090266532,0.2384948991252119,-0.01190143483740837,-2126.8330916207124,-868.3189034963148,-1.4495353429509683,-0.591799584334661,0.5917315247175183,0.12446103392623106,-0.006124299553164105,0.13058533347939516,0.06754913552559397,-46.38152527820729,46.44907441373289,-0.13235622230163968,-0.13235622230163968,0.0,0.0,0.0,0.0,0.012285612663692824,0.012285612663692824,0.0
0.7144821428571428,1.3996151058458923,-1.2447565636638662,-0.32167146558629156,0.001020565706885283,-2.147629594560376,0.9183650563115985,-0.2916747078351944,1.0,1621.8108327570528,0.4413371064553182,-0.0766841673481594,-0.6732227036833983,0.223123678176992,-0.011199012981725315,-2127.555511596242,-824.6414478347705,-1.3560626382340066,-0.5256104723250808,0.6123995621547537,0.1164344956542139,-0.00577215598342948,0.12220665163764338,0.063171163192874,-39.11644570477483,39.17961686796771,-0.1240032748903599,-0.1240032748903599,0.0,0.0,0.0,0.0,0.01150869429849205,0.01150869429849205,0.0
0.7144857142857143,1.399608109729276,-1.2447267605042833,-0.32336186698410074,0.0009032218514655749,-1.9005590128571537,0.914200358585207,-0.2727052012291862,1.0,1675.1041684947168,0.4623343195902203,-0.0716508624575649,-0.5650875442021065,0.2085516366554567,-0.010536768834197557,-2128.277907648766,-782.5173587102406,-1.2674535403094855,-0.4660126354206378,0.632323694242199,0.10882565421430124,-0.005438681971221046,0.11426433618552229,0.0590227395231542,-38.93257744744145,38.991600186964604,-0.11607082269180123,-0.11607082269180123,0.0,0.0,0.0,0.0,0.010771001243436995,0.010771001243436995,0.0
0.7144892857142857,1.3996011136826003,-1.2446969390586384,-0.32460531448182905,0.0007979512964476164,-1.6788031602337532,0.9097691144162517,-0.2547137783671883,1.0,1726.4927196005121,0.483147537940917,-0.0668852249040914,-0.4730522673451569,0.1947486955152025,-0.00989049847191197,-2129.00027977962,-741.9214934316319,-1.1835247531410686,-0.41243886189372336,0.6515164885236978,0.10161876377780922,-0.005111587634624748,0.10673035141243396,0.05509509113878472,-37.65823494845166,37.71333003959044,-0.1085439790920093,-0.1085439790920093,0.0,0.0,0.0,0.0,0.010071137842933509,0.010071137842933509,0.0
0.7144928571428572,1.3995941177058653,-1.2446670977464187,-0.325976168276469,0.0007036719281124726,-1.4802127158089644,0.9050578951136117,-0.23768639100135255,1.0,1776.0087260871128,0.5037489992718482,-0.062376847283416,-0.3949134792883452,0.1816853594369166,-0.009278466498311417,-2129.722627990172,-702.8280556963149,-1.1040965343477527,-0.3643620114366609,0.6699908023423798,0.09479838403372481,-0.004800697983164177,0.099599082016889,0.05137962229392993,-34.506033393298,34.557413015591926,-0.10140808873525375,-0.10140808873525375,0.0,0.0,0.0,0.0,0.009407730553212923,0.009407730553212923,0.0
0.7144964285714286,1.3995871217990692,-1.2446372360910407,-0.3278856489266673,0.0006193824437753652,-1.3027492065012836,0.9000524699546796,-0.22159853777243982,1.0,1823.685215902413,0.5241111797099265,-0.0581155389829509,-0.3287414976724872,0.1693327220114761,-0.008709948854134009,-2130.44495228264,-665.2106149025739,-1.0289927477842282,-0.3212929288552795,0.6877597732859317,0.08834938469316549,-0.004511106103158674,0.09286049079632416,0.04786791701017615,-34.4536520412227,34.501519958232876,-0.09464873459174417,-0.09464873459174417,0.0,0.0,0.0,0.0,0.008779427882849078,0.008779427882849078,0.0
0.7144999999999999,1.3995801259622116,-1.244607357717661,-0.32688753731071074,0.0005441577503458803,-1.143906609853104,0.8946894772280177,-0.20630397539964718,1.0,1869.5559763056826,0.5442069459187118,-0.0540913286193688,-0.2728987028234549,0.1576624733031257,-0.008095807105857063,-2131.167252657876,-629.0421328658468,-0.9580409127908328,-0.2827784156326062,0.6752624971582266,0.08225694970774716,-0.004196523236876196,0.08645347294462336,0.044551741052824625,-38.70175772252859,38.74630946358141,-0.08825174479051001,-0.08825174479051001,0.0,0.0,0.0,0.0,0.008184898309671229,0.008184898309671229,0.0
0.7145035714285713,1.3995731301952905,-1.2445775209920722,-0.3232685495619876,0.00047714451586181294,-1.0020303644226547,0.8889386247583174,-0.1917939445394344,1.0,1913.6556135239257,0.564009715998284,-0.0502944662768146,-0.2259032078570369,0.1466468959188095,-0.007456758778852455,-2131.889529113293,-594.2949789574128,-0.8910722499908671,-0.24839925184965572,0.6426729981412114,0.07650658119137749,-0.0038679502966784073,0.0803745314880559,0.04142304374253912,-34.83001770904903,34.87144075279157,-0.08220320056324848,-0.08220320056324848,0.0,0.0,0.0,0.0,0.0076228377695047875,0.0076228377695047875,0.0
0.7145071428571428,1.3995661344983057,-1.2445477105443392,-0.32369245185478235,0.0004175568768623571,-0.8764531181561701,0.8828695758898506,-0.17822644922467584,1.0,1956.019258436773,0.5834935828228883,-0.0467154255412088,-0.18639391464642838,0.1362589047255585,-0.006946894228282578,-2132.6117816434903,-560.9410117207759,-0.8279217235473968,-0.21776830327476912,0.6101534202726276,0.07108410303794331,-0.003605937202845489,0.0746900402407888,0.03847395959869777,-27.534129712816473,27.57260367241517,-0.07648944051096018,-0.07648944051096018,0.0,0.0,0.0,0.0,0.007091967341014804,0.007091967341014804,0.0
0.7145107142857142,1.3995591388712556,-1.244517872166733,-0.3257434718890977,0.0003646723023300393,-0.7652217571714651,0.8764334735066751,-0.16548288961674193,1.0,1996.682663224185,0.6026335066912808,-0.0433449053228003,-0.15329428461301134,0.1264720398505688,-0.006497436376102501,-2133.3340102456164,-528.9515358116279,-0.7684280797405695,-0.19052863311017917,0.5778994466303903,0.06597566422297337,-0.0033747350563369067,0.06935039927931028,0.03569680980837411,-26.495933712983906,26.53163052279228,-0.07109705995255133,-0.07109705995255133,0.0,0.0,0.0,0.0,0.006591032662744578,0.006591032662744578,0.0
0.7145142857142857,1.3995521433141396,-1.2444880164851089,-0.32695189500799415,0.000317827615552653,-0.6666046728372247,0.8695640799635991,-0.15346409113974951,1.0,2035.6823081435082,0.6214054565010623,-0.0401738314637002,-0.1256686249848283,0.1172604502701077,-0.006054591021481807,-2134.05621492455,-498.2973476812779,-0.7124338817791923,-0.16635171613855534,0.5460821656406369,0.061167741781885,-0.0031463966250324504,0.06431413840691745,0.033084103517394346,-26.048260123991945,26.08134422750934,-0.06601292489292132,-0.06601292489292132,0.0,0.0,0.0,0.0,0.006118805037306996,0.006118805037306996,0.0
0.7145178571428571,1.3995451478269565,-1.2444581399406847,-0.3281650223067061,0.0002764151738628795,-0.5794379304153906,0.8622471680650584,-0.14216013344191697,1.0,2073.055188914567,0.6397865274476182,-0.0371933581240445,-0.10267532542930861,0.1085989178058585,-0.005635646523234034,-2134.778395679048,-468.9488089856969,-0.6597855407416393,-0.14493571985880876,0.5148498208828305,0.05664714345581907,-0.0029300395477955855,0.059577183003614656,0.030628538939014002,-23.773659017218638,23.80428755615765,-0.061224177507057886,-0.061224177507057886,0.0,0.0,0.0,0.0,0.005674081920663487,0.005674081920663487,0.0
0.7145214285714285,1.3995381524097048,-1.2444282460208071,-0.33022251993014606,0.0002398792068880007,-0.5026353302870405,0.8544743541547251,-0.13155589214438274,1.0,2108.8388199650753,0.6577550803121791,-0.0343948689423126,-0.08359041266828077,0.1004628572226838,-0.005253075025757859,-2135.5005525124798,-440.87587109086013,-0.6103333425539962,-0.12600382787899883,0.48432951467499735,0.052401009997172225,-0.0027322525495177387,0.055133262546689966,0.02832300427639607,-22.394297259479718,22.422620263756112,-0.056718240839579666,-0.056718240839579666,0.0,0.0,0.0,0.0,0.005255687347992644,0.005255687347992644,0.0
0.714525,1.399531157062384,-1.2443983244023362,-0.3305849398860232,0.00020771231237727867,-0.4348728922001769,0.8461518439490825,-0.12157019366526754,1.0,2143.0711468338263,0.675290861736033,-0.0317699779653545,-0.06781943198065755,0.092828323682298,-0.004865631124058464,-2136.2226854245364,-414.04811735517814,-0.5639314709174141,-0.10930263284058737,0.45462883807682675,0.04841681712728222,-0.0025315923485625226,0.050948409475844746,0.026160578455259056,-24.62565203059436,24.651812609049617,-0.05248282317448628,-0.05248282317448628,0.0,0.0,0.0,0.0,0.004862472328254319,0.004862472328254319,0.0
0.7145285714285714,1.3995241617849932,-1.2443684300751823,-0.32693541472744414,0.00017945210905602482,-0.3750153638988065,0.8371596949792737,-0.11214101753839141,1.0,2175.7906638009085,0.6923751324780183,-0.0293105303433341,-0.05484840035770424,0.0856720042261735,-0.0044468181644074555,-2136.944794417963,-388.43477824096004,-0.5204380260905296,-0.09460058574311411,0.42583744034741544,0.04468237713819916,-0.0023143004893545933,0.04699667762755376,0.024134531662785855,-23.784889408383563,23.809023940046348,-0.04850592276234611,-0.04850592276234611,0.0,0.0,0.0,0.0,0.004493315257761865,0.004493315257761865,0.0
0.7145321428571428,1.3995171665775308,-1.2443385768754485,-0.32601389015025006,0.0001546780453783317,-0.3227880085443528,0.8276537056071968,-0.10335983847568962,1.0,2207.0360690761954,0.7089907064355534,-0.0270086027870259,-0.04417546671487505,0.0789712373898935,-0.004092842111063233,-2137.6668794821508,-364.0048632983451,-0.47971503947059063,-0.0816865382724898,0.39802850119810085,0.04118584013371936,-0.0021306040063817067,0.04331644414010107,0.022238325690659488,-18.97016136140873,18.99239968709939,-0.04477583850974587,-0.04477583850974587,0.0,0.0,0.0,0.0,0.004147122762972744,0.004147122762972744,0.0
0.7145357142857143,1.399510171439996,-1.2443087061305282,-0.3279411217129393,0.00013300836239665595,-0.2773370837278782,0.817632179088473,-0.0951887447967529,1.0,2236.8463031869655,0.7251221180272154,-0.0248565037829998,-0.035421211167816685,0.0727040162144832,-0.0037952836198519384,-2138.388940617231,-340.7270805286946,-0.4416284838928609,-0.07036829509214289,0.37126018880071804,0.03791569490279219,-0.0019761500520936847,0.039891844954885874,0.020465614078973567,-17.240060252103845,17.260525866182817,-0.041281157853419126,-0.041281157853419126,0.0,0.0,0.0,0.0,0.0038228288586449333,0.0038228288586449333,0.0
0.7145392857142857,1.3995031763723875,-1.244278815270359,-0.3293021412782764,0.00011409720889397466,-0.2376523453726427,0.8069473831310078,-0.08754457525589211,1.0,2265.260730168011,0.7407557029879194,-0.0228467735643788,-0.028283457505305983,0.0668489720304918,-0.0035087116184661545,-2139.1109778240548,-318.5698721106931,-0.40604827958549183,-0.06047126579187549,0.34557701379361633,0.034860769419922936,-0.0018272786390846022,0.036688048059007536,0.018810242058589013,-16.813069681402492,16.83187992346108,-0.038010764613648274,-0.038010764613648274,0.0,0.0,0.0,0.0,0.003519395572659345,0.003519395572659345,0.0
0.7145428571428571,1.399496181374705,-1.2442489044434397,-0.3305400282290236,9.763190639265669e-05,-0.20311168373460284,0.795577571433583,-0.08040791930465484,1.0,2292.3189450926407,0.7558796323698037,-0.0209721838348221,-0.022483650627280097,0.0613853829449253,-0.0032382779781452383,-2139.8329911041774,-297.50149544735837,-0.37284829573509964,-0.051837188237271556,0.3210111074978281,0.03201023096874488,-0.001686704990211311,0.03369693595895619,0.01726624629036014,-15.564398029083888,15.581664275374248,-0.03495384453183448,-0.03495384453183448,0.0,0.0,0.0,0.0,0.003235813388727693,0.003235813388727693,0.0
0.7145464285714286,1.3994891864469468,-1.2442189755038655,-0.33225673701306846,8.333036150703998e-05,-0.17315597945956301,0.7835181906226903,-0.07375995015221808,1.0,2318.0607216818876,0.770483958008831,-0.0192257372440483,-0.017786456527967322,0.0562931736988406,-0.0029889555761512484,-2140.554980459351,-277.4900639777861,-0.34190634762385685,-0.04432290464045705,0.2975834429833998,0.029353585885411444,-0.001557045500425705,0.030910631385837148,0.01582785439990214,-14.27257332024541,14.288401174645312,-0.0320998874208509,-0.0320998874208509,0.0,0.0,0.0,0.0,0.002971101431510581,0.002971101431510581,0.0
0.71455,1.399482191589112,-1.2441890209065969,-0.333644924062213,7.093862255484342e-05,-0.1472010494847995,0.7706935401586004,-0.06756591121556248,1.0,2342.5259375182736,0.78456064072331,-0.0176006666124022,-0.014000773693842538,0.051552915552281,-0.002752266441954538,-2141.276945891164,-258.5035905923387,-0.3131041892829608,-0.037799200759369,0.2753049885235918,0.02688067891709227,-0.001433898322886202,0.02831457723997847,0.014489484305854824,-14.579121320063148,14.593610804369003,-0.029438688910039534,-0.029438688910039534,0.0,0.0,0.0,0.0,0.002724307613806931,0.002724307613806931,0.0
0.7145535714285713,1.3994751968011998,-1.2441590689973507,-0.3312426824475949,6.022857708952498e-05,-0.12460719395380566,0.7568219955366597,-0.06176989705846141,1.0,2365.754619735511,0.7981035716566239,-0.0160904339055391,-0.010976713441711031,0.0471458206731271,-0.002502088985435166,-2141.9988874012797,-240.51001938857655,-0.2863275016720274,-0.032149705298012594,0.25417779637401483,0.024581692196407375,-0.0013036595435979973,0.025885351740005374,0.013245743342577238,-14.889818062672765,14.903063806015343,-0.02696035178082079,-0.02696035178082079,0.0,0.0,0.0,0.0,0.0024945087454646964,0.0024945087454646964,0.0
0.7145571428571428,1.3994682020832083,-1.2441291628356566,-0.32864471537814666,5.099578706180358e-05,-0.10514444270800552,0.7420539680978306,-0.05638847919051508,1.0,2387.786817818699,0.8111085478641116,-0.0146887289572502,-0.008560531048352181,0.0430537422412293,-0.0022699113430920933,-2142.7208049843093,-223.4772978420252,-0.26146587633855195,-0.027269855870216644,0.23419602046833532,0.02244714382788007,-0.0011827608482785363,0.023629904676158605,0.01209142717565662,-12.559383173530415,12.571474600706072,-0.02465528948632656,-0.02465528948632656,0.0,0.0,0.0,0.0,0.002280810797068822,0.002280810797068822,0.0
0.7145607142857142,1.3994612074351376,-1.2440992624968197,-0.3299380192036381,4.305745746905424e-05,-0.08858646093646716,0.7267015892560925,-0.051430856856207054,1.0,2408.6623777447,0.8235732632671894,-0.0133894679417774,-0.006625262381081593,0.0392591776041099,-0.0020806562874309876,-2143.442698634118,-207.37340709649277,-0.23841279457451006,-0.02306591799156455,0.21534687658294552,0.020467886087890606,-0.0010842056055923438,0.02155209169348295,0.011021518511524605,-10.60904464400339,10.620066162514915,-0.022514223316541626,-0.022514223316541626,0.0,0.0,0.0,0.0,0.0020823486834873894,0.0020823486834873894,0.0
0.7145642857142857,1.3994542128569858,-1.2440693356755161,-0.33171266309710745,3.625053472641543e-05,-0.07442305263731676,0.7105132610359819,-0.04684206757916348,1.0,2428.421111591301,0.8354973093325684,-0.0121867915970796,-0.005090989590832453,0.0357452564776847,-0.0019070400912430696,-2144.1645683524384,-192.16636218116062,-0.21706560208423267,-0.019454060440538906,0.19761154164369377,0.018635103239359144,-0.0009937761002185976,0.019628879339577743,0.01003118560232811,-10.156556858093078,10.166588043695405,-0.0205281800568633,-0.0205281800568633,0.0,0.0,0.0,0.0,0.0018982860742012275,0.0018982860742012275,0.0
0.7145678571428571,1.3994472183487523,-1.2440393910241654,-0.33293988761982973,3.0429930421905207e-05,-0.06231005575550263,0.6933687246804345,-0.04259345395715654,1.0,2447.102779330208,0.8468821101591547,-0.0110750631992092,-0.003883399523444115,0.03249573478729,-0.001742291970119295,-2144.886414140884,-177.82428010700028,-0.1973254791549661,-0.016359496263374598,0.1809659828915915,0.016940308960438258,-0.0009079489699625943,0.017848257930400853,0.00911578054616204,-9.562885456594469,9.572001237140631,-0.018688494954990587,-0.018688494954990587,0.0,0.0,0.0,0.0,0.0017278155913372784,0.0017278155913372784,0.0
0.7145714285714285,1.399440223910436,-1.2440094261871928,-0.3342800547354159,2.5466865979378053e-05,-0.05200062078217893,0.6753117802941396,-0.03866973362808453,1.0,2464.7469247251233,0.8577308558765198,-0.0100488662922312,-0.002936611030651148,0.0294949927225628,-0.0015897666161222112,-2145.608236001121,-164.31543158933218,-0.17909740640262403,-0.013715676112627402,0.16538173028999664,0.015375343393454597,-0.0008284782951747761,0.016203821688629372,0.008270837386502573,-8.639857523449722,8.648128360836225,-0.016986810911998163,-0.016986810911998163,0.0,0.0,0.0,0.0,0.001570158719274628,0.001570158719274628,0.0
0.714575,1.3994332295420355,-1.2439794416941001,-0.33624385888543884,2.1247333798868166e-05,-0.04326697825114699,0.6564069083858267,-0.035054008169992185,1.0,2481.3928519931906,0.8680484324287907,-0.0091030021753,-0.002197315356539127,0.0267280276022205,-0.0014509012410522265,-2146.330033934846,-151.6082814483803,-0.16229012611085836,-0.011463533905175292,0.15082659220568306,0.013932369815672438,-0.000756117190308012,0.014688487005980449,0.007492070012167904,-8.217551036667277,8.225043106679445,-0.015415077240850783,-0.015415077240850783,0.0,0.0,0.0,0.0,0.0014245656740922708,0.0014245656740922708,0.0
0.7145785714285714,1.3994262352435505,-1.2439494379683205,-0.33548169055671906,1.7670670044448902e-05,-0.03581114356755462,0.6361591946272326,-0.0317103892104314,1.0,2497.0795669181516,0.8778413383865942,-0.00823248715128,-0.0016304419143164384,0.0241804470834137,-0.0013112555875745742,-2147.0518079436592,-139.6715313011415,-0.14681609923227176,-0.009550784626418217,0.13726531460585353,0.012603870937802816,-0.0006833416855118618,0.013287212623314677,0.006775369861465255,-8.543130803863573,8.549906173725038,-0.013965547995035132,-0.013965547995035132,0.0,0.0,0.0,0.0,0.0012903152331301682,0.0012903152331301682,0.0
0.7145821428571428,1.3994192410149788,-1.2439194742609145,-0.3317741571856061,1.464823434981067e-05,-0.029461033755252684,0.6143856663533611,-0.028623910368314198,1.0,2511.8458445902256,0.8871175929363622,-0.0074325495413939,-0.0012001418234521433,0.021838459409757,-0.001172604377407632,-2147.7735580263998,-128.4741607863489,-0.1325914581223916,-0.00793127201238372,0.12466018611000787,0.011382644836336359,-0.0006110799491612218,0.011993724785497581,0.006116803434254081,-7.646627188989589,7.652743992423843,-0.012630780398961594,-0.012630780398961594,0.0,0.0,0.0,0.0,0.0011667145638674659,0.0011667145638674659,0.0
0.7145857142857143,1.3994122468563204,-1.2438895398892096,-0.3320044648194198,1.2102191552904639e-05,-0.024205942871971663,0.5922574129807969,-0.025808310713231003,1.0,2525.729893677006,0.8958866174401843,-0.0066986264714993,-0.0008652078463513323,0.0196888701345229,-0.0010592026529769381,-2148.495284173772,-117.98548995043014,-0.11953595509735983,-0.00656436545741746,0.11297158963994237,0.010261800527522652,-0.0005519759776363324,0.010813776505158985,0.005512609616589841,-6.189214663395514,6.194727273012104,-0.011403632877891479,-0.011403632877891479,0.0,0.0,0.0,0.0,0.0010530990153214126,0.0010530990153214126,0.0
0.7145892857142857,1.3994052527675738,-1.243859578404133,-0.3340714942259524,9.964390500873013e-06,-0.019839127735438406,0.5695821631122986,-0.023234539940185372,1.0,2538.7693982873293,0.9041591589341136,-0.006026360435181,-0.0006086572210950163,0.0177190711105277,-0.0009603203124134603,-2149.2169863864533,-108.17518201769973,-0.10757290690051767,-0.005414399224389972,0.10215850767612769,0.009234753190324114,-0.0005004376717375358,0.00973519086206165,0.004959196822322768,-5.737311942056726,5.742271138879048,-0.01027725890788389,-0.01027725890788389,0.0,0.0,0.0,0.0,0.0009488315938012692,0.0009488315938012692,0.0
0.7145928571428571,1.399398258748738,-1.2438295993742157,-0.3352952647006475,8.175335014137365e-06,-0.016182269889310392,0.5458780963132857,-0.020876273068100505,1.0,2551.0016834513926,0.9119471693362408,-0.0054115956420175,-0.00041711414760037084,0.0159170273101483,-0.0008668417010117411,-2149.93866466612,-99.01329294733377,-0.09662913521530428,-0.004450158988050139,0.09217897622725414,0.008295219050154576,-0.0004517149172664712,0.008746933967421048,0.004453139958432766,-5.417221025969527,5.42167416592796,-0.009245105700691036,-0.009245105700691036,0.0,0.0,0.0,0.0,0.0008533027867643206,0.0008533027867643206,0.0
0.7145964285714286,1.399391264799812,-1.243799599518451,-0.33649951060345984,6.683242022701523e-06,-0.013142765130629286,0.5213613670383891,-0.018721902550859426,1.0,2562.463494663376,0.9192636794754192,-0.0048503741566721,-0.000274848995596063,0.0142712693251966,-0.0007809163790822804,-2150.660319014424,-90.47032083830436,-0.08663490331959343,-0.0036444097795559553,0.08299049354003749,0.007437209931583376,-0.0004069287297318653,0.007844138661315241,0.00399117721890542,-4.860005156833584,4.863996334052489,-0.00830091062963545,-0.00830091062963545,0.0,0.0,0.0,0.0,0.0007659302128503742,0.0007659302128503742,0.0
0.7146,1.3993842709207949,-1.2437695824365202,-0.33853715019955644,5.443181938610475e-06,-0.010637149872199079,0.49635767606376946,-0.016759467821700128,1.0,2573.1909932195504,0.9261226805896009,-0.004338931838861,-0.00016954530491107315,0.0127708818393633,-0.0007038550076889156,-2151.3819494330232,-82.51724204990842,-0.07752384905238015,-0.002973462810070383,0.07455038624230977,0.006655027494689383,-0.0003667625213458651,0.007021790016035249,0.0035702067154366923,-4.432289699135045,4.4358599058504815,-0.007438697057774446,-0.007438697057774446,0.0,0.0,0.0,0.0,0.0006861582205938133,0.0006861582205938133,0.0
0.7146035714285714,1.3993772771116852,-1.2437395371257598,-0.33908350209924265,4.41629639899328e-06,-0.008553875052293228,0.47026164776425267,-0.014969423837543608,1.0,2583.219664186695,0.9325390015529293,-0.0038736940922596,-9.49100917380836e-05,0.0114054925743595,-0.0006303263336229869,-2152.1035559236498,-75.12554961500679,-0.06923291422917542,-0.002416779954012561,0.06681613427516286,0.005943257166784538,-0.000328438356457767,0.006271695523242305,0.00318728295163608,-4.470735158614167,4.4739224415658025,-0.0066527697805132124,-0.0066527697805132124,0.0,0.0,0.0,0.0,0.0006134574516348801,0.0006134574516348801,0.0
0.7146071428571428,1.3993702833724826,-1.2437095159226066,-0.33554612117674765,3.5690885252867054e-06,-0.006802157528291228,0.44207413809435175,-0.01333479787646067,1.0,2592.5844394961614,0.9385281910894199,-0.0034512714322875,-4.5757123026144775e-05,0.0101652587726931,-0.0005565357506596237,-2152.825138487349,-68.26728449928582,-0.0617022706763731,-0.001956613378026409,0.05974565729834669,0.005296761784133948,-0.00028997933555530365,0.005586741119689252,0.0028396131489448386,-4.1717264812971555,4.1745660944461,-0.0059377101430313495,-0.0059377101430313495,0.0,0.0,0.0,0.0,0.0005473243731718425,0.0005473243731718425,0.0
0.7146107142857142,1.3993632897031851,-1.2436795372442695,-0.33437789100401005,2.87278097556356e-06,-0.0053935559899126635,0.4140638176628005,-0.011858033954758693,1.0,2601.3194368719533,0.944106385060131,-0.0030684548837227,-1.0259030846688823e-05,0.0090408565865932,-0.0004937812358104601,-2153.546697115477,-61.91508384963013,-0.05487524307331311,-0.0015776789426966537,0.053297564130616454,0.004710674959886295,-0.0002572726266708851,0.00496794758655718,0.0025245534333063267,-3.3940350789574874,3.396559632390794,-0.005288371413434634,-0.005288371413434634,0.0,0.0,0.0,0.0,0.00048728082288373997,0.00048728082288373997,0.0
0.7146142857142856,1.3993562961037924,-1.2436495439263247,-0.336244082162068,2.3027371572748474e-06,-0.004273080440662637,0.3869130130029622,-0.01052697882231329,1.0,2609.457850974067,0.9492902024272564,-0.0027222112189516,1.5497054890020745e-05,0.0080234681310068,-0.00044111811334510685,-2154.268231805771,-56.04219721426503,-0.048698228789691655,-0.001266859763108348,0.047431369026583306,0.004180394194332613,-0.00022982559046426837,0.004410219784796881,0.0022396048915572083,-2.996453758790989,2.998693363682546,-0.004699871653451426,-0.004699871653451426,0.0,0.0,0.0,0.0,0.0004328733626179915,0.0004328733626179915,0.0
0.7146178571428571,1.3993493025743031,-1.243619529616755,-0.33765276812258094,1.8379410771364924e-06,-0.003362965352706427,0.35942900058976046,-0.009323917907546407,1.0,2617.032181199088,0.9540966321677486,-0.0024096780487975,3.178955660138323e-05,0.0071047658781526,-0.0003926380186965828,-2154.98974255994,-50.6225153859053,-0.043120614924517284,-0.0010129393886919432,0.04210767553582534,0.003701573745205485,-0.00020455954640375624,0.0039061332916092415,0.001982409507331697,-2.787416976553651,2.7893993860609827,-0.004167588251154264,-0.004167588251154264,0.0,0.0,0.0,0.0,0.0003836727494344605,0.0003836727494344605,0.0
0.7146214285714285,1.399342309114716,-1.2435894957121032,-0.3388987410304196,1.460531469401363e-06,-0.0026291615302066864,0.33186958073089096,-0.008239276994321003,1.0,2624.0740982526827,0.9585429165648957,-0.0021281587788009,4.138118550517183e-05,0.0062768995152127,-0.00034849980082368574,-2155.711229379697,-45.63060607072687,-0.03809469277207478,-0.0008063621395932976,0.03728833063248148,0.003270117277381334,-0.0001815571568713447,0.0034516744342526786,0.001750745987132169,-2.506741621193627,2.508492367180759,-0.0036871520045711477,-0.0036871520045711477,0.0,0.0,0.0,0.0,0.0003392733679232763,0.0003392733679232763,0.0
0.714625,1.3993353157250308,-1.243559443330098,-0.3405413972478186,1.1553859643560572e-06,-0.0020437311010603866,0.30469927307582284,-0.007264151833331687,1.0,2630.6143939799936,0.9626464451891262,-0.0018751174431667,4.646896304684944e-05,0.0055324816729077,-0.000308937386143622,-2156.432692266612,-41.04174084129494,-0.03357556992854114,-0.0006390182473803783,0.03293655168116076,0.0028821703103339693,-0.00016094013592394318,0.0030431104462579125,0.0015425254866454079,-2.232490207596259,2.2340327330829046,-0.0032544405477556992,-0.0032544405477556992,0.0,0.0,0.0,0.0,0.0002992926088366543,0.0002992926088366543,0.0
0.7146285714285714,1.3993283224052455,-1.2435293664105693,-0.34205361796796296,9.097512533173128e-07,-0.0015768664845666558,0.2778144202253601,-0.006388820568076713,1.0,2636.68293611764,0.9664246545108663,-0.0016481734317482,4.81689786494134e-05,0.0048645732306237,-0.00027307831235349274,-2157.154131222502,-36.83191983123452,-0.02952108030973527,-0.0005040520969558168,0.029017028212779454,0.002534112486566113,-0.00014225378654728583,0.002676366273113399,0.0013557872499666646,-2.114056630213395,2.1154124174633617,-0.002865571509100162,-0.002865571509100162,0.0,0.0,0.0,0.0,0.0002633702233346691,0.0002633702233346691,0.0
0.7146321428571428,1.3993213291553597,-1.243499287977656,-0.33992890353110283,7.129153614941635e-07,-0.0011917703923953553,0.2490262274699302,-0.005601814809808679,1.0,2642.3087188699033,0.9698949346533853,-0.0014450961218599,4.6212036740446965e-05,0.0042666679732375,-0.00023821181557130222,-2157.875546248994,-32.977892976367635,-0.025891692287145742,-0.0003956917064595211,0.025496000580686223,0.0022225496788064584,-0.00012408587955983492,0.0023466355583662934,0.0011886941714529015,-2.0249910970968785,2.0261797912683313,-0.002516895419385934,-0.002516895419385934,0.0,0.0,0.0,0.0,0.00023116765452035892,0.00023116765452035892,0.0
0.7146357142857143,1.399314335975372,-1.2434692550139692,-0.33707124537690447,5.559183241998226e-07,-0.0008866860841354146,0.22003896608932452,-0.0048986081166457664,1.0,2647.519824526712,0.9730745392186394,-0.0012637994320796,4.288612476273112e-05,0.0037326774314253,-0.0002067911938691262,-2158.5969373414378,-29.45718269831243,-0.022650415246146346,-0.0003090977331414774,0.02234131751300487,0.0019443059620660535,-0.0001077143046121937,0.002052020266678247,0.0010395282943365255,-1.703447299636048,1.7044868279303844,-0.0022049885768180566,-0.0022049885768180566,0.0,0.0,0.0,0.0,0.00020236736187045912,0.00020236736187045912,0.0
0.7146392857142857,1.3993073428652818,-1.243439232312034,-0.3382222492867868,4.3129776984970037e-07,-0.0006621823946437574,0.19455588347026162,-0.004275038225499174,1.0,2652.3431758261104,0.9759805043582468,-0.0011023363111375,4.01720567219139e-05,0.0032569159607733,-0.00018115975246459299,-2159.3183044930024,-26.248101380318147,-0.01976270479840142,-0.00024023020506906532,0.019522474593332353,0.001696415470474263,-9.435941061615589e-05,0.001790774881090419,0.0009066862568982896,-1.4170144416344752,1.4179211278913735,-0.0019266453192317012,-0.0019266453192317012,0.0,0.0,0.0,0.0,0.00017667209922511695,0.00017667209922511695,0.0
0.7146428571428571,1.3993003498250876,-1.2434091820790985,-0.34007995403570135,3.328660821978105e-07,-0.0004905226236946728,0.17060969361678904,-0.0037211127016371307,1.0,2656.8046935332995,0.9786295803728862,-0.0009588931779748,3.712851786824241e-05,0.0028340843365226,-0.00015858513646221126,-2160.0396477054123,-23.329760224229975,-0.01719636693432557,-0.00018573136735331185,0.017010635566972257,0.0014761141634354708,-8.259770679061315e-05,0.001558711870226084,0.0007886746994333934,-1.288293678690025,1.2890823533894584,-0.0016788700863652473,-0.0016788700863652473,0.0,0.0,0.0,0.0,0.00015380417409555092,0.00015380417409555092,0.0
0.7146464285714286,1.3992933568547885,-1.2433791143760111,-0.3412885632868097,2.555160345116404e-07,-0.0003572009813951598,0.14726005345907295,-0.0032295585716479412,1.0,2660.929385470716,0.981038162253627,-0.0008317843289359,3.367009569384406e-05,0.0024592537229079,-0.0001381508291773203,-2160.760966980319,-20.682084598495116,-0.014921461399887676,-0.0001428232607500944,0.014778638139137582,0.0012808315255141121,-7.195167188382997e-05,0.0013527831973979422,0.0006841056451410139,-1.1587803757404687,1.1594644813856096,-0.0014588698721014204,-0.0014588698721014204,0.0,0.0,0.0,0.0,0.00013350473293877174,0.00013350473293877174,0.0
0.71465,1.399286363954383,-1.2433490263186138,-0.3425981134157041,1.9505197917921046e-07,-0.00025607593092268565,0.12521305181837547,-0.002794885152178774,1.0,2664.741203296953,0.9832222287235608,-0.0007194463273757,3.020182040429305e-05,0.0021278500954354,-0.00012001843787100856,-2161.482262319474,-18.285825204075557,-0.012910204571116995,-0.00010921845080651889,0.012800986120310477,0.001108182223513127,-6.250534370445521e-05,0.001170687567217582,0.0005916918675261584,-1.010988238709413,1.011579930576939,-0.0012640462533444197,-0.0012640462533444197,0.0,0.0,0.0,0.0,0.00011553301386402204,0.00011553301386402204,0.0
0.7146535714285714,1.3992793711238711,-1.2433189191900162,-0.34460792099858395,1.480438743730496e-07,-0.0001812811119505473,0.10514707964115957,-0.0024117723369892715,1.0,2668.263070952999,0.9851972900928142,-0.0006204323913,2.694661629658935e-05,0.0018356381710073,-0.00010414759092775251,-2162.203533724486,-16.12256465880994,-0.011136872105887416,-8.304257107321241e-05,0.011053829534814203,0.0009559577447456332,-5.423755579217373e-05,0.0010101953005378069,0.0005102422571563256,-0.9067695824286619,0.9072798246858182,-0.001091987319328025,-0.001091987319328025,0.0,0.0,0.0,0.0,9.96655906787547e-05,9.96655906787547e-05,0.0
0.7146571428571429,1.399272378363251,-1.2432887905956016,-0.34407457810192454,1.1170163125419414e-07,-0.00012161595336392296,0.08399046484324765,-0.0020739558273621555,1.0,2671.5168627126873,0.9869783427698604,-0.0005334067958306,2.3471767916536623e-05,0.0015787054658449,-8.941528216620373e-05,-2162.924781197113,-14.17472174158758,-0.009577701674487744,-6.276744218754638e-05,0.009514934232300197,0.0008221180423799216,-4.656335472128546e-05,0.000868681397101207,0.0004386572015821839,-0.8617351207562644,0.8621737779578466,-0.0009404595315680719,-0.0009404595315680719,0.0,0.0,0.0,0.0,8.569561103927148e-05,8.569561103927148e-05,0.0
0.7146607142857142,1.399265385672522,-1.2432587001474085,-0.3403092928672322,8.376746145163072e-08,-7.349104290016212e-05,0.060727571959751286,-0.0017769038289896235,1.0,2674.523543568793,0.9885798312594153,-0.0004571393057659,1.990687267492942e-05,0.0013534462276818,-7.578473509283632e-05,-2163.6460047365927,-12.425552185820349,-0.008210796043880213,-4.715358913011348e-05,0.0081636424547501,0.0007047832114537415,-3.946352350986752e-05,0.000744246734963609,0.00037592399097659463,-0.7448526507633506,0.7452285747543272,-0.0008073995355051267,-0.0008073995355051267,0.0,0.0,0.0,0.0,7.343203072729398e-05,7.343203072729398e-05,0.0
0.7146642857142856,1.3992583930516826,-1.2432286418282035,-0.3403398520729297,6.24240890032451e-08,-4.3246976560651286e-05,0.042641144648377725,-0.0015183087412325045,1.0,2677.3028946143786,0.9900156145767093,-0.000390499653426,1.717126427211418e-05,0.0011565459552485,-6.471672335242715e-05,-2164.3672043335405,-10.859149148029482,-0.007016026789746646,-3.52010884215414e-05,0.006980825701325105,0.0006022252190827944,-3.369863031677555e-05,0.0006359238493995699,0.0003211122619761737,-0.5987397804451805,0.5990608927071567,-0.0006909059799011796,-0.0006909059799011796,0.0,0.0,0.0,0.0,6.269884868542741e-05,6.269884868542741e-05,0.0
0.7146678571428571,1.3992514005007322,-1.243198557518046,-0.3424077787407782,4.6216881033539316e-08,-2.401956906422604e-05,0.028237472052902873,-0.0012933662227756276,1.0,2679.8735466657045,0.9912989407175014,-0.0003324520784056,1.4903562366317841e-05,0.0009849655943484,-5.538810856912729e-05,-2165.0883799883136,-9.460439093760261,-0.00597493893703526,-2.610773140958978e-05,0.00594883120562567,0.000512859714672548,-2.883990516775873e-05,0.0005416996198403067,0.0002733694933892296,-0.5249092088297458,0.525182578323135,-0.0005892313634177082,-0.0005892313634177082,0.0,0.0,0.0,0.0,5.333434535431669e-05,5.333434535431669e-05,0.0
0.7146714285714285,1.3992444080196695,-1.2431684553938633,-0.34365102849915274,3.398812810161414e-08,-1.0242995906245913e-05,0.0143960530766178,-0.0010977539062696786,1.0,2682.2532461969017,0.9924424289708664,-0.0002820499432244,1.2796221774769177e-05,0.0008359258449359,-4.7103242157438314e-05,-2165.809531702597,-8.215173062677335,-0.005070656782704151,-1.9233604064253144e-05,0.005051423178639898,0.00043523794190504083,-2.4525034395784387e-05,0.00045976297630082524,0.00023191656525145454,-0.4656873597828454,0.4659192763480969,-0.0005007738202489342,-0.0005007738202489342,0.0,0.0,0.0,0.0,4.519031718308586e-05,4.519031718308586e-05,0.0
0.714675,1.3992374156084937,-1.2431383324789622,-0.344852363450741,2.482187334175597e-08,-1.1487413326017476e-06,0.0019340617146884071,-0.0009283489623155652,1.0,2684.4586994815245,0.9934580553619892,-0.0002384304398887,1.0922705059626759e-05,0.0007068920993557,-3.9886387045189576e-05,-2166.530659478105,-7.109918160924144,-0.004287791173874372,-1.4071272983842001e-05,0.00427371990089053,0.0003680387759469981,-2.076658213585556e-05,0.00038880535808285367,0.00019604339356588452,-0.3993540862325614,0.3995501296261273,-0.00042406904792602346,-0.00042406904792602346,0.0,0.0,0.0,0.0,3.813132359214988e-05,3.813132359214988e-05,0.0
0.7146785714285714,1.399230423267203,-1.2431081924276597,-0.34685616317560175,1.799785312994701e-08,4.048466550653673e-06,0.008175298944658734,-0.0007822435034102991,1.0,2686.5056259503435,0.9943571443360832,-0.0002008094013519,9.315634719792047e-06,0.0005955594519738,-3.370476507126641e-05,-2167.251763316601,-6.132045567914385,-0.00361234849651015,-1.0220817886837884e-05,0.003602127678623312,0.00031006090777037213,-1.754741334940789e-05,0.00032760832111978003,0.00016510465220769105,-0.3446032001934985,0.3447683048457062,-0.00035778233275962634,-0.00035778233275962634,0.0,0.0,0.0,0.0,3.2033943446418967e-05,3.2033943446418967e-05,0.0
0.7146821428571428,1.3992234309957974,-1.2430780239280919,-0.3475802841906841,1.295326444699589e-08,7.612912968653335e-06,0.018511854510508616,-0.0006564464949882853,1.0,2688.408729240031,0.995150365182437,-0.0001684762317715,7.84230063049134e-06,0.0004998380824537,-2.8243407486837052e-05,-2167.97284321971,-5.269716392051606,-0.0030316416288623978,-7.369045989854752e-06,0.003024272582872543,0.00026021519740137286,-1.4703487004462116e-05,0.000274918684405835,0.0001385155933984398,-0.3141886219022007,0.31432713749559915,-0.00030070069369014796,-0.00030070069369014796,0.0,0.0,0.0,0.0,2.678604302980281e-05,2.678604302980281e-05,0.0
0.7146857142857143,1.3992164387942752,-1.2430478760972443,-0.3441827658554928,9.251215866380345e-09,1.1131419328428398e-05,0.03284733988985905,-0.0005483195778814173,1.0,2690.181881563343,0.9958477336188482,-0.0001407889670694,6.409580965615262e-06,0.0004178389100865,-2.3270067632811958e-05,-2168.693899188834,-4.511864616186445,-0.0025342030714035433,-5.272289082554878e-06,0.0025289307823209884,0.00021751721426234674,-1.2113854437320407e-05,0.00022963106869966715,0.00011574797618592997,-0.27412464472197,0.2742403926981559,-0.0002517251661100506,-0.0002517251661100506,0.0,0.0,0.0,0.0,2.2286057510145785e-05,2.2286057510145785e-05,0.0
0.7146892857142857,1.3992094466626357,-1.243017771962585,-0.34276927504237165,6.554853347452327e-09,1.2187900037851564e-05,0.04366864177658397,-0.00045623507034021324,1.0,2691.837960609812,0.996458617467423,-0.0001171694794376,5.2682777163389446e-06,0.000347859791389,-1.917846070281802e-05,-2169.414931215615,-3.848178006847309,-0.0021097005040395657,-3.742254634585094e-06,0.0021059582494049804,0.0001810799861244366,-9.98343359133145e-06,0.00019106341971576805,9.632611411819004e-05,-0.21869135286592817,0.21878767898004636,-0.00020986322541660662,-0.00020986322541660662,0.0,0.0,0.0,0.0,1.844228636904699e-05,1.844228636904699e-05,0.0
0.7146928571428571,1.3992024546008774,-1.2429876562552504,-0.34455443340999636,4.606274441140826e-09,1.1336539183362293e-05,0.04927885228834667,-0.00037815771972423985,1.0,2693.388760939824,0.9969917449381644,-9.70988345967977e-05,4.3844834699711734e-06,0.0002883720605853,-1.586082364423113e-05,-2170.135939297304,-3.26907832283743,-0.001748854934827169,-2.6344634240203367e-06,0.0017462204714031487,0.0001501069707569484,-8.256070490329353e-06,0.00015836304124727777,7.982304932467248e-05,-0.18252333200250764,0.1826031550518323,-0.0001742214961286681,-0.0001742214961286681,0.0,0.0,0.0,0.0,1.517221390767709e-05,1.517221390767709e-05,0.0
0.7146964285714286,1.3991954626089995,-1.2429575188631776,-0.3460124707144985,3.2094573619602895e-09,1.025600707013833e-05,0.05429399178162027,-0.00031201674519204227,1.0,2694.84529100686,0.9974552184416031,-8.01128143675819e-05,3.617410050819753e-06,0.0002380074481148,-1.3020234212924431e-05,-2170.8569234355955,-2.7656973801833304,-0.001443361672462509,-1.83885983138355e-06,0.0014415228126311256,0.0001238852702001355,-6.777162580000839e-06,0.00013066243278013633,6.585686329590518e-05,-0.1573350863681354,0.1574009432314313,-0.00014399858510460994,-0.00014399858510460994,0.0,0.0,0.0,0.0,1.240184333617389e-05,1.240184333617389e-05,0.0
0.7147,1.3991884706870017,-1.2429273620885044,-0.34727432033849936,2.2165349569223775e-09,9.060308265824012e-06,0.05864163558699178,-0.0002562314550897226,1.0,2696.2177334156368,0.9978565307367916,-6.579761101184024e-05,2.9591636363347108e-06,0.0001955455976817,-1.0605994845134469e-05,-2171.5778836321188,-2.329852206410592,-0.0011858142453286828,-1.2722416988568743e-06,0.0011845420036298258,0.00010177909818837471,-5.520290788386418e-06,0.00010729938897676112,5.408712963778099e-05,-0.1326009883067095,0.13265507543634728,-0.00011847814416521274,-0.00011847814416521274,0.0,0.0,0.0,0.0,1.006505247652667e-05,1.006505247652667e-05,0.0
0.7147035714285714,1.3991814788348815,-1.2428971864991194,-0.34883985509492277,1.5168353873732016e-09,7.774863969061072e-06,0.061741857426311664,-0.00020940264731525532,1.0,2697.515447314715,0.998202583878723,-5.378570272170381e-05,2.40500321753203e-06,0.0001599020699068,-8.577390494169917e-06,-2172.2988198887465,-1.9540185517726323,-0.0009696314429124721,-8.721994462668225e-07,0.0009687592434662052,8.322351580404649e-05,-4.464236019043503e-06,8.768775182308999e-05,4.421151647407547e-05,-0.11075654583451253,0.1108007573509866,-9.702220211060819e-05,-9.702220211060819e-05,0.0,0.0,0.0,0.0,8.10297439374219e-06,8.10297439374219e-06,0.0
0.7147071428571429,1.3991744870526388,-1.2428669875179132,-0.3504692345451872,1.028196325396067e-09,6.541562040620212e-06,0.06399864987239043,-0.00017026158992052132,1.0,2698.7469956665277,0.9984997104983021,-4.375191645575952e-05,1.9370483993775956e-06,0.0001301168695118,-6.874129227771378e-06,-2173.019732207113,-1.6313030590332218,-0.0007889875984129662,-5.922992155819384e-07,0.0007883952991973843,6.771844554737844e-05,-3.5775940624896373e-06,7.129603960986808e-05,3.5962543556239676e-05,-0.0948275216704058,0.09486348421396204,-7.90647602646466e-05,-7.90647602646466e-05,0.0,0.0,0.0,0.0,6.463402788869921e-06,6.463402788869921e-06,0.0
0.7147107142857143,1.3991674953402724,-1.2428367829526723,-0.3486171512884937,6.901331713553658e-10,5.783730226087736e-06,0.07033328749794873,-0.00013763106059486464,1.0,2699.9202412171676,0.9987536971254329,-3.540968379772218e-05,1.512812549432597e-06,0.0001053435168824,-5.395932160850334e-06,-2173.740620588953,-1.3554142203211756,-0.0006387462222226441,-3.9828381757085216e-07,0.0006383479384050732,5.482297322532197e-05,-2.8081561209511898e-06,5.763112934627316e-05,2.9104498707234652e-05,-0.08165310663156859,0.08168221113027582,-6.410566568293419e-05,-6.410566568293419e-05,0.0,0.0,0.0,0.0,5.100223407716875e-06,5.100223407716875e-06,0.0
0.7147142857142856,1.3991605036977814,-1.242806623453764,-0.34552795181267015,4.585078652409753e-10,5.1181550772890305e-06,0.07785397335187647,-0.00011061584403835597,1.0,2701.042406683205,0.9989698091543402,-2.850749328929248e-05,1.1578780305921422e-06,8.483868975975131e-05,-4.166181916064297e-06,-2174.461485030322,-1.1206323906741111,-0.0005143970560749787,-2.651001209602891e-07,0.0005141319559540184,4.4149943636563197e-05,-2.1680756286281462e-06,4.631801926519134e-05,2.343051639732499e-05,-0.06522085534816043,0.06524428586455774,-5.170477218396918e-05,-5.170477218396918e-05,0.0,0.0,0.0,0.0,3.972872390511917e-06,3.972872390511917e-06,0.0
0.7147178571428571,1.3991535121251644,-1.2427764783325765,-0.3465250031952962,3.014027568374053e-10,4.164218179321746e-06,0.07921300787817603,-8.84308234568215e-05,1.0,2702.119864949042,0.9991528171578764,-2.282554321322224e-05,8.929853037099855e-07,6.79524532560985e-05,-3.2034022002812726e-06,-2175.182325523838,-0.921779030026551,-0.0004119966272744157,-1.745921925748286e-07,0.00041182203508184086,3.536085685619122e-05,-1.666975079591685e-06,3.70278319357829e-05,1.8759821680122835e-05,-0.05146922545472023,0.05148798527640035,-4.147639895446531e-05,-4.147639895446531e-05,0.0,0.0,0.0,0.0,3.04582248711327e-06,3.04582248711327e-06,0.0
0.7147214285714285,1.3991465206224205,-1.2427463051015275,-0.3484519325701001,1.9595435762541946e-10,3.2996658609035412e-06,0.07881081532732695,-7.026365142551675e-05,1.0,2704.0955900676126,1.0,-1.817259544342754e-05,6.785347933619784e-07,5.411903483780356e-05,-2.4199797117319367e-06,-2175.903142071059,0.0,-0.00032811232193901926,0.0,0.00032811232193901926,2.81610667326754e-05,-1.259246591482072e-06,2.9420313324157472e-05,1.49351399551909e-05,-0.04257277137259966,0.042587706512554856,0.0,0.0,0.0,0.0,0.0,0.0,2.2880980301565046e-06,2.2880980301565046e-06,0.0
0.7147249999999999,1.3991395291895483,-1.242716114537385,-0.34965417238692,1.2594510207457053e-10,2.6178393476631424e-06,0.0790166827256138,-5.5454500322522556e-05,1.0,2704.9256389068623,1.0,-1.43830315030759e-05,4.995403179687261e-07,4.284819612247864e-05,-1.7754308457498274e-06,-2176.62393467377,0.0,-0.00025977000567361646,0.0,0.00025977000567361646,2.2295284022232337e-05,-9.238133352143266e-07,2.3219097357446665e-05,1.1820273453952274e-05,-0.03479068575808628,0.03480250603154023,0.0,0.0,0.0,0.0,0.0,0.0,1.6728187434700281e-06,1.6728187434700281e-06,0.0
0.7147285714285714,1.3991325378265476,-1.2426859035167217,-0.3509319474966901,7.998852112384713e-11,2.0532797062370593e-06,0.07877085933805558,-4.3457697893574535e-05,1.0,2705.755569929476,1.0,-1.1314109308570728e-05,3.540096422635191e-07,3.3717197718757744e-05,-1.2535843353333394e-06,-2177.3447033336106,0.0,-0.00020440517204168808,0.0,0.00020440517204168808,1.7543382463425142e-05,-6.52251994022522e-07,1.8195634457447664e-05,9.29784315759028e-06,-0.027897402266700705,0.027906700109858296,0.0,0.0,0.0,0.0,0.0,0.0,1.1767725307532118e-06,1.1767725307532118e-06,0.0
0.7147321428571428,1.3991255465334167,-1.2426556739422392,-0.35298218347566035,5.0174705759165624e-11,1.5742554497523702e-06,0.0771527629524089,-3.379918952709947e-05,1.0,2706.585387239825,1.0,-8.843419339466329e-06,2.3742106417434777e-07,2.6363330536617392e-05,-8.35828680089746e-07,-2178.0654480523717,0.0,-0.00015981760385977523,0.0,0.00015981760385977523,1.3716506493532955e-05,-4.3487106084749935e-07,1.4151377554380455e-05,7.267195070841505e-06,-0.022434707065185452,0.022441974260256296,0.0,0.0,0.0,0.0,0.0,0.0,7.800175286232225e-07,7.800175286232225e-07,0.0
0.7147357142857143,1.3991185553101546,-1.2426254208957461,-0.35266419185580844,3.106935223148224e-11,1.2433281270392148e-06,0.07858355654322063,-2.60645781938847e-05,1.0,2707.4150800864427,1.0,-6.866535088832853e-06,1.414478623754677e-07,2.0477013600102656e-05,-4.983968136775954e-07,-2178.7861688317976,0.0,-0.00012412946204241388,0.0,0.00012412946204241388,1.065347327546093e-05,-2.5929841327362914e-07,1.0912771688734559e-05,5.6424665831635445e-06,-0.018046716832213816,0.01805235929879698,0.0,0.0,0.0,0.0,0.0,0.0,4.6551292520735643e-07,4.6551292520735643e-07,0.0
0.7147392857142857,1.3991115641567604,-1.2425952040680188,-0.348865494925235,1.8981779908989956e-11,1.0275047202824864e-06,0.08469919847937475,-1.9915286523235522e-05,1.0,2708.2447785168547,1.0,-5.294856270344607e-06,6.505720661944081e-08,1.5795449673301267e-05,-2.3172189314023165e-07,-2179.506865671604,0.0,-9.574678198763838e-05,0.0,9.574678198763838e-05,8.217467305412022e-06,-1.2055162215777925e-07,8.338018927569802e-06,4.3508116259609225e-06,-0.013923153033042555,0.013927503844668516,0.0,0.0,0.0,0.0,0.0,0.0,2.1877864470054575e-07,2.1877864470054575e-07,0.0
0.7147428571428571,1.3991045730732332,-1.2425650218163498,-0.3486992431710121,1.1435452818827513e-11,7.93821300439332e-07,0.08554116826199226,-1.5067375065477506e-05,1.0,2709.0744790182575,1.0,-4.053636011274662e-06,8.194954991855387e-09,1.2096823299170364e-05,-2.9202140892645626e-08,-2180.2275385622893,0.0,-7.332422633402129e-05,0.0,7.332422633402129e-05,6.293014614996202e-06,-1.519155028404859e-08,6.30820616528025e-06,3.330777380148968e-06,-0.01056379510561458,0.01056712588299473,0.0,0.0,0.0,0.0,0.0,0.0,2.7582754691390935e-08,2.7582754691390935e-08,0.0
0.7147464285714286,1.3990975820595717,-1.2425348149255284,-0.3507581282529202,6.7892495402900246e-12,5.87206835509852e-07,0.08308814955971908,-1.1268523235525348e-05,0.9729562703077229,2709.904052522308,1.0,-3.080188234850839e-06,-3.5579585603535825e-08,9.195017938433383e-06,1.2603805942634867e-07,-2180.9481875038864,0.0,-5.5733032535448006e-05,0.0,5.5733032535448006e-05,4.783231273231584e-06,6.556476469128528e-08,4.717666508540299e-06,2.5308293775041952e-06,-0.008089672718191061,0.008092203547568566,0.0,0.0,0.0,0.0,0.0,0.0,-1.1834392055209975e-07,-1.1834392055209975e-07,0.0
0.71475,1.3990905911157747,-1.242504589911351,-0.35201431569558395,3.969790684555675e-12,4.356051148192247e-07,0.08164664252188765,-8.314333535612607e-06,0.9322263524685649,2710.733513195386,1.0,-2.322266457579702e-06,-6.89130153547978e-08,6.934834011987065e-06,2.4324220369780215e-07,-2181.6688124981406,0.0,-4.2032003429217265e-05,0.0,4.2032003429217265e-05,3.607333146833803e-06,1.2652871901350106e-07,3.480804427820302e-06,1.9080177500808684e-06,-0.006018680922676028,0.006020588940426109,0.0,0.0,0.0,0.0,0.0,0.0,-2.275666446949209e-07,-2.275666446949209e-07,0.0
0.7147535714285714,1.3990836002418416,-1.2424743443083706,-0.3532217646823028,2.284548072802247e-12,3.2029781267402544e-07,0.08017307273836291,-6.036197948342284e-06,0.880560915969334,2711.5628556220295,1.0,-1.7366062722522146e-06,-9.366840670534733e-08,5.187690387322653e-06,3.2948307222323075e-07,-2182.3894135467517,0.0,-3.144140750891049e-05,0.0,3.144140750891049e-05,2.6983954686339486e-06,1.7138178316335613e-07,2.5270136854705925e-06,1.4267782428511583e-06,-0.004385318116739377,0.004386744894982228,0.0,0.0,0.0,0.0,0.0,0.0,-3.07180497038928e-07,-3.07180497038928e-07,0.0
0.7147571428571429,1.3990766094377711,-1.2424440813883917,-0.35518551125099407,1.2930403203482457e-12,2.3030168097798752e-07,0.07756098867493813,-4.294156819025325e-06,0.8152724891592026,2712.392086904818,1.0,-1.287623174062417e-06,-1.1193817808533587e-07,3.847778747053002e-06,3.9156137409345436e-07,-2183.1099906514955,0.0,-2.3319644160012675e-05,0.0,2.3319644160012675e-05,2.0013497815665446e-06,2.0366328784159595e-07,1.7976864937249486e-06,1.0578611025475801e-06,-0.0030887476521127364,0.003089805513215284,0.0,0.0,0.0,0.0,0.0,0.0,-3.630199990611871e-07,-3.630199990611871e-07,0.0
0.7147607142857143,1.399069618703562,-1.2424137901941597,-0.35607439444632405,7.192451202566711e-13,1.6686245601819026e-07,0.07638753810836146,-2.97714744121498e-06,0.7348174037365387,2713.2211830818874,1.0,-9.46255725738235e-07,-1.23920783348681e-07,2.8286448364062297e-06,4.3238405379714186e-07,-2183.830543814131,0.0,-1.7142498645171655e-05,0.0,1.7142498645171655e-05,1.4712032111888827e-06,2.2488677271389542e-07,1.2463164384749872e-06,7.773795926301597e-07,-0.0017487254352705024,0.0017495028148631325,0.0,0.0,0.0,0.0,0.0,0.0,-3.998460367249379e-07,-3.998460367249379e-07,0.0
0.7147642857142856,1.399062628039214,-1.2423835159455237,-0.3528544290336413,3.9286973685861445e-13,1.2813572617458068e-07,0.08090742081276137,-1.9983203603189563e-06,0.6403389091038881,2714.0502428812024,1.0,-6.889452336861452e-07,-1.282929806068308e-07,2.0601703471087737e-06,4.5171342968249686e-07,-2184.551073036137,0.0,-1.2484832494781293e-05,0.0,1.2484832494781293e-05,1.0714668114143063e-06,2.3493006238739498e-07,8.365367490269113e-07,5.659708527881261e-07,-0.0007150817142340405,0.0007156476850868287,0.0,0.0,0.0,0.0,0.0,0.0,-4.2151132395584767e-07,-4.2151132395584767e-07,0.0
0.7147678571428571,1.399055637444725,-1.2423532863044584,-0.3511754099828863,2.1055211180735473e-13,9.484754879540198e-08,0.08324266619202429,-1.2747877358616054e-06,0.5273587657044109,2714.8793267808983,1.0,-4.9674188204373e-07,-1.2997720430689107e-07,1.4859276373776615e-06,4.5982036989207574e-07,-2185.27157830979,0.0,-9.004532358682552e-06,0.0,9.004532358682552e-06,7.727777892413109e-07,2.391361193876278e-07,5.336416698536831e-07,4.080608170286617e-07,-0.0003098605379404818,0.00031026859875751047,0.0,0.0,0.0,0.0,0.0,0.0,-4.311058675599e-07,-4.311058675599e-07,0.0
0.7147714285714285,1.3990486469200945,-1.242323048650714,-0.3528728613239309,1.1061647550750134e-13,6.584077219333364e-08,0.08078312009577027,-7.439408062523232e-07,0.39321287173404257,2715.7083198477426,1.0,-3.545261770269583e-07,-1.3123999120943466e-07,1.0608734849589534e-06,4.620430864886709e-07,-2185.992059631568,0.0,-6.42852008251403e-06,0.0,6.42852008251403e-06,5.51698673501316e-07,2.402817692499086e-07,3.1141690425140744e-07,2.912240076576746e-07,0.00010272142423489745,0.00010243020022723977,0.0,0.0,0.0,0.0,0.0,0.0,-4.31084135332771e-07,-4.31084135332771e-07,0.0
0.7147749999999999,1.3990416564653214,-1.2422927882669978,-0.3543944882507333,5.691321041049253e-14,4.529960485335288e-08,0.07855155976990767,-3.647362846456766e-07,0.24362666817467946,2716.5371898862822,1.0,-2.5033786964274893e-07,-1.300167743445717e-07,7.493594883915947e-07,4.5576019514085895e-07,-2186.712517003226,0.0,-4.540686418196363e-06,0.0,4.540686418196363e-06,3.896816122739354e-07,2.3700422881676214e-07,1.5267738345717325e-07,2.0563174857015385e-07,0.000622183609791727,0.0006219779780431568,0.0,0.0,0.0,0.0,0.0,0.0,-4.233750125481883e-07,-4.233750125481883e-07,0.0
0.7147785714285714,1.3990346660804047,-1.2422625088936108,-0.3556587123057966,2.864825761250581e-14,3.0924562804130987e-08,0.07666553429338525,-1.0046180242857311e-07,0.08371846007191419,2717.3659450334085,1.0,-1.7479976259629416e-07,-1.2670255437596046e-07,5.234230351990198e-07,4.425530083654427e-07,-2187.432950426525,0.0,-3.1715240259416807e-06,0.0,3.1715240259416807e-06,2.721785391696934e-07,2.3012634756561604e-07,4.2052191604077365e-08,1.4357843144828996e-07,0.0009172758994011328,0.0009171323209696845,0.0,0.0,0.0,0.0,0.0,0.0,-4.096241698059444e-07,-4.096241698059444e-07,0.0
0.7147821428571428,1.3990276757653433,-1.2422322103307666,-0.35715840089858375,1.4092966645367125e-14,2.0763977907086348e-08,0.07444031182588497,8.086876849443376e-08,0.08263744466045957,2718.194584815278,1.0,-1.2062904425827545e-07,-1.2260616152095036e-07,3.613367863529224e-07,4.26436344891097e-07,-2188.1533599032264,0.0,-2.189329915633653e-06,0.0,2.189329915633653e-06,1.878860586699321e-07,2.2173619498830762e-07,3.385013631837554e-08,9.907977285384778e-08,0.0009851978478002167,0.0009850987680273629,0.0,0.0,0.0,0.0,0.0,0.0,-3.930293508425109e-07,-3.930293508425109e-07,0.0
0.7147857142857142,1.399020685520136,-1.2422018894909546,-0.358885790209456,6.767408142863901e-15,1.3701554478207534e-08,0.07189441289710677,2.0203446305152502e-07,0.2481530590108907,2719.0231024366226,1.0,-8.222512196574828e-08,-1.1817226684686138e-07,2.4638432838941306e-07,4.0902654038469293e-07,-2188.873745435099,0.0,-1.4927805102476686e-06,0.0,1.4927805102476686e-06,1.2810815439930065e-07,2.1267438368156207e-07,8.456622928226142e-08,6.753398712946582e-08,0.0011603896365672314,0.0011603221025801018,0.0,0.0,0.0,0.0,0.0,0.0,-3.7514982609287983e-07,-3.7514982609287983e-07,0.0
0.7147892857142857,1.399013695344782,-1.2421715593478302,-0.35730264469358985,3.16826084103881e-15,9.462762748438021e-09,0.07393638401043412,2.749530107462781e-07,0.40025128277778865,2719.851526260652,1.0,-5.5325675319892595e-08,-1.113716870891848e-07,1.6583778852572458e-07,3.8718644900434237e-07,-2189.594107023863,0.0,-1.0047319373862585e-06,0.0,1.0047319373862585e-06,8.622406642395954e-08,2.0130990888261167e-07,1.1508584245865213e-07,4.543905982741288e-08,0.0014270733799800971,0.0014270279409202696,0.0,0.0,0.0,0.0,0.0,0.0,-3.566738843163719e-07,-3.566738843163719e-07,0.0
0.7147928571428571,1.39900670523928,-1.242141273536472,-0.3540126917608859,1.444193520248781e-15,6.6300158893051144e-09,0.07837092926734661,3.149630549742313e-07,0.5351868093719125,2720.679973743198,1.0,-3.6722036352663466e-08,-1.0364832659837615e-07,1.1011124398061345e-07,3.6367584382480605e-07,-2190.314444666356,0.0,-6.670866382798137e-07,0.0,6.670866382798137e-07,5.724769593354282e-08,1.890779122368527e-07,1.3183021630330987e-07,3.015880420570022e-08,0.0012863529577767437,0.001286322798972538,0.0,0.0,0.0,0.0,0.0,0.0,-3.381122824497318e-07,-3.381122824497318e-07,0.0
0.7147964285714286,1.3989997152036295,-1.2421110060239515,-0.35485083597021116,6.400539350709489e-16,4.26874780827069e-09,0.07702720517109944,3.3882600300485877e-07,0.6542808185681344,2721.5083879331532,1.0,-2.40266170029976e-08,-9.851827420342229e-08,7.20685218574565e-08,3.448509071367358e-07,-2191.0347583545,0.0,-4.365963106933325e-07,0.0,4.365963106933325e-07,3.746737874591104e-08,1.7928298257759057e-07,1.4181560383167954e-07,1.973171051783616e-08,0.001039372617564425,0.001039352885853907,0.0,0.0,0.0,0.0,0.0,0.0,-3.198370874257783e-07,-3.198370874257783e-07,0.0
0.7148,1.3989927252378287,-1.2420807100353426,-0.35683202405550674,2.7538208651433996e-16,2.6532144095927436e-09,0.07408685025729012,3.491674289415455e-07,0.7515685714984367,2722.33666635502,1.0,-1.5484272395375556e-08,-9.41079800644285e-08,4.6461351431223545e-08,3.2757627908484615e-07,-2191.7550480898763,0.0,-2.814557577063492e-07,0.0,2.814557577063492e-07,2.4153544211353063e-08,1.7029483421674973e-07,1.4614129000539666e-07,1.2715916294364813e-08,0.001037995657607716,0.0010379829416914217,0.0,0.0,0.0,0.0,0.0,0.0,-3.0211328394535997e-07,-3.0211328394535997e-07,0.0
0.7148035714285714,1.398985735341877,-1.2420503969119887,-0.35803119648088,1.148345665239054e-16,1.6437422050336656e-09,0.07224295948949871,3.4868218778743244e-07,0.826435921142471,2723.1648338171663,1.0,-9.821145996481722e-09,-8.94205743397357e-08,2.9478895721419068e-08,3.1021000667660515e-07,-2192.475313874183,0.0,-1.785719943124021e-07,0.0,1.785719943124021e-07,1.532433227918931e-08,1.6125981324286164e-07,1.4593548096367233e-07,8.064988870623736e-09,0.0010306369555842035,0.001030628890595333,0.0,0.0,0.0,0.0,0.0,0.0,-2.851241652224168e-07,-2.851241652224168e-07,0.0
0.7148071428571429,1.3989787455157734,-1.2420200631505387,-0.35928400023638574,4.6330276147169545e-17,9.997595041515154e-10,0.07032788898346237,3.4193454474258305e-07,0.8821376255591119,2723.9928826034443,1.0,-6.1252835069186326e-09,-8.49588584109497e-08,1.8391756627690707e-08,2.9369692671908476e-07,-2193.1955557092183,0.0,-1.1140615153965776e-07,0.0,1.1140615153965776e-07,9.560373671084584e-09,1.526690692098482e-07,1.431086955387636e-07,5.029821203497344e-09,0.0009338093648108058,0.0009338043349896022,0.0,0.0,0.0,0.0,0.0,0.0,-2.689914546105676e-07,-2.689914546105676e-07,0.0
0.7148107142857143,1.3989717557595167,-1.2419897113734952,-0.36135685961795616,1.8051347195383956e-17,5.877005708474898e-10,0.06728623232711749,3.3215934867361385e-07,0.922257008908122,2724.820818427167,1.0,-3.7528639034167665e-09,-8.109167669578314e-08,1.1272176171090893e-08,2.787134807421928e-07,-2193.9157735967347,0.0,-6.827748830118368e-08,0.0,6.827748830118368e-08,5.859232305261572e-09,1.4487415788130934e-07,1.3901492557604778e-07,3.0815833209183648e-09,0.0008899317138423536,0.0008899286322590327,0.0,0.0,0.0,0.0,0.0,0.0,-2.5379114843016026e-07,-2.5379114843016026e-07,0.0
0.7148142857142857,1.398964766073106,-1.2419593343755884,-0.3612570525160379,6.7777812453435765e-18,3.531475831114024e-10,0.0672438594591282,3.182544940460279e-07,0.9497435359813801,2725.648625440858,1.0,-2.256471744581785e-09,-7.650983661036198e-08,6.779891689326889e-09,2.630318358852571e-07,-2194.635967538514,0.0,-4.106542421991145e-08,0.0,4.106542421991145e-08,3.524008777207368e-09,1.3671700682236704e-07,1.3319299804515968e-07,1.8527880721149613e-09,0.0010152430805200543,0.0010152412277319822,0.0,0.0,0.0,0.0,0.0,0.0,-2.3956567174465704e-07,-2.3956567174465704e-07,0.0
0.7148178571428571,1.39895777645654,-1.2419289913037164,-0.357456981300146,2.447177178813696e-18,2.2280573333400707e-10,0.07232509634555624,3.00428066464273e-07,0.9680078894249823,2726.4764334409288,1.0,-1.329955318365047e-09,-7.077643739216133e-08,3.9974011867371125e-09,2.4590178426172943e-07,-2195.356137534729,0.0,-2.4211132557907148e-08,0.0,2.4211132557907148e-08,2.077654180891191e-09,1.278077546619753e-07,1.257301004810841e-07,1.0919874407952248e-09,0.0009484380016480793,0.0009484369096606385,0.0,0.0,0.0,0.0,0.0,0.0,-2.2633324703313917e-07,-2.2633324703313917e-07,0.0
0.7148214285714285,1.398950786909818,-1.2418986851008194,-0.3570764833393696,8.47545567460299e-19,1.2915635814754754e-10,0.07267420424380776,2.857134779011764e-07,0.9803331527034048,2727.3042489539794,1.0,-7.675155434002922e-10,-6.681196036767145e-08,2.307680183849688e-09,2.3236950513697112e-07,-2196.07628357588,0.0,-1.3976448354895144e-08,0.0,1.3976448354895144e-08,1.1993680388555308e-09,1.2076914280255064e-07,1.195697747636951e-07,6.301624465358378e-10,0.000704197689179496,0.0007041970590170494,0.0,0.0,0.0,0.0,0.0,0.0,-2.1409486267165437e-07,-2.1409486267165437e-07,0.0
0.7148249999999999,1.3989437974329382,-1.2418683560016635,-0.3591114356815126,2.8088413795688474e-19,7.005923721229731e-11,0.06966633412567563,2.73355971619849e-07,0.988302627494708,2728.131940769361,1.0,-4.3309704130812124e-10,-6.40278943630991e-08,1.3026309104670522e-09,2.214193367583797e-07,-2196.796405661621,0.0,-7.889080722051199e-09,0.0,7.889080722051199e-09,6.769857691722703e-10,1.1507307158191148e-07,1.1439608581273921e-07,3.55578343152878e-10,0.0006327562481273605,0.0006327558925490174,0.0,0.0,0.0,0.0,0.0,0.0,-2.028395065800659e-07,-2.028395065800659e-07,0.0
0.7148285714285714,1.3989368080259004,-1.24183800834545,-0.3603977956184963,8.879982104768247e-20,3.759204686396443e-11,0.06770583198390391,2.610722519351515e-07,0.9932144094131286,2728.959518377381,1.0,-2.3868579066850224e-10,-6.122008893487641e-08,7.18142141954356e-10,2.1094866349875223e-07,-2197.5165037936645,0.0,-4.349098416190919e-09,0.0,4.349098416190919e-09,3.7320707585451893e-10,1.096266731340103e-07,1.0925346605815578e-07,1.9595727717584713e-10,0.0006095935095230546,0.0006095933135657774,0.0,0.0,0.0,0.0,0.0,0.0,-1.925478769759792e-07,-1.925478769759792e-07,0.0
0.7148321428571428,1.3989298186887031,-1.2418076401964309,-0.361608436564012,2.6728498252718818e-20,1.9671955249181587e-11,0.06585529870763902,2.4960432312787346e-07,0.9961755382743434,2729.786977487142,1.0,-1.2819489447272826e-10,-5.8642822219610716e-08,3.8583553722195017e-10,2.0138663070739073e-07,-2198.236577973816,0.0,-2.3365486860217753e-09,0.0,2.3365486860217753e-09,2.005039644945237e-10,1.0465292581330759e-07,1.0445242184881306e-07,1.0524229383744015e-10,0.0005327247673150137,0.0005327246620727198,0.0,0.0,0.0,0.0,0.0,0.0,-1.8319515460163416e-07,-1.8319515460163416e-07,0.0
0.7148357142857142,1.3989228294213456,-1.2417772547182504,-0.3635137676450597,7.601642881803882e-21,9.874236675324847e-12,0.06305728533840688,2.395713936059605e-07,0.9979123318320166,2730.614325015466,1.0,-6.70272241835083e-11,-5.653565966884151e-08,2.018042659627744e-10,1.931280256922985e-07,-2198.956628203841,0.0,-1.2220436652515309e-09,0.0,1.2220436652515309e-09,1.0486543217232534e-10,1.0035691655074666e-07,1.0025205111857433e-07,5.502443038399221e-11,0.0004613797789445788,0.0004613797239201484,0.0,0.0,0.0,0.0,0.0,0.0,-1.7475279578960112e-07,-1.7475279578960112e-07,0.0
0.7148392857142857,1.3989158402238266,-1.2417468413070167,-0.3645685461954713,2.0465614261925735e-21,4.8989899907529244e-12,0.06143279306424163,2.2998750986889931e-07,0.9988927642527925,2731.441537604194,1.0,-3.408283660137952e-11,-5.440739750768629e-08,1.0265081996392139e-10,1.853155317537483e-07,-2199.676654485531,0.0,-6.215879053141404e-10,0.0,6.215879053141404e-10,5.333909975952848e-11,9.629308015929505e-08,9.623974105953553e-08,2.7978523924063845e-11,0.0005070503216707564,0.0005070502936922325,0.0,0.0,0.0,0.0,0.0,0.0,-1.6718991430186847e-07,-1.6718991430186847e-07,0.0
0.7148428571428571,1.3989088510961452,-1.2417164409035673,-0.3615518450720572,5.190794680363394e-22,2.5642956105034103e-12,0.06538933041313792,2.18986844558444e-07,0.9994255183462628,2732.268705283368,1.0,-1.682352952923286e-11,-5.136514825727455e-08,5.0686386219765076e-11,1.7640886072036364e-07,-2200.3966568205874,0.0,-3.06912954305824e-10,0.0,3.06912954305824e-10,2.633636585113127e-11,9.16610680266069e-08,9.163473166075577e-08,1.3809912449698176e-11,0.0005166349923994045,0.0005166349785894921,0.0,0.0,0.0,0.0,0.0,0.0,-1.6047413325948057e-07,-1.6047413325948057e-07,0.0
0.7148464285714285,1.3989018620383,-1.2416860857732002,-0.3596054300551259,1.2366600455361575e-22,1.2695266075919774e-12,0.06789521599801972,2.098330819152157e-07,0.9997132823469393,2733.0958990939853,1.0,-8.040618633936854e-12,-4.894843880898888e-08,2.4233219719838357e-11,1.6901467639163659e-07,-2201.116635201788,0.0,-1.4672996018317315e-10,0.0,1.4672996018317315e-10,1.2590904476921647e-11,8.781530767464668e-08,8.780271677016976e-08,6.600062053881726e-12,0.00035822857694438543,0.00035822857034432335,0.0,0.0,0.0,0.0,0.0,0.0,-1.5457214747049974e-07,-1.5457214747049974e-07,0.0
0.71485,1.3988948730502904,-1.2416557264107306,-0.36120130298235154,2.722022614445676e-23,5.604632503460209e-13,0.06550995131335306,2.0380110778781116e-07,0.9998651654083538,2733.923010128492,1.0,-3.670846150885631e-12,-4.775102946229437e-08,1.1067135696170897e-11,1.6414763369987697e-07,-2201.8365896249493,0.0,-6.700800659100134e-11,0.0,6.700800659100134e-11,5.749927013318321e-12,8.528285358512053e-08,8.527710365810722e-08,3.0130718072068757e-12,0.0002547863371018344,0.0002547863340887626,0.0,0.0,0.0,0.0,0.0,0.0,-1.4945010123890157e-07,-1.4945010123890157e-07,0.0
0.7148535714285714,1.398887884132115,-1.2416253432897517,-0.3627914229335545,5.338262213544991e-24,2.4492361311162695e-13,0.06314158033171414,1.9871664309408211e-07,0.9999374162897642,2734.7499953741367,1.0,-1.6606792147220653e-12,-4.676529803400689e-08,5.008436419228071e-12,1.600505843164765e-07,-2202.55652009186,0.0,-3.0323365015892656e-11,0.0,3.0323365015892656e-11,2.6020194183999387e-12,8.31506469202448e-08,8.31480449008264e-08,1.3630562937364435e-12,0.000230428712160078,0.00023042871079702172,0.0,0.0,0.0,0.0,0.0,0.0,-1.450737868169405e-07,-1.450737868169405e-07,0.0
0.7148571428571429,1.398880895283773,-1.2415949415692207,-0.3640476145078253,1.1451059859294387e-24,9.393604380116094e-14,0.061238817091324366,1.943760876861729e-07,0.9999747344631053,0.0,0.0,-6.555542979413047e-13,-4.590358911768106e-08,1.9777546336078195e-12,1.5655552124805815e-07,0.0,0.0,0.0,0.0,0.0,1.0274531722820794e-12,8.133135638325517e-08,8.133032893008289e-08,5.380485370012277e-13,0.00018932751730277975,0.00018932751676473122,0.0,0.0,0.0,0.0,0.0,0.0,-1.414088747764275e-07,-1.414088747764275e-07,0.0
0.7148607142857143,1.398873906505263,-1.2415645203975,-0.3654962367221515,7.870817339343743e-26,4.237756672570035e-14,0.059079178852934976,1.9103235115637712e-07,0.999987998683319,0.0,0.0,-3.0593608646766493e-13,-4.529537397202859e-08,9.232976699520742e-13,1.5386513898516084e-07,0.0,0.0,0.0,0.0,0.0,4.796369259960587e-13,7.993023775813233e-08,7.992975812120634e-08,2.510893172672397e-13,0.00012629791076093616,0.00012629791050984684,0.0,0.0,0.0,0.0,0.0,0.0,-1.3842085822002304e-07,-1.3842085822002304e-07,0.0
0.7148642857142857,1.398866917796585,-1.2415340777574433,-0.36731451355382205,5.692213075277063e-26,1.7389652376295766e-14,0.05642502522077544,1.8873516356917216e-07,0.9999947921193254,0.0,0.0,-1.3112007191590456e-13,-4.497537077012361e-08,3.958471005638636e-13,1.520181027714892e-07,0.0,0.0,0.0,0.0,0.0,2.05626730003128e-13,7.896732180090236e-08,7.896711617417236e-08,1.0760970740024554e-13,0.00011858020081176914,0.00011858020070415943,0.0,0.0,0.0,0.0,0.0,0.0,-1.360752526768927e-07,-1.360752526768927e-07,0.0
0.7148678571428572,1.3988599291577364,-1.2415036225411527,-0.3659825712736051,1.9987680602167906e-27,5.954805002533779e-15,0.058054291510528724,1.8565457921455314e-07,0.9999982346117093,0.0,0.0,-4.370822614960665e-14,-4.408293186529064e-08,1.3199840617802366e-13,1.4954023469625325e-07,0.0,0.0,0.0,0.0,0.0,6.856492558553366e-14,7.767680959846995e-08,7.767674103354436e-08,3.586990246674851e-14,0.00017758034756579883,0.00017758034752992892,0.0,0.0,0.0,0.0,0.0,0.0,-1.3433750650770904e-07,-1.3433750650770904e-07,0.0
0.7148714285714285,1.3988529405887171,-1.241473210672676,-0.3625299520754197,1.5484548640035179e-28,0.0,0.0,1.8231408881025166e-07,1.0,0.0,0.0,-0.0,-4.288342062365743e-08,0.0,1.4685301885126233e-07,0.0,0.0,0.0,0.0,0.0,0.0,7.627767578539051e-08,7.627767578539051e-08,0.0,0.00010204365523512184,0.00010204365523512184,0.0,0.0,0.0,0.0,0.0,0.0,-1.331730584697155e-07,-1.331730584697155e-07,0.0
0.7148749999999999,1.3988459520895262,-1.241442820719281,-0.36319317853076427,-7.883192100259895e-29,0.0,0.0,1.8179428964493942e-07,1.0,0.0,0.0,-0.0,-4.284148121754229e-08,0.0,1.4643790806217673e-07,0.0,-0.0,0.0,-0.0,0.0,0.0,7.605878003947129e-08,7.605878003947129e-08,0.0,-2.5761290372525862e-05,2.5761290372525862e-05,0.0,0.0,0.0,0.0,0.0,0.0,-1.325473387714382e-07,-1.325473387714382e-07,0.0
0.7148785714285714,1.398838963660162,-1.2414124023980606,-0.36521883434048164,1.460465235355191e-29,0.0,0.0,1.8264546057107094e-07,1.0,0.0,0.0,-0.0,-4.328424922767321e-08,0.0,1.4712714342006826e-07,0.0,0.0,0.0,0.0,0.0,0.0,7.641346411884836e-08,7.641346411884836e-08,0.0,-4.9010937469668815e-05,4.9010937469668815e-05,0.0,0.0,0.0,0.0,0.0,0.0,-1.3242578850158893e-07,-1.3242578850158893e-07,0.0
0.7148821428571428,1.3988319753006242,-1.2413819668568913,-0.3664258399813889,-8.758733068078213e-30,0.0,0.0,1.8373562542831644e-07,1.0,0.0,0.0,-0.0,-4.368864744560213e-08,0.0,1.4800893708285824e-07,0.0,-0.0,0.0,-0.0,0.0,0.0,7.686812002595371e-08,7.686812002595371e-08,0.0,-6.062075656825756e-05,6.062075656825756e-05,0.0,0.0,0.0,0.0,0.0,0.0,-1.3277383686949307e-07,-1.3277383686949307e-07,0.0
0.7148857142857142,1.3988249870109108,-1.241351510611667,-0.36765801850961566,0.0,0.0,0.0,1.8544573523976228e-07,1.0,0.0,0.0,-0.0,-4.4245727294101116e-08,0.0,1.4939018775462338e-07,0.0,0.0,0.0,0.0,0.0,0.0,7.758211460998726e-08,7.758211460998726e-08,0.0,-0.00011083807889863833,0.00011083807889863833,0.0,0.0,0.0,0.0,0.0,0.0,-1.3355691758087929e-07,-1.3355691758087929e-07,0.0
0.7148892857142857,1.3988179987910216,-1.2413210367318444,-0.3697350360872349,0.0,0.0,0.0,1.8815108159429113e-07,1.0,0.0,0.0,-0.0,-4.51470205460439e-08,0.0,1.515732643101386e-07,0.0,0.0,0.0,0.0,0.0,0.0,7.871243557487963e-08,7.871243557487963e-08,0.0,-0.0001372650557072348,0.0001372650557072348,0.0,0.0,0.0,0.0,0.0,0.0,-1.3474046067774026e-07,-1.3474046067774026e-07,0.0
0.7148928571428571,1.3988110106409553,-1.2412905363956317,-0.3698428105807636,0.0,0.0,0.0,1.9037531030597297e-07,1.0,0.0,0.0,-0.0,-4.569628731265281e-08,0.0,1.53368856624631e-07,0.0,0.0,0.0,0.0,0.0,0.0,7.964144218973318e-08,7.964144218973318e-08,0.0,-5.47874623097405e-05,5.47874623097405e-05,0.0,0.0,0.0,0.0,0.0,0.0,-1.3628989803393665e-07,-1.3628989803393665e-07,0.0
0.7148964285714285,1.3988040225607106,-1.2412600672950393,-0.36608008121729085,0.0,0.0,0.0,1.910439856000064e-07,1.0,0.0,0.0,-0.0,-4.5392478991770464e-08,0.0,1.5391132820081008e-07,0.0,0.0,0.0,0.0,0.0,0.0,7.991967933300092e-08,7.991967933300092e-08,0.0,-6.031959499081808e-05,6.031959499081808e-05,0.0,0.0,0.0,0.0,0.0,0.0,-1.3817066107923992e-07,-1.3817066107923992e-07,0.0
0.7149,1.3987970345502867,-1.241229637166213,-0.36546810259241624,0.0,0.0,0.0,1.9373554942270802e-07,1.0,0.0,0.0,-0.0,-4.595730187593885e-08,0.0,1.5608356715121272e-07,0.0,0.0,0.0,0.0,0.0,0.0,8.104413037213465e-08,8.104413037213465e-08,0.0,-0.0001881504355758532,0.0001881504355758532,0.0,0.0,0.0,0.0,0.0,0.0,-1.4034818085484346e-07,-1.4034818085484346e-07,0.0
0.7149035714285714,1.3987900466096828,-1.241199186232586,-0.3674762330931003,0.0,0.0,0.0,1.9819163430891032e-07,1.0,0.0,0.0,-0.0,-4.72750079388658e-08,0.0,1.5967754129011454e-07,0.0,0.0,0.0,0.0,0.0,0.0,8.290666482415231e-08,8.290666482415231e-08,0.0,-0.000221893206320028,0.000221893206320028,0.0,0.0,0.0,0.0,0.0,0.0,-1.4278788873500758e-07,-1.4278788873500758e-07,0.0
0.7149071428571429,1.3987830587388972,-1.241168716064312,-0.36879526958929887,0.0,0.0,0.0,2.0262405054153564e-07,1.0,0.0,0.0,-0.0,-4.850814795994043e-08,0.0,1.6325262465851303e-07,0.0,0.0,0.0,0.0,0.0,0.0,8.475922752921867e-08,8.475922752921867e-08,0.0,-0.0002133781445844313,0.0002133781445844313,0.0,0.0,0.0,0.0,0.0,0.0,-1.454552167601264e-07,-1.454552167601264e-07,0.0
0.7149107142857143,1.398776070937929,-1.2411382256990304,-0.3700131997319147,0.0,0.0,0.0,2.0729654638026215e-07,1.0,0.0,0.0,-0.0,-4.9793078837181835e-08,0.0,1.6702132130650408e-07,0.0,0.0,0.0,0.0,0.0,0.0,8.671214479085106e-08,8.671214479085106e-08,0.0,-0.00023947129761355473,0.00023947129761355473,0.0,0.0,0.0,0.0,0.0,0.0,-1.4831559602690445e-07,-1.4831559602690445e-07,0.0
0.7149142857142857,1.398769083206778,-1.2411077177445389,-0.3718526023091897,0.0,0.0,0.0,2.1257313290927725e-07,1.0,0.0,0.0,-0.0,-5.131688022299164e-08,0.0,1.712769406474933e-07,0.0,0.0,0.0,0.0,0.0,0.0,8.891767404247784e-08,8.891767404247784e-08,0.0,-0.00026888751651262476,0.00026888751651262476,0.0,0.0,0.0,0.0,0.0,0.0,-1.5133445707693483e-07,-1.5133445707693483e-07,0.0
0.7149178571428572,1.3987620955454425,-1.241077182634964,-0.3730555550466761,0.0,0.0,0.0,2.1769549420219837e-07,1.0,0.0,0.0,-0.0,-5.272606604234042e-08,0.0,1.7540850581105944e-07,0.0,0.0,0.0,0.0,0.0,0.0,9.105860862993114e-08,9.105860862993114e-08,0.0,-0.00019278801369898913,0.00019278801369898913,0.0,0.0,0.0,0.0,0.0,0.0,-1.5447723195061158e-07,-1.5447723195061158e-07,0.0
0.7149214285714285,1.398755107953921,-1.24104665637903,-0.37027462827248314,0.0,0.0,0.0,2.2059952373031545e-07,1.0,0.0,0.0,-0.0,-5.303374638280671e-08,0.0,1.7775280453512764e-07,0.0,0.0,0.0,0.0,0.0,0.0,9.227158758302283e-08,9.227158758302283e-08,0.0,-0.00012011775310494072,0.00012011775310494072,0.0,0.0,0.0,0.0,0.0,0.0,-1.5770935313241807e-07,-1.5770935313241807e-07,0.0
0.7149249999999999,1.3987481204322134,-1.2410161757686773,-0.36806027766434113,0.0,0.0,0.0,2.2385641347044967e-07,1.0,0.0,0.0,-0.0,-5.349751464557166e-08,0.0,1.8038154364248676e-07,0.0,0.0,0.0,0.0,0.0,0.0,9.36321148354687e-08,9.36321148354687e-08,0.0,-0.00021592165764242527,0.00021592165764242527,0.0,0.0,0.0,0.0,0.0,0.0,-1.609962497206574e-07,-1.609962497206574e-07,0.0
0.7149285714285714,1.398741132980318,-1.2409856949555027,-0.36953399908117035,0.0,0.0,0.0,2.2937566002987293e-07,1.0,0.0,0.0,-0.0,-5.5038701917106734e-08,0.0,1.848334440616558e-07,0.0,0.0,0.0,0.0,0.0,0.0,9.593884630864416e-08,9.593884630864416e-08,0.0,-0.0002851888810480258,0.0002851888810480258,0.0,0.0,0.0,0.0,0.0,0.0,-1.6430335447736866e-07,-1.6430335447736866e-07,0.0
0.7149321428571428,1.3987341455982336,-1.2409551894458946,-0.37119904122943126,0.0,0.0,0.0,2.350330536679447e-07,1.0,0.0,0.0,-0.0,-5.665308838294896e-08,0.0,1.893968901269437e-07,0.0,0.0,0.0,0.0,0.0,0.0,9.830326989357507e-08,9.830326989357507e-08,0.0,-0.00026417873583003655,0.00026417873583003655,0.0,0.0,0.0,0.0,0.0,0.0,-1.675960991653902e-07,-1.675960991653902e-07,0.0
0.7149357142857142,1.39872715828596,-1.2409246655660315,-0.37245737041646976,0.0,0.0,0.0,2.404007501331654e-07,1.0,0.0,0.0,-0.0,-5.8146229384367326e-08,0.0,1.937271107618042e-07,0.0,0.0,0.0,0.0,0.0,0.0,1.0054643895223308e-07,1.0054643895223308e-07,0.0,-0.0002530171019157471,0.0002530171019157471,0.0,0.0,0.0,0.0,0.0,0.0,-1.708399137156924e-07,-1.708399137156924e-07,0.0
0.7149392857142857,1.398720171043495,-1.2408941219556637,-0.3738483601510154,0.0,0.0,0.0,2.457689071286227e-07,1.0,0.0,0.0,-0.0,-5.966957761580774e-08,0.0,1.980579187056572e-07,0.0,0.0,0.0,0.0,0.0,0.0,1.0278971485903551e-07,1.0278971485903551e-07,0.0,-0.00027508789853354686,0.00027508789853354686,0.0,0.0,0.0,0.0,0.0,0.0,-1.740002309458255e-07,-1.740002309458255e-07,0.0
0.7149428571428571,1.3987131838708389,-1.2408635578462344,-0.3757416337612085,0.0,0.0,0.0,2.513391786605254e-07,1.0,0.0,0.0,-0.0,-6.133402282599826e-08,0.0,2.0255182535683018e-07,0.0,0.0,0.0,0.0,0.0,0.0,1.05117435071517e-07,1.05117435071517e-07,0.0,-0.00023375762026288347,0.00023375762026288347,0.0,0.0,0.0,0.0,0.0,0.0,-1.7704248067573758e-07,-1.7704248067573758e-07,0.0
0.7149464285714285,1.3987061967679897,-1.2408329780236562,-0.3746653259329662,0.0,0.0,0.0,2.5471662631244804e-07,1.0,0.0,0.0,-0.0,-6.198322110521143e-08,0.0,2.0527873680319925e-07,0.0,0.0,0.0,0.0,0.0,0.0,1.0652798029226045e-07,1.0652798029226045e-07,0.0,-8.498353600153475e-05,8.498353600153475e-05,0.0,0.0,0.0,0.0,0.0,0.0,-1.799320952233785e-07,-1.799320952233785e-07,0.0
0.71495,1.3986992097349469,-1.2408024403097129,-0.3710764934324686,0.0,0.0,0.0,2.5607262552317496e-07,1.0,0.0,0.0,-0.0,-6.171934670530248e-08,0.0,2.063766295134441e-07,0.0,0.0,0.0,0.0,0.0,0.0,1.0709307873678824e-07,1.0709307873678824e-07,0.0,-0.00010864819219708452,0.00010864819219708452,0.0,0.0,0.0,0.0,0.0,0.0,-1.826345051303413e-07,-1.826345051303413e-07,0.0
0.7149535714285714,1.3986922227717085,-1.2407719279125549,-0.37155647304317085,0.0,0.0,0.0,2.59893462354616e-07,1.0,0.0,0.0,-0.0,-6.27243642810289e-08,0.0,2.0946110764437956e-07,0.0,0.0,0.0,0.0,0.0,0.0,1.0868896771125112e-07,1.0868896771125112e-07,0.0,-0.000227537988632002,0.000227537988632002,0.0,0.0,0.0,0.0,0.0,0.0,-1.8511514360275427e-07,-1.8511514360275427e-07,0.0
0.7149571428571428,1.3986852358782744,-1.2407413875401536,-0.37361983977334035,0.0,0.0,0.0,2.644840263903677e-07,1.0,0.0,0.0,-0.0,-6.418992069060519e-08,0.0,2.131661191013573e-07,0.0,0.0,0.0,0.0,0.0,0.0,1.106066927723452e-07,1.106066927723452e-07,0.0,-0.00020060975804233515,0.00020060975804233515,0.0,0.0,0.0,0.0,0.0,0.0,-1.8733943984994283e-07,-1.8733943984994283e-07,0.0
0.7149607142857143,1.3986782490546434,-1.240710829801193,-0.37480985438969583,0.0,0.0,0.0,2.6807191142338734e-07,1.0,0.0,0.0,-0.0,-6.52711351260275e-08,0.0,2.160631671655048e-07,0.0,0.0,0.0,0.0,0.0,0.0,1.1210503381315584e-07,1.1210503381315584e-07,0.0,-0.0001566129335932769,0.0001566129335932769,0.0,0.0,0.0,0.0,0.0,0.0,-1.8927282585678995e-07,-1.8927282585678995e-07,0.0
0.7149642857142857,1.3986712623008142,-1.2406802515133681,-0.37612103917552986,0.0,0.0,0.0,2.7130233459823496e-07,1.0,0.0,0.0,-0.0,-6.629204545290684e-08,0.0,2.18672243930137e-07,0.0,0.0,0.0,0.0,0.0,0.0,1.1345383249320336e-07,1.1345383249320336e-07,0.0,-0.0001564290495622429,0.0001564290495622429,0.0,0.0,0.0,0.0,0.0,0.0,-1.9088073338613398e-07,-1.9088073338613398e-07,0.0
0.7149678571428572,1.398664275616786,-1.2406496551734043,-0.377938772829566,0.0,0.0,0.0,2.7440311857181606e-07,1.0,0.0,0.0,-0.0,-6.737707806063815e-08,0.0,2.2117695952888733e-07,0.0,0.0,0.0,0.0,0.0,0.0,1.1474836701761394e-07,1.1474836701761394e-07,0.0,-0.00013544904743762796,0.00013544904743762796,0.0,0.0,0.0,0.0,0.0,0.0,-1.9212859303507912e-07,-1.9212859303507912e-07,0.0
0.7149714285714286,1.3986572890025577,-1.240619034020956,-0.3787109842400014,0.0,0.0,0.0,2.7619240804432194e-07,1.0,0.0,0.0,-0.0,-6.795833943055928e-08,0.0,2.2262467402999447e-07,0.0,0.0,0.0,0.0,0.0,0.0,1.1549442740247013e-07,1.1549442740247013e-07,0.0,-1.1735985151394002e-05,1.1735985151394002e-05,0.0,0.0,0.0,0.0,0.0,0.0,-1.9298183617788567e-07,-1.9298183617788567e-07,0.0
0.7149749999999999,1.398650302458128,-1.2405884244199268,-0.3765477716980854,0.0,0.0,0.0,2.752257009213386e-07,1.0,0.0,0.0,-0.0,-6.73369775822726e-08,0.0,2.2185093420489427e-07,0.0,0.0,0.0,0.0,0.0,0.0,1.1508801688082224e-07,1.1508801688082224e-07,0.0,6.467220724558169e-05,6.467220724558169e-05,0.0,0.0,0.0,0.0,0.0,0.0,-1.934058952435258e-07,-1.934058952435258e-07,0.0
0.7149785714285714,1.398643315983496,-1.2405578436358327,-0.3754248546518113,0.0,0.0,0.0,2.743560535408191e-07,1.0,0.0,0.0,-0.0,-6.692733475980679e-08,0.0,2.2115538985004932e-07,0.0,0.0,0.0,0.0,0.0,0.0,1.1472220994656808e-07,1.1472220994656808e-07,0.0,2.0456315458255426e-05,2.0456315458255426e-05,0.0,0.0,0.0,0.0,0.0,0.0,-1.9336620044052566e-07,-1.9336620044052566e-07,0.0
0.7149821428571428,1.398636329578661,-1.2405272612803333,-0.3759198458488413,0.0,0.0,0.0,2.7396084078486674e-07,1.0,0.0,0.0,-0.0,-6.692234017041461e-08,0.0,2.208422574302116e-07,0.0,0.0,0.0,0.0,0.0,0.0,1.1455479813462714e-07,1.1455479813462714e-07,0.0,3.6923141564377786e-05,3.6923141564377786e-05,0.0,0.0,0.0,0.0,0.0,0.0,-1.9282818236598942e-07,-1.9282818236598942e-07,0.0
0.7149857142857142,1.3986293432436214,-1.2404966754512068,-0.37607530145515966,0.0,0.0,0.0,2.7255939572356485e-07,1.0,0.0,0.0,-0.0,-6.661081702935096e-08,0.0,2.197179574257437e-07,0.0,0.0,0.0,0.0,0.0,0.0,1.1396665126194558e-07,1.1396665126194558e-07,0.0,8.923385210454269e-05,8.923385210454269e-05,0.0,0.0,0.0,0.0,0.0,0.0,-1.91757273726445e-07,-1.91757273726445e-07,0.0
0.7149892857142857,1.3986223569783764,-1.240466086699292,-0.376269797092732,0.0,0.0,0.0,2.703777409718718e-07,1.0,0.0,0.0,-0.0,-6.611507627745424e-08,0.0,2.1796463754306208e-07,0.0,0.0,0.0,0.0,0.0,0.0,1.1305229932362042e-07,1.1305229932362042e-07,0.0,0.0001224685831707513,0.0001224685831707513,0.0,0.0,0.0,0.0,0.0,0.0,-1.9011890511899665e-07,-1.9011890511899665e-07,0.0
0.7149928571428571,1.398615370782925,-1.240435494936616,-0.3764651593802455,0.0,0.0,0.0,2.673375351265512e-07,1.0,0.0,0.0,-0.0,-6.540882676682041e-08,0.0,2.1551909488063436e-07,0.0,0.0,0.0,0.0,0.0,0.0,1.1177900465702404e-07,1.1177900465702404e-07,0.0,0.00017265594401819623,0.00017265594401819623,0.0,0.0,0.0,0.0,0.0,0.0,-1.8787850813994922e-07,-1.8787850813994922e-07,0.0
0.7149964285714285,1.398608384657266,-1.2404049001544686,-0.3766746318251535,0.0,0.0,0.0,2.633973974632261e-07,1.0,0.0,0.0,-0.0,-6.448384205108656e-08,0.0,2.1234791754726622e-07,0.0,0.0,0.0,0.0,0.0,0.0,1.1012948575938947e-07,1.1012948575938947e-07,0.0,0.00019990522313388892,0.00019990522313388892,0.0,0.0,0.0,0.0,0.0,0.0,-1.8500151394151843e-07,-1.8500151394151843e-07,0.0
0.715,1.3986013986013988,-1.2403743022844986,-0.37680256109160837,0.0,0.0,0.0,2.5844042620658333e-07,1.0,0.0,0.0,-0.0,-6.329490821618773e-08,0.0,2.083568046601679e-07,0.0,0.0,0.0,0.0,0.0,0.0,1.0805488680034025e-07,1.0805488680034025e-07,0.0,0.00035527341778529786,0.00035527341778529786,0.0,0.0,0.0,0.0,0.0,0.0,-1.814533527322304e-07,-1.814533527322304e-07,0.0
